dataset	tool	arm	metric	cutoff	value	reference	n_called	runtime_s	rss_gib	notes
pbmc_10k_v3	PeakATail	peakatail	precision	10.000000	0.016354	atlas_full	277111	12426.000000	100.656528	runtime source: pbmc_10k_v3/peakatail/runtime_mem.txt + run.log; 4 attempts; attempts 1-3 failed (1:33:21, 1:52:42, 4:52:58) on three separate CellRanger-input bugs (CB '-1' suffix length check, unmapped-read reference_end=None, RG-id underscore split; see manuscript/github/issue8_cellranger_cb_suffix.md). wall_s = attempt 4, a full run from scratch, exit 0. Failed attempts NOT summed in.
pbmc_10k_v3	PeakATail	peakatail	precision	25.000000	0.037508	atlas_full	277111	12426.000000	100.656528	runtime source: pbmc_10k_v3/peakatail/runtime_mem.txt + run.log; 4 attempts; attempts 1-3 failed (1:33:21, 1:52:42, 4:52:58) on three separate CellRanger-input bugs (CB '-1' suffix length check, unmapped-read reference_end=None, RG-id underscore split; see manuscript/github/issue8_cellranger_cb_suffix.md). wall_s = attempt 4, a full run from scratch, exit 0. Failed attempts NOT summed in.
pbmc_10k_v3	PeakATail	peakatail	precision	50.000000	0.064270	atlas_full	277111	12426.000000	100.656528	runtime source: pbmc_10k_v3/peakatail/runtime_mem.txt + run.log; 4 attempts; attempts 1-3 failed (1:33:21, 1:52:42, 4:52:58) on three separate CellRanger-input bugs (CB '-1' suffix length check, unmapped-read reference_end=None, RG-id underscore split; see manuscript/github/issue8_cellranger_cb_suffix.md). wall_s = attempt 4, a full run from scratch, exit 0. Failed attempts NOT summed in.
pbmc_10k_v3	PeakATail	peakatail	precision	100.000000	0.117538	atlas_full	277111	12426.000000	100.656528	runtime source: pbmc_10k_v3/peakatail/runtime_mem.txt + run.log; 4 attempts; attempts 1-3 failed (1:33:21, 1:52:42, 4:52:58) on three separate CellRanger-input bugs (CB '-1' suffix length check, unmapped-read reference_end=None, RG-id underscore split; see manuscript/github/issue8_cellranger_cb_suffix.md). wall_s = attempt 4, a full run from scratch, exit 0. Failed attempts NOT summed in.
pbmc_10k_v3	PeakATail	peakatail	precision	200.000000	0.166338	atlas_full	277111	12426.000000	100.656528	runtime source: pbmc_10k_v3/peakatail/runtime_mem.txt + run.log; 4 attempts; attempts 1-3 failed (1:33:21, 1:52:42, 4:52:58) on three separate CellRanger-input bugs (CB '-1' suffix length check, unmapped-read reference_end=None, RG-id underscore split; see manuscript/github/issue8_cellranger_cb_suffix.md). wall_s = attempt 4, a full run from scratch, exit 0. Failed attempts NOT summed in.
pbmc_10k_v3	PeakATail	peakatail	precision	10.000000	0.004558	tes	277111	12426.000000	100.656528	runtime source: pbmc_10k_v3/peakatail/runtime_mem.txt + run.log; 4 attempts; attempts 1-3 failed (1:33:21, 1:52:42, 4:52:58) on three separate CellRanger-input bugs (CB '-1' suffix length check, unmapped-read reference_end=None, RG-id underscore split; see manuscript/github/issue8_cellranger_cb_suffix.md). wall_s = attempt 4, a full run from scratch, exit 0. Failed attempts NOT summed in.
pbmc_10k_v3	PeakATail	peakatail	precision	25.000000	0.009837	tes	277111	12426.000000	100.656528	runtime source: pbmc_10k_v3/peakatail/runtime_mem.txt + run.log; 4 attempts; attempts 1-3 failed (1:33:21, 1:52:42, 4:52:58) on three separate CellRanger-input bugs (CB '-1' suffix length check, unmapped-read reference_end=None, RG-id underscore split; see manuscript/github/issue8_cellranger_cb_suffix.md). wall_s = attempt 4, a full run from scratch, exit 0. Failed attempts NOT summed in.
pbmc_10k_v3	PeakATail	peakatail	precision	50.000000	0.016986	tes	277111	12426.000000	100.656528	runtime source: pbmc_10k_v3/peakatail/runtime_mem.txt + run.log; 4 attempts; attempts 1-3 failed (1:33:21, 1:52:42, 4:52:58) on three separate CellRanger-input bugs (CB '-1' suffix length check, unmapped-read reference_end=None, RG-id underscore split; see manuscript/github/issue8_cellranger_cb_suffix.md). wall_s = attempt 4, a full run from scratch, exit 0. Failed attempts NOT summed in.
pbmc_10k_v3	PeakATail	peakatail	precision	100.000000	0.040875	tes	277111	12426.000000	100.656528	runtime source: pbmc_10k_v3/peakatail/runtime_mem.txt + run.log; 4 attempts; attempts 1-3 failed (1:33:21, 1:52:42, 4:52:58) on three separate CellRanger-input bugs (CB '-1' suffix length check, unmapped-read reference_end=None, RG-id underscore split; see manuscript/github/issue8_cellranger_cb_suffix.md). wall_s = attempt 4, a full run from scratch, exit 0. Failed attempts NOT summed in.
pbmc_10k_v3	PeakATail	peakatail	precision	200.000000	0.049258	tes	277111	12426.000000	100.656528	runtime source: pbmc_10k_v3/peakatail/runtime_mem.txt + run.log; 4 attempts; attempts 1-3 failed (1:33:21, 1:52:42, 4:52:58) on three separate CellRanger-input bugs (CB '-1' suffix length check, unmapped-read reference_end=None, RG-id underscore split; see manuscript/github/issue8_cellranger_cb_suffix.md). wall_s = attempt 4, a full run from scratch, exit 0. Failed attempts NOT summed in.
pbmc_10k_v3	PeakATail	peakatail	recall	10.000000	0.007984	atlas_full	277111	12426.000000	100.656528	runtime source: pbmc_10k_v3/peakatail/runtime_mem.txt + run.log; 4 attempts; attempts 1-3 failed (1:33:21, 1:52:42, 4:52:58) on three separate CellRanger-input bugs (CB '-1' suffix length check, unmapped-read reference_end=None, RG-id underscore split; see manuscript/github/issue8_cellranger_cb_suffix.md). wall_s = attempt 4, a full run from scratch, exit 0. Failed attempts NOT summed in.; denominator=569005
pbmc_10k_v3	PeakATail	peakatail	recall	25.000000	0.019302	atlas_full	277111	12426.000000	100.656528	runtime source: pbmc_10k_v3/peakatail/runtime_mem.txt + run.log; 4 attempts; attempts 1-3 failed (1:33:21, 1:52:42, 4:52:58) on three separate CellRanger-input bugs (CB '-1' suffix length check, unmapped-read reference_end=None, RG-id underscore split; see manuscript/github/issue8_cellranger_cb_suffix.md). wall_s = attempt 4, a full run from scratch, exit 0. Failed attempts NOT summed in.; denominator=569005
pbmc_10k_v3	PeakATail	peakatail	recall	50.000000	0.037318	atlas_full	277111	12426.000000	100.656528	runtime source: pbmc_10k_v3/peakatail/runtime_mem.txt + run.log; 4 attempts; attempts 1-3 failed (1:33:21, 1:52:42, 4:52:58) on three separate CellRanger-input bugs (CB '-1' suffix length check, unmapped-read reference_end=None, RG-id underscore split; see manuscript/github/issue8_cellranger_cb_suffix.md). wall_s = attempt 4, a full run from scratch, exit 0. Failed attempts NOT summed in.; denominator=569005
pbmc_10k_v3	PeakATail	peakatail	recall	100.000000	0.079959	atlas_full	277111	12426.000000	100.656528	runtime source: pbmc_10k_v3/peakatail/runtime_mem.txt + run.log; 4 attempts; attempts 1-3 failed (1:33:21, 1:52:42, 4:52:58) on three separate CellRanger-input bugs (CB '-1' suffix length check, unmapped-read reference_end=None, RG-id underscore split; see manuscript/github/issue8_cellranger_cb_suffix.md). wall_s = attempt 4, a full run from scratch, exit 0. Failed attempts NOT summed in.; denominator=569005
pbmc_10k_v3	PeakATail	peakatail	recall	200.000000	0.125066	atlas_full	277111	12426.000000	100.656528	runtime source: pbmc_10k_v3/peakatail/runtime_mem.txt + run.log; 4 attempts; attempts 1-3 failed (1:33:21, 1:52:42, 4:52:58) on three separate CellRanger-input bugs (CB '-1' suffix length check, unmapped-read reference_end=None, RG-id underscore split; see manuscript/github/issue8_cellranger_cb_suffix.md). wall_s = attempt 4, a full run from scratch, exit 0. Failed attempts NOT summed in.; denominator=569005
pbmc_10k_v3	PeakATail	peakatail	recall	10.000000	0.015649	atlas_detected	277111	12426.000000	100.656528	runtime source: pbmc_10k_v3/peakatail/runtime_mem.txt + run.log; 4 attempts; attempts 1-3 failed (1:33:21, 1:52:42, 4:52:58) on three separate CellRanger-input bugs (CB '-1' suffix length check, unmapped-read reference_end=None, RG-id underscore split; see manuscript/github/issue8_cellranger_cb_suffix.md). wall_s = attempt 4, a full run from scratch, exit 0. Failed attempts NOT summed in.; denominator=285136
pbmc_10k_v3	PeakATail	peakatail	recall	25.000000	0.037845	atlas_detected	277111	12426.000000	100.656528	runtime source: pbmc_10k_v3/peakatail/runtime_mem.txt + run.log; 4 attempts; attempts 1-3 failed (1:33:21, 1:52:42, 4:52:58) on three separate CellRanger-input bugs (CB '-1' suffix length check, unmapped-read reference_end=None, RG-id underscore split; see manuscript/github/issue8_cellranger_cb_suffix.md). wall_s = attempt 4, a full run from scratch, exit 0. Failed attempts NOT summed in.; denominator=285136
pbmc_10k_v3	PeakATail	peakatail	recall	50.000000	0.073102	atlas_detected	277111	12426.000000	100.656528	runtime source: pbmc_10k_v3/peakatail/runtime_mem.txt + run.log; 4 attempts; attempts 1-3 failed (1:33:21, 1:52:42, 4:52:58) on three separate CellRanger-input bugs (CB '-1' suffix length check, unmapped-read reference_end=None, RG-id underscore split; see manuscript/github/issue8_cellranger_cb_suffix.md). wall_s = attempt 4, a full run from scratch, exit 0. Failed attempts NOT summed in.; denominator=285136
pbmc_10k_v3	PeakATail	peakatail	recall	100.000000	0.156189	atlas_detected	277111	12426.000000	100.656528	runtime source: pbmc_10k_v3/peakatail/runtime_mem.txt + run.log; 4 attempts; attempts 1-3 failed (1:33:21, 1:52:42, 4:52:58) on three separate CellRanger-input bugs (CB '-1' suffix length check, unmapped-read reference_end=None, RG-id underscore split; see manuscript/github/issue8_cellranger_cb_suffix.md). wall_s = attempt 4, a full run from scratch, exit 0. Failed attempts NOT summed in.; denominator=285136
pbmc_10k_v3	PeakATail	peakatail	recall	200.000000	0.243789	atlas_detected	277111	12426.000000	100.656528	runtime source: pbmc_10k_v3/peakatail/runtime_mem.txt + run.log; 4 attempts; attempts 1-3 failed (1:33:21, 1:52:42, 4:52:58) on three separate CellRanger-input bugs (CB '-1' suffix length check, unmapped-read reference_end=None, RG-id underscore split; see manuscript/github/issue8_cellranger_cb_suffix.md). wall_s = attempt 4, a full run from scratch, exit 0. Failed attempts NOT summed in.; denominator=285136
pbmc_10k_v3	PeakATail	peakatail	recall	10.000000	0.020929	tes	277111	12426.000000	100.656528	runtime source: pbmc_10k_v3/peakatail/runtime_mem.txt + run.log; 4 attempts; attempts 1-3 failed (1:33:21, 1:52:42, 4:52:58) on three separate CellRanger-input bugs (CB '-1' suffix length check, unmapped-read reference_end=None, RG-id underscore split; see manuscript/github/issue8_cellranger_cb_suffix.md). wall_s = attempt 4, a full run from scratch, exit 0. Failed attempts NOT summed in.; denominator=73439
pbmc_10k_v3	PeakATail	peakatail	recall	25.000000	0.049429	tes	277111	12426.000000	100.656528	runtime source: pbmc_10k_v3/peakatail/runtime_mem.txt + run.log; 4 attempts; attempts 1-3 failed (1:33:21, 1:52:42, 4:52:58) on three separate CellRanger-input bugs (CB '-1' suffix length check, unmapped-read reference_end=None, RG-id underscore split; see manuscript/github/issue8_cellranger_cb_suffix.md). wall_s = attempt 4, a full run from scratch, exit 0. Failed attempts NOT summed in.; denominator=73439
pbmc_10k_v3	PeakATail	peakatail	recall	50.000000	0.090252	tes	277111	12426.000000	100.656528	runtime source: pbmc_10k_v3/peakatail/runtime_mem.txt + run.log; 4 attempts; attempts 1-3 failed (1:33:21, 1:52:42, 4:52:58) on three separate CellRanger-input bugs (CB '-1' suffix length check, unmapped-read reference_end=None, RG-id underscore split; see manuscript/github/issue8_cellranger_cb_suffix.md). wall_s = attempt 4, a full run from scratch, exit 0. Failed attempts NOT summed in.; denominator=73439
pbmc_10k_v3	PeakATail	peakatail	recall	100.000000	0.239328	tes	277111	12426.000000	100.656528	runtime source: pbmc_10k_v3/peakatail/runtime_mem.txt + run.log; 4 attempts; attempts 1-3 failed (1:33:21, 1:52:42, 4:52:58) on three separate CellRanger-input bugs (CB '-1' suffix length check, unmapped-read reference_end=None, RG-id underscore split; see manuscript/github/issue8_cellranger_cb_suffix.md). wall_s = attempt 4, a full run from scratch, exit 0. Failed attempts NOT summed in.; denominator=73439
pbmc_10k_v3	PeakATail	peakatail	recall	200.000000	0.296396	tes	277111	12426.000000	100.656528	runtime source: pbmc_10k_v3/peakatail/runtime_mem.txt + run.log; 4 attempts; attempts 1-3 failed (1:33:21, 1:52:42, 4:52:58) on three separate CellRanger-input bugs (CB '-1' suffix length check, unmapped-read reference_end=None, RG-id underscore split; see manuscript/github/issue8_cellranger_cb_suffix.md). wall_s = attempt 4, a full run from scratch, exit 0. Failed attempts NOT summed in.; denominator=73439
pbmc_10k_v3	PeakATail	peakatail	f1	10.000000	0.010730	atlas_full	277111	12426.000000	100.656528	runtime source: pbmc_10k_v3/peakatail/runtime_mem.txt + run.log; 4 attempts; attempts 1-3 failed (1:33:21, 1:52:42, 4:52:58) on three separate CellRanger-input bugs (CB '-1' suffix length check, unmapped-read reference_end=None, RG-id underscore split; see manuscript/github/issue8_cellranger_cb_suffix.md). wall_s = attempt 4, a full run from scratch, exit 0. Failed attempts NOT summed in.
pbmc_10k_v3	PeakATail	peakatail	f1	25.000000	0.025488	atlas_full	277111	12426.000000	100.656528	runtime source: pbmc_10k_v3/peakatail/runtime_mem.txt + run.log; 4 attempts; attempts 1-3 failed (1:33:21, 1:52:42, 4:52:58) on three separate CellRanger-input bugs (CB '-1' suffix length check, unmapped-read reference_end=None, RG-id underscore split; see manuscript/github/issue8_cellranger_cb_suffix.md). wall_s = attempt 4, a full run from scratch, exit 0. Failed attempts NOT summed in.
pbmc_10k_v3	PeakATail	peakatail	f1	50.000000	0.047219	atlas_full	277111	12426.000000	100.656528	runtime source: pbmc_10k_v3/peakatail/runtime_mem.txt + run.log; 4 attempts; attempts 1-3 failed (1:33:21, 1:52:42, 4:52:58) on three separate CellRanger-input bugs (CB '-1' suffix length check, unmapped-read reference_end=None, RG-id underscore split; see manuscript/github/issue8_cellranger_cb_suffix.md). wall_s = attempt 4, a full run from scratch, exit 0. Failed attempts NOT summed in.
pbmc_10k_v3	PeakATail	peakatail	f1	100.000000	0.095173	atlas_full	277111	12426.000000	100.656528	runtime source: pbmc_10k_v3/peakatail/runtime_mem.txt + run.log; 4 attempts; attempts 1-3 failed (1:33:21, 1:52:42, 4:52:58) on three separate CellRanger-input bugs (CB '-1' suffix length check, unmapped-read reference_end=None, RG-id underscore split; see manuscript/github/issue8_cellranger_cb_suffix.md). wall_s = attempt 4, a full run from scratch, exit 0. Failed attempts NOT summed in.
pbmc_10k_v3	PeakATail	peakatail	f1	200.000000	0.142779	atlas_full	277111	12426.000000	100.656528	runtime source: pbmc_10k_v3/peakatail/runtime_mem.txt + run.log; 4 attempts; attempts 1-3 failed (1:33:21, 1:52:42, 4:52:58) on three separate CellRanger-input bugs (CB '-1' suffix length check, unmapped-read reference_end=None, RG-id underscore split; see manuscript/github/issue8_cellranger_cb_suffix.md). wall_s = attempt 4, a full run from scratch, exit 0. Failed attempts NOT summed in.
pbmc_10k_v3	PeakATail	peakatail	f1	10.000000	0.015994	atlas_detected	277111	12426.000000	100.656528	runtime source: pbmc_10k_v3/peakatail/runtime_mem.txt + run.log; 4 attempts; attempts 1-3 failed (1:33:21, 1:52:42, 4:52:58) on three separate CellRanger-input bugs (CB '-1' suffix length check, unmapped-read reference_end=None, RG-id underscore split; see manuscript/github/issue8_cellranger_cb_suffix.md). wall_s = attempt 4, a full run from scratch, exit 0. Failed attempts NOT summed in.
pbmc_10k_v3	PeakATail	peakatail	f1	25.000000	0.037676	atlas_detected	277111	12426.000000	100.656528	runtime source: pbmc_10k_v3/peakatail/runtime_mem.txt + run.log; 4 attempts; attempts 1-3 failed (1:33:21, 1:52:42, 4:52:58) on three separate CellRanger-input bugs (CB '-1' suffix length check, unmapped-read reference_end=None, RG-id underscore split; see manuscript/github/issue8_cellranger_cb_suffix.md). wall_s = attempt 4, a full run from scratch, exit 0. Failed attempts NOT summed in.
pbmc_10k_v3	PeakATail	peakatail	f1	50.000000	0.068402	atlas_detected	277111	12426.000000	100.656528	runtime source: pbmc_10k_v3/peakatail/runtime_mem.txt + run.log; 4 attempts; attempts 1-3 failed (1:33:21, 1:52:42, 4:52:58) on three separate CellRanger-input bugs (CB '-1' suffix length check, unmapped-read reference_end=None, RG-id underscore split; see manuscript/github/issue8_cellranger_cb_suffix.md). wall_s = attempt 4, a full run from scratch, exit 0. Failed attempts NOT summed in.
pbmc_10k_v3	PeakATail	peakatail	f1	100.000000	0.134134	atlas_detected	277111	12426.000000	100.656528	runtime source: pbmc_10k_v3/peakatail/runtime_mem.txt + run.log; 4 attempts; attempts 1-3 failed (1:33:21, 1:52:42, 4:52:58) on three separate CellRanger-input bugs (CB '-1' suffix length check, unmapped-read reference_end=None, RG-id underscore split; see manuscript/github/issue8_cellranger_cb_suffix.md). wall_s = attempt 4, a full run from scratch, exit 0. Failed attempts NOT summed in.
pbmc_10k_v3	PeakATail	peakatail	f1	200.000000	0.197750	atlas_detected	277111	12426.000000	100.656528	runtime source: pbmc_10k_v3/peakatail/runtime_mem.txt + run.log; 4 attempts; attempts 1-3 failed (1:33:21, 1:52:42, 4:52:58) on three separate CellRanger-input bugs (CB '-1' suffix length check, unmapped-read reference_end=None, RG-id underscore split; see manuscript/github/issue8_cellranger_cb_suffix.md). wall_s = attempt 4, a full run from scratch, exit 0. Failed attempts NOT summed in.
pbmc_10k_v3	PeakATail	peakatail	precision_null	10.000000	0.002661	atlas_full	277111	12426.000000	100.656528	runtime source: pbmc_10k_v3/peakatail/runtime_mem.txt + run.log; 4 attempts; attempts 1-3 failed (1:33:21, 1:52:42, 4:52:58) on three separate CellRanger-input bugs (CB '-1' suffix length check, unmapped-read reference_end=None, RG-id underscore split; see manuscript/github/issue8_cellranger_cb_suffix.md). wall_s = attempt 4, a full run from scratch, exit 0. Failed attempts NOT summed in.; mean of 3 genic-shuffle seeds (min 0.0026, max 0.0027)
pbmc_10k_v3	PeakATail	peakatail	precision_null	25.000000	0.006379	atlas_full	277111	12426.000000	100.656528	runtime source: pbmc_10k_v3/peakatail/runtime_mem.txt + run.log; 4 attempts; attempts 1-3 failed (1:33:21, 1:52:42, 4:52:58) on three separate CellRanger-input bugs (CB '-1' suffix length check, unmapped-read reference_end=None, RG-id underscore split; see manuscript/github/issue8_cellranger_cb_suffix.md). wall_s = attempt 4, a full run from scratch, exit 0. Failed attempts NOT summed in.; mean of 3 genic-shuffle seeds (min 0.0063, max 0.0065)
pbmc_10k_v3	PeakATail	peakatail	precision_null	50.000000	0.012108	atlas_full	277111	12426.000000	100.656528	runtime source: pbmc_10k_v3/peakatail/runtime_mem.txt + run.log; 4 attempts; attempts 1-3 failed (1:33:21, 1:52:42, 4:52:58) on three separate CellRanger-input bugs (CB '-1' suffix length check, unmapped-read reference_end=None, RG-id underscore split; see manuscript/github/issue8_cellranger_cb_suffix.md). wall_s = attempt 4, a full run from scratch, exit 0. Failed attempts NOT summed in.; mean of 3 genic-shuffle seeds (min 0.0120, max 0.0122)
pbmc_10k_v3	PeakATail	peakatail	precision_null	100.000000	0.022745	atlas_full	277111	12426.000000	100.656528	runtime source: pbmc_10k_v3/peakatail/runtime_mem.txt + run.log; 4 attempts; attempts 1-3 failed (1:33:21, 1:52:42, 4:52:58) on three separate CellRanger-input bugs (CB '-1' suffix length check, unmapped-read reference_end=None, RG-id underscore split; see manuscript/github/issue8_cellranger_cb_suffix.md). wall_s = attempt 4, a full run from scratch, exit 0. Failed attempts NOT summed in.; mean of 3 genic-shuffle seeds (min 0.0224, max 0.0230)
pbmc_10k_v3	PeakATail	peakatail	precision_null	200.000000	0.041483	atlas_full	277111	12426.000000	100.656528	runtime source: pbmc_10k_v3/peakatail/runtime_mem.txt + run.log; 4 attempts; attempts 1-3 failed (1:33:21, 1:52:42, 4:52:58) on three separate CellRanger-input bugs (CB '-1' suffix length check, unmapped-read reference_end=None, RG-id underscore split; see manuscript/github/issue8_cellranger_cb_suffix.md). wall_s = attempt 4, a full run from scratch, exit 0. Failed attempts NOT summed in.; mean of 3 genic-shuffle seeds (min 0.0412, max 0.0417)
pbmc_10k_v3	PeakATail	peakatail	replicate			single-sample	277111	12426.000000	100.656528	PRIMARY arm; runtime source: pbmc_10k_v3/peakatail/runtime_mem.txt + run.log; 4 attempts; attempts 1-3 failed (1:33:21, 1:52:42, 4:52:58) on three separate CellRanger-input bugs (CB '-1' suffix length check, unmapped-read reference_end=None, RG-id underscore split; see manuscript/github/issue8_cellranger_cb_suffix.md). wall_s = attempt 4, a full run from scratch, exit 0. Failed attempts NOT summed in.
pbmc_10k_v3	polyApipe	polyapipe	precision	10.000000	0.292749	atlas_full	120916	12397.000000	13.088203	runtime source: pbmc_10k_v3/polyapipe/run.log; single clean run, exit 0
pbmc_10k_v3	polyApipe	polyapipe	precision	25.000000	0.340914	atlas_full	120916	12397.000000	13.088203	runtime source: pbmc_10k_v3/polyapipe/run.log; single clean run, exit 0
pbmc_10k_v3	polyApipe	polyapipe	precision	50.000000	0.358546	atlas_full	120916	12397.000000	13.088203	runtime source: pbmc_10k_v3/polyapipe/run.log; single clean run, exit 0
pbmc_10k_v3	polyApipe	polyapipe	precision	100.000000	0.379966	atlas_full	120916	12397.000000	13.088203	runtime source: pbmc_10k_v3/polyapipe/run.log; single clean run, exit 0
pbmc_10k_v3	polyApipe	polyapipe	precision	200.000000	0.409747	atlas_full	120916	12397.000000	13.088203	runtime source: pbmc_10k_v3/polyapipe/run.log; single clean run, exit 0
pbmc_10k_v3	polyApipe	polyapipe	precision	10.000000	0.099333	tes	120916	12397.000000	13.088203	runtime source: pbmc_10k_v3/polyapipe/run.log; single clean run, exit 0
pbmc_10k_v3	polyApipe	polyapipe	precision	25.000000	0.105338	tes	120916	12397.000000	13.088203	runtime source: pbmc_10k_v3/polyapipe/run.log; single clean run, exit 0
pbmc_10k_v3	polyApipe	polyapipe	precision	50.000000	0.110738	tes	120916	12397.000000	13.088203	runtime source: pbmc_10k_v3/polyapipe/run.log; single clean run, exit 0
pbmc_10k_v3	polyApipe	polyapipe	precision	100.000000	0.118421	tes	120916	12397.000000	13.088203	runtime source: pbmc_10k_v3/polyapipe/run.log; single clean run, exit 0
pbmc_10k_v3	polyApipe	polyapipe	precision	200.000000	0.129478	tes	120916	12397.000000	13.088203	runtime source: pbmc_10k_v3/polyapipe/run.log; single clean run, exit 0
pbmc_10k_v3	polyApipe	polyapipe	recall	10.000000	0.062221	atlas_full	120916	12397.000000	13.088203	runtime source: pbmc_10k_v3/polyapipe/run.log; single clean run, exit 0; denominator=569005
pbmc_10k_v3	polyApipe	polyapipe	recall	25.000000	0.073511	atlas_full	120916	12397.000000	13.088203	runtime source: pbmc_10k_v3/polyapipe/run.log; single clean run, exit 0; denominator=569005
pbmc_10k_v3	polyApipe	polyapipe	recall	50.000000	0.090806	atlas_full	120916	12397.000000	13.088203	runtime source: pbmc_10k_v3/polyapipe/run.log; single clean run, exit 0; denominator=569005
pbmc_10k_v3	polyApipe	polyapipe	recall	100.000000	0.118790	atlas_full	120916	12397.000000	13.088203	runtime source: pbmc_10k_v3/polyapipe/run.log; single clean run, exit 0; denominator=569005
pbmc_10k_v3	polyApipe	polyapipe	recall	200.000000	0.155724	atlas_full	120916	12397.000000	13.088203	runtime source: pbmc_10k_v3/polyapipe/run.log; single clean run, exit 0; denominator=569005
pbmc_10k_v3	polyApipe	polyapipe	recall	10.000000	0.099395	atlas_detected	120916	12397.000000	13.088203	runtime source: pbmc_10k_v3/polyapipe/run.log; single clean run, exit 0; denominator=285136
pbmc_10k_v3	polyApipe	polyapipe	recall	25.000000	0.118224	atlas_detected	120916	12397.000000	13.088203	runtime source: pbmc_10k_v3/polyapipe/run.log; single clean run, exit 0; denominator=285136
pbmc_10k_v3	polyApipe	polyapipe	recall	50.000000	0.149108	atlas_detected	120916	12397.000000	13.088203	runtime source: pbmc_10k_v3/polyapipe/run.log; single clean run, exit 0; denominator=285136
pbmc_10k_v3	polyApipe	polyapipe	recall	100.000000	0.198796	atlas_detected	120916	12397.000000	13.088203	runtime source: pbmc_10k_v3/polyapipe/run.log; single clean run, exit 0; denominator=285136
pbmc_10k_v3	polyApipe	polyapipe	recall	200.000000	0.263734	atlas_detected	120916	12397.000000	13.088203	runtime source: pbmc_10k_v3/polyapipe/run.log; single clean run, exit 0; denominator=285136
pbmc_10k_v3	polyApipe	polyapipe	recall	10.000000	0.225589	tes	120916	12397.000000	13.088203	runtime source: pbmc_10k_v3/polyapipe/run.log; single clean run, exit 0; denominator=73439
pbmc_10k_v3	polyApipe	polyapipe	recall	25.000000	0.251814	tes	120916	12397.000000	13.088203	runtime source: pbmc_10k_v3/polyapipe/run.log; single clean run, exit 0; denominator=73439
pbmc_10k_v3	polyApipe	polyapipe	recall	50.000000	0.275753	tes	120916	12397.000000	13.088203	runtime source: pbmc_10k_v3/polyapipe/run.log; single clean run, exit 0; denominator=73439
pbmc_10k_v3	polyApipe	polyapipe	recall	100.000000	0.304293	tes	120916	12397.000000	13.088203	runtime source: pbmc_10k_v3/polyapipe/run.log; single clean run, exit 0; denominator=73439
pbmc_10k_v3	polyApipe	polyapipe	recall	200.000000	0.346274	tes	120916	12397.000000	13.088203	runtime source: pbmc_10k_v3/polyapipe/run.log; single clean run, exit 0; denominator=73439
pbmc_10k_v3	polyApipe	polyapipe	f1	10.000000	0.102629	atlas_full	120916	12397.000000	13.088203	runtime source: pbmc_10k_v3/polyapipe/run.log; single clean run, exit 0
pbmc_10k_v3	polyApipe	polyapipe	f1	25.000000	0.120943	atlas_full	120916	12397.000000	13.088203	runtime source: pbmc_10k_v3/polyapipe/run.log; single clean run, exit 0
pbmc_10k_v3	polyApipe	polyapipe	f1	50.000000	0.144911	atlas_full	120916	12397.000000	13.088203	runtime source: pbmc_10k_v3/polyapipe/run.log; single clean run, exit 0
pbmc_10k_v3	polyApipe	polyapipe	f1	100.000000	0.180995	atlas_full	120916	12397.000000	13.088203	runtime source: pbmc_10k_v3/polyapipe/run.log; single clean run, exit 0
pbmc_10k_v3	polyApipe	polyapipe	f1	200.000000	0.225679	atlas_full	120916	12397.000000	13.088203	runtime source: pbmc_10k_v3/polyapipe/run.log; single clean run, exit 0
pbmc_10k_v3	polyApipe	polyapipe	f1	10.000000	0.148403	atlas_detected	120916	12397.000000	13.088203	runtime source: pbmc_10k_v3/polyapipe/run.log; single clean run, exit 0
pbmc_10k_v3	polyApipe	polyapipe	f1	25.000000	0.175565	atlas_detected	120916	12397.000000	13.088203	runtime source: pbmc_10k_v3/polyapipe/run.log; single clean run, exit 0
pbmc_10k_v3	polyApipe	polyapipe	f1	50.000000	0.210624	atlas_detected	120916	12397.000000	13.088203	runtime source: pbmc_10k_v3/polyapipe/run.log; single clean run, exit 0
pbmc_10k_v3	polyApipe	polyapipe	f1	100.000000	0.261026	atlas_detected	120916	12397.000000	13.088203	runtime source: pbmc_10k_v3/polyapipe/run.log; single clean run, exit 0
pbmc_10k_v3	polyApipe	polyapipe	f1	200.000000	0.320912	atlas_detected	120916	12397.000000	13.088203	runtime source: pbmc_10k_v3/polyapipe/run.log; single clean run, exit 0
pbmc_10k_v3	polyApipe	polyapipe	precision_null	10.000000	0.002365	atlas_full	120916	12397.000000	13.088203	runtime source: pbmc_10k_v3/polyapipe/run.log; single clean run, exit 0; mean of 3 genic-shuffle seeds (min 0.0023, max 0.0025)
pbmc_10k_v3	polyApipe	polyapipe	precision_null	25.000000	0.006062	atlas_full	120916	12397.000000	13.088203	runtime source: pbmc_10k_v3/polyapipe/run.log; single clean run, exit 0; mean of 3 genic-shuffle seeds (min 0.0058, max 0.0065)
pbmc_10k_v3	polyApipe	polyapipe	precision_null	50.000000	0.011964	atlas_full	120916	12397.000000	13.088203	runtime source: pbmc_10k_v3/polyapipe/run.log; single clean run, exit 0; mean of 3 genic-shuffle seeds (min 0.0115, max 0.0125)
pbmc_10k_v3	polyApipe	polyapipe	precision_null	100.000000	0.022393	atlas_full	120916	12397.000000	13.088203	runtime source: pbmc_10k_v3/polyapipe/run.log; single clean run, exit 0; mean of 3 genic-shuffle seeds (min 0.0220, max 0.0232)
pbmc_10k_v3	polyApipe	polyapipe	precision_null	200.000000	0.040789	atlas_full	120916	12397.000000	13.088203	runtime source: pbmc_10k_v3/polyapipe/run.log; single clean run, exit 0; mean of 3 genic-shuffle seeds (min 0.0403, max 0.0413)
pbmc_10k_v3	polyApipe	polyapipe	replicate			single-sample	120916	12397.000000	13.088203	PRIMARY arm; runtime source: pbmc_10k_v3/polyapipe/run.log; single clean run, exit 0
pbmc_10k_v3	scAPAtrap	scapatrap	precision	10.000000	0.023907	atlas_full	787138	14669.000000	14.304951	runtime source: pbmc_10k_v3/scapatrap/run_resume.log (clean) + run.log (killed attempt); RETRY: attempt 1 ran 8:54:21 and was OOM-killed (exit 137, 13.39 GiB peak). wall_s = the successful resumed run (4:04:29), which SKIPPED three stages (findUniqueMap / index / dedupByPos) already completed by the killed attempt, so it understates a from-scratch run; total machine time across both was 12:58:50. Not summed -- disclosed.
pbmc_10k_v3	scAPAtrap	scapatrap	precision	25.000000	0.040840	atlas_full	787138	14669.000000	14.304951	runtime source: pbmc_10k_v3/scapatrap/run_resume.log (clean) + run.log (killed attempt); RETRY: attempt 1 ran 8:54:21 and was OOM-killed (exit 137, 13.39 GiB peak). wall_s = the successful resumed run (4:04:29), which SKIPPED three stages (findUniqueMap / index / dedupByPos) already completed by the killed attempt, so it understates a from-scratch run; total machine time across both was 12:58:50. Not summed -- disclosed.
pbmc_10k_v3	scAPAtrap	scapatrap	precision	50.000000	0.062257	atlas_full	787138	14669.000000	14.304951	runtime source: pbmc_10k_v3/scapatrap/run_resume.log (clean) + run.log (killed attempt); RETRY: attempt 1 ran 8:54:21 and was OOM-killed (exit 137, 13.39 GiB peak). wall_s = the successful resumed run (4:04:29), which SKIPPED three stages (findUniqueMap / index / dedupByPos) already completed by the killed attempt, so it understates a from-scratch run; total machine time across both was 12:58:50. Not summed -- disclosed.
pbmc_10k_v3	scAPAtrap	scapatrap	precision	100.000000	0.099919	atlas_full	787138	14669.000000	14.304951	runtime source: pbmc_10k_v3/scapatrap/run_resume.log (clean) + run.log (killed attempt); RETRY: attempt 1 ran 8:54:21 and was OOM-killed (exit 137, 13.39 GiB peak). wall_s = the successful resumed run (4:04:29), which SKIPPED three stages (findUniqueMap / index / dedupByPos) already completed by the killed attempt, so it understates a from-scratch run; total machine time across both was 12:58:50. Not summed -- disclosed.
pbmc_10k_v3	scAPAtrap	scapatrap	precision	200.000000	0.141912	atlas_full	787138	14669.000000	14.304951	runtime source: pbmc_10k_v3/scapatrap/run_resume.log (clean) + run.log (killed attempt); RETRY: attempt 1 ran 8:54:21 and was OOM-killed (exit 137, 13.39 GiB peak). wall_s = the successful resumed run (4:04:29), which SKIPPED three stages (findUniqueMap / index / dedupByPos) already completed by the killed attempt, so it understates a from-scratch run; total machine time across both was 12:58:50. Not summed -- disclosed.
pbmc_10k_v3	scAPAtrap	scapatrap	precision	10.000000	0.012182	tes	787138	14669.000000	14.304951	runtime source: pbmc_10k_v3/scapatrap/run_resume.log (clean) + run.log (killed attempt); RETRY: attempt 1 ran 8:54:21 and was OOM-killed (exit 137, 13.39 GiB peak). wall_s = the successful resumed run (4:04:29), which SKIPPED three stages (findUniqueMap / index / dedupByPos) already completed by the killed attempt, so it understates a from-scratch run; total machine time across both was 12:58:50. Not summed -- disclosed.
pbmc_10k_v3	scAPAtrap	scapatrap	precision	25.000000	0.015185	tes	787138	14669.000000	14.304951	runtime source: pbmc_10k_v3/scapatrap/run_resume.log (clean) + run.log (killed attempt); RETRY: attempt 1 ran 8:54:21 and was OOM-killed (exit 137, 13.39 GiB peak). wall_s = the successful resumed run (4:04:29), which SKIPPED three stages (findUniqueMap / index / dedupByPos) already completed by the killed attempt, so it understates a from-scratch run; total machine time across both was 12:58:50. Not summed -- disclosed.
pbmc_10k_v3	scAPAtrap	scapatrap	precision	50.000000	0.018960	tes	787138	14669.000000	14.304951	runtime source: pbmc_10k_v3/scapatrap/run_resume.log (clean) + run.log (killed attempt); RETRY: attempt 1 ran 8:54:21 and was OOM-killed (exit 137, 13.39 GiB peak). wall_s = the successful resumed run (4:04:29), which SKIPPED three stages (findUniqueMap / index / dedupByPos) already completed by the killed attempt, so it understates a from-scratch run; total machine time across both was 12:58:50. Not summed -- disclosed.
pbmc_10k_v3	scAPAtrap	scapatrap	precision	100.000000	0.024331	tes	787138	14669.000000	14.304951	runtime source: pbmc_10k_v3/scapatrap/run_resume.log (clean) + run.log (killed attempt); RETRY: attempt 1 ran 8:54:21 and was OOM-killed (exit 137, 13.39 GiB peak). wall_s = the successful resumed run (4:04:29), which SKIPPED three stages (findUniqueMap / index / dedupByPos) already completed by the killed attempt, so it understates a from-scratch run; total machine time across both was 12:58:50. Not summed -- disclosed.
pbmc_10k_v3	scAPAtrap	scapatrap	precision	200.000000	0.029832	tes	787138	14669.000000	14.304951	runtime source: pbmc_10k_v3/scapatrap/run_resume.log (clean) + run.log (killed attempt); RETRY: attempt 1 ran 8:54:21 and was OOM-killed (exit 137, 13.39 GiB peak). wall_s = the successful resumed run (4:04:29), which SKIPPED three stages (findUniqueMap / index / dedupByPos) already completed by the killed attempt, so it understates a from-scratch run; total machine time across both was 12:58:50. Not summed -- disclosed.
pbmc_10k_v3	scAPAtrap	scapatrap	recall	10.000000	0.033086	atlas_full	787138	14669.000000	14.304951	runtime source: pbmc_10k_v3/scapatrap/run_resume.log (clean) + run.log (killed attempt); RETRY: attempt 1 ran 8:54:21 and was OOM-killed (exit 137, 13.39 GiB peak). wall_s = the successful resumed run (4:04:29), which SKIPPED three stages (findUniqueMap / index / dedupByPos) already completed by the killed attempt, so it understates a from-scratch run; total machine time across both was 12:58:50. Not summed -- disclosed.; denominator=569005
pbmc_10k_v3	scAPAtrap	scapatrap	recall	25.000000	0.058182	atlas_full	787138	14669.000000	14.304951	runtime source: pbmc_10k_v3/scapatrap/run_resume.log (clean) + run.log (killed attempt); RETRY: attempt 1 ran 8:54:21 and was OOM-killed (exit 137, 13.39 GiB peak). wall_s = the successful resumed run (4:04:29), which SKIPPED three stages (findUniqueMap / index / dedupByPos) already completed by the killed attempt, so it understates a from-scratch run; total machine time across both was 12:58:50. Not summed -- disclosed.; denominator=569005
pbmc_10k_v3	scAPAtrap	scapatrap	recall	50.000000	0.100962	atlas_full	787138	14669.000000	14.304951	runtime source: pbmc_10k_v3/scapatrap/run_resume.log (clean) + run.log (killed attempt); RETRY: attempt 1 ran 8:54:21 and was OOM-killed (exit 137, 13.39 GiB peak). wall_s = the successful resumed run (4:04:29), which SKIPPED three stages (findUniqueMap / index / dedupByPos) already completed by the killed attempt, so it understates a from-scratch run; total machine time across both was 12:58:50. Not summed -- disclosed.; denominator=569005
pbmc_10k_v3	scAPAtrap	scapatrap	recall	100.000000	0.181452	atlas_full	787138	14669.000000	14.304951	runtime source: pbmc_10k_v3/scapatrap/run_resume.log (clean) + run.log (killed attempt); RETRY: attempt 1 ran 8:54:21 and was OOM-killed (exit 137, 13.39 GiB peak). wall_s = the successful resumed run (4:04:29), which SKIPPED three stages (findUniqueMap / index / dedupByPos) already completed by the killed attempt, so it understates a from-scratch run; total machine time across both was 12:58:50. Not summed -- disclosed.; denominator=569005
pbmc_10k_v3	scAPAtrap	scapatrap	recall	200.000000	0.278412	atlas_full	787138	14669.000000	14.304951	runtime source: pbmc_10k_v3/scapatrap/run_resume.log (clean) + run.log (killed attempt); RETRY: attempt 1 ran 8:54:21 and was OOM-killed (exit 137, 13.39 GiB peak). wall_s = the successful resumed run (4:04:29), which SKIPPED three stages (findUniqueMap / index / dedupByPos) already completed by the killed attempt, so it understates a from-scratch run; total machine time across both was 12:58:50. Not summed -- disclosed.; denominator=569005
pbmc_10k_v3	scAPAtrap	scapatrap	recall	10.000000	0.057092	atlas_detected	787138	14669.000000	14.304951	runtime source: pbmc_10k_v3/scapatrap/run_resume.log (clean) + run.log (killed attempt); RETRY: attempt 1 ran 8:54:21 and was OOM-killed (exit 137, 13.39 GiB peak). wall_s = the successful resumed run (4:04:29), which SKIPPED three stages (findUniqueMap / index / dedupByPos) already completed by the killed attempt, so it understates a from-scratch run; total machine time across both was 12:58:50. Not summed -- disclosed.; denominator=285136
pbmc_10k_v3	scAPAtrap	scapatrap	recall	25.000000	0.099293	atlas_detected	787138	14669.000000	14.304951	runtime source: pbmc_10k_v3/scapatrap/run_resume.log (clean) + run.log (killed attempt); RETRY: attempt 1 ran 8:54:21 and was OOM-killed (exit 137, 13.39 GiB peak). wall_s = the successful resumed run (4:04:29), which SKIPPED three stages (findUniqueMap / index / dedupByPos) already completed by the killed attempt, so it understates a from-scratch run; total machine time across both was 12:58:50. Not summed -- disclosed.; denominator=285136
pbmc_10k_v3	scAPAtrap	scapatrap	recall	50.000000	0.170575	atlas_detected	787138	14669.000000	14.304951	runtime source: pbmc_10k_v3/scapatrap/run_resume.log (clean) + run.log (killed attempt); RETRY: attempt 1 ran 8:54:21 and was OOM-killed (exit 137, 13.39 GiB peak). wall_s = the successful resumed run (4:04:29), which SKIPPED three stages (findUniqueMap / index / dedupByPos) already completed by the killed attempt, so it understates a from-scratch run; total machine time across both was 12:58:50. Not summed -- disclosed.; denominator=285136
pbmc_10k_v3	scAPAtrap	scapatrap	recall	100.000000	0.300376	atlas_detected	787138	14669.000000	14.304951	runtime source: pbmc_10k_v3/scapatrap/run_resume.log (clean) + run.log (killed attempt); RETRY: attempt 1 ran 8:54:21 and was OOM-killed (exit 137, 13.39 GiB peak). wall_s = the successful resumed run (4:04:29), which SKIPPED three stages (findUniqueMap / index / dedupByPos) already completed by the killed attempt, so it understates a from-scratch run; total machine time across both was 12:58:50. Not summed -- disclosed.; denominator=285136
pbmc_10k_v3	scAPAtrap	scapatrap	recall	200.000000	0.450999	atlas_detected	787138	14669.000000	14.304951	runtime source: pbmc_10k_v3/scapatrap/run_resume.log (clean) + run.log (killed attempt); RETRY: attempt 1 ran 8:54:21 and was OOM-killed (exit 137, 13.39 GiB peak). wall_s = the successful resumed run (4:04:29), which SKIPPED three stages (findUniqueMap / index / dedupByPos) already completed by the killed attempt, so it understates a from-scratch run; total machine time across both was 12:58:50. Not summed -- disclosed.; denominator=285136
pbmc_10k_v3	scAPAtrap	scapatrap	recall	10.000000	0.178856	tes	787138	14669.000000	14.304951	runtime source: pbmc_10k_v3/scapatrap/run_resume.log (clean) + run.log (killed attempt); RETRY: attempt 1 ran 8:54:21 and was OOM-killed (exit 137, 13.39 GiB peak). wall_s = the successful resumed run (4:04:29), which SKIPPED three stages (findUniqueMap / index / dedupByPos) already completed by the killed attempt, so it understates a from-scratch run; total machine time across both was 12:58:50. Not summed -- disclosed.; denominator=73439
pbmc_10k_v3	scAPAtrap	scapatrap	recall	25.000000	0.231280	tes	787138	14669.000000	14.304951	runtime source: pbmc_10k_v3/scapatrap/run_resume.log (clean) + run.log (killed attempt); RETRY: attempt 1 ran 8:54:21 and was OOM-killed (exit 137, 13.39 GiB peak). wall_s = the successful resumed run (4:04:29), which SKIPPED three stages (findUniqueMap / index / dedupByPos) already completed by the killed attempt, so it understates a from-scratch run; total machine time across both was 12:58:50. Not summed -- disclosed.; denominator=73439
pbmc_10k_v3	scAPAtrap	scapatrap	recall	50.000000	0.294557	tes	787138	14669.000000	14.304951	runtime source: pbmc_10k_v3/scapatrap/run_resume.log (clean) + run.log (killed attempt); RETRY: attempt 1 ran 8:54:21 and was OOM-killed (exit 137, 13.39 GiB peak). wall_s = the successful resumed run (4:04:29), which SKIPPED three stages (findUniqueMap / index / dedupByPos) already completed by the killed attempt, so it understates a from-scratch run; total machine time across both was 12:58:50. Not summed -- disclosed.; denominator=73439
pbmc_10k_v3	scAPAtrap	scapatrap	recall	100.000000	0.381596	tes	787138	14669.000000	14.304951	runtime source: pbmc_10k_v3/scapatrap/run_resume.log (clean) + run.log (killed attempt); RETRY: attempt 1 ran 8:54:21 and was OOM-killed (exit 137, 13.39 GiB peak). wall_s = the successful resumed run (4:04:29), which SKIPPED three stages (findUniqueMap / index / dedupByPos) already completed by the killed attempt, so it understates a from-scratch run; total machine time across both was 12:58:50. Not summed -- disclosed.; denominator=73439
pbmc_10k_v3	scAPAtrap	scapatrap	recall	200.000000	0.471793	tes	787138	14669.000000	14.304951	runtime source: pbmc_10k_v3/scapatrap/run_resume.log (clean) + run.log (killed attempt); RETRY: attempt 1 ran 8:54:21 and was OOM-killed (exit 137, 13.39 GiB peak). wall_s = the successful resumed run (4:04:29), which SKIPPED three stages (findUniqueMap / index / dedupByPos) already completed by the killed attempt, so it understates a from-scratch run; total machine time across both was 12:58:50. Not summed -- disclosed.; denominator=73439
pbmc_10k_v3	scAPAtrap	scapatrap	f1	10.000000	0.027757	atlas_full	787138	14669.000000	14.304951	runtime source: pbmc_10k_v3/scapatrap/run_resume.log (clean) + run.log (killed attempt); RETRY: attempt 1 ran 8:54:21 and was OOM-killed (exit 137, 13.39 GiB peak). wall_s = the successful resumed run (4:04:29), which SKIPPED three stages (findUniqueMap / index / dedupByPos) already completed by the killed attempt, so it understates a from-scratch run; total machine time across both was 12:58:50. Not summed -- disclosed.
pbmc_10k_v3	scAPAtrap	scapatrap	f1	25.000000	0.047993	atlas_full	787138	14669.000000	14.304951	runtime source: pbmc_10k_v3/scapatrap/run_resume.log (clean) + run.log (killed attempt); RETRY: attempt 1 ran 8:54:21 and was OOM-killed (exit 137, 13.39 GiB peak). wall_s = the successful resumed run (4:04:29), which SKIPPED three stages (findUniqueMap / index / dedupByPos) already completed by the killed attempt, so it understates a from-scratch run; total machine time across both was 12:58:50. Not summed -- disclosed.
pbmc_10k_v3	scAPAtrap	scapatrap	f1	50.000000	0.077021	atlas_full	787138	14669.000000	14.304951	runtime source: pbmc_10k_v3/scapatrap/run_resume.log (clean) + run.log (killed attempt); RETRY: attempt 1 ran 8:54:21 and was OOM-killed (exit 137, 13.39 GiB peak). wall_s = the successful resumed run (4:04:29), which SKIPPED three stages (findUniqueMap / index / dedupByPos) already completed by the killed attempt, so it understates a from-scratch run; total machine time across both was 12:58:50. Not summed -- disclosed.
pbmc_10k_v3	scAPAtrap	scapatrap	f1	100.000000	0.128872	atlas_full	787138	14669.000000	14.304951	runtime source: pbmc_10k_v3/scapatrap/run_resume.log (clean) + run.log (killed attempt); RETRY: attempt 1 ran 8:54:21 and was OOM-killed (exit 137, 13.39 GiB peak). wall_s = the successful resumed run (4:04:29), which SKIPPED three stages (findUniqueMap / index / dedupByPos) already completed by the killed attempt, so it understates a from-scratch run; total machine time across both was 12:58:50. Not summed -- disclosed.
pbmc_10k_v3	scAPAtrap	scapatrap	f1	200.000000	0.187998	atlas_full	787138	14669.000000	14.304951	runtime source: pbmc_10k_v3/scapatrap/run_resume.log (clean) + run.log (killed attempt); RETRY: attempt 1 ran 8:54:21 and was OOM-killed (exit 137, 13.39 GiB peak). wall_s = the successful resumed run (4:04:29), which SKIPPED three stages (findUniqueMap / index / dedupByPos) already completed by the killed attempt, so it understates a from-scratch run; total machine time across both was 12:58:50. Not summed -- disclosed.
pbmc_10k_v3	scAPAtrap	scapatrap	f1	10.000000	0.033701	atlas_detected	787138	14669.000000	14.304951	runtime source: pbmc_10k_v3/scapatrap/run_resume.log (clean) + run.log (killed attempt); RETRY: attempt 1 ran 8:54:21 and was OOM-killed (exit 137, 13.39 GiB peak). wall_s = the successful resumed run (4:04:29), which SKIPPED three stages (findUniqueMap / index / dedupByPos) already completed by the killed attempt, so it understates a from-scratch run; total machine time across both was 12:58:50. Not summed -- disclosed.
pbmc_10k_v3	scAPAtrap	scapatrap	f1	25.000000	0.057876	atlas_detected	787138	14669.000000	14.304951	runtime source: pbmc_10k_v3/scapatrap/run_resume.log (clean) + run.log (killed attempt); RETRY: attempt 1 ran 8:54:21 and was OOM-killed (exit 137, 13.39 GiB peak). wall_s = the successful resumed run (4:04:29), which SKIPPED three stages (findUniqueMap / index / dedupByPos) already completed by the killed attempt, so it understates a from-scratch run; total machine time across both was 12:58:50. Not summed -- disclosed.
pbmc_10k_v3	scAPAtrap	scapatrap	f1	50.000000	0.091220	atlas_detected	787138	14669.000000	14.304951	runtime source: pbmc_10k_v3/scapatrap/run_resume.log (clean) + run.log (killed attempt); RETRY: attempt 1 ran 8:54:21 and was OOM-killed (exit 137, 13.39 GiB peak). wall_s = the successful resumed run (4:04:29), which SKIPPED three stages (findUniqueMap / index / dedupByPos) already completed by the killed attempt, so it understates a from-scratch run; total machine time across both was 12:58:50. Not summed -- disclosed.
pbmc_10k_v3	scAPAtrap	scapatrap	f1	100.000000	0.149956	atlas_detected	787138	14669.000000	14.304951	runtime source: pbmc_10k_v3/scapatrap/run_resume.log (clean) + run.log (killed attempt); RETRY: attempt 1 ran 8:54:21 and was OOM-killed (exit 137, 13.39 GiB peak). wall_s = the successful resumed run (4:04:29), which SKIPPED three stages (findUniqueMap / index / dedupByPos) already completed by the killed attempt, so it understates a from-scratch run; total machine time across both was 12:58:50. Not summed -- disclosed.
pbmc_10k_v3	scAPAtrap	scapatrap	f1	200.000000	0.215891	atlas_detected	787138	14669.000000	14.304951	runtime source: pbmc_10k_v3/scapatrap/run_resume.log (clean) + run.log (killed attempt); RETRY: attempt 1 ran 8:54:21 and was OOM-killed (exit 137, 13.39 GiB peak). wall_s = the successful resumed run (4:04:29), which SKIPPED three stages (findUniqueMap / index / dedupByPos) already completed by the killed attempt, so it understates a from-scratch run; total machine time across both was 12:58:50. Not summed -- disclosed.
pbmc_10k_v3	scAPAtrap	scapatrap	precision_null	10.000000	0.002687	atlas_full	787138	14669.000000	14.304951	runtime source: pbmc_10k_v3/scapatrap/run_resume.log (clean) + run.log (killed attempt); RETRY: attempt 1 ran 8:54:21 and was OOM-killed (exit 137, 13.39 GiB peak). wall_s = the successful resumed run (4:04:29), which SKIPPED three stages (findUniqueMap / index / dedupByPos) already completed by the killed attempt, so it understates a from-scratch run; total machine time across both was 12:58:50. Not summed -- disclosed.; mean of 3 genic-shuffle seeds (min 0.0026, max 0.0027)
pbmc_10k_v3	scAPAtrap	scapatrap	precision_null	25.000000	0.006461	atlas_full	787138	14669.000000	14.304951	runtime source: pbmc_10k_v3/scapatrap/run_resume.log (clean) + run.log (killed attempt); RETRY: attempt 1 ran 8:54:21 and was OOM-killed (exit 137, 13.39 GiB peak). wall_s = the successful resumed run (4:04:29), which SKIPPED three stages (findUniqueMap / index / dedupByPos) already completed by the killed attempt, so it understates a from-scratch run; total machine time across both was 12:58:50. Not summed -- disclosed.; mean of 3 genic-shuffle seeds (min 0.0063, max 0.0066)
pbmc_10k_v3	scAPAtrap	scapatrap	precision_null	50.000000	0.012186	atlas_full	787138	14669.000000	14.304951	runtime source: pbmc_10k_v3/scapatrap/run_resume.log (clean) + run.log (killed attempt); RETRY: attempt 1 ran 8:54:21 and was OOM-killed (exit 137, 13.39 GiB peak). wall_s = the successful resumed run (4:04:29), which SKIPPED three stages (findUniqueMap / index / dedupByPos) already completed by the killed attempt, so it understates a from-scratch run; total machine time across both was 12:58:50. Not summed -- disclosed.; mean of 3 genic-shuffle seeds (min 0.0120, max 0.0123)
pbmc_10k_v3	scAPAtrap	scapatrap	precision_null	100.000000	0.022609	atlas_full	787138	14669.000000	14.304951	runtime source: pbmc_10k_v3/scapatrap/run_resume.log (clean) + run.log (killed attempt); RETRY: attempt 1 ran 8:54:21 and was OOM-killed (exit 137, 13.39 GiB peak). wall_s = the successful resumed run (4:04:29), which SKIPPED three stages (findUniqueMap / index / dedupByPos) already completed by the killed attempt, so it understates a from-scratch run; total machine time across both was 12:58:50. Not summed -- disclosed.; mean of 3 genic-shuffle seeds (min 0.0223, max 0.0229)
pbmc_10k_v3	scAPAtrap	scapatrap	precision_null	200.000000	0.041579	atlas_full	787138	14669.000000	14.304951	runtime source: pbmc_10k_v3/scapatrap/run_resume.log (clean) + run.log (killed attempt); RETRY: attempt 1 ran 8:54:21 and was OOM-killed (exit 137, 13.39 GiB peak). wall_s = the successful resumed run (4:04:29), which SKIPPED three stages (findUniqueMap / index / dedupByPos) already completed by the killed attempt, so it understates a from-scratch run; total machine time across both was 12:58:50. Not summed -- disclosed.; mean of 3 genic-shuffle seeds (min 0.0413, max 0.0418)
pbmc_10k_v3	scAPAtrap	scapatrap	replicate			single-sample	787138	14669.000000	14.304951	PRIMARY arm; runtime source: pbmc_10k_v3/scapatrap/run_resume.log (clean) + run.log (killed attempt); RETRY: attempt 1 ran 8:54:21 and was OOM-killed (exit 137, 13.39 GiB peak). wall_s = the successful resumed run (4:04:29), which SKIPPED three stages (findUniqueMap / index / dedupByPos) already completed by the killed attempt, so it understates a from-scratch run; total machine time across both was 12:58:50. Not summed -- disclosed.
pbmc_10k_v3	SCAPTURE	scapture	precision	10.000000	0.302441	atlas_full	35759	44022.000000	23.041031	runtime source: pbmc_10k_v3/scapture/run.log; two mandatory stages of one run: PAScall 8:57:58 (23.04 GiB) + PASquant 3:15:44 (3.29 GiB); annotation prebuild (anno.log) not timed. PASquant's cell x PAS matrix came out empty (36,204 PAS rows, zero cells) -- the PAS call set is unaffected but this tool has no usable per-PAS depth on this dataset
pbmc_10k_v3	SCAPTURE	scapture	precision	25.000000	0.522917	atlas_full	35759	44022.000000	23.041031	runtime source: pbmc_10k_v3/scapture/run.log; two mandatory stages of one run: PAScall 8:57:58 (23.04 GiB) + PASquant 3:15:44 (3.29 GiB); annotation prebuild (anno.log) not timed. PASquant's cell x PAS matrix came out empty (36,204 PAS rows, zero cells) -- the PAS call set is unaffected but this tool has no usable per-PAS depth on this dataset
pbmc_10k_v3	SCAPTURE	scapture	precision	50.000000	0.626723	atlas_full	35759	44022.000000	23.041031	runtime source: pbmc_10k_v3/scapture/run.log; two mandatory stages of one run: PAScall 8:57:58 (23.04 GiB) + PASquant 3:15:44 (3.29 GiB); annotation prebuild (anno.log) not timed. PASquant's cell x PAS matrix came out empty (36,204 PAS rows, zero cells) -- the PAS call set is unaffected but this tool has no usable per-PAS depth on this dataset
pbmc_10k_v3	SCAPTURE	scapture	precision	100.000000	0.651808	atlas_full	35759	44022.000000	23.041031	runtime source: pbmc_10k_v3/scapture/run.log; two mandatory stages of one run: PAScall 8:57:58 (23.04 GiB) + PASquant 3:15:44 (3.29 GiB); annotation prebuild (anno.log) not timed. PASquant's cell x PAS matrix came out empty (36,204 PAS rows, zero cells) -- the PAS call set is unaffected but this tool has no usable per-PAS depth on this dataset
pbmc_10k_v3	SCAPTURE	scapture	precision	200.000000	0.670740	atlas_full	35759	44022.000000	23.041031	runtime source: pbmc_10k_v3/scapture/run.log; two mandatory stages of one run: PAScall 8:57:58 (23.04 GiB) + PASquant 3:15:44 (3.29 GiB); annotation prebuild (anno.log) not timed. PASquant's cell x PAS matrix came out empty (36,204 PAS rows, zero cells) -- the PAS call set is unaffected but this tool has no usable per-PAS depth on this dataset
pbmc_10k_v3	SCAPTURE	scapture	precision	10.000000	0.235465	tes	35759	44022.000000	23.041031	runtime source: pbmc_10k_v3/scapture/run.log; two mandatory stages of one run: PAScall 8:57:58 (23.04 GiB) + PASquant 3:15:44 (3.29 GiB); annotation prebuild (anno.log) not timed. PASquant's cell x PAS matrix came out empty (36,204 PAS rows, zero cells) -- the PAS call set is unaffected but this tool has no usable per-PAS depth on this dataset
pbmc_10k_v3	SCAPTURE	scapture	precision	25.000000	0.330798	tes	35759	44022.000000	23.041031	runtime source: pbmc_10k_v3/scapture/run.log; two mandatory stages of one run: PAScall 8:57:58 (23.04 GiB) + PASquant 3:15:44 (3.29 GiB); annotation prebuild (anno.log) not timed. PASquant's cell x PAS matrix came out empty (36,204 PAS rows, zero cells) -- the PAS call set is unaffected but this tool has no usable per-PAS depth on this dataset
pbmc_10k_v3	SCAPTURE	scapture	precision	50.000000	0.372494	tes	35759	44022.000000	23.041031	runtime source: pbmc_10k_v3/scapture/run.log; two mandatory stages of one run: PAScall 8:57:58 (23.04 GiB) + PASquant 3:15:44 (3.29 GiB); annotation prebuild (anno.log) not timed. PASquant's cell x PAS matrix came out empty (36,204 PAS rows, zero cells) -- the PAS call set is unaffected but this tool has no usable per-PAS depth on this dataset
pbmc_10k_v3	SCAPTURE	scapture	precision	100.000000	0.386085	tes	35759	44022.000000	23.041031	runtime source: pbmc_10k_v3/scapture/run.log; two mandatory stages of one run: PAScall 8:57:58 (23.04 GiB) + PASquant 3:15:44 (3.29 GiB); annotation prebuild (anno.log) not timed. PASquant's cell x PAS matrix came out empty (36,204 PAS rows, zero cells) -- the PAS call set is unaffected but this tool has no usable per-PAS depth on this dataset
pbmc_10k_v3	SCAPTURE	scapture	precision	200.000000	0.399732	tes	35759	44022.000000	23.041031	runtime source: pbmc_10k_v3/scapture/run.log; two mandatory stages of one run: PAScall 8:57:58 (23.04 GiB) + PASquant 3:15:44 (3.29 GiB); annotation prebuild (anno.log) not timed. PASquant's cell x PAS matrix came out empty (36,204 PAS rows, zero cells) -- the PAS call set is unaffected but this tool has no usable per-PAS depth on this dataset
pbmc_10k_v3	SCAPTURE	scapture	recall	10.000000	0.018887	atlas_full	35759	44022.000000	23.041031	runtime source: pbmc_10k_v3/scapture/run.log; two mandatory stages of one run: PAScall 8:57:58 (23.04 GiB) + PASquant 3:15:44 (3.29 GiB); annotation prebuild (anno.log) not timed. PASquant's cell x PAS matrix came out empty (36,204 PAS rows, zero cells) -- the PAS call set is unaffected but this tool has no usable per-PAS depth on this dataset; denominator=569005
pbmc_10k_v3	SCAPTURE	scapture	recall	25.000000	0.034119	atlas_full	35759	44022.000000	23.041031	runtime source: pbmc_10k_v3/scapture/run.log; two mandatory stages of one run: PAScall 8:57:58 (23.04 GiB) + PASquant 3:15:44 (3.29 GiB); annotation prebuild (anno.log) not timed. PASquant's cell x PAS matrix came out empty (36,204 PAS rows, zero cells) -- the PAS call set is unaffected but this tool has no usable per-PAS depth on this dataset; denominator=569005
pbmc_10k_v3	SCAPTURE	scapture	recall	50.000000	0.049729	atlas_full	35759	44022.000000	23.041031	runtime source: pbmc_10k_v3/scapture/run.log; two mandatory stages of one run: PAScall 8:57:58 (23.04 GiB) + PASquant 3:15:44 (3.29 GiB); annotation prebuild (anno.log) not timed. PASquant's cell x PAS matrix came out empty (36,204 PAS rows, zero cells) -- the PAS call set is unaffected but this tool has no usable per-PAS depth on this dataset; denominator=569005
pbmc_10k_v3	SCAPTURE	scapture	recall	100.000000	0.067537	atlas_full	35759	44022.000000	23.041031	runtime source: pbmc_10k_v3/scapture/run.log; two mandatory stages of one run: PAScall 8:57:58 (23.04 GiB) + PASquant 3:15:44 (3.29 GiB); annotation prebuild (anno.log) not timed. PASquant's cell x PAS matrix came out empty (36,204 PAS rows, zero cells) -- the PAS call set is unaffected but this tool has no usable per-PAS depth on this dataset; denominator=569005
pbmc_10k_v3	SCAPTURE	scapture	recall	200.000000	0.088778	atlas_full	35759	44022.000000	23.041031	runtime source: pbmc_10k_v3/scapture/run.log; two mandatory stages of one run: PAScall 8:57:58 (23.04 GiB) + PASquant 3:15:44 (3.29 GiB); annotation prebuild (anno.log) not timed. PASquant's cell x PAS matrix came out empty (36,204 PAS rows, zero cells) -- the PAS call set is unaffected but this tool has no usable per-PAS depth on this dataset; denominator=569005
pbmc_10k_v3	SCAPTURE	scapture	recall	10.000000	0.031055	atlas_detected	35759	44022.000000	23.041031	runtime source: pbmc_10k_v3/scapture/run.log; two mandatory stages of one run: PAScall 8:57:58 (23.04 GiB) + PASquant 3:15:44 (3.29 GiB); annotation prebuild (anno.log) not timed. PASquant's cell x PAS matrix came out empty (36,204 PAS rows, zero cells) -- the PAS call set is unaffected but this tool has no usable per-PAS depth on this dataset; denominator=285136
pbmc_10k_v3	SCAPTURE	scapture	recall	25.000000	0.057306	atlas_detected	35759	44022.000000	23.041031	runtime source: pbmc_10k_v3/scapture/run.log; two mandatory stages of one run: PAScall 8:57:58 (23.04 GiB) + PASquant 3:15:44 (3.29 GiB); annotation prebuild (anno.log) not timed. PASquant's cell x PAS matrix came out empty (36,204 PAS rows, zero cells) -- the PAS call set is unaffected but this tool has no usable per-PAS depth on this dataset; denominator=285136
pbmc_10k_v3	SCAPTURE	scapture	recall	50.000000	0.085149	atlas_detected	35759	44022.000000	23.041031	runtime source: pbmc_10k_v3/scapture/run.log; two mandatory stages of one run: PAScall 8:57:58 (23.04 GiB) + PASquant 3:15:44 (3.29 GiB); annotation prebuild (anno.log) not timed. PASquant's cell x PAS matrix came out empty (36,204 PAS rows, zero cells) -- the PAS call set is unaffected but this tool has no usable per-PAS depth on this dataset; denominator=285136
pbmc_10k_v3	SCAPTURE	scapture	recall	100.000000	0.117561	atlas_detected	35759	44022.000000	23.041031	runtime source: pbmc_10k_v3/scapture/run.log; two mandatory stages of one run: PAScall 8:57:58 (23.04 GiB) + PASquant 3:15:44 (3.29 GiB); annotation prebuild (anno.log) not timed. PASquant's cell x PAS matrix came out empty (36,204 PAS rows, zero cells) -- the PAS call set is unaffected but this tool has no usable per-PAS depth on this dataset; denominator=285136
pbmc_10k_v3	SCAPTURE	scapture	recall	200.000000	0.156234	atlas_detected	35759	44022.000000	23.041031	runtime source: pbmc_10k_v3/scapture/run.log; two mandatory stages of one run: PAScall 8:57:58 (23.04 GiB) + PASquant 3:15:44 (3.29 GiB); annotation prebuild (anno.log) not timed. PASquant's cell x PAS matrix came out empty (36,204 PAS rows, zero cells) -- the PAS call set is unaffected but this tool has no usable per-PAS depth on this dataset; denominator=285136
pbmc_10k_v3	SCAPTURE	scapture	recall	10.000000	0.157164	tes	35759	44022.000000	23.041031	runtime source: pbmc_10k_v3/scapture/run.log; two mandatory stages of one run: PAScall 8:57:58 (23.04 GiB) + PASquant 3:15:44 (3.29 GiB); annotation prebuild (anno.log) not timed. PASquant's cell x PAS matrix came out empty (36,204 PAS rows, zero cells) -- the PAS call set is unaffected but this tool has no usable per-PAS depth on this dataset; denominator=73439
pbmc_10k_v3	SCAPTURE	scapture	recall	25.000000	0.238143	tes	35759	44022.000000	23.041031	runtime source: pbmc_10k_v3/scapture/run.log; two mandatory stages of one run: PAScall 8:57:58 (23.04 GiB) + PASquant 3:15:44 (3.29 GiB); annotation prebuild (anno.log) not timed. PASquant's cell x PAS matrix came out empty (36,204 PAS rows, zero cells) -- the PAS call set is unaffected but this tool has no usable per-PAS depth on this dataset; denominator=73439
pbmc_10k_v3	SCAPTURE	scapture	recall	50.000000	0.279565	tes	35759	44022.000000	23.041031	runtime source: pbmc_10k_v3/scapture/run.log; two mandatory stages of one run: PAScall 8:57:58 (23.04 GiB) + PASquant 3:15:44 (3.29 GiB); annotation prebuild (anno.log) not timed. PASquant's cell x PAS matrix came out empty (36,204 PAS rows, zero cells) -- the PAS call set is unaffected but this tool has no usable per-PAS depth on this dataset; denominator=73439
pbmc_10k_v3	SCAPTURE	scapture	recall	100.000000	0.301311	tes	35759	44022.000000	23.041031	runtime source: pbmc_10k_v3/scapture/run.log; two mandatory stages of one run: PAScall 8:57:58 (23.04 GiB) + PASquant 3:15:44 (3.29 GiB); annotation prebuild (anno.log) not timed. PASquant's cell x PAS matrix came out empty (36,204 PAS rows, zero cells) -- the PAS call set is unaffected but this tool has no usable per-PAS depth on this dataset; denominator=73439
pbmc_10k_v3	SCAPTURE	scapture	recall	200.000000	0.326475	tes	35759	44022.000000	23.041031	runtime source: pbmc_10k_v3/scapture/run.log; two mandatory stages of one run: PAScall 8:57:58 (23.04 GiB) + PASquant 3:15:44 (3.29 GiB); annotation prebuild (anno.log) not timed. PASquant's cell x PAS matrix came out empty (36,204 PAS rows, zero cells) -- the PAS call set is unaffected but this tool has no usable per-PAS depth on this dataset; denominator=73439
pbmc_10k_v3	SCAPTURE	scapture	f1	10.000000	0.035554	atlas_full	35759	44022.000000	23.041031	runtime source: pbmc_10k_v3/scapture/run.log; two mandatory stages of one run: PAScall 8:57:58 (23.04 GiB) + PASquant 3:15:44 (3.29 GiB); annotation prebuild (anno.log) not timed. PASquant's cell x PAS matrix came out empty (36,204 PAS rows, zero cells) -- the PAS call set is unaffected but this tool has no usable per-PAS depth on this dataset
pbmc_10k_v3	SCAPTURE	scapture	f1	25.000000	0.064059	atlas_full	35759	44022.000000	23.041031	runtime source: pbmc_10k_v3/scapture/run.log; two mandatory stages of one run: PAScall 8:57:58 (23.04 GiB) + PASquant 3:15:44 (3.29 GiB); annotation prebuild (anno.log) not timed. PASquant's cell x PAS matrix came out empty (36,204 PAS rows, zero cells) -- the PAS call set is unaffected but this tool has no usable per-PAS depth on this dataset
pbmc_10k_v3	SCAPTURE	scapture	f1	50.000000	0.092146	atlas_full	35759	44022.000000	23.041031	runtime source: pbmc_10k_v3/scapture/run.log; two mandatory stages of one run: PAScall 8:57:58 (23.04 GiB) + PASquant 3:15:44 (3.29 GiB); annotation prebuild (anno.log) not timed. PASquant's cell x PAS matrix came out empty (36,204 PAS rows, zero cells) -- the PAS call set is unaffected but this tool has no usable per-PAS depth on this dataset
pbmc_10k_v3	SCAPTURE	scapture	f1	100.000000	0.122393	atlas_full	35759	44022.000000	23.041031	runtime source: pbmc_10k_v3/scapture/run.log; two mandatory stages of one run: PAScall 8:57:58 (23.04 GiB) + PASquant 3:15:44 (3.29 GiB); annotation prebuild (anno.log) not timed. PASquant's cell x PAS matrix came out empty (36,204 PAS rows, zero cells) -- the PAS call set is unaffected but this tool has no usable per-PAS depth on this dataset
pbmc_10k_v3	SCAPTURE	scapture	f1	200.000000	0.156802	atlas_full	35759	44022.000000	23.041031	runtime source: pbmc_10k_v3/scapture/run.log; two mandatory stages of one run: PAScall 8:57:58 (23.04 GiB) + PASquant 3:15:44 (3.29 GiB); annotation prebuild (anno.log) not timed. PASquant's cell x PAS matrix came out empty (36,204 PAS rows, zero cells) -- the PAS call set is unaffected but this tool has no usable per-PAS depth on this dataset
pbmc_10k_v3	SCAPTURE	scapture	f1	10.000000	0.056327	atlas_detected	35759	44022.000000	23.041031	runtime source: pbmc_10k_v3/scapture/run.log; two mandatory stages of one run: PAScall 8:57:58 (23.04 GiB) + PASquant 3:15:44 (3.29 GiB); annotation prebuild (anno.log) not timed. PASquant's cell x PAS matrix came out empty (36,204 PAS rows, zero cells) -- the PAS call set is unaffected but this tool has no usable per-PAS depth on this dataset
pbmc_10k_v3	SCAPTURE	scapture	f1	25.000000	0.103292	atlas_detected	35759	44022.000000	23.041031	runtime source: pbmc_10k_v3/scapture/run.log; two mandatory stages of one run: PAScall 8:57:58 (23.04 GiB) + PASquant 3:15:44 (3.29 GiB); annotation prebuild (anno.log) not timed. PASquant's cell x PAS matrix came out empty (36,204 PAS rows, zero cells) -- the PAS call set is unaffected but this tool has no usable per-PAS depth on this dataset
pbmc_10k_v3	SCAPTURE	scapture	f1	50.000000	0.149928	atlas_detected	35759	44022.000000	23.041031	runtime source: pbmc_10k_v3/scapture/run.log; two mandatory stages of one run: PAScall 8:57:58 (23.04 GiB) + PASquant 3:15:44 (3.29 GiB); annotation prebuild (anno.log) not timed. PASquant's cell x PAS matrix came out empty (36,204 PAS rows, zero cells) -- the PAS call set is unaffected but this tool has no usable per-PAS depth on this dataset
pbmc_10k_v3	SCAPTURE	scapture	f1	100.000000	0.199196	atlas_detected	35759	44022.000000	23.041031	runtime source: pbmc_10k_v3/scapture/run.log; two mandatory stages of one run: PAScall 8:57:58 (23.04 GiB) + PASquant 3:15:44 (3.29 GiB); annotation prebuild (anno.log) not timed. PASquant's cell x PAS matrix came out empty (36,204 PAS rows, zero cells) -- the PAS call set is unaffected but this tool has no usable per-PAS depth on this dataset
pbmc_10k_v3	SCAPTURE	scapture	f1	200.000000	0.253436	atlas_detected	35759	44022.000000	23.041031	runtime source: pbmc_10k_v3/scapture/run.log; two mandatory stages of one run: PAScall 8:57:58 (23.04 GiB) + PASquant 3:15:44 (3.29 GiB); annotation prebuild (anno.log) not timed. PASquant's cell x PAS matrix came out empty (36,204 PAS rows, zero cells) -- the PAS call set is unaffected but this tool has no usable per-PAS depth on this dataset
pbmc_10k_v3	SCAPTURE	scapture	precision_null	10.000000	0.002284	atlas_full	35759	44022.000000	23.041031	runtime source: pbmc_10k_v3/scapture/run.log; two mandatory stages of one run: PAScall 8:57:58 (23.04 GiB) + PASquant 3:15:44 (3.29 GiB); annotation prebuild (anno.log) not timed. PASquant's cell x PAS matrix came out empty (36,204 PAS rows, zero cells) -- the PAS call set is unaffected but this tool has no usable per-PAS depth on this dataset; mean of 3 genic-shuffle seeds (min 0.0022, max 0.0024)
pbmc_10k_v3	SCAPTURE	scapture	precision_null	25.000000	0.005826	atlas_full	35759	44022.000000	23.041031	runtime source: pbmc_10k_v3/scapture/run.log; two mandatory stages of one run: PAScall 8:57:58 (23.04 GiB) + PASquant 3:15:44 (3.29 GiB); annotation prebuild (anno.log) not timed. PASquant's cell x PAS matrix came out empty (36,204 PAS rows, zero cells) -- the PAS call set is unaffected but this tool has no usable per-PAS depth on this dataset; mean of 3 genic-shuffle seeds (min 0.0058, max 0.0059)
pbmc_10k_v3	SCAPTURE	scapture	precision_null	50.000000	0.011801	atlas_full	35759	44022.000000	23.041031	runtime source: pbmc_10k_v3/scapture/run.log; two mandatory stages of one run: PAScall 8:57:58 (23.04 GiB) + PASquant 3:15:44 (3.29 GiB); annotation prebuild (anno.log) not timed. PASquant's cell x PAS matrix came out empty (36,204 PAS rows, zero cells) -- the PAS call set is unaffected but this tool has no usable per-PAS depth on this dataset; mean of 3 genic-shuffle seeds (min 0.0117, max 0.0119)
pbmc_10k_v3	SCAPTURE	scapture	precision_null	100.000000	0.022409	atlas_full	35759	44022.000000	23.041031	runtime source: pbmc_10k_v3/scapture/run.log; two mandatory stages of one run: PAScall 8:57:58 (23.04 GiB) + PASquant 3:15:44 (3.29 GiB); annotation prebuild (anno.log) not timed. PASquant's cell x PAS matrix came out empty (36,204 PAS rows, zero cells) -- the PAS call set is unaffected but this tool has no usable per-PAS depth on this dataset; mean of 3 genic-shuffle seeds (min 0.0222, max 0.0228)
pbmc_10k_v3	SCAPTURE	scapture	precision_null	200.000000	0.040279	atlas_full	35759	44022.000000	23.041031	runtime source: pbmc_10k_v3/scapture/run.log; two mandatory stages of one run: PAScall 8:57:58 (23.04 GiB) + PASquant 3:15:44 (3.29 GiB); annotation prebuild (anno.log) not timed. PASquant's cell x PAS matrix came out empty (36,204 PAS rows, zero cells) -- the PAS call set is unaffected but this tool has no usable per-PAS depth on this dataset; mean of 3 genic-shuffle seeds (min 0.0400, max 0.0407)
pbmc_10k_v3	SCAPTURE	scapture	replicate			single-sample	35759	44022.000000	23.041031	PRIMARY arm; runtime source: pbmc_10k_v3/scapture/run.log; two mandatory stages of one run: PAScall 8:57:58 (23.04 GiB) + PASquant 3:15:44 (3.29 GiB); annotation prebuild (anno.log) not timed. PASquant's cell x PAS matrix came out empty (36,204 PAS rows, zero cells) -- the PAS call set is unaffected but this tool has no usable per-PAS depth on this dataset
pbmc_10k_v3	scUTRquant	scutrquant	precision	10.000000	0.572324	atlas_full	40519	1845.190000	4.003296	annotation-based: fixed UTRome catalog filtered by detection; runtime source: pbmc_10k_v3/scutrquant/run.log + salvage_rerun.log; RETRY: the 25:52.06 snakemake run did all the compute but exited 1 on a missing nbformat in the report rule; wall_s adds the 4:53.13 salvage rerun of the remaining 4 jobs after installing it. Both attempts disclosed, no failed compute hidden.
pbmc_10k_v3	scUTRquant	scutrquant	precision	25.000000	0.709470	atlas_full	40519	1845.190000	4.003296	annotation-based: fixed UTRome catalog filtered by detection; runtime source: pbmc_10k_v3/scutrquant/run.log + salvage_rerun.log; RETRY: the 25:52.06 snakemake run did all the compute but exited 1 on a missing nbformat in the report rule; wall_s adds the 4:53.13 salvage rerun of the remaining 4 jobs after installing it. Both attempts disclosed, no failed compute hidden.
pbmc_10k_v3	scUTRquant	scutrquant	precision	50.000000	0.754856	atlas_full	40519	1845.190000	4.003296	annotation-based: fixed UTRome catalog filtered by detection; runtime source: pbmc_10k_v3/scutrquant/run.log + salvage_rerun.log; RETRY: the 25:52.06 snakemake run did all the compute but exited 1 on a missing nbformat in the report rule; wall_s adds the 4:53.13 salvage rerun of the remaining 4 jobs after installing it. Both attempts disclosed, no failed compute hidden.
pbmc_10k_v3	scUTRquant	scutrquant	precision	100.000000	0.792591	atlas_full	40519	1845.190000	4.003296	annotation-based: fixed UTRome catalog filtered by detection; runtime source: pbmc_10k_v3/scutrquant/run.log + salvage_rerun.log; RETRY: the 25:52.06 snakemake run did all the compute but exited 1 on a missing nbformat in the report rule; wall_s adds the 4:53.13 salvage rerun of the remaining 4 jobs after installing it. Both attempts disclosed, no failed compute hidden.
pbmc_10k_v3	scUTRquant	scutrquant	precision	200.000000	0.832523	atlas_full	40519	1845.190000	4.003296	annotation-based: fixed UTRome catalog filtered by detection; runtime source: pbmc_10k_v3/scutrquant/run.log + salvage_rerun.log; RETRY: the 25:52.06 snakemake run did all the compute but exited 1 on a missing nbformat in the report rule; wall_s adds the 4:53.13 salvage rerun of the remaining 4 jobs after installing it. Both attempts disclosed, no failed compute hidden.
pbmc_10k_v3	scUTRquant	scutrquant	precision	10.000000	0.668625	tes	40519	1845.190000	4.003296	annotation-based: fixed UTRome catalog filtered by detection; runtime source: pbmc_10k_v3/scutrquant/run.log + salvage_rerun.log; RETRY: the 25:52.06 snakemake run did all the compute but exited 1 on a missing nbformat in the report rule; wall_s adds the 4:53.13 salvage rerun of the remaining 4 jobs after installing it. Both attempts disclosed, no failed compute hidden.
pbmc_10k_v3	scUTRquant	scutrquant	precision	25.000000	0.673462	tes	40519	1845.190000	4.003296	annotation-based: fixed UTRome catalog filtered by detection; runtime source: pbmc_10k_v3/scutrquant/run.log + salvage_rerun.log; RETRY: the 25:52.06 snakemake run did all the compute but exited 1 on a missing nbformat in the report rule; wall_s adds the 4:53.13 salvage rerun of the remaining 4 jobs after installing it. Both attempts disclosed, no failed compute hidden.
pbmc_10k_v3	scUTRquant	scutrquant	precision	50.000000	0.681162	tes	40519	1845.190000	4.003296	annotation-based: fixed UTRome catalog filtered by detection; runtime source: pbmc_10k_v3/scutrquant/run.log + salvage_rerun.log; RETRY: the 25:52.06 snakemake run did all the compute but exited 1 on a missing nbformat in the report rule; wall_s adds the 4:53.13 salvage rerun of the remaining 4 jobs after installing it. Both attempts disclosed, no failed compute hidden.
pbmc_10k_v3	scUTRquant	scutrquant	precision	100.000000	0.693255	tes	40519	1845.190000	4.003296	annotation-based: fixed UTRome catalog filtered by detection; runtime source: pbmc_10k_v3/scutrquant/run.log + salvage_rerun.log; RETRY: the 25:52.06 snakemake run did all the compute but exited 1 on a missing nbformat in the report rule; wall_s adds the 4:53.13 salvage rerun of the remaining 4 jobs after installing it. Both attempts disclosed, no failed compute hidden.
pbmc_10k_v3	scUTRquant	scutrquant	precision	200.000000	0.711370	tes	40519	1845.190000	4.003296	annotation-based: fixed UTRome catalog filtered by detection; runtime source: pbmc_10k_v3/scutrquant/run.log + salvage_rerun.log; RETRY: the 25:52.06 snakemake run did all the compute but exited 1 on a missing nbformat in the report rule; wall_s adds the 4:53.13 salvage rerun of the remaining 4 jobs after installing it. Both attempts disclosed, no failed compute hidden.
pbmc_10k_v3	scUTRquant	scutrquant	recall	10.000000	0.040741	atlas_full	40519	1845.190000	4.003296	annotation-based: fixed UTRome catalog filtered by detection; runtime source: pbmc_10k_v3/scutrquant/run.log + salvage_rerun.log; RETRY: the 25:52.06 snakemake run did all the compute but exited 1 on a missing nbformat in the report rule; wall_s adds the 4:53.13 salvage rerun of the remaining 4 jobs after installing it. Both attempts disclosed, no failed compute hidden.; denominator=569005
pbmc_10k_v3	scUTRquant	scutrquant	recall	25.000000	0.051808	atlas_full	40519	1845.190000	4.003296	annotation-based: fixed UTRome catalog filtered by detection; runtime source: pbmc_10k_v3/scutrquant/run.log + salvage_rerun.log; RETRY: the 25:52.06 snakemake run did all the compute but exited 1 on a missing nbformat in the report rule; wall_s adds the 4:53.13 salvage rerun of the remaining 4 jobs after installing it. Both attempts disclosed, no failed compute hidden.; denominator=569005
pbmc_10k_v3	scUTRquant	scutrquant	recall	50.000000	0.067945	atlas_full	40519	1845.190000	4.003296	annotation-based: fixed UTRome catalog filtered by detection; runtime source: pbmc_10k_v3/scutrquant/run.log + salvage_rerun.log; RETRY: the 25:52.06 snakemake run did all the compute but exited 1 on a missing nbformat in the report rule; wall_s adds the 4:53.13 salvage rerun of the remaining 4 jobs after installing it. Both attempts disclosed, no failed compute hidden.; denominator=569005
pbmc_10k_v3	scUTRquant	scutrquant	recall	100.000000	0.093730	atlas_full	40519	1845.190000	4.003296	annotation-based: fixed UTRome catalog filtered by detection; runtime source: pbmc_10k_v3/scutrquant/run.log + salvage_rerun.log; RETRY: the 25:52.06 snakemake run did all the compute but exited 1 on a missing nbformat in the report rule; wall_s adds the 4:53.13 salvage rerun of the remaining 4 jobs after installing it. Both attempts disclosed, no failed compute hidden.; denominator=569005
pbmc_10k_v3	scUTRquant	scutrquant	recall	200.000000	0.126846	atlas_full	40519	1845.190000	4.003296	annotation-based: fixed UTRome catalog filtered by detection; runtime source: pbmc_10k_v3/scutrquant/run.log + salvage_rerun.log; RETRY: the 25:52.06 snakemake run did all the compute but exited 1 on a missing nbformat in the report rule; wall_s adds the 4:53.13 salvage rerun of the remaining 4 jobs after installing it. Both attempts disclosed, no failed compute hidden.; denominator=569005
pbmc_10k_v3	scUTRquant	scutrquant	recall	10.000000	0.076328	atlas_detected	40519	1845.190000	4.003296	annotation-based: fixed UTRome catalog filtered by detection; runtime source: pbmc_10k_v3/scutrquant/run.log + salvage_rerun.log; RETRY: the 25:52.06 snakemake run did all the compute but exited 1 on a missing nbformat in the report rule; wall_s adds the 4:53.13 salvage rerun of the remaining 4 jobs after installing it. Both attempts disclosed, no failed compute hidden.; denominator=285136
pbmc_10k_v3	scUTRquant	scutrquant	recall	25.000000	0.097385	atlas_detected	40519	1845.190000	4.003296	annotation-based: fixed UTRome catalog filtered by detection; runtime source: pbmc_10k_v3/scutrquant/run.log + salvage_rerun.log; RETRY: the 25:52.06 snakemake run did all the compute but exited 1 on a missing nbformat in the report rule; wall_s adds the 4:53.13 salvage rerun of the remaining 4 jobs after installing it. Both attempts disclosed, no failed compute hidden.; denominator=285136
pbmc_10k_v3	scUTRquant	scutrquant	recall	50.000000	0.128297	atlas_detected	40519	1845.190000	4.003296	annotation-based: fixed UTRome catalog filtered by detection; runtime source: pbmc_10k_v3/scutrquant/run.log + salvage_rerun.log; RETRY: the 25:52.06 snakemake run did all the compute but exited 1 on a missing nbformat in the report rule; wall_s adds the 4:53.13 salvage rerun of the remaining 4 jobs after installing it. Both attempts disclosed, no failed compute hidden.; denominator=285136
pbmc_10k_v3	scUTRquant	scutrquant	recall	100.000000	0.177663	atlas_detected	40519	1845.190000	4.003296	annotation-based: fixed UTRome catalog filtered by detection; runtime source: pbmc_10k_v3/scutrquant/run.log + salvage_rerun.log; RETRY: the 25:52.06 snakemake run did all the compute but exited 1 on a missing nbformat in the report rule; wall_s adds the 4:53.13 salvage rerun of the remaining 4 jobs after installing it. Both attempts disclosed, no failed compute hidden.; denominator=285136
pbmc_10k_v3	scUTRquant	scutrquant	recall	200.000000	0.240955	atlas_detected	40519	1845.190000	4.003296	annotation-based: fixed UTRome catalog filtered by detection; runtime source: pbmc_10k_v3/scutrquant/run.log + salvage_rerun.log; RETRY: the 25:52.06 snakemake run did all the compute but exited 1 on a missing nbformat in the report rule; wall_s adds the 4:53.13 salvage rerun of the remaining 4 jobs after installing it. Both attempts disclosed, no failed compute hidden.; denominator=285136
pbmc_10k_v3	scUTRquant	scutrquant	recall	10.000000	0.449993	tes	40519	1845.190000	4.003296	annotation-based: fixed UTRome catalog filtered by detection; runtime source: pbmc_10k_v3/scutrquant/run.log + salvage_rerun.log; RETRY: the 25:52.06 snakemake run did all the compute but exited 1 on a missing nbformat in the report rule; wall_s adds the 4:53.13 salvage rerun of the remaining 4 jobs after installing it. Both attempts disclosed, no failed compute hidden.; denominator=73439
pbmc_10k_v3	scUTRquant	scutrquant	recall	25.000000	0.475456	tes	40519	1845.190000	4.003296	annotation-based: fixed UTRome catalog filtered by detection; runtime source: pbmc_10k_v3/scutrquant/run.log + salvage_rerun.log; RETRY: the 25:52.06 snakemake run did all the compute but exited 1 on a missing nbformat in the report rule; wall_s adds the 4:53.13 salvage rerun of the remaining 4 jobs after installing it. Both attempts disclosed, no failed compute hidden.; denominator=73439
pbmc_10k_v3	scUTRquant	scutrquant	recall	50.000000	0.499966	tes	40519	1845.190000	4.003296	annotation-based: fixed UTRome catalog filtered by detection; runtime source: pbmc_10k_v3/scutrquant/run.log + salvage_rerun.log; RETRY: the 25:52.06 snakemake run did all the compute but exited 1 on a missing nbformat in the report rule; wall_s adds the 4:53.13 salvage rerun of the remaining 4 jobs after installing it. Both attempts disclosed, no failed compute hidden.; denominator=73439
pbmc_10k_v3	scUTRquant	scutrquant	recall	100.000000	0.529882	tes	40519	1845.190000	4.003296	annotation-based: fixed UTRome catalog filtered by detection; runtime source: pbmc_10k_v3/scutrquant/run.log + salvage_rerun.log; RETRY: the 25:52.06 snakemake run did all the compute but exited 1 on a missing nbformat in the report rule; wall_s adds the 4:53.13 salvage rerun of the remaining 4 jobs after installing it. Both attempts disclosed, no failed compute hidden.; denominator=73439
pbmc_10k_v3	scUTRquant	scutrquant	recall	200.000000	0.576233	tes	40519	1845.190000	4.003296	annotation-based: fixed UTRome catalog filtered by detection; runtime source: pbmc_10k_v3/scutrquant/run.log + salvage_rerun.log; RETRY: the 25:52.06 snakemake run did all the compute but exited 1 on a missing nbformat in the report rule; wall_s adds the 4:53.13 salvage rerun of the remaining 4 jobs after installing it. Both attempts disclosed, no failed compute hidden.; denominator=73439
pbmc_10k_v3	scUTRquant	scutrquant	f1	10.000000	0.076068	atlas_full	40519	1845.190000	4.003296	annotation-based: fixed UTRome catalog filtered by detection; runtime source: pbmc_10k_v3/scutrquant/run.log + salvage_rerun.log; RETRY: the 25:52.06 snakemake run did all the compute but exited 1 on a missing nbformat in the report rule; wall_s adds the 4:53.13 salvage rerun of the remaining 4 jobs after installing it. Both attempts disclosed, no failed compute hidden.
pbmc_10k_v3	scUTRquant	scutrquant	f1	25.000000	0.096564	atlas_full	40519	1845.190000	4.003296	annotation-based: fixed UTRome catalog filtered by detection; runtime source: pbmc_10k_v3/scutrquant/run.log + salvage_rerun.log; RETRY: the 25:52.06 snakemake run did all the compute but exited 1 on a missing nbformat in the report rule; wall_s adds the 4:53.13 salvage rerun of the remaining 4 jobs after installing it. Both attempts disclosed, no failed compute hidden.
pbmc_10k_v3	scUTRquant	scutrquant	f1	50.000000	0.124668	atlas_full	40519	1845.190000	4.003296	annotation-based: fixed UTRome catalog filtered by detection; runtime source: pbmc_10k_v3/scutrquant/run.log + salvage_rerun.log; RETRY: the 25:52.06 snakemake run did all the compute but exited 1 on a missing nbformat in the report rule; wall_s adds the 4:53.13 salvage rerun of the remaining 4 jobs after installing it. Both attempts disclosed, no failed compute hidden.
pbmc_10k_v3	scUTRquant	scutrquant	f1	100.000000	0.167636	atlas_full	40519	1845.190000	4.003296	annotation-based: fixed UTRome catalog filtered by detection; runtime source: pbmc_10k_v3/scutrquant/run.log + salvage_rerun.log; RETRY: the 25:52.06 snakemake run did all the compute but exited 1 on a missing nbformat in the report rule; wall_s adds the 4:53.13 salvage rerun of the remaining 4 jobs after installing it. Both attempts disclosed, no failed compute hidden.
pbmc_10k_v3	scUTRquant	scutrquant	f1	200.000000	0.220149	atlas_full	40519	1845.190000	4.003296	annotation-based: fixed UTRome catalog filtered by detection; runtime source: pbmc_10k_v3/scutrquant/run.log + salvage_rerun.log; RETRY: the 25:52.06 snakemake run did all the compute but exited 1 on a missing nbformat in the report rule; wall_s adds the 4:53.13 salvage rerun of the remaining 4 jobs after installing it. Both attempts disclosed, no failed compute hidden.
pbmc_10k_v3	scUTRquant	scutrquant	f1	10.000000	0.134693	atlas_detected	40519	1845.190000	4.003296	annotation-based: fixed UTRome catalog filtered by detection; runtime source: pbmc_10k_v3/scutrquant/run.log + salvage_rerun.log; RETRY: the 25:52.06 snakemake run did all the compute but exited 1 on a missing nbformat in the report rule; wall_s adds the 4:53.13 salvage rerun of the remaining 4 jobs after installing it. Both attempts disclosed, no failed compute hidden.
pbmc_10k_v3	scUTRquant	scutrquant	f1	25.000000	0.171262	atlas_detected	40519	1845.190000	4.003296	annotation-based: fixed UTRome catalog filtered by detection; runtime source: pbmc_10k_v3/scutrquant/run.log + salvage_rerun.log; RETRY: the 25:52.06 snakemake run did all the compute but exited 1 on a missing nbformat in the report rule; wall_s adds the 4:53.13 salvage rerun of the remaining 4 jobs after installing it. Both attempts disclosed, no failed compute hidden.
pbmc_10k_v3	scUTRquant	scutrquant	f1	50.000000	0.219318	atlas_detected	40519	1845.190000	4.003296	annotation-based: fixed UTRome catalog filtered by detection; runtime source: pbmc_10k_v3/scutrquant/run.log + salvage_rerun.log; RETRY: the 25:52.06 snakemake run did all the compute but exited 1 on a missing nbformat in the report rule; wall_s adds the 4:53.13 salvage rerun of the remaining 4 jobs after installing it. Both attempts disclosed, no failed compute hidden.
pbmc_10k_v3	scUTRquant	scutrquant	f1	100.000000	0.290262	atlas_detected	40519	1845.190000	4.003296	annotation-based: fixed UTRome catalog filtered by detection; runtime source: pbmc_10k_v3/scutrquant/run.log + salvage_rerun.log; RETRY: the 25:52.06 snakemake run did all the compute but exited 1 on a missing nbformat in the report rule; wall_s adds the 4:53.13 salvage rerun of the remaining 4 jobs after installing it. Both attempts disclosed, no failed compute hidden.
pbmc_10k_v3	scUTRquant	scutrquant	f1	200.000000	0.373740	atlas_detected	40519	1845.190000	4.003296	annotation-based: fixed UTRome catalog filtered by detection; runtime source: pbmc_10k_v3/scutrquant/run.log + salvage_rerun.log; RETRY: the 25:52.06 snakemake run did all the compute but exited 1 on a missing nbformat in the report rule; wall_s adds the 4:53.13 salvage rerun of the remaining 4 jobs after installing it. Both attempts disclosed, no failed compute hidden.
pbmc_10k_v3	scUTRquant	scutrquant	precision_null	10.000000	0.002345	atlas_full	40519	1845.190000	4.003296	annotation-based: fixed UTRome catalog filtered by detection; runtime source: pbmc_10k_v3/scutrquant/run.log + salvage_rerun.log; RETRY: the 25:52.06 snakemake run did all the compute but exited 1 on a missing nbformat in the report rule; wall_s adds the 4:53.13 salvage rerun of the remaining 4 jobs after installing it. Both attempts disclosed, no failed compute hidden.; mean of 3 genic-shuffle seeds (min 0.0021, max 0.0026)
pbmc_10k_v3	scUTRquant	scutrquant	precision_null	25.000000	0.005816	atlas_full	40519	1845.190000	4.003296	annotation-based: fixed UTRome catalog filtered by detection; runtime source: pbmc_10k_v3/scutrquant/run.log + salvage_rerun.log; RETRY: the 25:52.06 snakemake run did all the compute but exited 1 on a missing nbformat in the report rule; wall_s adds the 4:53.13 salvage rerun of the remaining 4 jobs after installing it. Both attempts disclosed, no failed compute hidden.; mean of 3 genic-shuffle seeds (min 0.0057, max 0.0060)
pbmc_10k_v3	scUTRquant	scutrquant	precision_null	50.000000	0.011723	atlas_full	40519	1845.190000	4.003296	annotation-based: fixed UTRome catalog filtered by detection; runtime source: pbmc_10k_v3/scutrquant/run.log + salvage_rerun.log; RETRY: the 25:52.06 snakemake run did all the compute but exited 1 on a missing nbformat in the report rule; wall_s adds the 4:53.13 salvage rerun of the remaining 4 jobs after installing it. Both attempts disclosed, no failed compute hidden.; mean of 3 genic-shuffle seeds (min 0.0114, max 0.0120)
pbmc_10k_v3	scUTRquant	scutrquant	precision_null	100.000000	0.021957	atlas_full	40519	1845.190000	4.003296	annotation-based: fixed UTRome catalog filtered by detection; runtime source: pbmc_10k_v3/scutrquant/run.log + salvage_rerun.log; RETRY: the 25:52.06 snakemake run did all the compute but exited 1 on a missing nbformat in the report rule; wall_s adds the 4:53.13 salvage rerun of the remaining 4 jobs after installing it. Both attempts disclosed, no failed compute hidden.; mean of 3 genic-shuffle seeds (min 0.0215, max 0.0225)
pbmc_10k_v3	scUTRquant	scutrquant	precision_null	200.000000	0.039956	atlas_full	40519	1845.190000	4.003296	annotation-based: fixed UTRome catalog filtered by detection; runtime source: pbmc_10k_v3/scutrquant/run.log + salvage_rerun.log; RETRY: the 25:52.06 snakemake run did all the compute but exited 1 on a missing nbformat in the report rule; wall_s adds the 4:53.13 salvage rerun of the remaining 4 jobs after installing it. Both attempts disclosed, no failed compute hidden.; mean of 3 genic-shuffle seeds (min 0.0398, max 0.0403)
pbmc_10k_v3	scUTRquant	scutrquant	replicate			single-sample	40519	1845.190000	4.003296	PRIMARY arm; annotation-based: fixed UTRome catalog filtered by detection; runtime source: pbmc_10k_v3/scutrquant/run.log + salvage_rerun.log; RETRY: the 25:52.06 snakemake run did all the compute but exited 1 on a missing nbformat in the report rule; wall_s adds the 4:53.13 salvage rerun of the remaining 4 jobs after installing it. Both attempts disclosed, no failed compute hidden.
pbmc_10k_v3	Sierra	sierra	precision	10.000000	0.083536	atlas_full	106170	9837.300000	9.585171	runtime source: pbmc_10k_v3/sierra/run.log + junctions.log; end-to-end = regtools junctions extract 18:53.30 (2.25 GiB) + FindPeaks/CountPeaks 2:25:04 (9.59 GiB); one clean run
pbmc_10k_v3	Sierra	sierra	precision	25.000000	0.151804	atlas_full	106170	9837.300000	9.585171	runtime source: pbmc_10k_v3/sierra/run.log + junctions.log; end-to-end = regtools junctions extract 18:53.30 (2.25 GiB) + FindPeaks/CountPeaks 2:25:04 (9.59 GiB); one clean run
pbmc_10k_v3	Sierra	sierra	precision	50.000000	0.214279	atlas_full	106170	9837.300000	9.585171	runtime source: pbmc_10k_v3/sierra/run.log + junctions.log; end-to-end = regtools junctions extract 18:53.30 (2.25 GiB) + FindPeaks/CountPeaks 2:25:04 (9.59 GiB); one clean run
pbmc_10k_v3	Sierra	sierra	precision	100.000000	0.255854	atlas_full	106170	9837.300000	9.585171	runtime source: pbmc_10k_v3/sierra/run.log + junctions.log; end-to-end = regtools junctions extract 18:53.30 (2.25 GiB) + FindPeaks/CountPeaks 2:25:04 (9.59 GiB); one clean run
pbmc_10k_v3	Sierra	sierra	precision	200.000000	0.298182	atlas_full	106170	9837.300000	9.585171	runtime source: pbmc_10k_v3/sierra/run.log + junctions.log; end-to-end = regtools junctions extract 18:53.30 (2.25 GiB) + FindPeaks/CountPeaks 2:25:04 (9.59 GiB); one clean run
pbmc_10k_v3	Sierra	sierra	precision	10.000000	0.069370	tes	106170	9837.300000	9.585171	runtime source: pbmc_10k_v3/sierra/run.log + junctions.log; end-to-end = regtools junctions extract 18:53.30 (2.25 GiB) + FindPeaks/CountPeaks 2:25:04 (9.59 GiB); one clean run
pbmc_10k_v3	Sierra	sierra	precision	25.000000	0.084638	tes	106170	9837.300000	9.585171	runtime source: pbmc_10k_v3/sierra/run.log + junctions.log; end-to-end = regtools junctions extract 18:53.30 (2.25 GiB) + FindPeaks/CountPeaks 2:25:04 (9.59 GiB); one clean run
pbmc_10k_v3	Sierra	sierra	precision	50.000000	0.103005	tes	106170	9837.300000	9.585171	runtime source: pbmc_10k_v3/sierra/run.log + junctions.log; end-to-end = regtools junctions extract 18:53.30 (2.25 GiB) + FindPeaks/CountPeaks 2:25:04 (9.59 GiB); one clean run
pbmc_10k_v3	Sierra	sierra	precision	100.000000	0.114411	tes	106170	9837.300000	9.585171	runtime source: pbmc_10k_v3/sierra/run.log + junctions.log; end-to-end = regtools junctions extract 18:53.30 (2.25 GiB) + FindPeaks/CountPeaks 2:25:04 (9.59 GiB); one clean run
pbmc_10k_v3	Sierra	sierra	precision	200.000000	0.125648	tes	106170	9837.300000	9.585171	runtime source: pbmc_10k_v3/sierra/run.log + junctions.log; end-to-end = regtools junctions extract 18:53.30 (2.25 GiB) + FindPeaks/CountPeaks 2:25:04 (9.59 GiB); one clean run
pbmc_10k_v3	Sierra	sierra	recall	10.000000	0.015439	atlas_full	106170	9837.300000	9.585171	runtime source: pbmc_10k_v3/sierra/run.log + junctions.log; end-to-end = regtools junctions extract 18:53.30 (2.25 GiB) + FindPeaks/CountPeaks 2:25:04 (9.59 GiB); one clean run; denominator=569005
pbmc_10k_v3	Sierra	sierra	recall	25.000000	0.028574	atlas_full	106170	9837.300000	9.585171	runtime source: pbmc_10k_v3/sierra/run.log + junctions.log; end-to-end = regtools junctions extract 18:53.30 (2.25 GiB) + FindPeaks/CountPeaks 2:25:04 (9.59 GiB); one clean run; denominator=569005
pbmc_10k_v3	Sierra	sierra	recall	50.000000	0.047495	atlas_full	106170	9837.300000	9.585171	runtime source: pbmc_10k_v3/sierra/run.log + junctions.log; end-to-end = regtools junctions extract 18:53.30 (2.25 GiB) + FindPeaks/CountPeaks 2:25:04 (9.59 GiB); one clean run; denominator=569005
pbmc_10k_v3	Sierra	sierra	recall	100.000000	0.071873	atlas_full	106170	9837.300000	9.585171	runtime source: pbmc_10k_v3/sierra/run.log + junctions.log; end-to-end = regtools junctions extract 18:53.30 (2.25 GiB) + FindPeaks/CountPeaks 2:25:04 (9.59 GiB); one clean run; denominator=569005
pbmc_10k_v3	Sierra	sierra	recall	200.000000	0.103602	atlas_full	106170	9837.300000	9.585171	runtime source: pbmc_10k_v3/sierra/run.log + junctions.log; end-to-end = regtools junctions extract 18:53.30 (2.25 GiB) + FindPeaks/CountPeaks 2:25:04 (9.59 GiB); one clean run; denominator=569005
pbmc_10k_v3	Sierra	sierra	recall	10.000000	0.028881	atlas_detected	106170	9837.300000	9.585171	runtime source: pbmc_10k_v3/sierra/run.log + junctions.log; end-to-end = regtools junctions extract 18:53.30 (2.25 GiB) + FindPeaks/CountPeaks 2:25:04 (9.59 GiB); one clean run; denominator=285136
pbmc_10k_v3	Sierra	sierra	recall	25.000000	0.053511	atlas_detected	106170	9837.300000	9.585171	runtime source: pbmc_10k_v3/sierra/run.log + junctions.log; end-to-end = regtools junctions extract 18:53.30 (2.25 GiB) + FindPeaks/CountPeaks 2:25:04 (9.59 GiB); one clean run; denominator=285136
pbmc_10k_v3	Sierra	sierra	recall	50.000000	0.089161	atlas_detected	106170	9837.300000	9.585171	runtime source: pbmc_10k_v3/sierra/run.log + junctions.log; end-to-end = regtools junctions extract 18:53.30 (2.25 GiB) + FindPeaks/CountPeaks 2:25:04 (9.59 GiB); one clean run; denominator=285136
pbmc_10k_v3	Sierra	sierra	recall	100.000000	0.135006	atlas_detected	106170	9837.300000	9.585171	runtime source: pbmc_10k_v3/sierra/run.log + junctions.log; end-to-end = regtools junctions extract 18:53.30 (2.25 GiB) + FindPeaks/CountPeaks 2:25:04 (9.59 GiB); one clean run; denominator=285136
pbmc_10k_v3	Sierra	sierra	recall	200.000000	0.194732	atlas_detected	106170	9837.300000	9.585171	runtime source: pbmc_10k_v3/sierra/run.log + junctions.log; end-to-end = regtools junctions extract 18:53.30 (2.25 GiB) + FindPeaks/CountPeaks 2:25:04 (9.59 GiB); one clean run; denominator=285136
pbmc_10k_v3	Sierra	sierra	recall	10.000000	0.139408	tes	106170	9837.300000	9.585171	runtime source: pbmc_10k_v3/sierra/run.log + junctions.log; end-to-end = regtools junctions extract 18:53.30 (2.25 GiB) + FindPeaks/CountPeaks 2:25:04 (9.59 GiB); one clean run; denominator=73439
pbmc_10k_v3	Sierra	sierra	recall	25.000000	0.176500	tes	106170	9837.300000	9.585171	runtime source: pbmc_10k_v3/sierra/run.log + junctions.log; end-to-end = regtools junctions extract 18:53.30 (2.25 GiB) + FindPeaks/CountPeaks 2:25:04 (9.59 GiB); one clean run; denominator=73439
pbmc_10k_v3	Sierra	sierra	recall	50.000000	0.221177	tes	106170	9837.300000	9.585171	runtime source: pbmc_10k_v3/sierra/run.log + junctions.log; end-to-end = regtools junctions extract 18:53.30 (2.25 GiB) + FindPeaks/CountPeaks 2:25:04 (9.59 GiB); one clean run; denominator=73439
pbmc_10k_v3	Sierra	sierra	recall	100.000000	0.254660	tes	106170	9837.300000	9.585171	runtime source: pbmc_10k_v3/sierra/run.log + junctions.log; end-to-end = regtools junctions extract 18:53.30 (2.25 GiB) + FindPeaks/CountPeaks 2:25:04 (9.59 GiB); one clean run; denominator=73439
pbmc_10k_v3	Sierra	sierra	recall	200.000000	0.290745	tes	106170	9837.300000	9.585171	runtime source: pbmc_10k_v3/sierra/run.log + junctions.log; end-to-end = regtools junctions extract 18:53.30 (2.25 GiB) + FindPeaks/CountPeaks 2:25:04 (9.59 GiB); one clean run; denominator=73439
pbmc_10k_v3	Sierra	sierra	f1	10.000000	0.026062	atlas_full	106170	9837.300000	9.585171	runtime source: pbmc_10k_v3/sierra/run.log + junctions.log; end-to-end = regtools junctions extract 18:53.30 (2.25 GiB) + FindPeaks/CountPeaks 2:25:04 (9.59 GiB); one clean run
pbmc_10k_v3	Sierra	sierra	f1	25.000000	0.048096	atlas_full	106170	9837.300000	9.585171	runtime source: pbmc_10k_v3/sierra/run.log + junctions.log; end-to-end = regtools junctions extract 18:53.30 (2.25 GiB) + FindPeaks/CountPeaks 2:25:04 (9.59 GiB); one clean run
pbmc_10k_v3	Sierra	sierra	f1	50.000000	0.077756	atlas_full	106170	9837.300000	9.585171	runtime source: pbmc_10k_v3/sierra/run.log + junctions.log; end-to-end = regtools junctions extract 18:53.30 (2.25 GiB) + FindPeaks/CountPeaks 2:25:04 (9.59 GiB); one clean run
pbmc_10k_v3	Sierra	sierra	f1	100.000000	0.112221	atlas_full	106170	9837.300000	9.585171	runtime source: pbmc_10k_v3/sierra/run.log + junctions.log; end-to-end = regtools junctions extract 18:53.30 (2.25 GiB) + FindPeaks/CountPeaks 2:25:04 (9.59 GiB); one clean run
pbmc_10k_v3	Sierra	sierra	f1	200.000000	0.153775	atlas_full	106170	9837.300000	9.585171	runtime source: pbmc_10k_v3/sierra/run.log + junctions.log; end-to-end = regtools junctions extract 18:53.30 (2.25 GiB) + FindPeaks/CountPeaks 2:25:04 (9.59 GiB); one clean run
pbmc_10k_v3	Sierra	sierra	f1	10.000000	0.042922	atlas_detected	106170	9837.300000	9.585171	runtime source: pbmc_10k_v3/sierra/run.log + junctions.log; end-to-end = regtools junctions extract 18:53.30 (2.25 GiB) + FindPeaks/CountPeaks 2:25:04 (9.59 GiB); one clean run
pbmc_10k_v3	Sierra	sierra	f1	25.000000	0.079129	atlas_detected	106170	9837.300000	9.585171	runtime source: pbmc_10k_v3/sierra/run.log + junctions.log; end-to-end = regtools junctions extract 18:53.30 (2.25 GiB) + FindPeaks/CountPeaks 2:25:04 (9.59 GiB); one clean run
pbmc_10k_v3	Sierra	sierra	f1	50.000000	0.125925	atlas_detected	106170	9837.300000	9.585171	runtime source: pbmc_10k_v3/sierra/run.log + junctions.log; end-to-end = regtools junctions extract 18:53.30 (2.25 GiB) + FindPeaks/CountPeaks 2:25:04 (9.59 GiB); one clean run
pbmc_10k_v3	Sierra	sierra	f1	100.000000	0.176748	atlas_detected	106170	9837.300000	9.585171	runtime source: pbmc_10k_v3/sierra/run.log + junctions.log; end-to-end = regtools junctions extract 18:53.30 (2.25 GiB) + FindPeaks/CountPeaks 2:25:04 (9.59 GiB); one clean run
pbmc_10k_v3	Sierra	sierra	f1	200.000000	0.235601	atlas_detected	106170	9837.300000	9.585171	runtime source: pbmc_10k_v3/sierra/run.log + junctions.log; end-to-end = regtools junctions extract 18:53.30 (2.25 GiB) + FindPeaks/CountPeaks 2:25:04 (9.59 GiB); one clean run
pbmc_10k_v3	Sierra	sierra	precision_null	10.000000	0.002355	atlas_full	106170	9837.300000	9.585171	runtime source: pbmc_10k_v3/sierra/run.log + junctions.log; end-to-end = regtools junctions extract 18:53.30 (2.25 GiB) + FindPeaks/CountPeaks 2:25:04 (9.59 GiB); one clean run; mean of 3 genic-shuffle seeds (min 0.0022, max 0.0025)
pbmc_10k_v3	Sierra	sierra	precision_null	25.000000	0.006119	atlas_full	106170	9837.300000	9.585171	runtime source: pbmc_10k_v3/sierra/run.log + junctions.log; end-to-end = regtools junctions extract 18:53.30 (2.25 GiB) + FindPeaks/CountPeaks 2:25:04 (9.59 GiB); one clean run; mean of 3 genic-shuffle seeds (min 0.0058, max 0.0063)
pbmc_10k_v3	Sierra	sierra	precision_null	50.000000	0.011817	atlas_full	106170	9837.300000	9.585171	runtime source: pbmc_10k_v3/sierra/run.log + junctions.log; end-to-end = regtools junctions extract 18:53.30 (2.25 GiB) + FindPeaks/CountPeaks 2:25:04 (9.59 GiB); one clean run; mean of 3 genic-shuffle seeds (min 0.0113, max 0.0123)
pbmc_10k_v3	Sierra	sierra	precision_null	100.000000	0.022213	atlas_full	106170	9837.300000	9.585171	runtime source: pbmc_10k_v3/sierra/run.log + junctions.log; end-to-end = regtools junctions extract 18:53.30 (2.25 GiB) + FindPeaks/CountPeaks 2:25:04 (9.59 GiB); one clean run; mean of 3 genic-shuffle seeds (min 0.0214, max 0.0227)
pbmc_10k_v3	Sierra	sierra	precision_null	200.000000	0.040808	atlas_full	106170	9837.300000	9.585171	runtime source: pbmc_10k_v3/sierra/run.log + junctions.log; end-to-end = regtools junctions extract 18:53.30 (2.25 GiB) + FindPeaks/CountPeaks 2:25:04 (9.59 GiB); one clean run; mean of 3 genic-shuffle seeds (min 0.0402, max 0.0414)
pbmc_10k_v3	Sierra	sierra	replicate			single-sample	106170	9837.300000	9.585171	PRIMARY arm; runtime source: pbmc_10k_v3/sierra/run.log + junctions.log; end-to-end = regtools junctions extract 18:53.30 (2.25 GiB) + FindPeaks/CountPeaks 2:25:04 (9.59 GiB); one clean run
pbmc_10k_v3	polyApipe	polyapipe_all	precision	10.000000	0.190240	atlas_full	211706	12397.000000	13.088203	sensitivity variant: includes misprime=True peaks; runtime source: pbmc_10k_v3/polyapipe/run.log; re-derived from the polyapipe run output, no separate run; single clean run, exit 0
pbmc_10k_v3	polyApipe	polyapipe_all	precision	25.000000	0.236342	atlas_full	211706	12397.000000	13.088203	sensitivity variant: includes misprime=True peaks; runtime source: pbmc_10k_v3/polyapipe/run.log; re-derived from the polyapipe run output, no separate run; single clean run, exit 0
pbmc_10k_v3	polyApipe	polyapipe_all	precision	50.000000	0.255874	atlas_full	211706	12397.000000	13.088203	sensitivity variant: includes misprime=True peaks; runtime source: pbmc_10k_v3/polyapipe/run.log; re-derived from the polyapipe run output, no separate run; single clean run, exit 0
pbmc_10k_v3	polyApipe	polyapipe_all	precision	100.000000	0.277205	atlas_full	211706	12397.000000	13.088203	sensitivity variant: includes misprime=True peaks; runtime source: pbmc_10k_v3/polyapipe/run.log; re-derived from the polyapipe run output, no separate run; single clean run, exit 0
pbmc_10k_v3	polyApipe	polyapipe_all	precision	200.000000	0.308985	atlas_full	211706	12397.000000	13.088203	sensitivity variant: includes misprime=True peaks; runtime source: pbmc_10k_v3/polyapipe/run.log; re-derived from the polyapipe run output, no separate run; single clean run, exit 0
pbmc_10k_v3	polyApipe	polyapipe_all	precision	10.000000	0.061803	tes	211706	12397.000000	13.088203	sensitivity variant: includes misprime=True peaks; runtime source: pbmc_10k_v3/polyapipe/run.log; re-derived from the polyapipe run output, no separate run; single clean run, exit 0
pbmc_10k_v3	polyApipe	polyapipe_all	precision	25.000000	0.067088	tes	211706	12397.000000	13.088203	sensitivity variant: includes misprime=True peaks; runtime source: pbmc_10k_v3/polyapipe/run.log; re-derived from the polyapipe run output, no separate run; single clean run, exit 0
pbmc_10k_v3	polyApipe	polyapipe_all	precision	50.000000	0.071127	tes	211706	12397.000000	13.088203	sensitivity variant: includes misprime=True peaks; runtime source: pbmc_10k_v3/polyapipe/run.log; re-derived from the polyapipe run output, no separate run; single clean run, exit 0
pbmc_10k_v3	polyApipe	polyapipe_all	precision	100.000000	0.076824	tes	211706	12397.000000	13.088203	sensitivity variant: includes misprime=True peaks; runtime source: pbmc_10k_v3/polyapipe/run.log; re-derived from the polyapipe run output, no separate run; single clean run, exit 0
pbmc_10k_v3	polyApipe	polyapipe_all	precision	200.000000	0.085009	tes	211706	12397.000000	13.088203	sensitivity variant: includes misprime=True peaks; runtime source: pbmc_10k_v3/polyapipe/run.log; re-derived from the polyapipe run output, no separate run; single clean run, exit 0
pbmc_10k_v3	polyApipe	polyapipe_all	recall	10.000000	0.070796	atlas_full	211706	12397.000000	13.088203	sensitivity variant: includes misprime=True peaks; runtime source: pbmc_10k_v3/polyapipe/run.log; re-derived from the polyapipe run output, no separate run; single clean run, exit 0; denominator=569005
pbmc_10k_v3	polyApipe	polyapipe_all	recall	25.000000	0.089567	atlas_full	211706	12397.000000	13.088203	sensitivity variant: includes misprime=True peaks; runtime source: pbmc_10k_v3/polyapipe/run.log; re-derived from the polyapipe run output, no separate run; single clean run, exit 0; denominator=569005
pbmc_10k_v3	polyApipe	polyapipe_all	recall	50.000000	0.112345	atlas_full	211706	12397.000000	13.088203	sensitivity variant: includes misprime=True peaks; runtime source: pbmc_10k_v3/polyapipe/run.log; re-derived from the polyapipe run output, no separate run; single clean run, exit 0; denominator=569005
pbmc_10k_v3	polyApipe	polyapipe_all	recall	100.000000	0.147623	atlas_full	211706	12397.000000	13.088203	sensitivity variant: includes misprime=True peaks; runtime source: pbmc_10k_v3/polyapipe/run.log; re-derived from the polyapipe run output, no separate run; single clean run, exit 0; denominator=569005
pbmc_10k_v3	polyApipe	polyapipe_all	recall	200.000000	0.195664	atlas_full	211706	12397.000000	13.088203	sensitivity variant: includes misprime=True peaks; runtime source: pbmc_10k_v3/polyapipe/run.log; re-derived from the polyapipe run output, no separate run; single clean run, exit 0; denominator=569005
pbmc_10k_v3	polyApipe	polyapipe_all	recall	10.000000	0.110986	atlas_detected	211706	12397.000000	13.088203	sensitivity variant: includes misprime=True peaks; runtime source: pbmc_10k_v3/polyapipe/run.log; re-derived from the polyapipe run output, no separate run; single clean run, exit 0; denominator=285136
pbmc_10k_v3	polyApipe	polyapipe_all	recall	25.000000	0.142136	atlas_detected	211706	12397.000000	13.088203	sensitivity variant: includes misprime=True peaks; runtime source: pbmc_10k_v3/polyapipe/run.log; re-derived from the polyapipe run output, no separate run; single clean run, exit 0; denominator=285136
pbmc_10k_v3	polyApipe	polyapipe_all	recall	50.000000	0.181987	atlas_detected	211706	12397.000000	13.088203	sensitivity variant: includes misprime=True peaks; runtime source: pbmc_10k_v3/polyapipe/run.log; re-derived from the polyapipe run output, no separate run; single clean run, exit 0; denominator=285136
pbmc_10k_v3	polyApipe	polyapipe_all	recall	100.000000	0.243884	atlas_detected	211706	12397.000000	13.088203	sensitivity variant: includes misprime=True peaks; runtime source: pbmc_10k_v3/polyapipe/run.log; re-derived from the polyapipe run output, no separate run; single clean run, exit 0; denominator=285136
pbmc_10k_v3	polyApipe	polyapipe_all	recall	200.000000	0.327279	atlas_detected	211706	12397.000000	13.088203	sensitivity variant: includes misprime=True peaks; runtime source: pbmc_10k_v3/polyapipe/run.log; re-derived from the polyapipe run output, no separate run; single clean run, exit 0; denominator=285136
pbmc_10k_v3	polyApipe	polyapipe_all	recall	10.000000	0.243522	tes	211706	12397.000000	13.088203	sensitivity variant: includes misprime=True peaks; runtime source: pbmc_10k_v3/polyapipe/run.log; re-derived from the polyapipe run output, no separate run; single clean run, exit 0; denominator=73439
pbmc_10k_v3	polyApipe	polyapipe_all	recall	25.000000	0.278122	tes	211706	12397.000000	13.088203	sensitivity variant: includes misprime=True peaks; runtime source: pbmc_10k_v3/polyapipe/run.log; re-derived from the polyapipe run output, no separate run; single clean run, exit 0; denominator=73439
pbmc_10k_v3	polyApipe	polyapipe_all	recall	50.000000	0.306554	tes	211706	12397.000000	13.088203	sensitivity variant: includes misprime=True peaks; runtime source: pbmc_10k_v3/polyapipe/run.log; re-derived from the polyapipe run output, no separate run; single clean run, exit 0; denominator=73439
pbmc_10k_v3	polyApipe	polyapipe_all	recall	100.000000	0.341372	tes	211706	12397.000000	13.088203	sensitivity variant: includes misprime=True peaks; runtime source: pbmc_10k_v3/polyapipe/run.log; re-derived from the polyapipe run output, no separate run; single clean run, exit 0; denominator=73439
pbmc_10k_v3	polyApipe	polyapipe_all	recall	200.000000	0.392217	tes	211706	12397.000000	13.088203	sensitivity variant: includes misprime=True peaks; runtime source: pbmc_10k_v3/polyapipe/run.log; re-derived from the polyapipe run output, no separate run; single clean run, exit 0; denominator=73439
pbmc_10k_v3	polyApipe	polyapipe_all	f1	10.000000	0.103190	atlas_full	211706	12397.000000	13.088203	sensitivity variant: includes misprime=True peaks; runtime source: pbmc_10k_v3/polyapipe/run.log; re-derived from the polyapipe run output, no separate run; single clean run, exit 0
pbmc_10k_v3	polyApipe	polyapipe_all	f1	25.000000	0.129904	atlas_full	211706	12397.000000	13.088203	sensitivity variant: includes misprime=True peaks; runtime source: pbmc_10k_v3/polyapipe/run.log; re-derived from the polyapipe run output, no separate run; single clean run, exit 0
pbmc_10k_v3	polyApipe	polyapipe_all	f1	50.000000	0.156136	atlas_full	211706	12397.000000	13.088203	sensitivity variant: includes misprime=True peaks; runtime source: pbmc_10k_v3/polyapipe/run.log; re-derived from the polyapipe run output, no separate run; single clean run, exit 0
pbmc_10k_v3	polyApipe	polyapipe_all	f1	100.000000	0.192651	atlas_full	211706	12397.000000	13.088203	sensitivity variant: includes misprime=True peaks; runtime source: pbmc_10k_v3/polyapipe/run.log; re-derived from the polyapipe run output, no separate run; single clean run, exit 0
pbmc_10k_v3	polyApipe	polyapipe_all	f1	200.000000	0.239601	atlas_full	211706	12397.000000	13.088203	sensitivity variant: includes misprime=True peaks; runtime source: pbmc_10k_v3/polyapipe/run.log; re-derived from the polyapipe run output, no separate run; single clean run, exit 0
pbmc_10k_v3	polyApipe	polyapipe_all	f1	10.000000	0.140187	atlas_detected	211706	12397.000000	13.088203	sensitivity variant: includes misprime=True peaks; runtime source: pbmc_10k_v3/polyapipe/run.log; re-derived from the polyapipe run output, no separate run; single clean run, exit 0
pbmc_10k_v3	polyApipe	polyapipe_all	f1	25.000000	0.177514	atlas_detected	211706	12397.000000	13.088203	sensitivity variant: includes misprime=True peaks; runtime source: pbmc_10k_v3/polyapipe/run.log; re-derived from the polyapipe run output, no separate run; single clean run, exit 0
pbmc_10k_v3	polyApipe	polyapipe_all	f1	50.000000	0.212696	atlas_detected	211706	12397.000000	13.088203	sensitivity variant: includes misprime=True peaks; runtime source: pbmc_10k_v3/polyapipe/run.log; re-derived from the polyapipe run output, no separate run; single clean run, exit 0
pbmc_10k_v3	polyApipe	polyapipe_all	f1	100.000000	0.259479	atlas_detected	211706	12397.000000	13.088203	sensitivity variant: includes misprime=True peaks; runtime source: pbmc_10k_v3/polyapipe/run.log; re-derived from the polyapipe run output, no separate run; single clean run, exit 0
pbmc_10k_v3	polyApipe	polyapipe_all	f1	200.000000	0.317869	atlas_detected	211706	12397.000000	13.088203	sensitivity variant: includes misprime=True peaks; runtime source: pbmc_10k_v3/polyapipe/run.log; re-derived from the polyapipe run output, no separate run; single clean run, exit 0
pbmc_10k_v3	polyApipe	polyapipe_all	precision_null	10.000000	0.002663	atlas_full	211706	12397.000000	13.088203	sensitivity variant: includes misprime=True peaks; runtime source: pbmc_10k_v3/polyapipe/run.log; re-derived from the polyapipe run output, no separate run; single clean run, exit 0; mean of 3 genic-shuffle seeds (min 0.0026, max 0.0027)
pbmc_10k_v3	polyApipe	polyapipe_all	precision_null	25.000000	0.006234	atlas_full	211706	12397.000000	13.088203	sensitivity variant: includes misprime=True peaks; runtime source: pbmc_10k_v3/polyapipe/run.log; re-derived from the polyapipe run output, no separate run; single clean run, exit 0; mean of 3 genic-shuffle seeds (min 0.0060, max 0.0065)
pbmc_10k_v3	polyApipe	polyapipe_all	precision_null	50.000000	0.011999	atlas_full	211706	12397.000000	13.088203	sensitivity variant: includes misprime=True peaks; runtime source: pbmc_10k_v3/polyapipe/run.log; re-derived from the polyapipe run output, no separate run; single clean run, exit 0; mean of 3 genic-shuffle seeds (min 0.0118, max 0.0123)
pbmc_10k_v3	polyApipe	polyapipe_all	precision_null	100.000000	0.022464	atlas_full	211706	12397.000000	13.088203	sensitivity variant: includes misprime=True peaks; runtime source: pbmc_10k_v3/polyapipe/run.log; re-derived from the polyapipe run output, no separate run; single clean run, exit 0; mean of 3 genic-shuffle seeds (min 0.0222, max 0.0228)
pbmc_10k_v3	polyApipe	polyapipe_all	precision_null	200.000000	0.041148	atlas_full	211706	12397.000000	13.088203	sensitivity variant: includes misprime=True peaks; runtime source: pbmc_10k_v3/polyapipe/run.log; re-derived from the polyapipe run output, no separate run; single clean run, exit 0; mean of 3 genic-shuffle seeds (min 0.0410, max 0.0413)
pbmc_10k_v3	polyApipe	polyapipe_all	replicate			single-sample	211706	12397.000000	13.088203	SENSITIVITY/DIAGNOSTIC arm, not plotted; sensitivity variant: includes misprime=True peaks; runtime source: pbmc_10k_v3/polyapipe/run.log; re-derived from the polyapipe run output, no separate run; single clean run, exit 0
pbmc_10k_v3	SCAPTURE	scapture_all	precision	10.000000	0.085898	atlas_full	159166	44022.000000	23.041031	sensitivity variant: all evaluated peaks, no DeepPASS filter; runtime source: pbmc_10k_v3/scapture/run.log; re-derived from the scapture run output, no separate run; two mandatory stages of one run: PAScall 8:57:58 (23.04 GiB) + PASquant 3:15:44 (3.29 GiB); annotation prebuild (anno.log) not timed. PASquant's cell x PAS matrix came out empty (36,204 PAS rows, zero cells) -- the PAS call set is unaffected but this tool has no usable per-PAS depth on this dataset
pbmc_10k_v3	SCAPTURE	scapture_all	precision	25.000000	0.160524	atlas_full	159166	44022.000000	23.041031	sensitivity variant: all evaluated peaks, no DeepPASS filter; runtime source: pbmc_10k_v3/scapture/run.log; re-derived from the scapture run output, no separate run; two mandatory stages of one run: PAScall 8:57:58 (23.04 GiB) + PASquant 3:15:44 (3.29 GiB); annotation prebuild (anno.log) not timed. PASquant's cell x PAS matrix came out empty (36,204 PAS rows, zero cells) -- the PAS call set is unaffected but this tool has no usable per-PAS depth on this dataset
pbmc_10k_v3	SCAPTURE	scapture_all	precision	50.000000	0.222076	atlas_full	159166	44022.000000	23.041031	sensitivity variant: all evaluated peaks, no DeepPASS filter; runtime source: pbmc_10k_v3/scapture/run.log; re-derived from the scapture run output, no separate run; two mandatory stages of one run: PAScall 8:57:58 (23.04 GiB) + PASquant 3:15:44 (3.29 GiB); annotation prebuild (anno.log) not timed. PASquant's cell x PAS matrix came out empty (36,204 PAS rows, zero cells) -- the PAS call set is unaffected but this tool has no usable per-PAS depth on this dataset
pbmc_10k_v3	SCAPTURE	scapture_all	precision	100.000000	0.254552	atlas_full	159166	44022.000000	23.041031	sensitivity variant: all evaluated peaks, no DeepPASS filter; runtime source: pbmc_10k_v3/scapture/run.log; re-derived from the scapture run output, no separate run; two mandatory stages of one run: PAScall 8:57:58 (23.04 GiB) + PASquant 3:15:44 (3.29 GiB); annotation prebuild (anno.log) not timed. PASquant's cell x PAS matrix came out empty (36,204 PAS rows, zero cells) -- the PAS call set is unaffected but this tool has no usable per-PAS depth on this dataset
pbmc_10k_v3	SCAPTURE	scapture_all	precision	200.000000	0.290137	atlas_full	159166	44022.000000	23.041031	sensitivity variant: all evaluated peaks, no DeepPASS filter; runtime source: pbmc_10k_v3/scapture/run.log; re-derived from the scapture run output, no separate run; two mandatory stages of one run: PAScall 8:57:58 (23.04 GiB) + PASquant 3:15:44 (3.29 GiB); annotation prebuild (anno.log) not timed. PASquant's cell x PAS matrix came out empty (36,204 PAS rows, zero cells) -- the PAS call set is unaffected but this tool has no usable per-PAS depth on this dataset
pbmc_10k_v3	SCAPTURE	scapture_all	precision	10.000000	0.059516	tes	159166	44022.000000	23.041031	sensitivity variant: all evaluated peaks, no DeepPASS filter; runtime source: pbmc_10k_v3/scapture/run.log; re-derived from the scapture run output, no separate run; two mandatory stages of one run: PAScall 8:57:58 (23.04 GiB) + PASquant 3:15:44 (3.29 GiB); annotation prebuild (anno.log) not timed. PASquant's cell x PAS matrix came out empty (36,204 PAS rows, zero cells) -- the PAS call set is unaffected but this tool has no usable per-PAS depth on this dataset
pbmc_10k_v3	SCAPTURE	scapture_all	precision	25.000000	0.085232	tes	159166	44022.000000	23.041031	sensitivity variant: all evaluated peaks, no DeepPASS filter; runtime source: pbmc_10k_v3/scapture/run.log; re-derived from the scapture run output, no separate run; two mandatory stages of one run: PAScall 8:57:58 (23.04 GiB) + PASquant 3:15:44 (3.29 GiB); annotation prebuild (anno.log) not timed. PASquant's cell x PAS matrix came out empty (36,204 PAS rows, zero cells) -- the PAS call set is unaffected but this tool has no usable per-PAS depth on this dataset
pbmc_10k_v3	SCAPTURE	scapture_all	precision	50.000000	0.101787	tes	159166	44022.000000	23.041031	sensitivity variant: all evaluated peaks, no DeepPASS filter; runtime source: pbmc_10k_v3/scapture/run.log; re-derived from the scapture run output, no separate run; two mandatory stages of one run: PAScall 8:57:58 (23.04 GiB) + PASquant 3:15:44 (3.29 GiB); annotation prebuild (anno.log) not timed. PASquant's cell x PAS matrix came out empty (36,204 PAS rows, zero cells) -- the PAS call set is unaffected but this tool has no usable per-PAS depth on this dataset
pbmc_10k_v3	SCAPTURE	scapture_all	precision	100.000000	0.109691	tes	159166	44022.000000	23.041031	sensitivity variant: all evaluated peaks, no DeepPASS filter; runtime source: pbmc_10k_v3/scapture/run.log; re-derived from the scapture run output, no separate run; two mandatory stages of one run: PAScall 8:57:58 (23.04 GiB) + PASquant 3:15:44 (3.29 GiB); annotation prebuild (anno.log) not timed. PASquant's cell x PAS matrix came out empty (36,204 PAS rows, zero cells) -- the PAS call set is unaffected but this tool has no usable per-PAS depth on this dataset
pbmc_10k_v3	SCAPTURE	scapture_all	precision	200.000000	0.117902	tes	159166	44022.000000	23.041031	sensitivity variant: all evaluated peaks, no DeepPASS filter; runtime source: pbmc_10k_v3/scapture/run.log; re-derived from the scapture run output, no separate run; two mandatory stages of one run: PAScall 8:57:58 (23.04 GiB) + PASquant 3:15:44 (3.29 GiB); annotation prebuild (anno.log) not timed. PASquant's cell x PAS matrix came out empty (36,204 PAS rows, zero cells) -- the PAS call set is unaffected but this tool has no usable per-PAS depth on this dataset
pbmc_10k_v3	SCAPTURE	scapture_all	recall	10.000000	0.023887	atlas_full	159166	44022.000000	23.041031	sensitivity variant: all evaluated peaks, no DeepPASS filter; runtime source: pbmc_10k_v3/scapture/run.log; re-derived from the scapture run output, no separate run; two mandatory stages of one run: PAScall 8:57:58 (23.04 GiB) + PASquant 3:15:44 (3.29 GiB); annotation prebuild (anno.log) not timed. PASquant's cell x PAS matrix came out empty (36,204 PAS rows, zero cells) -- the PAS call set is unaffected but this tool has no usable per-PAS depth on this dataset; denominator=569005
pbmc_10k_v3	SCAPTURE	scapture_all	recall	25.000000	0.046457	atlas_full	159166	44022.000000	23.041031	sensitivity variant: all evaluated peaks, no DeepPASS filter; runtime source: pbmc_10k_v3/scapture/run.log; re-derived from the scapture run output, no separate run; two mandatory stages of one run: PAScall 8:57:58 (23.04 GiB) + PASquant 3:15:44 (3.29 GiB); annotation prebuild (anno.log) not timed. PASquant's cell x PAS matrix came out empty (36,204 PAS rows, zero cells) -- the PAS call set is unaffected but this tool has no usable per-PAS depth on this dataset; denominator=569005
pbmc_10k_v3	SCAPTURE	scapture_all	recall	50.000000	0.075073	atlas_full	159166	44022.000000	23.041031	sensitivity variant: all evaluated peaks, no DeepPASS filter; runtime source: pbmc_10k_v3/scapture/run.log; re-derived from the scapture run output, no separate run; two mandatory stages of one run: PAScall 8:57:58 (23.04 GiB) + PASquant 3:15:44 (3.29 GiB); annotation prebuild (anno.log) not timed. PASquant's cell x PAS matrix came out empty (36,204 PAS rows, zero cells) -- the PAS call set is unaffected but this tool has no usable per-PAS depth on this dataset; denominator=569005
pbmc_10k_v3	SCAPTURE	scapture_all	recall	100.000000	0.106400	atlas_full	159166	44022.000000	23.041031	sensitivity variant: all evaluated peaks, no DeepPASS filter; runtime source: pbmc_10k_v3/scapture/run.log; re-derived from the scapture run output, no separate run; two mandatory stages of one run: PAScall 8:57:58 (23.04 GiB) + PASquant 3:15:44 (3.29 GiB); annotation prebuild (anno.log) not timed. PASquant's cell x PAS matrix came out empty (36,204 PAS rows, zero cells) -- the PAS call set is unaffected but this tool has no usable per-PAS depth on this dataset; denominator=569005
pbmc_10k_v3	SCAPTURE	scapture_all	recall	200.000000	0.146758	atlas_full	159166	44022.000000	23.041031	sensitivity variant: all evaluated peaks, no DeepPASS filter; runtime source: pbmc_10k_v3/scapture/run.log; re-derived from the scapture run output, no separate run; two mandatory stages of one run: PAScall 8:57:58 (23.04 GiB) + PASquant 3:15:44 (3.29 GiB); annotation prebuild (anno.log) not timed. PASquant's cell x PAS matrix came out empty (36,204 PAS rows, zero cells) -- the PAS call set is unaffected but this tool has no usable per-PAS depth on this dataset; denominator=569005
pbmc_10k_v3	SCAPTURE	scapture_all	recall	10.000000	0.039413	atlas_detected	159166	44022.000000	23.041031	sensitivity variant: all evaluated peaks, no DeepPASS filter; runtime source: pbmc_10k_v3/scapture/run.log; re-derived from the scapture run output, no separate run; two mandatory stages of one run: PAScall 8:57:58 (23.04 GiB) + PASquant 3:15:44 (3.29 GiB); annotation prebuild (anno.log) not timed. PASquant's cell x PAS matrix came out empty (36,204 PAS rows, zero cells) -- the PAS call set is unaffected but this tool has no usable per-PAS depth on this dataset; denominator=285136
pbmc_10k_v3	SCAPTURE	scapture_all	recall	25.000000	0.077893	atlas_detected	159166	44022.000000	23.041031	sensitivity variant: all evaluated peaks, no DeepPASS filter; runtime source: pbmc_10k_v3/scapture/run.log; re-derived from the scapture run output, no separate run; two mandatory stages of one run: PAScall 8:57:58 (23.04 GiB) + PASquant 3:15:44 (3.29 GiB); annotation prebuild (anno.log) not timed. PASquant's cell x PAS matrix came out empty (36,204 PAS rows, zero cells) -- the PAS call set is unaffected but this tool has no usable per-PAS depth on this dataset; denominator=285136
pbmc_10k_v3	SCAPTURE	scapture_all	recall	50.000000	0.126957	atlas_detected	159166	44022.000000	23.041031	sensitivity variant: all evaluated peaks, no DeepPASS filter; runtime source: pbmc_10k_v3/scapture/run.log; re-derived from the scapture run output, no separate run; two mandatory stages of one run: PAScall 8:57:58 (23.04 GiB) + PASquant 3:15:44 (3.29 GiB); annotation prebuild (anno.log) not timed. PASquant's cell x PAS matrix came out empty (36,204 PAS rows, zero cells) -- the PAS call set is unaffected but this tool has no usable per-PAS depth on this dataset; denominator=285136
pbmc_10k_v3	SCAPTURE	scapture_all	recall	100.000000	0.180854	atlas_detected	159166	44022.000000	23.041031	sensitivity variant: all evaluated peaks, no DeepPASS filter; runtime source: pbmc_10k_v3/scapture/run.log; re-derived from the scapture run output, no separate run; two mandatory stages of one run: PAScall 8:57:58 (23.04 GiB) + PASquant 3:15:44 (3.29 GiB); annotation prebuild (anno.log) not timed. PASquant's cell x PAS matrix came out empty (36,204 PAS rows, zero cells) -- the PAS call set is unaffected but this tool has no usable per-PAS depth on this dataset; denominator=285136
pbmc_10k_v3	SCAPTURE	scapture_all	recall	200.000000	0.250084	atlas_detected	159166	44022.000000	23.041031	sensitivity variant: all evaluated peaks, no DeepPASS filter; runtime source: pbmc_10k_v3/scapture/run.log; re-derived from the scapture run output, no separate run; two mandatory stages of one run: PAScall 8:57:58 (23.04 GiB) + PASquant 3:15:44 (3.29 GiB); annotation prebuild (anno.log) not timed. PASquant's cell x PAS matrix came out empty (36,204 PAS rows, zero cells) -- the PAS call set is unaffected but this tool has no usable per-PAS depth on this dataset; denominator=285136
pbmc_10k_v3	SCAPTURE	scapture_all	recall	10.000000	0.172143	tes	159166	44022.000000	23.041031	sensitivity variant: all evaluated peaks, no DeepPASS filter; runtime source: pbmc_10k_v3/scapture/run.log; re-derived from the scapture run output, no separate run; two mandatory stages of one run: PAScall 8:57:58 (23.04 GiB) + PASquant 3:15:44 (3.29 GiB); annotation prebuild (anno.log) not timed. PASquant's cell x PAS matrix came out empty (36,204 PAS rows, zero cells) -- the PAS call set is unaffected but this tool has no usable per-PAS depth on this dataset; denominator=73439
pbmc_10k_v3	SCAPTURE	scapture_all	recall	25.000000	0.264192	tes	159166	44022.000000	23.041031	sensitivity variant: all evaluated peaks, no DeepPASS filter; runtime source: pbmc_10k_v3/scapture/run.log; re-derived from the scapture run output, no separate run; two mandatory stages of one run: PAScall 8:57:58 (23.04 GiB) + PASquant 3:15:44 (3.29 GiB); annotation prebuild (anno.log) not timed. PASquant's cell x PAS matrix came out empty (36,204 PAS rows, zero cells) -- the PAS call set is unaffected but this tool has no usable per-PAS depth on this dataset; denominator=73439
pbmc_10k_v3	SCAPTURE	scapture_all	recall	50.000000	0.326203	tes	159166	44022.000000	23.041031	sensitivity variant: all evaluated peaks, no DeepPASS filter; runtime source: pbmc_10k_v3/scapture/run.log; re-derived from the scapture run output, no separate run; two mandatory stages of one run: PAScall 8:57:58 (23.04 GiB) + PASquant 3:15:44 (3.29 GiB); annotation prebuild (anno.log) not timed. PASquant's cell x PAS matrix came out empty (36,204 PAS rows, zero cells) -- the PAS call set is unaffected but this tool has no usable per-PAS depth on this dataset; denominator=73439
pbmc_10k_v3	SCAPTURE	scapture_all	recall	100.000000	0.364833	tes	159166	44022.000000	23.041031	sensitivity variant: all evaluated peaks, no DeepPASS filter; runtime source: pbmc_10k_v3/scapture/run.log; re-derived from the scapture run output, no separate run; two mandatory stages of one run: PAScall 8:57:58 (23.04 GiB) + PASquant 3:15:44 (3.29 GiB); annotation prebuild (anno.log) not timed. PASquant's cell x PAS matrix came out empty (36,204 PAS rows, zero cells) -- the PAS call set is unaffected but this tool has no usable per-PAS depth on this dataset; denominator=73439
pbmc_10k_v3	SCAPTURE	scapture_all	recall	200.000000	0.409946	tes	159166	44022.000000	23.041031	sensitivity variant: all evaluated peaks, no DeepPASS filter; runtime source: pbmc_10k_v3/scapture/run.log; re-derived from the scapture run output, no separate run; two mandatory stages of one run: PAScall 8:57:58 (23.04 GiB) + PASquant 3:15:44 (3.29 GiB); annotation prebuild (anno.log) not timed. PASquant's cell x PAS matrix came out empty (36,204 PAS rows, zero cells) -- the PAS call set is unaffected but this tool has no usable per-PAS depth on this dataset; denominator=73439
pbmc_10k_v3	SCAPTURE	scapture_all	f1	10.000000	0.037380	atlas_full	159166	44022.000000	23.041031	sensitivity variant: all evaluated peaks, no DeepPASS filter; runtime source: pbmc_10k_v3/scapture/run.log; re-derived from the scapture run output, no separate run; two mandatory stages of one run: PAScall 8:57:58 (23.04 GiB) + PASquant 3:15:44 (3.29 GiB); annotation prebuild (anno.log) not timed. PASquant's cell x PAS matrix came out empty (36,204 PAS rows, zero cells) -- the PAS call set is unaffected but this tool has no usable per-PAS depth on this dataset
pbmc_10k_v3	SCAPTURE	scapture_all	f1	25.000000	0.072059	atlas_full	159166	44022.000000	23.041031	sensitivity variant: all evaluated peaks, no DeepPASS filter; runtime source: pbmc_10k_v3/scapture/run.log; re-derived from the scapture run output, no separate run; two mandatory stages of one run: PAScall 8:57:58 (23.04 GiB) + PASquant 3:15:44 (3.29 GiB); annotation prebuild (anno.log) not timed. PASquant's cell x PAS matrix came out empty (36,204 PAS rows, zero cells) -- the PAS call set is unaffected but this tool has no usable per-PAS depth on this dataset
pbmc_10k_v3	SCAPTURE	scapture_all	f1	50.000000	0.112213	atlas_full	159166	44022.000000	23.041031	sensitivity variant: all evaluated peaks, no DeepPASS filter; runtime source: pbmc_10k_v3/scapture/run.log; re-derived from the scapture run output, no separate run; two mandatory stages of one run: PAScall 8:57:58 (23.04 GiB) + PASquant 3:15:44 (3.29 GiB); annotation prebuild (anno.log) not timed. PASquant's cell x PAS matrix came out empty (36,204 PAS rows, zero cells) -- the PAS call set is unaffected but this tool has no usable per-PAS depth on this dataset
pbmc_10k_v3	SCAPTURE	scapture_all	f1	100.000000	0.150071	atlas_full	159166	44022.000000	23.041031	sensitivity variant: all evaluated peaks, no DeepPASS filter; runtime source: pbmc_10k_v3/scapture/run.log; re-derived from the scapture run output, no separate run; two mandatory stages of one run: PAScall 8:57:58 (23.04 GiB) + PASquant 3:15:44 (3.29 GiB); annotation prebuild (anno.log) not timed. PASquant's cell x PAS matrix came out empty (36,204 PAS rows, zero cells) -- the PAS call set is unaffected but this tool has no usable per-PAS depth on this dataset
pbmc_10k_v3	SCAPTURE	scapture_all	f1	200.000000	0.194921	atlas_full	159166	44022.000000	23.041031	sensitivity variant: all evaluated peaks, no DeepPASS filter; runtime source: pbmc_10k_v3/scapture/run.log; re-derived from the scapture run output, no separate run; two mandatory stages of one run: PAScall 8:57:58 (23.04 GiB) + PASquant 3:15:44 (3.29 GiB); annotation prebuild (anno.log) not timed. PASquant's cell x PAS matrix came out empty (36,204 PAS rows, zero cells) -- the PAS call set is unaffected but this tool has no usable per-PAS depth on this dataset
pbmc_10k_v3	SCAPTURE	scapture_all	f1	10.000000	0.054033	atlas_detected	159166	44022.000000	23.041031	sensitivity variant: all evaluated peaks, no DeepPASS filter; runtime source: pbmc_10k_v3/scapture/run.log; re-derived from the scapture run output, no separate run; two mandatory stages of one run: PAScall 8:57:58 (23.04 GiB) + PASquant 3:15:44 (3.29 GiB); annotation prebuild (anno.log) not timed. PASquant's cell x PAS matrix came out empty (36,204 PAS rows, zero cells) -- the PAS call set is unaffected but this tool has no usable per-PAS depth on this dataset
pbmc_10k_v3	SCAPTURE	scapture_all	f1	25.000000	0.104889	atlas_detected	159166	44022.000000	23.041031	sensitivity variant: all evaluated peaks, no DeepPASS filter; runtime source: pbmc_10k_v3/scapture/run.log; re-derived from the scapture run output, no separate run; two mandatory stages of one run: PAScall 8:57:58 (23.04 GiB) + PASquant 3:15:44 (3.29 GiB); annotation prebuild (anno.log) not timed. PASquant's cell x PAS matrix came out empty (36,204 PAS rows, zero cells) -- the PAS call set is unaffected but this tool has no usable per-PAS depth on this dataset
pbmc_10k_v3	SCAPTURE	scapture_all	f1	50.000000	0.161556	atlas_detected	159166	44022.000000	23.041031	sensitivity variant: all evaluated peaks, no DeepPASS filter; runtime source: pbmc_10k_v3/scapture/run.log; re-derived from the scapture run output, no separate run; two mandatory stages of one run: PAScall 8:57:58 (23.04 GiB) + PASquant 3:15:44 (3.29 GiB); annotation prebuild (anno.log) not timed. PASquant's cell x PAS matrix came out empty (36,204 PAS rows, zero cells) -- the PAS call set is unaffected but this tool has no usable per-PAS depth on this dataset
pbmc_10k_v3	SCAPTURE	scapture_all	f1	100.000000	0.211466	atlas_detected	159166	44022.000000	23.041031	sensitivity variant: all evaluated peaks, no DeepPASS filter; runtime source: pbmc_10k_v3/scapture/run.log; re-derived from the scapture run output, no separate run; two mandatory stages of one run: PAScall 8:57:58 (23.04 GiB) + PASquant 3:15:44 (3.29 GiB); annotation prebuild (anno.log) not timed. PASquant's cell x PAS matrix came out empty (36,204 PAS rows, zero cells) -- the PAS call set is unaffected but this tool has no usable per-PAS depth on this dataset
pbmc_10k_v3	SCAPTURE	scapture_all	f1	200.000000	0.268626	atlas_detected	159166	44022.000000	23.041031	sensitivity variant: all evaluated peaks, no DeepPASS filter; runtime source: pbmc_10k_v3/scapture/run.log; re-derived from the scapture run output, no separate run; two mandatory stages of one run: PAScall 8:57:58 (23.04 GiB) + PASquant 3:15:44 (3.29 GiB); annotation prebuild (anno.log) not timed. PASquant's cell x PAS matrix came out empty (36,204 PAS rows, zero cells) -- the PAS call set is unaffected but this tool has no usable per-PAS depth on this dataset
pbmc_10k_v3	SCAPTURE	scapture_all	precision_null	10.000000	0.002544	atlas_full	159166	44022.000000	23.041031	sensitivity variant: all evaluated peaks, no DeepPASS filter; runtime source: pbmc_10k_v3/scapture/run.log; re-derived from the scapture run output, no separate run; two mandatory stages of one run: PAScall 8:57:58 (23.04 GiB) + PASquant 3:15:44 (3.29 GiB); annotation prebuild (anno.log) not timed. PASquant's cell x PAS matrix came out empty (36,204 PAS rows, zero cells) -- the PAS call set is unaffected but this tool has no usable per-PAS depth on this dataset; mean of 3 genic-shuffle seeds (min 0.0024, max 0.0027)
pbmc_10k_v3	SCAPTURE	scapture_all	precision_null	25.000000	0.006100	atlas_full	159166	44022.000000	23.041031	sensitivity variant: all evaluated peaks, no DeepPASS filter; runtime source: pbmc_10k_v3/scapture/run.log; re-derived from the scapture run output, no separate run; two mandatory stages of one run: PAScall 8:57:58 (23.04 GiB) + PASquant 3:15:44 (3.29 GiB); annotation prebuild (anno.log) not timed. PASquant's cell x PAS matrix came out empty (36,204 PAS rows, zero cells) -- the PAS call set is unaffected but this tool has no usable per-PAS depth on this dataset; mean of 3 genic-shuffle seeds (min 0.0060, max 0.0063)
pbmc_10k_v3	SCAPTURE	scapture_all	precision_null	50.000000	0.011858	atlas_full	159166	44022.000000	23.041031	sensitivity variant: all evaluated peaks, no DeepPASS filter; runtime source: pbmc_10k_v3/scapture/run.log; re-derived from the scapture run output, no separate run; two mandatory stages of one run: PAScall 8:57:58 (23.04 GiB) + PASquant 3:15:44 (3.29 GiB); annotation prebuild (anno.log) not timed. PASquant's cell x PAS matrix came out empty (36,204 PAS rows, zero cells) -- the PAS call set is unaffected but this tool has no usable per-PAS depth on this dataset; mean of 3 genic-shuffle seeds (min 0.0118, max 0.0119)
pbmc_10k_v3	SCAPTURE	scapture_all	precision_null	100.000000	0.022199	atlas_full	159166	44022.000000	23.041031	sensitivity variant: all evaluated peaks, no DeepPASS filter; runtime source: pbmc_10k_v3/scapture/run.log; re-derived from the scapture run output, no separate run; two mandatory stages of one run: PAScall 8:57:58 (23.04 GiB) + PASquant 3:15:44 (3.29 GiB); annotation prebuild (anno.log) not timed. PASquant's cell x PAS matrix came out empty (36,204 PAS rows, zero cells) -- the PAS call set is unaffected but this tool has no usable per-PAS depth on this dataset; mean of 3 genic-shuffle seeds (min 0.0217, max 0.0225)
pbmc_10k_v3	SCAPTURE	scapture_all	precision_null	200.000000	0.040865	atlas_full	159166	44022.000000	23.041031	sensitivity variant: all evaluated peaks, no DeepPASS filter; runtime source: pbmc_10k_v3/scapture/run.log; re-derived from the scapture run output, no separate run; two mandatory stages of one run: PAScall 8:57:58 (23.04 GiB) + PASquant 3:15:44 (3.29 GiB); annotation prebuild (anno.log) not timed. PASquant's cell x PAS matrix came out empty (36,204 PAS rows, zero cells) -- the PAS call set is unaffected but this tool has no usable per-PAS depth on this dataset; mean of 3 genic-shuffle seeds (min 0.0405, max 0.0413)
pbmc_10k_v3	SCAPTURE	scapture_all	replicate			single-sample	159166	44022.000000	23.041031	SENSITIVITY/DIAGNOSTIC arm, not plotted; sensitivity variant: all evaluated peaks, no DeepPASS filter; runtime source: pbmc_10k_v3/scapture/run.log; re-derived from the scapture run output, no separate run; two mandatory stages of one run: PAScall 8:57:58 (23.04 GiB) + PASquant 3:15:44 (3.29 GiB); annotation prebuild (anno.log) not timed. PASquant's cell x PAS matrix came out empty (36,204 PAS rows, zero cells) -- the PAS call set is unaffected but this tool has no usable per-PAS depth on this dataset
pbmc_10k_v3	Sierra	sierra_summit	precision	10.000000	0.019003	atlas_full	105143	9837.300000	9.585171	sensitivity variant: MaxPosition coverage summit instead of 3' of fit; runtime source: pbmc_10k_v3/sierra/run.log + junctions.log; re-derived from the sierra run output, no separate run; end-to-end = regtools junctions extract 18:53.30 (2.25 GiB) + FindPeaks/CountPeaks 2:25:04 (9.59 GiB); one clean run
pbmc_10k_v3	Sierra	sierra_summit	precision	25.000000	0.043893	atlas_full	105143	9837.300000	9.585171	sensitivity variant: MaxPosition coverage summit instead of 3' of fit; runtime source: pbmc_10k_v3/sierra/run.log + junctions.log; re-derived from the sierra run output, no separate run; end-to-end = regtools junctions extract 18:53.30 (2.25 GiB) + FindPeaks/CountPeaks 2:25:04 (9.59 GiB); one clean run
pbmc_10k_v3	Sierra	sierra_summit	precision	50.000000	0.075421	atlas_full	105143	9837.300000	9.585171	sensitivity variant: MaxPosition coverage summit instead of 3' of fit; runtime source: pbmc_10k_v3/sierra/run.log + junctions.log; re-derived from the sierra run output, no separate run; end-to-end = regtools junctions extract 18:53.30 (2.25 GiB) + FindPeaks/CountPeaks 2:25:04 (9.59 GiB); one clean run
pbmc_10k_v3	Sierra	sierra_summit	precision	100.000000	0.124744	atlas_full	105143	9837.300000	9.585171	sensitivity variant: MaxPosition coverage summit instead of 3' of fit; runtime source: pbmc_10k_v3/sierra/run.log + junctions.log; re-derived from the sierra run output, no separate run; end-to-end = regtools junctions extract 18:53.30 (2.25 GiB) + FindPeaks/CountPeaks 2:25:04 (9.59 GiB); one clean run
pbmc_10k_v3	Sierra	sierra_summit	precision	200.000000	0.268644	atlas_full	105143	9837.300000	9.585171	sensitivity variant: MaxPosition coverage summit instead of 3' of fit; runtime source: pbmc_10k_v3/sierra/run.log + junctions.log; re-derived from the sierra run output, no separate run; end-to-end = regtools junctions extract 18:53.30 (2.25 GiB) + FindPeaks/CountPeaks 2:25:04 (9.59 GiB); one clean run
pbmc_10k_v3	Sierra	sierra_summit	precision	10.000000	0.003224	tes	105143	9837.300000	9.585171	sensitivity variant: MaxPosition coverage summit instead of 3' of fit; runtime source: pbmc_10k_v3/sierra/run.log + junctions.log; re-derived from the sierra run output, no separate run; end-to-end = regtools junctions extract 18:53.30 (2.25 GiB) + FindPeaks/CountPeaks 2:25:04 (9.59 GiB); one clean run
pbmc_10k_v3	Sierra	sierra_summit	precision	25.000000	0.007504	tes	105143	9837.300000	9.585171	sensitivity variant: MaxPosition coverage summit instead of 3' of fit; runtime source: pbmc_10k_v3/sierra/run.log + junctions.log; re-derived from the sierra run output, no separate run; end-to-end = regtools junctions extract 18:53.30 (2.25 GiB) + FindPeaks/CountPeaks 2:25:04 (9.59 GiB); one clean run
pbmc_10k_v3	Sierra	sierra_summit	precision	50.000000	0.013372	tes	105143	9837.300000	9.585171	sensitivity variant: MaxPosition coverage summit instead of 3' of fit; runtime source: pbmc_10k_v3/sierra/run.log + junctions.log; re-derived from the sierra run output, no separate run; end-to-end = regtools junctions extract 18:53.30 (2.25 GiB) + FindPeaks/CountPeaks 2:25:04 (9.59 GiB); one clean run
pbmc_10k_v3	Sierra	sierra_summit	precision	100.000000	0.023701	tes	105143	9837.300000	9.585171	sensitivity variant: MaxPosition coverage summit instead of 3' of fit; runtime source: pbmc_10k_v3/sierra/run.log + junctions.log; re-derived from the sierra run output, no separate run; end-to-end = regtools junctions extract 18:53.30 (2.25 GiB) + FindPeaks/CountPeaks 2:25:04 (9.59 GiB); one clean run
pbmc_10k_v3	Sierra	sierra_summit	precision	200.000000	0.113816	tes	105143	9837.300000	9.585171	sensitivity variant: MaxPosition coverage summit instead of 3' of fit; runtime source: pbmc_10k_v3/sierra/run.log + junctions.log; re-derived from the sierra run output, no separate run; end-to-end = regtools junctions extract 18:53.30 (2.25 GiB) + FindPeaks/CountPeaks 2:25:04 (9.59 GiB); one clean run
pbmc_10k_v3	Sierra	sierra_summit	recall	10.000000	0.003524	atlas_full	105143	9837.300000	9.585171	sensitivity variant: MaxPosition coverage summit instead of 3' of fit; runtime source: pbmc_10k_v3/sierra/run.log + junctions.log; re-derived from the sierra run output, no separate run; end-to-end = regtools junctions extract 18:53.30 (2.25 GiB) + FindPeaks/CountPeaks 2:25:04 (9.59 GiB); one clean run; denominator=569005
pbmc_10k_v3	Sierra	sierra_summit	recall	25.000000	0.008619	atlas_full	105143	9837.300000	9.585171	sensitivity variant: MaxPosition coverage summit instead of 3' of fit; runtime source: pbmc_10k_v3/sierra/run.log + junctions.log; re-derived from the sierra run output, no separate run; end-to-end = regtools junctions extract 18:53.30 (2.25 GiB) + FindPeaks/CountPeaks 2:25:04 (9.59 GiB); one clean run; denominator=569005
pbmc_10k_v3	Sierra	sierra_summit	recall	50.000000	0.016901	atlas_full	105143	9837.300000	9.585171	sensitivity variant: MaxPosition coverage summit instead of 3' of fit; runtime source: pbmc_10k_v3/sierra/run.log + junctions.log; re-derived from the sierra run output, no separate run; end-to-end = regtools junctions extract 18:53.30 (2.25 GiB) + FindPeaks/CountPeaks 2:25:04 (9.59 GiB); one clean run; denominator=569005
pbmc_10k_v3	Sierra	sierra_summit	recall	100.000000	0.034276	atlas_full	105143	9837.300000	9.585171	sensitivity variant: MaxPosition coverage summit instead of 3' of fit; runtime source: pbmc_10k_v3/sierra/run.log + junctions.log; re-derived from the sierra run output, no separate run; end-to-end = regtools junctions extract 18:53.30 (2.25 GiB) + FindPeaks/CountPeaks 2:25:04 (9.59 GiB); one clean run; denominator=569005
pbmc_10k_v3	Sierra	sierra_summit	recall	200.000000	0.096210	atlas_full	105143	9837.300000	9.585171	sensitivity variant: MaxPosition coverage summit instead of 3' of fit; runtime source: pbmc_10k_v3/sierra/run.log + junctions.log; re-derived from the sierra run output, no separate run; end-to-end = regtools junctions extract 18:53.30 (2.25 GiB) + FindPeaks/CountPeaks 2:25:04 (9.59 GiB); one clean run; denominator=569005
pbmc_10k_v3	Sierra	sierra_summit	recall	10.000000	0.006697	atlas_detected	105143	9837.300000	9.585171	sensitivity variant: MaxPosition coverage summit instead of 3' of fit; runtime source: pbmc_10k_v3/sierra/run.log + junctions.log; re-derived from the sierra run output, no separate run; end-to-end = regtools junctions extract 18:53.30 (2.25 GiB) + FindPeaks/CountPeaks 2:25:04 (9.59 GiB); one clean run; denominator=285220
pbmc_10k_v3	Sierra	sierra_summit	recall	25.000000	0.016237	atlas_detected	105143	9837.300000	9.585171	sensitivity variant: MaxPosition coverage summit instead of 3' of fit; runtime source: pbmc_10k_v3/sierra/run.log + junctions.log; re-derived from the sierra run output, no separate run; end-to-end = regtools junctions extract 18:53.30 (2.25 GiB) + FindPeaks/CountPeaks 2:25:04 (9.59 GiB); one clean run; denominator=285220
pbmc_10k_v3	Sierra	sierra_summit	recall	50.000000	0.031877	atlas_detected	105143	9837.300000	9.585171	sensitivity variant: MaxPosition coverage summit instead of 3' of fit; runtime source: pbmc_10k_v3/sierra/run.log + junctions.log; re-derived from the sierra run output, no separate run; end-to-end = regtools junctions extract 18:53.30 (2.25 GiB) + FindPeaks/CountPeaks 2:25:04 (9.59 GiB); one clean run; denominator=285220
pbmc_10k_v3	Sierra	sierra_summit	recall	100.000000	0.064610	atlas_detected	105143	9837.300000	9.585171	sensitivity variant: MaxPosition coverage summit instead of 3' of fit; runtime source: pbmc_10k_v3/sierra/run.log + junctions.log; re-derived from the sierra run output, no separate run; end-to-end = regtools junctions extract 18:53.30 (2.25 GiB) + FindPeaks/CountPeaks 2:25:04 (9.59 GiB); one clean run; denominator=285220
pbmc_10k_v3	Sierra	sierra_summit	recall	200.000000	0.180685	atlas_detected	105143	9837.300000	9.585171	sensitivity variant: MaxPosition coverage summit instead of 3' of fit; runtime source: pbmc_10k_v3/sierra/run.log + junctions.log; re-derived from the sierra run output, no separate run; end-to-end = regtools junctions extract 18:53.30 (2.25 GiB) + FindPeaks/CountPeaks 2:25:04 (9.59 GiB); one clean run; denominator=285220
pbmc_10k_v3	Sierra	sierra_summit	recall	10.000000	0.004929	tes	105143	9837.300000	9.585171	sensitivity variant: MaxPosition coverage summit instead of 3' of fit; runtime source: pbmc_10k_v3/sierra/run.log + junctions.log; re-derived from the sierra run output, no separate run; end-to-end = regtools junctions extract 18:53.30 (2.25 GiB) + FindPeaks/CountPeaks 2:25:04 (9.59 GiB); one clean run; denominator=73439
pbmc_10k_v3	Sierra	sierra_summit	recall	25.000000	0.011819	tes	105143	9837.300000	9.585171	sensitivity variant: MaxPosition coverage summit instead of 3' of fit; runtime source: pbmc_10k_v3/sierra/run.log + junctions.log; re-derived from the sierra run output, no separate run; end-to-end = regtools junctions extract 18:53.30 (2.25 GiB) + FindPeaks/CountPeaks 2:25:04 (9.59 GiB); one clean run; denominator=73439
pbmc_10k_v3	Sierra	sierra_summit	recall	50.000000	0.022141	tes	105143	9837.300000	9.585171	sensitivity variant: MaxPosition coverage summit instead of 3' of fit; runtime source: pbmc_10k_v3/sierra/run.log + junctions.log; re-derived from the sierra run output, no separate run; end-to-end = regtools junctions extract 18:53.30 (2.25 GiB) + FindPeaks/CountPeaks 2:25:04 (9.59 GiB); one clean run; denominator=73439
pbmc_10k_v3	Sierra	sierra_summit	recall	100.000000	0.043124	tes	105143	9837.300000	9.585171	sensitivity variant: MaxPosition coverage summit instead of 3' of fit; runtime source: pbmc_10k_v3/sierra/run.log + junctions.log; re-derived from the sierra run output, no separate run; end-to-end = regtools junctions extract 18:53.30 (2.25 GiB) + FindPeaks/CountPeaks 2:25:04 (9.59 GiB); one clean run; denominator=73439
pbmc_10k_v3	Sierra	sierra_summit	recall	200.000000	0.277727	tes	105143	9837.300000	9.585171	sensitivity variant: MaxPosition coverage summit instead of 3' of fit; runtime source: pbmc_10k_v3/sierra/run.log + junctions.log; re-derived from the sierra run output, no separate run; end-to-end = regtools junctions extract 18:53.30 (2.25 GiB) + FindPeaks/CountPeaks 2:25:04 (9.59 GiB); one clean run; denominator=73439
pbmc_10k_v3	Sierra	sierra_summit	f1	10.000000	0.005945	atlas_full	105143	9837.300000	9.585171	sensitivity variant: MaxPosition coverage summit instead of 3' of fit; runtime source: pbmc_10k_v3/sierra/run.log + junctions.log; re-derived from the sierra run output, no separate run; end-to-end = regtools junctions extract 18:53.30 (2.25 GiB) + FindPeaks/CountPeaks 2:25:04 (9.59 GiB); one clean run
pbmc_10k_v3	Sierra	sierra_summit	f1	25.000000	0.014408	atlas_full	105143	9837.300000	9.585171	sensitivity variant: MaxPosition coverage summit instead of 3' of fit; runtime source: pbmc_10k_v3/sierra/run.log + junctions.log; re-derived from the sierra run output, no separate run; end-to-end = regtools junctions extract 18:53.30 (2.25 GiB) + FindPeaks/CountPeaks 2:25:04 (9.59 GiB); one clean run
pbmc_10k_v3	Sierra	sierra_summit	f1	50.000000	0.027615	atlas_full	105143	9837.300000	9.585171	sensitivity variant: MaxPosition coverage summit instead of 3' of fit; runtime source: pbmc_10k_v3/sierra/run.log + junctions.log; re-derived from the sierra run output, no separate run; end-to-end = regtools junctions extract 18:53.30 (2.25 GiB) + FindPeaks/CountPeaks 2:25:04 (9.59 GiB); one clean run
pbmc_10k_v3	Sierra	sierra_summit	f1	100.000000	0.053776	atlas_full	105143	9837.300000	9.585171	sensitivity variant: MaxPosition coverage summit instead of 3' of fit; runtime source: pbmc_10k_v3/sierra/run.log + junctions.log; re-derived from the sierra run output, no separate run; end-to-end = regtools junctions extract 18:53.30 (2.25 GiB) + FindPeaks/CountPeaks 2:25:04 (9.59 GiB); one clean run
pbmc_10k_v3	Sierra	sierra_summit	f1	200.000000	0.141680	atlas_full	105143	9837.300000	9.585171	sensitivity variant: MaxPosition coverage summit instead of 3' of fit; runtime source: pbmc_10k_v3/sierra/run.log + junctions.log; re-derived from the sierra run output, no separate run; end-to-end = regtools junctions extract 18:53.30 (2.25 GiB) + FindPeaks/CountPeaks 2:25:04 (9.59 GiB); one clean run
pbmc_10k_v3	Sierra	sierra_summit	f1	10.000000	0.009903	atlas_detected	105143	9837.300000	9.585171	sensitivity variant: MaxPosition coverage summit instead of 3' of fit; runtime source: pbmc_10k_v3/sierra/run.log + junctions.log; re-derived from the sierra run output, no separate run; end-to-end = regtools junctions extract 18:53.30 (2.25 GiB) + FindPeaks/CountPeaks 2:25:04 (9.59 GiB); one clean run
pbmc_10k_v3	Sierra	sierra_summit	f1	25.000000	0.023704	atlas_detected	105143	9837.300000	9.585171	sensitivity variant: MaxPosition coverage summit instead of 3' of fit; runtime source: pbmc_10k_v3/sierra/run.log + junctions.log; re-derived from the sierra run output, no separate run; end-to-end = regtools junctions extract 18:53.30 (2.25 GiB) + FindPeaks/CountPeaks 2:25:04 (9.59 GiB); one clean run
pbmc_10k_v3	Sierra	sierra_summit	f1	50.000000	0.044814	atlas_detected	105143	9837.300000	9.585171	sensitivity variant: MaxPosition coverage summit instead of 3' of fit; runtime source: pbmc_10k_v3/sierra/run.log + junctions.log; re-derived from the sierra run output, no separate run; end-to-end = regtools junctions extract 18:53.30 (2.25 GiB) + FindPeaks/CountPeaks 2:25:04 (9.59 GiB); one clean run
pbmc_10k_v3	Sierra	sierra_summit	f1	100.000000	0.085128	atlas_detected	105143	9837.300000	9.585171	sensitivity variant: MaxPosition coverage summit instead of 3' of fit; runtime source: pbmc_10k_v3/sierra/run.log + junctions.log; re-derived from the sierra run output, no separate run; end-to-end = regtools junctions extract 18:53.30 (2.25 GiB) + FindPeaks/CountPeaks 2:25:04 (9.59 GiB); one clean run
pbmc_10k_v3	Sierra	sierra_summit	f1	200.000000	0.216055	atlas_detected	105143	9837.300000	9.585171	sensitivity variant: MaxPosition coverage summit instead of 3' of fit; runtime source: pbmc_10k_v3/sierra/run.log + junctions.log; re-derived from the sierra run output, no separate run; end-to-end = regtools junctions extract 18:53.30 (2.25 GiB) + FindPeaks/CountPeaks 2:25:04 (9.59 GiB); one clean run
pbmc_10k_v3	Sierra	sierra_summit	precision_null	10.000000	0.002514	atlas_full	105143	9837.300000	9.585171	sensitivity variant: MaxPosition coverage summit instead of 3' of fit; runtime source: pbmc_10k_v3/sierra/run.log + junctions.log; re-derived from the sierra run output, no separate run; end-to-end = regtools junctions extract 18:53.30 (2.25 GiB) + FindPeaks/CountPeaks 2:25:04 (9.59 GiB); one clean run; mean of 3 genic-shuffle seeds (min 0.0024, max 0.0027)
pbmc_10k_v3	Sierra	sierra_summit	precision_null	25.000000	0.006081	atlas_full	105143	9837.300000	9.585171	sensitivity variant: MaxPosition coverage summit instead of 3' of fit; runtime source: pbmc_10k_v3/sierra/run.log + junctions.log; re-derived from the sierra run output, no separate run; end-to-end = regtools junctions extract 18:53.30 (2.25 GiB) + FindPeaks/CountPeaks 2:25:04 (9.59 GiB); one clean run; mean of 3 genic-shuffle seeds (min 0.0058, max 0.0063)
pbmc_10k_v3	Sierra	sierra_summit	precision_null	50.000000	0.011990	atlas_full	105143	9837.300000	9.585171	sensitivity variant: MaxPosition coverage summit instead of 3' of fit; runtime source: pbmc_10k_v3/sierra/run.log + junctions.log; re-derived from the sierra run output, no separate run; end-to-end = regtools junctions extract 18:53.30 (2.25 GiB) + FindPeaks/CountPeaks 2:25:04 (9.59 GiB); one clean run; mean of 3 genic-shuffle seeds (min 0.0118, max 0.0121)
pbmc_10k_v3	Sierra	sierra_summit	precision_null	100.000000	0.022487	atlas_full	105143	9837.300000	9.585171	sensitivity variant: MaxPosition coverage summit instead of 3' of fit; runtime source: pbmc_10k_v3/sierra/run.log + junctions.log; re-derived from the sierra run output, no separate run; end-to-end = regtools junctions extract 18:53.30 (2.25 GiB) + FindPeaks/CountPeaks 2:25:04 (9.59 GiB); one clean run; mean of 3 genic-shuffle seeds (min 0.0223, max 0.0226)
pbmc_10k_v3	Sierra	sierra_summit	precision_null	200.000000	0.041027	atlas_full	105143	9837.300000	9.585171	sensitivity variant: MaxPosition coverage summit instead of 3' of fit; runtime source: pbmc_10k_v3/sierra/run.log + junctions.log; re-derived from the sierra run output, no separate run; end-to-end = regtools junctions extract 18:53.30 (2.25 GiB) + FindPeaks/CountPeaks 2:25:04 (9.59 GiB); one clean run; mean of 3 genic-shuffle seeds (min 0.0407, max 0.0414)
pbmc_10k_v3	Sierra	sierra_summit	replicate			single-sample	105143	9837.300000	9.585171	SENSITIVITY/DIAGNOSTIC arm, not plotted; sensitivity variant: MaxPosition coverage summit instead of 3' of fit; runtime source: pbmc_10k_v3/sierra/run.log + junctions.log; re-derived from the sierra run output, no separate run; end-to-end = regtools junctions extract 18:53.30 (2.25 GiB) + FindPeaks/CountPeaks 2:25:04 (9.59 GiB); one clean run
pbmc_10k_v3	PeakATail	peakatail_top22000	precision	10.000000	0.016638	atlas_full	21998	12426.000000	100.656528	diagnostic: top 22k PAS by total UMI (matched-N vs Sierra/SCAPTURE); runtime source: pbmc_10k_v3/peakatail/runtime_mem.txt + run.log; re-derived from the peakatail run output, no separate run; 4 attempts; attempts 1-3 failed (1:33:21, 1:52:42, 4:52:58) on three separate CellRanger-input bugs (CB '-1' suffix length check, unmapped-read reference_end=None, RG-id underscore split; see manuscript/github/issue8_cellranger_cb_suffix.md). wall_s = attempt 4, a full run from scratch, exit 0. Failed attempts NOT summed in.
pbmc_10k_v3	PeakATail	peakatail_top22000	precision	25.000000	0.037913	atlas_full	21998	12426.000000	100.656528	diagnostic: top 22k PAS by total UMI (matched-N vs Sierra/SCAPTURE); runtime source: pbmc_10k_v3/peakatail/runtime_mem.txt + run.log; re-derived from the peakatail run output, no separate run; 4 attempts; attempts 1-3 failed (1:33:21, 1:52:42, 4:52:58) on three separate CellRanger-input bugs (CB '-1' suffix length check, unmapped-read reference_end=None, RG-id underscore split; see manuscript/github/issue8_cellranger_cb_suffix.md). wall_s = attempt 4, a full run from scratch, exit 0. Failed attempts NOT summed in.
pbmc_10k_v3	PeakATail	peakatail_top22000	precision	50.000000	0.064597	atlas_full	21998	12426.000000	100.656528	diagnostic: top 22k PAS by total UMI (matched-N vs Sierra/SCAPTURE); runtime source: pbmc_10k_v3/peakatail/runtime_mem.txt + run.log; re-derived from the peakatail run output, no separate run; 4 attempts; attempts 1-3 failed (1:33:21, 1:52:42, 4:52:58) on three separate CellRanger-input bugs (CB '-1' suffix length check, unmapped-read reference_end=None, RG-id underscore split; see manuscript/github/issue8_cellranger_cb_suffix.md). wall_s = attempt 4, a full run from scratch, exit 0. Failed attempts NOT summed in.
pbmc_10k_v3	PeakATail	peakatail_top22000	precision	100.000000	0.118556	atlas_full	21998	12426.000000	100.656528	diagnostic: top 22k PAS by total UMI (matched-N vs Sierra/SCAPTURE); runtime source: pbmc_10k_v3/peakatail/runtime_mem.txt + run.log; re-derived from the peakatail run output, no separate run; 4 attempts; attempts 1-3 failed (1:33:21, 1:52:42, 4:52:58) on three separate CellRanger-input bugs (CB '-1' suffix length check, unmapped-read reference_end=None, RG-id underscore split; see manuscript/github/issue8_cellranger_cb_suffix.md). wall_s = attempt 4, a full run from scratch, exit 0. Failed attempts NOT summed in.
pbmc_10k_v3	PeakATail	peakatail_top22000	precision	200.000000	0.166652	atlas_full	21998	12426.000000	100.656528	diagnostic: top 22k PAS by total UMI (matched-N vs Sierra/SCAPTURE); runtime source: pbmc_10k_v3/peakatail/runtime_mem.txt + run.log; re-derived from the peakatail run output, no separate run; 4 attempts; attempts 1-3 failed (1:33:21, 1:52:42, 4:52:58) on three separate CellRanger-input bugs (CB '-1' suffix length check, unmapped-read reference_end=None, RG-id underscore split; see manuscript/github/issue8_cellranger_cb_suffix.md). wall_s = attempt 4, a full run from scratch, exit 0. Failed attempts NOT summed in.
pbmc_10k_v3	PeakATail	peakatail_top22000	precision	10.000000	0.004409	tes	21998	12426.000000	100.656528	diagnostic: top 22k PAS by total UMI (matched-N vs Sierra/SCAPTURE); runtime source: pbmc_10k_v3/peakatail/runtime_mem.txt + run.log; re-derived from the peakatail run output, no separate run; 4 attempts; attempts 1-3 failed (1:33:21, 1:52:42, 4:52:58) on three separate CellRanger-input bugs (CB '-1' suffix length check, unmapped-read reference_end=None, RG-id underscore split; see manuscript/github/issue8_cellranger_cb_suffix.md). wall_s = attempt 4, a full run from scratch, exit 0. Failed attempts NOT summed in.
pbmc_10k_v3	PeakATail	peakatail_top22000	precision	25.000000	0.009683	tes	21998	12426.000000	100.656528	diagnostic: top 22k PAS by total UMI (matched-N vs Sierra/SCAPTURE); runtime source: pbmc_10k_v3/peakatail/runtime_mem.txt + run.log; re-derived from the peakatail run output, no separate run; 4 attempts; attempts 1-3 failed (1:33:21, 1:52:42, 4:52:58) on three separate CellRanger-input bugs (CB '-1' suffix length check, unmapped-read reference_end=None, RG-id underscore split; see manuscript/github/issue8_cellranger_cb_suffix.md). wall_s = attempt 4, a full run from scratch, exit 0. Failed attempts NOT summed in.
pbmc_10k_v3	PeakATail	peakatail_top22000	precision	50.000000	0.016274	tes	21998	12426.000000	100.656528	diagnostic: top 22k PAS by total UMI (matched-N vs Sierra/SCAPTURE); runtime source: pbmc_10k_v3/peakatail/runtime_mem.txt + run.log; re-derived from the peakatail run output, no separate run; 4 attempts; attempts 1-3 failed (1:33:21, 1:52:42, 4:52:58) on three separate CellRanger-input bugs (CB '-1' suffix length check, unmapped-read reference_end=None, RG-id underscore split; see manuscript/github/issue8_cellranger_cb_suffix.md). wall_s = attempt 4, a full run from scratch, exit 0. Failed attempts NOT summed in.
pbmc_10k_v3	PeakATail	peakatail_top22000	precision	100.000000	0.038913	tes	21998	12426.000000	100.656528	diagnostic: top 22k PAS by total UMI (matched-N vs Sierra/SCAPTURE); runtime source: pbmc_10k_v3/peakatail/runtime_mem.txt + run.log; re-derived from the peakatail run output, no separate run; 4 attempts; attempts 1-3 failed (1:33:21, 1:52:42, 4:52:58) on three separate CellRanger-input bugs (CB '-1' suffix length check, unmapped-read reference_end=None, RG-id underscore split; see manuscript/github/issue8_cellranger_cb_suffix.md). wall_s = attempt 4, a full run from scratch, exit 0. Failed attempts NOT summed in.
pbmc_10k_v3	PeakATail	peakatail_top22000	precision	200.000000	0.048141	tes	21998	12426.000000	100.656528	diagnostic: top 22k PAS by total UMI (matched-N vs Sierra/SCAPTURE); runtime source: pbmc_10k_v3/peakatail/runtime_mem.txt + run.log; re-derived from the peakatail run output, no separate run; 4 attempts; attempts 1-3 failed (1:33:21, 1:52:42, 4:52:58) on three separate CellRanger-input bugs (CB '-1' suffix length check, unmapped-read reference_end=None, RG-id underscore split; see manuscript/github/issue8_cellranger_cb_suffix.md). wall_s = attempt 4, a full run from scratch, exit 0. Failed attempts NOT summed in.
pbmc_10k_v3	PeakATail	peakatail_top22000	recall	10.000000	0.000647	atlas_full	21998	12426.000000	100.656528	diagnostic: top 22k PAS by total UMI (matched-N vs Sierra/SCAPTURE); runtime source: pbmc_10k_v3/peakatail/runtime_mem.txt + run.log; re-derived from the peakatail run output, no separate run; 4 attempts; attempts 1-3 failed (1:33:21, 1:52:42, 4:52:58) on three separate CellRanger-input bugs (CB '-1' suffix length check, unmapped-read reference_end=None, RG-id underscore split; see manuscript/github/issue8_cellranger_cb_suffix.md). wall_s = attempt 4, a full run from scratch, exit 0. Failed attempts NOT summed in.; denominator=569005
pbmc_10k_v3	PeakATail	peakatail_top22000	recall	25.000000	0.001561	atlas_full	21998	12426.000000	100.656528	diagnostic: top 22k PAS by total UMI (matched-N vs Sierra/SCAPTURE); runtime source: pbmc_10k_v3/peakatail/runtime_mem.txt + run.log; re-derived from the peakatail run output, no separate run; 4 attempts; attempts 1-3 failed (1:33:21, 1:52:42, 4:52:58) on three separate CellRanger-input bugs (CB '-1' suffix length check, unmapped-read reference_end=None, RG-id underscore split; see manuscript/github/issue8_cellranger_cb_suffix.md). wall_s = attempt 4, a full run from scratch, exit 0. Failed attempts NOT summed in.; denominator=569005
pbmc_10k_v3	PeakATail	peakatail_top22000	recall	50.000000	0.003000	atlas_full	21998	12426.000000	100.656528	diagnostic: top 22k PAS by total UMI (matched-N vs Sierra/SCAPTURE); runtime source: pbmc_10k_v3/peakatail/runtime_mem.txt + run.log; re-derived from the peakatail run output, no separate run; 4 attempts; attempts 1-3 failed (1:33:21, 1:52:42, 4:52:58) on three separate CellRanger-input bugs (CB '-1' suffix length check, unmapped-read reference_end=None, RG-id underscore split; see manuscript/github/issue8_cellranger_cb_suffix.md). wall_s = attempt 4, a full run from scratch, exit 0. Failed attempts NOT summed in.; denominator=569005
pbmc_10k_v3	PeakATail	peakatail_top22000	recall	100.000000	0.006418	atlas_full	21998	12426.000000	100.656528	diagnostic: top 22k PAS by total UMI (matched-N vs Sierra/SCAPTURE); runtime source: pbmc_10k_v3/peakatail/runtime_mem.txt + run.log; re-derived from the peakatail run output, no separate run; 4 attempts; attempts 1-3 failed (1:33:21, 1:52:42, 4:52:58) on three separate CellRanger-input bugs (CB '-1' suffix length check, unmapped-read reference_end=None, RG-id underscore split; see manuscript/github/issue8_cellranger_cb_suffix.md). wall_s = attempt 4, a full run from scratch, exit 0. Failed attempts NOT summed in.; denominator=569005
pbmc_10k_v3	PeakATail	peakatail_top22000	recall	200.000000	0.009907	atlas_full	21998	12426.000000	100.656528	diagnostic: top 22k PAS by total UMI (matched-N vs Sierra/SCAPTURE); runtime source: pbmc_10k_v3/peakatail/runtime_mem.txt + run.log; re-derived from the peakatail run output, no separate run; 4 attempts; attempts 1-3 failed (1:33:21, 1:52:42, 4:52:58) on three separate CellRanger-input bugs (CB '-1' suffix length check, unmapped-read reference_end=None, RG-id underscore split; see manuscript/github/issue8_cellranger_cb_suffix.md). wall_s = attempt 4, a full run from scratch, exit 0. Failed attempts NOT summed in.; denominator=569005
pbmc_10k_v3	PeakATail	peakatail_top22000	recall	10.000000	0.001266	atlas_detected	21998	12426.000000	100.656528	diagnostic: top 22k PAS by total UMI (matched-N vs Sierra/SCAPTURE); runtime source: pbmc_10k_v3/peakatail/runtime_mem.txt + run.log; re-derived from the peakatail run output, no separate run; 4 attempts; attempts 1-3 failed (1:33:21, 1:52:42, 4:52:58) on three separate CellRanger-input bugs (CB '-1' suffix length check, unmapped-read reference_end=None, RG-id underscore split; see manuscript/github/issue8_cellranger_cb_suffix.md). wall_s = attempt 4, a full run from scratch, exit 0. Failed attempts NOT summed in.; denominator=285136
pbmc_10k_v3	PeakATail	peakatail_top22000	recall	25.000000	0.003041	atlas_detected	21998	12426.000000	100.656528	diagnostic: top 22k PAS by total UMI (matched-N vs Sierra/SCAPTURE); runtime source: pbmc_10k_v3/peakatail/runtime_mem.txt + run.log; re-derived from the peakatail run output, no separate run; 4 attempts; attempts 1-3 failed (1:33:21, 1:52:42, 4:52:58) on three separate CellRanger-input bugs (CB '-1' suffix length check, unmapped-read reference_end=None, RG-id underscore split; see manuscript/github/issue8_cellranger_cb_suffix.md). wall_s = attempt 4, a full run from scratch, exit 0. Failed attempts NOT summed in.; denominator=285136
pbmc_10k_v3	PeakATail	peakatail_top22000	recall	50.000000	0.005860	atlas_detected	21998	12426.000000	100.656528	diagnostic: top 22k PAS by total UMI (matched-N vs Sierra/SCAPTURE); runtime source: pbmc_10k_v3/peakatail/runtime_mem.txt + run.log; re-derived from the peakatail run output, no separate run; 4 attempts; attempts 1-3 failed (1:33:21, 1:52:42, 4:52:58) on three separate CellRanger-input bugs (CB '-1' suffix length check, unmapped-read reference_end=None, RG-id underscore split; see manuscript/github/issue8_cellranger_cb_suffix.md). wall_s = attempt 4, a full run from scratch, exit 0. Failed attempts NOT summed in.; denominator=285136
pbmc_10k_v3	PeakATail	peakatail_top22000	recall	100.000000	0.012541	atlas_detected	21998	12426.000000	100.656528	diagnostic: top 22k PAS by total UMI (matched-N vs Sierra/SCAPTURE); runtime source: pbmc_10k_v3/peakatail/runtime_mem.txt + run.log; re-derived from the peakatail run output, no separate run; 4 attempts; attempts 1-3 failed (1:33:21, 1:52:42, 4:52:58) on three separate CellRanger-input bugs (CB '-1' suffix length check, unmapped-read reference_end=None, RG-id underscore split; see manuscript/github/issue8_cellranger_cb_suffix.md). wall_s = attempt 4, a full run from scratch, exit 0. Failed attempts NOT summed in.; denominator=285136
pbmc_10k_v3	PeakATail	peakatail_top22000	recall	200.000000	0.019300	atlas_detected	21998	12426.000000	100.656528	diagnostic: top 22k PAS by total UMI (matched-N vs Sierra/SCAPTURE); runtime source: pbmc_10k_v3/peakatail/runtime_mem.txt + run.log; re-derived from the peakatail run output, no separate run; 4 attempts; attempts 1-3 failed (1:33:21, 1:52:42, 4:52:58) on three separate CellRanger-input bugs (CB '-1' suffix length check, unmapped-read reference_end=None, RG-id underscore split; see manuscript/github/issue8_cellranger_cb_suffix.md). wall_s = attempt 4, a full run from scratch, exit 0. Failed attempts NOT summed in.; denominator=285136
pbmc_10k_v3	PeakATail	peakatail_top22000	recall	10.000000	0.001593	tes	21998	12426.000000	100.656528	diagnostic: top 22k PAS by total UMI (matched-N vs Sierra/SCAPTURE); runtime source: pbmc_10k_v3/peakatail/runtime_mem.txt + run.log; re-derived from the peakatail run output, no separate run; 4 attempts; attempts 1-3 failed (1:33:21, 1:52:42, 4:52:58) on three separate CellRanger-input bugs (CB '-1' suffix length check, unmapped-read reference_end=None, RG-id underscore split; see manuscript/github/issue8_cellranger_cb_suffix.md). wall_s = attempt 4, a full run from scratch, exit 0. Failed attempts NOT summed in.; denominator=73439
pbmc_10k_v3	PeakATail	peakatail_top22000	recall	25.000000	0.003772	tes	21998	12426.000000	100.656528	diagnostic: top 22k PAS by total UMI (matched-N vs Sierra/SCAPTURE); runtime source: pbmc_10k_v3/peakatail/runtime_mem.txt + run.log; re-derived from the peakatail run output, no separate run; 4 attempts; attempts 1-3 failed (1:33:21, 1:52:42, 4:52:58) on three separate CellRanger-input bugs (CB '-1' suffix length check, unmapped-read reference_end=None, RG-id underscore split; see manuscript/github/issue8_cellranger_cb_suffix.md). wall_s = attempt 4, a full run from scratch, exit 0. Failed attempts NOT summed in.; denominator=73439
pbmc_10k_v3	PeakATail	peakatail_top22000	recall	50.000000	0.006727	tes	21998	12426.000000	100.656528	diagnostic: top 22k PAS by total UMI (matched-N vs Sierra/SCAPTURE); runtime source: pbmc_10k_v3/peakatail/runtime_mem.txt + run.log; re-derived from the peakatail run output, no separate run; 4 attempts; attempts 1-3 failed (1:33:21, 1:52:42, 4:52:58) on three separate CellRanger-input bugs (CB '-1' suffix length check, unmapped-read reference_end=None, RG-id underscore split; see manuscript/github/issue8_cellranger_cb_suffix.md). wall_s = attempt 4, a full run from scratch, exit 0. Failed attempts NOT summed in.; denominator=73439
pbmc_10k_v3	PeakATail	peakatail_top22000	recall	100.000000	0.017783	tes	21998	12426.000000	100.656528	diagnostic: top 22k PAS by total UMI (matched-N vs Sierra/SCAPTURE); runtime source: pbmc_10k_v3/peakatail/runtime_mem.txt + run.log; re-derived from the peakatail run output, no separate run; 4 attempts; attempts 1-3 failed (1:33:21, 1:52:42, 4:52:58) on three separate CellRanger-input bugs (CB '-1' suffix length check, unmapped-read reference_end=None, RG-id underscore split; see manuscript/github/issue8_cellranger_cb_suffix.md). wall_s = attempt 4, a full run from scratch, exit 0. Failed attempts NOT summed in.; denominator=73439
pbmc_10k_v3	PeakATail	peakatail_top22000	recall	200.000000	0.022454	tes	21998	12426.000000	100.656528	diagnostic: top 22k PAS by total UMI (matched-N vs Sierra/SCAPTURE); runtime source: pbmc_10k_v3/peakatail/runtime_mem.txt + run.log; re-derived from the peakatail run output, no separate run; 4 attempts; attempts 1-3 failed (1:33:21, 1:52:42, 4:52:58) on three separate CellRanger-input bugs (CB '-1' suffix length check, unmapped-read reference_end=None, RG-id underscore split; see manuscript/github/issue8_cellranger_cb_suffix.md). wall_s = attempt 4, a full run from scratch, exit 0. Failed attempts NOT summed in.; denominator=73439
pbmc_10k_v3	PeakATail	peakatail_top22000	f1	10.000000	0.001245	atlas_full	21998	12426.000000	100.656528	diagnostic: top 22k PAS by total UMI (matched-N vs Sierra/SCAPTURE); runtime source: pbmc_10k_v3/peakatail/runtime_mem.txt + run.log; re-derived from the peakatail run output, no separate run; 4 attempts; attempts 1-3 failed (1:33:21, 1:52:42, 4:52:58) on three separate CellRanger-input bugs (CB '-1' suffix length check, unmapped-read reference_end=None, RG-id underscore split; see manuscript/github/issue8_cellranger_cb_suffix.md). wall_s = attempt 4, a full run from scratch, exit 0. Failed attempts NOT summed in.
pbmc_10k_v3	PeakATail	peakatail_top22000	f1	25.000000	0.002998	atlas_full	21998	12426.000000	100.656528	diagnostic: top 22k PAS by total UMI (matched-N vs Sierra/SCAPTURE); runtime source: pbmc_10k_v3/peakatail/runtime_mem.txt + run.log; re-derived from the peakatail run output, no separate run; 4 attempts; attempts 1-3 failed (1:33:21, 1:52:42, 4:52:58) on three separate CellRanger-input bugs (CB '-1' suffix length check, unmapped-read reference_end=None, RG-id underscore split; see manuscript/github/issue8_cellranger_cb_suffix.md). wall_s = attempt 4, a full run from scratch, exit 0. Failed attempts NOT summed in.
pbmc_10k_v3	PeakATail	peakatail_top22000	f1	50.000000	0.005734	atlas_full	21998	12426.000000	100.656528	diagnostic: top 22k PAS by total UMI (matched-N vs Sierra/SCAPTURE); runtime source: pbmc_10k_v3/peakatail/runtime_mem.txt + run.log; re-derived from the peakatail run output, no separate run; 4 attempts; attempts 1-3 failed (1:33:21, 1:52:42, 4:52:58) on three separate CellRanger-input bugs (CB '-1' suffix length check, unmapped-read reference_end=None, RG-id underscore split; see manuscript/github/issue8_cellranger_cb_suffix.md). wall_s = attempt 4, a full run from scratch, exit 0. Failed attempts NOT summed in.
pbmc_10k_v3	PeakATail	peakatail_top22000	f1	100.000000	0.012177	atlas_full	21998	12426.000000	100.656528	diagnostic: top 22k PAS by total UMI (matched-N vs Sierra/SCAPTURE); runtime source: pbmc_10k_v3/peakatail/runtime_mem.txt + run.log; re-derived from the peakatail run output, no separate run; 4 attempts; attempts 1-3 failed (1:33:21, 1:52:42, 4:52:58) on three separate CellRanger-input bugs (CB '-1' suffix length check, unmapped-read reference_end=None, RG-id underscore split; see manuscript/github/issue8_cellranger_cb_suffix.md). wall_s = attempt 4, a full run from scratch, exit 0. Failed attempts NOT summed in.
pbmc_10k_v3	PeakATail	peakatail_top22000	f1	200.000000	0.018702	atlas_full	21998	12426.000000	100.656528	diagnostic: top 22k PAS by total UMI (matched-N vs Sierra/SCAPTURE); runtime source: pbmc_10k_v3/peakatail/runtime_mem.txt + run.log; re-derived from the peakatail run output, no separate run; 4 attempts; attempts 1-3 failed (1:33:21, 1:52:42, 4:52:58) on three separate CellRanger-input bugs (CB '-1' suffix length check, unmapped-read reference_end=None, RG-id underscore split; see manuscript/github/issue8_cellranger_cb_suffix.md). wall_s = attempt 4, a full run from scratch, exit 0. Failed attempts NOT summed in.
pbmc_10k_v3	PeakATail	peakatail_top22000	f1	10.000000	0.002353	atlas_detected	21998	12426.000000	100.656528	diagnostic: top 22k PAS by total UMI (matched-N vs Sierra/SCAPTURE); runtime source: pbmc_10k_v3/peakatail/runtime_mem.txt + run.log; re-derived from the peakatail run output, no separate run; 4 attempts; attempts 1-3 failed (1:33:21, 1:52:42, 4:52:58) on three separate CellRanger-input bugs (CB '-1' suffix length check, unmapped-read reference_end=None, RG-id underscore split; see manuscript/github/issue8_cellranger_cb_suffix.md). wall_s = attempt 4, a full run from scratch, exit 0. Failed attempts NOT summed in.
pbmc_10k_v3	PeakATail	peakatail_top22000	f1	25.000000	0.005630	atlas_detected	21998	12426.000000	100.656528	diagnostic: top 22k PAS by total UMI (matched-N vs Sierra/SCAPTURE); runtime source: pbmc_10k_v3/peakatail/runtime_mem.txt + run.log; re-derived from the peakatail run output, no separate run; 4 attempts; attempts 1-3 failed (1:33:21, 1:52:42, 4:52:58) on three separate CellRanger-input bugs (CB '-1' suffix length check, unmapped-read reference_end=None, RG-id underscore split; see manuscript/github/issue8_cellranger_cb_suffix.md). wall_s = attempt 4, a full run from scratch, exit 0. Failed attempts NOT summed in.
pbmc_10k_v3	PeakATail	peakatail_top22000	f1	50.000000	0.010746	atlas_detected	21998	12426.000000	100.656528	diagnostic: top 22k PAS by total UMI (matched-N vs Sierra/SCAPTURE); runtime source: pbmc_10k_v3/peakatail/runtime_mem.txt + run.log; re-derived from the peakatail run output, no separate run; 4 attempts; attempts 1-3 failed (1:33:21, 1:52:42, 4:52:58) on three separate CellRanger-input bugs (CB '-1' suffix length check, unmapped-read reference_end=None, RG-id underscore split; see manuscript/github/issue8_cellranger_cb_suffix.md). wall_s = attempt 4, a full run from scratch, exit 0. Failed attempts NOT summed in.
pbmc_10k_v3	PeakATail	peakatail_top22000	f1	100.000000	0.022683	atlas_detected	21998	12426.000000	100.656528	diagnostic: top 22k PAS by total UMI (matched-N vs Sierra/SCAPTURE); runtime source: pbmc_10k_v3/peakatail/runtime_mem.txt + run.log; re-derived from the peakatail run output, no separate run; 4 attempts; attempts 1-3 failed (1:33:21, 1:52:42, 4:52:58) on three separate CellRanger-input bugs (CB '-1' suffix length check, unmapped-read reference_end=None, RG-id underscore split; see manuscript/github/issue8_cellranger_cb_suffix.md). wall_s = attempt 4, a full run from scratch, exit 0. Failed attempts NOT summed in.
pbmc_10k_v3	PeakATail	peakatail_top22000	f1	200.000000	0.034593	atlas_detected	21998	12426.000000	100.656528	diagnostic: top 22k PAS by total UMI (matched-N vs Sierra/SCAPTURE); runtime source: pbmc_10k_v3/peakatail/runtime_mem.txt + run.log; re-derived from the peakatail run output, no separate run; 4 attempts; attempts 1-3 failed (1:33:21, 1:52:42, 4:52:58) on three separate CellRanger-input bugs (CB '-1' suffix length check, unmapped-read reference_end=None, RG-id underscore split; see manuscript/github/issue8_cellranger_cb_suffix.md). wall_s = attempt 4, a full run from scratch, exit 0. Failed attempts NOT summed in.
pbmc_10k_v3	PeakATail	peakatail_top22000	precision_null	10.000000	0.002273	atlas_full	21998	12426.000000	100.656528	diagnostic: top 22k PAS by total UMI (matched-N vs Sierra/SCAPTURE); runtime source: pbmc_10k_v3/peakatail/runtime_mem.txt + run.log; re-derived from the peakatail run output, no separate run; 4 attempts; attempts 1-3 failed (1:33:21, 1:52:42, 4:52:58) on three separate CellRanger-input bugs (CB '-1' suffix length check, unmapped-read reference_end=None, RG-id underscore split; see manuscript/github/issue8_cellranger_cb_suffix.md). wall_s = attempt 4, a full run from scratch, exit 0. Failed attempts NOT summed in.; mean of 3 genic-shuffle seeds (min 0.0021, max 0.0024)
pbmc_10k_v3	PeakATail	peakatail_top22000	precision_null	25.000000	0.005728	atlas_full	21998	12426.000000	100.656528	diagnostic: top 22k PAS by total UMI (matched-N vs Sierra/SCAPTURE); runtime source: pbmc_10k_v3/peakatail/runtime_mem.txt + run.log; re-derived from the peakatail run output, no separate run; 4 attempts; attempts 1-3 failed (1:33:21, 1:52:42, 4:52:58) on three separate CellRanger-input bugs (CB '-1' suffix length check, unmapped-read reference_end=None, RG-id underscore split; see manuscript/github/issue8_cellranger_cb_suffix.md). wall_s = attempt 4, a full run from scratch, exit 0. Failed attempts NOT summed in.; mean of 3 genic-shuffle seeds (min 0.0055, max 0.0060)
pbmc_10k_v3	PeakATail	peakatail_top22000	precision_null	50.000000	0.011683	atlas_full	21998	12426.000000	100.656528	diagnostic: top 22k PAS by total UMI (matched-N vs Sierra/SCAPTURE); runtime source: pbmc_10k_v3/peakatail/runtime_mem.txt + run.log; re-derived from the peakatail run output, no separate run; 4 attempts; attempts 1-3 failed (1:33:21, 1:52:42, 4:52:58) on three separate CellRanger-input bugs (CB '-1' suffix length check, unmapped-read reference_end=None, RG-id underscore split; see manuscript/github/issue8_cellranger_cb_suffix.md). wall_s = attempt 4, a full run from scratch, exit 0. Failed attempts NOT summed in.; mean of 3 genic-shuffle seeds (min 0.0110, max 0.0120)
pbmc_10k_v3	PeakATail	peakatail_top22000	precision_null	100.000000	0.022017	atlas_full	21998	12426.000000	100.656528	diagnostic: top 22k PAS by total UMI (matched-N vs Sierra/SCAPTURE); runtime source: pbmc_10k_v3/peakatail/runtime_mem.txt + run.log; re-derived from the peakatail run output, no separate run; 4 attempts; attempts 1-3 failed (1:33:21, 1:52:42, 4:52:58) on three separate CellRanger-input bugs (CB '-1' suffix length check, unmapped-read reference_end=None, RG-id underscore split; see manuscript/github/issue8_cellranger_cb_suffix.md). wall_s = attempt 4, a full run from scratch, exit 0. Failed attempts NOT summed in.; mean of 3 genic-shuffle seeds (min 0.0204, max 0.0231)
pbmc_10k_v3	PeakATail	peakatail_top22000	precision_null	200.000000	0.039337	atlas_full	21998	12426.000000	100.656528	diagnostic: top 22k PAS by total UMI (matched-N vs Sierra/SCAPTURE); runtime source: pbmc_10k_v3/peakatail/runtime_mem.txt + run.log; re-derived from the peakatail run output, no separate run; 4 attempts; attempts 1-3 failed (1:33:21, 1:52:42, 4:52:58) on three separate CellRanger-input bugs (CB '-1' suffix length check, unmapped-read reference_end=None, RG-id underscore split; see manuscript/github/issue8_cellranger_cb_suffix.md). wall_s = attempt 4, a full run from scratch, exit 0. Failed attempts NOT summed in.; mean of 3 genic-shuffle seeds (min 0.0375, max 0.0402)
pbmc_10k_v3	PeakATail	peakatail_top22000	replicate			single-sample	21998	12426.000000	100.656528	SENSITIVITY/DIAGNOSTIC arm, not plotted; diagnostic: top 22k PAS by total UMI (matched-N vs Sierra/SCAPTURE); runtime source: pbmc_10k_v3/peakatail/runtime_mem.txt + run.log; re-derived from the peakatail run output, no separate run; 4 attempts; attempts 1-3 failed (1:33:21, 1:52:42, 4:52:58) on three separate CellRanger-input bugs (CB '-1' suffix length check, unmapped-read reference_end=None, RG-id underscore split; see manuscript/github/issue8_cellranger_cb_suffix.md). wall_s = attempt 4, a full run from scratch, exit 0. Failed attempts NOT summed in.
pbmc_10k_v3	PeakATail	peakatail_top36000	precision	10.000000	0.016141	atlas_full	35996	12426.000000	100.656528	diagnostic: top 36k PAS by total UMI; runtime source: pbmc_10k_v3/peakatail/runtime_mem.txt + run.log; re-derived from the peakatail run output, no separate run; 4 attempts; attempts 1-3 failed (1:33:21, 1:52:42, 4:52:58) on three separate CellRanger-input bugs (CB '-1' suffix length check, unmapped-read reference_end=None, RG-id underscore split; see manuscript/github/issue8_cellranger_cb_suffix.md). wall_s = attempt 4, a full run from scratch, exit 0. Failed attempts NOT summed in.
pbmc_10k_v3	PeakATail	peakatail_top36000	precision	25.000000	0.036976	atlas_full	35996	12426.000000	100.656528	diagnostic: top 36k PAS by total UMI; runtime source: pbmc_10k_v3/peakatail/runtime_mem.txt + run.log; re-derived from the peakatail run output, no separate run; 4 attempts; attempts 1-3 failed (1:33:21, 1:52:42, 4:52:58) on three separate CellRanger-input bugs (CB '-1' suffix length check, unmapped-read reference_end=None, RG-id underscore split; see manuscript/github/issue8_cellranger_cb_suffix.md). wall_s = attempt 4, a full run from scratch, exit 0. Failed attempts NOT summed in.
pbmc_10k_v3	PeakATail	peakatail_top36000	precision	50.000000	0.063729	atlas_full	35996	12426.000000	100.656528	diagnostic: top 36k PAS by total UMI; runtime source: pbmc_10k_v3/peakatail/runtime_mem.txt + run.log; re-derived from the peakatail run output, no separate run; 4 attempts; attempts 1-3 failed (1:33:21, 1:52:42, 4:52:58) on three separate CellRanger-input bugs (CB '-1' suffix length check, unmapped-read reference_end=None, RG-id underscore split; see manuscript/github/issue8_cellranger_cb_suffix.md). wall_s = attempt 4, a full run from scratch, exit 0. Failed attempts NOT summed in.
pbmc_10k_v3	PeakATail	peakatail_top36000	precision	100.000000	0.119819	atlas_full	35996	12426.000000	100.656528	diagnostic: top 36k PAS by total UMI; runtime source: pbmc_10k_v3/peakatail/runtime_mem.txt + run.log; re-derived from the peakatail run output, no separate run; 4 attempts; attempts 1-3 failed (1:33:21, 1:52:42, 4:52:58) on three separate CellRanger-input bugs (CB '-1' suffix length check, unmapped-read reference_end=None, RG-id underscore split; see manuscript/github/issue8_cellranger_cb_suffix.md). wall_s = attempt 4, a full run from scratch, exit 0. Failed attempts NOT summed in.
pbmc_10k_v3	PeakATail	peakatail_top36000	precision	200.000000	0.168046	atlas_full	35996	12426.000000	100.656528	diagnostic: top 36k PAS by total UMI; runtime source: pbmc_10k_v3/peakatail/runtime_mem.txt + run.log; re-derived from the peakatail run output, no separate run; 4 attempts; attempts 1-3 failed (1:33:21, 1:52:42, 4:52:58) on three separate CellRanger-input bugs (CB '-1' suffix length check, unmapped-read reference_end=None, RG-id underscore split; see manuscript/github/issue8_cellranger_cb_suffix.md). wall_s = attempt 4, a full run from scratch, exit 0. Failed attempts NOT summed in.
pbmc_10k_v3	PeakATail	peakatail_top36000	precision	10.000000	0.004195	tes	35996	12426.000000	100.656528	diagnostic: top 36k PAS by total UMI; runtime source: pbmc_10k_v3/peakatail/runtime_mem.txt + run.log; re-derived from the peakatail run output, no separate run; 4 attempts; attempts 1-3 failed (1:33:21, 1:52:42, 4:52:58) on three separate CellRanger-input bugs (CB '-1' suffix length check, unmapped-read reference_end=None, RG-id underscore split; see manuscript/github/issue8_cellranger_cb_suffix.md). wall_s = attempt 4, a full run from scratch, exit 0. Failed attempts NOT summed in.
pbmc_10k_v3	PeakATail	peakatail_top36000	precision	25.000000	0.009418	tes	35996	12426.000000	100.656528	diagnostic: top 36k PAS by total UMI; runtime source: pbmc_10k_v3/peakatail/runtime_mem.txt + run.log; re-derived from the peakatail run output, no separate run; 4 attempts; attempts 1-3 failed (1:33:21, 1:52:42, 4:52:58) on three separate CellRanger-input bugs (CB '-1' suffix length check, unmapped-read reference_end=None, RG-id underscore split; see manuscript/github/issue8_cellranger_cb_suffix.md). wall_s = attempt 4, a full run from scratch, exit 0. Failed attempts NOT summed in.
pbmc_10k_v3	PeakATail	peakatail_top36000	precision	50.000000	0.016196	tes	35996	12426.000000	100.656528	diagnostic: top 36k PAS by total UMI; runtime source: pbmc_10k_v3/peakatail/runtime_mem.txt + run.log; re-derived from the peakatail run output, no separate run; 4 attempts; attempts 1-3 failed (1:33:21, 1:52:42, 4:52:58) on three separate CellRanger-input bugs (CB '-1' suffix length check, unmapped-read reference_end=None, RG-id underscore split; see manuscript/github/issue8_cellranger_cb_suffix.md). wall_s = attempt 4, a full run from scratch, exit 0. Failed attempts NOT summed in.
pbmc_10k_v3	PeakATail	peakatail_top36000	precision	100.000000	0.038782	tes	35996	12426.000000	100.656528	diagnostic: top 36k PAS by total UMI; runtime source: pbmc_10k_v3/peakatail/runtime_mem.txt + run.log; re-derived from the peakatail run output, no separate run; 4 attempts; attempts 1-3 failed (1:33:21, 1:52:42, 4:52:58) on three separate CellRanger-input bugs (CB '-1' suffix length check, unmapped-read reference_end=None, RG-id underscore split; see manuscript/github/issue8_cellranger_cb_suffix.md). wall_s = attempt 4, a full run from scratch, exit 0. Failed attempts NOT summed in.
pbmc_10k_v3	PeakATail	peakatail_top36000	precision	200.000000	0.047339	tes	35996	12426.000000	100.656528	diagnostic: top 36k PAS by total UMI; runtime source: pbmc_10k_v3/peakatail/runtime_mem.txt + run.log; re-derived from the peakatail run output, no separate run; 4 attempts; attempts 1-3 failed (1:33:21, 1:52:42, 4:52:58) on three separate CellRanger-input bugs (CB '-1' suffix length check, unmapped-read reference_end=None, RG-id underscore split; see manuscript/github/issue8_cellranger_cb_suffix.md). wall_s = attempt 4, a full run from scratch, exit 0. Failed attempts NOT summed in.
pbmc_10k_v3	PeakATail	peakatail_top36000	recall	10.000000	0.001025	atlas_full	35996	12426.000000	100.656528	diagnostic: top 36k PAS by total UMI; runtime source: pbmc_10k_v3/peakatail/runtime_mem.txt + run.log; re-derived from the peakatail run output, no separate run; 4 attempts; attempts 1-3 failed (1:33:21, 1:52:42, 4:52:58) on three separate CellRanger-input bugs (CB '-1' suffix length check, unmapped-read reference_end=None, RG-id underscore split; see manuscript/github/issue8_cellranger_cb_suffix.md). wall_s = attempt 4, a full run from scratch, exit 0. Failed attempts NOT summed in.; denominator=569005
pbmc_10k_v3	PeakATail	peakatail_top36000	recall	25.000000	0.002482	atlas_full	35996	12426.000000	100.656528	diagnostic: top 36k PAS by total UMI; runtime source: pbmc_10k_v3/peakatail/runtime_mem.txt + run.log; re-derived from the peakatail run output, no separate run; 4 attempts; attempts 1-3 failed (1:33:21, 1:52:42, 4:52:58) on three separate CellRanger-input bugs (CB '-1' suffix length check, unmapped-read reference_end=None, RG-id underscore split; see manuscript/github/issue8_cellranger_cb_suffix.md). wall_s = attempt 4, a full run from scratch, exit 0. Failed attempts NOT summed in.; denominator=569005
pbmc_10k_v3	PeakATail	peakatail_top36000	recall	50.000000	0.004814	atlas_full	35996	12426.000000	100.656528	diagnostic: top 36k PAS by total UMI; runtime source: pbmc_10k_v3/peakatail/runtime_mem.txt + run.log; re-derived from the peakatail run output, no separate run; 4 attempts; attempts 1-3 failed (1:33:21, 1:52:42, 4:52:58) on three separate CellRanger-input bugs (CB '-1' suffix length check, unmapped-read reference_end=None, RG-id underscore split; see manuscript/github/issue8_cellranger_cb_suffix.md). wall_s = attempt 4, a full run from scratch, exit 0. Failed attempts NOT summed in.; denominator=569005
pbmc_10k_v3	PeakATail	peakatail_top36000	recall	100.000000	0.010466	atlas_full	35996	12426.000000	100.656528	diagnostic: top 36k PAS by total UMI; runtime source: pbmc_10k_v3/peakatail/runtime_mem.txt + run.log; re-derived from the peakatail run output, no separate run; 4 attempts; attempts 1-3 failed (1:33:21, 1:52:42, 4:52:58) on three separate CellRanger-input bugs (CB '-1' suffix length check, unmapped-read reference_end=None, RG-id underscore split; see manuscript/github/issue8_cellranger_cb_suffix.md). wall_s = attempt 4, a full run from scratch, exit 0. Failed attempts NOT summed in.; denominator=569005
pbmc_10k_v3	PeakATail	peakatail_top36000	recall	200.000000	0.016114	atlas_full	35996	12426.000000	100.656528	diagnostic: top 36k PAS by total UMI; runtime source: pbmc_10k_v3/peakatail/runtime_mem.txt + run.log; re-derived from the peakatail run output, no separate run; 4 attempts; attempts 1-3 failed (1:33:21, 1:52:42, 4:52:58) on three separate CellRanger-input bugs (CB '-1' suffix length check, unmapped-read reference_end=None, RG-id underscore split; see manuscript/github/issue8_cellranger_cb_suffix.md). wall_s = attempt 4, a full run from scratch, exit 0. Failed attempts NOT summed in.; denominator=569005
pbmc_10k_v3	PeakATail	peakatail_top36000	recall	10.000000	0.001996	atlas_detected	35996	12426.000000	100.656528	diagnostic: top 36k PAS by total UMI; runtime source: pbmc_10k_v3/peakatail/runtime_mem.txt + run.log; re-derived from the peakatail run output, no separate run; 4 attempts; attempts 1-3 failed (1:33:21, 1:52:42, 4:52:58) on three separate CellRanger-input bugs (CB '-1' suffix length check, unmapped-read reference_end=None, RG-id underscore split; see manuscript/github/issue8_cellranger_cb_suffix.md). wall_s = attempt 4, a full run from scratch, exit 0. Failed attempts NOT summed in.; denominator=285136
pbmc_10k_v3	PeakATail	peakatail_top36000	recall	25.000000	0.004843	atlas_detected	35996	12426.000000	100.656528	diagnostic: top 36k PAS by total UMI; runtime source: pbmc_10k_v3/peakatail/runtime_mem.txt + run.log; re-derived from the peakatail run output, no separate run; 4 attempts; attempts 1-3 failed (1:33:21, 1:52:42, 4:52:58) on three separate CellRanger-input bugs (CB '-1' suffix length check, unmapped-read reference_end=None, RG-id underscore split; see manuscript/github/issue8_cellranger_cb_suffix.md). wall_s = attempt 4, a full run from scratch, exit 0. Failed attempts NOT summed in.; denominator=285136
pbmc_10k_v3	PeakATail	peakatail_top36000	recall	50.000000	0.009396	atlas_detected	35996	12426.000000	100.656528	diagnostic: top 36k PAS by total UMI; runtime source: pbmc_10k_v3/peakatail/runtime_mem.txt + run.log; re-derived from the peakatail run output, no separate run; 4 attempts; attempts 1-3 failed (1:33:21, 1:52:42, 4:52:58) on three separate CellRanger-input bugs (CB '-1' suffix length check, unmapped-read reference_end=None, RG-id underscore split; see manuscript/github/issue8_cellranger_cb_suffix.md). wall_s = attempt 4, a full run from scratch, exit 0. Failed attempts NOT summed in.; denominator=285136
pbmc_10k_v3	PeakATail	peakatail_top36000	recall	100.000000	0.020425	atlas_detected	35996	12426.000000	100.656528	diagnostic: top 36k PAS by total UMI; runtime source: pbmc_10k_v3/peakatail/runtime_mem.txt + run.log; re-derived from the peakatail run output, no separate run; 4 attempts; attempts 1-3 failed (1:33:21, 1:52:42, 4:52:58) on three separate CellRanger-input bugs (CB '-1' suffix length check, unmapped-read reference_end=None, RG-id underscore split; see manuscript/github/issue8_cellranger_cb_suffix.md). wall_s = attempt 4, a full run from scratch, exit 0. Failed attempts NOT summed in.; denominator=285136
pbmc_10k_v3	PeakATail	peakatail_top36000	recall	200.000000	0.031364	atlas_detected	35996	12426.000000	100.656528	diagnostic: top 36k PAS by total UMI; runtime source: pbmc_10k_v3/peakatail/runtime_mem.txt + run.log; re-derived from the peakatail run output, no separate run; 4 attempts; attempts 1-3 failed (1:33:21, 1:52:42, 4:52:58) on three separate CellRanger-input bugs (CB '-1' suffix length check, unmapped-read reference_end=None, RG-id underscore split; see manuscript/github/issue8_cellranger_cb_suffix.md). wall_s = attempt 4, a full run from scratch, exit 0. Failed attempts NOT summed in.; denominator=285136
pbmc_10k_v3	PeakATail	peakatail_top36000	recall	10.000000	0.002519	tes	35996	12426.000000	100.656528	diagnostic: top 36k PAS by total UMI; runtime source: pbmc_10k_v3/peakatail/runtime_mem.txt + run.log; re-derived from the peakatail run output, no separate run; 4 attempts; attempts 1-3 failed (1:33:21, 1:52:42, 4:52:58) on three separate CellRanger-input bugs (CB '-1' suffix length check, unmapped-read reference_end=None, RG-id underscore split; see manuscript/github/issue8_cellranger_cb_suffix.md). wall_s = attempt 4, a full run from scratch, exit 0. Failed attempts NOT summed in.; denominator=73439
pbmc_10k_v3	PeakATail	peakatail_top36000	recall	25.000000	0.006168	tes	35996	12426.000000	100.656528	diagnostic: top 36k PAS by total UMI; runtime source: pbmc_10k_v3/peakatail/runtime_mem.txt + run.log; re-derived from the peakatail run output, no separate run; 4 attempts; attempts 1-3 failed (1:33:21, 1:52:42, 4:52:58) on three separate CellRanger-input bugs (CB '-1' suffix length check, unmapped-read reference_end=None, RG-id underscore split; see manuscript/github/issue8_cellranger_cb_suffix.md). wall_s = attempt 4, a full run from scratch, exit 0. Failed attempts NOT summed in.; denominator=73439
pbmc_10k_v3	PeakATail	peakatail_top36000	recall	50.000000	0.011125	tes	35996	12426.000000	100.656528	diagnostic: top 36k PAS by total UMI; runtime source: pbmc_10k_v3/peakatail/runtime_mem.txt + run.log; re-derived from the peakatail run output, no separate run; 4 attempts; attempts 1-3 failed (1:33:21, 1:52:42, 4:52:58) on three separate CellRanger-input bugs (CB '-1' suffix length check, unmapped-read reference_end=None, RG-id underscore split; see manuscript/github/issue8_cellranger_cb_suffix.md). wall_s = attempt 4, a full run from scratch, exit 0. Failed attempts NOT summed in.; denominator=73439
pbmc_10k_v3	PeakATail	peakatail_top36000	recall	100.000000	0.029262	tes	35996	12426.000000	100.656528	diagnostic: top 36k PAS by total UMI; runtime source: pbmc_10k_v3/peakatail/runtime_mem.txt + run.log; re-derived from the peakatail run output, no separate run; 4 attempts; attempts 1-3 failed (1:33:21, 1:52:42, 4:52:58) on three separate CellRanger-input bugs (CB '-1' suffix length check, unmapped-read reference_end=None, RG-id underscore split; see manuscript/github/issue8_cellranger_cb_suffix.md). wall_s = attempt 4, a full run from scratch, exit 0. Failed attempts NOT summed in.; denominator=73439
pbmc_10k_v3	PeakATail	peakatail_top36000	recall	200.000000	0.036411	tes	35996	12426.000000	100.656528	diagnostic: top 36k PAS by total UMI; runtime source: pbmc_10k_v3/peakatail/runtime_mem.txt + run.log; re-derived from the peakatail run output, no separate run; 4 attempts; attempts 1-3 failed (1:33:21, 1:52:42, 4:52:58) on three separate CellRanger-input bugs (CB '-1' suffix length check, unmapped-read reference_end=None, RG-id underscore split; see manuscript/github/issue8_cellranger_cb_suffix.md). wall_s = attempt 4, a full run from scratch, exit 0. Failed attempts NOT summed in.; denominator=73439
pbmc_10k_v3	PeakATail	peakatail_top36000	f1	10.000000	0.001927	atlas_full	35996	12426.000000	100.656528	diagnostic: top 36k PAS by total UMI; runtime source: pbmc_10k_v3/peakatail/runtime_mem.txt + run.log; re-derived from the peakatail run output, no separate run; 4 attempts; attempts 1-3 failed (1:33:21, 1:52:42, 4:52:58) on three separate CellRanger-input bugs (CB '-1' suffix length check, unmapped-read reference_end=None, RG-id underscore split; see manuscript/github/issue8_cellranger_cb_suffix.md). wall_s = attempt 4, a full run from scratch, exit 0. Failed attempts NOT summed in.
pbmc_10k_v3	PeakATail	peakatail_top36000	f1	25.000000	0.004651	atlas_full	35996	12426.000000	100.656528	diagnostic: top 36k PAS by total UMI; runtime source: pbmc_10k_v3/peakatail/runtime_mem.txt + run.log; re-derived from the peakatail run output, no separate run; 4 attempts; attempts 1-3 failed (1:33:21, 1:52:42, 4:52:58) on three separate CellRanger-input bugs (CB '-1' suffix length check, unmapped-read reference_end=None, RG-id underscore split; see manuscript/github/issue8_cellranger_cb_suffix.md). wall_s = attempt 4, a full run from scratch, exit 0. Failed attempts NOT summed in.
pbmc_10k_v3	PeakATail	peakatail_top36000	f1	50.000000	0.008951	atlas_full	35996	12426.000000	100.656528	diagnostic: top 36k PAS by total UMI; runtime source: pbmc_10k_v3/peakatail/runtime_mem.txt + run.log; re-derived from the peakatail run output, no separate run; 4 attempts; attempts 1-3 failed (1:33:21, 1:52:42, 4:52:58) on three separate CellRanger-input bugs (CB '-1' suffix length check, unmapped-read reference_end=None, RG-id underscore split; see manuscript/github/issue8_cellranger_cb_suffix.md). wall_s = attempt 4, a full run from scratch, exit 0. Failed attempts NOT summed in.
pbmc_10k_v3	PeakATail	peakatail_top36000	f1	100.000000	0.019250	atlas_full	35996	12426.000000	100.656528	diagnostic: top 36k PAS by total UMI; runtime source: pbmc_10k_v3/peakatail/runtime_mem.txt + run.log; re-derived from the peakatail run output, no separate run; 4 attempts; attempts 1-3 failed (1:33:21, 1:52:42, 4:52:58) on three separate CellRanger-input bugs (CB '-1' suffix length check, unmapped-read reference_end=None, RG-id underscore split; see manuscript/github/issue8_cellranger_cb_suffix.md). wall_s = attempt 4, a full run from scratch, exit 0. Failed attempts NOT summed in.
pbmc_10k_v3	PeakATail	peakatail_top36000	f1	200.000000	0.029408	atlas_full	35996	12426.000000	100.656528	diagnostic: top 36k PAS by total UMI; runtime source: pbmc_10k_v3/peakatail/runtime_mem.txt + run.log; re-derived from the peakatail run output, no separate run; 4 attempts; attempts 1-3 failed (1:33:21, 1:52:42, 4:52:58) on three separate CellRanger-input bugs (CB '-1' suffix length check, unmapped-read reference_end=None, RG-id underscore split; see manuscript/github/issue8_cellranger_cb_suffix.md). wall_s = attempt 4, a full run from scratch, exit 0. Failed attempts NOT summed in.
pbmc_10k_v3	PeakATail	peakatail_top36000	f1	10.000000	0.003552	atlas_detected	35996	12426.000000	100.656528	diagnostic: top 36k PAS by total UMI; runtime source: pbmc_10k_v3/peakatail/runtime_mem.txt + run.log; re-derived from the peakatail run output, no separate run; 4 attempts; attempts 1-3 failed (1:33:21, 1:52:42, 4:52:58) on three separate CellRanger-input bugs (CB '-1' suffix length check, unmapped-read reference_end=None, RG-id underscore split; see manuscript/github/issue8_cellranger_cb_suffix.md). wall_s = attempt 4, a full run from scratch, exit 0. Failed attempts NOT summed in.
pbmc_10k_v3	PeakATail	peakatail_top36000	f1	25.000000	0.008565	atlas_detected	35996	12426.000000	100.656528	diagnostic: top 36k PAS by total UMI; runtime source: pbmc_10k_v3/peakatail/runtime_mem.txt + run.log; re-derived from the peakatail run output, no separate run; 4 attempts; attempts 1-3 failed (1:33:21, 1:52:42, 4:52:58) on three separate CellRanger-input bugs (CB '-1' suffix length check, unmapped-read reference_end=None, RG-id underscore split; see manuscript/github/issue8_cellranger_cb_suffix.md). wall_s = attempt 4, a full run from scratch, exit 0. Failed attempts NOT summed in.
pbmc_10k_v3	PeakATail	peakatail_top36000	f1	50.000000	0.016377	atlas_detected	35996	12426.000000	100.656528	diagnostic: top 36k PAS by total UMI; runtime source: pbmc_10k_v3/peakatail/runtime_mem.txt + run.log; re-derived from the peakatail run output, no separate run; 4 attempts; attempts 1-3 failed (1:33:21, 1:52:42, 4:52:58) on three separate CellRanger-input bugs (CB '-1' suffix length check, unmapped-read reference_end=None, RG-id underscore split; see manuscript/github/issue8_cellranger_cb_suffix.md). wall_s = attempt 4, a full run from scratch, exit 0. Failed attempts NOT summed in.
pbmc_10k_v3	PeakATail	peakatail_top36000	f1	100.000000	0.034901	atlas_detected	35996	12426.000000	100.656528	diagnostic: top 36k PAS by total UMI; runtime source: pbmc_10k_v3/peakatail/runtime_mem.txt + run.log; re-derived from the peakatail run output, no separate run; 4 attempts; attempts 1-3 failed (1:33:21, 1:52:42, 4:52:58) on three separate CellRanger-input bugs (CB '-1' suffix length check, unmapped-read reference_end=None, RG-id underscore split; see manuscript/github/issue8_cellranger_cb_suffix.md). wall_s = attempt 4, a full run from scratch, exit 0. Failed attempts NOT summed in.
pbmc_10k_v3	PeakATail	peakatail_top36000	f1	200.000000	0.052862	atlas_detected	35996	12426.000000	100.656528	diagnostic: top 36k PAS by total UMI; runtime source: pbmc_10k_v3/peakatail/runtime_mem.txt + run.log; re-derived from the peakatail run output, no separate run; 4 attempts; attempts 1-3 failed (1:33:21, 1:52:42, 4:52:58) on three separate CellRanger-input bugs (CB '-1' suffix length check, unmapped-read reference_end=None, RG-id underscore split; see manuscript/github/issue8_cellranger_cb_suffix.md). wall_s = attempt 4, a full run from scratch, exit 0. Failed attempts NOT summed in.
pbmc_10k_v3	PeakATail	peakatail_top36000	precision_null	10.000000	0.002361	atlas_full	35996	12426.000000	100.656528	diagnostic: top 36k PAS by total UMI; runtime source: pbmc_10k_v3/peakatail/runtime_mem.txt + run.log; re-derived from the peakatail run output, no separate run; 4 attempts; attempts 1-3 failed (1:33:21, 1:52:42, 4:52:58) on three separate CellRanger-input bugs (CB '-1' suffix length check, unmapped-read reference_end=None, RG-id underscore split; see manuscript/github/issue8_cellranger_cb_suffix.md). wall_s = attempt 4, a full run from scratch, exit 0. Failed attempts NOT summed in.; mean of 3 genic-shuffle seeds (min 0.0021, max 0.0026)
pbmc_10k_v3	PeakATail	peakatail_top36000	precision_null	25.000000	0.005723	atlas_full	35996	12426.000000	100.656528	diagnostic: top 36k PAS by total UMI; runtime source: pbmc_10k_v3/peakatail/runtime_mem.txt + run.log; re-derived from the peakatail run output, no separate run; 4 attempts; attempts 1-3 failed (1:33:21, 1:52:42, 4:52:58) on three separate CellRanger-input bugs (CB '-1' suffix length check, unmapped-read reference_end=None, RG-id underscore split; see manuscript/github/issue8_cellranger_cb_suffix.md). wall_s = attempt 4, a full run from scratch, exit 0. Failed attempts NOT summed in.; mean of 3 genic-shuffle seeds (min 0.0053, max 0.0060)
pbmc_10k_v3	PeakATail	peakatail_top36000	precision_null	50.000000	0.011723	atlas_full	35996	12426.000000	100.656528	diagnostic: top 36k PAS by total UMI; runtime source: pbmc_10k_v3/peakatail/runtime_mem.txt + run.log; re-derived from the peakatail run output, no separate run; 4 attempts; attempts 1-3 failed (1:33:21, 1:52:42, 4:52:58) on three separate CellRanger-input bugs (CB '-1' suffix length check, unmapped-read reference_end=None, RG-id underscore split; see manuscript/github/issue8_cellranger_cb_suffix.md). wall_s = attempt 4, a full run from scratch, exit 0. Failed attempts NOT summed in.; mean of 3 genic-shuffle seeds (min 0.0113, max 0.0121)
pbmc_10k_v3	PeakATail	peakatail_top36000	precision_null	100.000000	0.022077	atlas_full	35996	12426.000000	100.656528	diagnostic: top 36k PAS by total UMI; runtime source: pbmc_10k_v3/peakatail/runtime_mem.txt + run.log; re-derived from the peakatail run output, no separate run; 4 attempts; attempts 1-3 failed (1:33:21, 1:52:42, 4:52:58) on three separate CellRanger-input bugs (CB '-1' suffix length check, unmapped-read reference_end=None, RG-id underscore split; see manuscript/github/issue8_cellranger_cb_suffix.md). wall_s = attempt 4, a full run from scratch, exit 0. Failed attempts NOT summed in.; mean of 3 genic-shuffle seeds (min 0.0217, max 0.0225)
pbmc_10k_v3	PeakATail	peakatail_top36000	precision_null	200.000000	0.040254	atlas_full	35996	12426.000000	100.656528	diagnostic: top 36k PAS by total UMI; runtime source: pbmc_10k_v3/peakatail/runtime_mem.txt + run.log; re-derived from the peakatail run output, no separate run; 4 attempts; attempts 1-3 failed (1:33:21, 1:52:42, 4:52:58) on three separate CellRanger-input bugs (CB '-1' suffix length check, unmapped-read reference_end=None, RG-id underscore split; see manuscript/github/issue8_cellranger_cb_suffix.md). wall_s = attempt 4, a full run from scratch, exit 0. Failed attempts NOT summed in.; mean of 3 genic-shuffle seeds (min 0.0397, max 0.0411)
pbmc_10k_v3	PeakATail	peakatail_top36000	replicate			single-sample	35996	12426.000000	100.656528	SENSITIVITY/DIAGNOSTIC arm, not plotted; diagnostic: top 36k PAS by total UMI; runtime source: pbmc_10k_v3/peakatail/runtime_mem.txt + run.log; re-derived from the peakatail run output, no separate run; 4 attempts; attempts 1-3 failed (1:33:21, 1:52:42, 4:52:58) on three separate CellRanger-input bugs (CB '-1' suffix length check, unmapped-read reference_end=None, RG-id underscore split; see manuscript/github/issue8_cellranger_cb_suffix.md). wall_s = attempt 4, a full run from scratch, exit 0. Failed attempts NOT summed in.
pbmc_10k_v3	PeakATail	peakatail_top106000	precision	10.000000	0.015861	atlas_full	105986	12426.000000	100.656528	diagnostic: top 106k PAS by total UMI; runtime source: pbmc_10k_v3/peakatail/runtime_mem.txt + run.log; re-derived from the peakatail run output, no separate run; 4 attempts; attempts 1-3 failed (1:33:21, 1:52:42, 4:52:58) on three separate CellRanger-input bugs (CB '-1' suffix length check, unmapped-read reference_end=None, RG-id underscore split; see manuscript/github/issue8_cellranger_cb_suffix.md). wall_s = attempt 4, a full run from scratch, exit 0. Failed attempts NOT summed in.
pbmc_10k_v3	PeakATail	peakatail_top106000	precision	25.000000	0.036986	atlas_full	105986	12426.000000	100.656528	diagnostic: top 106k PAS by total UMI; runtime source: pbmc_10k_v3/peakatail/runtime_mem.txt + run.log; re-derived from the peakatail run output, no separate run; 4 attempts; attempts 1-3 failed (1:33:21, 1:52:42, 4:52:58) on three separate CellRanger-input bugs (CB '-1' suffix length check, unmapped-read reference_end=None, RG-id underscore split; see manuscript/github/issue8_cellranger_cb_suffix.md). wall_s = attempt 4, a full run from scratch, exit 0. Failed attempts NOT summed in.
pbmc_10k_v3	PeakATail	peakatail_top106000	precision	50.000000	0.063791	atlas_full	105986	12426.000000	100.656528	diagnostic: top 106k PAS by total UMI; runtime source: pbmc_10k_v3/peakatail/runtime_mem.txt + run.log; re-derived from the peakatail run output, no separate run; 4 attempts; attempts 1-3 failed (1:33:21, 1:52:42, 4:52:58) on three separate CellRanger-input bugs (CB '-1' suffix length check, unmapped-read reference_end=None, RG-id underscore split; see manuscript/github/issue8_cellranger_cb_suffix.md). wall_s = attempt 4, a full run from scratch, exit 0. Failed attempts NOT summed in.
pbmc_10k_v3	PeakATail	peakatail_top106000	precision	100.000000	0.117912	atlas_full	105986	12426.000000	100.656528	diagnostic: top 106k PAS by total UMI; runtime source: pbmc_10k_v3/peakatail/runtime_mem.txt + run.log; re-derived from the peakatail run output, no separate run; 4 attempts; attempts 1-3 failed (1:33:21, 1:52:42, 4:52:58) on three separate CellRanger-input bugs (CB '-1' suffix length check, unmapped-read reference_end=None, RG-id underscore split; see manuscript/github/issue8_cellranger_cb_suffix.md). wall_s = attempt 4, a full run from scratch, exit 0. Failed attempts NOT summed in.
pbmc_10k_v3	PeakATail	peakatail_top106000	precision	200.000000	0.166192	atlas_full	105986	12426.000000	100.656528	diagnostic: top 106k PAS by total UMI; runtime source: pbmc_10k_v3/peakatail/runtime_mem.txt + run.log; re-derived from the peakatail run output, no separate run; 4 attempts; attempts 1-3 failed (1:33:21, 1:52:42, 4:52:58) on three separate CellRanger-input bugs (CB '-1' suffix length check, unmapped-read reference_end=None, RG-id underscore split; see manuscript/github/issue8_cellranger_cb_suffix.md). wall_s = attempt 4, a full run from scratch, exit 0. Failed attempts NOT summed in.
pbmc_10k_v3	PeakATail	peakatail_top106000	precision	10.000000	0.004274	tes	105986	12426.000000	100.656528	diagnostic: top 106k PAS by total UMI; runtime source: pbmc_10k_v3/peakatail/runtime_mem.txt + run.log; re-derived from the peakatail run output, no separate run; 4 attempts; attempts 1-3 failed (1:33:21, 1:52:42, 4:52:58) on three separate CellRanger-input bugs (CB '-1' suffix length check, unmapped-read reference_end=None, RG-id underscore split; see manuscript/github/issue8_cellranger_cb_suffix.md). wall_s = attempt 4, a full run from scratch, exit 0. Failed attempts NOT summed in.
pbmc_10k_v3	PeakATail	peakatail_top106000	precision	25.000000	0.009322	tes	105986	12426.000000	100.656528	diagnostic: top 106k PAS by total UMI; runtime source: pbmc_10k_v3/peakatail/runtime_mem.txt + run.log; re-derived from the peakatail run output, no separate run; 4 attempts; attempts 1-3 failed (1:33:21, 1:52:42, 4:52:58) on three separate CellRanger-input bugs (CB '-1' suffix length check, unmapped-read reference_end=None, RG-id underscore split; see manuscript/github/issue8_cellranger_cb_suffix.md). wall_s = attempt 4, a full run from scratch, exit 0. Failed attempts NOT summed in.
pbmc_10k_v3	PeakATail	peakatail_top106000	precision	50.000000	0.016125	tes	105986	12426.000000	100.656528	diagnostic: top 106k PAS by total UMI; runtime source: pbmc_10k_v3/peakatail/runtime_mem.txt + run.log; re-derived from the peakatail run output, no separate run; 4 attempts; attempts 1-3 failed (1:33:21, 1:52:42, 4:52:58) on three separate CellRanger-input bugs (CB '-1' suffix length check, unmapped-read reference_end=None, RG-id underscore split; see manuscript/github/issue8_cellranger_cb_suffix.md). wall_s = attempt 4, a full run from scratch, exit 0. Failed attempts NOT summed in.
pbmc_10k_v3	PeakATail	peakatail_top106000	precision	100.000000	0.040307	tes	105986	12426.000000	100.656528	diagnostic: top 106k PAS by total UMI; runtime source: pbmc_10k_v3/peakatail/runtime_mem.txt + run.log; re-derived from the peakatail run output, no separate run; 4 attempts; attempts 1-3 failed (1:33:21, 1:52:42, 4:52:58) on three separate CellRanger-input bugs (CB '-1' suffix length check, unmapped-read reference_end=None, RG-id underscore split; see manuscript/github/issue8_cellranger_cb_suffix.md). wall_s = attempt 4, a full run from scratch, exit 0. Failed attempts NOT summed in.
pbmc_10k_v3	PeakATail	peakatail_top106000	precision	200.000000	0.048676	tes	105986	12426.000000	100.656528	diagnostic: top 106k PAS by total UMI; runtime source: pbmc_10k_v3/peakatail/runtime_mem.txt + run.log; re-derived from the peakatail run output, no separate run; 4 attempts; attempts 1-3 failed (1:33:21, 1:52:42, 4:52:58) on three separate CellRanger-input bugs (CB '-1' suffix length check, unmapped-read reference_end=None, RG-id underscore split; see manuscript/github/issue8_cellranger_cb_suffix.md). wall_s = attempt 4, a full run from scratch, exit 0. Failed attempts NOT summed in.
pbmc_10k_v3	PeakATail	peakatail_top106000	recall	10.000000	0.002965	atlas_full	105986	12426.000000	100.656528	diagnostic: top 106k PAS by total UMI; runtime source: pbmc_10k_v3/peakatail/runtime_mem.txt + run.log; re-derived from the peakatail run output, no separate run; 4 attempts; attempts 1-3 failed (1:33:21, 1:52:42, 4:52:58) on three separate CellRanger-input bugs (CB '-1' suffix length check, unmapped-read reference_end=None, RG-id underscore split; see manuscript/github/issue8_cellranger_cb_suffix.md). wall_s = attempt 4, a full run from scratch, exit 0. Failed attempts NOT summed in.; denominator=569005
pbmc_10k_v3	PeakATail	peakatail_top106000	recall	25.000000	0.007281	atlas_full	105986	12426.000000	100.656528	diagnostic: top 106k PAS by total UMI; runtime source: pbmc_10k_v3/peakatail/runtime_mem.txt + run.log; re-derived from the peakatail run output, no separate run; 4 attempts; attempts 1-3 failed (1:33:21, 1:52:42, 4:52:58) on three separate CellRanger-input bugs (CB '-1' suffix length check, unmapped-read reference_end=None, RG-id underscore split; see manuscript/github/issue8_cellranger_cb_suffix.md). wall_s = attempt 4, a full run from scratch, exit 0. Failed attempts NOT summed in.; denominator=569005
pbmc_10k_v3	PeakATail	peakatail_top106000	recall	50.000000	0.014114	atlas_full	105986	12426.000000	100.656528	diagnostic: top 106k PAS by total UMI; runtime source: pbmc_10k_v3/peakatail/runtime_mem.txt + run.log; re-derived from the peakatail run output, no separate run; 4 attempts; attempts 1-3 failed (1:33:21, 1:52:42, 4:52:58) on three separate CellRanger-input bugs (CB '-1' suffix length check, unmapped-read reference_end=None, RG-id underscore split; see manuscript/github/issue8_cellranger_cb_suffix.md). wall_s = attempt 4, a full run from scratch, exit 0. Failed attempts NOT summed in.; denominator=569005
pbmc_10k_v3	PeakATail	peakatail_top106000	recall	100.000000	0.030581	atlas_full	105986	12426.000000	100.656528	diagnostic: top 106k PAS by total UMI; runtime source: pbmc_10k_v3/peakatail/runtime_mem.txt + run.log; re-derived from the peakatail run output, no separate run; 4 attempts; attempts 1-3 failed (1:33:21, 1:52:42, 4:52:58) on three separate CellRanger-input bugs (CB '-1' suffix length check, unmapped-read reference_end=None, RG-id underscore split; see manuscript/github/issue8_cellranger_cb_suffix.md). wall_s = attempt 4, a full run from scratch, exit 0. Failed attempts NOT summed in.; denominator=569005
pbmc_10k_v3	PeakATail	peakatail_top106000	recall	200.000000	0.047632	atlas_full	105986	12426.000000	100.656528	diagnostic: top 106k PAS by total UMI; runtime source: pbmc_10k_v3/peakatail/runtime_mem.txt + run.log; re-derived from the peakatail run output, no separate run; 4 attempts; attempts 1-3 failed (1:33:21, 1:52:42, 4:52:58) on three separate CellRanger-input bugs (CB '-1' suffix length check, unmapped-read reference_end=None, RG-id underscore split; see manuscript/github/issue8_cellranger_cb_suffix.md). wall_s = attempt 4, a full run from scratch, exit 0. Failed attempts NOT summed in.; denominator=569005
pbmc_10k_v3	PeakATail	peakatail_top106000	recall	10.000000	0.005801	atlas_detected	105986	12426.000000	100.656528	diagnostic: top 106k PAS by total UMI; runtime source: pbmc_10k_v3/peakatail/runtime_mem.txt + run.log; re-derived from the peakatail run output, no separate run; 4 attempts; attempts 1-3 failed (1:33:21, 1:52:42, 4:52:58) on three separate CellRanger-input bugs (CB '-1' suffix length check, unmapped-read reference_end=None, RG-id underscore split; see manuscript/github/issue8_cellranger_cb_suffix.md). wall_s = attempt 4, a full run from scratch, exit 0. Failed attempts NOT summed in.; denominator=285136
pbmc_10k_v3	PeakATail	peakatail_top106000	recall	25.000000	0.014270	atlas_detected	105986	12426.000000	100.656528	diagnostic: top 106k PAS by total UMI; runtime source: pbmc_10k_v3/peakatail/runtime_mem.txt + run.log; re-derived from the peakatail run output, no separate run; 4 attempts; attempts 1-3 failed (1:33:21, 1:52:42, 4:52:58) on three separate CellRanger-input bugs (CB '-1' suffix length check, unmapped-read reference_end=None, RG-id underscore split; see manuscript/github/issue8_cellranger_cb_suffix.md). wall_s = attempt 4, a full run from scratch, exit 0. Failed attempts NOT summed in.; denominator=285136
pbmc_10k_v3	PeakATail	peakatail_top106000	recall	50.000000	0.027615	atlas_detected	105986	12426.000000	100.656528	diagnostic: top 106k PAS by total UMI; runtime source: pbmc_10k_v3/peakatail/runtime_mem.txt + run.log; re-derived from the peakatail run output, no separate run; 4 attempts; attempts 1-3 failed (1:33:21, 1:52:42, 4:52:58) on three separate CellRanger-input bugs (CB '-1' suffix length check, unmapped-read reference_end=None, RG-id underscore split; see manuscript/github/issue8_cellranger_cb_suffix.md). wall_s = attempt 4, a full run from scratch, exit 0. Failed attempts NOT summed in.; denominator=285136
pbmc_10k_v3	PeakATail	peakatail_top106000	recall	100.000000	0.059715	atlas_detected	105986	12426.000000	100.656528	diagnostic: top 106k PAS by total UMI; runtime source: pbmc_10k_v3/peakatail/runtime_mem.txt + run.log; re-derived from the peakatail run output, no separate run; 4 attempts; attempts 1-3 failed (1:33:21, 1:52:42, 4:52:58) on three separate CellRanger-input bugs (CB '-1' suffix length check, unmapped-read reference_end=None, RG-id underscore split; see manuscript/github/issue8_cellranger_cb_suffix.md). wall_s = attempt 4, a full run from scratch, exit 0. Failed attempts NOT summed in.; denominator=285136
pbmc_10k_v3	PeakATail	peakatail_top106000	recall	200.000000	0.092875	atlas_detected	105986	12426.000000	100.656528	diagnostic: top 106k PAS by total UMI; runtime source: pbmc_10k_v3/peakatail/runtime_mem.txt + run.log; re-derived from the peakatail run output, no separate run; 4 attempts; attempts 1-3 failed (1:33:21, 1:52:42, 4:52:58) on three separate CellRanger-input bugs (CB '-1' suffix length check, unmapped-read reference_end=None, RG-id underscore split; see manuscript/github/issue8_cellranger_cb_suffix.md). wall_s = attempt 4, a full run from scratch, exit 0. Failed attempts NOT summed in.; denominator=285136
pbmc_10k_v3	PeakATail	peakatail_top106000	recall	10.000000	0.007721	tes	105986	12426.000000	100.656528	diagnostic: top 106k PAS by total UMI; runtime source: pbmc_10k_v3/peakatail/runtime_mem.txt + run.log; re-derived from the peakatail run output, no separate run; 4 attempts; attempts 1-3 failed (1:33:21, 1:52:42, 4:52:58) on three separate CellRanger-input bugs (CB '-1' suffix length check, unmapped-read reference_end=None, RG-id underscore split; see manuscript/github/issue8_cellranger_cb_suffix.md). wall_s = attempt 4, a full run from scratch, exit 0. Failed attempts NOT summed in.; denominator=73439
pbmc_10k_v3	PeakATail	peakatail_top106000	recall	25.000000	0.017879	tes	105986	12426.000000	100.656528	diagnostic: top 106k PAS by total UMI; runtime source: pbmc_10k_v3/peakatail/runtime_mem.txt + run.log; re-derived from the peakatail run output, no separate run; 4 attempts; attempts 1-3 failed (1:33:21, 1:52:42, 4:52:58) on three separate CellRanger-input bugs (CB '-1' suffix length check, unmapped-read reference_end=None, RG-id underscore split; see manuscript/github/issue8_cellranger_cb_suffix.md). wall_s = attempt 4, a full run from scratch, exit 0. Failed attempts NOT summed in.; denominator=73439
pbmc_10k_v3	PeakATail	peakatail_top106000	recall	50.000000	0.032353	tes	105986	12426.000000	100.656528	diagnostic: top 106k PAS by total UMI; runtime source: pbmc_10k_v3/peakatail/runtime_mem.txt + run.log; re-derived from the peakatail run output, no separate run; 4 attempts; attempts 1-3 failed (1:33:21, 1:52:42, 4:52:58) on three separate CellRanger-input bugs (CB '-1' suffix length check, unmapped-read reference_end=None, RG-id underscore split; see manuscript/github/issue8_cellranger_cb_suffix.md). wall_s = attempt 4, a full run from scratch, exit 0. Failed attempts NOT summed in.; denominator=73439
pbmc_10k_v3	PeakATail	peakatail_top106000	recall	100.000000	0.089312	tes	105986	12426.000000	100.656528	diagnostic: top 106k PAS by total UMI; runtime source: pbmc_10k_v3/peakatail/runtime_mem.txt + run.log; re-derived from the peakatail run output, no separate run; 4 attempts; attempts 1-3 failed (1:33:21, 1:52:42, 4:52:58) on three separate CellRanger-input bugs (CB '-1' suffix length check, unmapped-read reference_end=None, RG-id underscore split; see manuscript/github/issue8_cellranger_cb_suffix.md). wall_s = attempt 4, a full run from scratch, exit 0. Failed attempts NOT summed in.; denominator=73439
pbmc_10k_v3	PeakATail	peakatail_top106000	recall	200.000000	0.111276	tes	105986	12426.000000	100.656528	diagnostic: top 106k PAS by total UMI; runtime source: pbmc_10k_v3/peakatail/runtime_mem.txt + run.log; re-derived from the peakatail run output, no separate run; 4 attempts; attempts 1-3 failed (1:33:21, 1:52:42, 4:52:58) on three separate CellRanger-input bugs (CB '-1' suffix length check, unmapped-read reference_end=None, RG-id underscore split; see manuscript/github/issue8_cellranger_cb_suffix.md). wall_s = attempt 4, a full run from scratch, exit 0. Failed attempts NOT summed in.; denominator=73439
pbmc_10k_v3	PeakATail	peakatail_top106000	f1	10.000000	0.004996	atlas_full	105986	12426.000000	100.656528	diagnostic: top 106k PAS by total UMI; runtime source: pbmc_10k_v3/peakatail/runtime_mem.txt + run.log; re-derived from the peakatail run output, no separate run; 4 attempts; attempts 1-3 failed (1:33:21, 1:52:42, 4:52:58) on three separate CellRanger-input bugs (CB '-1' suffix length check, unmapped-read reference_end=None, RG-id underscore split; see manuscript/github/issue8_cellranger_cb_suffix.md). wall_s = attempt 4, a full run from scratch, exit 0. Failed attempts NOT summed in.
pbmc_10k_v3	PeakATail	peakatail_top106000	f1	25.000000	0.012167	atlas_full	105986	12426.000000	100.656528	diagnostic: top 106k PAS by total UMI; runtime source: pbmc_10k_v3/peakatail/runtime_mem.txt + run.log; re-derived from the peakatail run output, no separate run; 4 attempts; attempts 1-3 failed (1:33:21, 1:52:42, 4:52:58) on three separate CellRanger-input bugs (CB '-1' suffix length check, unmapped-read reference_end=None, RG-id underscore split; see manuscript/github/issue8_cellranger_cb_suffix.md). wall_s = attempt 4, a full run from scratch, exit 0. Failed attempts NOT summed in.
pbmc_10k_v3	PeakATail	peakatail_top106000	f1	50.000000	0.023114	atlas_full	105986	12426.000000	100.656528	diagnostic: top 106k PAS by total UMI; runtime source: pbmc_10k_v3/peakatail/runtime_mem.txt + run.log; re-derived from the peakatail run output, no separate run; 4 attempts; attempts 1-3 failed (1:33:21, 1:52:42, 4:52:58) on three separate CellRanger-input bugs (CB '-1' suffix length check, unmapped-read reference_end=None, RG-id underscore split; see manuscript/github/issue8_cellranger_cb_suffix.md). wall_s = attempt 4, a full run from scratch, exit 0. Failed attempts NOT summed in.
pbmc_10k_v3	PeakATail	peakatail_top106000	f1	100.000000	0.048567	atlas_full	105986	12426.000000	100.656528	diagnostic: top 106k PAS by total UMI; runtime source: pbmc_10k_v3/peakatail/runtime_mem.txt + run.log; re-derived from the peakatail run output, no separate run; 4 attempts; attempts 1-3 failed (1:33:21, 1:52:42, 4:52:58) on three separate CellRanger-input bugs (CB '-1' suffix length check, unmapped-read reference_end=None, RG-id underscore split; see manuscript/github/issue8_cellranger_cb_suffix.md). wall_s = attempt 4, a full run from scratch, exit 0. Failed attempts NOT summed in.
pbmc_10k_v3	PeakATail	peakatail_top106000	f1	200.000000	0.074043	atlas_full	105986	12426.000000	100.656528	diagnostic: top 106k PAS by total UMI; runtime source: pbmc_10k_v3/peakatail/runtime_mem.txt + run.log; re-derived from the peakatail run output, no separate run; 4 attempts; attempts 1-3 failed (1:33:21, 1:52:42, 4:52:58) on three separate CellRanger-input bugs (CB '-1' suffix length check, unmapped-read reference_end=None, RG-id underscore split; see manuscript/github/issue8_cellranger_cb_suffix.md). wall_s = attempt 4, a full run from scratch, exit 0. Failed attempts NOT summed in.
pbmc_10k_v3	PeakATail	peakatail_top106000	f1	10.000000	0.008495	atlas_detected	105986	12426.000000	100.656528	diagnostic: top 106k PAS by total UMI; runtime source: pbmc_10k_v3/peakatail/runtime_mem.txt + run.log; re-derived from the peakatail run output, no separate run; 4 attempts; attempts 1-3 failed (1:33:21, 1:52:42, 4:52:58) on three separate CellRanger-input bugs (CB '-1' suffix length check, unmapped-read reference_end=None, RG-id underscore split; see manuscript/github/issue8_cellranger_cb_suffix.md). wall_s = attempt 4, a full run from scratch, exit 0. Failed attempts NOT summed in.
pbmc_10k_v3	PeakATail	peakatail_top106000	f1	25.000000	0.020595	atlas_detected	105986	12426.000000	100.656528	diagnostic: top 106k PAS by total UMI; runtime source: pbmc_10k_v3/peakatail/runtime_mem.txt + run.log; re-derived from the peakatail run output, no separate run; 4 attempts; attempts 1-3 failed (1:33:21, 1:52:42, 4:52:58) on three separate CellRanger-input bugs (CB '-1' suffix length check, unmapped-read reference_end=None, RG-id underscore split; see manuscript/github/issue8_cellranger_cb_suffix.md). wall_s = attempt 4, a full run from scratch, exit 0. Failed attempts NOT summed in.
pbmc_10k_v3	PeakATail	peakatail_top106000	f1	50.000000	0.038544	atlas_detected	105986	12426.000000	100.656528	diagnostic: top 106k PAS by total UMI; runtime source: pbmc_10k_v3/peakatail/runtime_mem.txt + run.log; re-derived from the peakatail run output, no separate run; 4 attempts; attempts 1-3 failed (1:33:21, 1:52:42, 4:52:58) on three separate CellRanger-input bugs (CB '-1' suffix length check, unmapped-read reference_end=None, RG-id underscore split; see manuscript/github/issue8_cellranger_cb_suffix.md). wall_s = attempt 4, a full run from scratch, exit 0. Failed attempts NOT summed in.
pbmc_10k_v3	PeakATail	peakatail_top106000	f1	100.000000	0.079280	atlas_detected	105986	12426.000000	100.656528	diagnostic: top 106k PAS by total UMI; runtime source: pbmc_10k_v3/peakatail/runtime_mem.txt + run.log; re-derived from the peakatail run output, no separate run; 4 attempts; attempts 1-3 failed (1:33:21, 1:52:42, 4:52:58) on three separate CellRanger-input bugs (CB '-1' suffix length check, unmapped-read reference_end=None, RG-id underscore split; see manuscript/github/issue8_cellranger_cb_suffix.md). wall_s = attempt 4, a full run from scratch, exit 0. Failed attempts NOT summed in.
pbmc_10k_v3	PeakATail	peakatail_top106000	f1	200.000000	0.119159	atlas_detected	105986	12426.000000	100.656528	diagnostic: top 106k PAS by total UMI; runtime source: pbmc_10k_v3/peakatail/runtime_mem.txt + run.log; re-derived from the peakatail run output, no separate run; 4 attempts; attempts 1-3 failed (1:33:21, 1:52:42, 4:52:58) on three separate CellRanger-input bugs (CB '-1' suffix length check, unmapped-read reference_end=None, RG-id underscore split; see manuscript/github/issue8_cellranger_cb_suffix.md). wall_s = attempt 4, a full run from scratch, exit 0. Failed attempts NOT summed in.
pbmc_10k_v3	PeakATail	peakatail_top106000	precision_null	10.000000	0.002481	atlas_full	105986	12426.000000	100.656528	diagnostic: top 106k PAS by total UMI; runtime source: pbmc_10k_v3/peakatail/runtime_mem.txt + run.log; re-derived from the peakatail run output, no separate run; 4 attempts; attempts 1-3 failed (1:33:21, 1:52:42, 4:52:58) on three separate CellRanger-input bugs (CB '-1' suffix length check, unmapped-read reference_end=None, RG-id underscore split; see manuscript/github/issue8_cellranger_cb_suffix.md). wall_s = attempt 4, a full run from scratch, exit 0. Failed attempts NOT summed in.; mean of 3 genic-shuffle seeds (min 0.0023, max 0.0026)
pbmc_10k_v3	PeakATail	peakatail_top106000	precision_null	25.000000	0.006076	atlas_full	105986	12426.000000	100.656528	diagnostic: top 106k PAS by total UMI; runtime source: pbmc_10k_v3/peakatail/runtime_mem.txt + run.log; re-derived from the peakatail run output, no separate run; 4 attempts; attempts 1-3 failed (1:33:21, 1:52:42, 4:52:58) on three separate CellRanger-input bugs (CB '-1' suffix length check, unmapped-read reference_end=None, RG-id underscore split; see manuscript/github/issue8_cellranger_cb_suffix.md). wall_s = attempt 4, a full run from scratch, exit 0. Failed attempts NOT summed in.; mean of 3 genic-shuffle seeds (min 0.0058, max 0.0063)
pbmc_10k_v3	PeakATail	peakatail_top106000	precision_null	50.000000	0.011942	atlas_full	105986	12426.000000	100.656528	diagnostic: top 106k PAS by total UMI; runtime source: pbmc_10k_v3/peakatail/runtime_mem.txt + run.log; re-derived from the peakatail run output, no separate run; 4 attempts; attempts 1-3 failed (1:33:21, 1:52:42, 4:52:58) on three separate CellRanger-input bugs (CB '-1' suffix length check, unmapped-read reference_end=None, RG-id underscore split; see manuscript/github/issue8_cellranger_cb_suffix.md). wall_s = attempt 4, a full run from scratch, exit 0. Failed attempts NOT summed in.; mean of 3 genic-shuffle seeds (min 0.0117, max 0.0122)
pbmc_10k_v3	PeakATail	peakatail_top106000	precision_null	100.000000	0.022660	atlas_full	105986	12426.000000	100.656528	diagnostic: top 106k PAS by total UMI; runtime source: pbmc_10k_v3/peakatail/runtime_mem.txt + run.log; re-derived from the peakatail run output, no separate run; 4 attempts; attempts 1-3 failed (1:33:21, 1:52:42, 4:52:58) on three separate CellRanger-input bugs (CB '-1' suffix length check, unmapped-read reference_end=None, RG-id underscore split; see manuscript/github/issue8_cellranger_cb_suffix.md). wall_s = attempt 4, a full run from scratch, exit 0. Failed attempts NOT summed in.; mean of 3 genic-shuffle seeds (min 0.0223, max 0.0233)
pbmc_10k_v3	PeakATail	peakatail_top106000	precision_null	200.000000	0.041144	atlas_full	105986	12426.000000	100.656528	diagnostic: top 106k PAS by total UMI; runtime source: pbmc_10k_v3/peakatail/runtime_mem.txt + run.log; re-derived from the peakatail run output, no separate run; 4 attempts; attempts 1-3 failed (1:33:21, 1:52:42, 4:52:58) on three separate CellRanger-input bugs (CB '-1' suffix length check, unmapped-read reference_end=None, RG-id underscore split; see manuscript/github/issue8_cellranger_cb_suffix.md). wall_s = attempt 4, a full run from scratch, exit 0. Failed attempts NOT summed in.; mean of 3 genic-shuffle seeds (min 0.0403, max 0.0418)
pbmc_10k_v3	PeakATail	peakatail_top106000	replicate			single-sample	105986	12426.000000	100.656528	SENSITIVITY/DIAGNOSTIC arm, not plotted; diagnostic: top 106k PAS by total UMI; runtime source: pbmc_10k_v3/peakatail/runtime_mem.txt + run.log; re-derived from the peakatail run output, no separate run; 4 attempts; attempts 1-3 failed (1:33:21, 1:52:42, 4:52:58) on three separate CellRanger-input bugs (CB '-1' suffix length check, unmapped-read reference_end=None, RG-id underscore split; see manuscript/github/issue8_cellranger_cb_suffix.md). wall_s = attempt 4, a full run from scratch, exit 0. Failed attempts NOT summed in.
gse104556	PeakATail	peakatail_mouse1	precision	10.000000	0.060318	atlas_full	45907	7608.000000	14.039829	runtime source: gse104556/peakatail/mouse1/runtime_mem.txt; clean run
gse104556	PeakATail	peakatail_mouse1	precision	25.000000	0.128913	atlas_full	45907	7608.000000	14.039829	runtime source: gse104556/peakatail/mouse1/runtime_mem.txt; clean run
gse104556	PeakATail	peakatail_mouse1	precision	50.000000	0.226327	atlas_full	45907	7608.000000	14.039829	runtime source: gse104556/peakatail/mouse1/runtime_mem.txt; clean run
gse104556	PeakATail	peakatail_mouse1	precision	100.000000	0.369159	atlas_full	45907	7608.000000	14.039829	runtime source: gse104556/peakatail/mouse1/runtime_mem.txt; clean run
gse104556	PeakATail	peakatail_mouse1	precision	200.000000	0.428083	atlas_full	45907	7608.000000	14.039829	runtime source: gse104556/peakatail/mouse1/runtime_mem.txt; clean run
gse104556	PeakATail	peakatail_mouse1	precision	10.000000	0.012264	tes	45907	7608.000000	14.039829	runtime source: gse104556/peakatail/mouse1/runtime_mem.txt; clean run
gse104556	PeakATail	peakatail_mouse1	precision	25.000000	0.029320	tes	45907	7608.000000	14.039829	runtime source: gse104556/peakatail/mouse1/runtime_mem.txt; clean run
gse104556	PeakATail	peakatail_mouse1	precision	50.000000	0.090052	tes	45907	7608.000000	14.039829	runtime source: gse104556/peakatail/mouse1/runtime_mem.txt; clean run
gse104556	PeakATail	peakatail_mouse1	precision	100.000000	0.212212	tes	45907	7608.000000	14.039829	runtime source: gse104556/peakatail/mouse1/runtime_mem.txt; clean run
gse104556	PeakATail	peakatail_mouse1	precision	200.000000	0.244799	tes	45907	7608.000000	14.039829	runtime source: gse104556/peakatail/mouse1/runtime_mem.txt; clean run
gse104556	PeakATail	peakatail_mouse1	recall	10.000000	0.009236	atlas_full	45907	7608.000000	14.039829	runtime source: gse104556/peakatail/mouse1/runtime_mem.txt; clean run; denominator=301006
gse104556	PeakATail	peakatail_mouse1	recall	25.000000	0.021179	atlas_full	45907	7608.000000	14.039829	runtime source: gse104556/peakatail/mouse1/runtime_mem.txt; clean run; denominator=301006
gse104556	PeakATail	peakatail_mouse1	recall	50.000000	0.046009	atlas_full	45907	7608.000000	14.039829	runtime source: gse104556/peakatail/mouse1/runtime_mem.txt; clean run; denominator=301006
gse104556	PeakATail	peakatail_mouse1	recall	100.000000	0.093304	atlas_full	45907	7608.000000	14.039829	runtime source: gse104556/peakatail/mouse1/runtime_mem.txt; clean run; denominator=301006
gse104556	PeakATail	peakatail_mouse1	recall	200.000000	0.130453	atlas_full	45907	7608.000000	14.039829	runtime source: gse104556/peakatail/mouse1/runtime_mem.txt; clean run; denominator=301006
gse104556	PeakATail	peakatail_mouse1	recall	10.000000	0.020626	atlas_detected	45907	7608.000000	14.039829	runtime source: gse104556/peakatail/mouse1/runtime_mem.txt; clean run; denominator=126686
gse104556	PeakATail	peakatail_mouse1	recall	25.000000	0.047077	atlas_detected	45907	7608.000000	14.039829	runtime source: gse104556/peakatail/mouse1/runtime_mem.txt; clean run; denominator=126686
gse104556	PeakATail	peakatail_mouse1	recall	50.000000	0.100800	atlas_detected	45907	7608.000000	14.039829	runtime source: gse104556/peakatail/mouse1/runtime_mem.txt; clean run; denominator=126686
gse104556	PeakATail	peakatail_mouse1	recall	100.000000	0.197962	atlas_detected	45907	7608.000000	14.039829	runtime source: gse104556/peakatail/mouse1/runtime_mem.txt; clean run; denominator=126686
gse104556	PeakATail	peakatail_mouse1	recall	200.000000	0.270022	atlas_detected	45907	7608.000000	14.039829	runtime source: gse104556/peakatail/mouse1/runtime_mem.txt; clean run; denominator=126686
gse104556	PeakATail	peakatail_mouse1	recall	10.000000	0.012340	tes	45907	7608.000000	14.039829	runtime source: gse104556/peakatail/mouse1/runtime_mem.txt; clean run; denominator=52513
gse104556	PeakATail	peakatail_mouse1	recall	25.000000	0.030602	tes	45907	7608.000000	14.039829	runtime source: gse104556/peakatail/mouse1/runtime_mem.txt; clean run; denominator=52513
gse104556	PeakATail	peakatail_mouse1	recall	50.000000	0.103327	tes	45907	7608.000000	14.039829	runtime source: gse104556/peakatail/mouse1/runtime_mem.txt; clean run; denominator=52513
gse104556	PeakATail	peakatail_mouse1	recall	100.000000	0.255213	tes	45907	7608.000000	14.039829	runtime source: gse104556/peakatail/mouse1/runtime_mem.txt; clean run; denominator=52513
gse104556	PeakATail	peakatail_mouse1	recall	200.000000	0.305639	tes	45907	7608.000000	14.039829	runtime source: gse104556/peakatail/mouse1/runtime_mem.txt; clean run; denominator=52513
gse104556	PeakATail	peakatail_mouse1	f1	10.000000	0.016019	atlas_full	45907	7608.000000	14.039829	runtime source: gse104556/peakatail/mouse1/runtime_mem.txt; clean run
gse104556	PeakATail	peakatail_mouse1	f1	25.000000	0.036381	atlas_full	45907	7608.000000	14.039829	runtime source: gse104556/peakatail/mouse1/runtime_mem.txt; clean run
gse104556	PeakATail	peakatail_mouse1	f1	50.000000	0.076472	atlas_full	45907	7608.000000	14.039829	runtime source: gse104556/peakatail/mouse1/runtime_mem.txt; clean run
gse104556	PeakATail	peakatail_mouse1	f1	100.000000	0.148959	atlas_full	45907	7608.000000	14.039829	runtime source: gse104556/peakatail/mouse1/runtime_mem.txt; clean run
gse104556	PeakATail	peakatail_mouse1	f1	200.000000	0.199968	atlas_full	45907	7608.000000	14.039829	runtime source: gse104556/peakatail/mouse1/runtime_mem.txt; clean run
gse104556	PeakATail	peakatail_mouse1	f1	10.000000	0.030740	atlas_detected	45907	7608.000000	14.039829	runtime source: gse104556/peakatail/mouse1/runtime_mem.txt; clean run
gse104556	PeakATail	peakatail_mouse1	f1	25.000000	0.068968	atlas_detected	45907	7608.000000	14.039829	runtime source: gse104556/peakatail/mouse1/runtime_mem.txt; clean run
gse104556	PeakATail	peakatail_mouse1	f1	50.000000	0.139480	atlas_detected	45907	7608.000000	14.039829	runtime source: gse104556/peakatail/mouse1/runtime_mem.txt; clean run
gse104556	PeakATail	peakatail_mouse1	f1	100.000000	0.257721	atlas_detected	45907	7608.000000	14.039829	runtime source: gse104556/peakatail/mouse1/runtime_mem.txt; clean run
gse104556	PeakATail	peakatail_mouse1	f1	200.000000	0.331159	atlas_detected	45907	7608.000000	14.039829	runtime source: gse104556/peakatail/mouse1/runtime_mem.txt; clean run
gse104556	PeakATail	peakatail_mouse1	precision_null	10.000000	0.001902	atlas_full	45907	7608.000000	14.039829	runtime source: gse104556/peakatail/mouse1/runtime_mem.txt; clean run; mean of 3 genic-shuffle seeds (min 0.0017, max 0.0020)
gse104556	PeakATail	peakatail_mouse1	precision_null	25.000000	0.004335	atlas_full	45907	7608.000000	14.039829	runtime source: gse104556/peakatail/mouse1/runtime_mem.txt; clean run; mean of 3 genic-shuffle seeds (min 0.0041, max 0.0046)
gse104556	PeakATail	peakatail_mouse1	precision_null	50.000000	0.007566	atlas_full	45907	7608.000000	14.039829	runtime source: gse104556/peakatail/mouse1/runtime_mem.txt; clean run; mean of 3 genic-shuffle seeds (min 0.0073, max 0.0080)
gse104556	PeakATail	peakatail_mouse1	precision_null	100.000000	0.013912	atlas_full	45907	7608.000000	14.039829	runtime source: gse104556/peakatail/mouse1/runtime_mem.txt; clean run; mean of 3 genic-shuffle seeds (min 0.0133, max 0.0146)
gse104556	PeakATail	peakatail_mouse1	precision_null	200.000000	0.025820	atlas_full	45907	7608.000000	14.039829	runtime source: gse104556/peakatail/mouse1/runtime_mem.txt; clean run; mean of 3 genic-shuffle seeds (min 0.0251, max 0.0265)
gse104556	PeakATail	peakatail_mouse1	replicate			mouse1	45907	7608.000000	14.039829	PRIMARY arm; runtime source: gse104556/peakatail/mouse1/runtime_mem.txt; clean run
gse104556	PeakATail	peakatail_mouse2	precision	10.000000	0.061367	atlas_full	46654	5206.000000	13.622570	runtime source: gse104556/peakatail/mouse2/runtime_mem.txt; clean run
gse104556	PeakATail	peakatail_mouse2	precision	25.000000	0.130428	atlas_full	46654	5206.000000	13.622570	runtime source: gse104556/peakatail/mouse2/runtime_mem.txt; clean run
gse104556	PeakATail	peakatail_mouse2	precision	50.000000	0.227290	atlas_full	46654	5206.000000	13.622570	runtime source: gse104556/peakatail/mouse2/runtime_mem.txt; clean run
gse104556	PeakATail	peakatail_mouse2	precision	100.000000	0.367878	atlas_full	46654	5206.000000	13.622570	runtime source: gse104556/peakatail/mouse2/runtime_mem.txt; clean run
gse104556	PeakATail	peakatail_mouse2	precision	200.000000	0.425108	atlas_full	46654	5206.000000	13.622570	runtime source: gse104556/peakatail/mouse2/runtime_mem.txt; clean run
gse104556	PeakATail	peakatail_mouse2	precision	10.000000	0.013161	tes	46654	5206.000000	13.622570	runtime source: gse104556/peakatail/mouse2/runtime_mem.txt; clean run
gse104556	PeakATail	peakatail_mouse2	precision	25.000000	0.028765	tes	46654	5206.000000	13.622570	runtime source: gse104556/peakatail/mouse2/runtime_mem.txt; clean run
gse104556	PeakATail	peakatail_mouse2	precision	50.000000	0.087988	tes	46654	5206.000000	13.622570	runtime source: gse104556/peakatail/mouse2/runtime_mem.txt; clean run
gse104556	PeakATail	peakatail_mouse2	precision	100.000000	0.211086	tes	46654	5206.000000	13.622570	runtime source: gse104556/peakatail/mouse2/runtime_mem.txt; clean run
gse104556	PeakATail	peakatail_mouse2	precision	200.000000	0.243452	tes	46654	5206.000000	13.622570	runtime source: gse104556/peakatail/mouse2/runtime_mem.txt; clean run
gse104556	PeakATail	peakatail_mouse2	recall	10.000000	0.009541	atlas_full	46654	5206.000000	13.622570	runtime source: gse104556/peakatail/mouse2/runtime_mem.txt; clean run; denominator=301006
gse104556	PeakATail	peakatail_mouse2	recall	25.000000	0.021724	atlas_full	46654	5206.000000	13.622570	runtime source: gse104556/peakatail/mouse2/runtime_mem.txt; clean run; denominator=301006
gse104556	PeakATail	peakatail_mouse2	recall	50.000000	0.046860	atlas_full	46654	5206.000000	13.622570	runtime source: gse104556/peakatail/mouse2/runtime_mem.txt; clean run; denominator=301006
gse104556	PeakATail	peakatail_mouse2	recall	100.000000	0.094556	atlas_full	46654	5206.000000	13.622570	runtime source: gse104556/peakatail/mouse2/runtime_mem.txt; clean run; denominator=301006
gse104556	PeakATail	peakatail_mouse2	recall	200.000000	0.131386	atlas_full	46654	5206.000000	13.622570	runtime source: gse104556/peakatail/mouse2/runtime_mem.txt; clean run; denominator=301006
gse104556	PeakATail	peakatail_mouse2	recall	10.000000	0.021241	atlas_detected	46654	5206.000000	13.622570	runtime source: gse104556/peakatail/mouse2/runtime_mem.txt; clean run; denominator=126686
gse104556	PeakATail	peakatail_mouse2	recall	25.000000	0.048364	atlas_detected	46654	5206.000000	13.622570	runtime source: gse104556/peakatail/mouse2/runtime_mem.txt; clean run; denominator=126686
gse104556	PeakATail	peakatail_mouse2	recall	50.000000	0.102569	atlas_detected	46654	5206.000000	13.622570	runtime source: gse104556/peakatail/mouse2/runtime_mem.txt; clean run; denominator=126686
gse104556	PeakATail	peakatail_mouse2	recall	100.000000	0.200930	atlas_detected	46654	5206.000000	13.622570	runtime source: gse104556/peakatail/mouse2/runtime_mem.txt; clean run; denominator=126686
gse104556	PeakATail	peakatail_mouse2	recall	200.000000	0.272808	atlas_detected	46654	5206.000000	13.622570	runtime source: gse104556/peakatail/mouse2/runtime_mem.txt; clean run; denominator=126686
gse104556	PeakATail	peakatail_mouse2	recall	10.000000	0.013330	tes	46654	5206.000000	13.622570	runtime source: gse104556/peakatail/mouse2/runtime_mem.txt; clean run; denominator=52513
gse104556	PeakATail	peakatail_mouse2	recall	25.000000	0.030640	tes	46654	5206.000000	13.622570	runtime source: gse104556/peakatail/mouse2/runtime_mem.txt; clean run; denominator=52513
gse104556	PeakATail	peakatail_mouse2	recall	50.000000	0.102108	tes	46654	5206.000000	13.622570	runtime source: gse104556/peakatail/mouse2/runtime_mem.txt; clean run; denominator=52513
gse104556	PeakATail	peakatail_mouse2	recall	100.000000	0.257079	tes	46654	5206.000000	13.622570	runtime source: gse104556/peakatail/mouse2/runtime_mem.txt; clean run; denominator=52513
gse104556	PeakATail	peakatail_mouse2	recall	200.000000	0.308000	tes	46654	5206.000000	13.622570	runtime source: gse104556/peakatail/mouse2/runtime_mem.txt; clean run; denominator=52513
gse104556	PeakATail	peakatail_mouse2	f1	10.000000	0.016515	atlas_full	46654	5206.000000	13.622570	runtime source: gse104556/peakatail/mouse2/runtime_mem.txt; clean run
gse104556	PeakATail	peakatail_mouse2	f1	25.000000	0.037244	atlas_full	46654	5206.000000	13.622570	runtime source: gse104556/peakatail/mouse2/runtime_mem.txt; clean run
gse104556	PeakATail	peakatail_mouse2	f1	50.000000	0.077700	atlas_full	46654	5206.000000	13.622570	runtime source: gse104556/peakatail/mouse2/runtime_mem.txt; clean run
gse104556	PeakATail	peakatail_mouse2	f1	100.000000	0.150444	atlas_full	46654	5206.000000	13.622570	runtime source: gse104556/peakatail/mouse2/runtime_mem.txt; clean run
gse104556	PeakATail	peakatail_mouse2	f1	200.000000	0.200733	atlas_full	46654	5206.000000	13.622570	runtime source: gse104556/peakatail/mouse2/runtime_mem.txt; clean run
gse104556	PeakATail	peakatail_mouse2	f1	10.000000	0.031559	atlas_detected	46654	5206.000000	13.622570	runtime source: gse104556/peakatail/mouse2/runtime_mem.txt; clean run
gse104556	PeakATail	peakatail_mouse2	f1	25.000000	0.070562	atlas_detected	46654	5206.000000	13.622570	runtime source: gse104556/peakatail/mouse2/runtime_mem.txt; clean run
gse104556	PeakATail	peakatail_mouse2	f1	50.000000	0.141350	atlas_detected	46654	5206.000000	13.622570	runtime source: gse104556/peakatail/mouse2/runtime_mem.txt; clean run
gse104556	PeakATail	peakatail_mouse2	f1	100.000000	0.259904	atlas_detected	46654	5206.000000	13.622570	runtime source: gse104556/peakatail/mouse2/runtime_mem.txt; clean run
gse104556	PeakATail	peakatail_mouse2	f1	200.000000	0.332341	atlas_detected	46654	5206.000000	13.622570	runtime source: gse104556/peakatail/mouse2/runtime_mem.txt; clean run
gse104556	PeakATail	peakatail_mouse2	precision_null	10.000000	0.001886	atlas_full	46654	5206.000000	13.622570	runtime source: gse104556/peakatail/mouse2/runtime_mem.txt; clean run; mean of 3 genic-shuffle seeds (min 0.0017, max 0.0021)
gse104556	PeakATail	peakatail_mouse2	precision_null	25.000000	0.004258	atlas_full	46654	5206.000000	13.622570	runtime source: gse104556/peakatail/mouse2/runtime_mem.txt; clean run; mean of 3 genic-shuffle seeds (min 0.0035, max 0.0047)
gse104556	PeakATail	peakatail_mouse2	precision_null	50.000000	0.007645	atlas_full	46654	5206.000000	13.622570	runtime source: gse104556/peakatail/mouse2/runtime_mem.txt; clean run; mean of 3 genic-shuffle seeds (min 0.0066, max 0.0082)
gse104556	PeakATail	peakatail_mouse2	precision_null	100.000000	0.014332	atlas_full	46654	5206.000000	13.622570	runtime source: gse104556/peakatail/mouse2/runtime_mem.txt; clean run; mean of 3 genic-shuffle seeds (min 0.0133, max 0.0154)
gse104556	PeakATail	peakatail_mouse2	precision_null	200.000000	0.025857	atlas_full	46654	5206.000000	13.622570	runtime source: gse104556/peakatail/mouse2/runtime_mem.txt; clean run; mean of 3 genic-shuffle seeds (min 0.0246, max 0.0269)
gse104556	PeakATail	peakatail_mouse2	replicate			mouse2	46654	5206.000000	13.622570	PRIMARY arm; runtime source: gse104556/peakatail/mouse2/runtime_mem.txt; clean run
gse104556	polyApipe	polyapipe_mouse1	precision	10.000000	0.319937	atlas_full	89527	4716.000000	6.766846	runtime source: gse104556/polyapipe/run.log; clean run
gse104556	polyApipe	polyapipe_mouse1	precision	25.000000	0.366973	atlas_full	89527	4716.000000	6.766846	runtime source: gse104556/polyapipe/run.log; clean run
gse104556	polyApipe	polyapipe_mouse1	precision	50.000000	0.385012	atlas_full	89527	4716.000000	6.766846	runtime source: gse104556/polyapipe/run.log; clean run
gse104556	polyApipe	polyapipe_mouse1	precision	100.000000	0.400516	atlas_full	89527	4716.000000	6.766846	runtime source: gse104556/polyapipe/run.log; clean run
gse104556	polyApipe	polyapipe_mouse1	precision	200.000000	0.420164	atlas_full	89527	4716.000000	6.766846	runtime source: gse104556/polyapipe/run.log; clean run
gse104556	polyApipe	polyapipe_mouse1	precision	10.000000	0.103656	tes	89527	4716.000000	6.766846	runtime source: gse104556/polyapipe/run.log; clean run
gse104556	polyApipe	polyapipe_mouse1	precision	25.000000	0.112715	tes	89527	4716.000000	6.766846	runtime source: gse104556/polyapipe/run.log; clean run
gse104556	polyApipe	polyapipe_mouse1	precision	50.000000	0.118534	tes	89527	4716.000000	6.766846	runtime source: gse104556/polyapipe/run.log; clean run
gse104556	polyApipe	polyapipe_mouse1	precision	100.000000	0.127347	tes	89527	4716.000000	6.766846	runtime source: gse104556/polyapipe/run.log; clean run
gse104556	polyApipe	polyapipe_mouse1	precision	200.000000	0.139690	tes	89527	4716.000000	6.766846	runtime source: gse104556/polyapipe/run.log; clean run
gse104556	polyApipe	polyapipe_mouse1	recall	10.000000	0.095168	atlas_full	89527	4716.000000	6.766846	runtime source: gse104556/polyapipe/run.log; clean run; denominator=301006
gse104556	polyApipe	polyapipe_mouse1	recall	25.000000	0.111822	atlas_full	89527	4716.000000	6.766846	runtime source: gse104556/polyapipe/run.log; clean run; denominator=301006
gse104556	polyApipe	polyapipe_mouse1	recall	50.000000	0.135070	atlas_full	89527	4716.000000	6.766846	runtime source: gse104556/polyapipe/run.log; clean run; denominator=301006
gse104556	polyApipe	polyapipe_mouse1	recall	100.000000	0.168233	atlas_full	89527	4716.000000	6.766846	runtime source: gse104556/polyapipe/run.log; clean run; denominator=301006
gse104556	polyApipe	polyapipe_mouse1	recall	200.000000	0.208973	atlas_full	89527	4716.000000	6.766846	runtime source: gse104556/polyapipe/run.log; clean run; denominator=301006
gse104556	polyApipe	polyapipe_mouse1	recall	10.000000	0.126186	atlas_detected	89527	4716.000000	6.766846	runtime source: gse104556/polyapipe/run.log; clean run; denominator=126686
gse104556	polyApipe	polyapipe_mouse1	recall	25.000000	0.147364	atlas_detected	89527	4716.000000	6.766846	runtime source: gse104556/polyapipe/run.log; clean run; denominator=126686
gse104556	polyApipe	polyapipe_mouse1	recall	50.000000	0.189666	atlas_detected	89527	4716.000000	6.766846	runtime source: gse104556/polyapipe/run.log; clean run; denominator=126686
gse104556	polyApipe	polyapipe_mouse1	recall	100.000000	0.249878	atlas_detected	89527	4716.000000	6.766846	runtime source: gse104556/polyapipe/run.log; clean run; denominator=126686
gse104556	polyApipe	polyapipe_mouse1	recall	200.000000	0.322695	atlas_detected	89527	4716.000000	6.766846	runtime source: gse104556/polyapipe/run.log; clean run; denominator=126686
gse104556	polyApipe	polyapipe_mouse1	recall	10.000000	0.225887	tes	89527	4716.000000	6.766846	runtime source: gse104556/polyapipe/run.log; clean run; denominator=52513
gse104556	polyApipe	polyapipe_mouse1	recall	25.000000	0.250795	tes	89527	4716.000000	6.766846	runtime source: gse104556/polyapipe/run.log; clean run; denominator=52513
gse104556	polyApipe	polyapipe_mouse1	recall	50.000000	0.267877	tes	89527	4716.000000	6.766846	runtime source: gse104556/polyapipe/run.log; clean run; denominator=52513
gse104556	polyApipe	polyapipe_mouse1	recall	100.000000	0.293908	tes	89527	4716.000000	6.766846	runtime source: gse104556/polyapipe/run.log; clean run; denominator=52513
gse104556	polyApipe	polyapipe_mouse1	recall	200.000000	0.333118	tes	89527	4716.000000	6.766846	runtime source: gse104556/polyapipe/run.log; clean run; denominator=52513
gse104556	polyApipe	polyapipe_mouse1	f1	10.000000	0.146699	atlas_full	89527	4716.000000	6.766846	runtime source: gse104556/polyapipe/run.log; clean run
gse104556	polyApipe	polyapipe_mouse1	f1	25.000000	0.171412	atlas_full	89527	4716.000000	6.766846	runtime source: gse104556/polyapipe/run.log; clean run
gse104556	polyApipe	polyapipe_mouse1	f1	50.000000	0.199983	atlas_full	89527	4716.000000	6.766846	runtime source: gse104556/polyapipe/run.log; clean run
gse104556	polyApipe	polyapipe_mouse1	f1	100.000000	0.236941	atlas_full	89527	4716.000000	6.766846	runtime source: gse104556/polyapipe/run.log; clean run
gse104556	polyApipe	polyapipe_mouse1	f1	200.000000	0.279121	atlas_full	89527	4716.000000	6.766846	runtime source: gse104556/polyapipe/run.log; clean run
gse104556	polyApipe	polyapipe_mouse1	f1	10.000000	0.180989	atlas_detected	89527	4716.000000	6.766846	runtime source: gse104556/polyapipe/run.log; clean run
gse104556	polyApipe	polyapipe_mouse1	f1	25.000000	0.210285	atlas_detected	89527	4716.000000	6.766846	runtime source: gse104556/polyapipe/run.log; clean run
gse104556	polyApipe	polyapipe_mouse1	f1	50.000000	0.254138	atlas_detected	89527	4716.000000	6.766846	runtime source: gse104556/polyapipe/run.log; clean run
gse104556	polyApipe	polyapipe_mouse1	f1	100.000000	0.307752	atlas_detected	89527	4716.000000	6.766846	runtime source: gse104556/polyapipe/run.log; clean run
gse104556	polyApipe	polyapipe_mouse1	f1	200.000000	0.365035	atlas_detected	89527	4716.000000	6.766846	runtime source: gse104556/polyapipe/run.log; clean run
gse104556	polyApipe	polyapipe_mouse1	precision_null	10.000000	0.001772	atlas_full	89527	4716.000000	6.766846	runtime source: gse104556/polyapipe/run.log; clean run; mean of 3 genic-shuffle seeds (min 0.0017, max 0.0018)
gse104556	polyApipe	polyapipe_mouse1	precision_null	25.000000	0.004148	atlas_full	89527	4716.000000	6.766846	runtime source: gse104556/polyapipe/run.log; clean run; mean of 3 genic-shuffle seeds (min 0.0041, max 0.0043)
gse104556	polyApipe	polyapipe_mouse1	precision_null	50.000000	0.007845	atlas_full	89527	4716.000000	6.766846	runtime source: gse104556/polyapipe/run.log; clean run; mean of 3 genic-shuffle seeds (min 0.0076, max 0.0080)
gse104556	polyApipe	polyapipe_mouse1	precision_null	100.000000	0.014216	atlas_full	89527	4716.000000	6.766846	runtime source: gse104556/polyapipe/run.log; clean run; mean of 3 genic-shuffle seeds (min 0.0141, max 0.0143)
gse104556	polyApipe	polyapipe_mouse1	precision_null	200.000000	0.025966	atlas_full	89527	4716.000000	6.766846	runtime source: gse104556/polyapipe/run.log; clean run; mean of 3 genic-shuffle seeds (min 0.0257, max 0.0263)
gse104556	polyApipe	polyapipe_mouse1	replicate			mouse1	89527	4716.000000	6.766846	PRIMARY arm; runtime source: gse104556/polyapipe/run.log; clean run
gse104556	polyApipe	polyapipe_mouse2	precision	10.000000	0.332644	atlas_full	87983	3779.000000	6.762283	runtime source: gse104556/polyapipe/run.log; clean run
gse104556	polyApipe	polyapipe_mouse2	precision	25.000000	0.380073	atlas_full	87983	3779.000000	6.762283	runtime source: gse104556/polyapipe/run.log; clean run
gse104556	polyApipe	polyapipe_mouse2	precision	50.000000	0.396395	atlas_full	87983	3779.000000	6.762283	runtime source: gse104556/polyapipe/run.log; clean run
gse104556	polyApipe	polyapipe_mouse2	precision	100.000000	0.411943	atlas_full	87983	3779.000000	6.762283	runtime source: gse104556/polyapipe/run.log; clean run
gse104556	polyApipe	polyapipe_mouse2	precision	200.000000	0.430606	atlas_full	87983	3779.000000	6.762283	runtime source: gse104556/polyapipe/run.log; clean run
gse104556	polyApipe	polyapipe_mouse2	precision	10.000000	0.106020	tes	87983	3779.000000	6.762283	runtime source: gse104556/polyapipe/run.log; clean run
gse104556	polyApipe	polyapipe_mouse2	precision	25.000000	0.115204	tes	87983	3779.000000	6.762283	runtime source: gse104556/polyapipe/run.log; clean run
gse104556	polyApipe	polyapipe_mouse2	precision	50.000000	0.120569	tes	87983	3779.000000	6.762283	runtime source: gse104556/polyapipe/run.log; clean run
gse104556	polyApipe	polyapipe_mouse2	precision	100.000000	0.129570	tes	87983	3779.000000	6.762283	runtime source: gse104556/polyapipe/run.log; clean run
gse104556	polyApipe	polyapipe_mouse2	precision	200.000000	0.142425	tes	87983	3779.000000	6.762283	runtime source: gse104556/polyapipe/run.log; clean run
gse104556	polyApipe	polyapipe_mouse2	recall	10.000000	0.097247	atlas_full	87983	3779.000000	6.762283	runtime source: gse104556/polyapipe/run.log; clean run; denominator=301006
gse104556	polyApipe	polyapipe_mouse2	recall	25.000000	0.113868	atlas_full	87983	3779.000000	6.762283	runtime source: gse104556/polyapipe/run.log; clean run; denominator=301006
gse104556	polyApipe	polyapipe_mouse2	recall	50.000000	0.136981	atlas_full	87983	3779.000000	6.762283	runtime source: gse104556/polyapipe/run.log; clean run; denominator=301006
gse104556	polyApipe	polyapipe_mouse2	recall	100.000000	0.170070	atlas_full	87983	3779.000000	6.762283	runtime source: gse104556/polyapipe/run.log; clean run; denominator=301006
gse104556	polyApipe	polyapipe_mouse2	recall	200.000000	0.210677	atlas_full	87983	3779.000000	6.762283	runtime source: gse104556/polyapipe/run.log; clean run; denominator=301006
gse104556	polyApipe	polyapipe_mouse2	recall	10.000000	0.128088	atlas_detected	87983	3779.000000	6.762283	runtime source: gse104556/polyapipe/run.log; clean run; denominator=126686
gse104556	polyApipe	polyapipe_mouse2	recall	25.000000	0.149006	atlas_detected	87983	3779.000000	6.762283	runtime source: gse104556/polyapipe/run.log; clean run; denominator=126686
gse104556	polyApipe	polyapipe_mouse2	recall	50.000000	0.191221	atlas_detected	87983	3779.000000	6.762283	runtime source: gse104556/polyapipe/run.log; clean run; denominator=126686
gse104556	polyApipe	polyapipe_mouse2	recall	100.000000	0.250762	atlas_detected	87983	3779.000000	6.762283	runtime source: gse104556/polyapipe/run.log; clean run; denominator=126686
gse104556	polyApipe	polyapipe_mouse2	recall	200.000000	0.323398	atlas_detected	87983	3779.000000	6.762283	runtime source: gse104556/polyapipe/run.log; clean run; denominator=126686
gse104556	polyApipe	polyapipe_mouse2	recall	10.000000	0.227734	tes	87983	3779.000000	6.762283	runtime source: gse104556/polyapipe/run.log; clean run; denominator=52513
gse104556	polyApipe	polyapipe_mouse2	recall	25.000000	0.253099	tes	87983	3779.000000	6.762283	runtime source: gse104556/polyapipe/run.log; clean run; denominator=52513
gse104556	polyApipe	polyapipe_mouse2	recall	50.000000	0.269171	tes	87983	3779.000000	6.762283	runtime source: gse104556/polyapipe/run.log; clean run; denominator=52513
gse104556	polyApipe	polyapipe_mouse2	recall	100.000000	0.295222	tes	87983	3779.000000	6.762283	runtime source: gse104556/polyapipe/run.log; clean run; denominator=52513
gse104556	polyApipe	polyapipe_mouse2	recall	200.000000	0.335269	tes	87983	3779.000000	6.762283	runtime source: gse104556/polyapipe/run.log; clean run; denominator=52513
gse104556	polyApipe	polyapipe_mouse2	f1	10.000000	0.150497	atlas_full	87983	3779.000000	6.762283	runtime source: gse104556/polyapipe/run.log; clean run
gse104556	polyApipe	polyapipe_mouse2	f1	25.000000	0.175236	atlas_full	87983	3779.000000	6.762283	runtime source: gse104556/polyapipe/run.log; clean run
gse104556	polyApipe	polyapipe_mouse2	f1	50.000000	0.203603	atlas_full	87983	3779.000000	6.762283	runtime source: gse104556/polyapipe/run.log; clean run
gse104556	polyApipe	polyapipe_mouse2	f1	100.000000	0.240747	atlas_full	87983	3779.000000	6.762283	runtime source: gse104556/polyapipe/run.log; clean run
gse104556	polyApipe	polyapipe_mouse2	f1	200.000000	0.282929	atlas_full	87983	3779.000000	6.762283	runtime source: gse104556/polyapipe/run.log; clean run
gse104556	polyApipe	polyapipe_mouse2	f1	10.000000	0.184957	atlas_detected	87983	3779.000000	6.762283	runtime source: gse104556/polyapipe/run.log; clean run
gse104556	polyApipe	polyapipe_mouse2	f1	25.000000	0.214082	atlas_detected	87983	3779.000000	6.762283	runtime source: gse104556/polyapipe/run.log; clean run
gse104556	polyApipe	polyapipe_mouse2	f1	50.000000	0.257988	atlas_detected	87983	3779.000000	6.762283	runtime source: gse104556/polyapipe/run.log; clean run
gse104556	polyApipe	polyapipe_mouse2	f1	100.000000	0.311751	atlas_detected	87983	3779.000000	6.762283	runtime source: gse104556/polyapipe/run.log; clean run
gse104556	polyApipe	polyapipe_mouse2	f1	200.000000	0.369380	atlas_detected	87983	3779.000000	6.762283	runtime source: gse104556/polyapipe/run.log; clean run
gse104556	polyApipe	polyapipe_mouse2	precision_null	10.000000	0.001750	atlas_full	87983	3779.000000	6.762283	runtime source: gse104556/polyapipe/run.log; clean run; mean of 3 genic-shuffle seeds (min 0.0017, max 0.0018)
gse104556	polyApipe	polyapipe_mouse2	precision_null	25.000000	0.004247	atlas_full	87983	3779.000000	6.762283	runtime source: gse104556/polyapipe/run.log; clean run; mean of 3 genic-shuffle seeds (min 0.0041, max 0.0044)
gse104556	polyApipe	polyapipe_mouse2	precision_null	50.000000	0.007808	atlas_full	87983	3779.000000	6.762283	runtime source: gse104556/polyapipe/run.log; clean run; mean of 3 genic-shuffle seeds (min 0.0076, max 0.0081)
gse104556	polyApipe	polyapipe_mouse2	precision_null	100.000000	0.014476	atlas_full	87983	3779.000000	6.762283	runtime source: gse104556/polyapipe/run.log; clean run; mean of 3 genic-shuffle seeds (min 0.0143, max 0.0146)
gse104556	polyApipe	polyapipe_mouse2	precision_null	200.000000	0.026338	atlas_full	87983	3779.000000	6.762283	runtime source: gse104556/polyapipe/run.log; clean run; mean of 3 genic-shuffle seeds (min 0.0262, max 0.0264)
gse104556	polyApipe	polyapipe_mouse2	replicate			mouse2	87983	3779.000000	6.762283	PRIMARY arm; runtime source: gse104556/polyapipe/run.log; clean run
gse104556	scAPAtrap	scapatrap_mouse1	precision	10.000000	0.108420	atlas_full	135538	13314.000000	7.874557	runtime source: gse104556/scapatrap/run_mouse1.log; clean run
gse104556	scAPAtrap	scapatrap_mouse1	precision	25.000000	0.157410	atlas_full	135538	13314.000000	7.874557	runtime source: gse104556/scapatrap/run_mouse1.log; clean run
gse104556	scAPAtrap	scapatrap_mouse1	precision	50.000000	0.201051	atlas_full	135538	13314.000000	7.874557	runtime source: gse104556/scapatrap/run_mouse1.log; clean run
gse104556	scAPAtrap	scapatrap_mouse1	precision	100.000000	0.250247	atlas_full	135538	13314.000000	7.874557	runtime source: gse104556/scapatrap/run_mouse1.log; clean run
gse104556	scAPAtrap	scapatrap_mouse1	precision	200.000000	0.287860	atlas_full	135538	13314.000000	7.874557	runtime source: gse104556/scapatrap/run_mouse1.log; clean run
gse104556	scAPAtrap	scapatrap_mouse1	precision	10.000000	0.046740	tes	135538	13314.000000	7.874557	runtime source: gse104556/scapatrap/run_mouse1.log; clean run
gse104556	scAPAtrap	scapatrap_mouse1	precision	25.000000	0.059799	tes	135538	13314.000000	7.874557	runtime source: gse104556/scapatrap/run_mouse1.log; clean run
gse104556	scAPAtrap	scapatrap_mouse1	precision	50.000000	0.072636	tes	135538	13314.000000	7.874557	runtime source: gse104556/scapatrap/run_mouse1.log; clean run
gse104556	scAPAtrap	scapatrap_mouse1	precision	100.000000	0.088204	tes	135538	13314.000000	7.874557	runtime source: gse104556/scapatrap/run_mouse1.log; clean run
gse104556	scAPAtrap	scapatrap_mouse1	precision	200.000000	0.099492	tes	135538	13314.000000	7.874557	runtime source: gse104556/scapatrap/run_mouse1.log; clean run
gse104556	scAPAtrap	scapatrap_mouse1	recall	10.000000	0.048859	atlas_full	135538	13314.000000	7.874557	runtime source: gse104556/scapatrap/run_mouse1.log; clean run; denominator=301006
gse104556	scAPAtrap	scapatrap_mouse1	recall	25.000000	0.073391	atlas_full	135538	13314.000000	7.874557	runtime source: gse104556/scapatrap/run_mouse1.log; clean run; denominator=301006
gse104556	scAPAtrap	scapatrap_mouse1	recall	50.000000	0.108666	atlas_full	135538	13314.000000	7.874557	runtime source: gse104556/scapatrap/run_mouse1.log; clean run; denominator=301006
gse104556	scAPAtrap	scapatrap_mouse1	recall	100.000000	0.158475	atlas_full	135538	13314.000000	7.874557	runtime source: gse104556/scapatrap/run_mouse1.log; clean run; denominator=301006
gse104556	scAPAtrap	scapatrap_mouse1	recall	200.000000	0.209933	atlas_full	135538	13314.000000	7.874557	runtime source: gse104556/scapatrap/run_mouse1.log; clean run; denominator=301006
gse104556	scAPAtrap	scapatrap_mouse1	recall	10.000000	0.071010	atlas_detected	135538	13314.000000	7.874557	runtime source: gse104556/scapatrap/run_mouse1.log; clean run; denominator=126686
gse104556	scAPAtrap	scapatrap_mouse1	recall	25.000000	0.105750	atlas_detected	135538	13314.000000	7.874557	runtime source: gse104556/scapatrap/run_mouse1.log; clean run; denominator=126686
gse104556	scAPAtrap	scapatrap_mouse1	recall	50.000000	0.162978	atlas_detected	135538	13314.000000	7.874557	runtime source: gse104556/scapatrap/run_mouse1.log; clean run; denominator=126686
gse104556	scAPAtrap	scapatrap_mouse1	recall	100.000000	0.245315	atlas_detected	135538	13314.000000	7.874557	runtime source: gse104556/scapatrap/run_mouse1.log; clean run; denominator=126686
gse104556	scAPAtrap	scapatrap_mouse1	recall	200.000000	0.335183	atlas_detected	135538	13314.000000	7.874557	runtime source: gse104556/scapatrap/run_mouse1.log; clean run; denominator=126686
gse104556	scAPAtrap	scapatrap_mouse1	recall	10.000000	0.154057	tes	135538	13314.000000	7.874557	runtime source: gse104556/scapatrap/run_mouse1.log; clean run; denominator=52513
gse104556	scAPAtrap	scapatrap_mouse1	recall	25.000000	0.201588	tes	135538	13314.000000	7.874557	runtime source: gse104556/scapatrap/run_mouse1.log; clean run; denominator=52513
gse104556	scAPAtrap	scapatrap_mouse1	recall	50.000000	0.248053	tes	135538	13314.000000	7.874557	runtime source: gse104556/scapatrap/run_mouse1.log; clean run; denominator=52513
gse104556	scAPAtrap	scapatrap_mouse1	recall	100.000000	0.304287	tes	135538	13314.000000	7.874557	runtime source: gse104556/scapatrap/run_mouse1.log; clean run; denominator=52513
gse104556	scAPAtrap	scapatrap_mouse1	recall	200.000000	0.351551	tes	135538	13314.000000	7.874557	runtime source: gse104556/scapatrap/run_mouse1.log; clean run; denominator=52513
gse104556	scAPAtrap	scapatrap_mouse1	f1	10.000000	0.067362	atlas_full	135538	13314.000000	7.874557	runtime source: gse104556/scapatrap/run_mouse1.log; clean run
gse104556	scAPAtrap	scapatrap_mouse1	f1	25.000000	0.100107	atlas_full	135538	13314.000000	7.874557	runtime source: gse104556/scapatrap/run_mouse1.log; clean run
gse104556	scAPAtrap	scapatrap_mouse1	f1	50.000000	0.141079	atlas_full	135538	13314.000000	7.874557	runtime source: gse104556/scapatrap/run_mouse1.log; clean run
gse104556	scAPAtrap	scapatrap_mouse1	f1	100.000000	0.194058	atlas_full	135538	13314.000000	7.874557	runtime source: gse104556/scapatrap/run_mouse1.log; clean run
gse104556	scAPAtrap	scapatrap_mouse1	f1	200.000000	0.242797	atlas_full	135538	13314.000000	7.874557	runtime source: gse104556/scapatrap/run_mouse1.log; clean run
gse104556	scAPAtrap	scapatrap_mouse1	f1	10.000000	0.085815	atlas_detected	135538	13314.000000	7.874557	runtime source: gse104556/scapatrap/run_mouse1.log; clean run
gse104556	scAPAtrap	scapatrap_mouse1	f1	25.000000	0.126509	atlas_detected	135538	13314.000000	7.874557	runtime source: gse104556/scapatrap/run_mouse1.log; clean run
gse104556	scAPAtrap	scapatrap_mouse1	f1	50.000000	0.180023	atlas_detected	135538	13314.000000	7.874557	runtime source: gse104556/scapatrap/run_mouse1.log; clean run
gse104556	scAPAtrap	scapatrap_mouse1	f1	100.000000	0.247757	atlas_detected	135538	13314.000000	7.874557	runtime source: gse104556/scapatrap/run_mouse1.log; clean run
gse104556	scAPAtrap	scapatrap_mouse1	f1	200.000000	0.309724	atlas_detected	135538	13314.000000	7.874557	runtime source: gse104556/scapatrap/run_mouse1.log; clean run
gse104556	scAPAtrap	scapatrap_mouse1	precision_null	10.000000	0.001800	atlas_full	135538	13314.000000	7.874557	runtime source: gse104556/scapatrap/run_mouse1.log; clean run; mean of 3 genic-shuffle seeds (min 0.0017, max 0.0019)
gse104556	scAPAtrap	scapatrap_mouse1	precision_null	25.000000	0.004296	atlas_full	135538	13314.000000	7.874557	runtime source: gse104556/scapatrap/run_mouse1.log; clean run; mean of 3 genic-shuffle seeds (min 0.0042, max 0.0044)
gse104556	scAPAtrap	scapatrap_mouse1	precision_null	50.000000	0.007924	atlas_full	135538	13314.000000	7.874557	runtime source: gse104556/scapatrap/run_mouse1.log; clean run; mean of 3 genic-shuffle seeds (min 0.0075, max 0.0084)
gse104556	scAPAtrap	scapatrap_mouse1	precision_null	100.000000	0.014294	atlas_full	135538	13314.000000	7.874557	runtime source: gse104556/scapatrap/run_mouse1.log; clean run; mean of 3 genic-shuffle seeds (min 0.0141, max 0.0145)
gse104556	scAPAtrap	scapatrap_mouse1	precision_null	200.000000	0.026253	atlas_full	135538	13314.000000	7.874557	runtime source: gse104556/scapatrap/run_mouse1.log; clean run; mean of 3 genic-shuffle seeds (min 0.0257, max 0.0265)
gse104556	scAPAtrap	scapatrap_mouse1	replicate			mouse1	135538	13314.000000	7.874557	PRIMARY arm; runtime source: gse104556/scapatrap/run_mouse1.log; clean run
gse104556	scAPAtrap	scapatrap_mouse2	precision	10.000000	0.100622	atlas_full	151140	9977.000000	7.765820	runtime source: gse104556/scapatrap/run_mouse2.log; clean run
gse104556	scAPAtrap	scapatrap_mouse2	precision	25.000000	0.147234	atlas_full	151140	9977.000000	7.765820	runtime source: gse104556/scapatrap/run_mouse2.log; clean run
gse104556	scAPAtrap	scapatrap_mouse2	precision	50.000000	0.189890	atlas_full	151140	9977.000000	7.765820	runtime source: gse104556/scapatrap/run_mouse2.log; clean run
gse104556	scAPAtrap	scapatrap_mouse2	precision	100.000000	0.238911	atlas_full	151140	9977.000000	7.765820	runtime source: gse104556/scapatrap/run_mouse2.log; clean run
gse104556	scAPAtrap	scapatrap_mouse2	precision	200.000000	0.273488	atlas_full	151140	9977.000000	7.765820	runtime source: gse104556/scapatrap/run_mouse2.log; clean run
gse104556	scAPAtrap	scapatrap_mouse2	precision	10.000000	0.042464	tes	151140	9977.000000	7.765820	runtime source: gse104556/scapatrap/run_mouse2.log; clean run
gse104556	scAPAtrap	scapatrap_mouse2	precision	25.000000	0.054552	tes	151140	9977.000000	7.765820	runtime source: gse104556/scapatrap/run_mouse2.log; clean run
gse104556	scAPAtrap	scapatrap_mouse2	precision	50.000000	0.067944	tes	151140	9977.000000	7.765820	runtime source: gse104556/scapatrap/run_mouse2.log; clean run
gse104556	scAPAtrap	scapatrap_mouse2	precision	100.000000	0.082923	tes	151140	9977.000000	7.765820	runtime source: gse104556/scapatrap/run_mouse2.log; clean run
gse104556	scAPAtrap	scapatrap_mouse2	precision	200.000000	0.093179	tes	151140	9977.000000	7.765820	runtime source: gse104556/scapatrap/run_mouse2.log; clean run
gse104556	scAPAtrap	scapatrap_mouse2	recall	10.000000	0.050557	atlas_full	151140	9977.000000	7.765820	runtime source: gse104556/scapatrap/run_mouse2.log; clean run; denominator=301006
gse104556	scAPAtrap	scapatrap_mouse2	recall	25.000000	0.076696	atlas_full	151140	9977.000000	7.765820	runtime source: gse104556/scapatrap/run_mouse2.log; clean run; denominator=301006
gse104556	scAPAtrap	scapatrap_mouse2	recall	50.000000	0.114403	atlas_full	151140	9977.000000	7.765820	runtime source: gse104556/scapatrap/run_mouse2.log; clean run; denominator=301006
gse104556	scAPAtrap	scapatrap_mouse2	recall	100.000000	0.167907	atlas_full	151140	9977.000000	7.765820	runtime source: gse104556/scapatrap/run_mouse2.log; clean run; denominator=301006
gse104556	scAPAtrap	scapatrap_mouse2	recall	200.000000	0.220554	atlas_full	151140	9977.000000	7.765820	runtime source: gse104556/scapatrap/run_mouse2.log; clean run; denominator=301006
gse104556	scAPAtrap	scapatrap_mouse2	recall	10.000000	0.072984	atlas_detected	151140	9977.000000	7.765820	runtime source: gse104556/scapatrap/run_mouse2.log; clean run; denominator=126686
gse104556	scAPAtrap	scapatrap_mouse2	recall	25.000000	0.111007	atlas_detected	151140	9977.000000	7.765820	runtime source: gse104556/scapatrap/run_mouse2.log; clean run; denominator=126686
gse104556	scAPAtrap	scapatrap_mouse2	recall	50.000000	0.171566	atlas_detected	151140	9977.000000	7.765820	runtime source: gse104556/scapatrap/run_mouse2.log; clean run; denominator=126686
gse104556	scAPAtrap	scapatrap_mouse2	recall	100.000000	0.258576	atlas_detected	151140	9977.000000	7.765820	runtime source: gse104556/scapatrap/run_mouse2.log; clean run; denominator=126686
gse104556	scAPAtrap	scapatrap_mouse2	recall	200.000000	0.350560	atlas_detected	151140	9977.000000	7.765820	runtime source: gse104556/scapatrap/run_mouse2.log; clean run; denominator=126686
gse104556	scAPAtrap	scapatrap_mouse2	recall	10.000000	0.155390	tes	151140	9977.000000	7.765820	runtime source: gse104556/scapatrap/run_mouse2.log; clean run; denominator=52513
gse104556	scAPAtrap	scapatrap_mouse2	recall	25.000000	0.204787	tes	151140	9977.000000	7.765820	runtime source: gse104556/scapatrap/run_mouse2.log; clean run; denominator=52513
gse104556	scAPAtrap	scapatrap_mouse2	recall	50.000000	0.257765	tes	151140	9977.000000	7.765820	runtime source: gse104556/scapatrap/run_mouse2.log; clean run; denominator=52513
gse104556	scAPAtrap	scapatrap_mouse2	recall	100.000000	0.318302	tes	151140	9977.000000	7.765820	runtime source: gse104556/scapatrap/run_mouse2.log; clean run; denominator=52513
gse104556	scAPAtrap	scapatrap_mouse2	recall	200.000000	0.365681	tes	151140	9977.000000	7.765820	runtime source: gse104556/scapatrap/run_mouse2.log; clean run; denominator=52513
gse104556	scAPAtrap	scapatrap_mouse2	f1	10.000000	0.067300	atlas_full	151140	9977.000000	7.765820	runtime source: gse104556/scapatrap/run_mouse2.log; clean run
gse104556	scAPAtrap	scapatrap_mouse2	f1	25.000000	0.100855	atlas_full	151140	9977.000000	7.765820	runtime source: gse104556/scapatrap/run_mouse2.log; clean run
gse104556	scAPAtrap	scapatrap_mouse2	f1	50.000000	0.142783	atlas_full	151140	9977.000000	7.765820	runtime source: gse104556/scapatrap/run_mouse2.log; clean run
gse104556	scAPAtrap	scapatrap_mouse2	f1	100.000000	0.197213	atlas_full	151140	9977.000000	7.765820	runtime source: gse104556/scapatrap/run_mouse2.log; clean run
gse104556	scAPAtrap	scapatrap_mouse2	f1	200.000000	0.244185	atlas_full	151140	9977.000000	7.765820	runtime source: gse104556/scapatrap/run_mouse2.log; clean run
gse104556	scAPAtrap	scapatrap_mouse2	f1	10.000000	0.084603	atlas_detected	151140	9977.000000	7.765820	runtime source: gse104556/scapatrap/run_mouse2.log; clean run
gse104556	scAPAtrap	scapatrap_mouse2	f1	25.000000	0.126579	atlas_detected	151140	9977.000000	7.765820	runtime source: gse104556/scapatrap/run_mouse2.log; clean run
gse104556	scAPAtrap	scapatrap_mouse2	f1	50.000000	0.180264	atlas_detected	151140	9977.000000	7.765820	runtime source: gse104556/scapatrap/run_mouse2.log; clean run
gse104556	scAPAtrap	scapatrap_mouse2	f1	100.000000	0.248355	atlas_detected	151140	9977.000000	7.765820	runtime source: gse104556/scapatrap/run_mouse2.log; clean run
gse104556	scAPAtrap	scapatrap_mouse2	f1	200.000000	0.307265	atlas_detected	151140	9977.000000	7.765820	runtime source: gse104556/scapatrap/run_mouse2.log; clean run
gse104556	scAPAtrap	scapatrap_mouse2	precision_null	10.000000	0.001804	atlas_full	151140	9977.000000	7.765820	runtime source: gse104556/scapatrap/run_mouse2.log; clean run; mean of 3 genic-shuffle seeds (min 0.0017, max 0.0019)
gse104556	scAPAtrap	scapatrap_mouse2	precision_null	25.000000	0.004197	atlas_full	151140	9977.000000	7.765820	runtime source: gse104556/scapatrap/run_mouse2.log; clean run; mean of 3 genic-shuffle seeds (min 0.0041, max 0.0045)
gse104556	scAPAtrap	scapatrap_mouse2	precision_null	50.000000	0.007814	atlas_full	151140	9977.000000	7.765820	runtime source: gse104556/scapatrap/run_mouse2.log; clean run; mean of 3 genic-shuffle seeds (min 0.0074, max 0.0081)
gse104556	scAPAtrap	scapatrap_mouse2	precision_null	100.000000	0.014124	atlas_full	151140	9977.000000	7.765820	runtime source: gse104556/scapatrap/run_mouse2.log; clean run; mean of 3 genic-shuffle seeds (min 0.0140, max 0.0143)
gse104556	scAPAtrap	scapatrap_mouse2	precision_null	200.000000	0.026192	atlas_full	151140	9977.000000	7.765820	runtime source: gse104556/scapatrap/run_mouse2.log; clean run; mean of 3 genic-shuffle seeds (min 0.0261, max 0.0264)
gse104556	scAPAtrap	scapatrap_mouse2	replicate			mouse2	151140	9977.000000	7.765820	PRIMARY arm; runtime source: gse104556/scapatrap/run_mouse2.log; clean run
gse104556	SCAPTURE	scapture_mouse1	precision	10.000000	0.363925	atlas_full	23645	30562.250000	4.105835	CAVEAT: mouse1 only -- the mouse2 run was truncated by disk exhaustion (SCAPTURE exited 0 anyway); no replicate pair, so no reproducibility arm; runtime source: gse104556/scapture/run.log; PAScall 8:09:53 + PASquant 19:29.25; shared annotation prebuild 1:02.84 excluded (one-off, both mice)
gse104556	SCAPTURE	scapture_mouse1	precision	25.000000	0.558258	atlas_full	23645	30562.250000	4.105835	CAVEAT: mouse1 only -- the mouse2 run was truncated by disk exhaustion (SCAPTURE exited 0 anyway); no replicate pair, so no reproducibility arm; runtime source: gse104556/scapture/run.log; PAScall 8:09:53 + PASquant 19:29.25; shared annotation prebuild 1:02.84 excluded (one-off, both mice)
gse104556	SCAPTURE	scapture_mouse1	precision	50.000000	0.667075	atlas_full	23645	30562.250000	4.105835	CAVEAT: mouse1 only -- the mouse2 run was truncated by disk exhaustion (SCAPTURE exited 0 anyway); no replicate pair, so no reproducibility arm; runtime source: gse104556/scapture/run.log; PAScall 8:09:53 + PASquant 19:29.25; shared annotation prebuild 1:02.84 excluded (one-off, both mice)
gse104556	SCAPTURE	scapture_mouse1	precision	100.000000	0.693550	atlas_full	23645	30562.250000	4.105835	CAVEAT: mouse1 only -- the mouse2 run was truncated by disk exhaustion (SCAPTURE exited 0 anyway); no replicate pair, so no reproducibility arm; runtime source: gse104556/scapture/run.log; PAScall 8:09:53 + PASquant 19:29.25; shared annotation prebuild 1:02.84 excluded (one-off, both mice)
gse104556	SCAPTURE	scapture_mouse1	precision	200.000000	0.708564	atlas_full	23645	30562.250000	4.105835	CAVEAT: mouse1 only -- the mouse2 run was truncated by disk exhaustion (SCAPTURE exited 0 anyway); no replicate pair, so no reproducibility arm; runtime source: gse104556/scapture/run.log; PAScall 8:09:53 + PASquant 19:29.25; shared annotation prebuild 1:02.84 excluded (one-off, both mice)
gse104556	SCAPTURE	scapture_mouse1	precision	10.000000	0.315585	tes	23645	30562.250000	4.105835	CAVEAT: mouse1 only -- the mouse2 run was truncated by disk exhaustion (SCAPTURE exited 0 anyway); no replicate pair, so no reproducibility arm; runtime source: gse104556/scapture/run.log; PAScall 8:09:53 + PASquant 19:29.25; shared annotation prebuild 1:02.84 excluded (one-off, both mice)
gse104556	SCAPTURE	scapture_mouse1	precision	25.000000	0.389258	tes	23645	30562.250000	4.105835	CAVEAT: mouse1 only -- the mouse2 run was truncated by disk exhaustion (SCAPTURE exited 0 anyway); no replicate pair, so no reproducibility arm; runtime source: gse104556/scapture/run.log; PAScall 8:09:53 + PASquant 19:29.25; shared annotation prebuild 1:02.84 excluded (one-off, both mice)
gse104556	SCAPTURE	scapture_mouse1	precision	50.000000	0.441785	tes	23645	30562.250000	4.105835	CAVEAT: mouse1 only -- the mouse2 run was truncated by disk exhaustion (SCAPTURE exited 0 anyway); no replicate pair, so no reproducibility arm; runtime source: gse104556/scapture/run.log; PAScall 8:09:53 + PASquant 19:29.25; shared annotation prebuild 1:02.84 excluded (one-off, both mice)
gse104556	SCAPTURE	scapture_mouse1	precision	100.000000	0.461578	tes	23645	30562.250000	4.105835	CAVEAT: mouse1 only -- the mouse2 run was truncated by disk exhaustion (SCAPTURE exited 0 anyway); no replicate pair, so no reproducibility arm; runtime source: gse104556/scapture/run.log; PAScall 8:09:53 + PASquant 19:29.25; shared annotation prebuild 1:02.84 excluded (one-off, both mice)
gse104556	SCAPTURE	scapture_mouse1	precision	200.000000	0.479129	tes	23645	30562.250000	4.105835	CAVEAT: mouse1 only -- the mouse2 run was truncated by disk exhaustion (SCAPTURE exited 0 anyway); no replicate pair, so no reproducibility arm; runtime source: gse104556/scapture/run.log; PAScall 8:09:53 + PASquant 19:29.25; shared annotation prebuild 1:02.84 excluded (one-off, both mice)
gse104556	SCAPTURE	scapture_mouse1	recall	10.000000	0.028508	atlas_full	23645	30562.250000	4.105835	CAVEAT: mouse1 only -- the mouse2 run was truncated by disk exhaustion (SCAPTURE exited 0 anyway); no replicate pair, so no reproducibility arm; runtime source: gse104556/scapture/run.log; PAScall 8:09:53 + PASquant 19:29.25; shared annotation prebuild 1:02.84 excluded (one-off, both mice); denominator=301006
gse104556	SCAPTURE	scapture_mouse1	recall	25.000000	0.045388	atlas_full	23645	30562.250000	4.105835	CAVEAT: mouse1 only -- the mouse2 run was truncated by disk exhaustion (SCAPTURE exited 0 anyway); no replicate pair, so no reproducibility arm; runtime source: gse104556/scapture/run.log; PAScall 8:09:53 + PASquant 19:29.25; shared annotation prebuild 1:02.84 excluded (one-off, both mice); denominator=301006
gse104556	SCAPTURE	scapture_mouse1	recall	50.000000	0.066431	atlas_full	23645	30562.250000	4.105835	CAVEAT: mouse1 only -- the mouse2 run was truncated by disk exhaustion (SCAPTURE exited 0 anyway); no replicate pair, so no reproducibility arm; runtime source: gse104556/scapture/run.log; PAScall 8:09:53 + PASquant 19:29.25; shared annotation prebuild 1:02.84 excluded (one-off, both mice); denominator=301006
gse104556	SCAPTURE	scapture_mouse1	recall	100.000000	0.088938	atlas_full	23645	30562.250000	4.105835	CAVEAT: mouse1 only -- the mouse2 run was truncated by disk exhaustion (SCAPTURE exited 0 anyway); no replicate pair, so no reproducibility arm; runtime source: gse104556/scapture/run.log; PAScall 8:09:53 + PASquant 19:29.25; shared annotation prebuild 1:02.84 excluded (one-off, both mice); denominator=301006
gse104556	SCAPTURE	scapture_mouse1	recall	200.000000	0.114071	atlas_full	23645	30562.250000	4.105835	CAVEAT: mouse1 only -- the mouse2 run was truncated by disk exhaustion (SCAPTURE exited 0 anyway); no replicate pair, so no reproducibility arm; runtime source: gse104556/scapture/run.log; PAScall 8:09:53 + PASquant 19:29.25; shared annotation prebuild 1:02.84 excluded (one-off, both mice); denominator=301006
gse104556	SCAPTURE	scapture_mouse1	recall	10.000000	0.047456	atlas_detected	23645	30562.250000	4.105835	CAVEAT: mouse1 only -- the mouse2 run was truncated by disk exhaustion (SCAPTURE exited 0 anyway); no replicate pair, so no reproducibility arm; runtime source: gse104556/scapture/run.log; PAScall 8:09:53 + PASquant 19:29.25; shared annotation prebuild 1:02.84 excluded (one-off, both mice); denominator=126686
gse104556	SCAPTURE	scapture_mouse1	recall	25.000000	0.074349	atlas_detected	23645	30562.250000	4.105835	CAVEAT: mouse1 only -- the mouse2 run was truncated by disk exhaustion (SCAPTURE exited 0 anyway); no replicate pair, so no reproducibility arm; runtime source: gse104556/scapture/run.log; PAScall 8:09:53 + PASquant 19:29.25; shared annotation prebuild 1:02.84 excluded (one-off, both mice); denominator=126686
gse104556	SCAPTURE	scapture_mouse1	recall	50.000000	0.112956	atlas_detected	23645	30562.250000	4.105835	CAVEAT: mouse1 only -- the mouse2 run was truncated by disk exhaustion (SCAPTURE exited 0 anyway); no replicate pair, so no reproducibility arm; runtime source: gse104556/scapture/run.log; PAScall 8:09:53 + PASquant 19:29.25; shared annotation prebuild 1:02.84 excluded (one-off, both mice); denominator=126686
gse104556	SCAPTURE	scapture_mouse1	recall	100.000000	0.155092	atlas_detected	23645	30562.250000	4.105835	CAVEAT: mouse1 only -- the mouse2 run was truncated by disk exhaustion (SCAPTURE exited 0 anyway); no replicate pair, so no reproducibility arm; runtime source: gse104556/scapture/run.log; PAScall 8:09:53 + PASquant 19:29.25; shared annotation prebuild 1:02.84 excluded (one-off, both mice); denominator=126686
gse104556	SCAPTURE	scapture_mouse1	recall	200.000000	0.201743	atlas_detected	23645	30562.250000	4.105835	CAVEAT: mouse1 only -- the mouse2 run was truncated by disk exhaustion (SCAPTURE exited 0 anyway); no replicate pair, so no reproducibility arm; runtime source: gse104556/scapture/run.log; PAScall 8:09:53 + PASquant 19:29.25; shared annotation prebuild 1:02.84 excluded (one-off, both mice); denominator=126686
gse104556	SCAPTURE	scapture_mouse1	recall	10.000000	0.181955	tes	23645	30562.250000	4.105835	CAVEAT: mouse1 only -- the mouse2 run was truncated by disk exhaustion (SCAPTURE exited 0 anyway); no replicate pair, so no reproducibility arm; runtime source: gse104556/scapture/run.log; PAScall 8:09:53 + PASquant 19:29.25; shared annotation prebuild 1:02.84 excluded (one-off, both mice); denominator=52513
gse104556	SCAPTURE	scapture_mouse1	recall	25.000000	0.231981	tes	23645	30562.250000	4.105835	CAVEAT: mouse1 only -- the mouse2 run was truncated by disk exhaustion (SCAPTURE exited 0 anyway); no replicate pair, so no reproducibility arm; runtime source: gse104556/scapture/run.log; PAScall 8:09:53 + PASquant 19:29.25; shared annotation prebuild 1:02.84 excluded (one-off, both mice); denominator=52513
gse104556	SCAPTURE	scapture_mouse1	recall	50.000000	0.269286	tes	23645	30562.250000	4.105835	CAVEAT: mouse1 only -- the mouse2 run was truncated by disk exhaustion (SCAPTURE exited 0 anyway); no replicate pair, so no reproducibility arm; runtime source: gse104556/scapture/run.log; PAScall 8:09:53 + PASquant 19:29.25; shared annotation prebuild 1:02.84 excluded (one-off, both mice); denominator=52513
gse104556	SCAPTURE	scapture_mouse1	recall	100.000000	0.287567	tes	23645	30562.250000	4.105835	CAVEAT: mouse1 only -- the mouse2 run was truncated by disk exhaustion (SCAPTURE exited 0 anyway); no replicate pair, so no reproducibility arm; runtime source: gse104556/scapture/run.log; PAScall 8:09:53 + PASquant 19:29.25; shared annotation prebuild 1:02.84 excluded (one-off, both mice); denominator=52513
gse104556	SCAPTURE	scapture_mouse1	recall	200.000000	0.309733	tes	23645	30562.250000	4.105835	CAVEAT: mouse1 only -- the mouse2 run was truncated by disk exhaustion (SCAPTURE exited 0 anyway); no replicate pair, so no reproducibility arm; runtime source: gse104556/scapture/run.log; PAScall 8:09:53 + PASquant 19:29.25; shared annotation prebuild 1:02.84 excluded (one-off, both mice); denominator=52513
gse104556	SCAPTURE	scapture_mouse1	f1	10.000000	0.052874	atlas_full	23645	30562.250000	4.105835	CAVEAT: mouse1 only -- the mouse2 run was truncated by disk exhaustion (SCAPTURE exited 0 anyway); no replicate pair, so no reproducibility arm; runtime source: gse104556/scapture/run.log; PAScall 8:09:53 + PASquant 19:29.25; shared annotation prebuild 1:02.84 excluded (one-off, both mice)
gse104556	SCAPTURE	scapture_mouse1	f1	25.000000	0.083950	atlas_full	23645	30562.250000	4.105835	CAVEAT: mouse1 only -- the mouse2 run was truncated by disk exhaustion (SCAPTURE exited 0 anyway); no replicate pair, so no reproducibility arm; runtime source: gse104556/scapture/run.log; PAScall 8:09:53 + PASquant 19:29.25; shared annotation prebuild 1:02.84 excluded (one-off, both mice)
gse104556	SCAPTURE	scapture_mouse1	f1	50.000000	0.120828	atlas_full	23645	30562.250000	4.105835	CAVEAT: mouse1 only -- the mouse2 run was truncated by disk exhaustion (SCAPTURE exited 0 anyway); no replicate pair, so no reproducibility arm; runtime source: gse104556/scapture/run.log; PAScall 8:09:53 + PASquant 19:29.25; shared annotation prebuild 1:02.84 excluded (one-off, both mice)
gse104556	SCAPTURE	scapture_mouse1	f1	100.000000	0.157659	atlas_full	23645	30562.250000	4.105835	CAVEAT: mouse1 only -- the mouse2 run was truncated by disk exhaustion (SCAPTURE exited 0 anyway); no replicate pair, so no reproducibility arm; runtime source: gse104556/scapture/run.log; PAScall 8:09:53 + PASquant 19:29.25; shared annotation prebuild 1:02.84 excluded (one-off, both mice)
gse104556	SCAPTURE	scapture_mouse1	f1	200.000000	0.196506	atlas_full	23645	30562.250000	4.105835	CAVEAT: mouse1 only -- the mouse2 run was truncated by disk exhaustion (SCAPTURE exited 0 anyway); no replicate pair, so no reproducibility arm; runtime source: gse104556/scapture/run.log; PAScall 8:09:53 + PASquant 19:29.25; shared annotation prebuild 1:02.84 excluded (one-off, both mice)
gse104556	SCAPTURE	scapture_mouse1	f1	10.000000	0.083963	atlas_detected	23645	30562.250000	4.105835	CAVEAT: mouse1 only -- the mouse2 run was truncated by disk exhaustion (SCAPTURE exited 0 anyway); no replicate pair, so no reproducibility arm; runtime source: gse104556/scapture/run.log; PAScall 8:09:53 + PASquant 19:29.25; shared annotation prebuild 1:02.84 excluded (one-off, both mice)
gse104556	SCAPTURE	scapture_mouse1	f1	25.000000	0.131222	atlas_detected	23645	30562.250000	4.105835	CAVEAT: mouse1 only -- the mouse2 run was truncated by disk exhaustion (SCAPTURE exited 0 anyway); no replicate pair, so no reproducibility arm; runtime source: gse104556/scapture/run.log; PAScall 8:09:53 + PASquant 19:29.25; shared annotation prebuild 1:02.84 excluded (one-off, both mice)
gse104556	SCAPTURE	scapture_mouse1	f1	50.000000	0.193198	atlas_detected	23645	30562.250000	4.105835	CAVEAT: mouse1 only -- the mouse2 run was truncated by disk exhaustion (SCAPTURE exited 0 anyway); no replicate pair, so no reproducibility arm; runtime source: gse104556/scapture/run.log; PAScall 8:09:53 + PASquant 19:29.25; shared annotation prebuild 1:02.84 excluded (one-off, both mice)
gse104556	SCAPTURE	scapture_mouse1	f1	100.000000	0.253497	atlas_detected	23645	30562.250000	4.105835	CAVEAT: mouse1 only -- the mouse2 run was truncated by disk exhaustion (SCAPTURE exited 0 anyway); no replicate pair, so no reproducibility arm; runtime source: gse104556/scapture/run.log; PAScall 8:09:53 + PASquant 19:29.25; shared annotation prebuild 1:02.84 excluded (one-off, both mice)
gse104556	SCAPTURE	scapture_mouse1	f1	200.000000	0.314065	atlas_detected	23645	30562.250000	4.105835	CAVEAT: mouse1 only -- the mouse2 run was truncated by disk exhaustion (SCAPTURE exited 0 anyway); no replicate pair, so no reproducibility arm; runtime source: gse104556/scapture/run.log; PAScall 8:09:53 + PASquant 19:29.25; shared annotation prebuild 1:02.84 excluded (one-off, both mice)
gse104556	SCAPTURE	scapture_mouse1	precision_null	10.000000	0.001819	atlas_full	23645	30562.250000	4.105835	CAVEAT: mouse1 only -- the mouse2 run was truncated by disk exhaustion (SCAPTURE exited 0 anyway); no replicate pair, so no reproducibility arm; runtime source: gse104556/scapture/run.log; PAScall 8:09:53 + PASquant 19:29.25; shared annotation prebuild 1:02.84 excluded (one-off, both mice); mean of 3 genic-shuffle seeds (min 0.0015, max 0.0021)
gse104556	SCAPTURE	scapture_mouse1	precision_null	25.000000	0.004102	atlas_full	23645	30562.250000	4.105835	CAVEAT: mouse1 only -- the mouse2 run was truncated by disk exhaustion (SCAPTURE exited 0 anyway); no replicate pair, so no reproducibility arm; runtime source: gse104556/scapture/run.log; PAScall 8:09:53 + PASquant 19:29.25; shared annotation prebuild 1:02.84 excluded (one-off, both mice); mean of 3 genic-shuffle seeds (min 0.0038, max 0.0043)
gse104556	SCAPTURE	scapture_mouse1	precision_null	50.000000	0.007570	atlas_full	23645	30562.250000	4.105835	CAVEAT: mouse1 only -- the mouse2 run was truncated by disk exhaustion (SCAPTURE exited 0 anyway); no replicate pair, so no reproducibility arm; runtime source: gse104556/scapture/run.log; PAScall 8:09:53 + PASquant 19:29.25; shared annotation prebuild 1:02.84 excluded (one-off, both mice); mean of 3 genic-shuffle seeds (min 0.0071, max 0.0080)
gse104556	SCAPTURE	scapture_mouse1	precision_null	100.000000	0.013660	atlas_full	23645	30562.250000	4.105835	CAVEAT: mouse1 only -- the mouse2 run was truncated by disk exhaustion (SCAPTURE exited 0 anyway); no replicate pair, so no reproducibility arm; runtime source: gse104556/scapture/run.log; PAScall 8:09:53 + PASquant 19:29.25; shared annotation prebuild 1:02.84 excluded (one-off, both mice); mean of 3 genic-shuffle seeds (min 0.0133, max 0.0141)
gse104556	SCAPTURE	scapture_mouse1	precision_null	200.000000	0.025812	atlas_full	23645	30562.250000	4.105835	CAVEAT: mouse1 only -- the mouse2 run was truncated by disk exhaustion (SCAPTURE exited 0 anyway); no replicate pair, so no reproducibility arm; runtime source: gse104556/scapture/run.log; PAScall 8:09:53 + PASquant 19:29.25; shared annotation prebuild 1:02.84 excluded (one-off, both mice); mean of 3 genic-shuffle seeds (min 0.0243, max 0.0267)
gse104556	SCAPTURE	scapture_mouse1	replicate			mouse1	23645	30562.250000	4.105835	PRIMARY arm; CAVEAT: mouse1 only -- the mouse2 run was truncated by disk exhaustion (SCAPTURE exited 0 anyway); no replicate pair, so no reproducibility arm; runtime source: gse104556/scapture/run.log; PAScall 8:09:53 + PASquant 19:29.25; shared annotation prebuild 1:02.84 excluded (one-off, both mice)
gse104556	scUTRquant	scutrquant_mouse1	precision	10.000000	0.597895	atlas_full	35732	4558.000000	4.002441	annotation-based: fixed mm10 UTRome catalog filtered by detection; runtime source: gse104556/scutrquant/run.log; pipeline 11:26 + 1:04:32 STARsolo->CellRanger-tag BAM prep that THIS BENCHMARK imposed (patched kallisto segfaults on raw STARsolo BAMs); runtime is prep-dominated, not pipeline cost
gse104556	scUTRquant	scutrquant_mouse1	precision	25.000000	0.723217	atlas_full	35732	4558.000000	4.002441	annotation-based: fixed mm10 UTRome catalog filtered by detection; runtime source: gse104556/scutrquant/run.log; pipeline 11:26 + 1:04:32 STARsolo->CellRanger-tag BAM prep that THIS BENCHMARK imposed (patched kallisto segfaults on raw STARsolo BAMs); runtime is prep-dominated, not pipeline cost
gse104556	scUTRquant	scutrquant_mouse1	precision	50.000000	0.756745	atlas_full	35732	4558.000000	4.002441	annotation-based: fixed mm10 UTRome catalog filtered by detection; runtime source: gse104556/scutrquant/run.log; pipeline 11:26 + 1:04:32 STARsolo->CellRanger-tag BAM prep that THIS BENCHMARK imposed (patched kallisto segfaults on raw STARsolo BAMs); runtime is prep-dominated, not pipeline cost
gse104556	scUTRquant	scutrquant_mouse1	precision	100.000000	0.782464	atlas_full	35732	4558.000000	4.002441	annotation-based: fixed mm10 UTRome catalog filtered by detection; runtime source: gse104556/scutrquant/run.log; pipeline 11:26 + 1:04:32 STARsolo->CellRanger-tag BAM prep that THIS BENCHMARK imposed (patched kallisto segfaults on raw STARsolo BAMs); runtime is prep-dominated, not pipeline cost
gse104556	scUTRquant	scutrquant_mouse1	precision	200.000000	0.813361	atlas_full	35732	4558.000000	4.002441	annotation-based: fixed mm10 UTRome catalog filtered by detection; runtime source: gse104556/scutrquant/run.log; pipeline 11:26 + 1:04:32 STARsolo->CellRanger-tag BAM prep that THIS BENCHMARK imposed (patched kallisto segfaults on raw STARsolo BAMs); runtime is prep-dominated, not pipeline cost
gse104556	scUTRquant	scutrquant_mouse1	precision	10.000000	0.694895	tes	35732	4558.000000	4.002441	annotation-based: fixed mm10 UTRome catalog filtered by detection; runtime source: gse104556/scutrquant/run.log; pipeline 11:26 + 1:04:32 STARsolo->CellRanger-tag BAM prep that THIS BENCHMARK imposed (patched kallisto segfaults on raw STARsolo BAMs); runtime is prep-dominated, not pipeline cost
gse104556	scUTRquant	scutrquant_mouse1	precision	25.000000	0.696351	tes	35732	4558.000000	4.002441	annotation-based: fixed mm10 UTRome catalog filtered by detection; runtime source: gse104556/scutrquant/run.log; pipeline 11:26 + 1:04:32 STARsolo->CellRanger-tag BAM prep that THIS BENCHMARK imposed (patched kallisto segfaults on raw STARsolo BAMs); runtime is prep-dominated, not pipeline cost
gse104556	scUTRquant	scutrquant_mouse1	precision	50.000000	0.702731	tes	35732	4558.000000	4.002441	annotation-based: fixed mm10 UTRome catalog filtered by detection; runtime source: gse104556/scutrquant/run.log; pipeline 11:26 + 1:04:32 STARsolo->CellRanger-tag BAM prep that THIS BENCHMARK imposed (patched kallisto segfaults on raw STARsolo BAMs); runtime is prep-dominated, not pipeline cost
gse104556	scUTRquant	scutrquant_mouse1	precision	100.000000	0.713282	tes	35732	4558.000000	4.002441	annotation-based: fixed mm10 UTRome catalog filtered by detection; runtime source: gse104556/scutrquant/run.log; pipeline 11:26 + 1:04:32 STARsolo->CellRanger-tag BAM prep that THIS BENCHMARK imposed (patched kallisto segfaults on raw STARsolo BAMs); runtime is prep-dominated, not pipeline cost
gse104556	scUTRquant	scutrquant_mouse1	precision	200.000000	0.727863	tes	35732	4558.000000	4.002441	annotation-based: fixed mm10 UTRome catalog filtered by detection; runtime source: gse104556/scutrquant/run.log; pipeline 11:26 + 1:04:32 STARsolo->CellRanger-tag BAM prep that THIS BENCHMARK imposed (patched kallisto segfaults on raw STARsolo BAMs); runtime is prep-dominated, not pipeline cost
gse104556	scUTRquant	scutrquant_mouse1	recall	10.000000	0.070972	atlas_full	35732	4558.000000	4.002441	annotation-based: fixed mm10 UTRome catalog filtered by detection; runtime source: gse104556/scutrquant/run.log; pipeline 11:26 + 1:04:32 STARsolo->CellRanger-tag BAM prep that THIS BENCHMARK imposed (patched kallisto segfaults on raw STARsolo BAMs); runtime is prep-dominated, not pipeline cost; denominator=301006
gse104556	scUTRquant	scutrquant_mouse1	recall	25.000000	0.088171	atlas_full	35732	4558.000000	4.002441	annotation-based: fixed mm10 UTRome catalog filtered by detection; runtime source: gse104556/scutrquant/run.log; pipeline 11:26 + 1:04:32 STARsolo->CellRanger-tag BAM prep that THIS BENCHMARK imposed (patched kallisto segfaults on raw STARsolo BAMs); runtime is prep-dominated, not pipeline cost; denominator=301006
gse104556	scUTRquant	scutrquant_mouse1	recall	50.000000	0.113151	atlas_full	35732	4558.000000	4.002441	annotation-based: fixed mm10 UTRome catalog filtered by detection; runtime source: gse104556/scutrquant/run.log; pipeline 11:26 + 1:04:32 STARsolo->CellRanger-tag BAM prep that THIS BENCHMARK imposed (patched kallisto segfaults on raw STARsolo BAMs); runtime is prep-dominated, not pipeline cost; denominator=301006
gse104556	scUTRquant	scutrquant_mouse1	recall	100.000000	0.150984	atlas_full	35732	4558.000000	4.002441	annotation-based: fixed mm10 UTRome catalog filtered by detection; runtime source: gse104556/scutrquant/run.log; pipeline 11:26 + 1:04:32 STARsolo->CellRanger-tag BAM prep that THIS BENCHMARK imposed (patched kallisto segfaults on raw STARsolo BAMs); runtime is prep-dominated, not pipeline cost; denominator=301006
gse104556	scUTRquant	scutrquant_mouse1	recall	200.000000	0.196335	atlas_full	35732	4558.000000	4.002441	annotation-based: fixed mm10 UTRome catalog filtered by detection; runtime source: gse104556/scutrquant/run.log; pipeline 11:26 + 1:04:32 STARsolo->CellRanger-tag BAM prep that THIS BENCHMARK imposed (patched kallisto segfaults on raw STARsolo BAMs); runtime is prep-dominated, not pipeline cost; denominator=301006
gse104556	scUTRquant	scutrquant_mouse1	recall	10.000000	0.118616	atlas_detected	35732	4558.000000	4.002441	annotation-based: fixed mm10 UTRome catalog filtered by detection; runtime source: gse104556/scutrquant/run.log; pipeline 11:26 + 1:04:32 STARsolo->CellRanger-tag BAM prep that THIS BENCHMARK imposed (patched kallisto segfaults on raw STARsolo BAMs); runtime is prep-dominated, not pipeline cost; denominator=126686
gse104556	scUTRquant	scutrquant_mouse1	recall	25.000000	0.142486	atlas_detected	35732	4558.000000	4.002441	annotation-based: fixed mm10 UTRome catalog filtered by detection; runtime source: gse104556/scutrquant/run.log; pipeline 11:26 + 1:04:32 STARsolo->CellRanger-tag BAM prep that THIS BENCHMARK imposed (patched kallisto segfaults on raw STARsolo BAMs); runtime is prep-dominated, not pipeline cost; denominator=126686
gse104556	scUTRquant	scutrquant_mouse1	recall	50.000000	0.188576	atlas_detected	35732	4558.000000	4.002441	annotation-based: fixed mm10 UTRome catalog filtered by detection; runtime source: gse104556/scutrquant/run.log; pipeline 11:26 + 1:04:32 STARsolo->CellRanger-tag BAM prep that THIS BENCHMARK imposed (patched kallisto segfaults on raw STARsolo BAMs); runtime is prep-dominated, not pipeline cost; denominator=126686
gse104556	scUTRquant	scutrquant_mouse1	recall	100.000000	0.258632	atlas_detected	35732	4558.000000	4.002441	annotation-based: fixed mm10 UTRome catalog filtered by detection; runtime source: gse104556/scutrquant/run.log; pipeline 11:26 + 1:04:32 STARsolo->CellRanger-tag BAM prep that THIS BENCHMARK imposed (patched kallisto segfaults on raw STARsolo BAMs); runtime is prep-dominated, not pipeline cost; denominator=126686
gse104556	scUTRquant	scutrquant_mouse1	recall	200.000000	0.343156	atlas_detected	35732	4558.000000	4.002441	annotation-based: fixed mm10 UTRome catalog filtered by detection; runtime source: gse104556/scutrquant/run.log; pipeline 11:26 + 1:04:32 STARsolo->CellRanger-tag BAM prep that THIS BENCHMARK imposed (patched kallisto segfaults on raw STARsolo BAMs); runtime is prep-dominated, not pipeline cost; denominator=126686
gse104556	scUTRquant	scutrquant_mouse1	recall	10.000000	0.547560	tes	35732	4558.000000	4.002441	annotation-based: fixed mm10 UTRome catalog filtered by detection; runtime source: gse104556/scutrquant/run.log; pipeline 11:26 + 1:04:32 STARsolo->CellRanger-tag BAM prep that THIS BENCHMARK imposed (patched kallisto segfaults on raw STARsolo BAMs); runtime is prep-dominated, not pipeline cost; denominator=52513
gse104556	scUTRquant	scutrquant_mouse1	recall	25.000000	0.565517	tes	35732	4558.000000	4.002441	annotation-based: fixed mm10 UTRome catalog filtered by detection; runtime source: gse104556/scutrquant/run.log; pipeline 11:26 + 1:04:32 STARsolo->CellRanger-tag BAM prep that THIS BENCHMARK imposed (patched kallisto segfaults on raw STARsolo BAMs); runtime is prep-dominated, not pipeline cost; denominator=52513
gse104556	scUTRquant	scutrquant_mouse1	recall	50.000000	0.580904	tes	35732	4558.000000	4.002441	annotation-based: fixed mm10 UTRome catalog filtered by detection; runtime source: gse104556/scutrquant/run.log; pipeline 11:26 + 1:04:32 STARsolo->CellRanger-tag BAM prep that THIS BENCHMARK imposed (patched kallisto segfaults on raw STARsolo BAMs); runtime is prep-dominated, not pipeline cost; denominator=52513
gse104556	scUTRquant	scutrquant_mouse1	recall	100.000000	0.603089	tes	35732	4558.000000	4.002441	annotation-based: fixed mm10 UTRome catalog filtered by detection; runtime source: gse104556/scutrquant/run.log; pipeline 11:26 + 1:04:32 STARsolo->CellRanger-tag BAM prep that THIS BENCHMARK imposed (patched kallisto segfaults on raw STARsolo BAMs); runtime is prep-dominated, not pipeline cost; denominator=52513
gse104556	scUTRquant	scutrquant_mouse1	recall	200.000000	0.639727	tes	35732	4558.000000	4.002441	annotation-based: fixed mm10 UTRome catalog filtered by detection; runtime source: gse104556/scutrquant/run.log; pipeline 11:26 + 1:04:32 STARsolo->CellRanger-tag BAM prep that THIS BENCHMARK imposed (patched kallisto segfaults on raw STARsolo BAMs); runtime is prep-dominated, not pipeline cost; denominator=52513
gse104556	scUTRquant	scutrquant_mouse1	f1	10.000000	0.126883	atlas_full	35732	4558.000000	4.002441	annotation-based: fixed mm10 UTRome catalog filtered by detection; runtime source: gse104556/scutrquant/run.log; pipeline 11:26 + 1:04:32 STARsolo->CellRanger-tag BAM prep that THIS BENCHMARK imposed (patched kallisto segfaults on raw STARsolo BAMs); runtime is prep-dominated, not pipeline cost
gse104556	scUTRquant	scutrquant_mouse1	f1	25.000000	0.157179	atlas_full	35732	4558.000000	4.002441	annotation-based: fixed mm10 UTRome catalog filtered by detection; runtime source: gse104556/scutrquant/run.log; pipeline 11:26 + 1:04:32 STARsolo->CellRanger-tag BAM prep that THIS BENCHMARK imposed (patched kallisto segfaults on raw STARsolo BAMs); runtime is prep-dominated, not pipeline cost
gse104556	scUTRquant	scutrquant_mouse1	f1	50.000000	0.196865	atlas_full	35732	4558.000000	4.002441	annotation-based: fixed mm10 UTRome catalog filtered by detection; runtime source: gse104556/scutrquant/run.log; pipeline 11:26 + 1:04:32 STARsolo->CellRanger-tag BAM prep that THIS BENCHMARK imposed (patched kallisto segfaults on raw STARsolo BAMs); runtime is prep-dominated, not pipeline cost
gse104556	scUTRquant	scutrquant_mouse1	f1	100.000000	0.253125	atlas_full	35732	4558.000000	4.002441	annotation-based: fixed mm10 UTRome catalog filtered by detection; runtime source: gse104556/scutrquant/run.log; pipeline 11:26 + 1:04:32 STARsolo->CellRanger-tag BAM prep that THIS BENCHMARK imposed (patched kallisto segfaults on raw STARsolo BAMs); runtime is prep-dominated, not pipeline cost
gse104556	scUTRquant	scutrquant_mouse1	f1	200.000000	0.316315	atlas_full	35732	4558.000000	4.002441	annotation-based: fixed mm10 UTRome catalog filtered by detection; runtime source: gse104556/scutrquant/run.log; pipeline 11:26 + 1:04:32 STARsolo->CellRanger-tag BAM prep that THIS BENCHMARK imposed (patched kallisto segfaults on raw STARsolo BAMs); runtime is prep-dominated, not pipeline cost
gse104556	scUTRquant	scutrquant_mouse1	f1	10.000000	0.197959	atlas_detected	35732	4558.000000	4.002441	annotation-based: fixed mm10 UTRome catalog filtered by detection; runtime source: gse104556/scutrquant/run.log; pipeline 11:26 + 1:04:32 STARsolo->CellRanger-tag BAM prep that THIS BENCHMARK imposed (patched kallisto segfaults on raw STARsolo BAMs); runtime is prep-dominated, not pipeline cost
gse104556	scUTRquant	scutrquant_mouse1	f1	25.000000	0.238069	atlas_detected	35732	4558.000000	4.002441	annotation-based: fixed mm10 UTRome catalog filtered by detection; runtime source: gse104556/scutrquant/run.log; pipeline 11:26 + 1:04:32 STARsolo->CellRanger-tag BAM prep that THIS BENCHMARK imposed (patched kallisto segfaults on raw STARsolo BAMs); runtime is prep-dominated, not pipeline cost
gse104556	scUTRquant	scutrquant_mouse1	f1	50.000000	0.301917	atlas_detected	35732	4558.000000	4.002441	annotation-based: fixed mm10 UTRome catalog filtered by detection; runtime source: gse104556/scutrquant/run.log; pipeline 11:26 + 1:04:32 STARsolo->CellRanger-tag BAM prep that THIS BENCHMARK imposed (patched kallisto segfaults on raw STARsolo BAMs); runtime is prep-dominated, not pipeline cost
gse104556	scUTRquant	scutrquant_mouse1	f1	100.000000	0.388763	atlas_detected	35732	4558.000000	4.002441	annotation-based: fixed mm10 UTRome catalog filtered by detection; runtime source: gse104556/scutrquant/run.log; pipeline 11:26 + 1:04:32 STARsolo->CellRanger-tag BAM prep that THIS BENCHMARK imposed (patched kallisto segfaults on raw STARsolo BAMs); runtime is prep-dominated, not pipeline cost
gse104556	scUTRquant	scutrquant_mouse1	f1	200.000000	0.482672	atlas_detected	35732	4558.000000	4.002441	annotation-based: fixed mm10 UTRome catalog filtered by detection; runtime source: gse104556/scutrquant/run.log; pipeline 11:26 + 1:04:32 STARsolo->CellRanger-tag BAM prep that THIS BENCHMARK imposed (patched kallisto segfaults on raw STARsolo BAMs); runtime is prep-dominated, not pipeline cost
gse104556	scUTRquant	scutrquant_mouse1	precision_null	10.000000	0.001632	atlas_full	35732	4558.000000	4.002441	annotation-based: fixed mm10 UTRome catalog filtered by detection; runtime source: gse104556/scutrquant/run.log; pipeline 11:26 + 1:04:32 STARsolo->CellRanger-tag BAM prep that THIS BENCHMARK imposed (patched kallisto segfaults on raw STARsolo BAMs); runtime is prep-dominated, not pipeline cost; mean of 3 genic-shuffle seeds (min 0.0012, max 0.0018)
gse104556	scUTRquant	scutrquant_mouse1	precision_null	25.000000	0.004217	atlas_full	35732	4558.000000	4.002441	annotation-based: fixed mm10 UTRome catalog filtered by detection; runtime source: gse104556/scutrquant/run.log; pipeline 11:26 + 1:04:32 STARsolo->CellRanger-tag BAM prep that THIS BENCHMARK imposed (patched kallisto segfaults on raw STARsolo BAMs); runtime is prep-dominated, not pipeline cost; mean of 3 genic-shuffle seeds (min 0.0040, max 0.0044)
gse104556	scUTRquant	scutrquant_mouse1	precision_null	50.000000	0.007864	atlas_full	35732	4558.000000	4.002441	annotation-based: fixed mm10 UTRome catalog filtered by detection; runtime source: gse104556/scutrquant/run.log; pipeline 11:26 + 1:04:32 STARsolo->CellRanger-tag BAM prep that THIS BENCHMARK imposed (patched kallisto segfaults on raw STARsolo BAMs); runtime is prep-dominated, not pipeline cost; mean of 3 genic-shuffle seeds (min 0.0073, max 0.0086)
gse104556	scUTRquant	scutrquant_mouse1	precision_null	100.000000	0.013778	atlas_full	35732	4558.000000	4.002441	annotation-based: fixed mm10 UTRome catalog filtered by detection; runtime source: gse104556/scutrquant/run.log; pipeline 11:26 + 1:04:32 STARsolo->CellRanger-tag BAM prep that THIS BENCHMARK imposed (patched kallisto segfaults on raw STARsolo BAMs); runtime is prep-dominated, not pipeline cost; mean of 3 genic-shuffle seeds (min 0.0133, max 0.0147)
gse104556	scUTRquant	scutrquant_mouse1	precision_null	200.000000	0.025682	atlas_full	35732	4558.000000	4.002441	annotation-based: fixed mm10 UTRome catalog filtered by detection; runtime source: gse104556/scutrquant/run.log; pipeline 11:26 + 1:04:32 STARsolo->CellRanger-tag BAM prep that THIS BENCHMARK imposed (patched kallisto segfaults on raw STARsolo BAMs); runtime is prep-dominated, not pipeline cost; mean of 3 genic-shuffle seeds (min 0.0247, max 0.0270)
gse104556	scUTRquant	scutrquant_mouse1	replicate			mouse1	35732	4558.000000	4.002441	PRIMARY arm; annotation-based: fixed mm10 UTRome catalog filtered by detection; runtime source: gse104556/scutrquant/run.log; pipeline 11:26 + 1:04:32 STARsolo->CellRanger-tag BAM prep that THIS BENCHMARK imposed (patched kallisto segfaults on raw STARsolo BAMs); runtime is prep-dominated, not pipeline cost
gse104556	scUTRquant	scutrquant_mouse2	precision	10.000000	0.598354	atlas_full	35845	3830.260000	4.003296	annotation-based: fixed mm10 UTRome catalog filtered by detection; runtime source: gse104556/scutrquant/run.log; pipeline 10:15.97 + 53:34.29 STARsolo->CellRanger-tag BAM prep imposed by this benchmark; prep-dominated
gse104556	scUTRquant	scutrquant_mouse2	precision	25.000000	0.724090	atlas_full	35845	3830.260000	4.003296	annotation-based: fixed mm10 UTRome catalog filtered by detection; runtime source: gse104556/scutrquant/run.log; pipeline 10:15.97 + 53:34.29 STARsolo->CellRanger-tag BAM prep imposed by this benchmark; prep-dominated
gse104556	scUTRquant	scutrquant_mouse2	precision	50.000000	0.757874	atlas_full	35845	3830.260000	4.003296	annotation-based: fixed mm10 UTRome catalog filtered by detection; runtime source: gse104556/scutrquant/run.log; pipeline 10:15.97 + 53:34.29 STARsolo->CellRanger-tag BAM prep imposed by this benchmark; prep-dominated
gse104556	scUTRquant	scutrquant_mouse2	precision	100.000000	0.783708	atlas_full	35845	3830.260000	4.003296	annotation-based: fixed mm10 UTRome catalog filtered by detection; runtime source: gse104556/scutrquant/run.log; pipeline 10:15.97 + 53:34.29 STARsolo->CellRanger-tag BAM prep imposed by this benchmark; prep-dominated
gse104556	scUTRquant	scutrquant_mouse2	precision	200.000000	0.814479	atlas_full	35845	3830.260000	4.003296	annotation-based: fixed mm10 UTRome catalog filtered by detection; runtime source: gse104556/scutrquant/run.log; pipeline 10:15.97 + 53:34.29 STARsolo->CellRanger-tag BAM prep imposed by this benchmark; prep-dominated
gse104556	scUTRquant	scutrquant_mouse2	precision	10.000000	0.693876	tes	35845	3830.260000	4.003296	annotation-based: fixed mm10 UTRome catalog filtered by detection; runtime source: gse104556/scutrquant/run.log; pipeline 10:15.97 + 53:34.29 STARsolo->CellRanger-tag BAM prep imposed by this benchmark; prep-dominated
gse104556	scUTRquant	scutrquant_mouse2	precision	25.000000	0.695467	tes	35845	3830.260000	4.003296	annotation-based: fixed mm10 UTRome catalog filtered by detection; runtime source: gse104556/scutrquant/run.log; pipeline 10:15.97 + 53:34.29 STARsolo->CellRanger-tag BAM prep imposed by this benchmark; prep-dominated
gse104556	scUTRquant	scutrquant_mouse2	precision	50.000000	0.701995	tes	35845	3830.260000	4.003296	annotation-based: fixed mm10 UTRome catalog filtered by detection; runtime source: gse104556/scutrquant/run.log; pipeline 10:15.97 + 53:34.29 STARsolo->CellRanger-tag BAM prep imposed by this benchmark; prep-dominated
gse104556	scUTRquant	scutrquant_mouse2	precision	100.000000	0.712484	tes	35845	3830.260000	4.003296	annotation-based: fixed mm10 UTRome catalog filtered by detection; runtime source: gse104556/scutrquant/run.log; pipeline 10:15.97 + 53:34.29 STARsolo->CellRanger-tag BAM prep imposed by this benchmark; prep-dominated
gse104556	scUTRquant	scutrquant_mouse2	precision	200.000000	0.727019	tes	35845	3830.260000	4.003296	annotation-based: fixed mm10 UTRome catalog filtered by detection; runtime source: gse104556/scutrquant/run.log; pipeline 10:15.97 + 53:34.29 STARsolo->CellRanger-tag BAM prep imposed by this benchmark; prep-dominated
gse104556	scUTRquant	scutrquant_mouse2	recall	10.000000	0.071241	atlas_full	35845	3830.260000	4.003296	annotation-based: fixed mm10 UTRome catalog filtered by detection; runtime source: gse104556/scutrquant/run.log; pipeline 10:15.97 + 53:34.29 STARsolo->CellRanger-tag BAM prep imposed by this benchmark; prep-dominated; denominator=301006
gse104556	scUTRquant	scutrquant_mouse2	recall	25.000000	0.088523	atlas_full	35845	3830.260000	4.003296	annotation-based: fixed mm10 UTRome catalog filtered by detection; runtime source: gse104556/scutrquant/run.log; pipeline 10:15.97 + 53:34.29 STARsolo->CellRanger-tag BAM prep imposed by this benchmark; prep-dominated; denominator=301006
gse104556	scUTRquant	scutrquant_mouse2	recall	50.000000	0.113606	atlas_full	35845	3830.260000	4.003296	annotation-based: fixed mm10 UTRome catalog filtered by detection; runtime source: gse104556/scutrquant/run.log; pipeline 10:15.97 + 53:34.29 STARsolo->CellRanger-tag BAM prep imposed by this benchmark; prep-dominated; denominator=301006
gse104556	scUTRquant	scutrquant_mouse2	recall	100.000000	0.151635	atlas_full	35845	3830.260000	4.003296	annotation-based: fixed mm10 UTRome catalog filtered by detection; runtime source: gse104556/scutrquant/run.log; pipeline 10:15.97 + 53:34.29 STARsolo->CellRanger-tag BAM prep imposed by this benchmark; prep-dominated; denominator=301006
gse104556	scUTRquant	scutrquant_mouse2	recall	200.000000	0.197152	atlas_full	35845	3830.260000	4.003296	annotation-based: fixed mm10 UTRome catalog filtered by detection; runtime source: gse104556/scutrquant/run.log; pipeline 10:15.97 + 53:34.29 STARsolo->CellRanger-tag BAM prep imposed by this benchmark; prep-dominated; denominator=301006
gse104556	scUTRquant	scutrquant_mouse2	recall	10.000000	0.118608	atlas_detected	35845	3830.260000	4.003296	annotation-based: fixed mm10 UTRome catalog filtered by detection; runtime source: gse104556/scutrquant/run.log; pipeline 10:15.97 + 53:34.29 STARsolo->CellRanger-tag BAM prep imposed by this benchmark; prep-dominated; denominator=126686
gse104556	scUTRquant	scutrquant_mouse2	recall	25.000000	0.142431	atlas_detected	35845	3830.260000	4.003296	annotation-based: fixed mm10 UTRome catalog filtered by detection; runtime source: gse104556/scutrquant/run.log; pipeline 10:15.97 + 53:34.29 STARsolo->CellRanger-tag BAM prep imposed by this benchmark; prep-dominated; denominator=126686
gse104556	scUTRquant	scutrquant_mouse2	recall	50.000000	0.188592	atlas_detected	35845	3830.260000	4.003296	annotation-based: fixed mm10 UTRome catalog filtered by detection; runtime source: gse104556/scutrquant/run.log; pipeline 10:15.97 + 53:34.29 STARsolo->CellRanger-tag BAM prep imposed by this benchmark; prep-dominated; denominator=126686
gse104556	scUTRquant	scutrquant_mouse2	recall	100.000000	0.258884	atlas_detected	35845	3830.260000	4.003296	annotation-based: fixed mm10 UTRome catalog filtered by detection; runtime source: gse104556/scutrquant/run.log; pipeline 10:15.97 + 53:34.29 STARsolo->CellRanger-tag BAM prep imposed by this benchmark; prep-dominated; denominator=126686
gse104556	scUTRquant	scutrquant_mouse2	recall	200.000000	0.343669	atlas_detected	35845	3830.260000	4.003296	annotation-based: fixed mm10 UTRome catalog filtered by detection; runtime source: gse104556/scutrquant/run.log; pipeline 10:15.97 + 53:34.29 STARsolo->CellRanger-tag BAM prep imposed by this benchmark; prep-dominated; denominator=126686
gse104556	scUTRquant	scutrquant_mouse2	recall	10.000000	0.548150	tes	35845	3830.260000	4.003296	annotation-based: fixed mm10 UTRome catalog filtered by detection; runtime source: gse104556/scutrquant/run.log; pipeline 10:15.97 + 53:34.29 STARsolo->CellRanger-tag BAM prep imposed by this benchmark; prep-dominated; denominator=52513
gse104556	scUTRquant	scutrquant_mouse2	recall	25.000000	0.566222	tes	35845	3830.260000	4.003296	annotation-based: fixed mm10 UTRome catalog filtered by detection; runtime source: gse104556/scutrquant/run.log; pipeline 10:15.97 + 53:34.29 STARsolo->CellRanger-tag BAM prep imposed by this benchmark; prep-dominated; denominator=52513
gse104556	scUTRquant	scutrquant_mouse2	recall	50.000000	0.581818	tes	35845	3830.260000	4.003296	annotation-based: fixed mm10 UTRome catalog filtered by detection; runtime source: gse104556/scutrquant/run.log; pipeline 10:15.97 + 53:34.29 STARsolo->CellRanger-tag BAM prep imposed by this benchmark; prep-dominated; denominator=52513
gse104556	scUTRquant	scutrquant_mouse2	recall	100.000000	0.604231	tes	35845	3830.260000	4.003296	annotation-based: fixed mm10 UTRome catalog filtered by detection; runtime source: gse104556/scutrquant/run.log; pipeline 10:15.97 + 53:34.29 STARsolo->CellRanger-tag BAM prep imposed by this benchmark; prep-dominated; denominator=52513
gse104556	scUTRquant	scutrquant_mouse2	recall	200.000000	0.640718	tes	35845	3830.260000	4.003296	annotation-based: fixed mm10 UTRome catalog filtered by detection; runtime source: gse104556/scutrquant/run.log; pipeline 10:15.97 + 53:34.29 STARsolo->CellRanger-tag BAM prep imposed by this benchmark; prep-dominated; denominator=52513
gse104556	scUTRquant	scutrquant_mouse2	f1	10.000000	0.127323	atlas_full	35845	3830.260000	4.003296	annotation-based: fixed mm10 UTRome catalog filtered by detection; runtime source: gse104556/scutrquant/run.log; pipeline 10:15.97 + 53:34.29 STARsolo->CellRanger-tag BAM prep imposed by this benchmark; prep-dominated
gse104556	scUTRquant	scutrquant_mouse2	f1	25.000000	0.157760	atlas_full	35845	3830.260000	4.003296	annotation-based: fixed mm10 UTRome catalog filtered by detection; runtime source: gse104556/scutrquant/run.log; pipeline 10:15.97 + 53:34.29 STARsolo->CellRanger-tag BAM prep imposed by this benchmark; prep-dominated
gse104556	scUTRquant	scutrquant_mouse2	f1	50.000000	0.197592	atlas_full	35845	3830.260000	4.003296	annotation-based: fixed mm10 UTRome catalog filtered by detection; runtime source: gse104556/scutrquant/run.log; pipeline 10:15.97 + 53:34.29 STARsolo->CellRanger-tag BAM prep imposed by this benchmark; prep-dominated
gse104556	scUTRquant	scutrquant_mouse2	f1	100.000000	0.254105	atlas_full	35845	3830.260000	4.003296	annotation-based: fixed mm10 UTRome catalog filtered by detection; runtime source: gse104556/scutrquant/run.log; pipeline 10:15.97 + 53:34.29 STARsolo->CellRanger-tag BAM prep imposed by this benchmark; prep-dominated
gse104556	scUTRquant	scutrquant_mouse2	f1	200.000000	0.317460	atlas_full	35845	3830.260000	4.003296	annotation-based: fixed mm10 UTRome catalog filtered by detection; runtime source: gse104556/scutrquant/run.log; pipeline 10:15.97 + 53:34.29 STARsolo->CellRanger-tag BAM prep imposed by this benchmark; prep-dominated
gse104556	scUTRquant	scutrquant_mouse2	f1	10.000000	0.197973	atlas_detected	35845	3830.260000	4.003296	annotation-based: fixed mm10 UTRome catalog filtered by detection; runtime source: gse104556/scutrquant/run.log; pipeline 10:15.97 + 53:34.29 STARsolo->CellRanger-tag BAM prep imposed by this benchmark; prep-dominated
gse104556	scUTRquant	scutrquant_mouse2	f1	25.000000	0.238039	atlas_detected	35845	3830.260000	4.003296	annotation-based: fixed mm10 UTRome catalog filtered by detection; runtime source: gse104556/scutrquant/run.log; pipeline 10:15.97 + 53:34.29 STARsolo->CellRanger-tag BAM prep imposed by this benchmark; prep-dominated
gse104556	scUTRquant	scutrquant_mouse2	f1	50.000000	0.302027	atlas_detected	35845	3830.260000	4.003296	annotation-based: fixed mm10 UTRome catalog filtered by detection; runtime source: gse104556/scutrquant/run.log; pipeline 10:15.97 + 53:34.29 STARsolo->CellRanger-tag BAM prep imposed by this benchmark; prep-dominated
gse104556	scUTRquant	scutrquant_mouse2	f1	100.000000	0.389202	atlas_detected	35845	3830.260000	4.003296	annotation-based: fixed mm10 UTRome catalog filtered by detection; runtime source: gse104556/scutrquant/run.log; pipeline 10:15.97 + 53:34.29 STARsolo->CellRanger-tag BAM prep imposed by this benchmark; prep-dominated
gse104556	scUTRquant	scutrquant_mouse2	f1	200.000000	0.483377	atlas_detected	35845	3830.260000	4.003296	annotation-based: fixed mm10 UTRome catalog filtered by detection; runtime source: gse104556/scutrquant/run.log; pipeline 10:15.97 + 53:34.29 STARsolo->CellRanger-tag BAM prep imposed by this benchmark; prep-dominated
gse104556	scUTRquant	scutrquant_mouse2	precision_null	10.000000	0.001795	atlas_full	35845	3830.260000	4.003296	annotation-based: fixed mm10 UTRome catalog filtered by detection; runtime source: gse104556/scutrquant/run.log; pipeline 10:15.97 + 53:34.29 STARsolo->CellRanger-tag BAM prep imposed by this benchmark; prep-dominated; mean of 3 genic-shuffle seeds (min 0.0015, max 0.0021)
gse104556	scUTRquant	scutrquant_mouse2	precision_null	25.000000	0.004222	atlas_full	35845	3830.260000	4.003296	annotation-based: fixed mm10 UTRome catalog filtered by detection; runtime source: gse104556/scutrquant/run.log; pipeline 10:15.97 + 53:34.29 STARsolo->CellRanger-tag BAM prep imposed by this benchmark; prep-dominated; mean of 3 genic-shuffle seeds (min 0.0041, max 0.0045)
gse104556	scUTRquant	scutrquant_mouse2	precision_null	50.000000	0.008034	atlas_full	35845	3830.260000	4.003296	annotation-based: fixed mm10 UTRome catalog filtered by detection; runtime source: gse104556/scutrquant/run.log; pipeline 10:15.97 + 53:34.29 STARsolo->CellRanger-tag BAM prep imposed by this benchmark; prep-dominated; mean of 3 genic-shuffle seeds (min 0.0076, max 0.0085)
gse104556	scUTRquant	scutrquant_mouse2	precision_null	100.000000	0.014228	atlas_full	35845	3830.260000	4.003296	annotation-based: fixed mm10 UTRome catalog filtered by detection; runtime source: gse104556/scutrquant/run.log; pipeline 10:15.97 + 53:34.29 STARsolo->CellRanger-tag BAM prep imposed by this benchmark; prep-dominated; mean of 3 genic-shuffle seeds (min 0.0139, max 0.0149)
gse104556	scUTRquant	scutrquant_mouse2	precision_null	200.000000	0.025899	atlas_full	35845	3830.260000	4.003296	annotation-based: fixed mm10 UTRome catalog filtered by detection; runtime source: gse104556/scutrquant/run.log; pipeline 10:15.97 + 53:34.29 STARsolo->CellRanger-tag BAM prep imposed by this benchmark; prep-dominated; mean of 3 genic-shuffle seeds (min 0.0250, max 0.0271)
gse104556	scUTRquant	scutrquant_mouse2	replicate			mouse2	35845	3830.260000	4.003296	PRIMARY arm; annotation-based: fixed mm10 UTRome catalog filtered by detection; runtime source: gse104556/scutrquant/run.log; pipeline 10:15.97 + 53:34.29 STARsolo->CellRanger-tag BAM prep imposed by this benchmark; prep-dominated
gse104556	Sierra	sierra_mouse1	precision	10.000000	0.211929	atlas_full	22550	4768.810000	4.388802	runtime source: gse104556/sierra/mouse1/{run,junctions}.log; regtools junctions extract 6:40.81 + FindPeaks/CountPeaks 1:12:48
gse104556	Sierra	sierra_mouse1	precision	25.000000	0.289667	atlas_full	22550	4768.810000	4.388802	runtime source: gse104556/sierra/mouse1/{run,junctions}.log; regtools junctions extract 6:40.81 + FindPeaks/CountPeaks 1:12:48
gse104556	Sierra	sierra_mouse1	precision	50.000000	0.355211	atlas_full	22550	4768.810000	4.388802	runtime source: gse104556/sierra/mouse1/{run,junctions}.log; regtools junctions extract 6:40.81 + FindPeaks/CountPeaks 1:12:48
gse104556	Sierra	sierra_mouse1	precision	100.000000	0.508736	atlas_full	22550	4768.810000	4.388802	runtime source: gse104556/sierra/mouse1/{run,junctions}.log; regtools junctions extract 6:40.81 + FindPeaks/CountPeaks 1:12:48
gse104556	Sierra	sierra_mouse1	precision	200.000000	0.610953	atlas_full	22550	4768.810000	4.388802	runtime source: gse104556/sierra/mouse1/{run,junctions}.log; regtools junctions extract 6:40.81 + FindPeaks/CountPeaks 1:12:48
gse104556	Sierra	sierra_mouse1	precision	10.000000	0.202483	tes	22550	4768.810000	4.388802	runtime source: gse104556/sierra/mouse1/{run,junctions}.log; regtools junctions extract 6:40.81 + FindPeaks/CountPeaks 1:12:48
gse104556	Sierra	sierra_mouse1	precision	25.000000	0.213880	tes	22550	4768.810000	4.388802	runtime source: gse104556/sierra/mouse1/{run,junctions}.log; regtools junctions extract 6:40.81 + FindPeaks/CountPeaks 1:12:48
gse104556	Sierra	sierra_mouse1	precision	50.000000	0.230022	tes	22550	4768.810000	4.388802	runtime source: gse104556/sierra/mouse1/{run,junctions}.log; regtools junctions extract 6:40.81 + FindPeaks/CountPeaks 1:12:48
gse104556	Sierra	sierra_mouse1	precision	100.000000	0.292683	tes	22550	4768.810000	4.388802	runtime source: gse104556/sierra/mouse1/{run,junctions}.log; regtools junctions extract 6:40.81 + FindPeaks/CountPeaks 1:12:48
gse104556	Sierra	sierra_mouse1	precision	200.000000	0.338714	tes	22550	4768.810000	4.388802	runtime source: gse104556/sierra/mouse1/{run,junctions}.log; regtools junctions extract 6:40.81 + FindPeaks/CountPeaks 1:12:48
gse104556	Sierra	sierra_mouse1	recall	10.000000	0.015827	atlas_full	22550	4768.810000	4.388802	runtime source: gse104556/sierra/mouse1/{run,junctions}.log; regtools junctions extract 6:40.81 + FindPeaks/CountPeaks 1:12:48; denominator=301006
gse104556	Sierra	sierra_mouse1	recall	25.000000	0.022235	atlas_full	22550	4768.810000	4.388802	runtime source: gse104556/sierra/mouse1/{run,junctions}.log; regtools junctions extract 6:40.81 + FindPeaks/CountPeaks 1:12:48; denominator=301006
gse104556	Sierra	sierra_mouse1	recall	50.000000	0.032790	atlas_full	22550	4768.810000	4.388802	runtime source: gse104556/sierra/mouse1/{run,junctions}.log; regtools junctions extract 6:40.81 + FindPeaks/CountPeaks 1:12:48; denominator=301006
gse104556	Sierra	sierra_mouse1	recall	100.000000	0.056746	atlas_full	22550	4768.810000	4.388802	runtime source: gse104556/sierra/mouse1/{run,junctions}.log; regtools junctions extract 6:40.81 + FindPeaks/CountPeaks 1:12:48; denominator=301006
gse104556	Sierra	sierra_mouse1	recall	200.000000	0.087938	atlas_full	22550	4768.810000	4.388802	runtime source: gse104556/sierra/mouse1/{run,junctions}.log; regtools junctions extract 6:40.81 + FindPeaks/CountPeaks 1:12:48; denominator=301006
gse104556	Sierra	sierra_mouse1	recall	10.000000	0.027383	atlas_detected	22550	4768.810000	4.388802	runtime source: gse104556/sierra/mouse1/{run,junctions}.log; regtools junctions extract 6:40.81 + FindPeaks/CountPeaks 1:12:48; denominator=126686
gse104556	Sierra	sierra_mouse1	recall	25.000000	0.037502	atlas_detected	22550	4768.810000	4.388802	runtime source: gse104556/sierra/mouse1/{run,junctions}.log; regtools junctions extract 6:40.81 + FindPeaks/CountPeaks 1:12:48; denominator=126686
gse104556	Sierra	sierra_mouse1	recall	50.000000	0.058381	atlas_detected	22550	4768.810000	4.388802	runtime source: gse104556/sierra/mouse1/{run,junctions}.log; regtools junctions extract 6:40.81 + FindPeaks/CountPeaks 1:12:48; denominator=126686
gse104556	Sierra	sierra_mouse1	recall	100.000000	0.107052	atlas_detected	22550	4768.810000	4.388802	runtime source: gse104556/sierra/mouse1/{run,junctions}.log; regtools junctions extract 6:40.81 + FindPeaks/CountPeaks 1:12:48; denominator=126686
gse104556	Sierra	sierra_mouse1	recall	200.000000	0.170658	atlas_detected	22550	4768.810000	4.388802	runtime source: gse104556/sierra/mouse1/{run,junctions}.log; regtools junctions extract 6:40.81 + FindPeaks/CountPeaks 1:12:48; denominator=126686
gse104556	Sierra	sierra_mouse1	recall	10.000000	0.112277	tes	22550	4768.810000	4.388802	runtime source: gse104556/sierra/mouse1/{run,junctions}.log; regtools junctions extract 6:40.81 + FindPeaks/CountPeaks 1:12:48; denominator=52513
gse104556	Sierra	sierra_mouse1	recall	25.000000	0.123074	tes	22550	4768.810000	4.388802	runtime source: gse104556/sierra/mouse1/{run,junctions}.log; regtools junctions extract 6:40.81 + FindPeaks/CountPeaks 1:12:48; denominator=52513
gse104556	Sierra	sierra_mouse1	recall	50.000000	0.133338	tes	22550	4768.810000	4.388802	runtime source: gse104556/sierra/mouse1/{run,junctions}.log; regtools junctions extract 6:40.81 + FindPeaks/CountPeaks 1:12:48; denominator=52513
gse104556	Sierra	sierra_mouse1	recall	100.000000	0.169634	tes	22550	4768.810000	4.388802	runtime source: gse104556/sierra/mouse1/{run,junctions}.log; regtools junctions extract 6:40.81 + FindPeaks/CountPeaks 1:12:48; denominator=52513
gse104556	Sierra	sierra_mouse1	recall	200.000000	0.205302	tes	22550	4768.810000	4.388802	runtime source: gse104556/sierra/mouse1/{run,junctions}.log; regtools junctions extract 6:40.81 + FindPeaks/CountPeaks 1:12:48; denominator=52513
gse104556	Sierra	sierra_mouse1	f1	10.000000	0.029454	atlas_full	22550	4768.810000	4.388802	runtime source: gse104556/sierra/mouse1/{run,junctions}.log; regtools junctions extract 6:40.81 + FindPeaks/CountPeaks 1:12:48
gse104556	Sierra	sierra_mouse1	f1	25.000000	0.041301	atlas_full	22550	4768.810000	4.388802	runtime source: gse104556/sierra/mouse1/{run,junctions}.log; regtools junctions extract 6:40.81 + FindPeaks/CountPeaks 1:12:48
gse104556	Sierra	sierra_mouse1	f1	50.000000	0.060038	atlas_full	22550	4768.810000	4.388802	runtime source: gse104556/sierra/mouse1/{run,junctions}.log; regtools junctions extract 6:40.81 + FindPeaks/CountPeaks 1:12:48
gse104556	Sierra	sierra_mouse1	f1	100.000000	0.102104	atlas_full	22550	4768.810000	4.388802	runtime source: gse104556/sierra/mouse1/{run,junctions}.log; regtools junctions extract 6:40.81 + FindPeaks/CountPeaks 1:12:48
gse104556	Sierra	sierra_mouse1	f1	200.000000	0.153747	atlas_full	22550	4768.810000	4.388802	runtime source: gse104556/sierra/mouse1/{run,junctions}.log; regtools junctions extract 6:40.81 + FindPeaks/CountPeaks 1:12:48
gse104556	Sierra	sierra_mouse1	f1	10.000000	0.048499	atlas_detected	22550	4768.810000	4.388802	runtime source: gse104556/sierra/mouse1/{run,junctions}.log; regtools junctions extract 6:40.81 + FindPeaks/CountPeaks 1:12:48
gse104556	Sierra	sierra_mouse1	f1	25.000000	0.066407	atlas_detected	22550	4768.810000	4.388802	runtime source: gse104556/sierra/mouse1/{run,junctions}.log; regtools junctions extract 6:40.81 + FindPeaks/CountPeaks 1:12:48
gse104556	Sierra	sierra_mouse1	f1	50.000000	0.100280	atlas_detected	22550	4768.810000	4.388802	runtime source: gse104556/sierra/mouse1/{run,junctions}.log; regtools junctions extract 6:40.81 + FindPeaks/CountPeaks 1:12:48
gse104556	Sierra	sierra_mouse1	f1	100.000000	0.176883	atlas_detected	22550	4768.810000	4.388802	runtime source: gse104556/sierra/mouse1/{run,junctions}.log; regtools junctions extract 6:40.81 + FindPeaks/CountPeaks 1:12:48
gse104556	Sierra	sierra_mouse1	f1	200.000000	0.266793	atlas_detected	22550	4768.810000	4.388802	runtime source: gse104556/sierra/mouse1/{run,junctions}.log; regtools junctions extract 6:40.81 + FindPeaks/CountPeaks 1:12:48
gse104556	Sierra	sierra_mouse1	precision_null	10.000000	0.001774	atlas_full	22550	4768.810000	4.388802	runtime source: gse104556/sierra/mouse1/{run,junctions}.log; regtools junctions extract 6:40.81 + FindPeaks/CountPeaks 1:12:48; mean of 3 genic-shuffle seeds (min 0.0015, max 0.0019)
gse104556	Sierra	sierra_mouse1	precision_null	25.000000	0.004287	atlas_full	22550	4768.810000	4.388802	runtime source: gse104556/sierra/mouse1/{run,junctions}.log; regtools junctions extract 6:40.81 + FindPeaks/CountPeaks 1:12:48; mean of 3 genic-shuffle seeds (min 0.0040, max 0.0046)
gse104556	Sierra	sierra_mouse1	precision_null	50.000000	0.008130	atlas_full	22550	4768.810000	4.388802	runtime source: gse104556/sierra/mouse1/{run,junctions}.log; regtools junctions extract 6:40.81 + FindPeaks/CountPeaks 1:12:48; mean of 3 genic-shuffle seeds (min 0.0078, max 0.0084)
gse104556	Sierra	sierra_mouse1	precision_null	100.000000	0.014412	atlas_full	22550	4768.810000	4.388802	runtime source: gse104556/sierra/mouse1/{run,junctions}.log; regtools junctions extract 6:40.81 + FindPeaks/CountPeaks 1:12:48; mean of 3 genic-shuffle seeds (min 0.0137, max 0.0154)
gse104556	Sierra	sierra_mouse1	precision_null	200.000000	0.025794	atlas_full	22550	4768.810000	4.388802	runtime source: gse104556/sierra/mouse1/{run,junctions}.log; regtools junctions extract 6:40.81 + FindPeaks/CountPeaks 1:12:48; mean of 3 genic-shuffle seeds (min 0.0250, max 0.0271)
gse104556	Sierra	sierra_mouse1	replicate			mouse1	22550	4768.810000	4.388802	PRIMARY arm; runtime source: gse104556/sierra/mouse1/{run,junctions}.log; regtools junctions extract 6:40.81 + FindPeaks/CountPeaks 1:12:48
gse104556	Sierra	sierra_mouse2	precision	10.000000	0.226060	atlas_full	21335	3791.770000	4.358234	runtime source: gse104556/sierra/mouse2/{run,junctions}.log; regtools junctions extract 5:21.94 + FindPeaks/CountPeaks 57:49.83
gse104556	Sierra	sierra_mouse2	precision	25.000000	0.313007	atlas_full	21335	3791.770000	4.358234	runtime source: gse104556/sierra/mouse2/{run,junctions}.log; regtools junctions extract 5:21.94 + FindPeaks/CountPeaks 57:49.83
gse104556	Sierra	sierra_mouse2	precision	50.000000	0.396485	atlas_full	21335	3791.770000	4.358234	runtime source: gse104556/sierra/mouse2/{run,junctions}.log; regtools junctions extract 5:21.94 + FindPeaks/CountPeaks 57:49.83
gse104556	Sierra	sierra_mouse2	precision	100.000000	0.581064	atlas_full	21335	3791.770000	4.358234	runtime source: gse104556/sierra/mouse2/{run,junctions}.log; regtools junctions extract 5:21.94 + FindPeaks/CountPeaks 57:49.83
gse104556	Sierra	sierra_mouse2	precision	200.000000	0.651840	atlas_full	21335	3791.770000	4.358234	runtime source: gse104556/sierra/mouse2/{run,junctions}.log; regtools junctions extract 5:21.94 + FindPeaks/CountPeaks 57:49.83
gse104556	Sierra	sierra_mouse2	precision	10.000000	0.215655	tes	21335	3791.770000	4.358234	runtime source: gse104556/sierra/mouse2/{run,junctions}.log; regtools junctions extract 5:21.94 + FindPeaks/CountPeaks 57:49.83
gse104556	Sierra	sierra_mouse2	precision	25.000000	0.227232	tes	21335	3791.770000	4.358234	runtime source: gse104556/sierra/mouse2/{run,junctions}.log; regtools junctions extract 5:21.94 + FindPeaks/CountPeaks 57:49.83
gse104556	Sierra	sierra_mouse2	precision	50.000000	0.250762	tes	21335	3791.770000	4.358234	runtime source: gse104556/sierra/mouse2/{run,junctions}.log; regtools junctions extract 5:21.94 + FindPeaks/CountPeaks 57:49.83
gse104556	Sierra	sierra_mouse2	precision	100.000000	0.326318	tes	21335	3791.770000	4.358234	runtime source: gse104556/sierra/mouse2/{run,junctions}.log; regtools junctions extract 5:21.94 + FindPeaks/CountPeaks 57:49.83
gse104556	Sierra	sierra_mouse2	precision	200.000000	0.360206	tes	21335	3791.770000	4.358234	runtime source: gse104556/sierra/mouse2/{run,junctions}.log; regtools junctions extract 5:21.94 + FindPeaks/CountPeaks 57:49.83
gse104556	Sierra	sierra_mouse2	recall	10.000000	0.015953	atlas_full	21335	3791.770000	4.358234	runtime source: gse104556/sierra/mouse2/{run,junctions}.log; regtools junctions extract 5:21.94 + FindPeaks/CountPeaks 57:49.83; denominator=301006
gse104556	Sierra	sierra_mouse2	recall	25.000000	0.022711	atlas_full	21335	3791.770000	4.358234	runtime source: gse104556/sierra/mouse2/{run,junctions}.log; regtools junctions extract 5:21.94 + FindPeaks/CountPeaks 57:49.83; denominator=301006
gse104556	Sierra	sierra_mouse2	recall	50.000000	0.034521	atlas_full	21335	3791.770000	4.358234	runtime source: gse104556/sierra/mouse2/{run,junctions}.log; regtools junctions extract 5:21.94 + FindPeaks/CountPeaks 57:49.83; denominator=301006
gse104556	Sierra	sierra_mouse2	recall	100.000000	0.061703	atlas_full	21335	3791.770000	4.358234	runtime source: gse104556/sierra/mouse2/{run,junctions}.log; regtools junctions extract 5:21.94 + FindPeaks/CountPeaks 57:49.83; denominator=301006
gse104556	Sierra	sierra_mouse2	recall	200.000000	0.090241	atlas_full	21335	3791.770000	4.358234	runtime source: gse104556/sierra/mouse2/{run,junctions}.log; regtools junctions extract 5:21.94 + FindPeaks/CountPeaks 57:49.83; denominator=301006
gse104556	Sierra	sierra_mouse2	recall	10.000000	0.027304	atlas_detected	21335	3791.770000	4.358234	runtime source: gse104556/sierra/mouse2/{run,junctions}.log; regtools junctions extract 5:21.94 + FindPeaks/CountPeaks 57:49.83; denominator=126686
gse104556	Sierra	sierra_mouse2	recall	25.000000	0.038260	atlas_detected	21335	3791.770000	4.358234	runtime source: gse104556/sierra/mouse2/{run,junctions}.log; regtools junctions extract 5:21.94 + FindPeaks/CountPeaks 57:49.83; denominator=126686
gse104556	Sierra	sierra_mouse2	recall	50.000000	0.062091	atlas_detected	21335	3791.770000	4.358234	runtime source: gse104556/sierra/mouse2/{run,junctions}.log; regtools junctions extract 5:21.94 + FindPeaks/CountPeaks 57:49.83; denominator=126686
gse104556	Sierra	sierra_mouse2	recall	100.000000	0.117298	atlas_detected	21335	3791.770000	4.358234	runtime source: gse104556/sierra/mouse2/{run,junctions}.log; regtools junctions extract 5:21.94 + FindPeaks/CountPeaks 57:49.83; denominator=126686
gse104556	Sierra	sierra_mouse2	recall	200.000000	0.175150	atlas_detected	21335	3791.770000	4.358234	runtime source: gse104556/sierra/mouse2/{run,junctions}.log; regtools junctions extract 5:21.94 + FindPeaks/CountPeaks 57:49.83; denominator=126686
gse104556	Sierra	sierra_mouse2	recall	10.000000	0.113058	tes	21335	3791.770000	4.358234	runtime source: gse104556/sierra/mouse2/{run,junctions}.log; regtools junctions extract 5:21.94 + FindPeaks/CountPeaks 57:49.83; denominator=52513
gse104556	Sierra	sierra_mouse2	recall	25.000000	0.123684	tes	21335	3791.770000	4.358234	runtime source: gse104556/sierra/mouse2/{run,junctions}.log; regtools junctions extract 5:21.94 + FindPeaks/CountPeaks 57:49.83; denominator=52513
gse104556	Sierra	sierra_mouse2	recall	50.000000	0.136957	tes	21335	3791.770000	4.358234	runtime source: gse104556/sierra/mouse2/{run,junctions}.log; regtools junctions extract 5:21.94 + FindPeaks/CountPeaks 57:49.83; denominator=52513
gse104556	Sierra	sierra_mouse2	recall	100.000000	0.180679	tes	21335	3791.770000	4.358234	runtime source: gse104556/sierra/mouse2/{run,junctions}.log; regtools junctions extract 5:21.94 + FindPeaks/CountPeaks 57:49.83; denominator=52513
gse104556	Sierra	sierra_mouse2	recall	200.000000	0.207663	tes	21335	3791.770000	4.358234	runtime source: gse104556/sierra/mouse2/{run,junctions}.log; regtools junctions extract 5:21.94 + FindPeaks/CountPeaks 57:49.83; denominator=52513
gse104556	Sierra	sierra_mouse2	f1	10.000000	0.029803	atlas_full	21335	3791.770000	4.358234	runtime source: gse104556/sierra/mouse2/{run,junctions}.log; regtools junctions extract 5:21.94 + FindPeaks/CountPeaks 57:49.83
gse104556	Sierra	sierra_mouse2	f1	25.000000	0.042348	atlas_full	21335	3791.770000	4.358234	runtime source: gse104556/sierra/mouse2/{run,junctions}.log; regtools junctions extract 5:21.94 + FindPeaks/CountPeaks 57:49.83
gse104556	Sierra	sierra_mouse2	f1	50.000000	0.063512	atlas_full	21335	3791.770000	4.358234	runtime source: gse104556/sierra/mouse2/{run,junctions}.log; regtools junctions extract 5:21.94 + FindPeaks/CountPeaks 57:49.83
gse104556	Sierra	sierra_mouse2	f1	100.000000	0.111560	atlas_full	21335	3791.770000	4.358234	runtime source: gse104556/sierra/mouse2/{run,junctions}.log; regtools junctions extract 5:21.94 + FindPeaks/CountPeaks 57:49.83
gse104556	Sierra	sierra_mouse2	f1	200.000000	0.158534	atlas_full	21335	3791.770000	4.358234	runtime source: gse104556/sierra/mouse2/{run,junctions}.log; regtools junctions extract 5:21.94 + FindPeaks/CountPeaks 57:49.83
gse104556	Sierra	sierra_mouse2	f1	10.000000	0.048723	atlas_detected	21335	3791.770000	4.358234	runtime source: gse104556/sierra/mouse2/{run,junctions}.log; regtools junctions extract 5:21.94 + FindPeaks/CountPeaks 57:49.83
gse104556	Sierra	sierra_mouse2	f1	25.000000	0.068185	atlas_detected	21335	3791.770000	4.358234	runtime source: gse104556/sierra/mouse2/{run,junctions}.log; regtools junctions extract 5:21.94 + FindPeaks/CountPeaks 57:49.83
gse104556	Sierra	sierra_mouse2	f1	50.000000	0.107367	atlas_detected	21335	3791.770000	4.358234	runtime source: gse104556/sierra/mouse2/{run,junctions}.log; regtools junctions extract 5:21.94 + FindPeaks/CountPeaks 57:49.83
gse104556	Sierra	sierra_mouse2	f1	100.000000	0.195193	atlas_detected	21335	3791.770000	4.358234	runtime source: gse104556/sierra/mouse2/{run,junctions}.log; regtools junctions extract 5:21.94 + FindPeaks/CountPeaks 57:49.83
gse104556	Sierra	sierra_mouse2	f1	200.000000	0.276109	atlas_detected	21335	3791.770000	4.358234	runtime source: gse104556/sierra/mouse2/{run,junctions}.log; regtools junctions extract 5:21.94 + FindPeaks/CountPeaks 57:49.83
gse104556	Sierra	sierra_mouse2	precision_null	10.000000	0.001828	atlas_full	21335	3791.770000	4.358234	runtime source: gse104556/sierra/mouse2/{run,junctions}.log; regtools junctions extract 5:21.94 + FindPeaks/CountPeaks 57:49.83; mean of 3 genic-shuffle seeds (min 0.0015, max 0.0021)
gse104556	Sierra	sierra_mouse2	precision_null	25.000000	0.004390	atlas_full	21335	3791.770000	4.358234	runtime source: gse104556/sierra/mouse2/{run,junctions}.log; regtools junctions extract 5:21.94 + FindPeaks/CountPeaks 57:49.83; mean of 3 genic-shuffle seeds (min 0.0041, max 0.0050)
gse104556	Sierra	sierra_mouse2	precision_null	50.000000	0.008218	atlas_full	21335	3791.770000	4.358234	runtime source: gse104556/sierra/mouse2/{run,junctions}.log; regtools junctions extract 5:21.94 + FindPeaks/CountPeaks 57:49.83; mean of 3 genic-shuffle seeds (min 0.0077, max 0.0090)
gse104556	Sierra	sierra_mouse2	precision_null	100.000000	0.014218	atlas_full	21335	3791.770000	4.358234	runtime source: gse104556/sierra/mouse2/{run,junctions}.log; regtools junctions extract 5:21.94 + FindPeaks/CountPeaks 57:49.83; mean of 3 genic-shuffle seeds (min 0.0133, max 0.0159)
gse104556	Sierra	sierra_mouse2	precision_null	200.000000	0.026920	atlas_full	21335	3791.770000	4.358234	runtime source: gse104556/sierra/mouse2/{run,junctions}.log; regtools junctions extract 5:21.94 + FindPeaks/CountPeaks 57:49.83; mean of 3 genic-shuffle seeds (min 0.0257, max 0.0280)
gse104556	Sierra	sierra_mouse2	replicate			mouse2	21335	3791.770000	4.358234	PRIMARY arm; runtime source: gse104556/sierra/mouse2/{run,junctions}.log; regtools junctions extract 5:21.94 + FindPeaks/CountPeaks 57:49.83
gse104556	polyApipe	polyapipe_mouse1_all	precision	10.000000	0.295687	atlas_full	99984	4716.000000	6.766846	sensitivity variant: includes misprime=True peaks; runtime source: gse104556/polyapipe/run.log; re-derived from the polyapipe_mouse1 run output, no separate run; clean run
gse104556	polyApipe	polyapipe_mouse1_all	precision	25.000000	0.345445	atlas_full	99984	4716.000000	6.766846	sensitivity variant: includes misprime=True peaks; runtime source: gse104556/polyapipe/run.log; re-derived from the polyapipe_mouse1 run output, no separate run; clean run
gse104556	polyApipe	polyapipe_mouse1_all	precision	50.000000	0.364088	atlas_full	99984	4716.000000	6.766846	sensitivity variant: includes misprime=True peaks; runtime source: gse104556/polyapipe/run.log; re-derived from the polyapipe_mouse1 run output, no separate run; clean run
gse104556	polyApipe	polyapipe_mouse1_all	precision	100.000000	0.380441	atlas_full	99984	4716.000000	6.766846	sensitivity variant: includes misprime=True peaks; runtime source: gse104556/polyapipe/run.log; re-derived from the polyapipe_mouse1 run output, no separate run; clean run
gse104556	polyApipe	polyapipe_mouse1_all	precision	200.000000	0.400974	atlas_full	99984	4716.000000	6.766846	sensitivity variant: includes misprime=True peaks; runtime source: gse104556/polyapipe/run.log; re-derived from the polyapipe_mouse1 run output, no separate run; clean run
gse104556	polyApipe	polyapipe_mouse1_all	precision	10.000000	0.096825	tes	99984	4716.000000	6.766846	sensitivity variant: includes misprime=True peaks; runtime source: gse104556/polyapipe/run.log; re-derived from the polyapipe_mouse1 run output, no separate run; clean run
gse104556	polyApipe	polyapipe_mouse1_all	precision	25.000000	0.106297	tes	99984	4716.000000	6.766846	sensitivity variant: includes misprime=True peaks; runtime source: gse104556/polyapipe/run.log; re-derived from the polyapipe_mouse1 run output, no separate run; clean run
gse104556	polyApipe	polyapipe_mouse1_all	precision	50.000000	0.112348	tes	99984	4716.000000	6.766846	sensitivity variant: includes misprime=True peaks; runtime source: gse104556/polyapipe/run.log; re-derived from the polyapipe_mouse1 run output, no separate run; clean run
gse104556	polyApipe	polyapipe_mouse1_all	precision	100.000000	0.120909	tes	99984	4716.000000	6.766846	sensitivity variant: includes misprime=True peaks; runtime source: gse104556/polyapipe/run.log; re-derived from the polyapipe_mouse1 run output, no separate run; clean run
gse104556	polyApipe	polyapipe_mouse1_all	precision	200.000000	0.132861	tes	99984	4716.000000	6.766846	sensitivity variant: includes misprime=True peaks; runtime source: gse104556/polyapipe/run.log; re-derived from the polyapipe_mouse1 run output, no separate run; clean run
gse104556	polyApipe	polyapipe_mouse1_all	recall	10.000000	0.098237	atlas_full	99984	4716.000000	6.766846	sensitivity variant: includes misprime=True peaks; runtime source: gse104556/polyapipe/run.log; re-derived from the polyapipe_mouse1 run output, no separate run; clean run; denominator=301006
gse104556	polyApipe	polyapipe_mouse1_all	recall	25.000000	0.117782	atlas_full	99984	4716.000000	6.766846	sensitivity variant: includes misprime=True peaks; runtime source: gse104556/polyapipe/run.log; re-derived from the polyapipe_mouse1 run output, no separate run; clean run; denominator=301006
gse104556	polyApipe	polyapipe_mouse1_all	recall	50.000000	0.142781	atlas_full	99984	4716.000000	6.766846	sensitivity variant: includes misprime=True peaks; runtime source: gse104556/polyapipe/run.log; re-derived from the polyapipe_mouse1 run output, no separate run; clean run; denominator=301006
gse104556	polyApipe	polyapipe_mouse1_all	recall	100.000000	0.178531	atlas_full	99984	4716.000000	6.766846	sensitivity variant: includes misprime=True peaks; runtime source: gse104556/polyapipe/run.log; re-derived from the polyapipe_mouse1 run output, no separate run; clean run; denominator=301006
gse104556	polyApipe	polyapipe_mouse1_all	recall	200.000000	0.222348	atlas_full	99984	4716.000000	6.766846	sensitivity variant: includes misprime=True peaks; runtime source: gse104556/polyapipe/run.log; re-derived from the polyapipe_mouse1 run output, no separate run; clean run; denominator=301006
gse104556	polyApipe	polyapipe_mouse1_all	recall	10.000000	0.130259	atlas_detected	99984	4716.000000	6.766846	sensitivity variant: includes misprime=True peaks; runtime source: gse104556/polyapipe/run.log; re-derived from the polyapipe_mouse1 run output, no separate run; clean run; denominator=126686
gse104556	polyApipe	polyapipe_mouse1_all	recall	25.000000	0.155818	atlas_detected	99984	4716.000000	6.766846	sensitivity variant: includes misprime=True peaks; runtime source: gse104556/polyapipe/run.log; re-derived from the polyapipe_mouse1 run output, no separate run; clean run; denominator=126686
gse104556	polyApipe	polyapipe_mouse1_all	recall	50.000000	0.201546	atlas_detected	99984	4716.000000	6.766846	sensitivity variant: includes misprime=True peaks; runtime source: gse104556/polyapipe/run.log; re-derived from the polyapipe_mouse1 run output, no separate run; clean run; denominator=126686
gse104556	polyApipe	polyapipe_mouse1_all	recall	100.000000	0.266549	atlas_detected	99984	4716.000000	6.766846	sensitivity variant: includes misprime=True peaks; runtime source: gse104556/polyapipe/run.log; re-derived from the polyapipe_mouse1 run output, no separate run; clean run; denominator=126686
gse104556	polyApipe	polyapipe_mouse1_all	recall	200.000000	0.344955	atlas_detected	99984	4716.000000	6.766846	sensitivity variant: includes misprime=True peaks; runtime source: gse104556/polyapipe/run.log; re-derived from the polyapipe_mouse1 run output, no separate run; clean run; denominator=126686
gse104556	polyApipe	polyapipe_mouse1_all	recall	10.000000	0.235085	tes	99984	4716.000000	6.766846	sensitivity variant: includes misprime=True peaks; runtime source: gse104556/polyapipe/run.log; re-derived from the polyapipe_mouse1 run output, no separate run; clean run; denominator=52513
gse104556	polyApipe	polyapipe_mouse1_all	recall	25.000000	0.263687	tes	99984	4716.000000	6.766846	sensitivity variant: includes misprime=True peaks; runtime source: gse104556/polyapipe/run.log; re-derived from the polyapipe_mouse1 run output, no separate run; clean run; denominator=52513
gse104556	polyApipe	polyapipe_mouse1_all	recall	50.000000	0.282978	tes	99984	4716.000000	6.766846	sensitivity variant: includes misprime=True peaks; runtime source: gse104556/polyapipe/run.log; re-derived from the polyapipe_mouse1 run output, no separate run; clean run; denominator=52513
gse104556	polyApipe	polyapipe_mouse1_all	recall	100.000000	0.310856	tes	99984	4716.000000	6.766846	sensitivity variant: includes misprime=True peaks; runtime source: gse104556/polyapipe/run.log; re-derived from the polyapipe_mouse1 run output, no separate run; clean run; denominator=52513
gse104556	polyApipe	polyapipe_mouse1_all	recall	200.000000	0.352884	tes	99984	4716.000000	6.766846	sensitivity variant: includes misprime=True peaks; runtime source: gse104556/polyapipe/run.log; re-derived from the polyapipe_mouse1 run output, no separate run; clean run; denominator=52513
gse104556	polyApipe	polyapipe_mouse1_all	f1	10.000000	0.147478	atlas_full	99984	4716.000000	6.766846	sensitivity variant: includes misprime=True peaks; runtime source: gse104556/polyapipe/run.log; re-derived from the polyapipe_mouse1 run output, no separate run; clean run
gse104556	polyApipe	polyapipe_mouse1_all	f1	25.000000	0.175668	atlas_full	99984	4716.000000	6.766846	sensitivity variant: includes misprime=True peaks; runtime source: gse104556/polyapipe/run.log; re-derived from the polyapipe_mouse1 run output, no separate run; clean run
gse104556	polyApipe	polyapipe_mouse1_all	f1	50.000000	0.205122	atlas_full	99984	4716.000000	6.766846	sensitivity variant: includes misprime=True peaks; runtime source: gse104556/polyapipe/run.log; re-derived from the polyapipe_mouse1 run output, no separate run; clean run
gse104556	polyApipe	polyapipe_mouse1_all	f1	100.000000	0.243020	atlas_full	99984	4716.000000	6.766846	sensitivity variant: includes misprime=True peaks; runtime source: gse104556/polyapipe/run.log; re-derived from the polyapipe_mouse1 run output, no separate run; clean run
gse104556	polyApipe	polyapipe_mouse1_all	f1	200.000000	0.286066	atlas_full	99984	4716.000000	6.766846	sensitivity variant: includes misprime=True peaks; runtime source: gse104556/polyapipe/run.log; re-derived from the polyapipe_mouse1 run output, no separate run; clean run
gse104556	polyApipe	polyapipe_mouse1_all	f1	10.000000	0.180849	atlas_detected	99984	4716.000000	6.766846	sensitivity variant: includes misprime=True peaks; runtime source: gse104556/polyapipe/run.log; re-derived from the polyapipe_mouse1 run output, no separate run; clean run
gse104556	polyApipe	polyapipe_mouse1_all	f1	25.000000	0.214764	atlas_detected	99984	4716.000000	6.766846	sensitivity variant: includes misprime=True peaks; runtime source: gse104556/polyapipe/run.log; re-derived from the polyapipe_mouse1 run output, no separate run; clean run
gse104556	polyApipe	polyapipe_mouse1_all	f1	50.000000	0.259462	atlas_detected	99984	4716.000000	6.766846	sensitivity variant: includes misprime=True peaks; runtime source: gse104556/polyapipe/run.log; re-derived from the polyapipe_mouse1 run output, no separate run; clean run
gse104556	polyApipe	polyapipe_mouse1_all	f1	100.000000	0.313470	atlas_detected	99984	4716.000000	6.766846	sensitivity variant: includes misprime=True peaks; runtime source: gse104556/polyapipe/run.log; re-derived from the polyapipe_mouse1 run output, no separate run; clean run
gse104556	polyApipe	polyapipe_mouse1_all	f1	200.000000	0.370861	atlas_detected	99984	4716.000000	6.766846	sensitivity variant: includes misprime=True peaks; runtime source: gse104556/polyapipe/run.log; re-derived from the polyapipe_mouse1 run output, no separate run; clean run
gse104556	polyApipe	polyapipe_mouse1_all	precision_null	10.000000	0.001833	atlas_full	99984	4716.000000	6.766846	sensitivity variant: includes misprime=True peaks; runtime source: gse104556/polyapipe/run.log; re-derived from the polyapipe_mouse1 run output, no separate run; clean run; mean of 3 genic-shuffle seeds (min 0.0017, max 0.0019)
gse104556	polyApipe	polyapipe_mouse1_all	precision_null	25.000000	0.004308	atlas_full	99984	4716.000000	6.766846	sensitivity variant: includes misprime=True peaks; runtime source: gse104556/polyapipe/run.log; re-derived from the polyapipe_mouse1 run output, no separate run; clean run; mean of 3 genic-shuffle seeds (min 0.0042, max 0.0044)
gse104556	polyApipe	polyapipe_mouse1_all	precision_null	50.000000	0.007888	atlas_full	99984	4716.000000	6.766846	sensitivity variant: includes misprime=True peaks; runtime source: gse104556/polyapipe/run.log; re-derived from the polyapipe_mouse1 run output, no separate run; clean run; mean of 3 genic-shuffle seeds (min 0.0077, max 0.0081)
gse104556	polyApipe	polyapipe_mouse1_all	precision_null	100.000000	0.014105	atlas_full	99984	4716.000000	6.766846	sensitivity variant: includes misprime=True peaks; runtime source: gse104556/polyapipe/run.log; re-derived from the polyapipe_mouse1 run output, no separate run; clean run; mean of 3 genic-shuffle seeds (min 0.0138, max 0.0143)
gse104556	polyApipe	polyapipe_mouse1_all	precision_null	200.000000	0.025777	atlas_full	99984	4716.000000	6.766846	sensitivity variant: includes misprime=True peaks; runtime source: gse104556/polyapipe/run.log; re-derived from the polyapipe_mouse1 run output, no separate run; clean run; mean of 3 genic-shuffle seeds (min 0.0254, max 0.0261)
gse104556	polyApipe	polyapipe_mouse1_all	replicate			mouse1	99984	4716.000000	6.766846	SENSITIVITY/DIAGNOSTIC arm, not plotted; sensitivity variant: includes misprime=True peaks; runtime source: gse104556/polyapipe/run.log; re-derived from the polyapipe_mouse1 run output, no separate run; clean run
gse104556	polyApipe	polyapipe_mouse2_all	precision	10.000000	0.310867	atlas_full	96871	3779.000000	6.762283	sensitivity variant: includes misprime=True peaks; runtime source: gse104556/polyapipe/run.log; re-derived from the polyapipe_mouse2 run output, no separate run; clean run
gse104556	polyApipe	polyapipe_mouse2_all	precision	25.000000	0.360696	atlas_full	96871	3779.000000	6.762283	sensitivity variant: includes misprime=True peaks; runtime source: gse104556/polyapipe/run.log; re-derived from the polyapipe_mouse2 run output, no separate run; clean run
gse104556	polyApipe	polyapipe_mouse2_all	precision	50.000000	0.377791	atlas_full	96871	3779.000000	6.762283	sensitivity variant: includes misprime=True peaks; runtime source: gse104556/polyapipe/run.log; re-derived from the polyapipe_mouse2 run output, no separate run; clean run
gse104556	polyApipe	polyapipe_mouse2_all	precision	100.000000	0.393936	atlas_full	96871	3779.000000	6.762283	sensitivity variant: includes misprime=True peaks; runtime source: gse104556/polyapipe/run.log; re-derived from the polyapipe_mouse2 run output, no separate run; clean run
gse104556	polyApipe	polyapipe_mouse2_all	precision	200.000000	0.413251	atlas_full	96871	3779.000000	6.762283	sensitivity variant: includes misprime=True peaks; runtime source: gse104556/polyapipe/run.log; re-derived from the polyapipe_mouse2 run output, no separate run; clean run
gse104556	polyApipe	polyapipe_mouse2_all	precision	10.000000	0.100329	tes	96871	3779.000000	6.762283	sensitivity variant: includes misprime=True peaks; runtime source: gse104556/polyapipe/run.log; re-derived from the polyapipe_mouse2 run output, no separate run; clean run
gse104556	polyApipe	polyapipe_mouse2_all	precision	25.000000	0.109930	tes	96871	3779.000000	6.762283	sensitivity variant: includes misprime=True peaks; runtime source: gse104556/polyapipe/run.log; re-derived from the polyapipe_mouse2 run output, no separate run; clean run
gse104556	polyApipe	polyapipe_mouse2_all	precision	50.000000	0.115391	tes	96871	3779.000000	6.762283	sensitivity variant: includes misprime=True peaks; runtime source: gse104556/polyapipe/run.log; re-derived from the polyapipe_mouse2 run output, no separate run; clean run
gse104556	polyApipe	polyapipe_mouse2_all	precision	100.000000	0.124279	tes	96871	3779.000000	6.762283	sensitivity variant: includes misprime=True peaks; runtime source: gse104556/polyapipe/run.log; re-derived from the polyapipe_mouse2 run output, no separate run; clean run
gse104556	polyApipe	polyapipe_mouse2_all	precision	200.000000	0.136708	tes	96871	3779.000000	6.762283	sensitivity variant: includes misprime=True peaks; runtime source: gse104556/polyapipe/run.log; re-derived from the polyapipe_mouse2 run output, no separate run; clean run
gse104556	polyApipe	polyapipe_mouse2_all	recall	10.000000	0.100061	atlas_full	96871	3779.000000	6.762283	sensitivity variant: includes misprime=True peaks; runtime source: gse104556/polyapipe/run.log; re-derived from the polyapipe_mouse2 run output, no separate run; clean run; denominator=301006
gse104556	polyApipe	polyapipe_mouse2_all	recall	25.000000	0.119150	atlas_full	96871	3779.000000	6.762283	sensitivity variant: includes misprime=True peaks; runtime source: gse104556/polyapipe/run.log; re-derived from the polyapipe_mouse2 run output, no separate run; clean run; denominator=301006
gse104556	polyApipe	polyapipe_mouse2_all	recall	50.000000	0.143831	atlas_full	96871	3779.000000	6.762283	sensitivity variant: includes misprime=True peaks; runtime source: gse104556/polyapipe/run.log; re-derived from the polyapipe_mouse2 run output, no separate run; clean run; denominator=301006
gse104556	polyApipe	polyapipe_mouse2_all	recall	100.000000	0.179026	atlas_full	96871	3779.000000	6.762283	sensitivity variant: includes misprime=True peaks; runtime source: gse104556/polyapipe/run.log; re-derived from the polyapipe_mouse2 run output, no separate run; clean run; denominator=301006
gse104556	polyApipe	polyapipe_mouse2_all	recall	200.000000	0.222238	atlas_full	96871	3779.000000	6.762283	sensitivity variant: includes misprime=True peaks; runtime source: gse104556/polyapipe/run.log; re-derived from the polyapipe_mouse2 run output, no separate run; clean run; denominator=301006
gse104556	polyApipe	polyapipe_mouse2_all	recall	10.000000	0.131656	atlas_detected	96871	3779.000000	6.762283	sensitivity variant: includes misprime=True peaks; runtime source: gse104556/polyapipe/run.log; re-derived from the polyapipe_mouse2 run output, no separate run; clean run; denominator=126686
gse104556	polyApipe	polyapipe_mouse2_all	recall	25.000000	0.156339	atlas_detected	96871	3779.000000	6.762283	sensitivity variant: includes misprime=True peaks; runtime source: gse104556/polyapipe/run.log; re-derived from the polyapipe_mouse2 run output, no separate run; clean run; denominator=126686
gse104556	polyApipe	polyapipe_mouse2_all	recall	50.000000	0.201538	atlas_detected	96871	3779.000000	6.762283	sensitivity variant: includes misprime=True peaks; runtime source: gse104556/polyapipe/run.log; re-derived from the polyapipe_mouse2 run output, no separate run; clean run; denominator=126686
gse104556	polyApipe	polyapipe_mouse2_all	recall	100.000000	0.265191	atlas_detected	96871	3779.000000	6.762283	sensitivity variant: includes misprime=True peaks; runtime source: gse104556/polyapipe/run.log; re-derived from the polyapipe_mouse2 run output, no separate run; clean run; denominator=126686
gse104556	polyApipe	polyapipe_mouse2_all	recall	200.000000	0.342635	atlas_detected	96871	3779.000000	6.762283	sensitivity variant: includes misprime=True peaks; runtime source: gse104556/polyapipe/run.log; re-derived from the polyapipe_mouse2 run output, no separate run; clean run; denominator=126686
gse104556	polyApipe	polyapipe_mouse2_all	recall	10.000000	0.236799	tes	96871	3779.000000	6.762283	sensitivity variant: includes misprime=True peaks; runtime source: gse104556/polyapipe/run.log; re-derived from the polyapipe_mouse2 run output, no separate run; clean run; denominator=52513
gse104556	polyApipe	polyapipe_mouse2_all	recall	25.000000	0.265744	tes	96871	3779.000000	6.762283	sensitivity variant: includes misprime=True peaks; runtime source: gse104556/polyapipe/run.log; re-derived from the polyapipe_mouse2 run output, no separate run; clean run; denominator=52513
gse104556	polyApipe	polyapipe_mouse2_all	recall	50.000000	0.283282	tes	96871	3779.000000	6.762283	sensitivity variant: includes misprime=True peaks; runtime source: gse104556/polyapipe/run.log; re-derived from the polyapipe_mouse2 run output, no separate run; clean run; denominator=52513
gse104556	polyApipe	polyapipe_mouse2_all	recall	100.000000	0.311104	tes	96871	3779.000000	6.762283	sensitivity variant: includes misprime=True peaks; runtime source: gse104556/polyapipe/run.log; re-derived from the polyapipe_mouse2 run output, no separate run; clean run; denominator=52513
gse104556	polyApipe	polyapipe_mouse2_all	recall	200.000000	0.353512	tes	96871	3779.000000	6.762283	sensitivity variant: includes misprime=True peaks; runtime source: gse104556/polyapipe/run.log; re-derived from the polyapipe_mouse2 run output, no separate run; clean run; denominator=52513
gse104556	polyApipe	polyapipe_mouse2_all	f1	10.000000	0.151392	atlas_full	96871	3779.000000	6.762283	sensitivity variant: includes misprime=True peaks; runtime source: gse104556/polyapipe/run.log; re-derived from the polyapipe_mouse2 run output, no separate run; clean run
gse104556	polyApipe	polyapipe_mouse2_all	f1	25.000000	0.179129	atlas_full	96871	3779.000000	6.762283	sensitivity variant: includes misprime=True peaks; runtime source: gse104556/polyapipe/run.log; re-derived from the polyapipe_mouse2 run output, no separate run; clean run
gse104556	polyApipe	polyapipe_mouse2_all	f1	50.000000	0.208343	atlas_full	96871	3779.000000	6.762283	sensitivity variant: includes misprime=True peaks; runtime source: gse104556/polyapipe/run.log; re-derived from the polyapipe_mouse2 run output, no separate run; clean run
gse104556	polyApipe	polyapipe_mouse2_all	f1	100.000000	0.246177	atlas_full	96871	3779.000000	6.762283	sensitivity variant: includes misprime=True peaks; runtime source: gse104556/polyapipe/run.log; re-derived from the polyapipe_mouse2 run output, no separate run; clean run
gse104556	polyApipe	polyapipe_mouse2_all	f1	200.000000	0.289037	atlas_full	96871	3779.000000	6.762283	sensitivity variant: includes misprime=True peaks; runtime source: gse104556/polyapipe/run.log; re-derived from the polyapipe_mouse2 run output, no separate run; clean run
gse104556	polyApipe	polyapipe_mouse2_all	f1	10.000000	0.184974	atlas_detected	96871	3779.000000	6.762283	sensitivity variant: includes misprime=True peaks; runtime source: gse104556/polyapipe/run.log; re-derived from the polyapipe_mouse2 run output, no separate run; clean run
gse104556	polyApipe	polyapipe_mouse2_all	f1	25.000000	0.218132	atlas_detected	96871	3779.000000	6.762283	sensitivity variant: includes misprime=True peaks; runtime source: gse104556/polyapipe/run.log; re-derived from the polyapipe_mouse2 run output, no separate run; clean run
gse104556	polyApipe	polyapipe_mouse2_all	f1	50.000000	0.262853	atlas_detected	96871	3779.000000	6.762283	sensitivity variant: includes misprime=True peaks; runtime source: gse104556/polyapipe/run.log; re-derived from the polyapipe_mouse2 run output, no separate run; clean run
gse104556	polyApipe	polyapipe_mouse2_all	f1	100.000000	0.316990	atlas_detected	96871	3779.000000	6.762283	sensitivity variant: includes misprime=True peaks; runtime source: gse104556/polyapipe/run.log; re-derived from the polyapipe_mouse2 run output, no separate run; clean run
gse104556	polyApipe	polyapipe_mouse2_all	f1	200.000000	0.374644	atlas_detected	96871	3779.000000	6.762283	sensitivity variant: includes misprime=True peaks; runtime source: gse104556/polyapipe/run.log; re-derived from the polyapipe_mouse2 run output, no separate run; clean run
gse104556	polyApipe	polyapipe_mouse2_all	precision_null	10.000000	0.001876	atlas_full	96871	3779.000000	6.762283	sensitivity variant: includes misprime=True peaks; runtime source: gse104556/polyapipe/run.log; re-derived from the polyapipe_mouse2 run output, no separate run; clean run; mean of 3 genic-shuffle seeds (min 0.0017, max 0.0021)
gse104556	polyApipe	polyapipe_mouse2_all	precision_null	25.000000	0.004263	atlas_full	96871	3779.000000	6.762283	sensitivity variant: includes misprime=True peaks; runtime source: gse104556/polyapipe/run.log; re-derived from the polyapipe_mouse2 run output, no separate run; clean run; mean of 3 genic-shuffle seeds (min 0.0040, max 0.0045)
gse104556	polyApipe	polyapipe_mouse2_all	precision_null	50.000000	0.007852	atlas_full	96871	3779.000000	6.762283	sensitivity variant: includes misprime=True peaks; runtime source: gse104556/polyapipe/run.log; re-derived from the polyapipe_mouse2 run output, no separate run; clean run; mean of 3 genic-shuffle seeds (min 0.0076, max 0.0082)
gse104556	polyApipe	polyapipe_mouse2_all	precision_null	100.000000	0.014645	atlas_full	96871	3779.000000	6.762283	sensitivity variant: includes misprime=True peaks; runtime source: gse104556/polyapipe/run.log; re-derived from the polyapipe_mouse2 run output, no separate run; clean run; mean of 3 genic-shuffle seeds (min 0.0146, max 0.0147)
gse104556	polyApipe	polyapipe_mouse2_all	precision_null	200.000000	0.026444	atlas_full	96871	3779.000000	6.762283	sensitivity variant: includes misprime=True peaks; runtime source: gse104556/polyapipe/run.log; re-derived from the polyapipe_mouse2 run output, no separate run; clean run; mean of 3 genic-shuffle seeds (min 0.0262, max 0.0266)
gse104556	polyApipe	polyapipe_mouse2_all	replicate			mouse2	96871	3779.000000	6.762283	SENSITIVITY/DIAGNOSTIC arm, not plotted; sensitivity variant: includes misprime=True peaks; runtime source: gse104556/polyapipe/run.log; re-derived from the polyapipe_mouse2 run output, no separate run; clean run
gse104556	Sierra	sierra_pooled	precision	10.000000	0.156503	atlas_full	37814			sensitivity variant: mouse1+mouse2 peak sets pooled; no timed run
gse104556	Sierra	sierra_pooled	precision	25.000000	0.232982	atlas_full	37814			sensitivity variant: mouse1+mouse2 peak sets pooled; no timed run
gse104556	Sierra	sierra_pooled	precision	50.000000	0.314513	atlas_full	37814			sensitivity variant: mouse1+mouse2 peak sets pooled; no timed run
gse104556	Sierra	sierra_pooled	precision	100.000000	0.505421	atlas_full	37814			sensitivity variant: mouse1+mouse2 peak sets pooled; no timed run
gse104556	Sierra	sierra_pooled	precision	200.000000	0.602052	atlas_full	37814			sensitivity variant: mouse1+mouse2 peak sets pooled; no timed run
gse104556	Sierra	sierra_pooled	precision	10.000000	0.133575	tes	37814			sensitivity variant: mouse1+mouse2 peak sets pooled; no timed run
gse104556	Sierra	sierra_pooled	precision	25.000000	0.146216	tes	37814			sensitivity variant: mouse1+mouse2 peak sets pooled; no timed run
gse104556	Sierra	sierra_pooled	precision	50.000000	0.168456	tes	37814			sensitivity variant: mouse1+mouse2 peak sets pooled; no timed run
gse104556	Sierra	sierra_pooled	precision	100.000000	0.247898	tes	37814			sensitivity variant: mouse1+mouse2 peak sets pooled; no timed run
gse104556	Sierra	sierra_pooled	precision	200.000000	0.293727	tes	37814			sensitivity variant: mouse1+mouse2 peak sets pooled; no timed run
gse104556	Sierra	sierra_pooled	recall	10.000000	0.018804	atlas_full	37814			sensitivity variant: mouse1+mouse2 peak sets pooled; no timed run; denominator=301006
gse104556	Sierra	sierra_pooled	recall	25.000000	0.026710	atlas_full	37814			sensitivity variant: mouse1+mouse2 peak sets pooled; no timed run; denominator=301006
gse104556	Sierra	sierra_pooled	recall	50.000000	0.039441	atlas_full	37814			sensitivity variant: mouse1+mouse2 peak sets pooled; no timed run; denominator=301006
gse104556	Sierra	sierra_pooled	recall	100.000000	0.068158	atlas_full	37814			sensitivity variant: mouse1+mouse2 peak sets pooled; no timed run; denominator=301006
gse104556	Sierra	sierra_pooled	recall	200.000000	0.097918	atlas_full	37814			sensitivity variant: mouse1+mouse2 peak sets pooled; no timed run; denominator=301006
gse104556	Sierra	sierra_pooled	recall	10.000000	0.032877	atlas_detected	37814			sensitivity variant: mouse1+mouse2 peak sets pooled; no timed run; denominator=126686
gse104556	Sierra	sierra_pooled	recall	25.000000	0.045925	atlas_detected	37814			sensitivity variant: mouse1+mouse2 peak sets pooled; no timed run; denominator=126686
gse104556	Sierra	sierra_pooled	recall	50.000000	0.071492	atlas_detected	37814			sensitivity variant: mouse1+mouse2 peak sets pooled; no timed run; denominator=126686
gse104556	Sierra	sierra_pooled	recall	100.000000	0.129856	atlas_detected	37814			sensitivity variant: mouse1+mouse2 peak sets pooled; no timed run; denominator=126686
gse104556	Sierra	sierra_pooled	recall	200.000000	0.190021	atlas_detected	37814			sensitivity variant: mouse1+mouse2 peak sets pooled; no timed run; denominator=126686
gse104556	Sierra	sierra_pooled	recall	10.000000	0.121322	tes	37814			sensitivity variant: mouse1+mouse2 peak sets pooled; no timed run; denominator=52513
gse104556	Sierra	sierra_pooled	recall	25.000000	0.133243	tes	37814			sensitivity variant: mouse1+mouse2 peak sets pooled; no timed run; denominator=52513
gse104556	Sierra	sierra_pooled	recall	50.000000	0.147563	tes	37814			sensitivity variant: mouse1+mouse2 peak sets pooled; no timed run; denominator=52513
gse104556	Sierra	sierra_pooled	recall	100.000000	0.192638	tes	37814			sensitivity variant: mouse1+mouse2 peak sets pooled; no timed run; denominator=52513
gse104556	Sierra	sierra_pooled	recall	200.000000	0.221050	tes	37814			sensitivity variant: mouse1+mouse2 peak sets pooled; no timed run; denominator=52513
gse104556	Sierra	sierra_pooled	f1	10.000000	0.033573	atlas_full	37814			sensitivity variant: mouse1+mouse2 peak sets pooled; no timed run
gse104556	Sierra	sierra_pooled	f1	25.000000	0.047926	atlas_full	37814			sensitivity variant: mouse1+mouse2 peak sets pooled; no timed run
gse104556	Sierra	sierra_pooled	f1	50.000000	0.070092	atlas_full	37814			sensitivity variant: mouse1+mouse2 peak sets pooled; no timed run
gse104556	Sierra	sierra_pooled	f1	100.000000	0.120118	atlas_full	37814			sensitivity variant: mouse1+mouse2 peak sets pooled; no timed run
gse104556	Sierra	sierra_pooled	f1	200.000000	0.168441	atlas_full	37814			sensitivity variant: mouse1+mouse2 peak sets pooled; no timed run
gse104556	Sierra	sierra_pooled	f1	10.000000	0.054338	atlas_detected	37814			sensitivity variant: mouse1+mouse2 peak sets pooled; no timed run
gse104556	Sierra	sierra_pooled	f1	25.000000	0.076725	atlas_detected	37814			sensitivity variant: mouse1+mouse2 peak sets pooled; no timed run
gse104556	Sierra	sierra_pooled	f1	50.000000	0.116502	atlas_detected	37814			sensitivity variant: mouse1+mouse2 peak sets pooled; no timed run
gse104556	Sierra	sierra_pooled	f1	100.000000	0.206625	atlas_detected	37814			sensitivity variant: mouse1+mouse2 peak sets pooled; no timed run
gse104556	Sierra	sierra_pooled	f1	200.000000	0.288869	atlas_detected	37814			sensitivity variant: mouse1+mouse2 peak sets pooled; no timed run
gse104556	Sierra	sierra_pooled	precision_null	10.000000	0.001701	atlas_full	37814			sensitivity variant: mouse1+mouse2 peak sets pooled; no timed run; mean of 3 genic-shuffle seeds (min 0.0016, max 0.0018)
gse104556	Sierra	sierra_pooled	precision_null	25.000000	0.003940	atlas_full	37814			sensitivity variant: mouse1+mouse2 peak sets pooled; no timed run; mean of 3 genic-shuffle seeds (min 0.0038, max 0.0042)
gse104556	Sierra	sierra_pooled	precision_null	50.000000	0.007599	atlas_full	37814			sensitivity variant: mouse1+mouse2 peak sets pooled; no timed run; mean of 3 genic-shuffle seeds (min 0.0074, max 0.0077)
gse104556	Sierra	sierra_pooled	precision_null	100.000000	0.013892	atlas_full	37814			sensitivity variant: mouse1+mouse2 peak sets pooled; no timed run; mean of 3 genic-shuffle seeds (min 0.0135, max 0.0141)
gse104556	Sierra	sierra_pooled	precision_null	200.000000	0.025793	atlas_full	37814			sensitivity variant: mouse1+mouse2 peak sets pooled; no timed run; mean of 3 genic-shuffle seeds (min 0.0250, max 0.0263)
gse104556	Sierra	sierra_pooled	replicate			pooled	37814			SENSITIVITY/DIAGNOSTIC arm, not plotted; sensitivity variant: mouse1+mouse2 peak sets pooled; no timed run
