arm	pair	pas_id	gene_id	pvalue	qvalue	effect	effect_kind	dispersion	p_emp	n_null_ref	q_perm	nominal_hit	perm_hit	effect_floor_pass
A_fisher_reads	ES_vs_RS	57852	ENSMUSG00000048416	0.0	0.0	0.3900978166672877	delta_proportion		0.00046468401486988845	2151	0.005053438661710037	True	True	True
A_fisher_reads	ES_vs_RS	57855	ENSMUSG00000048416	0.0	0.0	-0.3900978166672877	delta_proportion		0.00046468401486988845	2151	0.005053438661710037	True	True	True
A_fisher_reads	ES_vs_RS	179766	ENSMUSG00000030544	0.0	0.0	0.5005406854167909	delta_proportion		0.00046468401486988845	2151	0.005053438661710037	True	True	True
A_fisher_reads	ES_vs_RS	179769	ENSMUSG00000030544	0.0	0.0	-0.5005406854167908	delta_proportion		0.00046468401486988845	2151	0.005053438661710037	True	True	True
A_fisher_reads	ES_vs_RS	89827	ENSMUSG00000092329	0.0	0.0	-0.4517415430275831	delta_proportion		0.00046468401486988845	2151	0.005053438661710037	True	True	True
A_fisher_reads	ES_vs_RS	158541	ENSMUSG00000090202	0.0	0.0	-0.6662480558361565	delta_proportion		0.00046468401486988845	2151	0.005053438661710037	True	True	True
A_fisher_reads	ES_vs_RS	158547	ENSMUSG00000090202	0.0	0.0	0.6662480558361565	delta_proportion		0.00046468401486988845	2151	0.005053438661710037	True	True	True
A_fisher_reads	ES_vs_RS	188695	ENSMUSG00000001948	0.0	0.0	0.2943010443275401	delta_proportion		0.00046468401486988845	2151	0.005053438661710037	True	True	True
A_fisher_reads	ES_vs_RS	188683	ENSMUSG00000001948	0.0	0.0	-0.2943010443275401	delta_proportion		0.00046468401486988845	2151	0.005053438661710037	True	True	True
A_fisher_reads	ES_vs_RS	89959	ENSMUSG00000092329	7.153695204513303e-280	1.867114448377972e-278	0.2964688651303178	delta_proportion		0.00046468401486988845	2151	0.005053438661710037	True	True	True
A_fisher_reads	ES_vs_RS	89958	ENSMUSG00000092329	1.6449252209581858e-136	3.9029589333644224e-135	0.1552726778972653	delta_proportion		0.00046468401486988845	2151	0.005053438661710037	True	True	True
A_fisher_reads	ES_vs_RS	133806	ENSMUSG00000043050	7.025727714719913e-64	1.5280957779515812e-62	-0.0545474012108838	delta_proportion		0.00046468401486988845	2151	0.005053438661710037	True	True	False
A_fisher_reads	ES_vs_RS	133821	ENSMUSG00000022501	4.3568494758053225e-43	8.747213178347607e-42	-0.0254357634949767	delta_proportion		0.00046468401486988845	2151	0.005053438661710037	True	True	False
A_fisher_reads	ES_vs_RS	133823	ENSMUSG00000022501	1.9375754646073123e-34	3.612194259017918e-33	0.0242719409767219	delta_proportion		0.00046468401486988845	2151	0.005053438661710037	True	True	False
A_fisher_reads	ES_vs_RS	163024	ENSMUSG00000048686	1.843325425323772e-28	3.2073862400633623e-27	0.0361050986508949	delta_proportion		0.00046468401486988845	2151	0.005053438661710037	True	True	False
A_fisher_reads	ES_vs_RS	133809	ENSMUSG00000043050	5.623862235717889e-27	9.173925272014806e-26	0.03951842343986	delta_proportion		0.00046468401486988845	2151	0.005053438661710037	True	True	False
A_fisher_reads	ES_vs_RS	133812	ENSMUSG00000050058	7.662141048643903e-26	1.1763640080565052e-24	-0.0278562485124719	delta_proportion		0.00046468401486988845	2151	0.005053438661710037	True	True	False
A_fisher_reads	ES_vs_RS	41549	ENSMUSG00000021545	1.1839876671393866e-25	1.6264251638072626e-24	-0.1860006027193278	delta_proportion		0.00046468401486988845	2151	0.005053438661710037	True	True	True
A_fisher_reads	ES_vs_RS	41548	ENSMUSG00000021545	1.1839876671393866e-25	1.6264251638072626e-24	0.1860006027193277	delta_proportion		0.00046468401486988845	2151	0.005053438661710037	True	True	True
A_fisher_reads	ES_vs_RS	133815	ENSMUSG00000050058	8.589164668170724e-24	1.1208859891962797e-22	0.0386952679985043	delta_proportion		0.00046468401486988845	2151	0.005053438661710037	True	True	False
A_fisher_reads	ES_vs_RS	133816	ENSMUSG00000038015	2.1123271895629912e-23	2.6253209355997174e-22	-0.0234777475098008	delta_proportion		0.00046468401486988845	2151	0.005053438661710037	True	True	False
A_fisher_reads	ES_vs_RS	33851	ENSMUSG00000022428	9.107513059540972e-20	1.0335047428435626e-18	-0.1657102139054559	delta_proportion		0.00046468401486988845	2151	0.005053438661710037	True	True	True
A_fisher_reads	ES_vs_RS	33846	ENSMUSG00000022428	9.107513059540972e-20	1.0335047428435626e-18	0.1657102139054559	delta_proportion		0.00046468401486988845	2151	0.005053438661710037	True	True	True
A_fisher_reads	ES_vs_RS	133817	ENSMUSG00000038015	1.801649958842699e-15	1.9592943302414352e-14	0.0165517892981899	delta_proportion		0.00046468401486988845	2151	0.005053438661710037	True	True	False
A_fisher_reads	ES_vs_RS	163021	ENSMUSG00000048686	5.62439565690376e-14	5.871869065807526e-13	-0.0253407084871333	delta_proportion		0.0009293680297397769	2151	0.008663037705788634	True	True	False
A_fisher_reads	ES_vs_RS	47892	ENSMUSG00000025176	1.458828298826059e-13	1.4644391768984668e-12	-0.0431971489931994	delta_proportion		0.0009293680297397769	2151	0.008663037705788634	True	True	False
A_fisher_reads	ES_vs_RS	179141	ENSMUSG00000094445	4.568398379519593e-12	4.258399918052192e-11	-0.0752793202208464	delta_proportion		0.0009293680297397769	2151	0.008663037705788634	True	True	False
A_fisher_reads	ES_vs_RS	179142	ENSMUSG00000094445	4.568398379519593e-12	4.258399918052192e-11	0.0752793202208464	delta_proportion		0.0009293680297397769	2151	0.008663037705788634	True	True	False
A_fisher_reads	ES_vs_RS	9991	ENSMUSG00000047025	1.7937189437841486e-10	1.560535481092209e-09	-0.0876967641798711	delta_proportion		0.0013940520446096654	2151	0.012128252788104088	True	True	False
A_fisher_reads	ES_vs_RS	9990	ENSMUSG00000047025	1.7937189437841486e-10	1.560535481092209e-09	0.0876967641798711	delta_proportion		0.0013940520446096654	2151	0.012128252788104088	True	True	False
A_fisher_reads	ES_vs_RS	156832	ENSMUSG00000105734	2.391983878644348e-10	2.013896104277984e-09	0.1352191397087175	delta_proportion		0.0018587360594795538	2151	0.014268532691887164	True	True	True
A_fisher_reads	ES_vs_RS	116189	ENSMUSG00000062825	1.3055988422575284e-09	1.0326099934218637e-08	0.0845796979971022	delta_proportion		0.0018587360594795538	2151	0.014268532691887164	True	True	False
A_fisher_reads	ES_vs_RS	116188	ENSMUSG00000062825	1.3055988422575284e-09	1.0326099934218637e-08	-0.0845796979971021	delta_proportion		0.0018587360594795538	2151	0.014268532691887164	True	True	False
A_fisher_reads	ES_vs_RS	47891	ENSMUSG00000025176	5.518036194988703e-09	4.2359042555648587e-08	0.0370523220031956	delta_proportion		0.0018587360594795538	2151	0.014268532691887164	True	True	False
A_fisher_reads	ES_vs_RS	163020	ENSMUSG00000048686	1.3540071594109929e-08	1.0097024817321977e-07	-0.0152454910573543	delta_proportion		0.0037174721189591076	2151	0.026223249271576408	True	True	False
A_fisher_reads	ES_vs_RS	55486	ENSMUSG00000027502	8.444619593270896e-08	5.956880307685685e-07	-0.0800305363799203	delta_proportion		0.0037174721189591076	2151	0.026223249271576408	True	True	False
A_fisher_reads	ES_vs_RS	55487	ENSMUSG00000027502	8.444619593270896e-08	5.956880307685685e-07	0.0800305363799203	delta_proportion		0.0037174721189591076	2151	0.026223249271576408	True	True	False
A_fisher_reads	ES_vs_RS	21549	ENSMUSG00000021203	2.360768193894822e-07	1.5798987143757655e-06	0.0663616701029538	delta_proportion		0.004646840148698885	2151	0.027564210882054747	True	True	False
A_fisher_reads	ES_vs_RS	21550	ENSMUSG00000021203	2.360768193894822e-07	1.5798987143757655e-06	-0.0663616701029538	delta_proportion		0.004646840148698885	2151	0.027564210882054747	True	True	False
A_fisher_reads	ES_vs_RS	133818	ENSMUSG00000038015	4.101133360349801e-07	2.675989517628245e-06	0.0069259582116109	delta_proportion		0.004646840148698885	2151	0.027564210882054747	True	True	False
A_fisher_reads	ES_vs_RS	14307	ENSMUSG00000020827	8.151676583660482e-07	5.065684734131871e-06	0.0823934514486194	delta_proportion		0.004646840148698885	2151	0.027564210882054747	True	True	False
A_fisher_reads	ES_vs_RS	14308	ENSMUSG00000020827	8.151676583660482e-07	5.065684734131871e-06	-0.0823934514486194	delta_proportion		0.004646840148698885	2151	0.027564210882054747	True	True	False
A_fisher_reads	ES_vs_RS	43086	ENSMUSG00000024233	9.28674297989435e-07	5.508727085800966e-06	-0.1287028040588911	delta_proportion		0.004646840148698885	2151	0.027564210882054747	True	True	True
A_fisher_reads	ES_vs_RS	43085	ENSMUSG00000024233	9.28674297989435e-07	5.508727085800966e-06	0.1287028040588911	delta_proportion		0.004646840148698885	2151	0.027564210882054747	True	True	True
A_fisher_reads	ES_vs_RS	156831	ENSMUSG00000105734	3.736761860359385e-06	2.1673218790084432e-05	-0.1078787622881689	delta_proportion		0.0060408921933085506	2151	0.034275497009859386	True	True	True
A_fisher_reads	ES_vs_RS	60541	ENSMUSG00000028156	5.331544758785655e-06	3.0250721348762085e-05	-0.0490962284025863	delta_proportion		0.0060408921933085506	2151	0.034275497009859386	True	True	False
A_fisher_reads	ES_vs_RS	14791	ENSMUSG00000037926	6.665677246271162e-06	3.701578215482496e-05	-0.0877389808815295	delta_proportion		0.006970260223048327	2151	0.03870718974926837	True	True	False
A_fisher_reads	ES_vs_RS	133811	ENSMUSG00000043050	1.0314641429955588e-05	5.608586277538351e-05	0.0098288636427016	delta_proportion		0.008828996282527882	2151	0.04800766728624536	True	True	False
A_fisher_reads	ES_vs_RS	75186	ENSMUSG00000029766	1.3203186327670346e-05	7.03271761535094e-05	-0.0519922127823953	delta_proportion		0.009758364312267658	2151	0.05197822623473181	True	False	False
A_fisher_reads	ES_vs_RS	9505	ENSMUSG00000047129	1.918497678383995e-05	0.0001001455788116	0.0818955424936371	delta_proportion		0.011152416356877323	2151	0.05630974508762613	True	False	False
A_fisher_reads	ES_vs_RS	163023	ENSMUSG00000048686	2.345193774499056e-05	0.0001200187402243	0.010975229819854	delta_proportion		0.011152416356877323	2151	0.05630974508762613	True	False	False
A_fisher_reads	ES_vs_RS	14807	ENSMUSG00000037926	2.614616828422864e-05	0.0001312336523496	0.0607651387888968	delta_proportion		0.012081784386617101	2151	0.05630974508762613	True	False	False
A_fisher_reads	ES_vs_RS	113254	ENSMUSG00000037278	2.8577011752092468e-05	0.0001407283031565	0.0627562253463297	delta_proportion		0.012081784386617101	2151	0.05630974508762613	True	False	False
A_fisher_reads	ES_vs_RS	78597	ENSMUSG00000030161	3.906670028321109e-05	0.0001888223847021	-0.0396113262816498	delta_proportion		0.012081784386617101	2151	0.05630974508762613	True	False	False
A_fisher_reads	ES_vs_RS	53477	ENSMUSG00000100963	5.553214910418563e-05	0.0002588194806462	0.0579199441654003	delta_proportion		0.012081784386617101	2151	0.05630974508762613	True	False	False
A_fisher_reads	ES_vs_RS	53478	ENSMUSG00000100963	5.553214910418563e-05	0.0002588194806462	-0.0579199441654003	delta_proportion		0.012081784386617101	2151	0.05630974508762613	True	False	False
A_fisher_reads	ES_vs_RS	141137	ENSMUSG00000036438	0.0001103365275236	0.0005052251523449	0.0721041927869517	delta_proportion		0.017193308550185873	2151	0.07872725494032479	True	False	False
A_fisher_reads	ES_vs_RS	8994	ENSMUSG00000020156	0.0001265090097364	0.0005596415515458	-0.082688593469397	delta_proportion		0.019516728624535316	2151	0.08633671476277487	True	False	False
A_fisher_reads	ES_vs_RS	8986	ENSMUSG00000020156	0.0001265090097364	0.0005596415515458	0.0826885934693969	delta_proportion		0.019516728624535316	2151	0.08633671476277487	True	False	False
A_fisher_reads	ES_vs_RS	16465	ENSMUSG00000035530	0.0001461226852603	0.0006356336808826	0.0149204014844404	delta_proportion		0.020910780669144983	2151	0.08947071728929247	True	False	False
A_fisher_reads	ES_vs_RS	120021	ENSMUSG00000021270	0.0001556739449801	0.0006660803219642	-0.050360598117068	delta_proportion		0.020910780669144983	2151	0.08947071728929247	True	False	False
A_fisher_reads	ES_vs_RS	70431	ENSMUSG00000036323	0.000222102627138	0.0009349804142423	-0.0326679312116978	delta_proportion		0.02509293680297398	2151	0.10563316944477756	True	False	False
A_fisher_reads	ES_vs_RS	157399	ENSMUSG00000055891	0.0005579593126834	0.0023115457239744	-0.0239012417239703	delta_proportion		0.03485130111524164	2151	0.14438396176314394	True	False	False
A_fisher_reads	ES_vs_RS	133810	ENSMUSG00000043050	0.0006349857226686	0.0025895511502579	0.0065696827996892	delta_proportion		0.0362453531598513	2151	0.14553903345724906	True	False	False
A_fisher_reads	ES_vs_RS	156660	ENSMUSG00000074435	0.000659800473333	0.0026493526698451	-0.0127018084529748	delta_proportion		0.0362453531598513	2151	0.14553903345724906	True	False	False
A_fisher_reads	ES_vs_RS	95468	ENSMUSG00000050089	0.000782295369489	0.0030474491259201	-0.0259740461015275	delta_proportion		0.03949814126394052	2151	0.15386589358042502	True	False	False
A_fisher_reads	ES_vs_RS	95469	ENSMUSG00000050089	0.000782295369489	0.0030474491259201	0.0259740461015275	delta_proportion		0.03949814126394052	2151	0.15386589358042502	True	False	False
A_fisher_reads	ES_vs_RS	9504	ENSMUSG00000047129	0.0008001604603363	0.0030712041198204	-0.0780654035190146	delta_proportion		0.040427509293680296	2151	0.1551702930242729	True	False	False
A_fisher_reads	ES_vs_RS	21540	ENSMUSG00000043319	0.0010785714182847	0.0040677219102462	0.0321951138084602	delta_proportion		0.041821561338289966	2151	0.15593467870419545	True	False	False
A_fisher_reads	ES_vs_RS	78596	ENSMUSG00000030161	0.0010909598992997	0.0040677219102462	0.0230254640018765	delta_proportion		0.041821561338289966	2151	0.15593467870419545	True	False	False
A_fisher_reads	ES_vs_RS	107397	ENSMUSG00000078442	0.0014656251426432	0.0053128911420816	0.1595562337230246	delta_proportion		0.047862453531598514	2151	0.17350139405204462	True	False	True
A_fisher_reads	ES_vs_RS	107398	ENSMUSG00000078442	0.0014656251426432	0.0053128911420816	-0.1595562337230247	delta_proportion		0.047862453531598514	2151	0.17350139405204462	True	False	True
A_fisher_reads	ES_vs_RS	156661	ENSMUSG00000074435	0.0017418442229849	0.0062276896191652	0.0120055846276026	delta_proportion		0.04925650557620818	2151	0.17610887610123746	True	False	False
A_fisher_reads	ES_vs_RS	113255	ENSMUSG00000037278	0.0022205480252556	0.0078319328998881	-0.0505480106334172	delta_proportion		0.05483271375464684	2151	0.19339646337787603	True	False	False
A_fisher_reads	ES_vs_RS	33582	ENSMUSG00000049653	0.0030527612152198	0.0103476711321089	-0.0996738750231476	delta_proportion		0.06319702602230483	2151	0.2142132959976826	True	False	False
A_fisher_reads	ES_vs_RS	21333	ENSMUSG00000001175	0.0030147627014584	0.0103476711321089	0.0691191972565817	delta_proportion		0.062267657992565055	2151	0.2142132959976826	True	False	False
A_fisher_reads	ES_vs_RS	33581	ENSMUSG00000049653	0.0030527612152198	0.0103476711321089	0.0996738750231477	delta_proportion		0.06319702602230483	2151	0.2142132959976826	True	False	False
A_fisher_reads	ES_vs_RS	170278	ENSMUSG00000029433	0.0035636275508867	0.0119244460356595	-0.0589936819669635	delta_proportion		0.06598513011152417	2151	0.22079639691163858	True	False	False
A_fisher_reads	ES_vs_RS	64551	ENSMUSG00000078593	0.0037797923056741	0.0123315723972618	0.0230479554408368	delta_proportion		0.06784386617100371	2151	0.22134061338289962	True	False	False
A_fisher_reads	ES_vs_RS	64552	ENSMUSG00000078593	0.0037797923056741	0.0123315723972618	-0.0230479554408368	delta_proportion		0.06784386617100371	2151	0.22134061338289962	True	False	False
A_fisher_reads	ES_vs_RS	193515	ENSMUSG00000079579	0.0039385041929811	0.0126907357329393	0.0345926867682498	delta_proportion		0.06970260223048327	2151	0.22333733792728264	True	False	False
A_fisher_reads	ES_vs_RS	60538	ENSMUSG00000028156	0.0040327981493271	0.0128361014265167	0.0287077146227188	delta_proportion		0.07016728624535316	2151	0.22333733792728264	True	False	False
A_fisher_reads	ES_vs_RS	171545	ENSMUSG00000095040	0.0045095294271166	0.0140117521485409	0.0558010474232603	delta_proportion		0.07295539033457249	2151	0.22668281996813597	True	False	False
A_fisher_reads	ES_vs_RS	171546	ENSMUSG00000095040	0.0045095294271166	0.0140117521485409	-0.0558010474232602	delta_proportion		0.07295539033457249	2151	0.22668281996813597	True	False	False
A_fisher_reads	ES_vs_RS	132217	ENSMUSG00000063480	0.0077673749876279	0.023850410256128	-0.0698252731564183	delta_proportion		0.09711895910780668	2151	0.2981528810408922	True	False	False
A_fisher_reads	ES_vs_RS	191634	ENSMUSG00000118396	0.0090735550867588	0.027448403841016	0.018156643219792	delta_proportion		0.10176579925650557	2151	0.2981528810408922	True	False	False
A_fisher_reads	ES_vs_RS	120006	ENSMUSG00000021270	0.0091494679470053	0.027448403841016	0.0309471106343197	delta_proportion		0.10269516728624535	2151	0.2981528810408922	True	False	False
A_fisher_reads	ES_vs_RS	112531	ENSMUSG00000041165	0.0095172547821944	0.0279101516646375	-0.0438395261620584	delta_proportion		0.10455390334572491	2151	0.2981528810408922	True	False	False
A_fisher_reads	ES_vs_RS	112532	ENSMUSG00000041165	0.0095172547821944	0.0279101516646375	0.0438395261620584	delta_proportion		0.10455390334572491	2151	0.2981528810408922	True	False	False
A_fisher_reads	ES_vs_RS	120005	ENSMUSG00000021270	0.0102912470650175	0.0298446164885508	0.0194134874827483	delta_proportion		0.10641263940520446	2151	0.2981528810408922	True	False	False
A_fisher_reads	ES_vs_RS	60540	ENSMUSG00000028156	0.0107987661493116	0.0309722853293445	0.0249723065743239	delta_proportion		0.10641263940520446	2151	0.2981528810408922	True	False	False
A_fisher_reads	ES_vs_RS	157400	ENSMUSG00000055891	0.0112193851317011	0.0318289078192826	0.0218732317207392	delta_proportion		0.10641263940520446	2151	0.2981528810408922	True	False	False
A_fisher_reads	ES_vs_RS	132219	ENSMUSG00000063480	0.0118759588706806	0.033329303927394	0.0767936314917245	delta_proportion		0.1087360594795539	2151	0.2981528810408922	True	False	False
A_fisher_reads	ES_vs_RS	131883	ENSMUSG00000033055	0.0122609871123072	0.0333345587115852	0.0558761263231563	delta_proportion		0.10966542750929369	2151	0.2981528810408922	True	False	False
A_fisher_reads	ES_vs_RS	75185	ENSMUSG00000029766	0.0121999366512834	0.0333345587115852	0.0348687761737747	delta_proportion		0.10966542750929369	2151	0.2981528810408922	True	False	False
A_fisher_reads	ES_vs_RS	131884	ENSMUSG00000033055	0.0122609871123072	0.0333345587115852	-0.0558761263231563	delta_proportion		0.10966542750929369	2151	0.2981528810408922	True	False	False
A_fisher_reads	ES_vs_RS	103270	ENSMUSG00000026592	0.0130836801779108	0.034845311494232	0.0261918855170999	delta_proportion		0.1129182156133829	2151	0.30073116607237693	True	False	False
A_fisher_reads	ES_vs_RS	103265	ENSMUSG00000026592	0.0130836801779108	0.034845311494232	-0.0261918855170999	delta_proportion		0.1129182156133829	2151	0.30073116607237693	True	False	False
A_fisher_reads	ES_vs_RS	21328	ENSMUSG00000001175	0.0140736507215468	0.0371032609931688	-0.0534342767169715	delta_proportion		0.1171003717472119	2151	0.30871916187901316	True	False	False
A_fisher_reads	ES_vs_RS	100885	ENSMUSG00000026182	0.0152444338271626	0.0397879722888944	-0.0038246694318058	delta_proportion		0.120817843866171	2151	0.3153345724907063	True	False	False
A_fisher_reads	ES_vs_RS	21537	ENSMUSG00000043319	0.017878206080158	0.0462001167021907	-0.0261426452752158	delta_proportion		0.13289962825278812	2151	0.34343369281166036	True	False	False
A_fisher_reads	ES_vs_RS	193511	ENSMUSG00000079579	0.0195955058796828	0.0501414415156589	-0.0311733553039486	delta_proportion		0.13940520446096655	2151	0.3567133172971791	False	False	False
A_fisher_reads	ES_vs_RS	170276	ENSMUSG00000029433	0.0211523809550416	0.0535997226142317	0.0586364993763943	delta_proportion		0.14265799256505576	2151	0.36149258310174326	False	False	False
A_fisher_reads	ES_vs_RS	153594	ENSMUSG00000027496	0.0271084735356176	0.0673839199313925	-0.0654353323699421	delta_proportion		0.15613382899628253	2151	0.38810408921933087	False	False	False
A_fisher_reads	ES_vs_RS	153593	ENSMUSG00000027496	0.0271084735356176	0.0673839199313925	0.0654353323699422	delta_proportion		0.15613382899628253	2151	0.38810408921933087	False	False	False
A_fisher_reads	ES_vs_RS	163019	ENSMUSG00000048686	0.0321523212642367	0.079167508018545	-0.0050077890026194	delta_proportion		0.1612453531598513	2151	0.39558506757461004	False	False	False
A_fisher_reads	ES_vs_RS	70433	ENSMUSG00000036323	0.03246637016123	0.0791936692717854	0.0130968706039625	delta_proportion		0.1621747211895911	2151	0.39558506757461004	False	False	False
A_fisher_reads	ES_vs_RS	137284	ENSMUSG00000046173	0.0349382881957897	0.0844341964731585	-0.1229967069154775	delta_proportion		0.1649628252788104	2151	0.39633397503983003	False	False	True
A_fisher_reads	ES_vs_RS	14713	ENSMUSG00000069808	0.0366312370920658	0.0861329088381008	0.0076439935195556	delta_proportion		0.16868029739776952	2151	0.39633397503983003	False	False	False
A_fisher_reads	ES_vs_RS	78595	ENSMUSG00000030161	0.0363955043746821	0.0861329088381008	0.0165858622797734	delta_proportion		0.16868029739776952	2151	0.39633397503983003	False	False	False
A_fisher_reads	ES_vs_RS	14712	ENSMUSG00000069808	0.0366312370920658	0.0861329088381008	-0.0076439935195555	delta_proportion		0.16868029739776952	2151	0.39633397503983003	False	False	False
A_fisher_reads	ES_vs_RS	141127	ENSMUSG00000036438	0.0387993847044426	0.09041642328446	-0.0386773219694575	delta_proportion		0.17007434944237917	2151	0.39633397503983003	False	False	False
A_fisher_reads	ES_vs_RS	133813	ENSMUSG00000050058	0.0401968562877075	0.0928440662928467	-0.006421588916494	delta_proportion		0.17286245353159851	2151	0.39926637497121426	False	False	False
A_fisher_reads	ES_vs_RS	50215	ENSMUSG00000026864	0.0493450040001106	0.1119917047306858	-0.0621511139987546	delta_proportion		0.18308550185873607	2151	0.41552448682721843	False	False	False
A_fisher_reads	ES_vs_RS	50216	ENSMUSG00000026864	0.0493450040001106	0.1119917047306858	0.0621511139987547	delta_proportion		0.18308550185873607	2151	0.41552448682721843	False	False	False
A_fisher_reads	ES_vs_RS	24859	ENSMUSG00000021534	0.0530833354273437	0.1184166713379207	-0.0353900670356366	delta_proportion		0.18726765799256506	2151	0.41775092936802977	False	False	False
A_fisher_reads	ES_vs_RS	24860	ENSMUSG00000021534	0.0530833354273437	0.1184166713379207	0.0353900670356366	delta_proportion		0.18726765799256506	2151	0.41775092936802977	False	False	False
A_fisher_reads	ES_vs_RS	70432	ENSMUSG00000036323	0.0542694126998375	0.1190278715517445	0.0101703406880348	delta_proportion		0.19052044609665428	2151	0.4178641716909813	False	False	False
A_fisher_reads	ES_vs_RS	182133	ENSMUSG00000030976	0.0538628869342747	0.1190278715517445	0.0442126677052135	delta_proportion		0.18912639405204462	2151	0.4178641716909813	False	False	False
A_fisher_reads	ES_vs_RS	156647	ENSMUSG00000027927	0.0612377857787888	0.130865184313125	-0.0235849840254626	delta_proportion		0.20492565055762083	2151	0.43878638135823744	False	False	False
A_fisher_reads	ES_vs_RS	5268	ENSMUSG00000042800	0.0616720983544612	0.130865184313125	0.0246510503863632	delta_proportion		0.20678438661710039	2151	0.43878638135823744	False	False	False
A_fisher_reads	ES_vs_RS	5267	ENSMUSG00000042800	0.0616720983544612	0.130865184313125	-0.0246510503863632	delta_proportion		0.20678438661710039	2151	0.43878638135823744	False	False	False
A_fisher_reads	ES_vs_RS	156648	ENSMUSG00000027927	0.0612377857787888	0.130865184313125	0.0235849840254626	delta_proportion		0.20492565055762083	2151	0.43878638135823744	False	False	False
A_fisher_reads	ES_vs_RS	16466	ENSMUSG00000035530	0.0659268118128806	0.1387653055093698	-0.0105161914416148	delta_proportion		0.21561338289962825	2151	0.4538313946516369	False	False	False
A_fisher_reads	ES_vs_RS	28623	ENSMUSG00000072145	0.0783351593821654	0.1622656872916284	-0.062528463218551	delta_proportion		0.23187732342007436	2151	0.4803173127987255	False	False	False
A_fisher_reads	ES_vs_RS	28622	ENSMUSG00000072145	0.0783351593821654	0.1622656872916284	0.0625284632185509	delta_proportion		0.23187732342007436	2151	0.4803173127987255	False	False	False
A_fisher_reads	ES_vs_RS	107176	ENSMUSG00000001666	0.0804363597825885	0.1653062197106741	0.0332922299695835	delta_proportion		0.2342007434944238	2151	0.48131018938617803	False	False	False
A_fisher_reads	ES_vs_RS	14806	ENSMUSG00000037926	0.1019643562089662	0.2079116950823452	0.0269738420926325	delta_proportion		0.2732342007434944	2151	0.5536408524645988	False	False	False
A_fisher_reads	ES_vs_RS	160655	ENSMUSG00000070980	0.1038196061258084	0.2084378246064307	-0.0232305619402393	delta_proportion		0.2760223048327137	2151	0.5536408524645988	False	False	False
A_fisher_reads	ES_vs_RS	160656	ENSMUSG00000070980	0.1038196061258084	0.2084378246064307	0.0232305619402394	delta_proportion		0.2760223048327137	2151	0.5536408524645988	False	False	False
A_fisher_reads	ES_vs_RS	141128	ENSMUSG00000036438	0.1057047458504415	0.2106025852440094	-0.0334268708174942	delta_proportion		0.2778810408921933	2151	0.5536408524645988	False	False	False
A_fisher_reads	ES_vs_RS	4551	ENSMUSG00000042708	0.1126428126867398	0.2210509331672112	0.0645792878769752	delta_proportion		0.2853159851301115	2151	0.5559520256152823	False	False	False
A_fisher_reads	ES_vs_RS	4552	ENSMUSG00000042708	0.1126428126867398	0.2210509331672112	-0.0645792878769752	delta_proportion		0.2853159851301115	2151	0.5559520256152823	False	False	False
A_fisher_reads	ES_vs_RS	133814	ENSMUSG00000050058	0.1142911465309672	0.2226118600341973	-0.0044174305695385	delta_proportion		0.2871747211895911	2151	0.5559520256152823	False	False	False
A_fisher_reads	ES_vs_RS	81210	ENSMUSG00000051113	0.1161778133008518	0.22295889170237	-0.0131778574449477	delta_proportion		0.2904275092936803	2151	0.5559520256152823	False	False	False
A_fisher_reads	ES_vs_RS	81209	ENSMUSG00000051113	0.1161778133008518	0.22295889170237	0.0131778574449477	delta_proportion		0.2904275092936803	2151	0.5559520256152823	False	False	False
A_fisher_reads	ES_vs_RS	100886	ENSMUSG00000026182	0.1195754968918316	0.2278044137866281	0.0046689533432759	delta_proportion		0.29182156133828996	2151	0.5559520256152823	False	False	False
A_fisher_reads	ES_vs_RS	123572	ENSMUSG00000046957	0.1247995179114861	0.23433578543092	0.0089921337361947	delta_proportion		0.3006505576208178	2151	0.5633254255527294	False	False	False
A_fisher_reads	ES_vs_RS	123573	ENSMUSG00000046957	0.1247995179114861	0.23433578543092	-0.0089921337361946	delta_proportion		0.3006505576208178	2151	0.5633254255527294	False	False	False
A_fisher_reads	ES_vs_RS	70434	ENSMUSG00000036323	0.1306712519750255	0.2436085483248689	0.0094007199197005	delta_proportion		0.3034386617100372	2151	0.5633254255527294	False	False	False
A_fisher_reads	ES_vs_RS	123854	ENSMUSG00000045022	0.1334676064005712	0.2470570586563765	-0.0128290400676568	delta_proportion		0.30715613382899626	2151	0.5633254255527294	False	False	False
A_fisher_reads	ES_vs_RS	75184	ENSMUSG00000029766	0.138165868545165	0.2539527583823104	0.0171234366086206	delta_proportion		0.31226765799256506	2151	0.5633254255527294	False	False	False
A_fisher_reads	ES_vs_RS	139598	ENSMUSG00000118471	0.1467422917659942	0.2605424364008469	0.0131504061479176	delta_proportion		0.3173791821561338	2151	0.5633254255527294	False	False	False
A_fisher_reads	ES_vs_RS	156830	ENSMUSG00000105734	0.1437770677301013	0.2605424364008469	-0.0273403774205484	delta_proportion		0.31644981412639406	2151	0.5633254255527294	False	False	False
A_fisher_reads	ES_vs_RS	69336	ENSMUSG00000067367	0.145356812674682	0.2605424364008469	0.0233302679140895	delta_proportion		0.31691449814126393	2151	0.5633254255527294	False	False	False
A_fisher_reads	ES_vs_RS	13911	ENSMUSG00000042200	0.1450459004517025	0.2605424364008469	0.0145588206629499	delta_proportion		0.31691449814126393	2151	0.5633254255527294	False	False	False
A_fisher_reads	ES_vs_RS	107178	ENSMUSG00000001666	0.1461792543507313	0.2605424364008469	-0.0353929855241426	delta_proportion		0.31691449814126393	2151	0.5633254255527294	False	False	False
A_fisher_reads	ES_vs_RS	58588	ENSMUSG00000027942	0.1578069819627156	0.2744388761427101	-0.0443763123377289	delta_proportion		0.3257434944237918	2151	0.5633254255527294	False	False	False
A_fisher_reads	ES_vs_RS	60474	ENSMUSG00000037894	0.1598264719298541	0.2744388761427101	0.0250151794869992	delta_proportion		0.32806691449814124	2151	0.5633254255527294	False	False	False
A_fisher_reads	ES_vs_RS	58587	ENSMUSG00000027942	0.1578069819627156	0.2744388761427101	0.0443763123377288	delta_proportion		0.3257434944237918	2151	0.5633254255527294	False	False	False
A_fisher_reads	ES_vs_RS	60473	ENSMUSG00000037894	0.1598264719298541	0.2744388761427101	-0.0250151794869992	delta_proportion		0.32806691449814124	2151	0.5633254255527294	False	False	False
A_fisher_reads	ES_vs_RS	123856	ENSMUSG00000045022	0.1578298304469816	0.2744388761427101	0.0094628375303803	delta_proportion		0.3257434944237918	2151	0.5633254255527294	False	False	False
A_fisher_reads	ES_vs_RS	156696	ENSMUSG00000028141	0.1714384692080662	0.290554808203281	-0.0086575674281975	delta_proportion		0.34014869888475835	2151	0.5764857818761164	False	False	False
A_fisher_reads	ES_vs_RS	156697	ENSMUSG00000028141	0.1714384692080662	0.290554808203281	0.0086575674281974	delta_proportion		0.34014869888475835	2151	0.5764857818761164	False	False	False
A_fisher_reads	ES_vs_RS	128404	ENSMUSG00000034913	0.1897763872204295	0.319558948803433	0.0089858187887583	delta_proportion		0.35780669144981414	2151	0.6025002997961386	False	False	False
A_fisher_reads	ES_vs_RS	137276	ENSMUSG00000046173	0.2029072968319242	0.3394795158534117	0.0631448957189901	delta_proportion		0.36895910780669144	2151	0.6172969688304261	False	False	False
A_fisher_reads	ES_vs_RS	137277	ENSMUSG00000046173	0.2083855619868162	0.3442318460668293	0.0598518111964873	delta_proportion		0.37407063197026025	2151	0.6179268034445438	False	False	False
A_fisher_reads	ES_vs_RS	47890	ENSMUSG00000025176	0.2083209027049931	0.3442318460668293	0.0061448269900038	delta_proportion		0.37407063197026025	2151	0.6179268034445438	False	False	False
A_fisher_reads	ES_vs_RS	191635	ENSMUSG00000118396	0.2122007470493532	0.3483295281753534	-0.0107332862553642	delta_proportion		0.3777881040892193	2151	0.6201427369011714	False	False	False
A_fisher_reads	ES_vs_RS	104292	ENSMUSG00000060743	0.2325759448770268	0.3770330534962981	-0.0270584802634321	delta_proportion		0.39684014869888473	2151	0.6391514812872033	False	False	False
A_fisher_reads	ES_vs_RS	104291	ENSMUSG00000060743	0.2325759448770268	0.3770330534962981	0.027058480263432	delta_proportion		0.39684014869888473	2151	0.6391514812872033	False	False	False
A_fisher_reads	ES_vs_RS	182134	ENSMUSG00000030976	0.2347005457621797	0.3781286570612896	-0.0400939825021108	delta_proportion		0.39684014869888473	2151	0.6391514812872033	False	False	False
A_fisher_reads	ES_vs_RS	139599	ENSMUSG00000118471	0.2383057296455762	0.3815815671011988	-0.0100005282759484	delta_proportion		0.3991635687732342	2151	0.6391514812872033	False	False	False
A_fisher_reads	ES_vs_RS	141074	ENSMUSG00000053375	0.25339657954524	0.4008273167351978	0.0163608744193208	delta_proportion		0.4149628252788104	2151	0.6563957418046638	False	False	False
A_fisher_reads	ES_vs_RS	141075	ENSMUSG00000053375	0.25339657954524	0.4008273167351978	-0.0163608744193208	delta_proportion		0.4149628252788104	2151	0.6563957418046638	False	False	False
A_fisher_reads	ES_vs_RS	59395	ENSMUSG00000005687	0.2754431425799235	0.4269564685618978	-0.0245355104495288	delta_proportion		0.43215613382899626	2151	0.6674127273927102	False	False	False
A_fisher_reads	ES_vs_RS	59396	ENSMUSG00000005687	0.2754431425799235	0.4269564685618978	0.0245355104495287	delta_proportion		0.43215613382899626	2151	0.6674127273927102	False	False	False
A_fisher_reads	ES_vs_RS	156662	ENSMUSG00000074435	0.2764584030151752	0.4269564685618978	-0.0016057223721468	delta_proportion		0.43215613382899626	2151	0.6674127273927102	False	False	False
A_fisher_reads	ES_vs_RS	128405	ENSMUSG00000034913	0.2721763756122474	0.4269564685618978	-0.0080253395441985	delta_proportion		0.4284386617100372	2151	0.6674127273927102	False	False	False
A_fisher_reads	ES_vs_RS	189508	ENSMUSG00000045620	0.2845308037271753	0.4342838583204255	-0.043935406550774	delta_proportion		0.44470260223048325	2151	0.6787566034044218	False	False	False
A_fisher_reads	ES_vs_RS	189507	ENSMUSG00000045620	0.2845308037271753	0.4342838583204255	0.0439354065507739	delta_proportion		0.44470260223048325	2151	0.6787566034044218	False	False	False
A_fisher_reads	ES_vs_RS	69337	ENSMUSG00000067367	0.2914680942662382	0.4422858872295824	-0.0174570519370237	delta_proportion		0.45306691449814124	2151	0.6875027016512493	False	False	False
A_fisher_reads	ES_vs_RS	77093	ENSMUSG00000048206	0.2995398368595301	0.4493097552892952	-0.009517829691822	delta_proportion		0.4628252788104089	2151	0.6942379182156133	False	False	False
A_fisher_reads	ES_vs_RS	77092	ENSMUSG00000048206	0.2995398368595301	0.4493097552892952	0.0095178296918221	delta_proportion		0.4628252788104089	2151	0.6942379182156133	False	False	False
A_fisher_reads	ES_vs_RS	191636	ENSMUSG00000118396	0.3084229676343519	0.459990826014662	-0.0074233569644278	delta_proportion		0.474907063197026	2151	0.7082899628252788	False	False	False
A_fisher_reads	ES_vs_RS	156663	ENSMUSG00000074435	0.3191040211294166	0.4732167586066916	0.002301946197519	delta_proportion		0.48187732342007433	2151	0.7146021671172693	False	False	False
A_fisher_reads	ES_vs_RS	22889	ENSMUSG00000085861	0.3304843644018208	0.485085566963156	0.020587809255381	delta_proportion		0.4893122676579926	2151	0.7181560920596466	False	False	False
A_fisher_reads	ES_vs_RS	113256	ENSMUSG00000037278	0.3308246395380911	0.485085566963156	-0.0122082147129123	delta_proportion		0.48977695167286245	2151	0.7181560920596466	False	False	False
A_fisher_reads	ES_vs_RS	181350	ENSMUSG00000030968	0.3378928706115784	0.4899446623867887	-0.0359718295888508	delta_proportion		0.4986059479553903	2151	0.7229786245353159	False	False	False
A_fisher_reads	ES_vs_RS	181349	ENSMUSG00000030968	0.3378928706115784	0.4899446623867887	0.0359718295888508	delta_proportion		0.4986059479553903	2151	0.7229786245353159	False	False	False
A_fisher_reads	ES_vs_RS	176110	ENSMUSG00000030206	0.3719363534702262	0.5363281119101052	0.0046558488601866	delta_proportion		0.5288104089219331	2151	0.7625387664564891	False	False	False
A_fisher_reads	ES_vs_RS	13912	ENSMUSG00000042200	0.3971717259477488	0.5695704421558376	-0.0087080451532874	delta_proportion		0.5441449814126395	2151	0.7803397810368071	False	False	False
A_fisher_reads	ES_vs_RS	133822	ENSMUSG00000022501	0.4105803553772398	0.5823993084427151	0.0011638225182549	delta_proportion		0.5552973977695167	2151	0.7876772870534993	False	False	False
A_fisher_reads	ES_vs_RS	16467	ENSMUSG00000035530	0.4104868625963252	0.5823993084427151	-0.0044042100428256	delta_proportion		0.5552973977695167	2151	0.7876772870534993	False	False	False
A_fisher_reads	ES_vs_RS	133807	ENSMUSG00000043050	0.4150571612313364	0.5855671301696151	-0.001369568671367	delta_proportion		0.5608736059479554	2151	0.7912865467698182	False	False	False
A_fisher_reads	ES_vs_RS	138692	ENSMUSG00000024033	0.4247638574214541	0.5960396063817179	-0.0110864745011086	delta_proportion		0.5678438661710037	2151	0.7968131670464085	False	False	False
A_fisher_reads	ES_vs_RS	49198	ENSMUSG00000037708	0.4415721335751823	0.6130336535272478	-0.0330451348182883	delta_proportion		0.5817843866171004	2151	0.8076900261014001	False	False	False
A_fisher_reads	ES_vs_RS	49197	ENSMUSG00000037708	0.4415721335751823	0.6130336535272478	0.0330451348182884	delta_proportion		0.5817843866171004	2151	0.8076900261014001	False	False	False
A_fisher_reads	ES_vs_RS	21327	ENSMUSG00000001175	0.4759379865499834	0.6537884973133983	-0.01568492053961	delta_proportion		0.6189591078066915	2151	0.8422397769516727	False	False	False
A_fisher_reads	ES_vs_RS	22887	ENSMUSG00000085861	0.473748032835539	0.6537884973133983	-0.0257946669481892	delta_proportion		0.6133828996282528	2151	0.8422397769516727	False	False	False
A_fisher_reads	ES_vs_RS	64714	ENSMUSG00000048772	0.4941173464264691	0.6666419834065005	-0.0053496902029714	delta_proportion		0.6282527881040892	2151	0.8422397769516727	False	False	False
A_fisher_reads	ES_vs_RS	64715	ENSMUSG00000048772	0.4941173464264691	0.6666419834065005	0.0053496902029714	delta_proportion		0.6282527881040892	2151	0.8422397769516727	False	False	False
A_fisher_reads	ES_vs_RS	73863	ENSMUSG00000047843	0.4955116658270539	0.6666419834065005	-0.0349896355025646	delta_proportion		0.629182156133829	2151	0.8422397769516727	False	False	False
A_fisher_reads	ES_vs_RS	73864	ENSMUSG00000047843	0.4955116658270539	0.6666419834065005	0.0349896355025646	delta_proportion		0.629182156133829	2151	0.8422397769516727	False	False	False
A_fisher_reads	ES_vs_RS	120860	ENSMUSG00000059395	0.5032717904530726	0.6701731495318977	-0.0251057993074954	delta_proportion		0.6361524163568774	2151	0.8422397769516727	False	False	False
A_fisher_reads	ES_vs_RS	120861	ENSMUSG00000059395	0.5032717904530726	0.6701731495318977	0.0251057993074954	delta_proportion		0.6361524163568774	2151	0.8422397769516727	False	False	False
A_fisher_reads	ES_vs_RS	115882	ENSMUSG00000016559	0.5084274188158362	0.6701997793481477	0.0119799110980132	delta_proportion		0.6389405204460966	2151	0.8422397769516727	False	False	False
A_fisher_reads	ES_vs_RS	115883	ENSMUSG00000016559	0.5084274188158362	0.6701997793481477	-0.0119799110980131	delta_proportion		0.6389405204460966	2151	0.8422397769516727	False	False	False
A_fisher_reads	ES_vs_RS	148139	ENSMUSG00000026853	0.525441518715506	0.6857011819237353	0.0220437379636717	delta_proportion		0.6519516728624535	2151	0.8507969330855017	False	False	False
A_fisher_reads	ES_vs_RS	148140	ENSMUSG00000026853	0.525441518715506	0.6857011819237353	-0.0220437379636717	delta_proportion		0.6519516728624535	2151	0.8507969330855017	False	False	False
A_fisher_reads	ES_vs_RS	178062	ENSMUSG00000061099	0.5488218670240101	0.7091213232339934	-0.0069330144921305	delta_proportion		0.6654275092936803	2151	0.859785049136884	False	False	False
A_fisher_reads	ES_vs_RS	178063	ENSMUSG00000061099	0.5488218670240101	0.7091213232339934	0.0069330144921305	delta_proportion		0.6654275092936803	2151	0.859785049136884	False	False	False
A_fisher_reads	ES_vs_RS	138688	ENSMUSG00000024033	0.556013925938184	0.714875047634808	0.0078538919360485	delta_proportion		0.6696096654275093	2151	0.8609267126925121	False	False	False
A_fisher_reads	ES_vs_RS	176108	ENSMUSG00000030206	0.565117637803823	0.7230181542490087	-0.0022497816500247	delta_proportion		0.675185873605948	2151	0.8638407500546686	False	False	False
A_fisher_reads	ES_vs_RS	40813	ENSMUSG00000002308	0.5747519594682593	0.7282051525301733	0.0185651353052234	delta_proportion		0.6835501858736059	2151	0.8660514490922873	False	False	False
A_fisher_reads	ES_vs_RS	40812	ENSMUSG00000002308	0.5747519594682593	0.7282051525301733	-0.0185651353052234	delta_proportion		0.6835501858736059	2151	0.8660514490922873	False	False	False
A_fisher_reads	ES_vs_RS	13910	ENSMUSG00000042200	0.5926302384614596	0.7472294311035795	-0.0058507755096623	delta_proportion		0.6942379182156134	2151	0.8753434620979474	False	False	False
A_fisher_reads	ES_vs_RS	163022	ENSMUSG00000048686	0.5976687225981282	0.7499593105678436	-0.001486339923642	delta_proportion		0.699814126394052	2151	0.8781321489848442	False	False	False
A_fisher_reads	ES_vs_RS	21539	ENSMUSG00000043319	0.6075964512747889	0.7587687740799995	-0.0060524685332444	delta_proportion		0.7072490706319703	2151	0.8832153465786806	False	False	False
A_fisher_reads	ES_vs_RS	176109	ENSMUSG00000030206	0.6149715062437138	0.7643217291886157	-0.002406067210162	delta_proportion		0.7128252788104089	2151	0.8859399893786511	False	False	False
A_fisher_reads	ES_vs_RS	60539	ENSMUSG00000028156	0.6220297922432583	0.7694302169454522	-0.0045837927944565	delta_proportion		0.7174721189591078	2151	0.8874892087598443	False	False	False
A_fisher_reads	ES_vs_RS	123855	ENSMUSG00000045022	0.6300097445347859	0.7756252043565053	0.0033662025372765	delta_proportion		0.7225836431226765	2151	0.8895959002595216	False	False	False
A_fisher_reads	ES_vs_RS	184889	ENSMUSG00000090137	0.6726340118433151	0.8203620424818001	-0.002312819664416	delta_proportion		0.7555762081784386	2151	0.9169183705080545	False	False	False
A_fisher_reads	ES_vs_RS	184890	ENSMUSG00000090137	0.6726340118433151	0.8203620424818001	0.0023128196644159	delta_proportion		0.7555762081784386	2151	0.9169183705080545	False	False	False
A_fisher_reads	ES_vs_RS	144968	ENSMUSG00000024654	0.6811740415797506	0.8230853002421986	0.0065805065475651	delta_proportion		0.7588289962825279	2151	0.9169183705080545	False	False	False
A_fisher_reads	ES_vs_RS	144966	ENSMUSG00000024654	0.6811740415797506	0.8230853002421986	-0.0065805065475651	delta_proportion		0.7588289962825279	2151	0.9169183705080545	False	False	False
A_fisher_reads	ES_vs_RS	139597	ENSMUSG00000118471	0.69152053704626	0.831736682806792	-0.0031498778719691	delta_proportion		0.7653345724907064	2151	0.9205176194473473	False	False	False
A_fisher_reads	ES_vs_RS	133039	ENSMUSG00000048077	0.7061065813735381	0.8453844850389608	-0.0026530963592528	delta_proportion		0.7774163568773235	2151	0.9281937606751732	False	False	False
A_fisher_reads	ES_vs_RS	70646	ENSMUSG00000100704	0.7136801726211275	0.8466842047914285	0.0057567579452905	delta_proportion		0.7857806691449815	2151	0.9281937606751732	False	False	False
A_fisher_reads	ES_vs_RS	70644	ENSMUSG00000100704	0.7136801726211275	0.8466842047914285	-0.0057567579452905	delta_proportion		0.7857806691449815	2151	0.9281937606751732	False	False	False
A_fisher_reads	ES_vs_RS	69324	ENSMUSG00000067367	0.7208267034681664	0.8482275396753857	-0.0062883279166738	delta_proportion		0.7894981412639405	2151	0.9281937606751732	False	False	False
A_fisher_reads	ES_vs_RS	133040	ENSMUSG00000048077	0.7214808958158453	0.8482275396753857	0.0027469639596301	delta_proportion		0.7894981412639405	2151	0.9281937606751732	False	False	False
A_fisher_reads	ES_vs_RS	86833	ENSMUSG00000031631	0.7321980373107241	0.8569672095878879	-0.0079858408979466	delta_proportion		0.7987918215613383	2151	0.934908813576275	False	False	False
A_fisher_reads	ES_vs_RS	86826	ENSMUSG00000031631	0.7504252746522738	0.8743794494832298	0.0082924100154585	delta_proportion		0.8159851301115242	2151	0.9507683882103027	False	False	False
A_fisher_reads	ES_vs_RS	73531	ENSMUSG00000029723	0.7956357409075194	0.892325228025595	-0.0089634695417264	delta_proportion		0.8522304832713755	2151	0.9556854986677729	False	False	False
A_fisher_reads	ES_vs_RS	73532	ENSMUSG00000029723	0.7956357409075194	0.892325228025595	0.0089634695417264	delta_proportion		0.8522304832713755	2151	0.9556854986677729	False	False	False
A_fisher_reads	ES_vs_RS	110832	ENSMUSG00000044056	0.7965968510726577	0.892325228025595	0.0083855753456761	delta_proportion		0.8531598513011153	2151	0.9556854986677729	False	False	False
A_fisher_reads	ES_vs_RS	108806	ENSMUSG00000074748	0.7893449503236117	0.892325228025595	-0.0040834579631096	delta_proportion		0.8466542750929368	2151	0.9556854986677729	False	False	False
A_fisher_reads	ES_vs_RS	108800	ENSMUSG00000074748	0.7893449503236117	0.892325228025595	0.0040834579631095	delta_proportion		0.8466542750929368	2151	0.9556854986677729	False	False	False
A_fisher_reads	ES_vs_RS	110830	ENSMUSG00000044056	0.7965968510726577	0.892325228025595	-0.008385575345676	delta_proportion		0.8531598513011153	2151	0.9556854986677729	False	False	False
A_fisher_reads	ES_vs_RS	157401	ENSMUSG00000055891	0.7878141881892317	0.892325228025595	0.002028010003231	delta_proportion		0.845724907063197	2151	0.9556854986677729	False	False	False
A_fisher_reads	ES_vs_RS	193510	ENSMUSG00000079579	0.7953420790317712	0.892325228025595	-0.0034193314643011	delta_proportion		0.8522304832713755	2151	0.9556854986677729	False	False	False
A_fisher_reads	ES_vs_RS	100884	ENSMUSG00000026182	0.787993268772736	0.892325228025595	-0.0008442839114702	delta_proportion		0.845724907063197	2151	0.9556854986677729	False	False	False
A_fisher_reads	ES_vs_RS	17704	ENSMUSG00000017716	0.8384824873641579	0.9287440901502706	0.008	delta_proportion		0.8815055762081785	2151	0.975913222229223	False	False	False
A_fisher_reads	ES_vs_RS	17703	ENSMUSG00000017716	0.8384824873641579	0.9287440901502706	-0.008	delta_proportion		0.8815055762081785	2151	0.975913222229223	False	False	False
A_fisher_reads	ES_vs_RS	132218	ENSMUSG00000063480	0.8397839282584822	0.9287440901502706	-0.0069683583353062	delta_proportion		0.8824349442379182	2151	0.975913222229223	False	False	False
A_fisher_reads	ES_vs_RS	28058	ENSMUSG00000078127	0.8557597161535859	0.9356260433779096	-0.0027642934196332	delta_proportion		0.8921933085501859	2151	0.9763497223561618	False	False	False
A_fisher_reads	ES_vs_RS	170275	ENSMUSG00000029433	0.8567610129016109	0.9356260433779096	0.0020903964726755	delta_proportion		0.8940520446096655	2151	0.9763497223561618	False	False	False
A_fisher_reads	ES_vs_RS	28057	ENSMUSG00000078127	0.8557597161535859	0.9356260433779096	0.0027642934196332	delta_proportion		0.8921933085501859	2151	0.9763497223561618	False	False	False
A_fisher_reads	ES_vs_RS	138689	ENSMUSG00000024033	0.8668554532132553	0.9427053053694152	0.00323258256506	delta_proportion		0.900092936802974	2151	0.9788510687732341	False	False	False
A_fisher_reads	ES_vs_RS	9503	ENSMUSG00000047129	0.8759837605189933	0.9486795082799055	-0.0038301389746225	delta_proportion		0.9052044609665427	2151	0.9803251631214425	False	False	False
A_fisher_reads	ES_vs_RS	22888	ENSMUSG00000085861	0.8908040797995875	0.960743243089638	0.0052068576928081	delta_proportion		0.9172862453531598	2151	0.9893045869304741	False	False	False
A_fisher_reads	ES_vs_RS	128406	ENSMUSG00000034913	0.9090184842006022	0.9763531867339802	-0.0009604792445597	delta_proportion		0.9298327137546468	2151	0.9987092110698059	False	False	False
A_fisher_reads	ES_vs_RS	133041	ENSMUSG00000048077	0.9824440224215304	1.0	-9.386760037730092e-05	delta_proportion		0.9758364312267658	2151	1.0	False	False	False
A_fisher_reads	ES_vs_RS	159535	ENSMUSG00000028264	1.0	1.0	0.0034134154489731	delta_proportion		1.0	2151	1.0	False	False	False
A_fisher_reads	ES_vs_RS	159534	ENSMUSG00000028264	1.0	1.0	-0.003413415448973	delta_proportion		1.0	2151	1.0	False	False	False
A_fisher_reads	ES_vs_RS	170277	ENSMUSG00000029433	0.9556192539159748	1.0	-0.0017332138821062	delta_proportion		0.9544609665427509	2151	1.0	False	False	False
A_fisher_reads	ES_vs_RS	182135	ENSMUSG00000030976	0.945952163775164	1.0	-0.0041186852031026	delta_proportion		0.9507434944237918	2151	1.0	False	False	False
A_fisher_reads	ES_vs_RS	51118	ENSMUSG00000027088	1.0	1.0	-0.0007750775077508	delta_proportion		1.0	2151	1.0	False	False	False
A_fisher_reads	ES_vs_RS	51119	ENSMUSG00000027088	1.0	1.0	0.0007750775077507	delta_proportion		1.0	2151	1.0	False	False	False
A_fisher_reads	ES_vs_RS	115836	ENSMUSG00000020743	1.0	1.0	-0.0008329685295976	delta_proportion		1.0	2151	1.0	False	False	False
A_fisher_reads	ES_vs_RS	69332	ENSMUSG00000067367	0.9604115431976572	1.0	0.0004151119396081	delta_proportion		0.9567843866171004	2151	1.0	False	False	False
A_fisher_reads	ES_vs_RS	86832	ENSMUSG00000031631	1.0	1.0	-0.0003065691175119	delta_proportion		1.0	2151	1.0	False	False	False
A_fisher_reads	ES_vs_RS	115835	ENSMUSG00000020743	1.0	1.0	0.0008329685295977	delta_proportion		1.0	2151	1.0	False	False	False
A_fisher_reads	ES_vs_RS	17886	ENSMUSG00000025156	1.0	1.0	0.0012894244374458	delta_proportion		1.0	2151	1.0	False	False	False
A_fisher_reads	ES_vs_RS	107177	ENSMUSG00000001666	0.9567051860733312	1.0	0.0021007555545591	delta_proportion		0.9544609665427509	2151	1.0	False	False	False
A_fisher_reads	ES_vs_RS	17885	ENSMUSG00000025156	1.0	1.0	-0.0012894244374458	delta_proportion		1.0	2151	1.0	False	False	False
A_fisher_reads	ES_vs_RS	55921	ENSMUSG00000047841	1.0	1.0	-0.0005057705404958	delta_proportion		1.0	2151	1.0	False	False	False
A_fisher_reads	ES_vs_RS	55922	ENSMUSG00000047841	1.0	1.0	0.0005057705404959	delta_proportion		1.0	2151	1.0	False	False	False
A_fisher_reads	ES_vs_RS	82460	ENSMUSG00000038646	1.0	1.0	0.0007915360028035	delta_proportion		1.0	2151	1.0	False	False	False
A_fisher_reads	ES_vs_RS	82461	ENSMUSG00000038646	1.0	1.0	-0.0007915360028036	delta_proportion		1.0	2151	1.0	False	False	False
A_fisher_reads	ES_vs_SPC	57852	ENSMUSG00000048416	0.0	0.0	0.5031945298052304	delta_proportion		0.00046468401486988845	2151	0.004182156133828996	True	True	True
A_fisher_reads	ES_vs_SPC	57855	ENSMUSG00000048416	0.0	0.0	-0.5031945298052305	delta_proportion		0.00046468401486988845	2151	0.004182156133828996	True	True	True
A_fisher_reads	ES_vs_SPC	179769	ENSMUSG00000030544	0.0	0.0	-0.7811749549491548	delta_proportion		0.00046468401486988845	2151	0.004182156133828996	True	True	True
A_fisher_reads	ES_vs_SPC	89959	ENSMUSG00000092329	0.0	0.0	0.4576170565257368	delta_proportion		0.00046468401486988845	2151	0.004182156133828996	True	True	True
A_fisher_reads	ES_vs_SPC	89827	ENSMUSG00000092329	0.0	0.0	-0.6642210438710316	delta_proportion		0.00046468401486988845	2151	0.004182156133828996	True	True	True
A_fisher_reads	ES_vs_SPC	89958	ENSMUSG00000092329	0.0	0.0	0.2066039873452949	delta_proportion		0.00046468401486988845	2151	0.004182156133828996	True	True	True
A_fisher_reads	ES_vs_SPC	179766	ENSMUSG00000030544	0.0	0.0	0.7811749549491548	delta_proportion		0.00046468401486988845	2151	0.004182156133828996	True	True	True
A_fisher_reads	ES_vs_SPC	188683	ENSMUSG00000001948	0.0	0.0	-0.3383688728188182	delta_proportion		0.00046468401486988845	2151	0.004182156133828996	True	True	True
A_fisher_reads	ES_vs_SPC	188695	ENSMUSG00000001948	0.0	0.0	0.3383688728188182	delta_proportion		0.00046468401486988845	2151	0.004182156133828996	True	True	True
A_fisher_reads	ES_vs_SPC	133821	ENSMUSG00000022501	4.417762446636937e-169	1.1530359985722406e-167	-0.0901638661720694	delta_proportion		0.00046468401486988845	2151	0.004182156133828996	True	True	False
A_fisher_reads	ES_vs_SPC	133823	ENSMUSG00000022501	2.3401461312168323e-109	5.552528547705392e-108	0.0764506089919432	delta_proportion		0.00046468401486988845	2151	0.004182156133828996	True	True	False
A_fisher_reads	ES_vs_SPC	133806	ENSMUSG00000043050	1.3901737453292856e-104	3.023627896091196e-103	-0.1291768724137579	delta_proportion		0.00046468401486988845	2151	0.004182156133828996	True	True	True
A_fisher_reads	ES_vs_SPC	158547	ENSMUSG00000090202	5.391085132939532e-51	1.0050522997837269e-49	0.5051097500490213	delta_proportion		0.00046468401486988845	2151	0.004182156133828996	True	True	True
A_fisher_reads	ES_vs_SPC	158541	ENSMUSG00000090202	5.391085132939532e-51	1.0050522997837269e-49	-0.5051097500490213	delta_proportion		0.00046468401486988845	2151	0.004182156133828996	True	True	True
A_fisher_reads	ES_vs_SPC	133809	ENSMUSG00000043050	1.8567423951713094e-49	3.230731767598078e-48	0.0974930342961172	delta_proportion		0.00046468401486988845	2151	0.004182156133828996	True	True	False
A_fisher_reads	ES_vs_SPC	133817	ENSMUSG00000038015	1.015180823151062e-35	1.6560137177651695e-34	0.042313331245882	delta_proportion		0.00046468401486988845	2151	0.004182156133828996	True	True	False
A_fisher_reads	ES_vs_SPC	133812	ENSMUSG00000050058	1.808551818931521e-28	2.7766589690654527e-27	-0.0871163938712178	delta_proportion		0.00046468401486988845	2151	0.004182156133828996	True	True	False
A_fisher_reads	ES_vs_SPC	47892	ENSMUSG00000025176	2.303848428403336e-27	3.340580221184837e-26	-0.1386390153105868	delta_proportion		0.00046468401486988845	2151	0.004182156133828996	True	True	True
A_fisher_reads	ES_vs_SPC	133815	ENSMUSG00000050058	1.803190103213224e-25	2.4770137733613237e-24	0.1139386829780039	delta_proportion		0.00046468401486988845	2151	0.004182156133828996	True	True	True
A_fisher_reads	ES_vs_SPC	59396	ENSMUSG00000005687	2.3234900943190665e-23	2.8877662600822683e-22	-0.2504369186219207	delta_proportion		0.00046468401486988845	2151	0.004182156133828996	True	True	True
A_fisher_reads	ES_vs_SPC	59395	ENSMUSG00000005687	2.3234900943190665e-23	2.8877662600822683e-22	0.2504369186219206	delta_proportion		0.00046468401486988845	2151	0.004182156133828996	True	True	True
A_fisher_reads	ES_vs_SPC	133816	ENSMUSG00000038015	9.633867660745749e-22	1.1429270270248368e-20	-0.0374201659159664	delta_proportion		0.00046468401486988845	2151	0.004182156133828996	True	True	False
A_fisher_reads	ES_vs_SPC	47891	ENSMUSG00000025176	1.4438010035016815e-20	1.6384002691910385e-19	0.1262998087983949	delta_proportion		0.00046468401486988845	2151	0.004182156133828996	True	True	True
A_fisher_reads	ES_vs_SPC	157399	ENSMUSG00000055891	3.81964606437e-20	4.153865095002375e-19	-0.1526647593087228	delta_proportion		0.00046468401486988845	2151	0.004182156133828996	True	True	True
A_fisher_reads	ES_vs_SPC	139597	ENSMUSG00000118471	3.44360255706217e-19	3.595121069572905e-18	-0.1613692723286373	delta_proportion		0.00046468401486988845	2151	0.004182156133828996	True	True	True
A_fisher_reads	ES_vs_SPC	156697	ENSMUSG00000028141	6.693898618769679e-19	6.470768664810689e-18	0.1269217738292425	delta_proportion		0.00046468401486988845	2151	0.004182156133828996	True	True	True
A_fisher_reads	ES_vs_SPC	156696	ENSMUSG00000028141	6.693898618769679e-19	6.470768664810689e-18	-0.1269217738292425	delta_proportion		0.00046468401486988845	2151	0.004182156133828996	True	True	True
A_fisher_reads	ES_vs_SPC	156660	ENSMUSG00000074435	1.6117139027000253e-17	1.5023476021596663e-16	-0.0836559206835987	delta_proportion		0.00046468401486988845	2151	0.004182156133828996	True	True	False
A_fisher_reads	ES_vs_SPC	100884	ENSMUSG00000026182	4.988218574623299e-16	4.489396717160969e-15	-0.0496721473162966	delta_proportion		0.00046468401486988845	2151	0.004182156133828996	True	True	False
A_fisher_reads	ES_vs_SPC	179141	ENSMUSG00000094445	3.278915756720279e-14	2.7606355242064285e-13	-0.1519966752108622	delta_proportion		0.0013940520446096654	2151	0.0110256843528219	True	True	True
A_fisher_reads	ES_vs_SPC	179142	ENSMUSG00000094445	3.278915756720279e-14	2.7606355242064285e-13	0.1519966752108622	delta_proportion		0.0013940520446096654	2151	0.0110256843528219	True	True	True
A_fisher_reads	ES_vs_SPC	81210	ENSMUSG00000051113	2.417782327715676e-12	1.9122460228296708e-11	-0.1437267272391956	delta_proportion		0.0013940520446096654	2151	0.0110256843528219	True	True	True
A_fisher_reads	ES_vs_SPC	81209	ENSMUSG00000051113	2.417782327715676e-12	1.9122460228296708e-11	0.1437267272391957	delta_proportion		0.0013940520446096654	2151	0.0110256843528219	True	True	True
A_fisher_reads	ES_vs_SPC	100886	ENSMUSG00000026182	1.4852154756802543e-11	1.1401212916251364e-10	0.0396430862953232	delta_proportion		0.0023234200743494425	2151	0.014102619521051267	True	True	False
A_fisher_reads	ES_vs_SPC	133810	ENSMUSG00000043050	3.4561331524764945e-11	2.5772878651324717e-10	0.0221486281358963	delta_proportion		0.0023234200743494425	2151	0.014102619521051267	True	True	False
A_fisher_reads	ES_vs_SPC	176108	ENSMUSG00000030206	1.0896143901647709e-10	7.89970432869459e-10	-0.0569897471398346	delta_proportion		0.0023234200743494425	2151	0.014102619521051267	True	True	False
A_fisher_reads	ES_vs_SPC	116189	ENSMUSG00000062825	3.1046652404800925e-10	2.077737507090524e-09	0.0840886360567751	delta_proportion		0.0023234200743494425	2151	0.014102619521051267	True	True	False
A_fisher_reads	ES_vs_SPC	156661	ENSMUSG00000074435	2.9986385783809736e-10	2.077737507090524e-09	0.063080925434644	delta_proportion		0.0023234200743494425	2151	0.014102619521051267	True	True	False
A_fisher_reads	ES_vs_SPC	116188	ENSMUSG00000062825	3.1046652404800925e-10	2.077737507090524e-09	-0.0840886360567751	delta_proportion		0.0023234200743494425	2151	0.014102619521051267	True	True	False
A_fisher_reads	ES_vs_SPC	163024	ENSMUSG00000048686	3.638826597107579e-09	2.374334354612696e-08	0.0661930215957595	delta_proportion		0.0023234200743494425	2151	0.014102619521051267	True	True	False
A_fisher_reads	ES_vs_SPC	157400	ENSMUSG00000055891	5.049636180005017e-09	3.214524495076365e-08	0.1143699811578369	delta_proportion		0.0023234200743494425	2151	0.014102619521051267	True	True	True
A_fisher_reads	ES_vs_SPC	163019	ENSMUSG00000048686	7.613099520286805e-09	4.730997559035372e-08	-0.0490108186909352	delta_proportion		0.0023234200743494425	2151	0.014102619521051267	True	True	False
A_fisher_reads	ES_vs_SPC	133822	ENSMUSG00000022501	1.203988131196689e-08	7.307927959124089e-08	0.0137132571801261	delta_proportion		0.0023234200743494425	2151	0.014102619521051267	True	True	False
A_fisher_reads	ES_vs_SPC	21540	ENSMUSG00000043319	1.7446831426135496e-08	1.0349143186866737e-07	0.0532187617547444	delta_proportion		0.0032527881040892194	2151	0.018456036851462746	True	True	False
A_fisher_reads	ES_vs_SPC	9991	ENSMUSG00000047025	2.8813931292704666e-08	1.6348774059556342e-07	-0.1399976117264232	delta_proportion		0.0032527881040892194	2151	0.018456036851462746	True	True	True
A_fisher_reads	ES_vs_SPC	9990	ENSMUSG00000047025	2.8813931292704666e-08	1.6348774059556342e-07	0.1399976117264233	delta_proportion		0.0032527881040892194	2151	0.018456036851462746	True	True	True
A_fisher_reads	ES_vs_SPC	64552	ENSMUSG00000078593	4.066256611464975e-08	2.21102703248408e-07	-0.0882304381414854	delta_proportion		0.004182156133828996	2151	0.022276382672027917	True	True	False
A_fisher_reads	ES_vs_SPC	64551	ENSMUSG00000078593	4.066256611464975e-08	2.21102703248408e-07	0.0882304381414854	delta_proportion		0.004182156133828996	2151	0.022276382672027917	True	True	False
A_fisher_reads	ES_vs_SPC	139598	ENSMUSG00000118471	7.727875751345826e-08	4.116276675716859e-07	0.1031789763096951	delta_proportion		0.004182156133828996	2151	0.022276382672027917	True	True	True
A_fisher_reads	ES_vs_SPC	33582	ENSMUSG00000049653	5.192107652345619e-07	2.657137445612169e-06	-0.1583202699018538	delta_proportion		0.005111524163568773	2151	0.02517184540927264	True	True	True
A_fisher_reads	ES_vs_SPC	33581	ENSMUSG00000049653	5.192107652345619e-07	2.657137445612169e-06	0.1583202699018539	delta_proportion		0.005111524163568773	2151	0.02517184540927264	True	True	True
A_fisher_reads	ES_vs_SPC	156832	ENSMUSG00000105734	6.985156917509341e-07	3.506011452826804e-06	0.1618826324708678	delta_proportion		0.005111524163568773	2151	0.02517184540927264	True	True	True
A_fisher_reads	ES_vs_SPC	16465	ENSMUSG00000035530	1.5310040826295738e-06	7.539472935213562e-06	0.0195402882918638	delta_proportion		0.005111524163568773	2151	0.02517184540927264	True	True	False
A_fisher_reads	ES_vs_SPC	75186	ENSMUSG00000029766	3.320986067026992e-06	1.6051432657297124e-05	-0.0945470972842374	delta_proportion		0.0060408921933085506	2151	0.028154872543813065	True	True	False
A_fisher_reads	ES_vs_SPC	178062	ENSMUSG00000061099	3.884172011543967e-06	1.810301598237456e-05	-0.0993879150215064	delta_proportion		0.0060408921933085506	2151	0.028154872543813065	True	True	False
A_fisher_reads	ES_vs_SPC	178063	ENSMUSG00000061099	3.884172011543967e-06	1.810301598237456e-05	0.0993879150215065	delta_proportion		0.0060408921933085506	2151	0.028154872543813065	True	True	False
A_fisher_reads	ES_vs_SPC	41549	ENSMUSG00000021545	6.776606958859548e-06	2.9977871462073597e-05	-0.1196284829721362	delta_proportion		0.007899628252788104	2151	0.034945813118266014	True	True	True
A_fisher_reads	ES_vs_SPC	41548	ENSMUSG00000021545	6.776606958859548e-06	2.9977871462073597e-05	0.1196284829721362	delta_proportion		0.007899628252788104	2151	0.034945813118266014	True	True	True
A_fisher_reads	ES_vs_SPC	133811	ENSMUSG00000043050	6.689724326536119e-06	2.9977871462073597e-05	0.0178699130849895	delta_proportion		0.007899628252788104	2151	0.034945813118266014	True	True	False
A_fisher_reads	ES_vs_SPC	103265	ENSMUSG00000026592	1.113808321522107e-05	4.765638883889671e-05	-0.1287705734200199	delta_proportion		0.008828996282527882	2151	0.03777652507770127	True	True	True
A_fisher_reads	ES_vs_SPC	103270	ENSMUSG00000026592	1.113808321522107e-05	4.765638883889671e-05	0.1287705734200199	delta_proportion		0.008828996282527882	2151	0.03777652507770127	True	True	True
A_fisher_reads	ES_vs_SPC	43085	ENSMUSG00000024233	1.4050975658351306e-05	5.821118487031256e-05	0.2263032263032263	delta_proportion		0.010687732342007435	2151	0.044277748274030804	True	True	True
A_fisher_reads	ES_vs_SPC	43086	ENSMUSG00000024233	1.4050975658351306e-05	5.821118487031256e-05	-0.2263032263032263	delta_proportion		0.010687732342007435	2151	0.044277748274030804	True	True	True
A_fisher_reads	ES_vs_SPC	156648	ENSMUSG00000027927	2.5303931662792105e-05	0.0001016050179075	0.1005335669568911	delta_proportion		0.011152416356877323	2151	0.04478124106376894	True	True	True
A_fisher_reads	ES_vs_SPC	156647	ENSMUSG00000027927	2.5303931662792105e-05	0.0001016050179075	-0.1005335669568912	delta_proportion		0.011152416356877323	2151	0.04478124106376894	True	True	True
A_fisher_reads	ES_vs_SPC	120006	ENSMUSG00000021270	0.0001051812296515	0.0004159439536218	-0.0498777892799632	delta_proportion		0.017193308550185873	2151	0.06697691838206736	True	False	False
A_fisher_reads	ES_vs_SPC	163023	ENSMUSG00000048686	0.0001142139487239	0.0004449229942827	0.0340247153551115	delta_proportion		0.017193308550185873	2151	0.06697691838206736	True	False	False
A_fisher_reads	ES_vs_SPC	113254	ENSMUSG00000037278	0.0001169812661476	0.0004490016244786	0.0569408878254015	delta_proportion		0.01812267657992565	2151	0.06955909687294992	True	False	False
A_fisher_reads	ES_vs_SPC	120021	ENSMUSG00000021270	0.0001348501076989	0.0005100851899917	0.0541479756153668	delta_proportion		0.019052044609665426	2151	0.07206642961047356	True	False	False
A_fisher_reads	ES_vs_SPC	133039	ENSMUSG00000048077	0.0001799229728156	0.0006708556557842	-0.0831919938362709	delta_proportion		0.019981412639405203	2151	0.07450212426978225	True	False	False
A_fisher_reads	ES_vs_SPC	16466	ENSMUSG00000035530	0.0002041649935597	0.0007505220185788	-0.0220677406663154	delta_proportion		0.02137546468401487	2151	0.07857741242997016	True	False	False
A_fisher_reads	ES_vs_SPC	176110	ENSMUSG00000030206	0.0002679397238608	0.0009712814989954	0.0410145223377151	delta_proportion		0.024163568773234202	2151	0.08639303355909762	True	False	False
A_fisher_reads	ES_vs_SPC	21537	ENSMUSG00000043319	0.0002959869697965	0.0010582547824232	-0.038983386712192	delta_proportion		0.024163568773234202	2151	0.08639303355909762	True	False	False
A_fisher_reads	ES_vs_SPC	131884	ENSMUSG00000033055	0.0006296266748899	0.0021911008286169	-0.066089903896521	delta_proportion		0.032063197026022304	2151	0.11157992565055762	True	False	False
A_fisher_reads	ES_vs_SPC	131883	ENSMUSG00000033055	0.0006296266748899	0.0021911008286169	0.066089903896521	delta_proportion		0.032063197026022304	2151	0.11157992565055762	True	False	False
A_fisher_reads	ES_vs_SPC	14307	ENSMUSG00000020827	0.0007148042800678	0.0024229080142557	0.0954703792260917	delta_proportion		0.032992565055762084	2151	0.11183194129290784	True	False	False
A_fisher_reads	ES_vs_SPC	14308	ENSMUSG00000020827	0.0007148042800678	0.0024229080142557	-0.0954703792260917	delta_proportion		0.032992565055762084	2151	0.11183194129290784	True	False	False
A_fisher_reads	ES_vs_SPC	78596	ENSMUSG00000030161	0.0007612235128929	0.0025257156336508	0.0512839943222624	delta_proportion		0.03671003717472119	2151	0.1212825278810409	True	False	False
A_fisher_reads	ES_vs_SPC	156830	ENSMUSG00000105734	0.0007644886400705	0.0025257156336508	-0.0954535660418013	delta_proportion		0.03671003717472119	2151	0.1212825278810409	True	False	False
A_fisher_reads	ES_vs_SPC	100885	ENSMUSG00000026182	0.0009580642494881	0.0031256846139551	0.0100290610209733	delta_proportion		0.040427509293680296	2151	0.13189474907063198	True	False	False
A_fisher_reads	ES_vs_SPC	139599	ENSMUSG00000118471	0.0010982337529598	0.0035387532039817	0.0581902960189421	delta_proportion		0.04228624535315985	2151	0.13625567947129286	True	False	False
A_fisher_reads	ES_vs_SPC	21333	ENSMUSG00000001175	0.0012639933807655	0.0040231984436561	0.0735069204450946	delta_proportion		0.04460966542750929	2151	0.1402785864648184	True	False	False
A_fisher_reads	ES_vs_SPC	113255	ENSMUSG00000037278	0.0012950566011259	0.0040724069023358	-0.0518415123910275	delta_proportion		0.04460966542750929	2151	0.1402785864648184	True	False	False
A_fisher_reads	ES_vs_SPC	95468	ENSMUSG00000050089	0.0016438299739191	0.0050475249787398	0.0775175800556511	delta_proportion		0.04600371747211896	2151	0.14125847364968294	True	False	False
A_fisher_reads	ES_vs_SPC	95469	ENSMUSG00000050089	0.0016438299739191	0.0050475249787398	-0.0775175800556511	delta_proportion		0.04600371747211896	2151	0.14125847364968294	True	False	False
A_fisher_reads	ES_vs_SPC	128405	ENSMUSG00000034913	0.0026027134638543	0.0078989327216974	0.0576050416416169	delta_proportion		0.055762081784386616	2151	0.1692314342526152	True	False	False
A_fisher_reads	ES_vs_SPC	70431	ENSMUSG00000036323	0.0037976810149073	0.0113930430447219	-0.0899653645963761	delta_proportion		0.06273234200743494	2151	0.18819702602230481	True	False	False
A_fisher_reads	ES_vs_SPC	75185	ENSMUSG00000029766	0.0040787266731327	0.0120971325191778	0.0668207467641163	delta_proportion		0.06552044609665428	2151	0.19432768671848596	True	False	False
A_fisher_reads	ES_vs_SPC	60538	ENSMUSG00000028156	0.0061118354223415	0.0179234724183275	0.0617634758599953	delta_proportion		0.07806691449814127	2151	0.2289378054383693	True	False	False
A_fisher_reads	ES_vs_SPC	107397	ENSMUSG00000078442	0.0067915720591497	0.0194791242575613	0.1397637318744099	delta_proportion		0.08178438661710037	2151	0.23456840557212305	True	False	True
A_fisher_reads	ES_vs_SPC	107398	ENSMUSG00000078442	0.0067915720591497	0.0194791242575613	-0.1397637318744099	delta_proportion		0.08178438661710037	2151	0.23456840557212305	True	False	True
A_fisher_reads	ES_vs_SPC	133807	ENSMUSG00000043050	0.0070141454287416	0.0198988256184954	-0.0083347031032453	delta_proportion		0.08364312267657993	2151	0.23729190237594958	True	False	False
A_fisher_reads	ES_vs_SPC	21328	ENSMUSG00000001175	0.0145806053924197	0.0408031756667317	-0.0521549555792497	delta_proportion		0.1092007434944238	2151	0.30512130698493445	True	False	False
A_fisher_reads	ES_vs_SPC	128404	ENSMUSG00000034913	0.0146953966002788	0.0408031756667317	-0.0454031303241105	delta_proportion		0.11013011152416356	2151	0.30512130698493445	True	False	False
A_fisher_reads	ES_vs_SPC	9505	ENSMUSG00000047129	0.0149808823169344	0.0411580029970515	0.0925720620842572	delta_proportion		0.11105947955390334	2151	0.30512130698493445	True	False	False
A_fisher_reads	ES_vs_SPC	156662	ENSMUSG00000074435	0.0162921974633188	0.0442944118533981	0.0089201832064344	delta_proportion		0.1171003717472119	2151	0.3183666356877323	True	False	False
A_fisher_reads	ES_vs_SPC	77092	ENSMUSG00000048206	0.0175488957830092	0.0467373652996472	0.0528610391911926	delta_proportion		0.12035315985130111	2151	0.3205323951141795	True	False	False
A_fisher_reads	ES_vs_SPC	77093	ENSMUSG00000048206	0.0175488957830092	0.0467373652996472	-0.0528610391911926	delta_proportion		0.12035315985130111	2151	0.3205323951141795	True	False	False
A_fisher_reads	ES_vs_SPC	157401	ENSMUSG00000055891	0.0194870561449966	0.0513749662004457	0.0382947781508858	delta_proportion		0.12871747211895912	2151	0.3359526022304833	False	False	False
A_fisher_reads	ES_vs_SPC	133813	ENSMUSG00000050058	0.0198724145024211	0.0518670018513191	-0.0208901536867633	delta_proportion		0.12871747211895912	2151	0.3359526022304833	False	False	False
A_fisher_reads	ES_vs_SPC	5267	ENSMUSG00000042800	0.0227723074052793	0.0582703160076265	0.0504992867332382	delta_proportion		0.137546468401487	2151	0.3519571397332167	False	False	False
A_fisher_reads	ES_vs_SPC	5268	ENSMUSG00000042800	0.0227723074052793	0.0582703160076265	-0.0504992867332382	delta_proportion		0.137546468401487	2151	0.3519571397332167	False	False	False
A_fisher_reads	ES_vs_SPC	86832	ENSMUSG00000031631	0.0268031827854183	0.0679187447280988	0.0376582673663883	delta_proportion		0.1496282527881041	2151	0.37915508716208907	False	False	False
A_fisher_reads	ES_vs_SPC	14806	ENSMUSG00000037926	0.0289052727959064	0.0725411173051113	-0.03824200913242	delta_proportion		0.15566914498141263	2151	0.3869490175252257	False	False	False
A_fisher_reads	ES_vs_SPC	86826	ENSMUSG00000031631	0.0292319856611658	0.072662364357755	-0.0482240293446399	delta_proportion		0.15566914498141263	2151	0.3869490175252257	False	False	False
A_fisher_reads	ES_vs_SPC	133040	ENSMUSG00000048077	0.0309174953946685	0.0761270405472498	0.0519839380009852	delta_proportion		0.15985130111524162	2151	0.3919222428748451	False	False	False
A_fisher_reads	ES_vs_SPC	53478	ENSMUSG00000100963	0.0327230414719974	0.0790806835573271	-0.0530335246863014	delta_proportion		0.1621747211895911	2151	0.3919222428748451	False	False	False
A_fisher_reads	ES_vs_SPC	53477	ENSMUSG00000100963	0.0327230414719974	0.0790806835573271	0.0530335246863014	delta_proportion		0.1621747211895911	2151	0.3919222428748451	False	False	False
A_fisher_reads	ES_vs_SPC	70433	ENSMUSG00000036323	0.0356701061451104	0.0854119055401267	0.0460018481755183	delta_proportion		0.16868029739776952	2151	0.4006654938927244	False	False	False
A_fisher_reads	ES_vs_SPC	133818	ENSMUSG00000038015	0.0366140041149764	0.0864079994443539	-0.0048931653299156	delta_proportion		0.17193308550185873	2151	0.4006654938927244	False	False	False
A_fisher_reads	ES_vs_SPC	138688	ENSMUSG00000024033	0.0367482296487482	0.0864079994443539	0.0254048006031734	delta_proportion		0.17193308550185873	2151	0.4006654938927244	False	False	False
A_fisher_reads	ES_vs_SPC	60541	ENSMUSG00000028156	0.0372329276591516	0.0867660189199872	-0.0512050762408565	delta_proportion		0.17193308550185873	2151	0.4006654938927244	False	False	False
A_fisher_reads	ES_vs_SPC	107176	ENSMUSG00000001666	0.0450904402962479	0.1041469461709798	0.036206305910935	delta_proportion		0.18912639405204462	2151	0.4368317597131296	False	False	False
A_fisher_reads	ES_vs_SPC	163020	ENSMUSG00000048686	0.0522134530696937	0.1195413267648252	-0.0177579441469602	delta_proportion		0.19981412639405205	2151	0.45560045256182324	False	False	False
A_fisher_reads	ES_vs_SPC	156663	ENSMUSG00000074435	0.0532240110942548	0.1207953643095696	0.0116548120425203	delta_proportion		0.20074349442379183	2151	0.45560045256182324	False	False	False
A_fisher_reads	ES_vs_SPC	33846	ENSMUSG00000022428	0.0545685298077575	0.121729797263459	0.0397887590290217	delta_proportion		0.2058550185873606	2151	0.45921504146411213	False	False	False
A_fisher_reads	ES_vs_SPC	33851	ENSMUSG00000022428	0.0545685298077575	0.121729797263459	-0.0397887590290217	delta_proportion		0.2058550185873606	2151	0.45921504146411213	False	False	False
A_fisher_reads	ES_vs_SPC	14713	ENSMUSG00000069808	0.0593723336001357	0.1293523878945275	-0.0089973904564993	delta_proportion		0.2137546468401487	2151	0.46491635687732336	False	False	False
A_fisher_reads	ES_vs_SPC	156831	ENSMUSG00000105734	0.0594723622503574	0.1293523878945275	-0.0664290664290664	delta_proportion		0.2137546468401487	2151	0.46491635687732336	False	False	False
A_fisher_reads	ES_vs_SPC	14712	ENSMUSG00000069808	0.0593723336001357	0.1293523878945275	0.0089973904564993	delta_proportion		0.2137546468401487	2151	0.46491635687732336	False	False	False
A_fisher_reads	ES_vs_SPC	191636	ENSMUSG00000118396	0.0638027388747663	0.1368962476663024	-0.0422376639300658	delta_proportion		0.22304832713754646	2151	0.47916539703821076	False	False	False
A_fisher_reads	ES_vs_SPC	163021	ENSMUSG00000048686	0.0639898169168157	0.1368962476663024	-0.0215233106005897	delta_proportion		0.22397769516728624	2151	0.47916539703821076	False	False	False
A_fisher_reads	ES_vs_SPC	9504	ENSMUSG00000047129	0.0646814284865637	0.1372508360568548	-0.0844881744271988	delta_proportion		0.22630111524163568	2151	0.4801999274639587	False	False	False
A_fisher_reads	ES_vs_SPC	133041	ENSMUSG00000048077	0.0689108243728464	0.1450461706557493	0.0312080558352857	delta_proportion		0.23466542750929367	2151	0.49393287564456173	False	False	False
A_fisher_reads	ES_vs_SPC	170276	ENSMUSG00000029433	0.0819920582766413	0.1711994176816271	0.0409231356886529	delta_proportion		0.25092936802973975	2151	0.5239405204460966	False	False	False
A_fisher_reads	ES_vs_SPC	138692	ENSMUSG00000024033	0.0920644309195696	0.1907048926191085	-0.0227493503884624	delta_proportion		0.2578996282527881	2151	0.5342206585236325	False	False	False
A_fisher_reads	ES_vs_SPC	170275	ENSMUSG00000029433	0.1005928199182459	0.206730125973718	-0.0252413292827992	delta_proportion		0.2648698884758364	2151	0.539240777809551	False	False	False
A_fisher_reads	ES_vs_SPC	50216	ENSMUSG00000026864	0.1033991943747843	0.2092030211768892	0.0512391863455693	delta_proportion		0.26765799256505574	2151	0.539240777809551	False	False	False
A_fisher_reads	ES_vs_SPC	50215	ENSMUSG00000026864	0.1033991943747843	0.2092030211768892	-0.0512391863455692	delta_proportion		0.26765799256505574	2151	0.539240777809551	False	False	False
A_fisher_reads	ES_vs_SPC	78597	ENSMUSG00000030161	0.1055430790712528	0.2118980279815154	-0.0354598458415096	delta_proportion		0.26858736059479554	2151	0.539240777809551	False	False	False
A_fisher_reads	ES_vs_SPC	58588	ENSMUSG00000027942	0.1165652698514649	0.2304813290244874	-0.0645820336868371	delta_proportion		0.28392193308550184	2151	0.5578996282527882	False	False	False
A_fisher_reads	ES_vs_SPC	58587	ENSMUSG00000027942	0.1165652698514649	0.2304813290244874	0.0645820336868371	delta_proportion		0.28392193308550184	2151	0.5578996282527882	False	False	False
A_fisher_reads	ES_vs_SPC	176109	ENSMUSG00000030206	0.1177297224224536	0.2310335154305293	0.0159752248021194	delta_proportion		0.2853159851301115	2151	0.5578996282527882	False	False	False
A_fisher_reads	ES_vs_SPC	8986	ENSMUSG00000020156	0.1198970152340744	0.2318008961192105	-0.0370347909728434	delta_proportion		0.28856877323420077	2151	0.5578996282527882	False	False	False
A_fisher_reads	ES_vs_SPC	8994	ENSMUSG00000020156	0.1198970152340744	0.2318008961192105	0.0370347909728433	delta_proportion		0.28856877323420077	2151	0.5578996282527882	False	False	False
A_fisher_reads	ES_vs_SPC	4552	ENSMUSG00000042708	0.1217995814443935	0.2320415383721658	-0.0595329617528349	delta_proportion		0.2941449814126394	2151	0.5603783952459772	False	False	False
A_fisher_reads	ES_vs_SPC	4551	ENSMUSG00000042708	0.1217995814443935	0.2320415383721658	0.0595329617528349	delta_proportion		0.2941449814126394	2151	0.5603783952459772	False	False	False
A_fisher_reads	ES_vs_SPC	160655	ENSMUSG00000070980	0.1459741286585904	0.274095306330159	-0.0227809242386932	delta_proportion		0.32342007434944237	2151	0.6072667417142259	False	False	False
A_fisher_reads	ES_vs_SPC	160656	ENSMUSG00000070980	0.1459741286585904	0.274095306330159	0.0227809242386932	delta_proportion		0.32342007434944237	2151	0.6072667417142259	False	False	False
A_fisher_reads	ES_vs_SPC	75184	ENSMUSG00000029766	0.1508982345854871	0.2813174230486582	0.0277263505201211	delta_proportion		0.3257434944237918	2151	0.6072667417142259	False	False	False
A_fisher_reads	ES_vs_SPC	110832	ENSMUSG00000044056	0.1558145396341544	0.2863915129895374	0.0665760869565217	delta_proportion		0.33039033457249073	2151	0.6072667417142259	False	False	False
A_fisher_reads	ES_vs_SPC	110830	ENSMUSG00000044056	0.1558145396341544	0.2863915129895374	-0.0665760869565217	delta_proportion		0.33039033457249073	2151	0.6072667417142259	False	False	False
A_fisher_reads	ES_vs_SPC	193515	ENSMUSG00000079579	0.1793089475292099	0.3272701769589076	0.041076729846997	delta_proportion		0.354089219330855	2151	0.6462747289884837	False	False	False
A_fisher_reads	ES_vs_SPC	40813	ENSMUSG00000002308	0.1860040703191218	0.3348073265744192	0.0399650441894208	delta_proportion		0.3601301115241636	2151	0.6482342007434945	False	False	False
A_fisher_reads	ES_vs_SPC	40812	ENSMUSG00000002308	0.1860040703191218	0.3348073265744192	-0.0399650441894209	delta_proportion		0.3601301115241636	2151	0.6482342007434945	False	False	False
A_fisher_reads	ES_vs_SPC	69332	ENSMUSG00000067367	0.2011945676706053	0.3596697408358081	0.0155014189160819	delta_proportion		0.3777881040892193	2151	0.661468523772256	False	False	False
A_fisher_reads	ES_vs_SPC	21539	ENSMUSG00000043319	0.202777592504134	0.3600336846501971	-0.0142353750425524	delta_proportion		0.3777881040892193	2151	0.661468523772256	False	False	False
A_fisher_reads	ES_vs_SPC	49197	ENSMUSG00000037708	0.2079126741317296	0.3641960264992043	0.0534132007233273	delta_proportion		0.3828996282527881	2151	0.661468523772256	False	False	False
A_fisher_reads	ES_vs_SPC	49198	ENSMUSG00000037708	0.2079126741317296	0.3641960264992043	-0.0534132007233273	delta_proportion		0.3828996282527881	2151	0.661468523772256	False	False	False
A_fisher_reads	ES_vs_SPC	191634	ENSMUSG00000118396	0.2095462172478773	0.3646104180113066	0.0281709424964985	delta_proportion		0.383364312267658	2151	0.661468523772256	False	False	False
A_fisher_reads	ES_vs_SPC	144968	ENSMUSG00000024654	0.2140784594989549	0.3675952495343897	0.0179192679720748	delta_proportion		0.38522304832713755	2151	0.661468523772256	False	False	False
A_fisher_reads	ES_vs_SPC	144966	ENSMUSG00000024654	0.2140784594989549	0.3675952495343897	-0.0179192679720748	delta_proportion		0.38522304832713755	2151	0.661468523772256	False	False	False
A_fisher_reads	ES_vs_SPC	163022	ENSMUSG00000048686	0.218978031772603	0.3735507600826758	-0.0119256635123857	delta_proportion		0.3903345724907063	2151	0.6658648589547342	False	False	False
A_fisher_reads	ES_vs_SPC	55487	ENSMUSG00000027502	0.2287811591038246	0.3803304619496702	-0.0324579953093159	delta_proportion		0.40055762081784385	2151	0.6658951530793455	False	False	False
A_fisher_reads	ES_vs_SPC	60540	ENSMUSG00000028156	0.2277990878366463	0.3803304619496702	-0.0269430694767512	delta_proportion		0.40055762081784385	2151	0.6658951530793455	False	False	False
A_fisher_reads	ES_vs_SPC	55486	ENSMUSG00000027502	0.2287811591038246	0.3803304619496702	0.032457995309316	delta_proportion		0.40055762081784385	2151	0.6658951530793455	False	False	False
A_fisher_reads	ES_vs_SPC	193510	ENSMUSG00000079579	0.2247870853633214	0.3803304619496702	-0.0394137984142073	delta_proportion		0.39776951672862454	2151	0.6658951530793455	False	False	False
A_fisher_reads	ES_vs_SPC	47890	ENSMUSG00000025176	0.2377266121496991	0.3927002896903257	0.0123392065121917	delta_proportion		0.40845724907063197	2151	0.6747300127052844	False	False	False
A_fisher_reads	ES_vs_SPC	148140	ENSMUSG00000026853	0.2483423436060959	0.3976524643017856	-0.0356278222711182	delta_proportion		0.42239776951672864	2151	0.6763547106985656	False	False	False
A_fisher_reads	ES_vs_SPC	70434	ENSMUSG00000036323	0.2473165033030025	0.3976524643017856	0.0267479100701349	delta_proportion		0.42239776951672864	2151	0.6763547106985656	False	False	False
A_fisher_reads	ES_vs_SPC	22889	ENSMUSG00000085861	0.242324035219656	0.3976524643017856	0.0310204656591471	delta_proportion		0.4117100371747212	2151	0.6758259100792594	False	False	False
A_fisher_reads	ES_vs_SPC	14807	ENSMUSG00000037926	0.2458993431563668	0.3976524643017856	0.0175355149670218	delta_proportion		0.41960966542750927	2151	0.6763547106985656	False	False	False
A_fisher_reads	ES_vs_SPC	148139	ENSMUSG00000026853	0.2483423436060959	0.3976524643017856	0.0356278222711182	delta_proportion		0.42239776951672864	2151	0.6763547106985656	False	False	False
A_fisher_reads	ES_vs_SPC	104292	ENSMUSG00000060743	0.2707377887625789	0.4282579567698976	0.0245214380131439	delta_proportion		0.4433085501858736	2151	0.7012335248394728	False	False	False
A_fisher_reads	ES_vs_SPC	104291	ENSMUSG00000060743	0.2707377887625789	0.4282579567698976	-0.0245214380131439	delta_proportion		0.4433085501858736	2151	0.7012335248394728	False	False	False
A_fisher_reads	ES_vs_SPC	21327	ENSMUSG00000001175	0.2893090020096723	0.4548774067742439	-0.0213519648658447	delta_proportion		0.4637546468401487	2151	0.7291564025619206	False	False	False
A_fisher_reads	ES_vs_SPC	14791	ENSMUSG00000037926	0.3142044620521771	0.490043709146978	0.0207064941653982	delta_proportion		0.48234200743494426	2151	0.7522404407859798	False	False	False
A_fisher_reads	ES_vs_SPC	69337	ENSMUSG00000067367	0.3154304334739168	0.490043709146978	-0.0168616211076136	delta_proportion		0.48420074349442377	2151	0.7522404407859798	False	False	False
A_fisher_reads	ES_vs_SPC	141137	ENSMUSG00000036438	0.3418156389489925	0.522491023740523	0.0151535663453574	delta_proportion		0.5009293680297398	2151	0.7632434944237918	False	False	False
A_fisher_reads	ES_vs_SPC	189507	ENSMUSG00000045620	0.3423217052093081	0.522491023740523	0.0513978715395406	delta_proportion		0.5009293680297398	2151	0.7632434944237918	False	False	False
A_fisher_reads	ES_vs_SPC	189508	ENSMUSG00000045620	0.3423217052093081	0.522491023740523	-0.0513978715395407	delta_proportion		0.5009293680297398	2151	0.7632434944237918	False	False	False
A_fisher_reads	ES_vs_SPC	107178	ENSMUSG00000001666	0.3460118613171664	0.5250528825801187	-0.0223177102140054	delta_proportion		0.504182156133829	2151	0.7632434944237918	False	False	False
A_fisher_reads	ES_vs_SPC	28058	ENSMUSG00000078127	0.3544807467361232	0.5317211201041847	-0.0196447437929213	delta_proportion		0.5088289962825279	2151	0.7632434944237918	False	False	False
A_fisher_reads	ES_vs_SPC	28057	ENSMUSG00000078127	0.3544807467361232	0.5317211201041847	0.0196447437929213	delta_proportion		0.5088289962825279	2151	0.7632434944237918	False	False	False
A_fisher_reads	ES_vs_SPC	78595	ENSMUSG00000030161	0.3878257761578927	0.5784144432983428	-0.0158241484807528	delta_proportion		0.5413568773234201	2151	0.8073951141795007	False	False	False
A_fisher_reads	ES_vs_SPC	182135	ENSMUSG00000030976	0.397619339245276	0.5865922156740576	0.037165133471202	delta_proportion		0.554368029739777	2151	0.8174579421586542	False	False	False
A_fisher_reads	ES_vs_SPC	70432	ENSMUSG00000036323	0.3978039163766597	0.5865922156740576	0.0172156063507229	delta_proportion		0.554368029739777	2151	0.8174579421586542	False	False	False
A_fisher_reads	ES_vs_SPC	132218	ENSMUSG00000063480	0.436490441064588	0.6259560720761399	-0.0257881368594053	delta_proportion		0.5794609665427509	2151	0.8309852322398791	False	False	False
A_fisher_reads	ES_vs_SPC	184890	ENSMUSG00000090137	0.429706244984566	0.6259560720761399	-0.0051249403263474	delta_proportion		0.5766728624535316	2151	0.8309852322398791	False	False	False
A_fisher_reads	ES_vs_SPC	184889	ENSMUSG00000090137	0.429706244984566	0.6259560720761399	0.0051249403263474	delta_proportion		0.5766728624535316	2151	0.8309852322398791	False	False	False
A_fisher_reads	ES_vs_SPC	123572	ENSMUSG00000046957	0.4351726599324783	0.6259560720761399	-0.011612222822259	delta_proportion		0.5785315985130112	2151	0.8309852322398791	False	False	False
A_fisher_reads	ES_vs_SPC	123573	ENSMUSG00000046957	0.4351726599324783	0.6259560720761399	0.011612222822259	delta_proportion		0.5785315985130112	2151	0.8309852322398791	False	False	False
A_fisher_reads	ES_vs_SPC	13911	ENSMUSG00000042200	0.4441557213927915	0.6334679960848011	0.019669766187872	delta_proportion		0.5836431226765799	2151	0.8318399466623566	False	False	False
A_fisher_reads	ES_vs_SPC	133814	ENSMUSG00000050058	0.4497538961725679	0.637966124462175	-0.0059321354200227	delta_proportion		0.5864312267657993	2151	0.8318399466623566	False	False	False
A_fisher_reads	ES_vs_SPC	22888	ENSMUSG00000085861	0.4566440239897896	0.6442383257369465	-0.0309399714245467	delta_proportion		0.595724907063197	2151	0.8373034411466513	False	False	False
A_fisher_reads	ES_vs_SPC	112532	ENSMUSG00000041165	0.4652309392138977	0.6493330221113759	0.0262643944955817	delta_proportion		0.599907063197026	2151	0.8373034411466513	False	False	False
A_fisher_reads	ES_vs_SPC	112531	ENSMUSG00000041165	0.4652309392138977	0.6493330221113759	-0.0262643944955817	delta_proportion		0.599907063197026	2151	0.8373034411466513	False	False	False
A_fisher_reads	ES_vs_SPC	60539	ENSMUSG00000028156	0.4722428274577805	0.6556137125876634	0.0163846698576125	delta_proportion		0.6087360594795539	2151	0.8451069761923594	False	False	False
A_fisher_reads	ES_vs_SPC	182134	ENSMUSG00000030976	0.4807674115277434	0.6639169016335504	-0.0315553020038508	delta_proportion		0.6138475836431226	2151	0.847694282173836	False	False	False
A_fisher_reads	ES_vs_SPC	115835	ENSMUSG00000020743	0.5142676832791854	0.7027427504495675	-0.0281732818110138	delta_proportion		0.633364312267658	2151	0.8588280527616856	False	False	False
A_fisher_reads	ES_vs_SPC	115836	ENSMUSG00000020743	0.5142676832791854	0.7027427504495675	0.0281732818110138	delta_proportion		0.633364312267658	2151	0.8588280527616856	False	False	False
A_fisher_reads	ES_vs_SPC	28623	ENSMUSG00000072145	0.5219806189343614	0.7033298650885148	-0.025316274543477	delta_proportion		0.6384758364312267	2151	0.8588280527616856	False	False	False
A_fisher_reads	ES_vs_SPC	123855	ENSMUSG00000045022	0.5227815855447198	0.7033298650885148	-0.0114382134478597	delta_proportion		0.6384758364312267	2151	0.8588280527616856	False	False	False
A_fisher_reads	ES_vs_SPC	28622	ENSMUSG00000072145	0.5219806189343614	0.7033298650885148	0.0253162745434769	delta_proportion		0.6384758364312267	2151	0.8588280527616856	False	False	False
A_fisher_reads	ES_vs_SPC	60473	ENSMUSG00000037894	0.5325206252866289	0.7055222497452293	-0.0110773994074802	delta_proportion		0.6482342007434945	2151	0.8588280527616856	False	False	False
A_fisher_reads	ES_vs_SPC	60474	ENSMUSG00000037894	0.5325206252866289	0.7055222497452293	0.0110773994074801	delta_proportion		0.6482342007434945	2151	0.8588280527616856	False	False	False
A_fisher_reads	ES_vs_SPC	86833	ENSMUSG00000031631	0.5283088265844907	0.7055222497452293	0.0105657619782515	delta_proportion		0.6426579925650557	2151	0.8588280527616856	False	False	False
A_fisher_reads	ES_vs_SPC	64715	ENSMUSG00000048772	0.552592627801531	0.7247571651065305	-0.0079476768632398	delta_proportion		0.6631040892193308	2151	0.8670795650002774	False	False	False
A_fisher_reads	ES_vs_SPC	64714	ENSMUSG00000048772	0.552592627801531	0.7247571651065305	0.0079476768632398	delta_proportion		0.6631040892193308	2151	0.8670795650002774	False	False	False
A_fisher_reads	ES_vs_SPC	17704	ENSMUSG00000017716	0.5611578578115903	0.7286676661135576	0.0192309074573225	delta_proportion		0.6677509293680297	2151	0.8670795650002774	False	False	False
A_fisher_reads	ES_vs_SPC	17703	ENSMUSG00000017716	0.5611578578115903	0.7286676661135576	-0.0192309074573225	delta_proportion		0.6677509293680297	2151	0.8670795650002774	False	False	False
A_fisher_reads	ES_vs_SPC	170277	ENSMUSG00000029433	0.5746119924630451	0.7424442080834395	-0.0128446006071972	delta_proportion		0.6737918215613383	2151	0.8705924031064817	False	False	False
A_fisher_reads	ES_vs_SPC	73863	ENSMUSG00000047843	0.5906963227581132	0.7524108742594782	0.0423145727260216	delta_proportion		0.6886617100371747	2151	0.8767839332668419	False	False	False
A_fisher_reads	ES_vs_SPC	73864	ENSMUSG00000047843	0.5906963227581132	0.7524108742594782	-0.0423145727260217	delta_proportion		0.6886617100371747	2151	0.8767839332668419	False	False	False
A_fisher_reads	ES_vs_SPC	191635	ENSMUSG00000118396	0.59097405832641	0.7524108742594782	0.0140667214335672	delta_proportion		0.6886617100371747	2151	0.8767839332668419	False	False	False
A_fisher_reads	ES_vs_SPC	128406	ENSMUSG00000034913	0.6001070822377244	0.7566567558649568	-0.0122019113175064	delta_proportion		0.7016728624535316	2151	0.8816306834429511	False	False	False
A_fisher_reads	ES_vs_SPC	107177	ENSMUSG00000001666	0.5994194181110961	0.7566567558649568	-0.0138885956969295	delta_proportion		0.7012081784386617	2151	0.8816306834429511	False	False	False
A_fisher_reads	ES_vs_SPC	123854	ENSMUSG00000045022	0.6058591928392272	0.7602367756299918	0.0113688829926772	delta_proportion		0.7026022304832714	2151	0.8816306834429511	False	False	False
A_fisher_reads	ES_vs_SPC	141127	ENSMUSG00000036438	0.6210602598462669	0.7755824297601706	-0.0082301320812137	delta_proportion		0.7184014869888475	2151	0.8971425268138239	False	False	False
A_fisher_reads	ES_vs_SPC	132217	ENSMUSG00000063480	0.652094485167908	0.8060030276519236	0.0127297176154191	delta_proportion		0.7355947955390335	2151	0.9033848104784074	False	False	False
A_fisher_reads	ES_vs_SPC	137284	ENSMUSG00000046173	0.6546844515793402	0.8060030276519236	-0.0263262977752424	delta_proportion		0.7379182156133829	2151	0.9033848104784074	False	False	False
A_fisher_reads	ES_vs_SPC	16467	ENSMUSG00000035530	0.6535506652627755	0.8060030276519236	0.0025274523744515	delta_proportion		0.7365241635687733	2151	0.9033848104784074	False	False	False
A_fisher_reads	ES_vs_SPC	120005	ENSMUSG00000021270	0.6622294020400012	0.8076723080955155	-0.0042701863354037	delta_proportion		0.7407063197026023	2151	0.9033848104784074	False	False	False
A_fisher_reads	ES_vs_SPC	13910	ENSMUSG00000042200	0.6595058425061636	0.8076723080955155	-0.0115458290945756	delta_proportion		0.7388475836431226	2151	0.9033848104784074	False	False	False
A_fisher_reads	ES_vs_SPC	113256	ENSMUSG00000037278	0.6793927909564508	0.8247512485564356	-0.0050993754343739	delta_proportion		0.7592936802973977	2151	0.9217472118959108	False	False	False
A_fisher_reads	ES_vs_SPC	17886	ENSMUSG00000025156	0.7183383906525718	0.8451727220988569	0.0148472125892779	delta_proportion		0.7862453531598513	2151	0.9243695368230684	False	False	False
A_fisher_reads	ES_vs_SPC	17885	ENSMUSG00000025156	0.7183383906525718	0.8451727220988569	-0.0148472125892779	delta_proportion		0.7862453531598513	2151	0.9243695368230684	False	False	False
A_fisher_reads	ES_vs_SPC	141128	ENSMUSG00000036438	0.7032319172980778	0.8451727220988569	-0.0069234342641437	delta_proportion		0.7760223048327137	2151	0.9243695368230684	False	False	False
A_fisher_reads	ES_vs_SPC	24859	ENSMUSG00000021534	0.7188825452335105	0.8451727220988569	-0.010372093254412	delta_proportion		0.7862453531598513	2151	0.9243695368230684	False	False	False
A_fisher_reads	ES_vs_SPC	24860	ENSMUSG00000021534	0.7188825452335105	0.8451727220988569	0.0103720932544119	delta_proportion		0.7862453531598513	2151	0.9243695368230684	False	False	False
A_fisher_reads	ES_vs_SPC	153593	ENSMUSG00000027496	0.7144050171108669	0.8451727220988569	-0.01537464629569	delta_proportion		0.783457249070632	2151	0.9243695368230684	False	False	False
A_fisher_reads	ES_vs_SPC	153594	ENSMUSG00000027496	0.7144050171108669	0.8451727220988569	0.01537464629569	delta_proportion		0.783457249070632	2151	0.9243695368230684	False	False	False
A_fisher_reads	ES_vs_SPC	132219	ENSMUSG00000063480	0.7263297560256545	0.8500989521197123	0.0130584192439862	delta_proportion		0.7936802973977695	2151	0.9289262673579275	False	False	False
A_fisher_reads	ES_vs_SPC	73532	ENSMUSG00000029723	0.7516399490875615	0.8662358318558422	-0.0173202614379085	delta_proportion		0.8094795539033457	2151	0.932860324582808	False	False	False
A_fisher_reads	ES_vs_SPC	73531	ENSMUSG00000029723	0.7516399490875615	0.8662358318558422	0.0173202614379085	delta_proportion		0.8094795539033457	2151	0.932860324582808	False	False	False
A_fisher_reads	ES_vs_SPC	171546	ENSMUSG00000095040	0.7533928499282612	0.8662358318558422	0.0106142202042185	delta_proportion		0.8113382899628253	2151	0.932860324582808	False	False	False
A_fisher_reads	ES_vs_SPC	171545	ENSMUSG00000095040	0.7533928499282612	0.8662358318558422	-0.0106142202042185	delta_proportion		0.8113382899628253	2151	0.932860324582808	False	False	False
A_fisher_reads	ES_vs_SPC	51119	ENSMUSG00000027088	0.7761825584241717	0.878933860040408	-0.0108921395999819	delta_proportion		0.8308550185873605	2151	0.9342865918971709	False	False	False
A_fisher_reads	ES_vs_SPC	181350	ENSMUSG00000030968	0.7812745422581404	0.878933860040408	-0.023076923076923	delta_proportion		0.8364312267657993	2151	0.9342865918971709	False	False	False
A_fisher_reads	ES_vs_SPC	181349	ENSMUSG00000030968	0.7812745422581404	0.878933860040408	0.0230769230769231	delta_proportion		0.8364312267657993	2151	0.9342865918971709	False	False	False
A_fisher_reads	ES_vs_SPC	51118	ENSMUSG00000027088	0.7761825584241717	0.878933860040408	0.0108921395999819	delta_proportion		0.8308550185873605	2151	0.9342865918971709	False	False	False
A_fisher_reads	ES_vs_SPC	13912	ENSMUSG00000042200	0.77090557028447	0.878933860040408	-0.0081239370932963	delta_proportion		0.8262081784386617	2151	0.9342865918971709	False	False	False
A_fisher_reads	ES_vs_SPC	137277	ENSMUSG00000046173	0.7980600132730924	0.8841530624959284	0.0146463205932687	delta_proportion		0.8438661710037175	2151	0.9342865918971709	False	False	False
A_fisher_reads	ES_vs_SPC	141074	ENSMUSG00000053375	0.7946191728792626	0.8841530624959284	-0.0088152024708304	delta_proportion		0.8410780669144982	2151	0.9342865918971709	False	False	False
A_fisher_reads	ES_vs_SPC	141075	ENSMUSG00000053375	0.7946191728792626	0.8841530624959284	0.0088152024708304	delta_proportion		0.8410780669144982	2151	0.9342865918971709	False	False	False
A_fisher_reads	ES_vs_SPC	137276	ENSMUSG00000046173	0.7994640718353989	0.8841530624959284	0.0116799771819737	delta_proportion		0.8447955390334573	2151	0.9342865918971709	False	False	False
A_fisher_reads	ES_vs_SPC	9503	ENSMUSG00000047129	0.844006626219124	0.9294756516590356	-0.0080838876570583	delta_proportion		0.8819702602230484	2151	0.9712837042962685	False	False	False
A_fisher_reads	ES_vs_SPC	70646	ENSMUSG00000100704	0.8693921038192612	0.9487985191472816	-0.0088714382883797	delta_proportion		0.8968401486988847	2151	0.9752718977541553	False	False	False
A_fisher_reads	ES_vs_SPC	138689	ENSMUSG00000024033	0.8724584084112934	0.9487985191472816	-0.0026554502147109	delta_proportion		0.8982342007434945	2151	0.9752718977541553	False	False	False
A_fisher_reads	ES_vs_SPC	70644	ENSMUSG00000100704	0.8693921038192612	0.9487985191472816	0.0088714382883797	delta_proportion		0.8968401486988847	2151	0.9752718977541553	False	False	False
A_fisher_reads	ES_vs_SPC	120861	ENSMUSG00000059395	0.8837018094461022	0.95308335646873	-0.0073467804080249	delta_proportion		0.904275092936803	2151	0.9752718977541553	False	False	False
A_fisher_reads	ES_vs_SPC	120860	ENSMUSG00000059395	0.8837018094461022	0.95308335646873	0.007346780408025	delta_proportion		0.904275092936803	2151	0.9752718977541553	False	False	False
A_fisher_reads	ES_vs_SPC	159534	ENSMUSG00000028264	0.9019005102521632	0.9647378408844862	0.0051039462218349	delta_proportion		0.9144981412639405	2151	0.9782131756962642	False	False	False
A_fisher_reads	ES_vs_SPC	159535	ENSMUSG00000028264	0.9019005102521632	0.9647378408844862	-0.0051039462218349	delta_proportion		0.9144981412639405	2151	0.9782131756962642	False	False	False
A_fisher_reads	ES_vs_SPC	182133	ENSMUSG00000030976	0.9116242024345425	0.971158844226186	-0.0056098314673512	delta_proportion		0.9247211895910781	2151	0.985111144829679	False	False	False
A_fisher_reads	ES_vs_SPC	108800	ENSMUSG00000074748	0.9354647300907974	0.982162186945598	-0.0032878881825779	delta_proportion		0.9460966542750929	2151	0.9875178159483963	False	False	False
A_fisher_reads	ES_vs_SPC	170278	ENSMUSG00000029433	0.9468900278468286	0.982162186945598	-0.0028372057986564	delta_proportion		0.9502788104089219	2151	0.9875178159483963	False	False	False
A_fisher_reads	ES_vs_SPC	108806	ENSMUSG00000074748	0.9354647300907974	0.982162186945598	0.0032878881825778	delta_proportion		0.9460966542750929	2151	0.9875178159483963	False	False	False
A_fisher_reads	ES_vs_SPC	82460	ENSMUSG00000038646	0.941834159558726	0.982162186945598	-0.0035774273062408	delta_proportion		0.9484200743494424	2151	0.9875178159483963	False	False	False
A_fisher_reads	ES_vs_SPC	115882	ENSMUSG00000016559	0.9520575988399858	0.982162186945598	-0.0012710867180873	delta_proportion		0.9572490706319703	2151	0.9875178159483963	False	False	False
A_fisher_reads	ES_vs_SPC	115883	ENSMUSG00000016559	0.9520575988399858	0.982162186945598	0.0012710867180873	delta_proportion		0.9572490706319703	2151	0.9875178159483963	False	False	False
A_fisher_reads	ES_vs_SPC	69336	ENSMUSG00000067367	0.9378029413163086	0.982162186945598	0.0014158314435075	delta_proportion		0.9465613382899628	2151	0.9875178159483963	False	False	False
A_fisher_reads	ES_vs_SPC	82461	ENSMUSG00000038646	0.941834159558726	0.982162186945598	0.0035774273062408	delta_proportion		0.9484200743494424	2151	0.9875178159483963	False	False	False
A_fisher_reads	ES_vs_SPC	69324	ENSMUSG00000067367	1.0	1.0	-5.5629251975886085e-05	delta_proportion		1.0	2151	1.0	False	False	False
A_fisher_reads	ES_vs_SPC	21550	ENSMUSG00000021203	1.0	1.0	-0.0001202955834335	delta_proportion		1.0	2151	1.0	False	False	False
A_fisher_reads	ES_vs_SPC	123856	ENSMUSG00000045022	1.0	1.0	6.933045518253689e-05	delta_proportion		1.0	2151	1.0	False	False	False
A_fisher_reads	ES_vs_SPC	193511	ENSMUSG00000079579	1.0	1.0	-0.0016629314327896	delta_proportion		1.0	2151	1.0	False	False	False
A_fisher_reads	ES_vs_SPC	21549	ENSMUSG00000021203	1.0	1.0	0.0001202955834336	delta_proportion		1.0	2151	1.0	False	False	False
A_fisher_reads	ES_vs_SPC	55921	ENSMUSG00000047841	1.0	1.0	-9.259028443020512e-05	delta_proportion		1.0	2151	1.0	False	False	False
A_fisher_reads	ES_vs_SPC	55922	ENSMUSG00000047841	1.0	1.0	9.259028443031614e-05	delta_proportion		1.0	2151	1.0	False	False	False
A_fisher_reads	ES_vs_SPC	22887	ENSMUSG00000085861	1.0	1.0	-8.04942346004367e-05	delta_proportion		1.0	2151	1.0	False	False	False
A_fisher_reads	RS_vs_SPC	179766	ENSMUSG00000030544	0.0	0.0	0.280634269532364	delta_proportion		0.00046468401486988845	2151	0.0031916454705537074	True	True	True
A_fisher_reads	RS_vs_SPC	179769	ENSMUSG00000030544	0.0	0.0	-0.280634269532364	delta_proportion		0.00046468401486988845	2151	0.0031916454705537074	True	True	True
A_fisher_reads	RS_vs_SPC	89827	ENSMUSG00000092329	2.060111127906382e-241	1.7922966812785525e-239	-0.2124795008434485	delta_proportion		0.00046468401486988845	2151	0.0031916454705537074	True	True	True
A_fisher_reads	RS_vs_SPC	89959	ENSMUSG00000092329	7.665334389251587e-165	5.00163068898666e-163	0.161148191395419	delta_proportion		0.00046468401486988845	2151	0.0031916454705537074	True	True	True
A_fisher_reads	RS_vs_SPC	120021	ENSMUSG00000021270	5.524068423951651e-128	2.883563717302762e-126	0.1045085737324349	delta_proportion		0.00046468401486988845	2151	0.0031916454705537074	True	True	True
A_fisher_reads	RS_vs_SPC	33846	ENSMUSG00000022428	1.1287938115748464e-104	4.208788354586213e-103	-0.1259214548764341	delta_proportion		0.00046468401486988845	2151	0.0031916454705537074	True	True	True
A_fisher_reads	RS_vs_SPC	33851	ENSMUSG00000022428	1.1287938115748464e-104	4.208788354586213e-103	0.1259214548764341	delta_proportion		0.00046468401486988845	2151	0.0031916454705537074	True	True	True
A_fisher_reads	RS_vs_SPC	120006	ENSMUSG00000021270	1.5677602341580324e-93	5.114817763940581e-92	-0.0808248999142829	delta_proportion		0.00046468401486988845	2151	0.0031916454705537074	True	True	False
A_fisher_reads	RS_vs_SPC	8994	ENSMUSG00000020156	4.66004998082091e-81	1.2162730449942576e-79	0.1197233844422404	delta_proportion		0.00046468401486988845	2151	0.0031916454705537074	True	True	True
A_fisher_reads	RS_vs_SPC	8986	ENSMUSG00000020156	4.66004998082091e-81	1.2162730449942576e-79	-0.1197233844422403	delta_proportion		0.00046468401486988845	2151	0.0031916454705537074	True	True	True
A_fisher_reads	RS_vs_SPC	59395	ENSMUSG00000005687	6.5918186580819446e-77	1.433720558132823e-75	0.2749724290714495	delta_proportion		0.00046468401486988845	2151	0.0031916454705537074	True	True	True
A_fisher_reads	RS_vs_SPC	59396	ENSMUSG00000005687	6.5918186580819446e-77	1.433720558132823e-75	-0.2749724290714494	delta_proportion		0.00046468401486988845	2151	0.0031916454705537074	True	True	True
A_fisher_reads	RS_vs_SPC	14791	ENSMUSG00000037926	1.706911537964073e-71	3.4269531646817156e-70	0.1084454750469278	delta_proportion		0.00046468401486988845	2151	0.0031916454705537074	True	True	True
A_fisher_reads	RS_vs_SPC	133821	ENSMUSG00000022501	2.183729682641488e-68	4.071096051210202e-67	-0.0647281026770926	delta_proportion		0.00046468401486988845	2151	0.0031916454705537074	True	True	False
A_fisher_reads	RS_vs_SPC	89958	ENSMUSG00000092329	2.4813122462897947e-47	4.3174833085442435e-46	0.0513313094480296	delta_proportion		0.00046468401486988845	2151	0.0031916454705537074	True	True	False
A_fisher_reads	RS_vs_SPC	133823	ENSMUSG00000022501	1.484732094779854e-41	2.421969229609637e-40	0.0521786680152213	delta_proportion		0.00046468401486988845	2151	0.0031916454705537074	True	True	False
A_fisher_reads	RS_vs_SPC	14806	ENSMUSG00000037926	2.9464179672591536e-35	4.523618173262583e-34	-0.0652158512250526	delta_proportion		0.00046468401486988845	2151	0.0031916454705537074	True	True	False
A_fisher_reads	RS_vs_SPC	188695	ENSMUSG00000001948	4.746533981682101e-31	6.520238785363307e-30	0.0440678284912781	delta_proportion		0.00046468401486988845	2151	0.0031916454705537074	True	True	False
A_fisher_reads	RS_vs_SPC	188683	ENSMUSG00000001948	4.746533981682101e-31	6.520238785363307e-30	-0.0440678284912781	delta_proportion		0.00046468401486988845	2151	0.0031916454705537074	True	True	False
A_fisher_reads	RS_vs_SPC	57855	ENSMUSG00000048416	8.760489765299663e-31	1.0888037279729581e-29	-0.1130967131379426	delta_proportion		0.00046468401486988845	2151	0.0031916454705537074	True	True	True
A_fisher_reads	RS_vs_SPC	57852	ENSMUSG00000048416	8.760489765299663e-31	1.0888037279729581e-29	0.1130967131379426	delta_proportion		0.00046468401486988845	2151	0.0031916454705537074	True	True	True
A_fisher_reads	RS_vs_SPC	133806	ENSMUSG00000043050	1.881210648706756e-27	2.2317999059657423e-26	-0.074629471202874	delta_proportion		0.00046468401486988845	2151	0.0031916454705537074	True	True	False
A_fisher_reads	RS_vs_SPC	14807	ENSMUSG00000037926	7.0282772226707625e-22	7.97556676137856e-21	-0.043229623821875	delta_proportion		0.00046468401486988845	2151	0.0031916454705537074	True	True	False
A_fisher_reads	RS_vs_SPC	120005	ENSMUSG00000021270	2.886323970963367e-21	3.138877318422661e-20	-0.023683673818152	delta_proportion		0.00046468401486988845	2151	0.0031916454705537074	True	True	False
A_fisher_reads	RS_vs_SPC	139597	ENSMUSG00000118471	9.214496322643971e-17	9.619934160840304e-16	-0.1582193944566681	delta_proportion		0.00046468401486988845	2151	0.0031916454705537074	True	True	True
A_fisher_reads	RS_vs_SPC	86826	ENSMUSG00000031631	1.9522038802372668e-16	1.9597123566997176e-15	-0.0565164393600985	delta_proportion		0.00046468401486988845	2151	0.0031916454705537074	True	True	False
A_fisher_reads	RS_vs_SPC	156696	ENSMUSG00000028141	1.4724881792917868e-15	1.3725693385541298e-14	-0.118264206401045	delta_proportion		0.00046468401486988845	2151	0.0031916454705537074	True	True	True
A_fisher_reads	RS_vs_SPC	156697	ENSMUSG00000028141	1.4724881792917868e-15	1.3725693385541298e-14	0.118264206401045	delta_proportion		0.00046468401486988845	2151	0.0031916454705537074	True	True	True
A_fisher_reads	RS_vs_SPC	133809	ENSMUSG00000043050	2.0905112404295607e-15	1.8814601163866042e-14	0.0579746108562572	delta_proportion		0.00046468401486988845	2151	0.0031916454705537074	True	True	False
A_fisher_reads	RS_vs_SPC	153593	ENSMUSG00000027496	6.791920060728486e-14	5.718358502742372e-13	-0.0808099786656322	delta_proportion		0.00046468401486988845	2151	0.0031916454705537074	True	True	False
A_fisher_reads	RS_vs_SPC	153594	ENSMUSG00000027496	6.791920060728486e-14	5.718358502742372e-13	0.0808099786656322	delta_proportion		0.00046468401486988845	2151	0.0031916454705537074	True	True	False
A_fisher_reads	RS_vs_SPC	100884	ENSMUSG00000026182	1.9246227928133074e-13	1.5697704653883537e-12	-0.0488278634048263	delta_proportion		0.00046468401486988845	2151	0.0031916454705537074	True	True	False
A_fisher_reads	RS_vs_SPC	157399	ENSMUSG00000055891	6.023760197617946e-13	4.7642467017523746e-12	-0.1287635175847525	delta_proportion		0.00046468401486988845	2151	0.0031916454705537074	True	True	True
A_fisher_reads	RS_vs_SPC	86832	ENSMUSG00000031631	1.386273272074839e-12	1.0641686000339204e-11	0.0379648364839003	delta_proportion		0.00046468401486988845	2151	0.0031916454705537074	True	True	False
A_fisher_reads	RS_vs_SPC	133812	ENSMUSG00000050058	1.8317692437521178e-12	1.3659764931980078e-11	-0.0592601453587459	delta_proportion		0.00046468401486988845	2151	0.0031916454705537074	True	True	False
A_fisher_reads	RS_vs_SPC	156660	ENSMUSG00000074435	1.961135233765301e-12	1.4218230444798431e-11	-0.0709541122306239	delta_proportion		0.00046468401486988845	2151	0.0031916454705537074	True	True	False
A_fisher_reads	RS_vs_SPC	133817	ENSMUSG00000038015	2.4875481841763907e-12	1.754729935324427e-11	0.025761541947692	delta_proportion		0.00046468401486988845	2151	0.0031916454705537074	True	True	False
A_fisher_reads	RS_vs_SPC	47892	ENSMUSG00000025176	2.8987823647713047e-12	1.991005782119238e-11	-0.0954418663173873	delta_proportion		0.00046468401486988845	2151	0.0031916454705537074	True	True	False
A_fisher_reads	RS_vs_SPC	133815	ENSMUSG00000050058	1.1703063653803008e-11	7.832050291391244e-11	0.0752434149794995	delta_proportion		0.0009293680297397769	2151	0.005160958633235783	True	True	False
A_fisher_reads	RS_vs_SPC	170278	ENSMUSG00000029433	3.1325678247750464e-11	2.0440005056657175e-10	0.0561564761683071	delta_proportion		0.0009293680297397769	2151	0.005160958633235783	True	True	False
A_fisher_reads	RS_vs_SPC	21540	ENSMUSG00000043319	1.8327815757668732e-10	1.1667219299394e-09	0.0210236479462841	delta_proportion		0.0009293680297397769	2151	0.005160958633235783	True	True	False
A_fisher_reads	RS_vs_SPC	47891	ENSMUSG00000025176	3.326699716305185e-10	2.067306252275365e-09	0.0892474867951993	delta_proportion		0.0009293680297397769	2151	0.005160958633235783	True	True	False
A_fisher_reads	RS_vs_SPC	81209	ENSMUSG00000051113	3.5788930363240285e-10	2.1229342783649355e-09	0.130548869794248	delta_proportion		0.0009293680297397769	2151	0.005160958633235783	True	True	True
A_fisher_reads	RS_vs_SPC	81210	ENSMUSG00000051113	3.5788930363240285e-10	2.1229342783649355e-09	-0.1305488697942479	delta_proportion		0.0009293680297397769	2151	0.005160958633235783	True	True	True
A_fisher_reads	RS_vs_SPC	176108	ENSMUSG00000030206	1.333752899970863e-09	7.735766819831004e-09	-0.0547399654898099	delta_proportion		0.0009293680297397769	2151	0.005160958633235783	True	True	False
A_fisher_reads	RS_vs_SPC	104291	ENSMUSG00000060743	5.514079696978314e-09	3.0620740444922124e-08	-0.051579918276576	delta_proportion		0.0009293680297397769	2151	0.005160958633235783	True	True	False
A_fisher_reads	RS_vs_SPC	104292	ENSMUSG00000060743	5.514079696978314e-09	3.0620740444922124e-08	0.051579918276576	delta_proportion		0.0009293680297397769	2151	0.005160958633235783	True	True	False
A_fisher_reads	RS_vs_SPC	55487	ENSMUSG00000027502	2.605465495137378e-08	1.3878091718997058e-07	-0.1124885316892362	delta_proportion		0.0013940520446096654	2151	0.007425460890675973	True	True	True
A_fisher_reads	RS_vs_SPC	55486	ENSMUSG00000027502	2.605465495137378e-08	1.3878091718997058e-07	0.1124885316892363	delta_proportion		0.0013940520446096654	2151	0.007425460890675973	True	True	True
A_fisher_reads	RS_vs_SPC	137284	ENSMUSG00000046173	2.885890657212666e-08	1.5064349230650117e-07	0.0966704091402351	delta_proportion		0.0023234200743494425	2151	0.011890443909905969	True	True	False
A_fisher_reads	RS_vs_SPC	100886	ENSMUSG00000026182	3.656958474549214e-08	1.8715022781516564e-07	0.0349741329520472	delta_proportion		0.0023234200743494425	2151	0.011890443909905969	True	True	False
A_fisher_reads	RS_vs_SPC	69336	ENSMUSG00000067367	2.50931056538819e-07	1.2594808799352262e-06	-0.021914436470582	delta_proportion		0.0032527881040892194	2151	0.015435958093950658	True	True	False
A_fisher_reads	RS_vs_SPC	141137	ENSMUSG00000036438	3.569102590030247e-07	1.7576146716941406e-06	-0.0569506264415942	delta_proportion		0.0032527881040892194	2151	0.015435958093950658	True	True	False
A_fisher_reads	RS_vs_SPC	163019	ENSMUSG00000048686	4.769008081044318e-07	2.3050205725047533e-06	-0.0440030296883158	delta_proportion		0.0032527881040892194	2151	0.015435958093950658	True	True	False
A_fisher_reads	RS_vs_SPC	156661	ENSMUSG00000074435	5.733274094918435e-07	2.720699161406748e-06	0.0510753408070413	delta_proportion		0.0032527881040892194	2151	0.015435958093950658	True	True	False
A_fisher_reads	RS_vs_SPC	132217	ENSMUSG00000063480	1.0102555483112698e-06	4.7085124662364535e-06	0.0825549907718374	delta_proportion		0.005111524163568773	2151	0.023823353690918744	True	True	False
A_fisher_reads	RS_vs_SPC	133822	ENSMUSG00000022501	2.9427751997450107e-06	1.3474812756727153e-05	0.0125494346618711	delta_proportion		0.006970260223048327	2151	0.03136617100371747	True	True	False
A_fisher_reads	RS_vs_SPC	133818	ENSMUSG00000038015	4.195043200696536e-06	1.887769440313441e-05	-0.0118191235415265	delta_proportion		0.006970260223048327	2151	0.03136617100371747	True	True	False
A_fisher_reads	RS_vs_SPC	158541	ENSMUSG00000090202	5.545335122409735e-06	2.4122207782482345e-05	0.1611383057871352	delta_proportion		0.007899628252788104	2151	0.03272703133297929	True	True	True
A_fisher_reads	RS_vs_SPC	158547	ENSMUSG00000090202	5.545335122409735e-06	2.4122207782482345e-05	-0.1611383057871352	delta_proportion		0.007899628252788104	2151	0.03272703133297929	True	True	True
A_fisher_reads	RS_vs_SPC	157400	ENSMUSG00000055891	6.15237631632422e-06	2.5899519654203573e-05	0.0924967494370976	delta_proportion		0.007899628252788104	2151	0.03272703133297929	True	True	False
A_fisher_reads	RS_vs_SPC	69332	ENSMUSG00000067367	6.14875602334029e-06	2.5899519654203573e-05	0.0150863069764738	delta_proportion		0.007899628252788104	2151	0.03272703133297929	True	True	False
A_fisher_reads	RS_vs_SPC	139598	ENSMUSG00000118471	6.884232801278926e-06	2.852039303386984e-05	0.0900285701617775	delta_proportion		0.007899628252788104	2151	0.03272703133297929	True	True	False
A_fisher_reads	RS_vs_SPC	133810	ENSMUSG00000043050	1.388643726163126e-05	5.663062695758998e-05	0.0155789453362071	delta_proportion		0.008828996282527882	2151	0.036005750464684017	True	True	False
A_fisher_reads	RS_vs_SPC	95469	ENSMUSG00000050089	2.5901298723051048e-05	0.000102427863132	-0.1034916261571786	delta_proportion		0.00929368029739777	2151	0.036752281176073	True	True	True
A_fisher_reads	RS_vs_SPC	95468	ENSMUSG00000050089	2.5901298723051048e-05	0.000102427863132	0.1034916261571786	delta_proportion		0.00929368029739777	2151	0.036752281176073	True	True	True
A_fisher_reads	RS_vs_SPC	100885	ENSMUSG00000026182	3.1951633440484066e-05	0.0001244683034024	0.0138537304527791	delta_proportion		0.011152416356877323	2151	0.04319651677954881	True	True	False
A_fisher_reads	RS_vs_SPC	5267	ENSMUSG00000042800	3.623866835964858e-05	0.000137076702056	0.0751503371196015	delta_proportion		0.012081784386617101	2151	0.04319651677954881	True	True	False
A_fisher_reads	RS_vs_SPC	5268	ENSMUSG00000042800	3.623866835964858e-05	0.000137076702056	-0.0751503371196015	delta_proportion		0.012081784386617101	2151	0.04319651677954881	True	True	False
A_fisher_reads	RS_vs_SPC	178062	ENSMUSG00000061099	3.7753730033070646e-05	0.0001387848385722	-0.0924549005293758	delta_proportion		0.012081784386617101	2151	0.04319651677954881	True	True	False
A_fisher_reads	RS_vs_SPC	178063	ENSMUSG00000061099	3.7753730033070646e-05	0.0001387848385722	0.0924549005293759	delta_proportion		0.012081784386617101	2151	0.04319651677954881	True	True	False
A_fisher_reads	RS_vs_SPC	33582	ENSMUSG00000049653	5.185993121404567e-05	0.0001854170143406	-0.0586463948787061	delta_proportion		0.012081784386617101	2151	0.04319651677954881	True	True	False
A_fisher_reads	RS_vs_SPC	33581	ENSMUSG00000049653	5.185993121404567e-05	0.0001854170143406	0.0586463948787062	delta_proportion		0.012081784386617101	2151	0.04319651677954881	True	True	False
A_fisher_reads	RS_vs_SPC	170275	ENSMUSG00000029433	9.059285966488796e-05	0.0003195234644937	-0.0273317257554747	delta_proportion		0.014405204460966542	2151	0.05080754546367929	True	False	False
A_fisher_reads	RS_vs_SPC	139599	ENSMUSG00000118471	0.0002788450156263	0.0009703806543796	0.0681908242948906	delta_proportion		0.02462825278810409	2151	0.08570631970260223	True	False	False
A_fisher_reads	RS_vs_SPC	138688	ENSMUSG00000024033	0.0003251971253947	0.0011167953911582	0.0175509086671248	delta_proportion		0.02695167286245353	2151	0.09255771864605752	True	False	False
A_fisher_reads	RS_vs_SPC	133039	ENSMUSG00000048077	0.0003582493935607	0.001214325866485	-0.0805388974770181	delta_proportion		0.029275092936802975	2151	0.0992311591753971	True	False	False
A_fisher_reads	RS_vs_SPC	64552	ENSMUSG00000078593	0.0004010612949062	0.0013250252907663	-0.0651824827006486	delta_proportion		0.032527881040892194	2151	0.1074655310338337	True	False	False
A_fisher_reads	RS_vs_SPC	64551	ENSMUSG00000078593	0.0004010612949062	0.0013250252907663	0.0651824827006486	delta_proportion		0.032527881040892194	2151	0.1074655310338337	True	False	False
A_fisher_reads	RS_vs_SPC	86833	ENSMUSG00000031631	0.0004917565830702	0.0016043558522667	0.0185516028761982	delta_proportion		0.03578066914498141	2151	0.11673443308550185	True	False	False
A_fisher_reads	RS_vs_SPC	103265	ENSMUSG00000026592	0.0006308337788024	0.0019837062200897	-0.10257868790292	delta_proportion		0.03763940520446097	2151	0.11836005732969052	True	False	True
A_fisher_reads	RS_vs_SPC	137276	ENSMUSG00000046173	0.0006244663039351	0.0019837062200897	-0.0514649185370163	delta_proportion		0.03763940520446097	2151	0.11836005732969052	True	False	False
A_fisher_reads	RS_vs_SPC	103270	ENSMUSG00000026592	0.0006308337788024	0.0019837062200897	0.1025786879029199	delta_proportion		0.03763940520446097	2151	0.11836005732969052	True	False	True
A_fisher_reads	RS_vs_SPC	14712	ENSMUSG00000069808	0.000787183079786	0.0024171151038135	0.0166413839760549	delta_proportion		0.041356877323420076	2151	0.12400797794578337	True	False	False
A_fisher_reads	RS_vs_SPC	14713	ENSMUSG00000069808	0.000787183079786	0.0024171151038135	-0.0166413839760549	delta_proportion		0.041356877323420076	2151	0.12400797794578337	True	False	False
A_fisher_reads	RS_vs_SPC	21537	ENSMUSG00000043319	0.0008253822515977	0.0024766234577678	-0.0128407414369762	delta_proportion		0.041356877323420076	2151	0.12400797794578337	True	False	False
A_fisher_reads	RS_vs_SPC	128405	ENSMUSG00000034913	0.0008255411525892	0.0024766234577678	0.0656303811858154	delta_proportion		0.041356877323420076	2151	0.12400797794578337	True	False	False
A_fisher_reads	RS_vs_SPC	179141	ENSMUSG00000094445	0.0009361048758938	0.0027452064338009	-0.0767173549900157	delta_proportion		0.04228624535315985	2151	0.12400797794578337	True	False	False
A_fisher_reads	RS_vs_SPC	179142	ENSMUSG00000094445	0.0009361048758938	0.0027452064338009	0.0767173549900157	delta_proportion		0.04228624535315985	2151	0.12400797794578337	True	False	False
A_fisher_reads	RS_vs_SPC	133816	ENSMUSG00000038015	0.0011245347272126	0.0032611507089168	-0.0139424184061656	delta_proportion		0.04414498141263941	2151	0.12802044609665428	True	False	False
A_fisher_reads	RS_vs_SPC	132219	ENSMUSG00000063480	0.0014411785456522	0.004133490114453	-0.0637352122477383	delta_proportion		0.04925650557620818	2151	0.13973856473250362	True	False	False
A_fisher_reads	RS_vs_SPC	176110	ENSMUSG00000030206	0.0014845672750207	0.0042116528128306	0.0363586734775285	delta_proportion		0.04925650557620818	2151	0.13973856473250362	True	False	False
A_fisher_reads	RS_vs_SPC	156830	ENSMUSG00000105734	0.0016732583431477	0.0046959185759306	-0.0681131886212528	delta_proportion		0.05065055762081784	2151	0.142148339129392	True	False	False
A_fisher_reads	RS_vs_SPC	120861	ENSMUSG00000059395	0.0019009030421549	0.0052224809894995	-0.0324525797155204	delta_proportion		0.05204460966542751	2151	0.14298571708080612	True	False	False
A_fisher_reads	RS_vs_SPC	120860	ENSMUSG00000059395	0.0019009030421549	0.0052224809894995	0.0324525797155204	delta_proportion		0.05204460966542751	2151	0.14298571708080612	True	False	False
A_fisher_reads	RS_vs_SPC	156647	ENSMUSG00000027927	0.0023255846316294	0.0062575009160337	-0.0769485829314285	delta_proportion		0.05715613382899628	2151	0.15379124669451577	True	False	False
A_fisher_reads	RS_vs_SPC	156648	ENSMUSG00000027927	0.0023255846316294	0.0062575009160337	0.0769485829314285	delta_proportion		0.05715613382899628	2151	0.15379124669451577	True	False	False
A_fisher_reads	RS_vs_SPC	137277	ENSMUSG00000046173	0.0027663206138516	0.0073674457164823	-0.0452054906032186	delta_proportion		0.0645910780669145	2151	0.17202317730066005	True	False	False
A_fisher_reads	RS_vs_SPC	128404	ENSMUSG00000034913	0.0039353166218096	0.0103749256393164	-0.0543889491128688	delta_proportion		0.07713754646840149	2151	0.2033626225076039	True	False	False
A_fisher_reads	RS_vs_SPC	141127	ENSMUSG00000036438	0.0059294789210934	0.0154759399840538	0.0304471898882437	delta_proportion		0.09526022304832714	2151	0.24374255603277153	True	False	False
A_fisher_reads	RS_vs_SPC	156662	ENSMUSG00000074435	0.0061241797533711	0.0157274473744213	0.0105259055785813	delta_proportion		0.09618959107806692	2151	0.24374255603277153	True	False	False
A_fisher_reads	RS_vs_SPC	182133	ENSMUSG00000030976	0.0061463587440267	0.0157274473744213	-0.0498224991725647	delta_proportion		0.09618959107806692	2151	0.24374255603277153	True	False	False
A_fisher_reads	RS_vs_SPC	163024	ENSMUSG00000048686	0.0063475254557504	0.0160845062519502	0.0300879229448645	delta_proportion		0.09618959107806692	2151	0.24374255603277153	True	False	False
A_fisher_reads	RS_vs_SPC	163023	ENSMUSG00000048686	0.009216058912768	0.0231287632330045	0.0230494855352574	delta_proportion		0.11524163568773234	2151	0.28921218187017445	True	False	False
A_fisher_reads	RS_vs_SPC	171545	ENSMUSG00000095040	0.0128821102038457	0.0317191581434315	-0.0664152676274788	delta_proportion		0.12871747211895912	2151	0.31693641719856913	True	False	False
A_fisher_reads	RS_vs_SPC	171546	ENSMUSG00000095040	0.0128821102038457	0.0317191581434315	0.0664152676274788	delta_proportion		0.12871747211895912	2151	0.31693641719856913	True	False	False
A_fisher_reads	RS_vs_SPC	60473	ENSMUSG00000037894	0.0146309450565529	0.0353581172200029	0.013937780079519	delta_proportion		0.13475836431226765	2151	0.32566604708798014	True	False	False
A_fisher_reads	RS_vs_SPC	60474	ENSMUSG00000037894	0.0146309450565529	0.0353581172200029	-0.013937780079519	delta_proportion		0.13475836431226765	2151	0.32566604708798014	True	False	False
A_fisher_reads	RS_vs_SPC	115836	ENSMUSG00000020743	0.0217153278955979	0.0515245507341005	0.0290062503406115	delta_proportion		0.1533457249070632	2151	0.3616818242166755	False	False	False
A_fisher_reads	RS_vs_SPC	115835	ENSMUSG00000020743	0.0217153278955979	0.0515245507341005	-0.0290062503406116	delta_proportion		0.1533457249070632	2151	0.3616818242166755	False	False	False
A_fisher_reads	RS_vs_SPC	9991	ENSMUSG00000047025	0.0225800855241931	0.0526196635876285	-0.0523008475465521	delta_proportion		0.15520446096654275	2151	0.3616818242166755	False	False	False
A_fisher_reads	RS_vs_SPC	9990	ENSMUSG00000047025	0.0225800855241931	0.0526196635876285	0.0523008475465521	delta_proportion		0.15520446096654275	2151	0.3616818242166755	False	False	False
A_fisher_reads	RS_vs_SPC	60540	ENSMUSG00000028156	0.026023736182043	0.0601079216240109	-0.0519153760510752	delta_proportion		0.16589219330855018	2151	0.38316692436753624	False	False	False
A_fisher_reads	RS_vs_SPC	141128	ENSMUSG00000036438	0.0287300537877282	0.0657767020929567	0.0265034365533504	delta_proportion		0.1770446096654275	2151	0.4053389747603208	False	False	False
A_fisher_reads	RS_vs_SPC	138692	ENSMUSG00000024033	0.0298269759418277	0.0676942671375395	-0.0116628758873538	delta_proportion		0.18029739776951673	2151	0.4091967027638597	False	False	False
A_fisher_reads	RS_vs_SPC	157401	ENSMUSG00000055891	0.0347490599296129	0.0781853848416291	0.0362667681476548	delta_proportion		0.19098513011152415	2151	0.42971654275092935	False	False	False
A_fisher_reads	RS_vs_SPC	21539	ENSMUSG00000043319	0.0365553212034705	0.0811868444352918	-0.0081829065093079	delta_proportion		0.19516728624535315	2151	0.43009434256974166	False	False	False
A_fisher_reads	RS_vs_SPC	41549	ENSMUSG00000021545	0.0370162240911867	0.0811868444352918	0.0663721197471915	delta_proportion		0.19609665427509293	2151	0.43009434256974166	False	False	False
A_fisher_reads	RS_vs_SPC	41548	ENSMUSG00000021545	0.0370162240911867	0.0811868444352918	-0.0663721197471914	delta_proportion		0.19609665427509293	2151	0.43009434256974166	False	False	False
A_fisher_reads	RS_vs_SPC	73863	ENSMUSG00000047843	0.0405042436947329	0.087368657886986	0.0773042082285863	delta_proportion		0.20864312267657992	2151	0.45004838858336665	False	False	False
A_fisher_reads	RS_vs_SPC	73864	ENSMUSG00000047843	0.0405042436947329	0.087368657886986	-0.0773042082285864	delta_proportion		0.20864312267657992	2151	0.45004838858336665	False	False	False
A_fisher_reads	RS_vs_SPC	43086	ENSMUSG00000024233	0.0459479772653245	0.0961017657209133	-0.0976004222443351	delta_proportion		0.22026022304832713	2151	0.45990334572490704	False	False	False
A_fisher_reads	RS_vs_SPC	133040	ENSMUSG00000048077	0.0460058532607997	0.0961017657209133	0.049236974041355	delta_proportion		0.22026022304832713	2151	0.45990334572490704	False	False	False
A_fisher_reads	RS_vs_SPC	133807	ENSMUSG00000043050	0.0460257498663378	0.0961017657209133	-0.0069651344318782	delta_proportion		0.22026022304832713	2151	0.45990334572490704	False	False	False
A_fisher_reads	RS_vs_SPC	43085	ENSMUSG00000024233	0.0459479772653245	0.0961017657209133	0.0976004222443351	delta_proportion		0.22026022304832713	2151	0.45990334572490704	False	False	False
A_fisher_reads	RS_vs_SPC	77093	ENSMUSG00000048206	0.0585718544185579	0.1203720787656978	-0.0433432094993706	delta_proportion		0.23884758364312267	2151	0.48254963220754565	False	False	False
A_fisher_reads	RS_vs_SPC	77092	ENSMUSG00000048206	0.0585718544185579	0.1203720787656978	0.0433432094993705	delta_proportion		0.23884758364312267	2151	0.48254963220754565	False	False	False
A_fisher_reads	RS_vs_SPC	133811	ENSMUSG00000043050	0.0631651539816753	0.1287976967907599	0.0080410494422878	delta_proportion		0.24442379182156135	2151	0.48254963220754565	False	False	False
A_fisher_reads	RS_vs_SPC	21549	ENSMUSG00000021203	0.0643575733141952	0.1292102048846535	-0.0662413745195201	delta_proportion		0.245817843866171	2151	0.48254963220754565	False	False	False
A_fisher_reads	RS_vs_SPC	21550	ENSMUSG00000021203	0.0643575733141952	0.1292102048846535	0.0662413745195202	delta_proportion		0.245817843866171	2151	0.48254963220754565	False	False	False
A_fisher_reads	RS_vs_SPC	70431	ENSMUSG00000036323	0.065884391291175	0.1307942588323057	-0.0572974333846783	delta_proportion		0.24814126394052044	2151	0.48254963220754565	False	False	False
A_fisher_reads	RS_vs_SPC	113256	ENSMUSG00000037278	0.0661488205588672	0.1307942588323057	0.0071088392785384	delta_proportion		0.24814126394052044	2151	0.48254963220754565	False	False	False
A_fisher_reads	RS_vs_SPC	78596	ENSMUSG00000030161	0.0701910599370744	0.1377433582223791	0.0282585303203859	delta_proportion		0.25185873605947956	2151	0.48254963220754565	False	False	False
A_fisher_reads	RS_vs_SPC	16466	ENSMUSG00000035530	0.0742553180816526	0.1404394059370387	-0.0115515492247005	delta_proportion		0.2555762081784387	2151	0.48254963220754565	False	False	False
A_fisher_reads	RS_vs_SPC	133041	ENSMUSG00000048077	0.0739474170242119	0.1404394059370387	0.031301923435663	delta_proportion		0.25464684014869887	2151	0.48254963220754565	False	False	False
A_fisher_reads	RS_vs_SPC	144968	ENSMUSG00000024654	0.073701034919719	0.1404394059370387	0.0113387614245096	delta_proportion		0.25464684014869887	2151	0.48254963220754565	False	False	False
A_fisher_reads	RS_vs_SPC	144966	ENSMUSG00000024654	0.073701034919719	0.1404394059370387	-0.0113387614245097	delta_proportion		0.25464684014869887	2151	0.48254963220754565	False	False	False
A_fisher_reads	RS_vs_SPC	75186	ENSMUSG00000029766	0.0739805484908599	0.1404394059370387	-0.042554884501842	delta_proportion		0.2555762081784387	2151	0.48254963220754565	False	False	False
A_fisher_reads	RS_vs_SPC	176109	ENSMUSG00000030206	0.0775556445474164	0.1456260663804006	0.0183812920122814	delta_proportion		0.258364312267658	2151	0.48254963220754565	False	False	False
A_fisher_reads	RS_vs_SPC	28622	ENSMUSG00000072145	0.0798375614448239	0.1477844222489294	-0.037212188675074	delta_proportion		0.2606877323420074	2151	0.48254963220754565	False	False	False
A_fisher_reads	RS_vs_SPC	28623	ENSMUSG00000072145	0.0798375614448239	0.1477844222489294	0.037212188675074	delta_proportion		0.2606877323420074	2151	0.48254963220754565	False	False	False
A_fisher_reads	RS_vs_SPC	115882	ENSMUSG00000016559	0.0827349468575278	0.1499570911792692	-0.0132509978161006	delta_proportion		0.2662639405204461	2151	0.48260339219330856	False	False	False
A_fisher_reads	RS_vs_SPC	115883	ENSMUSG00000016559	0.0827349468575278	0.1499570911792692	0.0132509978161005	delta_proportion		0.2662639405204461	2151	0.48260339219330856	False	False	False
A_fisher_reads	RS_vs_SPC	78595	ENSMUSG00000030161	0.0819691971373594	0.1499570911792692	-0.0324100107605262	delta_proportion		0.2648698884758364	2151	0.48260339219330856	False	False	False
A_fisher_reads	RS_vs_SPC	107177	ENSMUSG00000001666	0.0899698398589983	0.161945711746197	-0.0159893512514887	delta_proportion		0.27276951672862454	2151	0.49098513011152417	False	False	False
A_fisher_reads	RS_vs_SPC	110830	ENSMUSG00000044056	0.1100842445812205	0.1946493832174961	-0.0581905116108456	delta_proportion		0.2992565055762082	2151	0.5285623681302121	False	False	False
A_fisher_reads	RS_vs_SPC	110832	ENSMUSG00000044056	0.1100842445812205	0.1946493832174961	0.0581905116108456	delta_proportion		0.2992565055762082	2151	0.5285623681302121	False	False	False
A_fisher_reads	RS_vs_SPC	170276	ENSMUSG00000029433	0.1103758954643273	0.1946493832174961	-0.0177133636877413	delta_proportion		0.2997211895910781	2151	0.5285623681302121	False	False	False
A_fisher_reads	RS_vs_SPC	133813	ENSMUSG00000050058	0.1144072735345181	0.2004046871980486	-0.0144685647702693	delta_proportion		0.3034386617100372	2151	0.5312174721189592	False	False	False
A_fisher_reads	RS_vs_SPC	182135	ENSMUSG00000030976	0.1169473359359732	0.2034883645285934	0.0412838186743046	delta_proportion		0.30529739776951675	2151	0.5312174721189592	False	False	False
A_fisher_reads	RS_vs_SPC	107178	ENSMUSG00000001666	0.1218888556515282	0.2106820617552904	0.0130752753101371	delta_proportion		0.30808550185873607	2151	0.5325186489081464	False	False	False
A_fisher_reads	RS_vs_SPC	156831	ENSMUSG00000105734	0.1279281339930033	0.2196660721853544	0.0414496958591025	delta_proportion		0.31273234200743494	2151	0.5334845834244478	False	False	False
A_fisher_reads	RS_vs_SPC	156663	ENSMUSG00000074435	0.1299800774623787	0.2217307203769989	0.0093528658450012	delta_proportion		0.31273234200743494	2151	0.5334845834244478	False	False	False
A_fisher_reads	RS_vs_SPC	70433	ENSMUSG00000036323	0.1377210597744249	0.2319044942008058	0.0329049775715558	delta_proportion		0.32760223048327136	2151	0.5516398848782827	False	False	False
A_fisher_reads	RS_vs_SPC	22888	ENSMUSG00000085861	0.137202684261581	0.2319044942008058	-0.0361468291173548	delta_proportion		0.32760223048327136	2151	0.5516398848782827	False	False	False
A_fisher_reads	RS_vs_SPC	191636	ENSMUSG00000118396	0.1405115782043451	0.2350866789188082	-0.0348143069656379	delta_proportion		0.3308550185873606	2151	0.5535458964826995	False	False	False
A_fisher_reads	RS_vs_SPC	69324	ENSMUSG00000067367	0.1420278628286964	0.2361100140018456	0.006232698664698	delta_proportion		0.3336431226765799	2151	0.5546551275069259	False	False	False
A_fisher_reads	RS_vs_SPC	60538	ENSMUSG00000028156	0.1498031439000987	0.2474596237843402	0.0330557612372764	delta_proportion		0.34154275092936803	2151	0.5641940379276269	False	False	False
A_fisher_reads	RS_vs_SPC	40812	ENSMUSG00000002308	0.1687595545872766	0.2752890234204951	-0.0213999088841975	delta_proportion		0.35223048327137546	2151	0.5745759758364313	False	False	False
A_fisher_reads	RS_vs_SPC	40813	ENSMUSG00000002308	0.1687595545872766	0.2752890234204951	0.0213999088841974	delta_proportion		0.35223048327137546	2151	0.5745759758364313	False	False	False
A_fisher_reads	RS_vs_SPC	123573	ENSMUSG00000046957	0.1726572533789442	0.2781700193327435	0.0206043565584537	delta_proportion		0.35734200743494426	2151	0.575717678645188	False	False	False
A_fisher_reads	RS_vs_SPC	123572	ENSMUSG00000046957	0.1726572533789442	0.2781700193327435	-0.0206043565584537	delta_proportion		0.35734200743494426	2151	0.575717678645188	False	False	False
A_fisher_reads	RS_vs_SPC	24860	ENSMUSG00000021534	0.2143666532303645	0.3411566859336899	-0.0250179737812246	delta_proportion		0.40148698884758366	2151	0.638951854202557	False	False	False
A_fisher_reads	RS_vs_SPC	24859	ENSMUSG00000021534	0.2143666532303645	0.3411566859336899	0.0250179737812246	delta_proportion		0.40148698884758366	2151	0.638951854202557	False	False	False
A_fisher_reads	RS_vs_SPC	51118	ENSMUSG00000027088	0.2285328147151787	0.3593196665100099	0.0116672171077327	delta_proportion		0.41821561338289964	2151	0.651171667551779	False	False	False
A_fisher_reads	RS_vs_SPC	51119	ENSMUSG00000027088	0.2285328147151787	0.3593196665100099	-0.0116672171077326	delta_proportion		0.41821561338289964	2151	0.651171667551779	False	False	False
A_fisher_reads	RS_vs_SPC	113254	ENSMUSG00000037278	0.2314366941476617	0.3603175474996632	-0.0058153375209282	delta_proportion		0.41821561338289964	2151	0.651171667551779	False	False	False
A_fisher_reads	RS_vs_SPC	75185	ENSMUSG00000029766	0.2319285363216223	0.3603175474996632	0.0319519705903416	delta_proportion		0.4191449814126394	2151	0.651171667551779	False	False	False
A_fisher_reads	RS_vs_SPC	108806	ENSMUSG00000074748	0.2458726429440996	0.3774868224024117	0.0073713461456874	delta_proportion		0.42797397769516726	2151	0.6570659304614039	False	False	False
A_fisher_reads	RS_vs_SPC	108800	ENSMUSG00000074748	0.2458726429440996	0.3774868224024117	-0.0073713461456875	delta_proportion		0.42797397769516726	2151	0.6570659304614039	False	False	False
A_fisher_reads	RS_vs_SPC	16467	ENSMUSG00000035530	0.2543587906896251	0.3882318384210067	0.0069316624172771	delta_proportion		0.43447955390334575	2151	0.6582982128302487	False	False	False
A_fisher_reads	RS_vs_SPC	156832	ENSMUSG00000105734	0.2645986770554026	0.4015131087875586	0.0266634927621502	delta_proportion		0.44052044609665425	2151	0.6582982128302487	False	False	False
A_fisher_reads	RS_vs_SPC	184889	ENSMUSG00000090137	0.2690219487924703	0.4035329231887055	0.0074377599907635	delta_proportion		0.4437732342007435	2151	0.6582982128302487	False	False	False
A_fisher_reads	RS_vs_SPC	184890	ENSMUSG00000090137	0.2690219487924703	0.4035329231887055	-0.0074377599907634	delta_proportion		0.4437732342007435	2151	0.6582982128302487	False	False	False
A_fisher_reads	RS_vs_SPC	22887	ENSMUSG00000085861	0.2719734959770437	0.4056290425714766	0.0257141727135887	delta_proportion		0.4493494423791822	2151	0.6582982128302487	False	False	False
A_fisher_reads	RS_vs_SPC	16465	ENSMUSG00000035530	0.2830485769119929	0.4157267182779794	0.0046198868074234	delta_proportion		0.45771375464684017	2151	0.6582982128302487	False	False	False
A_fisher_reads	RS_vs_SPC	148139	ENSMUSG00000026853	0.2867080815710203	0.4157267182779794	0.0135840843074465	delta_proportion		0.46096654275092935	2151	0.6582982128302487	False	False	False
A_fisher_reads	RS_vs_SPC	123854	ENSMUSG00000045022	0.2847277277670069	0.4157267182779794	0.024197923060334	delta_proportion		0.4600371747211896	2151	0.6582982128302487	False	False	False
A_fisher_reads	RS_vs_SPC	132218	ENSMUSG00000063480	0.2828650853632899	0.4157267182779794	-0.0188197785240991	delta_proportion		0.45771375464684017	2151	0.6582982128302487	False	False	False
A_fisher_reads	RS_vs_SPC	148140	ENSMUSG00000026853	0.2867080815710203	0.4157267182779794	-0.0135840843074465	delta_proportion		0.46096654275092935	2151	0.6582982128302487	False	False	False
A_fisher_reads	RS_vs_SPC	49197	ENSMUSG00000037708	0.2976004365253104	0.418488616103844	0.0203680659050389	delta_proportion		0.47072490706319703	2151	0.6582982128302487	False	False	False
A_fisher_reads	RS_vs_SPC	107398	ENSMUSG00000078442	0.2977440180455347	0.418488616103844	0.0197925018486147	delta_proportion		0.47072490706319703	2151	0.6582982128302487	False	False	False
A_fisher_reads	RS_vs_SPC	163022	ENSMUSG00000048686	0.2915595714689032	0.418488616103844	-0.0104393235887437	delta_proportion		0.4646840148698885	2151	0.6582982128302487	False	False	False
A_fisher_reads	RS_vs_SPC	49198	ENSMUSG00000037708	0.2976004365253104	0.418488616103844	-0.0203680659050389	delta_proportion		0.47072490706319703	2151	0.6582982128302487	False	False	False
A_fisher_reads	RS_vs_SPC	193510	ENSMUSG00000079579	0.2982332666487164	0.418488616103844	-0.0359944669499061	delta_proportion		0.4716542750929368	2151	0.6582982128302487	False	False	False
A_fisher_reads	RS_vs_SPC	107397	ENSMUSG00000078442	0.2977440180455347	0.418488616103844	-0.0197925018486146	delta_proportion		0.47072490706319703	2151	0.6582982128302487	False	False	False
A_fisher_reads	RS_vs_SPC	170277	ENSMUSG00000029433	0.3001065062536633	0.4188652306535088	-0.0111113867250909	delta_proportion		0.4716542750929368	2151	0.6582982128302487	False	False	False
A_fisher_reads	RS_vs_SPC	28058	ENSMUSG00000078127	0.3306676479175088	0.4565177971631668	-0.016880450373288	delta_proportion		0.49117100371747213	2151	0.6624829538024696	False	False	False
A_fisher_reads	RS_vs_SPC	64715	ENSMUSG00000048772	0.3340800737860723	0.4565177971631668	-0.0132973670662113	delta_proportion		0.49349442379182157	2151	0.6624829538024696	False	False	False
A_fisher_reads	RS_vs_SPC	64714	ENSMUSG00000048772	0.3340800737860723	0.4565177971631668	0.0132973670662113	delta_proportion		0.49349442379182157	2151	0.6624829538024696	False	False	False
A_fisher_reads	RS_vs_SPC	28057	ENSMUSG00000078127	0.3306676479175088	0.4565177971631668	0.0168804503732881	delta_proportion		0.49117100371747213	2151	0.6624829538024696	False	False	False
A_fisher_reads	RS_vs_SPC	131883	ENSMUSG00000033055	0.3396411522580103	0.4593074649706771	0.0102137775733646	delta_proportion		0.49814126394052044	2151	0.6624829538024696	False	False	False
A_fisher_reads	RS_vs_SPC	131884	ENSMUSG00000033055	0.3396411522580103	0.4593074649706771	-0.0102137775733647	delta_proportion		0.49814126394052044	2151	0.6624829538024696	False	False	False
A_fisher_reads	RS_vs_SPC	73532	ENSMUSG00000029723	0.3489482467183414	0.4621622230605494	-0.026283730979635	delta_proportion		0.504182156133829	2151	0.6624829538024696	False	False	False
A_fisher_reads	RS_vs_SPC	73531	ENSMUSG00000029723	0.3489482467183414	0.4621622230605494	0.0262837309796349	delta_proportion		0.504182156133829	2151	0.6624829538024696	False	False	False
A_fisher_reads	RS_vs_SPC	138689	ENSMUSG00000024033	0.3494487684926828	0.4621622230605494	-0.005888032779771	delta_proportion		0.5051115241635687	2151	0.6624829538024696	False	False	False
A_fisher_reads	RS_vs_SPC	50215	ENSMUSG00000026864	0.3523765608775836	0.4621622230605494	0.0109119276531853	delta_proportion		0.5051115241635687	2151	0.6624829538024696	False	False	False
A_fisher_reads	RS_vs_SPC	50216	ENSMUSG00000026864	0.3523765608775836	0.4621622230605494	-0.0109119276531853	delta_proportion		0.5051115241635687	2151	0.6624829538024696	False	False	False
A_fisher_reads	RS_vs_SPC	191635	ENSMUSG00000118396	0.3520037579902401	0.4621622230605494	0.0248000076889315	delta_proportion		0.5051115241635687	2151	0.6624829538024696	False	False	False
A_fisher_reads	RS_vs_SPC	60539	ENSMUSG00000028156	0.3725741795431412	0.482956669897127	0.020968462652069	delta_proportion		0.525092936802974	2151	0.6796624829769222	False	False	False
A_fisher_reads	RS_vs_SPC	17885	ENSMUSG00000025156	0.3737825567786194	0.482956669897127	-0.013557788151832	delta_proportion		0.5260223048327137	2151	0.6796624829769222	False	False	False
A_fisher_reads	RS_vs_SPC	17886	ENSMUSG00000025156	0.3737825567786194	0.482956669897127	0.013557788151832	delta_proportion		0.5260223048327137	2151	0.6796624829769222	False	False	False
A_fisher_reads	RS_vs_SPC	21327	ENSMUSG00000001175	0.3836806645840982	0.4933037116081263	-0.0056670443262346	delta_proportion		0.5339219330855018	2151	0.6864710568242167	False	False	False
A_fisher_reads	RS_vs_SPC	193511	ENSMUSG00000079579	0.3978166294166519	0.5089712758713046	0.0295104238711589	delta_proportion		0.5511152416356877	2151	0.7051033238574239	False	False	False
A_fisher_reads	RS_vs_SPC	123855	ENSMUSG00000045022	0.4007334997786331	0.5102021631327963	-0.0148044159851362	delta_proportion		0.554368029739777	2151	0.7058051500589355	False	False	False
A_fisher_reads	RS_vs_SPC	141074	ENSMUSG00000053375	0.4271188272310508	0.5385411299869771	-0.0251760768901513	delta_proportion		0.5808550185873605	2151	0.7323824147405851	False	False	False
A_fisher_reads	RS_vs_SPC	141075	ENSMUSG00000053375	0.4271188272310508	0.5385411299869771	0.0251760768901513	delta_proportion		0.5808550185873605	2151	0.7323824147405851	False	False	False
A_fisher_reads	RS_vs_SPC	17704	ENSMUSG00000017716	0.4436660675352888	0.5540518833813893	0.0112309074573225	delta_proportion		0.5924721189591078	2151	0.7398814499919958	False	False	False
A_fisher_reads	RS_vs_SPC	17703	ENSMUSG00000017716	0.4436660675352888	0.5540518833813893	-0.0112309074573225	delta_proportion		0.5924721189591078	2151	0.7398814499919958	False	False	False
A_fisher_reads	RS_vs_SPC	58587	ENSMUSG00000027942	0.4997250079627969	0.6152653507729637	0.0202057213491082	delta_proportion		0.6342936802973977	2151	0.7808992950831171	False	False	False
A_fisher_reads	RS_vs_SPC	58588	ENSMUSG00000027942	0.4997250079627969	0.6152653507729637	-0.0202057213491082	delta_proportion		0.6342936802973977	2151	0.7808992950831171	False	False	False
A_fisher_reads	RS_vs_SPC	70434	ENSMUSG00000036323	0.4997557638462387	0.6152653507729637	0.0173471901504343	delta_proportion		0.6342936802973977	2151	0.7808992950831171	False	False	False
A_fisher_reads	RS_vs_SPC	22889	ENSMUSG00000085861	0.5447170001874337	0.6674701269902357	0.0104326564037661	delta_proportion		0.6658921933085502	2151	0.8159524058851249	False	False	False
A_fisher_reads	RS_vs_SPC	21333	ENSMUSG00000001175	0.5557948069837186	0.6778618907605166	0.0043877231885128	delta_proportion		0.6696096654275093	2151	0.8166734704513081	False	False	False
A_fisher_reads	RS_vs_SPC	123856	ENSMUSG00000045022	0.5749808561003984	0.6980000160102511	-0.0093935070751978	delta_proportion		0.6868029739776952	2151	0.833746866084551	False	False	False
A_fisher_reads	RS_vs_SPC	47890	ENSMUSG00000025176	0.5955619879649157	0.7196374021242731	0.0061943795221879	delta_proportion		0.7002788104089219	2151	0.8461702292441139	False	False	False
A_fisher_reads	RS_vs_SPC	128406	ENSMUSG00000034913	0.625181809190794	0.7519467843262546	-0.0112414320729467	delta_proportion		0.7202602230483272	2151	0.8663037705788635	False	False	False
A_fisher_reads	RS_vs_SPC	75184	ENSMUSG00000029766	0.6435141371872609	0.7704458247975923	0.0106029139115004	delta_proportion		0.7383828996282528	2151	0.884027233041165	False	False	False
A_fisher_reads	RS_vs_SPC	4551	ENSMUSG00000042708	0.6614919678256956	0.7812190208258215	-0.0050463261241402	delta_proportion		0.7527881040892194	2151	0.8881361795055596	False	False	False
A_fisher_reads	RS_vs_SPC	4552	ENSMUSG00000042708	0.6614919678256956	0.7812190208258215	0.0050463261241402	delta_proportion		0.7527881040892194	2151	0.8881361795055596	False	False	False
A_fisher_reads	RS_vs_SPC	107176	ENSMUSG00000001666	0.6589858785827212	0.7812190208258215	0.0029140759413515	delta_proportion		0.75	2151	0.8881361795055596	False	False	False
A_fisher_reads	RS_vs_SPC	112532	ENSMUSG00000041165	0.6702541782172785	0.7844678946847968	-0.0175751316664767	delta_proportion		0.7588289962825279	2151	0.8881361795055596	False	False	False
A_fisher_reads	RS_vs_SPC	112531	ENSMUSG00000041165	0.6702541782172785	0.7844678946847968	0.0175751316664767	delta_proportion		0.7588289962825279	2151	0.8881361795055596	False	False	False
A_fisher_reads	RS_vs_SPC	191634	ENSMUSG00000118396	0.6773894455611024	0.7892796664796773	0.0100142992767064	delta_proportion		0.7648698884758365	2151	0.8912100039830059	False	False	False
A_fisher_reads	RS_vs_SPC	14308	ENSMUSG00000020827	0.696664845370055	0.8045554187680724	-0.0130769277774722	delta_proportion		0.7741635687732342	2151	0.8940561568575845	False	False	False
A_fisher_reads	RS_vs_SPC	14307	ENSMUSG00000020827	0.696664845370055	0.8045554187680724	0.0130769277774722	delta_proportion		0.7741635687732342	2151	0.8940561568575845	False	False	False
A_fisher_reads	RS_vs_SPC	70646	ENSMUSG00000100704	0.7317737748277318	0.8376884001317455	-0.0146281962336702	delta_proportion		0.7997211895910781	2151	0.9154703091371551	False	False	False
A_fisher_reads	RS_vs_SPC	70644	ENSMUSG00000100704	0.7317737748277318	0.8376884001317455	0.0146281962336702	delta_proportion		0.7997211895910781	2151	0.9154703091371551	False	False	False
A_fisher_reads	RS_vs_SPC	182134	ENSMUSG00000030976	0.7466597088294662	0.8509964367008327	0.00853868049826	delta_proportion		0.8090148698884758	2151	0.9220649827113196	False	False	False
A_fisher_reads	RS_vs_SPC	9505	ENSMUSG00000047129	0.7724704865322134	0.8765860738474248	0.01067651959062	delta_proportion		0.828996282527881	2151	0.9349501199943533	False	False	False
A_fisher_reads	RS_vs_SPC	163021	ENSMUSG00000048686	0.7810548811240761	0.8773378763668946	0.0038173978865435	delta_proportion		0.8355018587360595	2151	0.9349501199943533	False	False	False
A_fisher_reads	RS_vs_SPC	159534	ENSMUSG00000028264	0.7832173379060784	0.8773378763668946	0.0085173616708079	delta_proportion		0.837360594795539	2151	0.9349501199943533	False	False	False
A_fisher_reads	RS_vs_SPC	159535	ENSMUSG00000028264	0.7832173379060784	0.8773378763668946	-0.008517361670808	delta_proportion		0.837360594795539	2151	0.9349501199943533	False	False	False
A_fisher_reads	RS_vs_SPC	163020	ENSMUSG00000048686	0.7876165765326977	0.877652535470488	-0.0025124530896058	delta_proportion		0.8396840148698885	2151	0.9349501199943533	False	False	False
A_fisher_reads	RS_vs_SPC	82461	ENSMUSG00000038646	0.7969488540479144	0.877652535470488	0.0043689633090444	delta_proportion		0.8489776951672863	2151	0.9349501199943533	False	False	False
A_fisher_reads	RS_vs_SPC	82460	ENSMUSG00000038646	0.7969488540479144	0.877652535470488	-0.0043689633090444	delta_proportion		0.8489776951672863	2151	0.9349501199943533	False	False	False
A_fisher_reads	RS_vs_SPC	70432	ENSMUSG00000036323	0.7918822463354296	0.877652535470488	0.0070452656626881	delta_proportion		0.8424721189591078	2151	0.9349501199943533	False	False	False
A_fisher_reads	RS_vs_SPC	189507	ENSMUSG00000045620	0.8107679435187827	0.8817101385766761	0.0074624649887666	delta_proportion		0.8661710037174721	2151	0.9419609665427509	False	False	False
A_fisher_reads	RS_vs_SPC	189508	ENSMUSG00000045620	0.8107679435187827	0.8817101385766761	-0.0074624649887667	delta_proportion		0.8661710037174721	2151	0.9419609665427509	False	False	False
A_fisher_reads	RS_vs_SPC	113255	ENSMUSG00000037278	0.8087794903789316	0.8817101385766761	-0.0012935017576102	delta_proportion		0.8638475836431226	2151	0.9419609665427509	False	False	False
A_fisher_reads	RS_vs_SPC	53477	ENSMUSG00000100963	0.8484407117327678	0.9150538254638528	-0.0048864194790989	delta_proportion		0.8880111524163569	2151	0.9471821711843235	False	False	False
A_fisher_reads	RS_vs_SPC	53478	ENSMUSG00000100963	0.8484407117327678	0.9150538254638528	0.0048864194790989	delta_proportion		0.8880111524163569	2151	0.9471821711843235	False	False	False
A_fisher_reads	RS_vs_SPC	133814	ENSMUSG00000050058	0.8551849424944385	0.9185319752718044	-0.0015147048504842	delta_proportion		0.8898698884758365	2151	0.9471821711843235	False	False	False
A_fisher_reads	RS_vs_SPC	13910	ENSMUSG00000042200	0.8636415996313191	0.9200426836888744	-0.0056950535849132	delta_proportion		0.8926579925650557	2151	0.9471821711843235	False	False	False
A_fisher_reads	RS_vs_SPC	21328	ENSMUSG00000001175	0.8602756371003937	0.9200426836888744	0.0012793211377217	delta_proportion		0.8926579925650557	2151	0.9471821711843235	False	False	False
A_fisher_reads	RS_vs_SPC	78597	ENSMUSG00000030161	0.8683719393857124	0.9201171636846988	0.0041514804401402	delta_proportion		0.8931226765799256	2151	0.9471821711843235	False	False	False
A_fisher_reads	RS_vs_SPC	193515	ENSMUSG00000079579	0.8707622200387762	0.9201171636846988	0.0064840430787471	delta_proportion		0.8963754646840149	2151	0.9471821711843235	False	False	False
A_fisher_reads	RS_vs_SPC	9504	ENSMUSG00000047129	0.8789067139063454	0.9249784368127264	-0.0064227709081842	delta_proportion		0.9019516728624535	2151	0.9492313976495983	False	False	False
A_fisher_reads	RS_vs_SPC	69337	ENSMUSG00000067367	0.8929742127568498	0.936009114576457	0.0005954308294101	delta_proportion		0.9154275092936803	2151	0.9500464684014871	False	False	False
A_fisher_reads	RS_vs_SPC	181350	ENSMUSG00000030968	0.9039084614498318	0.9361909065016116	0.0128949065119278	delta_proportion		0.9172862453531598	2151	0.9500464684014871	False	False	False
A_fisher_reads	RS_vs_SPC	181349	ENSMUSG00000030968	0.9039084614498318	0.9361909065016116	-0.0128949065119277	delta_proportion		0.9172862453531598	2151	0.9500464684014871	False	False	False
A_fisher_reads	RS_vs_SPC	13911	ENSMUSG00000042200	0.9009442118605252	0.9361909065016116	0.005110945524922	delta_proportion		0.9158921933085502	2151	0.9500464684014871	False	False	False
A_fisher_reads	RS_vs_SPC	116189	ENSMUSG00000062825	0.9242052580571276	0.9496754817043712	-0.000491061940327	delta_proportion		0.9289033457249071	2151	0.9545030442291368	False	False	False
A_fisher_reads	RS_vs_SPC	116188	ENSMUSG00000062825	0.9242052580571276	0.9496754817043712	0.0004910619403269	delta_proportion		0.9289033457249071	2151	0.9545030442291368	False	False	False
A_fisher_reads	RS_vs_SPC	9503	ENSMUSG00000047129	0.9319461670894168	0.953874312197403	-0.0042537486824358	delta_proportion		0.9349442379182156	2151	0.9569429258692324	False	False	False
A_fisher_reads	RS_vs_SPC	60541	ENSMUSG00000028156	0.9544116730457916	0.9730525260349672	-0.0021088478382702	delta_proportion		0.9484200743494424	2151	0.9669439039265799	False	False	False
A_fisher_reads	RS_vs_SPC	160656	ENSMUSG00000070980	0.9804837722582264	0.9918847463542524	-0.0004496377015461	delta_proportion		0.9702602230483272	2151	0.9815423186651682	False	False	False
A_fisher_reads	RS_vs_SPC	160655	ENSMUSG00000070980	0.9804837722582264	0.9918847463542524	0.0004496377015461	delta_proportion		0.9702602230483272	2151	0.9815423186651682	False	False	False
A_fisher_reads	RS_vs_SPC	13912	ENSMUSG00000042200	1.0	1.0	0.000584108059991	delta_proportion		1.0	2151	1.0	False	False	False
A_fisher_reads	RS_vs_SPC	55922	ENSMUSG00000047841	1.0	1.0	-0.0004131802560656	delta_proportion		1.0	2151	1.0	False	False	False
A_fisher_reads	RS_vs_SPC	55921	ENSMUSG00000047841	1.0	1.0	0.0004131802560656	delta_proportion		1.0	2151	1.0	False	False	False
B_fisher_cells	ES_vs_RS	158541	ENSMUSG00000090202	5.6906882018868875e-111	1.4852696206924776e-108	-0.711577350859454	delta_proportion		0.00046468401486988845	2151	0.0005802991764643104	True	True	True
B_fisher_cells	ES_vs_RS	179769	ENSMUSG00000030544	2.4616838049275466e-91	3.212497365430449e-89	-0.5985714923939509	delta_proportion		0.00046468401486988845	2151	0.0005802991764643104	True	True	True
B_fisher_cells	ES_vs_RS	188695	ENSMUSG00000001948	7.502248525733799e-88	6.526956217388405e-86	0.5725878366327806	delta_proportion		0.00046468401486988845	2151	0.0005802991764643104	True	True	True
B_fisher_cells	ES_vs_RS	69324	ENSMUSG00000067367	3.696241848185402e-75	2.411797805940975e-73	-0.6502312867956266	delta_proportion		0.00046468401486988845	2151	0.0005802991764643104	True	True	True
B_fisher_cells	ES_vs_RS	69332	ENSMUSG00000067367	3.4729246035548447e-71	1.8128666430556287e-69	-0.6309573871600785	delta_proportion		0.00046468401486988845	2151	0.0005802991764643104	True	True	True
B_fisher_cells	ES_vs_RS	115883	ENSMUSG00000016559	1.082186124566105e-66	4.707509641862557e-65	-0.616955601019346	delta_proportion		0.00046468401486988845	2151	0.0005802991764643104	True	True	True
B_fisher_cells	ES_vs_RS	78596	ENSMUSG00000030161	7.337376763284204e-66	2.7357933360245384e-64	0.563467579882829	delta_proportion		0.00046468401486988845	2151	0.0005802991764643104	True	True	True
B_fisher_cells	ES_vs_RS	158547	ENSMUSG00000090202	6.209463709093347e-63	2.0258375350917044e-61	0.470273003033367	delta_proportion		0.00046468401486988845	2151	0.0005802991764643104	True	True	True
B_fisher_cells	ES_vs_RS	75184	ENSMUSG00000029766	1.1950924511670316e-62	3.4657681083843914e-61	0.5509072883494562	delta_proportion		0.00046468401486988845	2151	0.0005802991764643104	True	True	True
B_fisher_cells	ES_vs_RS	120006	ENSMUSG00000021270	6.480591288421599e-62	1.6914343262780374e-60	-0.5425824175824175	delta_proportion		0.00046468401486988845	2151	0.0005802991764643104	True	True	True
B_fisher_cells	ES_vs_RS	69337	ENSMUSG00000067367	9.076307972489116e-56	2.1535603461996903e-54	-0.4796747967479674	delta_proportion		0.00046468401486988845	2151	0.0005802991764643104	True	True	True
B_fisher_cells	ES_vs_RS	53477	ENSMUSG00000100963	8.291986744124399e-54	1.803507116847057e-52	0.4949930411758715	delta_proportion		0.00046468401486988845	2151	0.0005802991764643104	True	True	True
B_fisher_cells	ES_vs_RS	70433	ENSMUSG00000036323	2.911432860511924e-53	5.845261358412401e-52	0.5546292134831461	delta_proportion		0.00046468401486988845	2151	0.0005802991764643104	True	True	True
B_fisher_cells	ES_vs_RS	78595	ENSMUSG00000030161	3.330756774335333e-53	6.209482272153728e-52	0.4675515806752894	delta_proportion		0.00046468401486988845	2151	0.0005802991764643104	True	True	True
B_fisher_cells	ES_vs_RS	69336	ENSMUSG00000067367	8.428786125051485e-53	1.4666087857589582e-51	-0.4647112419400055	delta_proportion		0.00046468401486988845	2151	0.0005802991764643104	True	True	True
B_fisher_cells	ES_vs_RS	113256	ENSMUSG00000037278	1.9752666357157373e-52	3.2221536995112973e-51	-0.5396507365497143	delta_proportion		0.00046468401486988845	2151	0.0005802991764643104	True	True	True
B_fisher_cells	ES_vs_RS	120005	ENSMUSG00000021270	4.940363094359944e-52	7.584910397811442e-51	-0.5636446886446886	delta_proportion		0.00046468401486988845	2151	0.0005802991764643104	True	True	True
B_fisher_cells	ES_vs_RS	70432	ENSMUSG00000036323	2.2893071692901905e-51	3.319495395470776e-50	0.5577752808988764	delta_proportion		0.00046468401486988845	2151	0.0005802991764643104	True	True	True
B_fisher_cells	ES_vs_RS	156830	ENSMUSG00000105734	1.4153813330787718e-50	1.944286989123997e-49	-0.587091709191579	delta_proportion		0.00046468401486988845	2151	0.0005802991764643104	True	True	True
B_fisher_cells	ES_vs_RS	41549	ENSMUSG00000021545	2.485351451576979e-48	3.243383644307957e-47	-0.6292167791141097	delta_proportion		0.00046468401486988845	2151	0.0005802991764643104	True	True	True
B_fisher_cells	ES_vs_RS	123856	ENSMUSG00000045022	8.50092637922123e-48	1.0565437071317814e-46	0.4116560380605324	delta_proportion		0.00046468401486988845	2151	0.0005802991764643104	True	True	True
B_fisher_cells	ES_vs_RS	64552	ENSMUSG00000078593	5.274451466258825e-47	6.257417421334333e-46	0.447119671838773	delta_proportion		0.00046468401486988845	2151	0.0005802991764643104	True	True	True
B_fisher_cells	ES_vs_RS	138692	ENSMUSG00000024033	8.687633007676312e-47	9.85857484784138e-46	-0.4824066738127417	delta_proportion		0.00046468401486988845	2151	0.0005802991764643104	True	True	True
B_fisher_cells	ES_vs_RS	133807	ENSMUSG00000043050	8.108899863292227e-46	8.818428601330298e-45	0.3688915641162832	delta_proportion		0.00046468401486988845	2151	0.0005802991764643104	True	True	True
B_fisher_cells	ES_vs_RS	14806	ENSMUSG00000037926	5.964328285861625e-44	6.226758730439537e-43	-0.5163599682692025	delta_proportion		0.00046468401486988845	2151	0.0005802991764643104	True	True	True
B_fisher_cells	ES_vs_RS	70434	ENSMUSG00000036323	9.462519732087431e-44	9.498914038749304e-43	0.4930112359550562	delta_proportion		0.00046468401486988845	2151	0.0005802991764643104	True	True	True
B_fisher_cells	ES_vs_RS	21537	ENSMUSG00000043319	3.6177690791062825e-43	3.4971767764694056e-42	-0.3194911297852475	delta_proportion		0.00046468401486988845	2151	0.0005802991764643104	True	True	True
B_fisher_cells	ES_vs_RS	133041	ENSMUSG00000048077	7.962633533426352e-43	7.422311972229563e-42	0.4032865858708555	delta_proportion		0.00046468401486988845	2151	0.0005802991764643104	True	True	True
B_fisher_cells	ES_vs_RS	156648	ENSMUSG00000027927	1.0333524963913279e-42	9.300172467521952e-42	0.3453585505029708	delta_proportion		0.00046468401486988845	2151	0.0005802991764643104	True	True	True
B_fisher_cells	ES_vs_RS	60538	ENSMUSG00000028156	1.165870918234639e-42	1.0143076988641358e-41	0.4380755258933851	delta_proportion		0.00046468401486988845	2151	0.0005802991764643104	True	True	True
B_fisher_cells	ES_vs_RS	160655	ENSMUSG00000070980	2.565482368681651e-42	2.1599706394384222e-41	-0.4479507928952109	delta_proportion		0.00046468401486988845	2151	0.0005802991764643104	True	True	True
B_fisher_cells	ES_vs_RS	157401	ENSMUSG00000055891	3.541470605702778e-42	2.8885119627763287e-41	0.3400896790844391	delta_proportion		0.00046468401486988845	2151	0.0005802991764643104	True	True	True
B_fisher_cells	ES_vs_RS	13911	ENSMUSG00000042200	1.5934747000697582e-41	1.2602936264188087e-40	0.3288770053475935	delta_proportion		0.00046468401486988845	2151	0.0005802991764643104	True	True	True
B_fisher_cells	ES_vs_RS	138688	ENSMUSG00000024033	7.731326471287173e-41	5.934930026488095e-40	-0.4517673220194542	delta_proportion		0.00046468401486988845	2151	0.0005802991764643104	True	True	True
B_fisher_cells	ES_vs_RS	104292	ENSMUSG00000060743	5.708270960694879e-40	4.2567392021181804e-39	-0.3761111111111112	delta_proportion		0.00046468401486988845	2151	0.0005802991764643104	True	True	True
B_fisher_cells	ES_vs_RS	60539	ENSMUSG00000028156	2.3516450416697537e-39	1.7049426552105713e-38	0.4362591872940778	delta_proportion		0.00046468401486988845	2151	0.0005802991764643104	True	True	True
B_fisher_cells	ES_vs_RS	55921	ENSMUSG00000047841	3.0834170663037326e-39	2.1750590656899302e-38	-0.4831865680403898	delta_proportion		0.00046468401486988845	2151	0.0005802991764643104	True	True	True
B_fisher_cells	ES_vs_RS	60540	ENSMUSG00000028156	7.47896333754525e-39	5.136866923945553e-38	0.3891611050097152	delta_proportion		0.00046468401486988845	2151	0.0005802991764643104	True	True	True
B_fisher_cells	ES_vs_RS	103270	ENSMUSG00000026592	8.498512006336451e-39	5.687465727317472e-38	0.3473074623107669	delta_proportion		0.00046468401486988845	2151	0.0005802991764643104	True	True	True
B_fisher_cells	ES_vs_RS	156831	ENSMUSG00000105734	1.144873839210464e-38	7.470301800848279e-38	-0.3871764146850401	delta_proportion		0.00046468401486988845	2151	0.0005802991764643104	True	True	True
B_fisher_cells	ES_vs_RS	139599	ENSMUSG00000118471	1.217735792511654e-38	7.751927849891262e-38	0.29490022172949	delta_proportion		0.00046468401486988845	2151	0.0005802991764643104	True	True	True
B_fisher_cells	ES_vs_RS	182134	ENSMUSG00000030976	2.685372275590885e-38	1.668767056974336e-37	-0.5401789264413519	delta_proportion		0.00046468401486988845	2151	0.0005802991764643104	True	True	True
B_fisher_cells	ES_vs_RS	133810	ENSMUSG00000043050	3.584520368532233e-38	2.175720502760263e-37	0.3295434278580346	delta_proportion		0.00046468401486988845	2151	0.0005802991764643104	True	True	True
B_fisher_cells	ES_vs_RS	21328	ENSMUSG00000001175	3.9655067007844995e-37	2.352266474783533e-36	-0.4804722696908498	delta_proportion		0.00046468401486988845	2151	0.0005802991764643104	True	True	True
B_fisher_cells	ES_vs_RS	193515	ENSMUSG00000079579	4.4612355897466585e-37	2.587516642053062e-36	0.4073966926723655	delta_proportion		0.00046468401486988845	2151	0.0005802991764643104	True	True	True
B_fisher_cells	ES_vs_RS	123855	ENSMUSG00000045022	8.591726711172189e-37	4.874871025252046e-36	0.3435317339811722	delta_proportion		0.00046468401486988845	2151	0.0005802991764643104	True	True	True
B_fisher_cells	ES_vs_RS	75186	ENSMUSG00000029766	9.3578268705309e-37	5.1965804536352456e-36	0.3724388631857237	delta_proportion		0.00046468401486988845	2151	0.0005802991764643104	True	True	True
B_fisher_cells	ES_vs_RS	133811	ENSMUSG00000043050	2.5372307854215043e-36	1.3796192395729428e-35	0.2829052969502408	delta_proportion		0.00046468401486988845	2151	0.0005802991764643104	True	True	True
B_fisher_cells	ES_vs_RS	75185	ENSMUSG00000029766	7.939889050106131e-36	4.2292062083218375e-35	0.2887700534759359	delta_proportion		0.00046468401486988845	2151	0.0005802991764643104	True	True	True
B_fisher_cells	ES_vs_RS	14807	ENSMUSG00000037926	1.2931437751072087e-35	6.750210506059628e-35	-0.4949122996014063	delta_proportion		0.00046468401486988845	2151	0.0005802991764643104	True	True	True
B_fisher_cells	ES_vs_RS	47890	ENSMUSG00000025176	3.5291323876643534e-34	1.8060853983929336e-33	0.2591093117408907	delta_proportion		0.00046468401486988845	2151	0.0005802991764643104	True	True	True
B_fisher_cells	ES_vs_RS	9503	ENSMUSG00000047129	5.084674726517326e-33	2.552115583886581e-32	-0.44724402325108	delta_proportion		0.00046468401486988845	2151	0.0005802991764643104	True	True	True
B_fisher_cells	ES_vs_RS	191634	ENSMUSG00000118396	5.4523792746284326e-33	2.68503960505287e-32	0.3142975554561482	delta_proportion		0.00046468401486988845	2151	0.0005802991764643104	True	True	True
B_fisher_cells	ES_vs_RS	139597	ENSMUSG00000118471	1.6049404245095934e-32	7.757212051796369e-32	0.2715438849996263	delta_proportion		0.00046468401486988845	2151	0.0005802991764643104	True	True	True
B_fisher_cells	ES_vs_RS	22887	ENSMUSG00000085861	3.1504109917773076e-32	1.4950132160979587e-31	-0.5036666666666667	delta_proportion		0.00046468401486988845	2151	0.0005802991764643104	True	True	True
B_fisher_cells	ES_vs_RS	14791	ENSMUSG00000037926	8.712281085858294e-32	4.060545291801812e-31	-0.3004044697333241	delta_proportion		0.00046468401486988845	2151	0.0005802991764643104	True	True	True
B_fisher_cells	ES_vs_RS	21540	ENSMUSG00000043319	1.0249302206876156e-31	4.693101536832766e-31	-0.2605975723622782	delta_proportion		0.00046468401486988845	2151	0.0005802991764643104	True	True	True
B_fisher_cells	ES_vs_RS	89958	ENSMUSG00000092329	2.014685212812161e-31	9.066083457654723e-31	0.2991210043112113	delta_proportion		0.00046468401486988845	2151	0.0005802991764643104	True	True	True
B_fisher_cells	ES_vs_RS	193511	ENSMUSG00000079579	3.144837891625893e-31	1.3911909995158612e-30	0.2972208742394266	delta_proportion		0.00046468401486988845	2151	0.0005802991764643104	True	True	True
B_fisher_cells	ES_vs_RS	113255	ENSMUSG00000037278	8.069638341727269e-31	3.5102926786513614e-30	-0.2750013281421947	delta_proportion		0.00046468401486988845	2151	0.0005802991764643104	True	True	True
B_fisher_cells	ES_vs_RS	112532	ENSMUSG00000041165	8.656025293172016e-31	3.643907421803058e-30	0.3258039519566059	delta_proportion		0.00046468401486988845	2151	0.0005802991764643104	True	True	True
B_fisher_cells	ES_vs_RS	132217	ENSMUSG00000063480	8.556342135542161e-31	3.643907421803058e-30	-0.5287618070144491	delta_proportion		0.00046468401486988845	2151	0.0005802991764643104	True	True	True
B_fisher_cells	ES_vs_RS	13912	ENSMUSG00000042200	1.0241701390893163e-30	4.2429905762271696e-30	0.2880940936129303	delta_proportion		0.00046468401486988845	2151	0.0005802991764643104	True	True	True
B_fisher_cells	ES_vs_RS	21327	ENSMUSG00000001175	1.3616876248703104e-29	5.553132345174233e-29	-0.4407643312101911	delta_proportion		0.00046468401486988845	2151	0.0005802991764643104	True	True	True
B_fisher_cells	ES_vs_RS	157399	ENSMUSG00000055891	3.4683297094516116e-29	1.3926677756413395e-28	0.2625459474960243	delta_proportion		0.00046468401486988845	2151	0.0005802991764643104	True	True	True
B_fisher_cells	ES_vs_RS	60541	ENSMUSG00000028156	3.7366365023137053e-29	1.477669889551329e-28	0.3102137365886626	delta_proportion		0.00046468401486988845	2151	0.0005802991764643104	True	True	True
B_fisher_cells	ES_vs_RS	43086	ENSMUSG00000024233	4.3913388132298487e-29	1.7106558660492396e-28	-0.4678621151962048	delta_proportion		0.00046468401486988845	2151	0.0005802991764643104	True	True	True
B_fisher_cells	ES_vs_RS	5268	ENSMUSG00000042800	5.72411368968694e-29	2.1970495191298403e-28	-0.2818116227207136	delta_proportion		0.00046468401486988845	2151	0.0005802991764643104	True	True	True
B_fisher_cells	ES_vs_RS	24860	ENSMUSG00000021534	1.5435206416961534e-28	5.838534601198494e-28	-0.3454827586206896	delta_proportion		0.00046468401486988845	2151	0.0005802991764643104	True	True	True
B_fisher_cells	ES_vs_RS	21539	ENSMUSG00000043319	2.949257356516824e-28	1.0996516715012732e-27	-0.207796451914099	delta_proportion		0.00046468401486988845	2151	0.0005802991764643104	True	True	True
B_fisher_cells	ES_vs_RS	156662	ENSMUSG00000074435	3.1841236934258286e-28	1.170501808428368e-27	0.2683698947743891	delta_proportion		0.00046468401486988845	2151	0.0005802991764643104	True	True	True
B_fisher_cells	ES_vs_RS	55487	ENSMUSG00000027502	5.9756560229775e-28	2.1661753083293435e-27	-0.3705638509369316	delta_proportion		0.00046468401486988845	2151	0.0005802991764643104	True	True	True
B_fisher_cells	ES_vs_RS	179142	ENSMUSG00000094445	9.72078688251256e-28	3.4755142141586e-27	0.228882833787466	delta_proportion		0.00046468401486988845	2151	0.0005802991764643104	True	True	True
B_fisher_cells	ES_vs_RS	182135	ENSMUSG00000030976	1.1146660354858556e-27	3.93145723326768e-27	-0.3540357852882704	delta_proportion		0.00046468401486988845	2151	0.0005802991764643104	True	True	True
B_fisher_cells	ES_vs_RS	193510	ENSMUSG00000079579	2.3263676463380622e-27	8.095759409256458e-27	0.2893071783194595	delta_proportion		0.00046468401486988845	2151	0.0005802991764643104	True	True	True
B_fisher_cells	ES_vs_RS	113254	ENSMUSG00000037278	3.3665337245002056e-27	1.1561385553875708e-26	-0.3183518893771393	delta_proportion		0.00046468401486988845	2151	0.0005802991764643104	True	True	True
B_fisher_cells	ES_vs_RS	70646	ENSMUSG00000100704	3.908460195693309e-27	1.3248157286700696e-26	0.2944165010343569	delta_proportion		0.00046468401486988845	2151	0.0005802991764643104	True	True	True
B_fisher_cells	ES_vs_RS	14307	ENSMUSG00000020827	6.1356715840359716e-27	2.053090106965883e-26	0.2580489126228621	delta_proportion		0.00046468401486988845	2151	0.0005802991764643104	True	True	True
B_fisher_cells	ES_vs_RS	60474	ENSMUSG00000037894	9.783031233042963e-27	3.232115382055967e-26	-0.3982869985646294	delta_proportion		0.00046468401486988845	2151	0.0005802991764643104	True	True	True
B_fisher_cells	ES_vs_RS	89827	ENSMUSG00000092329	3.3250081918622637e-26	1.0785266575518727e-25	-0.2027218710210646	delta_proportion		0.00046468401486988845	2151	0.0005802991764643104	True	True	True
B_fisher_cells	ES_vs_RS	179141	ENSMUSG00000094445	3.3471516958506393e-26	1.0785266575518727e-25	0.2610752227290818	delta_proportion		0.00046468401486988845	2151	0.0005802991764643104	True	True	True
B_fisher_cells	ES_vs_RS	22889	ENSMUSG00000085861	4.912837160413551e-26	1.5637201205706547e-25	-0.56525	delta_proportion		0.00046468401486988845	2151	0.0005802991764643104	True	True	True
B_fisher_cells	ES_vs_RS	139598	ENSMUSG00000118471	7.536300027770661e-26	2.3698485629495693e-25	0.2039911308203991	delta_proportion		0.00046468401486988845	2151	0.0005802991764643104	True	True	True
B_fisher_cells	ES_vs_RS	59396	ENSMUSG00000005687	1.715209185419593e-25	5.329399968982307e-25	-0.3173426512529118	delta_proportion		0.00046468401486988845	2151	0.0005802991764643104	True	True	True
B_fisher_cells	ES_vs_RS	133818	ENSMUSG00000038015	2.629891719007766e-25	8.075314572482671e-25	0.1944444444444444	delta_proportion		0.00046468401486988845	2151	0.0005802991764643104	True	True	True
B_fisher_cells	ES_vs_RS	182133	ENSMUSG00000030976	3.266076827874345e-25	9.912163396223304e-25	-0.5370974155069582	delta_proportion		0.00046468401486988845	2151	0.0005802991764643104	True	True	True
B_fisher_cells	ES_vs_RS	21550	ENSMUSG00000021203	4.242449338370368e-25	1.2727348015111103e-24	0.2407985450238972	delta_proportion		0.00046468401486988845	2151	0.0005802991764643104	True	True	True
B_fisher_cells	ES_vs_RS	5267	ENSMUSG00000042800	1.0880820572363132e-24	3.2271524652122472e-24	-0.2004952118588482	delta_proportion		0.00046468401486988845	2151	0.0005802991764643104	True	True	True
B_fisher_cells	ES_vs_RS	132218	ENSMUSG00000063480	2.4764305024553973e-24	7.262341136414144e-24	-0.4561316291675353	delta_proportion		0.00046468401486988845	2151	0.0005802991764643104	True	True	True
B_fisher_cells	ES_vs_RS	21549	ENSMUSG00000021203	7.29044157329198e-24	2.1142280562546746e-23	0.2042042042042041	delta_proportion		0.00046468401486988845	2151	0.0005802991764643104	True	True	True
B_fisher_cells	ES_vs_RS	22888	ENSMUSG00000085861	8.257354728498802e-24	2.3683182243276787e-23	-0.3085	delta_proportion		0.00046468401486988845	2151	0.0005802991764643104	True	True	True
B_fisher_cells	ES_vs_RS	28058	ENSMUSG00000078127	9.087214212534829e-24	2.5780031624691196e-23	-0.3264790764790765	delta_proportion		0.00046468401486988845	2151	0.0005802991764643104	True	True	True
B_fisher_cells	ES_vs_RS	133039	ENSMUSG00000048077	1.740317439899918e-23	4.884116686170738e-23	0.2081412362311239	delta_proportion		0.00046468401486988845	2151	0.0005802991764643104	True	True	True
B_fisher_cells	ES_vs_RS	95469	ENSMUSG00000050089	6.28000266478716e-23	1.7437028675632432e-22	0.2236360477238503	delta_proportion		0.00046468401486988845	2151	0.0005802991764643104	True	True	True
B_fisher_cells	ES_vs_RS	191636	ENSMUSG00000118396	6.839909597398749e-23	1.8791751630748145e-22	0.228580638370655	delta_proportion		0.00046468401486988845	2151	0.0005802991764643104	True	True	True
B_fisher_cells	ES_vs_RS	104291	ENSMUSG00000060743	9.226006409834728e-23	2.508320492673817e-22	-0.2330952380952381	delta_proportion		0.00046468401486988845	2151	0.0005802991764643104	True	True	True
B_fisher_cells	ES_vs_RS	58588	ENSMUSG00000027942	1.180196116789939e-22	3.1755792420842694e-22	-0.4603940921932554	delta_proportion		0.00046468401486988845	2151	0.0005802991764643104	True	True	True
B_fisher_cells	ES_vs_RS	77092	ENSMUSG00000048206	2.6995242722836907e-22	7.189549337408605e-22	0.1809290953545231	delta_proportion		0.00046468401486988845	2151	0.0005802991764643104	True	True	True
B_fisher_cells	ES_vs_RS	82460	ENSMUSG00000038646	3.798558628767346e-22	1.001438183947755e-21	-0.3559837728194726	delta_proportion		0.00046468401486988845	2151	0.0005802991764643104	True	True	True
B_fisher_cells	ES_vs_RS	100885	ENSMUSG00000026182	4.6153786947027895e-22	1.2046138393174278e-21	0.2176074549670055	delta_proportion		0.00046468401486988845	2151	0.0005802991764643104	True	True	True
B_fisher_cells	ES_vs_RS	9504	ENSMUSG00000047129	1.049721179459213e-21	2.7126458201866797e-21	-0.3049103204939722	delta_proportion		0.00046468401486988845	2151	0.0005802991764643104	True	True	True
B_fisher_cells	ES_vs_RS	13910	ENSMUSG00000042200	2.9686671355567444e-21	7.596295317454021e-21	0.2080153818422159	delta_proportion		0.00046468401486988845	2151	0.0005802991764643104	True	True	True
B_fisher_cells	ES_vs_RS	55486	ENSMUSG00000027502	8.94804323251271e-21	2.2674167802774932e-20	-0.1895012901315511	delta_proportion		0.00046468401486988845	2151	0.0005802991764643104	True	True	True
B_fisher_cells	ES_vs_RS	128404	ENSMUSG00000034913	1.0904049954290227e-20	2.736497151990144e-20	0.195400641395381	delta_proportion		0.00046468401486988845	2151	0.0005802991764643104	True	True	True
B_fisher_cells	ES_vs_RS	14308	ENSMUSG00000020827	1.6451744004742733e-20	4.0802775404604136e-20	0.266446095503444	delta_proportion		0.00046468401486988845	2151	0.0005802991764643104	True	True	True
B_fisher_cells	ES_vs_RS	9505	ENSMUSG00000047129	1.6571242118344976e-20	4.0802775404604136e-20	-0.3626309004139054	delta_proportion		0.00046468401486988845	2151	0.0005802991764643104	True	True	True
B_fisher_cells	ES_vs_RS	171546	ENSMUSG00000095040	1.781460641975807e-20	4.345432033230707e-20	-0.2396161775406257	delta_proportion		0.00046468401486988845	2151	0.0005802991764643104	True	True	True
B_fisher_cells	ES_vs_RS	70644	ENSMUSG00000100704	2.890268816848413e-20	6.984816307383665e-20	0.1841155234657039	delta_proportion		0.00046468401486988845	2151	0.0005802991764643104	True	True	True
B_fisher_cells	ES_vs_RS	128405	ENSMUSG00000034913	4.1006524313692343e-20	9.818993436581376e-20	0.1858893016173315	delta_proportion		0.00046468401486988845	2151	0.0005802991764643104	True	True	True
B_fisher_cells	ES_vs_RS	53478	ENSMUSG00000100963	5.456223667764807e-20	1.2946130702605586e-19	0.1722054380664652	delta_proportion		0.00046468401486988845	2151	0.0005802991764643104	True	True	True
B_fisher_cells	ES_vs_RS	28623	ENSMUSG00000072145	1.3828963098335804e-19	3.2516751069059863e-19	-0.3902857543073259	delta_proportion		0.00046468401486988845	2151	0.0005802991764643104	True	True	True
B_fisher_cells	ES_vs_RS	77093	ENSMUSG00000048206	1.568499373681237e-19	3.655163719025025e-19	0.1707851432652949	delta_proportion		0.00046468401486988845	2151	0.0005802991764643104	True	True	True
B_fisher_cells	ES_vs_RS	49198	ENSMUSG00000037708	6.015943423375694e-19	1.38952321548766e-18	-0.5744366335983181	delta_proportion		0.00046468401486988845	2151	0.0005802991764643104	True	True	True
B_fisher_cells	ES_vs_RS	8986	ENSMUSG00000020156	2.2656080681349976e-18	5.187050050730126e-18	-0.4274541751527494	delta_proportion		0.00046468401486988845	2151	0.0005802991764643104	True	True	True
B_fisher_cells	ES_vs_RS	163023	ENSMUSG00000048686	3.288946443559084e-18	7.46447845016453e-18	0.20795696742109	delta_proportion		0.00046468401486988845	2151	0.0005802991764643104	True	True	True
B_fisher_cells	ES_vs_RS	132219	ENSMUSG00000063480	3.444281527496447e-18	7.749633436867006e-18	-0.3016501756017768	delta_proportion		0.00046468401486988845	2151	0.0005802991764643104	True	True	True
B_fisher_cells	ES_vs_RS	55922	ENSMUSG00000047841	4.017920241773209e-18	8.963052847032544e-18	-0.1744745802512621	delta_proportion		0.00046468401486988845	2151	0.0005802991764643104	True	True	True
B_fisher_cells	ES_vs_RS	33851	ENSMUSG00000022428	5.20417924598831e-18	1.1510938840702954e-17	-0.2022741116751268	delta_proportion		0.00046468401486988845	2151	0.0005802991764643104	True	True	True
B_fisher_cells	ES_vs_RS	156832	ENSMUSG00000105734	5.604609175959548e-18	1.2292462142230607e-17	-0.2955601925500486	delta_proportion		0.00046468401486988845	2151	0.0005802991764643104	True	True	True
B_fisher_cells	ES_vs_RS	86832	ENSMUSG00000031631	6.0888301493042425e-18	1.3243205574736725e-17	-0.4241260593220338	delta_proportion		0.00046468401486988845	2151	0.0005802991764643104	True	True	True
B_fisher_cells	ES_vs_RS	163019	ENSMUSG00000048686	9.643114037955728e-18	2.0800436065342526e-17	0.1976386210629588	delta_proportion		0.00046468401486988845	2151	0.0005802991764643104	True	True	True
B_fisher_cells	ES_vs_RS	59395	ENSMUSG00000005687	1.3596422447865197e-17	2.9087428351580465e-17	-0.2408399190124747	delta_proportion		0.00046468401486988845	2151	0.0005802991764643104	True	True	True
B_fisher_cells	ES_vs_RS	107398	ENSMUSG00000078442	2.4252092903182447e-17	5.1461758111631057e-17	-0.5013495276653173	delta_proportion		0.00046468401486988845	2151	0.0005802991764643104	True	True	True
B_fisher_cells	ES_vs_RS	86833	ENSMUSG00000031631	3.265117111888382e-17	6.872544888732804e-17	-0.4127383474576271	delta_proportion		0.00046468401486988845	2151	0.0005802991764643104	True	True	True
B_fisher_cells	ES_vs_RS	21333	ENSMUSG00000001175	4.3558541632271706e-17	9.095023492818331e-17	-0.2984930868416965	delta_proportion		0.00046468401486988845	2151	0.0005802991764643104	True	True	True
B_fisher_cells	ES_vs_RS	120021	ENSMUSG00000021270	9.273104020363482e-17	1.920857261361007e-16	-0.1421855921855922	delta_proportion		0.00046468401486988845	2151	0.0005802991764643104	True	True	True
B_fisher_cells	ES_vs_RS	73532	ENSMUSG00000029723	2.8628879898789667e-16	5.883572955578034e-16	-0.4099435717553759	delta_proportion		0.00046468401486988845	2151	0.0005802991764643104	True	True	True
B_fisher_cells	ES_vs_RS	144968	ENSMUSG00000024654	5.826442309192781e-16	1.1880480021088406e-15	-0.3138953619484326	delta_proportion		0.00046468401486988845	2151	0.0005802991764643104	True	True	True
B_fisher_cells	ES_vs_RS	60473	ENSMUSG00000037894	6.649448017295159e-16	1.345353436057393e-15	-0.1648693057339276	delta_proportion		0.00046468401486988845	2151	0.0005802991764643104	True	True	True
B_fisher_cells	ES_vs_RS	163020	ENSMUSG00000048686	9.81478199830982e-16	1.970506231968356e-15	0.1606955580364695	delta_proportion		0.00046468401486988845	2151	0.0005802991764643104	True	True	True
B_fisher_cells	ES_vs_RS	163022	ENSMUSG00000048686	1.0603333819418436e-15	2.1125726159299328e-15	0.1670218884265367	delta_proportion		0.00046468401486988845	2151	0.0005802991764643104	True	True	True
B_fisher_cells	ES_vs_RS	24859	ENSMUSG00000021534	1.1756638879988746e-15	2.3246081421795928e-15	-0.1514827586206896	delta_proportion		0.00046468401486988845	2151	0.0005802991764643104	True	True	True
B_fisher_cells	ES_vs_RS	157400	ENSMUSG00000055891	1.8525471405372275e-15	3.6354496517309505e-15	0.1340819625120571	delta_proportion		0.00046468401486988845	2151	0.0005802991764643104	True	True	True
B_fisher_cells	ES_vs_RS	171545	ENSMUSG00000095040	2.669712829953359e-15	5.199963049386766e-15	-0.1945033955857384	delta_proportion		0.00046468401486988845	2151	0.0005802991764643104	True	True	True
B_fisher_cells	ES_vs_RS	16465	ENSMUSG00000035530	5.775381792937289e-15	1.1165738133012092e-14	0.117063492063492	delta_proportion		0.00046468401486988845	2151	0.0005802991764643104	True	True	True
B_fisher_cells	ES_vs_RS	64551	ENSMUSG00000078593	6.800200598055099e-15	1.3050384971267507e-14	0.1243386243386243	delta_proportion		0.00046468401486988845	2151	0.0005802991764643104	True	True	True
B_fisher_cells	ES_vs_RS	70431	ENSMUSG00000036323	7.786700317156018e-15	1.48345166626111e-14	0.14	delta_proportion		0.00046468401486988845	2151	0.0005802991764643104	True	True	True
B_fisher_cells	ES_vs_RS	163024	ENSMUSG00000048686	8.853266274281811e-15	1.6744220997011253e-14	0.1558746912953753	delta_proportion		0.00046468401486988845	2151	0.0005802991764643104	True	True	True
B_fisher_cells	ES_vs_RS	112531	ENSMUSG00000041165	1.0057637924019463e-14	1.888520502279914e-14	0.1728012398295234	delta_proportion		0.00046468401486988845	2151	0.0005802991764643104	True	True	True
B_fisher_cells	ES_vs_RS	82461	ENSMUSG00000038646	1.8588482555869463e-14	3.465424247915664e-14	-0.293103448275862	delta_proportion		0.00046468401486988845	2151	0.0005802991764643104	True	True	True
B_fisher_cells	ES_vs_RS	160656	ENSMUSG00000070980	2.4219170120730493e-14	4.483122979794792e-14	-0.1173708920187793	delta_proportion		0.00046468401486988845	2151	0.0005802991764643104	True	True	True
B_fisher_cells	ES_vs_RS	9990	ENSMUSG00000047025	2.990725421692512e-14	5.4970375708573646e-14	-0.181868687870791	delta_proportion		0.00046468401486988845	2151	0.0005802991764643104	True	True	True
B_fisher_cells	ES_vs_RS	107178	ENSMUSG00000001666	4.562704027664456e-14	8.327732526016945e-14	-0.3348413322842906	delta_proportion		0.00046468401486988845	2151	0.0005802991764643104	True	True	True
B_fisher_cells	ES_vs_RS	116189	ENSMUSG00000062825	5.3294162460210094e-14	9.659566945913081e-14	-0.3001660341555978	delta_proportion		0.00046468401486988845	2151	0.0005802991764643104	True	True	True
B_fisher_cells	ES_vs_RS	9991	ENSMUSG00000047025	9.077798702218685e-14	1.6340037663993628e-13	-0.1798646798547589	delta_proportion		0.00046468401486988845	2151	0.0005802991764643104	True	True	True
B_fisher_cells	ES_vs_RS	51118	ENSMUSG00000027088	1.0588326714554519e-13	1.8928447071909106e-13	-0.2772407208497434	delta_proportion		0.00046468401486988845	2151	0.0005802991764643104	True	True	True
B_fisher_cells	ES_vs_RS	191635	ENSMUSG00000118396	1.5325795890145286e-13	2.72111069886253e-13	0.1100702576112412	delta_proportion		0.00046468401486988845	2151	0.0005802991764643104	True	True	True
B_fisher_cells	ES_vs_RS	47892	ENSMUSG00000025176	4.5267433384568126e-13	7.982973049575864e-13	0.1032388663967611	delta_proportion		0.00046468401486988845	2151	0.0005802991764643104	True	True	True
B_fisher_cells	ES_vs_RS	156663	ENSMUSG00000074435	7.638488959162439e-13	1.3380171935177161e-12	0.1102862493311932	delta_proportion		0.00046468401486988845	2151	0.0005802991764643104	True	True	True
B_fisher_cells	ES_vs_RS	159534	ENSMUSG00000028264	1.0766726270475006e-12	1.873410371062651e-12	-0.4595472800292077	delta_proportion		0.00046468401486988845	2151	0.0005802991764643104	True	True	True
B_fisher_cells	ES_vs_RS	138689	ENSMUSG00000024033	1.6623755252001176e-12	2.873377563425369e-12	-0.1387426014820337	delta_proportion		0.00046468401486988845	2151	0.0005802991764643104	True	True	True
B_fisher_cells	ES_vs_RS	170278	ENSMUSG00000029433	3.312965745542502e-12	5.6887109183328476e-12	-0.3186571598336304	delta_proportion		0.00046468401486988845	2151	0.0005802991764643104	True	True	True
B_fisher_cells	ES_vs_RS	156696	ENSMUSG00000028141	4.291818023293661e-12	7.321336627971539e-12	0.103191011235955	delta_proportion		0.00046468401486988845	2151	0.0005802991764643104	True	True	True
B_fisher_cells	ES_vs_RS	133040	ENSMUSG00000048077	5.589685643837614e-12	9.473428266504008e-12	0.0982800982800983	delta_proportion		0.00046468401486988845	2151	0.0005802991764643104	True	True	False
B_fisher_cells	ES_vs_RS	133814	ENSMUSG00000050058	7.44543243028857e-12	1.2537147511647205e-11	0.0934393638170973	delta_proportion		0.00046468401486988845	2151	0.0005802991764643104	True	True	False
B_fisher_cells	ES_vs_RS	120860	ENSMUSG00000059395	8.674901911628725e-12	1.4513778198301903e-11	-0.3107459944892335	delta_proportion		0.00046468401486988845	2151	0.0005802991764643104	True	True	True
B_fisher_cells	ES_vs_RS	156647	ENSMUSG00000027927	1.4500181230251909e-11	2.4105396822265915e-11	0.1045208541678922	delta_proportion		0.00046468401486988845	2151	0.0005802991764643104	True	True	True
B_fisher_cells	ES_vs_RS	116188	ENSMUSG00000062825	1.8500608016275515e-11	3.0561130963594356e-11	-0.1165006325110689	delta_proportion		0.00046468401486988845	2151	0.0005802991764643104	True	True	True
B_fisher_cells	ES_vs_RS	8994	ENSMUSG00000020156	1.9556341241389077e-11	3.2101918641525456e-11	-0.1518533604887983	delta_proportion		0.00046468401486988845	2151	0.0005802991764643104	True	True	True
B_fisher_cells	ES_vs_RS	189508	ENSMUSG00000045620	2.9561057444705954e-11	4.822147495667659e-11	-0.3740153289333617	delta_proportion		0.00046468401486988845	2151	0.0005802991764643104	True	True	True
B_fisher_cells	ES_vs_RS	78597	ENSMUSG00000030161	3.7718904598659846e-11	6.114679565372807e-11	0.0931989924433249	delta_proportion		0.00046468401486988845	2151	0.0005802991764643104	True	True	False
B_fisher_cells	ES_vs_RS	73863	ENSMUSG00000047843	6.119850829813563e-11	9.859759670255184e-11	-0.2972620599739243	delta_proportion		0.00046468401486988845	2151	0.0005802991764643104	True	True	True
B_fisher_cells	ES_vs_RS	73531	ENSMUSG00000029723	6.594056213432606e-11	1.0558580808011722e-10	-0.2011336485181232	delta_proportion		0.00046468401486988845	2151	0.0005802991764643104	True	True	True
B_fisher_cells	ES_vs_RS	178063	ENSMUSG00000061099	2.2094379311468963e-10	3.516239634325244e-10	0.1104276300194377	delta_proportion		0.00046468401486988845	2151	0.0005802991764643104	True	True	True
B_fisher_cells	ES_vs_RS	144966	ENSMUSG00000024654	3.2145631737986993e-10	5.084854474917943e-10	-0.102514470420206	delta_proportion		0.00046468401486988845	2151	0.0005802991764643104	True	True	True
B_fisher_cells	ES_vs_RS	64715	ENSMUSG00000048772	3.328174556054013e-10	5.23285276584396e-10	0.0877342707932992	delta_proportion		0.00046468401486988845	2151	0.0005802991764643104	True	True	False
B_fisher_cells	ES_vs_RS	141075	ENSMUSG00000053375	3.6317047653158027e-10	5.675897866751045e-10	-0.1373478539397822	delta_proportion		0.00046468401486988845	2151	0.0005802991764643104	True	True	True
B_fisher_cells	ES_vs_RS	107177	ENSMUSG00000001666	5.616124699191982e-10	8.725050871958973e-10	-0.2048649357461317	delta_proportion		0.00046468401486988845	2151	0.0005802991764643104	True	True	True
B_fisher_cells	ES_vs_RS	33846	ENSMUSG00000022428	6.520191324918898e-10	1.0069644590555223e-09	-0.2602131979695432	delta_proportion		0.00046468401486988845	2151	0.0005802991764643104	True	True	True
B_fisher_cells	ES_vs_RS	128406	ENSMUSG00000034913	9.640532225371315e-10	1.480105241659949e-09	0.0759753593429157	delta_proportion		0.00046468401486988845	2151	0.0005802991764643104	True	True	False
B_fisher_cells	ES_vs_RS	115882	ENSMUSG00000016559	1.207119047287095e-09	1.8424448616487242e-09	-0.0765765765765765	delta_proportion		0.00046468401486988845	2151	0.0005802991764643104	True	True	False
B_fisher_cells	ES_vs_RS	120861	ENSMUSG00000059395	1.9830981076932583e-09	3.0092360820229092e-09	-0.2797224206551689	delta_proportion		0.00046468401486988845	2151	0.0005802991764643104	True	True	True
B_fisher_cells	ES_vs_RS	51119	ENSMUSG00000027088	2.041467460825633e-09	3.079901776158903e-09	-0.2984365676094999	delta_proportion		0.00046468401486988845	2151	0.0005802991764643104	True	True	True
B_fisher_cells	ES_vs_RS	103265	ENSMUSG00000026592	2.060000013773661e-09	3.0900000206604917e-09	0.0812324929971989	delta_proportion		0.00046468401486988845	2151	0.0005802991764643104	True	True	False
B_fisher_cells	ES_vs_RS	133812	ENSMUSG00000050058	2.3568278720841997e-09	3.515040426365577e-09	0.073558648111332	delta_proportion		0.00046468401486988845	2151	0.0005802991764643104	True	True	False
B_fisher_cells	ES_vs_RS	28622	ENSMUSG00000072145	3.695145751203798e-09	5.479733187864724e-09	-0.1941098193024233	delta_proportion		0.00046468401486988845	2151	0.0005802991764643104	True	True	True
B_fisher_cells	ES_vs_RS	133813	ENSMUSG00000050058	4.788696418453526e-09	7.0612981085670635e-09	0.0695825049701789	delta_proportion		0.00046468401486988845	2151	0.0005802991764643104	True	True	False
B_fisher_cells	ES_vs_RS	178062	ENSMUSG00000061099	5.451160403809088e-09	7.992993625809955e-09	0.0942492770113307	delta_proportion		0.00046468401486988845	2151	0.0005802991764643104	True	True	False
B_fisher_cells	ES_vs_RS	107176	ENSMUSG00000001666	7.638526367037699e-09	1.1137739563110837e-08	-0.2632179386309992	delta_proportion		0.00046468401486988845	2151	0.0005802991764643104	True	True	True
B_fisher_cells	ES_vs_RS	73864	ENSMUSG00000047843	8.490811442225905e-09	1.2311676591227562e-08	-0.3622881355932204	delta_proportion		0.00046468401486988845	2151	0.0005802991764643104	True	True	True
B_fisher_cells	ES_vs_RS	153594	ENSMUSG00000027496	1.1627891300320946e-08	1.676729077007606e-08	-0.1983702571937865	delta_proportion		0.00046468401486988845	2151	0.0005802991764643104	True	True	True
B_fisher_cells	ES_vs_RS	4551	ENSMUSG00000042708	1.89122258587383e-08	2.7121378841377454e-08	-0.2829798108867876	delta_proportion		0.00046468401486988845	2151	0.0005802991764643104	True	True	True
B_fisher_cells	ES_vs_RS	33582	ENSMUSG00000049653	2.1534525821838033e-08	3.071317617212965e-08	-0.2689595447234937	delta_proportion		0.00046468401486988845	2151	0.0005802991764643104	True	True	True
B_fisher_cells	ES_vs_RS	4552	ENSMUSG00000042708	4.2473445862900295e-08	6.024765962074443e-08	-0.2527728085867621	delta_proportion		0.00046468401486988845	2151	0.0005802991764643104	True	True	True
B_fisher_cells	ES_vs_RS	110832	ENSMUSG00000044056	5.3617394831449456e-08	7.564400027572059e-08	-0.2554223444684738	delta_proportion		0.00046468401486988845	2151	0.0005802991764643104	True	True	True
B_fisher_cells	ES_vs_RS	57855	ENSMUSG00000048416	5.467326832458018e-08	7.671894103610447e-08	-0.0670813269127875	delta_proportion		0.00046468401486988845	2151	0.0005802991764643104	True	True	False
B_fisher_cells	ES_vs_RS	50215	ENSMUSG00000026864	1.1947450733190177e-07	1.6675318937768104e-07	-0.2223754573599774	delta_proportion		0.00046468401486988845	2151	0.0005802991764643104	True	True	True
B_fisher_cells	ES_vs_RS	170277	ENSMUSG00000029433	1.616074814054093e-07	2.243593225894246e-07	-0.2380867498514557	delta_proportion		0.00046468401486988845	2151	0.0005802991764643104	True	True	True
B_fisher_cells	ES_vs_RS	123854	ENSMUSG00000045022	1.7590015592241836e-07	2.429097391309587e-07	0.0585585585585585	delta_proportion		0.00046468401486988845	2151	0.0005802991764643104	True	True	False
B_fisher_cells	ES_vs_RS	141074	ENSMUSG00000053375	2.185031334070613e-07	3.001543043118052e-07	-0.1084012080168389	delta_proportion		0.00046468401486988845	2151	0.0005802991764643104	True	True	True
B_fisher_cells	ES_vs_RS	163021	ENSMUSG00000048686	2.671846613614734e-07	3.651057414415945e-07	0.0891775770492911	delta_proportion		0.00046468401486988845	2151	0.0005802991764643104	True	True	False
B_fisher_cells	ES_vs_RS	81210	ENSMUSG00000051113	2.905032804319828e-07	3.949028968372266e-07	0.0623641273255681	delta_proportion		0.00046468401486988845	2151	0.0005802991764643104	True	True	False
B_fisher_cells	ES_vs_RS	28057	ENSMUSG00000078127	2.938726170698046e-07	3.9741322826538333e-07	-0.0717893217893218	delta_proportion		0.00046468401486988845	2151	0.0005802991764643104	True	True	False
B_fisher_cells	ES_vs_RS	47891	ENSMUSG00000025176	3.470039359135059e-07	4.668455014094075e-07	0.0546558704453441	delta_proportion		0.00046468401486988845	2151	0.0005802991764643104	True	True	False
B_fisher_cells	ES_vs_RS	148140	ENSMUSG00000026853	6.03632827755411e-07	8.079393233033961e-07	-0.1958589990752496	delta_proportion		0.00046468401486988845	2151	0.0005802991764643104	True	True	True
B_fisher_cells	ES_vs_RS	86826	ENSMUSG00000031631	7.27183476493565e-07	9.683412620654107e-07	-0.1852489406779661	delta_proportion		0.00046468401486988845	2151	0.0005802991764643104	True	True	True
B_fisher_cells	ES_vs_RS	148139	ENSMUSG00000026853	1.0730885479055329e-06	1.421706147225097e-06	-0.2104982680522248	delta_proportion		0.00046468401486988845	2151	0.0005802991764643104	True	True	True
B_fisher_cells	ES_vs_RS	115835	ENSMUSG00000020743	1.1333054085187672e-06	1.4939025839565566e-06	-0.2861903126073515	delta_proportion		0.00046468401486988845	2151	0.0005802991764643104	True	True	True
B_fisher_cells	ES_vs_RS	58587	ENSMUSG00000027942	1.4477132354678326e-06	1.8987595701362025e-06	-0.1353753173836855	delta_proportion		0.00046468401486988845	2151	0.0005802991764643104	True	True	True
B_fisher_cells	ES_vs_RS	133817	ENSMUSG00000038015	2.4023522176943094e-06	3.1350696440910737e-06	0.0476190476190476	delta_proportion		0.00046468401486988845	2151	0.0005802991764643104	True	True	False
B_fisher_cells	ES_vs_RS	115836	ENSMUSG00000020743	3.824186531096951e-06	4.965734749334846e-06	-0.223943661971831	delta_proportion		0.00046468401486988845	2151	0.0005802991764643104	True	True	True
B_fisher_cells	ES_vs_RS	110830	ENSMUSG00000044056	5.967809332221649e-06	7.71088235499926e-06	-0.1323618955634409	delta_proportion		0.00046468401486988845	2151	0.0005802991764643104	True	True	True
B_fisher_cells	ES_vs_RS	89959	ENSMUSG00000092329	1.4272905550942855e-05	1.835087856549796e-05	0.0417495029821073	delta_proportion		0.00046468401486988845	2151	0.0005802991764643104	True	True	False
B_fisher_cells	ES_vs_RS	108806	ENSMUSG00000074748	1.976999450859666e-05	2.529396356246925e-05	-0.0795454545454545	delta_proportion		0.00046468401486988845	2151	0.0005802991764643104	True	True	False
B_fisher_cells	ES_vs_RS	107397	ENSMUSG00000078442	2.1183771409520595e-05	2.693434311957996e-05	-0.1794871794871795	delta_proportion		0.00046468401486988845	2151	0.0005802991764643104	True	True	True
B_fisher_cells	ES_vs_RS	159535	ENSMUSG00000028264	2.1258523688250844e-05	2.693434311957996e-05	-0.1435560423512231	delta_proportion		0.00046468401486988845	2151	0.0005802991764643104	True	True	True
B_fisher_cells	ES_vs_RS	181350	ENSMUSG00000030968	2.1813228690300583e-05	2.7503636174726824e-05	-0.2167701863354036	delta_proportion		0.00046468401486988845	2151	0.0005802991764643104	True	True	True
B_fisher_cells	ES_vs_RS	49197	ENSMUSG00000037708	3.714571010534673e-05	4.661072277642065e-05	-0.1047565862952499	delta_proportion		0.00046468401486988845	2151	0.0005802991764643104	True	True	True
B_fisher_cells	ES_vs_RS	81209	ENSMUSG00000051113	4.780529520188335e-05	5.969943563488781e-05	0.0386965376782076	delta_proportion		0.00046468401486988845	2151	0.0005802991764643104	True	True	False
B_fisher_cells	ES_vs_RS	189507	ENSMUSG00000045620	5.743383191118058e-05	7.13820482324673e-05	-0.1251064509261231	delta_proportion		0.0009293680297397769	2151	0.0011441747913305744	True	True	True
B_fisher_cells	ES_vs_RS	184889	ENSMUSG00000090137	6.458144148186834e-05	7.988510060079448e-05	0.0429166573592155	delta_proportion		0.0009293680297397769	2151	0.0011441747913305744	True	True	False
B_fisher_cells	ES_vs_RS	141128	ENSMUSG00000036438	7.198606512846002e-05	8.862435376664182e-05	-0.1468853596484465	delta_proportion		0.0009293680297397769	2151	0.0011441747913305744	True	True	True
B_fisher_cells	ES_vs_RS	17886	ENSMUSG00000025156	8.439900387219512e-05	0.0001034184977025	-0.2034209782301385	delta_proportion		0.0013940520446096654	2151	0.0017002223534725357	True	True	True
B_fisher_cells	ES_vs_RS	17703	ENSMUSG00000017716	8.694422343176464e-05	0.0001060394500733	-0.1893968497887054	delta_proportion		0.0013940520446096654	2151	0.0017002223534725357	True	True	True
B_fisher_cells	ES_vs_RS	133815	ENSMUSG00000050058	0.000180319247434	0.0002188991794431	0.0337972166998011	delta_proportion		0.0032527881040892194	2151	0.00393045229244114	True	True	False
B_fisher_cells	ES_vs_RS	108800	ENSMUSG00000074748	0.0001868405626959	0.0002257656799242	-0.1617132867132867	delta_proportion		0.0032527881040892194	2151	0.00393045229244114	True	True	True
B_fisher_cells	ES_vs_RS	179766	ENSMUSG00000030544	0.0002134167057002	0.0002566901391141	0.0369524426474858	delta_proportion		0.0037174721189591076	2151	0.004471245267503811	True	True	False
B_fisher_cells	ES_vs_RS	43085	ENSMUSG00000024233	0.0005589309123799	0.0006691787528953	-0.0913731758882071	delta_proportion		0.007434944237918215	2151	0.008820547482257518	True	True	False
B_fisher_cells	ES_vs_RS	123572	ENSMUSG00000046957	0.0005930917822594	0.0007068354117338	0.0278884462151394	delta_proportion		0.007434944237918215	2151	0.008820547482257518	True	True	False
B_fisher_cells	ES_vs_RS	176108	ENSMUSG00000030206	0.0006028870060077	0.0007152432207637	0.0277777777777777	delta_proportion		0.007434944237918215	2151	0.008820547482257518	True	True	False
B_fisher_cells	ES_vs_RS	131883	ENSMUSG00000033055	0.0009878551320693	0.0011666524410412	-0.1426312005751257	delta_proportion		0.008828996282527882	2151	0.010427004659456006	True	True	True
B_fisher_cells	ES_vs_RS	137284	ENSMUSG00000046173	0.0014196317851244	0.0016690265581868	-0.2528957528957529	delta_proportion		0.011152416356877323	2151	0.013111624635788204	True	True	True
B_fisher_cells	ES_vs_RS	141127	ENSMUSG00000036438	0.0016122854965888	0.0018870247291913	-0.1269370133374451	delta_proportion		0.01254646840148699	2151	0.014684431626852486	True	True	True
B_fisher_cells	ES_vs_RS	50216	ENSMUSG00000026864	0.0016869635913709	0.0019656138274456	-0.1807205178722206	delta_proportion		0.013475836431226766	2151	0.0157017558417419	True	True	True
B_fisher_cells	ES_vs_RS	40812	ENSMUSG00000002308	0.0035332191078908	0.0040985341651533	-0.1508547008547008	delta_proportion		0.022769516728624536	2151	0.02641263940520446	True	True	True
B_fisher_cells	ES_vs_RS	131884	ENSMUSG00000033055	0.0052205976612895	0.0060290972990999	-0.0836927869638149	delta_proportion		0.028810408921933085	2151	0.03327219791426785	True	True	False
B_fisher_cells	ES_vs_RS	95468	ENSMUSG00000050089	0.0058294541722048	0.0067025882772927	0.0239951349472953	delta_proportion		0.031133828996282528	2151	0.03579704567413983	True	True	False
B_fisher_cells	ES_vs_RS	141137	ENSMUSG00000036438	0.0058858885321234	0.0067377934512465	-0.1130599028602267	delta_proportion		0.031598513011152414	2151	0.03617198199960868	True	True	True
B_fisher_cells	ES_vs_RS	33581	ENSMUSG00000049653	0.0079048151568836	0.0090094181482385	-0.1004400770576695	delta_proportion		0.03578066914498141	2151	0.0407805879774679	True	True	True
B_fisher_cells	ES_vs_RS	17885	ENSMUSG00000025156	0.0081592843096733	0.0092590139340206	-0.1239751201583262	delta_proportion		0.0362453531598513	2151	0.04113059641183126	True	True	True
B_fisher_cells	ES_vs_RS	57852	ENSMUSG00000048416	0.012088699056313	0.0136586599727172	0.0272873194221509	delta_proportion		0.04925650557620818	2151	0.055653454352339114	True	False	False
B_fisher_cells	ES_vs_RS	181349	ENSMUSG00000030968	0.0153662005054687	0.0172869755686523	-0.1167701863354037	delta_proportion		0.05901486988847584	2151	0.06639172862453532	True	False	True
B_fisher_cells	ES_vs_RS	170275	ENSMUSG00000029433	0.0157481213809826	0.0176405994868518	-0.0971182412358883	delta_proportion		0.06087360594795539	2151	0.06818888906616462	True	False	False
B_fisher_cells	ES_vs_RS	100886	ENSMUSG00000026182	0.0186146617170169	0.0207625072997497	0.0190164080613519	delta_proportion		0.06737918215613382	2151	0.07515370317414927	True	False	False
B_fisher_cells	ES_vs_RS	123573	ENSMUSG00000046957	0.0239028623530142	0.0265474343580286	0.0159362549800796	delta_proportion		0.07992565055762081	2151	0.08876848849165545	True	False	False
B_fisher_cells	ES_vs_RS	176109	ENSMUSG00000030206	0.0449219244842435	0.049680602925371	0.0119047619047618	delta_proportion		0.11895910780669144	2151	0.1309647464933929	True	False	False
B_fisher_cells	ES_vs_RS	16467	ENSMUSG00000035530	0.0456208811473188	0.0500700050194443	0.0138888888888888	delta_proportion		0.11895910780669144	2151	0.1309647464933929	False	False	False
B_fisher_cells	ES_vs_RS	156697	ENSMUSG00000028141	0.045657705726543	0.0500700050194443	0.014	delta_proportion		0.11942379182156133	2151	0.1309647464933929	False	False	False
B_fisher_cells	ES_vs_RS	170276	ENSMUSG00000029433	0.0664417706590059	0.0725577495481195	-0.0777183600713012	delta_proportion		0.14776951672862454	2151	0.16137173165761926	False	False	False
B_fisher_cells	ES_vs_RS	64714	ENSMUSG00000048772	0.088147820145402	0.0958607544081246	0.0132875907128162	delta_proportion		0.17611524163568773	2151	0.1915253252788104	False	False	False
B_fisher_cells	ES_vs_RS	17704	ENSMUSG00000017716	0.0933504720438059	0.1010973991843706	-0.0748495325906005	delta_proportion		0.18494423791821563	2151	0.200292307454997	False	False	False
B_fisher_cells	ES_vs_RS	137277	ENSMUSG00000046173	0.1821874841297902	0.1964914601565093	-0.1145431145431145	delta_proportion		0.2894981412639405	2151	0.3122273341730929	False	False	True
B_fisher_cells	ES_vs_RS	153593	ENSMUSG00000027496	0.2460843505076584	0.2643128209156331	-0.0786860198624904	delta_proportion		0.3475836431226766	2151	0.3733305796502823	False	False	False
B_fisher_cells	ES_vs_RS	14713	ENSMUSG00000069808	0.2713647562065139	0.2902713170897546	0.0059523809523809	delta_proportion		0.3712825278810409	2151	0.3971505728563593	False	False	False
B_fisher_cells	ES_vs_RS	41548	ENSMUSG00000021545	0.3320710541878808	0.3537573271144362	-0.0168182262638115	delta_proportion		0.4205390334572491	2151	0.44800280707078366	False	False	False
B_fisher_cells	ES_vs_RS	100884	ENSMUSG00000026182	0.413953488372093	0.439194554736245	-0.0028089887640448	delta_proportion		0.5060408921933085	2151	0.5368970441563151	False	False	False
B_fisher_cells	ES_vs_RS	133809	ENSMUSG00000043050	0.5142431708043426	0.5390259742166	0.0039682539682539	delta_proportion		0.5817843866171004	2151	0.6098221883817799	False	False	False
B_fisher_cells	ES_vs_RS	133822	ENSMUSG00000022501	0.5142431708043426	0.5390259742166	0.0039682539682539	delta_proportion		0.5817843866171004	2151	0.6098221883817799	False	False	False
B_fisher_cells	ES_vs_RS	184890	ENSMUSG00000090137	0.5140769203632999	0.5390259742166	0.0039761431411531	delta_proportion		0.5803903345724907	2151	0.6098221883817799	False	False	False
B_fisher_cells	ES_vs_RS	40813	ENSMUSG00000002308	1.0	1.0	0.0032051282051283	delta_proportion		1.0	2151	1.0	False	False	False
B_fisher_cells	ES_vs_RS	16466	ENSMUSG00000035530	1.0	1.0	0.0019841269841269	delta_proportion		1.0	2151	1.0	False	False	False
B_fisher_cells	ES_vs_RS	188683	ENSMUSG00000001948	1.0	1.0	0.0	delta_proportion		1.0	2151	1.0	False	False	False
B_fisher_cells	ES_vs_RS	156661	ENSMUSG00000074435	1.0	1.0	0.0019841269841269	delta_proportion		1.0	2151	1.0	False	False	False
B_fisher_cells	ES_vs_RS	156660	ENSMUSG00000074435	1.0	1.0	0.0019841269841269	delta_proportion		1.0	2151	1.0	False	False	False
B_fisher_cells	ES_vs_RS	137276	ENSMUSG00000046173	1.0	1.0	0.0122265122265122	delta_proportion		1.0	2151	1.0	False	False	False
B_fisher_cells	ES_vs_RS	176110	ENSMUSG00000030206	1.0	1.0	0.0	delta_proportion		1.0	2151	1.0	False	False	False
B_fisher_cells	ES_vs_RS	133806	ENSMUSG00000043050	1.0	1.0	0.0019841269841269	delta_proportion		1.0	2151	1.0	False	False	False
B_fisher_cells	ES_vs_RS	133821	ENSMUSG00000022501	1.0	1.0	0.0	delta_proportion		1.0	2151	1.0	False	False	False
B_fisher_cells	ES_vs_RS	133823	ENSMUSG00000022501	1.0	1.0	0.0	delta_proportion		1.0	2151	1.0	False	False	False
B_fisher_cells	ES_vs_RS	133816	ENSMUSG00000038015	1.0	1.0	0.0	delta_proportion		1.0	2151	1.0	False	False	False
B_fisher_cells	ES_vs_RS	14712	ENSMUSG00000069808	1.0	1.0	0.0	delta_proportion		1.0	2151	1.0	False	False	False
B_fisher_cells	ES_vs_SPC	156662	ENSMUSG00000074435	2.800710913752838e-130	7.309855484894907e-128	0.8202475564081484	delta_proportion		0.00046468401486988845	2151	0.0006383290941107415	True	True	True
B_fisher_cells	ES_vs_SPC	188695	ENSMUSG00000001948	1.7725030341999896e-106	2.3131164596309863e-104	0.7017980573064158	delta_proportion		0.00046468401486988845	2151	0.0006383290941107415	True	True	True
B_fisher_cells	ES_vs_SPC	78596	ENSMUSG00000030161	1.2882083993159854e-100	1.1207413074049072e-98	0.8151895193249102	delta_proportion		0.00046468401486988845	2151	0.0006383290941107415	True	True	True
B_fisher_cells	ES_vs_SPC	69324	ENSMUSG00000067367	2.2824621437228524e-93	1.4893065487791612e-91	-0.7112068965517242	delta_proportion		0.00046468401486988845	2151	0.0006383290941107415	True	True	True
B_fisher_cells	ES_vs_SPC	163023	ENSMUSG00000048686	4.2082821653211505e-91	2.196723290297641e-89	0.6979151042447878	delta_proportion		0.00046468401486988845	2151	0.0006383290941107415	True	True	True
B_fisher_cells	ES_vs_SPC	120005	ENSMUSG00000021270	5.425037028417023e-91	2.359891107361405e-89	-0.750935550935551	delta_proportion		0.00046468401486988845	2151	0.0006383290941107415	True	True	True
B_fisher_cells	ES_vs_SPC	179769	ENSMUSG00000030544	9.169843300043011e-89	3.419041573301752e-87	-0.620999088976617	delta_proportion		0.00046468401486988845	2151	0.0006383290941107415	True	True	True
B_fisher_cells	ES_vs_SPC	133041	ENSMUSG00000048077	1.4114371847406252e-88	4.60481381521629e-87	0.7680286006128703	delta_proportion		0.00046468401486988845	2151	0.0006383290941107415	True	True	True
B_fisher_cells	ES_vs_SPC	157401	ENSMUSG00000055891	4.8682718192407635e-84	1.4117988275798208e-82	0.6537226818125694	delta_proportion		0.00046468401486988845	2151	0.0006383290941107415	True	True	True
B_fisher_cells	ES_vs_SPC	138692	ENSMUSG00000024033	4.674128283079425e-83	1.21994748188373e-81	-0.6046511627906976	delta_proportion		0.00046468401486988845	2151	0.0006383290941107415	True	True	True
B_fisher_cells	ES_vs_SPC	69332	ENSMUSG00000067367	5.340872619968791e-83	1.267243412556231e-81	-0.6831254088402954	delta_proportion		0.00046468401486988845	2151	0.0006383290941107415	True	True	True
B_fisher_cells	ES_vs_SPC	113256	ENSMUSG00000037278	1.885723638734725e-82	4.101448914248026e-81	-0.6545591311426423	delta_proportion		0.00046468401486988845	2151	0.0006383290941107415	True	True	True
B_fisher_cells	ES_vs_SPC	138688	ENSMUSG00000024033	6.589681300153429e-78	1.3230052456461887e-76	-0.5853298400093636	delta_proportion		0.00046468401486988845	2151	0.0006383290941107415	True	True	True
B_fisher_cells	ES_vs_SPC	78595	ENSMUSG00000030161	1.2523861597649176e-77	2.3348056264188817e-76	0.688283836076274	delta_proportion		0.00046468401486988845	2151	0.0006383290941107415	True	True	True
B_fisher_cells	ES_vs_SPC	47890	ENSMUSG00000025176	1.198903383412783e-75	2.0860918871382423e-74	0.5545722713864307	delta_proportion		0.00046468401486988845	2151	0.0006383290941107415	True	True	True
B_fisher_cells	ES_vs_SPC	123856	ENSMUSG00000045022	4.36245112687262e-75	7.116248400710962e-74	0.6667022234864647	delta_proportion		0.00046468401486988845	2151	0.0006383290941107415	True	True	True
B_fisher_cells	ES_vs_SPC	120006	ENSMUSG00000021270	3.3176380160576384e-73	5.09355013053555e-72	-0.5907484407484408	delta_proportion		0.00046468401486988845	2151	0.0006383290941107415	True	True	True
B_fisher_cells	ES_vs_SPC	139599	ENSMUSG00000118471	1.0785477320969038e-71	1.5638942115405106e-70	0.5631768953068592	delta_proportion		0.00046468401486988845	2151	0.0006383290941107415	True	True	True
B_fisher_cells	ES_vs_SPC	156663	ENSMUSG00000074435	1.7273631167869586e-71	2.3728514393757693e-70	0.5283563228890716	delta_proportion		0.00046468401486988845	2151	0.0006383290941107415	True	True	True
B_fisher_cells	ES_vs_SPC	60538	ENSMUSG00000028156	2.115495997811288e-70	2.7607222771437304e-69	0.7011918803153517	delta_proportion		0.00046468401486988845	2151	0.0006383290941107415	True	True	True
B_fisher_cells	ES_vs_SPC	163020	ENSMUSG00000048686	5.81551278725239e-70	7.227851607013683e-69	0.5641717914104295	delta_proportion		0.00046468401486988845	2151	0.0006383290941107415	True	True	True
B_fisher_cells	ES_vs_SPC	123855	ENSMUSG00000045022	1.2464538459068892e-69	1.4787475171895364e-68	0.6385767790262173	delta_proportion		0.00046468401486988845	2151	0.0006383290941107415	True	True	True
B_fisher_cells	ES_vs_SPC	128405	ENSMUSG00000034913	3.0669092819762684e-67	3.48027531563394e-66	0.593806061750543	delta_proportion		0.00046468401486988845	2151	0.0006383290941107415	True	True	True
B_fisher_cells	ES_vs_SPC	191634	ENSMUSG00000118396	1.3489433956872681e-66	1.466975942809904e-65	0.6625497889542833	delta_proportion		0.00046468401486988845	2151	0.0006383290941107415	True	True	True
B_fisher_cells	ES_vs_SPC	13911	ENSMUSG00000042200	1.2863760490810924e-65	1.3429765952406603e-64	0.5957446808510638	delta_proportion		0.00046468401486988845	2151	0.0006383290941107415	True	True	True
B_fisher_cells	ES_vs_SPC	75184	ENSMUSG00000029766	2.7993016647586448e-65	2.8100682096231008e-64	0.6399065244075158	delta_proportion		0.00046468401486988845	2151	0.0006383290941107415	True	True	True
B_fisher_cells	ES_vs_SPC	163024	ENSMUSG00000048686	4.818641441541345e-65	4.658020060156633e-64	0.540697965101745	delta_proportion		0.00046468401486988845	2151	0.0006383290941107415	True	True	True
B_fisher_cells	ES_vs_SPC	103270	ENSMUSG00000026592	1.123976810957165e-64	1.0477069559279288e-63	0.6729745712596097	delta_proportion		0.00046468401486988845	2151	0.0006383290941107415	True	True	True
B_fisher_cells	ES_vs_SPC	60539	ENSMUSG00000028156	1.5739850892230133e-64	1.416586580300712e-63	0.684337947731082	delta_proportion		0.00046468401486988845	2151	0.0006383290941107415	True	True	True
B_fisher_cells	ES_vs_SPC	14807	ENSMUSG00000037926	2.720594245004333e-64	2.3669169931537692e-63	-0.6419651178271868	delta_proportion		0.00046468401486988845	2151	0.0006383290941107415	True	True	True
B_fisher_cells	ES_vs_SPC	14806	ENSMUSG00000037926	4.375235048778742e-63	3.683665637842748e-62	-0.5995473305818134	delta_proportion		0.00046468401486988845	2151	0.0006383290941107415	True	True	True
B_fisher_cells	ES_vs_SPC	163022	ENSMUSG00000048686	9.21817546856074e-63	7.5185743665448555e-62	0.5319734013299335	delta_proportion		0.00046468401486988845	2151	0.0006383290941107415	True	True	True
B_fisher_cells	ES_vs_SPC	163019	ENSMUSG00000048686	2.1562255054332613e-60	1.7053783542972158e-59	0.5324733763311834	delta_proportion		0.00046468401486988845	2151	0.0006383290941107415	True	True	True
B_fisher_cells	ES_vs_SPC	128404	ENSMUSG00000034913	4.3840194408304936e-60	3.3653796295787025e-59	0.5531819469360778	delta_proportion		0.00046468401486988845	2151	0.0006383290941107415	True	True	True
B_fisher_cells	ES_vs_SPC	21328	ENSMUSG00000001175	3.626149274323982e-59	2.704071315995884e-58	-0.5762030323005932	delta_proportion		0.00046468401486988845	2151	0.0006383290941107415	True	True	True
B_fisher_cells	ES_vs_SPC	156648	ENSMUSG00000027927	6.89011528983128e-59	4.995333585127678e-58	0.5185585326034765	delta_proportion		0.00046468401486988845	2151	0.0006383290941107415	True	True	True
B_fisher_cells	ES_vs_SPC	69337	ENSMUSG00000067367	7.96302961267029e-59	5.6171641321809354e-58	-0.5	delta_proportion		0.00046468401486988845	2151	0.0006383290941107415	True	True	True
B_fisher_cells	ES_vs_SPC	191636	ENSMUSG00000118396	8.310640945871447e-59	5.7080981233485474e-58	0.5993846976993045	delta_proportion		0.00046468401486988845	2151	0.0006383290941107415	True	True	True
B_fisher_cells	ES_vs_SPC	70433	ENSMUSG00000036323	9.434217711186237e-59	6.313668775947712e-58	0.8216292134831461	delta_proportion		0.00046468401486988845	2151	0.0006383290941107415	True	True	True
B_fisher_cells	ES_vs_SPC	133814	ENSMUSG00000050058	2.345507509308588e-57	1.5304436498238538e-56	0.4397759103641456	delta_proportion		0.00046468401486988845	2151	0.0006383290941107415	True	True	True
B_fisher_cells	ES_vs_SPC	86832	ENSMUSG00000031631	5.728125239697315e-57	3.6464407013682908e-56	-0.673632283197832	delta_proportion		0.00046468401486988845	2151	0.0006383290941107415	True	True	True
B_fisher_cells	ES_vs_SPC	13912	ENSMUSG00000042200	2.305367118300241e-56	1.4326209949437211e-55	0.5710614391584987	delta_proportion		0.00046468401486988845	2151	0.0006383290941107415	True	True	True
B_fisher_cells	ES_vs_SPC	53477	ENSMUSG00000100963	2.96466774976342e-56	1.7994843783447736e-55	0.5888411544393038	delta_proportion		0.00046468401486988845	2151	0.0006383290941107415	True	True	True
B_fisher_cells	ES_vs_SPC	133810	ENSMUSG00000043050	7.245964146108744e-56	4.2981741866690495e-55	0.4722289705435772	delta_proportion		0.00046468401486988845	2151	0.0006383290941107415	True	True	True
B_fisher_cells	ES_vs_SPC	69336	ENSMUSG00000067367	4.8393472275084785e-55	2.806821391954918e-54	-0.4843589384169703	delta_proportion		0.00046468401486988845	2151	0.0006383290941107415	True	True	True
B_fisher_cells	ES_vs_SPC	70434	ENSMUSG00000036323	9.769039418576433e-55	5.542868017931412e-54	0.7951779026217228	delta_proportion		0.00046468401486988845	2151	0.0006383290941107415	True	True	True
B_fisher_cells	ES_vs_SPC	64552	ENSMUSG00000078593	1.3079482626411648e-54	7.26328716062434e-54	0.566167290886392	delta_proportion		0.00046468401486988845	2151	0.0006383290941107415	True	True	True
B_fisher_cells	ES_vs_SPC	170278	ENSMUSG00000029433	2.2857272794866502e-54	1.2428642082208658e-53	-0.6471863542164833	delta_proportion		0.00046468401486988845	2151	0.0006383290941107415	True	True	True
B_fisher_cells	ES_vs_SPC	108800	ENSMUSG00000074748	4.17908907554614e-54	2.226004589219475e-53	-0.7132489132489133	delta_proportion		0.00046468401486988845	2151	0.0006383290941107415	True	True	True
B_fisher_cells	ES_vs_SPC	70432	ENSMUSG00000036323	1.787175466146147e-53	9.329055933282886e-53	0.7943586142322098	delta_proportion		0.00046468401486988845	2151	0.0006383290941107415	True	True	True
B_fisher_cells	ES_vs_SPC	170275	ENSMUSG00000029433	3.655585109432154e-53	1.870799438356456e-52	-0.6735533237685318	delta_proportion		0.00046468401486988845	2151	0.0006383290941107415	True	True	True
B_fisher_cells	ES_vs_SPC	21327	ENSMUSG00000001175	7.700383242665098e-53	3.8650000506453664e-52	-0.5621621621621622	delta_proportion		0.00046468401486988845	2151	0.0006383290941107415	True	True	True
B_fisher_cells	ES_vs_SPC	170277	ENSMUSG00000029433	1.517389393069565e-52	7.472427011153894e-52	-0.5602104256336682	delta_proportion		0.00046468401486988845	2151	0.0006383290941107415	True	True	True
B_fisher_cells	ES_vs_SPC	193515	ENSMUSG00000079579	2.096124552168788e-52	1.0131268668815803e-51	0.6774380307058925	delta_proportion		0.00046468401486988845	2151	0.0006383290941107415	True	True	True
B_fisher_cells	ES_vs_SPC	139598	ENSMUSG00000118471	7.760163312937062e-52	3.682550226684678e-51	0.4332129963898917	delta_proportion		0.00046468401486988845	2151	0.0006383290941107415	True	True	True
B_fisher_cells	ES_vs_SPC	86833	ENSMUSG00000031631	2.352290337859676e-51	1.0963353181810276e-50	-0.647167174796748	delta_proportion		0.00046468401486988845	2151	0.0006383290941107415	True	True	True
B_fisher_cells	ES_vs_SPC	116189	ENSMUSG00000062825	7.667574870339917e-51	3.510942177471435e-50	-0.522496025437202	delta_proportion		0.00046468401486988845	2151	0.0006383290941107415	True	True	True
B_fisher_cells	ES_vs_SPC	95469	ENSMUSG00000050089	5.414842466376862e-50	2.436679109869588e-49	0.5407766390912458	delta_proportion		0.00046468401486988845	2151	0.0006383290941107415	True	True	True
B_fisher_cells	ES_vs_SPC	100885	ENSMUSG00000026182	5.961534774568725e-50	2.6372213155295544e-49	0.4396902520498026	delta_proportion		0.00046468401486988845	2151	0.0006383290941107415	True	True	True
B_fisher_cells	ES_vs_SPC	8986	ENSMUSG00000020156	4.8106930328082905e-49	2.0926514692716063e-48	-0.6420596205962059	delta_proportion		0.00046468401486988845	2151	0.0006383290941107415	True	True	True
B_fisher_cells	ES_vs_SPC	60540	ENSMUSG00000028156	7.123750652863235e-48	3.048031017044761e-47	0.519057669625675	delta_proportion		0.00046468401486988845	2151	0.0006383290941107415	True	True	True
B_fisher_cells	ES_vs_SPC	21550	ENSMUSG00000021203	9.115970152482294e-48	3.83752937064174e-47	0.5486921529175051	delta_proportion		0.00046468401486988845	2151	0.0006383290941107415	True	True	True
B_fisher_cells	ES_vs_SPC	133807	ENSMUSG00000043050	1.4827957803991867e-47	6.143011090225203e-47	0.4102793805040996	delta_proportion		0.00046468401486988845	2151	0.0006383290941107415	True	True	True
B_fisher_cells	ES_vs_SPC	60474	ENSMUSG00000037894	1.8742335696584478e-47	7.643358776263358e-47	-0.5086436667081828	delta_proportion		0.00046468401486988845	2151	0.0006383290941107415	True	True	True
B_fisher_cells	ES_vs_SPC	157399	ENSMUSG00000055891	1.2973025641189291e-46	5.209168757462161e-46	0.4319874881672634	delta_proportion		0.00046468401486988845	2151	0.0006383290941107415	True	True	True
B_fisher_cells	ES_vs_SPC	133039	ENSMUSG00000048077	3.2094164932844347e-46	1.2691783405261173e-45	0.44438202247191	delta_proportion		0.00046468401486988845	2151	0.0006383290941107415	True	True	True
B_fisher_cells	ES_vs_SPC	60541	ENSMUSG00000028156	3.6261744584588975e-45	1.4125843785936902e-44	0.4969582221118629	delta_proportion		0.00046468401486988845	2151	0.0006383290941107415	True	True	True
B_fisher_cells	ES_vs_SPC	113254	ENSMUSG00000037278	1.1481137864402165e-44	4.406730856777889e-44	-0.3802281368821293	delta_proportion		0.00046468401486988845	2151	0.0006383290941107415	True	True	True
B_fisher_cells	ES_vs_SPC	141137	ENSMUSG00000036438	2.3486471278192483e-44	8.884013048707589e-44	-0.5257551669316376	delta_proportion		0.00046468401486988845	2151	0.0006383290941107415	True	True	True
B_fisher_cells	ES_vs_SPC	107178	ENSMUSG00000001666	2.61180700943566e-44	9.73830899232439e-44	-0.5548780487804877	delta_proportion		0.00046468401486988845	2151	0.0006383290941107415	True	True	True
B_fisher_cells	ES_vs_SPC	75186	ENSMUSG00000029766	3.3523551630321706e-44	1.2323446444385868e-43	0.4816825606647153	delta_proportion		0.00046468401486988845	2151	0.0006383290941107415	True	True	True
B_fisher_cells	ES_vs_SPC	13910	ENSMUSG00000042200	5.089059718374183e-44	1.844784147910641e-43	0.4674874491991393	delta_proportion		0.00046468401486988845	2151	0.0006383290941107415	True	True	True
B_fisher_cells	ES_vs_SPC	107176	ENSMUSG00000001666	5.97370985001886e-44	2.135805850486195e-43	-0.5941734417344173	delta_proportion		0.00046468401486988845	2151	0.0006383290941107415	True	True	True
B_fisher_cells	ES_vs_SPC	144968	ENSMUSG00000024654	7.844254412158615e-44	2.766689731855944e-43	-0.4924783273839877	delta_proportion		0.00046468401486988845	2151	0.0006383290941107415	True	True	True
B_fisher_cells	ES_vs_SPC	33846	ENSMUSG00000022428	1.0758816758687307e-42	3.7440682320231824e-42	-0.5358348195911649	delta_proportion		0.00046468401486988845	2151	0.0006383290941107415	True	True	True
B_fisher_cells	ES_vs_SPC	133812	ENSMUSG00000050058	8.429721294000087e-42	2.8949437601763457e-41	0.3361344537815126	delta_proportion		0.00046468401486988845	2151	0.0006383290941107415	True	True	True
B_fisher_cells	ES_vs_SPC	21537	ENSMUSG00000043319	1.9569286365003116e-41	6.633225638007548e-41	-0.3294117647058824	delta_proportion		0.00046468401486988845	2151	0.0006383290941107415	True	True	True
B_fisher_cells	ES_vs_SPC	179141	ENSMUSG00000094445	1.2332970284135203e-40	4.126801595076011e-40	0.4072705810344074	delta_proportion		0.00046468401486988845	2151	0.0006383290941107415	True	True	True
B_fisher_cells	ES_vs_SPC	81209	ENSMUSG00000051113	4.4527492349331105e-40	1.4710981649589137e-39	0.3538461538461538	delta_proportion		0.00046468401486988845	2151	0.0006383290941107415	True	True	True
B_fisher_cells	ES_vs_SPC	178063	ENSMUSG00000061099	5.520403898946863e-40	1.8010317720314143e-39	0.3859550561797753	delta_proportion		0.00046468401486988845	2151	0.0006383290941107415	True	True	True
B_fisher_cells	ES_vs_SPC	131883	ENSMUSG00000033055	7.670154922739169e-40	2.4714943639937318e-39	-0.496469104665826	delta_proportion		0.00046468401486988845	2151	0.0006383290941107415	True	True	True
B_fisher_cells	ES_vs_SPC	163021	ENSMUSG00000048686	4.166654481652219e-39	1.326215633794182e-38	0.375631218439078	delta_proportion		0.00046468401486988845	2151	0.0006383290941107415	True	True	True
B_fisher_cells	ES_vs_SPC	133813	ENSMUSG00000050058	4.8830356303583186e-39	1.535508794606652e-38	0.3165266106442577	delta_proportion		0.00046468401486988845	2151	0.0006383290941107415	True	True	True
B_fisher_cells	ES_vs_SPC	133811	ENSMUSG00000043050	8.333098105262843e-39	2.589212625563812e-38	0.3215153355602794	delta_proportion		0.00046468401486988845	2151	0.0006383290941107415	True	True	True
B_fisher_cells	ES_vs_SPC	77093	ENSMUSG00000048206	1.009109352036154e-38	3.098559304487485e-38	0.3638576779026218	delta_proportion		0.00046468401486988845	2151	0.0006383290941107415	True	True	True
B_fisher_cells	ES_vs_SPC	21333	ENSMUSG00000001175	2.1504134771285954e-38	6.526254855006551e-38	-0.4059986816084378	delta_proportion		0.00046468401486988845	2151	0.0006383290941107415	True	True	True
B_fisher_cells	ES_vs_SPC	193511	ENSMUSG00000079579	2.9962082329430643e-38	8.988624698829193e-38	0.4724890642422163	delta_proportion		0.00046468401486988845	2151	0.0006383290941107415	True	True	True
B_fisher_cells	ES_vs_SPC	176108	ENSMUSG00000030206	6.955121458357985e-38	2.0628257961720843e-37	0.3089887640449438	delta_proportion		0.00046468401486988845	2151	0.0006383290941107415	True	True	True
B_fisher_cells	ES_vs_SPC	139597	ENSMUSG00000118471	1.2301772301411055e-37	3.60759839400931e-37	0.3481726361903217	delta_proportion		0.00046468401486988845	2151	0.0006383290941107415	True	True	True
B_fisher_cells	ES_vs_SPC	193510	ENSMUSG00000079579	3.8468136288659146e-37	1.1121534904833305e-36	0.4917874603310747	delta_proportion		0.00046468401486988845	2151	0.0006383290941107415	True	True	True
B_fisher_cells	ES_vs_SPC	75185	ENSMUSG00000029766	3.877623280995519e-37	1.1121534904833305e-36	0.3403361344537815	delta_proportion		0.00046468401486988845	2151	0.0006383290941107415	True	True	True
B_fisher_cells	ES_vs_SPC	70646	ENSMUSG00000100704	3.1699690495172107e-36	8.993064368739043e-36	0.5275068899724401	delta_proportion		0.00046468401486988845	2151	0.0006383290941107415	True	True	True
B_fisher_cells	ES_vs_SPC	33582	ENSMUSG00000049653	6.063096544101312e-36	1.7015787075381102e-35	-0.5018946192812412	delta_proportion		0.00046468401486988845	2151	0.0006383290941107415	True	True	True
B_fisher_cells	ES_vs_SPC	141127	ENSMUSG00000036438	1.0699755845963398e-34	2.9708896551026033e-34	-0.4150352032704973	delta_proportion		0.00046468401486988845	2151	0.0006383290941107415	True	True	True
B_fisher_cells	ES_vs_SPC	158547	ENSMUSG00000090202	2.141060374332689e-33	5.882281660008756e-33	0.4694335712641031	delta_proportion		0.00046468401486988845	2151	0.0006383290941107415	True	True	True
B_fisher_cells	ES_vs_SPC	128406	ENSMUSG00000034913	4.313044214916722e-33	1.1726088959304838e-32	0.3067226890756303	delta_proportion		0.00046468401486988845	2151	0.0006383290941107415	True	True	True
B_fisher_cells	ES_vs_SPC	113255	ENSMUSG00000037278	7.388561697296076e-33	1.988056291746676e-32	-0.2889733840304183	delta_proportion		0.00046468401486988845	2151	0.0006383290941107415	True	True	True
B_fisher_cells	ES_vs_SPC	157400	ENSMUSG00000055891	1.1333368856692623e-32	3.0183768077518106e-32	0.3012203152652591	delta_proportion		0.00046468401486988845	2151	0.0006383290941107415	True	True	True
B_fisher_cells	ES_vs_SPC	21540	ENSMUSG00000043319	2.4047850857554703e-32	6.339887953355331e-32	-0.2737605611350231	delta_proportion		0.00046468401486988845	2151	0.0006383290941107415	True	True	True
B_fisher_cells	ES_vs_SPC	141128	ENSMUSG00000036438	2.735284949540389e-32	7.139093718300414e-32	-0.3523279582103111	delta_proportion		0.00046468401486988845	2151	0.0006383290941107415	True	True	True
B_fisher_cells	ES_vs_SPC	14791	ENSMUSG00000037926	2.866034922528148e-32	7.406288265146995e-32	-0.3103448275862068	delta_proportion		0.00046468401486988845	2151	0.0006383290941107415	True	True	True
B_fisher_cells	ES_vs_SPC	133040	ENSMUSG00000048077	2.307812841724563e-31	5.90528580088344e-31	0.3	delta_proportion		0.00046468401486988845	2151	0.0006383290941107415	True	True	True
B_fisher_cells	ES_vs_SPC	156696	ENSMUSG00000028141	4.486859612310596e-31	1.1369615134107434e-30	0.2721154825350488	delta_proportion		0.00046468401486988845	2151	0.0006383290941107415	True	True	True
B_fisher_cells	ES_vs_SPC	14307	ENSMUSG00000020827	4.626669941527316e-31	1.1611162064794516e-30	0.346623009758603	delta_proportion		0.00046468401486988845	2151	0.0006383290941107415	True	True	True
B_fisher_cells	ES_vs_SPC	89958	ENSMUSG00000092329	5.127258698215498e-31	1.2744900192707097e-30	0.3204524749468569	delta_proportion		0.00046468401486988845	2151	0.0006383290941107415	True	True	True
B_fisher_cells	ES_vs_SPC	176109	ENSMUSG00000030206	1.085378776080998e-30	2.672489250539061e-30	0.2556179775280899	delta_proportion		0.00046468401486988845	2151	0.0006383290941107415	True	True	True
B_fisher_cells	ES_vs_SPC	123572	ENSMUSG00000046957	6.6843734165075e-30	1.6304873473910818e-29	0.2555205047318611	delta_proportion		0.00046468401486988845	2151	0.0006383290941107415	True	True	True
B_fisher_cells	ES_vs_SPC	40812	ENSMUSG00000002308	8.073640759034947e-29	1.951129850100112e-28	-0.4653846153846153	delta_proportion		0.00046468401486988845	2151	0.0006383290941107415	True	True	True
B_fisher_cells	ES_vs_SPC	77092	ENSMUSG00000048206	1.6646406453922353e-28	3.985974389425445e-28	0.2666666666666667	delta_proportion		0.00046468401486988845	2151	0.0006383290941107415	True	True	True
B_fisher_cells	ES_vs_SPC	47891	ENSMUSG00000025176	5.054575947145622e-28	1.1993130201863702e-27	0.2359882005899705	delta_proportion		0.00046468401486988845	2151	0.0006383290941107415	True	True	True
B_fisher_cells	ES_vs_SPC	21549	ENSMUSG00000021203	5.670625320714772e-28	1.3333632510869869e-27	0.3214285714285714	delta_proportion		0.00046468401486988845	2151	0.0006383290941107415	True	True	True
B_fisher_cells	ES_vs_SPC	14308	ENSMUSG00000020827	8.712788420826316e-28	2.030390873067561e-27	0.3923022598870056	delta_proportion		0.00046468401486988845	2151	0.0006383290941107415	True	True	True
B_fisher_cells	ES_vs_SPC	64715	ENSMUSG00000048772	1.2077812882486283e-27	2.789654125954796e-27	0.2464217804667243	delta_proportion		0.00046468401486988845	2151	0.0006383290941107415	True	True	True
B_fisher_cells	ES_vs_SPC	112531	ENSMUSG00000041165	1.2574308723802446e-27	2.8788548920284545e-27	0.3693529639674544	delta_proportion		0.00046468401486988845	2151	0.0006383290941107415	True	True	True
B_fisher_cells	ES_vs_SPC	179142	ENSMUSG00000094445	1.368949012770962e-27	3.1069190637671403e-27	0.2529182879377432	delta_proportion		0.00046468401486988845	2151	0.0006383290941107415	True	True	True
B_fisher_cells	ES_vs_SPC	170276	ENSMUSG00000029433	2.5479439015869688e-27	5.73287377857068e-27	-0.3244540092459749	delta_proportion		0.00046468401486988845	2151	0.0006383290941107415	True	True	True
B_fisher_cells	ES_vs_SPC	191635	ENSMUSG00000118396	6.39780356017309e-27	1.427202332653997e-26	0.2751322751322751	delta_proportion		0.00046468401486988845	2151	0.0006383290941107415	True	True	True
B_fisher_cells	ES_vs_SPC	70644	ENSMUSG00000100704	7.541584906404529e-27	1.6680963225182896e-26	0.3490566037735849	delta_proportion		0.00046468401486988845	2151	0.0006383290941107415	True	True	True
B_fisher_cells	ES_vs_SPC	112532	ENSMUSG00000041165	1.3468531324174368e-26	2.95402241647858e-26	0.3706315381635024	delta_proportion		0.00046468401486988845	2151	0.0006383290941107415	True	True	True
B_fisher_cells	ES_vs_SPC	153593	ENSMUSG00000027496	5.903626006714107e-26	1.284038656460318e-25	-0.5821739903931685	delta_proportion		0.00046468401486988845	2151	0.0006383290941107415	True	True	True
B_fisher_cells	ES_vs_SPC	89827	ENSMUSG00000092329	7.221591979340609e-26	1.5577152947172722e-25	-0.2106741573033708	delta_proportion		0.00046468401486988845	2151	0.0006383290941107415	True	True	True
B_fisher_cells	ES_vs_SPC	21539	ENSMUSG00000043319	1.3174692277717978e-25	2.8185202331839278e-25	-0.2117647058823529	delta_proportion		0.00046468401486988845	2151	0.0006383290941107415	True	True	True
B_fisher_cells	ES_vs_SPC	86826	ENSMUSG00000031631	1.9353641557733044e-24	4.1067483305433546e-24	-0.2890625	delta_proportion		0.00046468401486988845	2151	0.0006383290941107415	True	True	True
B_fisher_cells	ES_vs_SPC	148139	ENSMUSG00000026853	2.7800197203295204e-23	5.851493121016168e-23	-0.3601643275543499	delta_proportion		0.00046468401486988845	2151	0.0006383290941107415	True	True	True
B_fisher_cells	ES_vs_SPC	47892	ENSMUSG00000025176	3.161949616778088e-23	6.602150799832648e-23	0.1976401179941003	delta_proportion		0.00046468401486988845	2151	0.0006383290941107415	True	True	True
B_fisher_cells	ES_vs_SPC	107177	ENSMUSG00000001666	4.080582759958037e-23	8.452635717055935e-23	-0.2784552845528455	delta_proportion		0.00046468401486988845	2151	0.0006383290941107415	True	True	True
B_fisher_cells	ES_vs_SPC	4552	ENSMUSG00000042708	1.0069219273239687e-22	2.069343488437447e-22	-0.3550155249984158	delta_proportion		0.00046468401486988845	2151	0.0006383290941107415	True	True	True
B_fisher_cells	ES_vs_SPC	17886	ENSMUSG00000025156	1.6512765575790282e-22	3.367056105688488e-22	-0.4133761861034588	delta_proportion		0.00046468401486988845	2151	0.0006383290941107415	True	True	True
B_fisher_cells	ES_vs_SPC	4551	ENSMUSG00000042708	3.485514663552396e-22	7.052087807652522e-22	-0.405709397376592	delta_proportion		0.00046468401486988845	2151	0.0006383290941107415	True	True	True
B_fisher_cells	ES_vs_SPC	178062	ENSMUSG00000061099	5.5109500548352535e-22	1.106429203316924e-21	0.231621187800963	delta_proportion		0.00046468401486988845	2151	0.0006383290941107415	True	True	True
B_fisher_cells	ES_vs_SPC	148140	ENSMUSG00000026853	9.95052759355243e-22	1.982509696119988e-21	-0.3118095687384519	delta_proportion		0.00046468401486988845	2151	0.0006383290941107415	True	True	True
B_fisher_cells	ES_vs_SPC	133818	ENSMUSG00000038015	1.0226301294951154e-21	2.022018665138069e-21	0.1810810810810811	delta_proportion		0.00046468401486988845	2151	0.0006383290941107415	True	True	True
B_fisher_cells	ES_vs_SPC	115835	ENSMUSG00000020743	1.1853475422964362e-21	2.3261331469125548e-21	-0.4489819350887937	delta_proportion		0.00046468401486988845	2151	0.0006383290941107415	True	True	True
B_fisher_cells	ES_vs_SPC	81210	ENSMUSG00000051113	2.271761986261404e-21	4.4248498389121365e-21	0.2087294727744166	delta_proportion		0.00046468401486988845	2151	0.0006383290941107415	True	True	True
B_fisher_cells	ES_vs_SPC	51119	ENSMUSG00000027088	8.689351613666333e-21	1.679941311975491e-20	-0.4065611182427613	delta_proportion		0.00046468401486988845	2151	0.0006383290941107415	True	True	True
B_fisher_cells	ES_vs_SPC	123854	ENSMUSG00000045022	9.28875271932348e-21	1.7826209262819326e-20	0.1983122362869198	delta_proportion		0.00046468401486988845	2151	0.0006383290941107415	True	True	True
B_fisher_cells	ES_vs_SPC	51118	ENSMUSG00000027088	1.1956946765496484e-20	2.2779292743026147e-20	-0.3103694194836685	delta_proportion		0.00046468401486988845	2151	0.0006383290941107415	True	True	True
B_fisher_cells	ES_vs_SPC	57852	ENSMUSG00000048416	1.673594439352862e-20	3.16527643964563e-20	0.2008753592892606	delta_proportion		0.00046468401486988845	2151	0.0006383290941107415	True	True	True
B_fisher_cells	ES_vs_SPC	115883	ENSMUSG00000016559	1.824621176323518e-20	3.426087244751354e-20	-0.3928999821351095	delta_proportion		0.00046468401486988845	2151	0.0006383290941107415	True	True	True
B_fisher_cells	ES_vs_SPC	33851	ENSMUSG00000022428	2.0529025610907765e-20	3.82719691746209e-20	-0.2155714089724242	delta_proportion		0.00046468401486988845	2151	0.0006383290941107415	True	True	True
B_fisher_cells	ES_vs_SPC	120860	ENSMUSG00000059395	3.630343473016236e-20	6.719997492604521e-20	-0.3712737127371274	delta_proportion		0.00046468401486988845	2151	0.0006383290941107415	True	True	True
B_fisher_cells	ES_vs_SPC	50215	ENSMUSG00000026864	8.360026413957585e-20	1.5365964042555846e-19	-0.2998135666140828	delta_proportion		0.00046468401486988845	2151	0.0006383290941107415	True	True	True
B_fisher_cells	ES_vs_SPC	50216	ENSMUSG00000026864	1.5043143442376672e-19	2.745636670251966e-19	-0.4567044313781729	delta_proportion		0.00046468401486988845	2151	0.0006383290941107415	True	True	True
B_fisher_cells	ES_vs_SPC	95468	ENSMUSG00000050089	1.8865562121470849e-19	3.4193831345165915e-19	0.2169712310161748	delta_proportion		0.00046468401486988845	2151	0.0006383290941107415	True	True	True
B_fisher_cells	ES_vs_SPC	53478	ENSMUSG00000100963	1.985496660421704e-19	3.5738939887590683e-19	0.196078431372549	delta_proportion		0.00046468401486988845	2151	0.0006383290941107415	True	True	True
B_fisher_cells	ES_vs_SPC	138689	ENSMUSG00000024033	9.066027998090058e-19	1.6207077448640449e-18	-0.1627906976744185	delta_proportion		0.00046468401486988845	2151	0.0006383290941107415	True	True	True
B_fisher_cells	ES_vs_SPC	120861	ENSMUSG00000059395	1.0370876666714328e-18	1.84135973470234e-18	-0.3563685636856368	delta_proportion		0.00046468401486988845	2151	0.0006383290941107415	True	True	True
B_fisher_cells	ES_vs_SPC	156647	ENSMUSG00000027927	1.5507756292400045e-18	2.7348137785921704e-18	0.1894987035436474	delta_proportion		0.00046468401486988845	2151	0.0006383290941107415	True	True	True
B_fisher_cells	ES_vs_SPC	16465	ENSMUSG00000035530	2.270109834927685e-18	3.976501120242456e-18	0.154054054054054	delta_proportion		0.00046468401486988845	2151	0.0006383290941107415	True	True	True
B_fisher_cells	ES_vs_SPC	60473	ENSMUSG00000037894	4.1016698971988396e-18	7.136905621125984e-18	-0.1751152073732719	delta_proportion		0.00046468401486988845	2151	0.0006383290941107415	True	True	True
B_fisher_cells	ES_vs_SPC	104292	ENSMUSG00000060743	4.668060292468196e-18	8.068634015458272e-18	-0.3071270718232044	delta_proportion		0.00046468401486988845	2151	0.0006383290941107415	True	True	True
B_fisher_cells	ES_vs_SPC	131884	ENSMUSG00000033055	9.927061223940372e-18	1.7045809075318664e-17	-0.1794871794871795	delta_proportion		0.00046468401486988845	2151	0.0006383290941107415	True	True	True
B_fisher_cells	ES_vs_SPC	184889	ENSMUSG00000090137	2.4401926216877164e-17	4.1626815311143404e-17	0.1560951208249962	delta_proportion		0.00046468401486988845	2151	0.0006383290941107415	True	True	True
B_fisher_cells	ES_vs_SPC	17703	ENSMUSG00000017716	2.5055787422605958e-17	4.246467868376725e-17	-0.34533702677747	delta_proportion		0.00046468401486988845	2151	0.0006383290941107415	True	True	True
B_fisher_cells	ES_vs_SPC	123573	ENSMUSG00000046957	2.6476778694916254e-17	4.458347896369769e-17	0.1514195583596214	delta_proportion		0.00046468401486988845	2151	0.0006383290941107415	True	True	True
B_fisher_cells	ES_vs_SPC	133815	ENSMUSG00000050058	1.2975999638256878e-16	2.1709845548622083e-16	0.1428571428571429	delta_proportion		0.00046468401486988845	2151	0.0006383290941107415	True	True	True
B_fisher_cells	ES_vs_SPC	104291	ENSMUSG00000060743	1.5387113397506314e-16	2.557985093470795e-16	-0.2229005524861878	delta_proportion		0.00046468401486988845	2151	0.0006383290941107415	True	True	True
B_fisher_cells	ES_vs_SPC	156697	ENSMUSG00000028141	2.015647458963681e-16	3.329645486009625e-16	0.1419939577039275	delta_proportion		0.00046468401486988845	2151	0.0006383290941107415	True	True	True
B_fisher_cells	ES_vs_SPC	103265	ENSMUSG00000026592	3.1975298912268193e-16	5.248775481825157e-16	0.1842105263157895	delta_proportion		0.00046468401486988845	2151	0.0006383290941107415	True	True	True
B_fisher_cells	ES_vs_SPC	120021	ENSMUSG00000021270	4.501891200226358e-16	7.343710020369245e-16	-0.1461538461538462	delta_proportion		0.00046468401486988845	2151	0.0006383290941107415	True	True	True
B_fisher_cells	ES_vs_SPC	17885	ENSMUSG00000025156	7.17798814277935e-16	1.163636587121373e-15	-0.2872666054484236	delta_proportion		0.00046468401486988845	2151	0.0006383290941107415	True	True	True
B_fisher_cells	ES_vs_SPC	78597	ENSMUSG00000030161	9.121489105041336e-15	1.469573244701104e-14	0.1410788381742739	delta_proportion		0.00046468401486988845	2151	0.0006383290941107415	True	True	True
B_fisher_cells	ES_vs_SPC	176110	ENSMUSG00000030206	1.2884883131626324e-14	2.0631622683156262e-14	0.1264044943820225	delta_proportion		0.00046468401486988845	2151	0.0006383290941107415	True	True	True
B_fisher_cells	ES_vs_SPC	70431	ENSMUSG00000036323	3.57614068243944e-14	5.691297061687158e-14	0.1979166666666666	delta_proportion		0.00046468401486988845	2151	0.0006383290941107415	True	True	True
B_fisher_cells	ES_vs_SPC	137284	ENSMUSG00000046173	3.963817420352445e-14	6.270038464921139e-14	-0.4561643835616438	delta_proportion		0.00046468401486988845	2151	0.0006383290941107415	True	True	True
B_fisher_cells	ES_vs_SPC	64551	ENSMUSG00000078593	2.7102298732776084e-13	4.261265041719613e-13	0.1282051282051282	delta_proportion		0.00046468401486988845	2151	0.0006383290941107415	True	True	True
B_fisher_cells	ES_vs_SPC	8994	ENSMUSG00000020156	3.4318666577637735e-13	5.363576033990089e-13	-0.16	delta_proportion		0.00046468401486988845	2151	0.0006383290941107415	True	True	True
B_fisher_cells	ES_vs_SPC	156661	ENSMUSG00000074435	3.5918584514679643e-13	5.580208665673444e-13	0.1111111111111111	delta_proportion		0.00046468401486988845	2151	0.0006383290941107415	True	True	True
B_fisher_cells	ES_vs_SPC	33581	ENSMUSG00000049653	1.6768927866940697e-12	2.589757498977232e-12	-0.2135535080371744	delta_proportion		0.00046468401486988845	2151	0.0006383290941107415	True	True	True
B_fisher_cells	ES_vs_SPC	137277	ENSMUSG00000046173	2.008413403497186e-12	3.0835052841927386e-12	-0.521461187214612	delta_proportion		0.00046468401486988845	2151	0.0006383290941107415	True	True	True
B_fisher_cells	ES_vs_SPC	116188	ENSMUSG00000062825	2.1495589707255137e-12	3.280905797423153e-12	-0.1225490196078431	delta_proportion		0.00046468401486988845	2151	0.0006383290941107415	True	True	True
B_fisher_cells	ES_vs_SPC	153594	ENSMUSG00000027496	3.261898010510876e-12	4.949740585717085e-12	-0.2152997687244262	delta_proportion		0.00046468401486988845	2151	0.0006383290941107415	True	True	True
B_fisher_cells	ES_vs_SPC	115836	ENSMUSG00000020743	4.139523318140011e-12	6.2451767978875306e-12	-0.291334966319657	delta_proportion		0.00046468401486988845	2151	0.0006383290941107415	True	True	True
B_fisher_cells	ES_vs_SPC	144966	ENSMUSG00000024654	3.6822078066031314e-11	5.5233117099046964e-11	-0.1084905660377358	delta_proportion		0.00046468401486988845	2151	0.0006383290941107415	True	True	True
B_fisher_cells	ES_vs_SPC	17704	ENSMUSG00000017716	4.5084083935394105e-11	6.723969089793063e-11	-0.2303785780240073	delta_proportion		0.00046468401486988845	2151	0.0006383290941107415	True	True	True
B_fisher_cells	ES_vs_SPC	64714	ENSMUSG00000048772	7.176762682141502e-11	1.0642812841130295e-10	0.1048833189282627	delta_proportion		0.00046468401486988845	2151	0.0006383290941107415	True	True	True
B_fisher_cells	ES_vs_SPC	59396	ENSMUSG00000005687	1.1622072334940131e-10	1.7137632087115108e-10	-0.2458664979881573	delta_proportion		0.00046468401486988845	2151	0.0006383290941107415	True	True	True
B_fisher_cells	ES_vs_SPC	160655	ENSMUSG00000070980	1.8291786149881403e-09	2.682110216359015e-09	-0.2519382964453387	delta_proportion		0.00046468401486988845	2151	0.0006383290941107415	True	True	True
B_fisher_cells	ES_vs_SPC	137276	ENSMUSG00000046173	4.615327148242678e-09	6.7296110932477055e-09	-0.4161121983039791	delta_proportion		0.00046468401486988845	2151	0.0006383290941107415	True	True	True
B_fisher_cells	ES_vs_SPC	158541	ENSMUSG00000090202	7.116562957884446e-09	1.0319016288932449e-08	-0.3184434722542021	delta_proportion		0.00046468401486988845	2151	0.0006383290941107415	True	True	True
B_fisher_cells	ES_vs_SPC	89959	ENSMUSG00000092329	2.12135906022276e-08	3.0589763244096153e-08	0.0702702702702702	delta_proportion		0.00046468401486988845	2151	0.0006383290941107415	True	True	False
B_fisher_cells	ES_vs_SPC	156660	ENSMUSG00000074435	4.2906110977235764e-08	6.153019211570624e-08	0.0677506775067751	delta_proportion		0.00046468401486988845	2151	0.0006383290941107415	True	True	False
B_fisher_cells	ES_vs_SPC	40813	ENSMUSG00000002308	4.305311820062616e-07	6.140362759761436e-07	-0.1219780219780218	delta_proportion		0.00046468401486988845	2151	0.0006383290941107415	True	True	True
B_fisher_cells	ES_vs_SPC	108806	ENSMUSG00000074748	4.32947392177974e-07	6.141264639046261e-07	-0.0882063882063882	delta_proportion		0.00046468401486988845	2151	0.0006383290941107415	True	True	False
B_fisher_cells	ES_vs_SPC	179766	ENSMUSG00000030544	6.027393989933671e-07	8.503512602014531e-07	0.0647585788035226	delta_proportion		0.00046468401486988845	2151	0.0006383290941107415	True	True	False
B_fisher_cells	ES_vs_SPC	141075	ENSMUSG00000053375	1.8462154843989168e-06	2.590657211979126e-06	0.2233424624552321	delta_proportion		0.00046468401486988845	2151	0.0006383290941107415	True	True	True
B_fisher_cells	ES_vs_SPC	160656	ENSMUSG00000070980	1.5556458793873797e-05	2.1712490616048457e-05	-0.0916566063044936	delta_proportion		0.00046468401486988845	2151	0.0006383290941107415	True	True	False
B_fisher_cells	ES_vs_SPC	14713	ENSMUSG00000069808	2.698138572475186e-05	3.745820039446934e-05	0.0432432432432432	delta_proportion		0.00046468401486988845	2151	0.0006383290941107415	True	True	False
B_fisher_cells	ES_vs_SPC	141074	ENSMUSG00000053375	3.120763923224981e-05	4.309626370167831e-05	0.1831341980919132	delta_proportion		0.00046468401486988845	2151	0.0006383290941107415	True	True	True
B_fisher_cells	ES_vs_SPC	82460	ENSMUSG00000038646	8.72037728611945e-05	0.0001197904458777	-0.1958938294010889	delta_proportion		0.00046468401486988845	2151	0.0006383290941107415	True	True	True
B_fisher_cells	ES_vs_SPC	133817	ENSMUSG00000038015	0.0002254447422344	0.0003080684697549	0.0351351351351351	delta_proportion		0.0023234200743494425	2151	0.003125838347449508	True	True	False
B_fisher_cells	ES_vs_SPC	43085	ENSMUSG00000024233	0.0002530311039398	0.0003439641569182	0.223521550283996	delta_proportion		0.0023234200743494425	2151	0.003125838347449508	True	True	True
B_fisher_cells	ES_vs_SPC	107398	ENSMUSG00000078442	0.0002636503050946	0.0003565426405684	-0.2657219973009446	delta_proportion		0.0023234200743494425	2151	0.003125838347449508	True	True	True
B_fisher_cells	ES_vs_SPC	156832	ENSMUSG00000105734	0.0002883457195013	0.0003879290349992	0.1972044778951362	delta_proportion		0.0023234200743494425	2151	0.003125838347449508	True	True	True
B_fisher_cells	ES_vs_SPC	100886	ENSMUSG00000026182	0.0004722331123623	0.0006320658580849	0.0377315517764956	delta_proportion		0.0037174721189591076	2151	0.004975693451529882	True	True	False
B_fisher_cells	ES_vs_SPC	9505	ENSMUSG00000047129	0.0014968042525355	0.0019931934179172	0.2016201117318435	delta_proportion		0.011152416356877323	2151	0.014850921781351946	True	True	True
B_fisher_cells	ES_vs_SPC	115882	ENSMUSG00000016559	0.0019669403225741	0.0026059463156946	-0.0567465482479646	delta_proportion		0.01533457249070632	2151	0.020316362538448478	True	True	False
B_fisher_cells	ES_vs_SPC	43086	ENSMUSG00000024233	0.002852015326634	0.0037594747487448	-0.2185933845639825	delta_proportion		0.020910780669144983	2151	0.027564210882054747	True	True	True
B_fisher_cells	ES_vs_SPC	16467	ENSMUSG00000035530	0.003766009604716	0.004939339230306	0.0243243243243242	delta_proportion		0.026022304832713755	2151	0.033790157021583535	True	True	False
B_fisher_cells	ES_vs_SPC	82461	ENSMUSG00000038646	0.0038884754218352	0.005074460425495	-0.1449637023593466	delta_proportion		0.026022304832713755	2151	0.033790157021583535	True	True	True
B_fisher_cells	ES_vs_SPC	110832	ENSMUSG00000044056	0.0039229838768616	0.0050940238401039	0.2013864201919658	delta_proportion		0.026022304832713755	2151	0.033790157021583535	True	True	True
B_fisher_cells	ES_vs_SPC	55922	ENSMUSG00000047841	0.0048896679075641	0.0063178382370011	-0.0961134453781512	delta_proportion		0.02741635687732342	2151	0.03542410467812581	True	True	False
B_fisher_cells	ES_vs_SPC	28622	ENSMUSG00000072145	0.0051425383054498	0.0066118349641497	-0.1346516007532956	delta_proportion		0.028345724907063198	2151	0.0364445034519384	True	True	True
B_fisher_cells	ES_vs_SPC	9991	ENSMUSG00000047025	0.0064095312756378	0.0081604276241048	0.1179720650636492	delta_proportion		0.032063197026022304	2151	0.04082192401849669	True	True	True
B_fisher_cells	ES_vs_SPC	9990	ENSMUSG00000047025	0.0064095312756378	0.0081604276241048	0.1179720650636492	delta_proportion		0.032063197026022304	2151	0.04082192401849669	True	True	True
B_fisher_cells	ES_vs_SPC	171546	ENSMUSG00000095040	0.0076876510758774	0.0097401792757476	0.1236006683375104	delta_proportion		0.03438661710037175	2151	0.04356751001551955	True	True	True
B_fisher_cells	ES_vs_SPC	156830	ENSMUSG00000105734	0.010291936528636	0.0129767895361063	-0.1346530896211498	delta_proportion		0.04275092936802974	2151	0.05390334572490706	True	False	True
B_fisher_cells	ES_vs_SPC	22887	ENSMUSG00000085861	0.0124106672377156	0.0155730007165567	-0.16582774049217	delta_proportion		0.05157992565055762	2151	0.06472288747497855	True	False	True
B_fisher_cells	ES_vs_SPC	49198	ENSMUSG00000037708	0.0133908253546468	0.0167225139596307	-0.187147977470558	delta_proportion		0.05297397769516728	2151	0.06615410611693139	True	False	True
B_fisher_cells	ES_vs_SPC	132219	ENSMUSG00000063480	0.0134790180484541	0.0167524938602215	-0.1224566929133859	delta_proportion		0.05343866171003717	2151	0.0664166224110462	True	False	True
B_fisher_cells	ES_vs_SPC	132218	ENSMUSG00000063480	0.0222900786579405	0.0274420308005777	-0.1265511811023622	delta_proportion		0.07388475836431227	2151	0.09096189591078067	True	False	True
B_fisher_cells	ES_vs_SPC	182134	ENSMUSG00000030976	0.0222521800074119	0.0274420308005777	-0.147639751552795	delta_proportion		0.07342007434944238	2151	0.0908181962331965	True	False	True
B_fisher_cells	ES_vs_SPC	28623	ENSMUSG00000072145	0.0252670388231458	0.0309610194030097	-0.1385842472582253	delta_proportion		0.08131970260223048	2151	0.09964526938583171	True	False	True
B_fisher_cells	ES_vs_SPC	133806	ENSMUSG00000043050	0.0307792973615249	0.0375392365016729	0.0162162162162161	delta_proportion		0.09200743494423792	2151	0.11221467532918737	True	False	False
B_fisher_cells	ES_vs_SPC	41549	ENSMUSG00000021545	0.0329411448501568	0.0399890177018182	-0.1096681096681096	delta_proportion		0.09572490706319703	2151	0.11620558485346244	True	False	True
B_fisher_cells	ES_vs_SPC	57855	ENSMUSG00000048416	0.073845289337918	0.0892297246166509	-0.0323360334465638	delta_proportion		0.16263940520446096	2151	0.19652261462205697	False	False	False
B_fisher_cells	ES_vs_SPC	58588	ENSMUSG00000027942	0.106034425166851	0.127534492942618	-0.1068376068376068	delta_proportion		0.20306691449814127	2151	0.24424177273739572	False	False	True
B_fisher_cells	ES_vs_SPC	107397	ENSMUSG00000078442	0.1120733419839998	0.1341795516413942	-0.0857624831309041	delta_proportion		0.2142193308550186	2151	0.2564736025374305	False	False	False
B_fisher_cells	ES_vs_SPC	184890	ENSMUSG00000090137	0.1240759236149972	0.1471991639250649	0.0109589041095889	delta_proportion		0.23234200743494424	2151	0.27564210882054746	False	False	False
B_fisher_cells	ES_vs_SPC	156831	ENSMUSG00000105734	0.1237195549507834	0.1471991639250649	-0.0820631206122319	delta_proportion		0.23094795539033458	2151	0.2752393440953303	False	False	False
B_fisher_cells	ES_vs_SPC	110830	ENSMUSG00000044056	0.1319285894264714	0.1558070671507196	0.0936722360469249	delta_proportion		0.24349442379182157	2151	0.28756581271341825	False	False	False
B_fisher_cells	ES_vs_SPC	28058	ENSMUSG00000078127	0.1424613326939814	0.1674883235726539	0.0803463203463203	delta_proportion		0.254182156133829	2151	0.29883577815733947	False	False	False
B_fisher_cells	ES_vs_SPC	181349	ENSMUSG00000030968	0.1489023652900344	0.1742758625143452	0.1401215805471124	delta_proportion		0.2597583643122677	2151	0.30402212145964963	False	False	True
B_fisher_cells	ES_vs_SPC	5268	ENSMUSG00000042800	0.2051661986438853	0.2390552582413128	0.0573214664123754	delta_proportion		0.3150557620817844	2151	0.3670962227827934	False	False	False
B_fisher_cells	ES_vs_SPC	58587	ENSMUSG00000027942	0.223361671940699	0.2579530813120462	0.0655463155463156	delta_proportion		0.33317843866171004	2151	0.38477686942790407	False	False	False
B_fisher_cells	ES_vs_SPC	182133	ENSMUSG00000030976	0.2227988621185302	0.2579530813120462	-0.0802484472049689	delta_proportion		0.33224907063197023	2151	0.38477686942790407	False	False	False
B_fisher_cells	ES_vs_SPC	41548	ENSMUSG00000021545	0.2935493669058071	0.3375171134908178	0.0331890331890331	delta_proportion		0.4065985130111524	2151	0.46749873081899024	False	False	False
B_fisher_cells	ES_vs_SPC	9503	ENSMUSG00000047129	0.3172548039341621	0.3631732623983172	0.0636871508379888	delta_proportion		0.42518587360594795	2151	0.4867259342594404	False	False	False
B_fisher_cells	ES_vs_SPC	189507	ENSMUSG00000045620	0.3312204522808434	0.3775045329489089	0.067560099474993	delta_proportion		0.4391263940520446	2151	0.5004890342689242	False	False	False
B_fisher_cells	ES_vs_SPC	59395	ENSMUSG00000005687	0.3640873186206904	0.4131599572173922	0.0396394496863634	delta_proportion		0.4697955390334573	2151	0.5331158073379668	False	False	False
B_fisher_cells	ES_vs_SPC	28057	ENSMUSG00000078127	0.368054862118843	0.4158541948615499	0.027099567099567	delta_proportion		0.47815985130111527	2151	0.5402585332882731	False	False	False
B_fisher_cells	ES_vs_SPC	171545	ENSMUSG00000095040	0.3748368569209571	0.4216914640360767	0.0409356725146199	delta_proportion		0.48698884758364314	2151	0.5478624535315986	False	False	False
B_fisher_cells	ES_vs_SPC	73864	ENSMUSG00000047843	0.386727361823972	0.4332010362062519	-0.0806451612903226	delta_proportion		0.49395910780669144	2151	0.5533190005903281	False	False	False
B_fisher_cells	ES_vs_SPC	181350	ENSMUSG00000030968	0.4372411097387316	0.4876920070162776	0.0826747720364741	delta_proportion		0.5339219330855018	2151	0.5955283099799829	False	False	False
B_fisher_cells	ES_vs_SPC	22889	ENSMUSG00000085861	0.4498256696377692	0.4995936160657777	-0.0497063758389261	delta_proportion		0.5436802973977695	2151	0.6038321600885864	False	False	False
B_fisher_cells	ES_vs_SPC	100884	ENSMUSG00000026182	0.4903581267217631	0.5423028435355092	-0.0028089887640448	delta_proportion		0.5827137546468402	2151	0.644441906622141	False	False	False
B_fisher_cells	ES_vs_SPC	132217	ENSMUSG00000063480	0.4954582894871516	0.5456312808276227	-0.0412913385826771	delta_proportion		0.5878252788104089	2151	0.6473518893228555	False	False	False
B_fisher_cells	ES_vs_SPC	133809	ENSMUSG00000043050	0.499496532725373	0.5477672060559763	0.0054054054054053	delta_proportion		0.5952602230483272	2151	0.6527853706538378	False	False	False
B_fisher_cells	ES_vs_SPC	24860	ENSMUSG00000021534	0.6177307802418779	0.6745930277955234	0.0245831754452444	delta_proportion		0.6742565055762082	2151	0.7363219579723445	False	False	False
B_fisher_cells	ES_vs_SPC	159534	ENSMUSG00000028264	0.6244737537736437	0.6791152072288374	-0.0478693181818181	delta_proportion		0.6789033457249071	2151	0.7383073884758363	False	False	False
B_fisher_cells	ES_vs_SPC	189508	ENSMUSG00000045620	0.6467942065479886	0.700470074311307	-0.0371649626968776	delta_proportion		0.695631970260223	2151	0.7533607644726896	False	False	False
B_fisher_cells	ES_vs_SPC	182135	ENSMUSG00000030976	0.6957031126908739	0.7503244314558599	0.0250931677018633	delta_proportion		0.729089219330855	2151	0.7863317613444346	False	False	False
B_fisher_cells	ES_vs_SPC	5267	ENSMUSG00000042800	0.7294082685449584	0.7834385106593998	-0.0144451508087871	delta_proportion		0.7555762081784386	2151	0.8115448161916564	False	False	False
B_fisher_cells	ES_vs_SPC	22888	ENSMUSG00000085861	0.7749252298534355	0.8289159220973223	-0.0239093959731543	delta_proportion		0.7829925650557621	2151	0.8375453257358767	False	False	False
B_fisher_cells	ES_vs_SPC	49197	ENSMUSG00000037708	0.7978017456123723	0.8499030841013434	-0.0176651305683563	delta_proportion		0.8015799256505576	2151	0.8539280024277368	False	False	False
B_fisher_cells	ES_vs_SPC	159535	ENSMUSG00000028264	0.834730375867041	0.8846011118959285	0.0238636363636363	delta_proportion		0.8229553903345725	2151	0.8700916575109493	False	False	False
B_fisher_cells	ES_vs_SPC	55487	ENSMUSG00000027502	0.8371512438248825	0.8846011118959285	0.0122833954814651	delta_proportion		0.8234200743494424	2151	0.8700916575109493	False	False	False
B_fisher_cells	ES_vs_SPC	73863	ENSMUSG00000047843	0.8545432166685665	0.8993378207681285	-0.0150951199338296	delta_proportion		0.8350371747211895	2151	0.8788092846864133	False	False	False
B_fisher_cells	ES_vs_SPC	73531	ENSMUSG00000029723	0.8643122658218427	0.9059658689939796	0.0124524030050426	delta_proportion		0.8410780669144982	2151	0.8816119496573654	False	False	False
B_fisher_cells	ES_vs_SPC	24859	ENSMUSG00000021534	0.892703960235167	0.9319829344855144	-0.0056366047745357	delta_proportion		0.8587360594795539	2151	0.8965204460966543	False	False	False
B_fisher_cells	ES_vs_SPC	9504	ENSMUSG00000047129	1.0	1.0	0.0024581005586592	delta_proportion		1.0	2151	1.0	False	False	False
B_fisher_cells	ES_vs_SPC	133822	ENSMUSG00000022501	1.0	1.0	0.0027027027027026	delta_proportion		1.0	2151	1.0	False	False	False
B_fisher_cells	ES_vs_SPC	133821	ENSMUSG00000022501	1.0	1.0	0.0	delta_proportion		1.0	2151	1.0	False	False	False
B_fisher_cells	ES_vs_SPC	73532	ENSMUSG00000029723	1.0	1.0	-0.010394154574457	delta_proportion		1.0	2151	1.0	False	False	False
B_fisher_cells	ES_vs_SPC	16466	ENSMUSG00000035530	1.0	1.0	0.0027027027027026	delta_proportion		1.0	2151	1.0	False	False	False
B_fisher_cells	ES_vs_SPC	55486	ENSMUSG00000027502	1.0	1.0	-0.0007677122175916	delta_proportion		1.0	2151	1.0	False	False	False
B_fisher_cells	ES_vs_SPC	188683	ENSMUSG00000001948	1.0	1.0	0.0	delta_proportion		1.0	2151	1.0	False	False	False
B_fisher_cells	ES_vs_SPC	133816	ENSMUSG00000038015	1.0	1.0	0.0	delta_proportion		1.0	2151	1.0	False	False	False
B_fisher_cells	ES_vs_SPC	133823	ENSMUSG00000022501	1.0	1.0	0.0	delta_proportion		1.0	2151	1.0	False	False	False
B_fisher_cells	ES_vs_SPC	55921	ENSMUSG00000047841	1.0	1.0	0.002048319327731	delta_proportion		1.0	2151	1.0	False	False	False
B_fisher_cells	ES_vs_SPC	14712	ENSMUSG00000069808	1.0	1.0	0.0	delta_proportion		1.0	2151	1.0	False	False	False
B_fisher_cells	RS_vs_SPC	156662	ENSMUSG00000074435	1.697153571518547e-62	4.429570821663408e-60	0.5518776616337593	delta_proportion		0.00046468401486988845	2151	0.0006970260223048327	True	True	True
B_fisher_cells	RS_vs_SPC	170275	ENSMUSG00000029433	5.9325750328041095e-62	7.742010417809364e-60	-0.5764350825326435	delta_proportion		0.00046468401486988845	2151	0.0006970260223048327	True	True	True
B_fisher_cells	RS_vs_SPC	108800	ENSMUSG00000074748	4.592415312019097e-61	3.995401321456614e-59	-0.5515356265356266	delta_proportion		0.00046468401486988845	2151	0.0006970260223048327	True	True	True
B_fisher_cells	RS_vs_SPC	153593	ENSMUSG00000027496	2.104814478711373e-49	1.373391447359171e-47	-0.5034879705306781	delta_proportion		0.00046468401486988845	2151	0.0006970260223048327	True	True	True
B_fisher_cells	RS_vs_SPC	55921	ENSMUSG00000047841	1.9795599704041e-46	1.0333303045509404e-44	0.4852348873681208	delta_proportion		0.00046468401486988845	2151	0.0006970260223048327	True	True	True
B_fisher_cells	RS_vs_SPC	163023	ENSMUSG00000048686	7.254682252212751e-46	3.1557867797125467e-44	0.4899581368236977	delta_proportion		0.00046468401486988845	2151	0.0006970260223048327	True	True	True
B_fisher_cells	RS_vs_SPC	156663	ENSMUSG00000074435	6.373433836680015e-42	2.376380330533548e-40	0.4180700735578784	delta_proportion		0.00046468401486988845	2151	0.0006970260223048327	True	True	True
B_fisher_cells	RS_vs_SPC	132217	ENSMUSG00000063480	2.4346482157329004e-41	7.943039803828588e-40	0.4874704684317719	delta_proportion		0.00046468401486988845	2151	0.0006970260223048327	True	True	True
B_fisher_cells	RS_vs_SPC	141137	ENSMUSG00000036438	3.2272575882390846e-39	9.359047005893344e-38	-0.4126952640714109	delta_proportion		0.00046468401486988845	2151	0.0006970260223048327	True	True	True
B_fisher_cells	RS_vs_SPC	182135	ENSMUSG00000030976	4.193738121435941e-39	1.0945656496947809e-37	0.3791289529901337	delta_proportion		0.00046468401486988845	2151	0.0006970260223048327	True	True	True
B_fisher_cells	RS_vs_SPC	5268	ENSMUSG00000042800	4.433797398530359e-36	9.646835423335331e-35	0.339133089133089	delta_proportion		0.00046468401486988845	2151	0.0006970260223048327	True	True	True
B_fisher_cells	RS_vs_SPC	170277	ENSMUSG00000029433	4.435326631418544e-36	9.646835423335331e-35	-0.3221236757822123	delta_proportion		0.00046468401486988845	2151	0.0006970260223048327	True	True	True
B_fisher_cells	RS_vs_SPC	156832	ENSMUSG00000105734	1.05046953905858e-35	2.1090196130329954e-34	0.4927646704451848	delta_proportion		0.00046468401486988845	2151	0.0006970260223048327	True	True	True
B_fisher_cells	RS_vs_SPC	131883	ENSMUSG00000033055	8.936133418376275e-34	1.6659505872830056e-32	-0.3538379040907002	delta_proportion		0.00046468401486988845	2151	0.0006970260223048327	True	True	True
B_fisher_cells	RS_vs_SPC	163020	ENSMUSG00000048686	1.0713406931543257e-33	1.8641328060885262e-32	0.40347623337396	delta_proportion		0.00046468401486988845	2151	0.0006970260223048327	True	True	True
B_fisher_cells	RS_vs_SPC	182134	ENSMUSG00000030976	2.7327842134149147e-33	4.45785424813308e-32	0.3925391748885568	delta_proportion		0.00046468401486988845	2151	0.0006970260223048327	True	True	True
B_fisher_cells	RS_vs_SPC	176108	ENSMUSG00000030206	4.0157353175561597e-32	6.165334811071516e-31	0.281210986267166	delta_proportion		0.00046468401486988845	2151	0.0006970260223048327	True	True	True
B_fisher_cells	RS_vs_SPC	133814	ENSMUSG00000050058	5.266821914638616e-32	7.636891776225992e-31	0.3463365465470482	delta_proportion		0.00046468401486988845	2151	0.0006970260223048327	True	True	True
B_fisher_cells	RS_vs_SPC	163024	ENSMUSG00000048686	3.20571361022847e-31	4.4036381698401626e-30	0.3848232738063696	delta_proportion		0.00046468401486988845	2151	0.0006970260223048327	True	True	True
B_fisher_cells	RS_vs_SPC	176109	ENSMUSG00000030206	5.118014864659964e-31	6.679009398381254e-30	0.243713215623328	delta_proportion		0.00046468401486988845	2151	0.0006970260223048327	True	True	True
B_fisher_cells	RS_vs_SPC	28058	ENSMUSG00000078127	1.570607829177822e-30	1.9520411591210082e-29	0.4068253968253968	delta_proportion		0.00046468401486988845	2151	0.0006970260223048327	True	True	True
B_fisher_cells	RS_vs_SPC	137276	ENSMUSG00000046173	2.1507193293774158e-30	2.551535204397752e-29	-0.4283387105304913	delta_proportion		0.00046468401486988845	2151	0.0006970260223048327	True	True	True
B_fisher_cells	RS_vs_SPC	22889	ENSMUSG00000085861	2.4662528671702076e-30	2.79866086231054e-29	0.5155436241610738	delta_proportion		0.00046468401486988845	2151	0.0006970260223048327	True	True	True
B_fisher_cells	RS_vs_SPC	81209	ENSMUSG00000051113	6.00626870351148e-30	6.531817215068732e-29	0.3151496161679461	delta_proportion		0.00046468401486988845	2151	0.0006970260223048327	True	True	True
B_fisher_cells	RS_vs_SPC	55487	ENSMUSG00000027502	7.269515963353713e-30	7.589374665741277e-29	0.3828472464183968	delta_proportion		0.00046468401486988845	2151	0.0006970260223048327	True	True	True
B_fisher_cells	RS_vs_SPC	171546	ENSMUSG00000095040	1.8686946369017345e-29	1.8758819239667407e-28	0.3632168458781362	delta_proportion		0.00046468401486988845	2151	0.0006970260223048327	True	True	True
B_fisher_cells	RS_vs_SPC	156830	ENSMUSG00000105734	4.0064995366401134e-29	3.872949552085443e-28	0.4524386195704292	delta_proportion		0.00046468401486988845	2151	0.0006970260223048327	True	True	True
B_fisher_cells	RS_vs_SPC	9505	ENSMUSG00000047129	9.046996214188517e-29	8.433092899654296e-28	0.5642510121457489	delta_proportion		0.00046468401486988845	2151	0.0006970260223048327	True	True	True
B_fisher_cells	RS_vs_SPC	9990	ENSMUSG00000047025	1.5293114282721983e-28	1.3763802854449785e-27	0.2998407529344402	delta_proportion		0.00046468401486988845	2151	0.0006970260223048327	True	True	True
B_fisher_cells	RS_vs_SPC	141075	ENSMUSG00000053375	2.169705716523303e-28	1.8876439733752734e-27	0.3606903163950143	delta_proportion		0.00046468401486988845	2151	0.0006970260223048327	True	True	True
B_fisher_cells	RS_vs_SPC	170278	ENSMUSG00000029433	2.3343282884428502e-28	1.9653538170438192e-27	-0.3285291943828529	delta_proportion		0.00046468401486988845	2151	0.0006970260223048327	True	True	True
B_fisher_cells	RS_vs_SPC	59395	ENSMUSG00000005687	2.8738028910912443e-28	2.343945483046296e-27	0.2804793686988381	delta_proportion		0.00046468401486988845	2151	0.0006970260223048327	True	True	True
B_fisher_cells	RS_vs_SPC	107176	ENSMUSG00000001666	3.919560680777549e-28	3.1000161747967893e-27	-0.3309555031034181	delta_proportion		0.00046468401486988845	2151	0.0006970260223048327	True	True	True
B_fisher_cells	RS_vs_SPC	9991	ENSMUSG00000047025	7.283721767044698e-28	5.591327591760783e-27	0.2978367449184081	delta_proportion		0.00046468401486988845	2151	0.0006970260223048327	True	True	True
B_fisher_cells	RS_vs_SPC	163022	ENSMUSG00000048686	7.798003461439565e-28	5.8150825812449326e-27	0.3649515129033967	delta_proportion		0.00046468401486988845	2151	0.0006970260223048327	True	True	True
B_fisher_cells	RS_vs_SPC	22888	ENSMUSG00000085861	1.1106169698717547e-27	8.051973031570223e-27	0.2845906040268456	delta_proportion		0.00046468401486988845	2151	0.0006970260223048327	True	True	True
B_fisher_cells	RS_vs_SPC	9503	ENSMUSG00000047129	1.2987100779811063e-27	9.161171090623482e-27	0.5109311740890689	delta_proportion		0.00046468401486988845	2151	0.0006970260223048327	True	True	True
B_fisher_cells	RS_vs_SPC	24860	ENSMUSG00000021534	1.7075775762829405e-27	1.1728361773943354e-26	0.3700659340659341	delta_proportion		0.00046468401486988845	2151	0.0006970260223048327	True	True	True
B_fisher_cells	RS_vs_SPC	128405	ENSMUSG00000034913	2.8628205145073112e-27	1.912622002125969e-26	0.4079167601332114	delta_proportion		0.00046468401486988845	2151	0.0006970260223048327	True	True	True
B_fisher_cells	RS_vs_SPC	170276	ENSMUSG00000029433	2.931221459196888e-27	1.912622002125969e-26	-0.2467356491746736	delta_proportion		0.00046468401486988845	2151	0.0006970260223048327	True	True	True
B_fisher_cells	RS_vs_SPC	137277	ENSMUSG00000046173	3.0070881134695023e-27	1.9142682868671716e-26	-0.4069180726714974	delta_proportion		0.00046468401486988845	2151	0.0006970260223048327	True	True	True
B_fisher_cells	RS_vs_SPC	40812	ENSMUSG00000002308	1.1138060049754923e-26	6.921508745204846e-26	-0.3145299145299145	delta_proportion		0.00046468401486988845	2151	0.0006970260223048327	True	True	True
B_fisher_cells	RS_vs_SPC	182133	ENSMUSG00000030976	1.33110088174755e-26	8.079472793863036e-26	0.4568489683019893	delta_proportion		0.00046468401486988845	2151	0.0006970260223048327	True	True	True
B_fisher_cells	RS_vs_SPC	86832	ENSMUSG00000031631	1.565354804435572e-26	9.285400089947372e-26	-0.2495062238757981	delta_proportion		0.00046468401486988845	2151	0.0006970260223048327	True	True	True
B_fisher_cells	RS_vs_SPC	141127	ENSMUSG00000036438	2.765142501636214e-26	1.6037826509490043e-25	-0.2880981899330522	delta_proportion		0.00046468401486988845	2151	0.0006970260223048327	True	True	True
B_fisher_cells	RS_vs_SPC	156831	ENSMUSG00000105734	5.985017151426196e-26	3.39584668809182e-25	0.3051132940728082	delta_proportion		0.00046468401486988845	2151	0.0006970260223048327	True	True	True
B_fisher_cells	RS_vs_SPC	22887	ENSMUSG00000085861	1.4060134677814582e-24	7.807862023211927e-24	0.3378389261744966	delta_proportion		0.00046468401486988845	2151	0.0006970260223048327	True	True	True
B_fisher_cells	RS_vs_SPC	158541	ENSMUSG00000090202	6.65845310202032e-24	3.620533874223549e-23	0.3931338786052518	delta_proportion		0.00046468401486988845	2151	0.0006970260223048327	True	True	True
B_fisher_cells	RS_vs_SPC	116189	ENSMUSG00000062825	2.5987821008786362e-23	1.3842492414884162e-22	-0.2223299912816041	delta_proportion		0.00046468401486988845	2151	0.0006970260223048327	True	True	True
B_fisher_cells	RS_vs_SPC	123572	ENSMUSG00000046957	3.1266611448012404e-23	1.6321171175862472e-22	0.2276320585167217	delta_proportion		0.00046468401486988845	2151	0.0006970260223048327	True	True	True
B_fisher_cells	RS_vs_SPC	33846	ENSMUSG00000022428	3.775155112528249e-23	1.93199114582328e-22	-0.2756216216216216	delta_proportion		0.00046468401486988845	2151	0.0006970260223048327	True	True	True
B_fisher_cells	RS_vs_SPC	163019	ENSMUSG00000048686	7.267547837702998e-23	3.6477499723855434e-22	0.3348347552682246	delta_proportion		0.00046468401486988845	2151	0.0006970260223048327	True	True	True
B_fisher_cells	RS_vs_SPC	86833	ENSMUSG00000031631	1.2262130643291792e-22	6.0385209394323745e-22	-0.2344288273391208	delta_proportion		0.00046468401486988845	2151	0.0006970260223048327	True	True	True
B_fisher_cells	RS_vs_SPC	133812	ENSMUSG00000050058	1.2566330292779038e-22	6.073726308176535e-22	0.2625758056701806	delta_proportion		0.00046468401486988845	2151	0.0006970260223048327	True	True	True
B_fisher_cells	RS_vs_SPC	41549	ENSMUSG00000021545	1.6357890681406088e-22	7.762562668812706e-22	0.5195486694460001	delta_proportion		0.00046468401486988845	2151	0.0006970260223048327	True	True	True
B_fisher_cells	RS_vs_SPC	5267	ENSMUSG00000042800	1.823730210531108e-22	8.499885445511058e-22	0.186050061050061	delta_proportion		0.00046468401486988845	2151	0.0006970260223048327	True	True	True
B_fisher_cells	RS_vs_SPC	110832	ENSMUSG00000044056	2.32619429860015e-22	1.0651521262011213e-21	0.4568087646604396	delta_proportion		0.00046468401486988845	2151	0.0006970260223048327	True	True	True
B_fisher_cells	RS_vs_SPC	163021	ENSMUSG00000048686	4.685905243842916e-22	2.1086573597293118e-21	0.2864536413897868	delta_proportion		0.00046468401486988845	2151	0.0006970260223048327	True	True	True
B_fisher_cells	RS_vs_SPC	132218	ENSMUSG00000063480	6.9299992817630995e-22	3.0656437500680826e-21	0.329580448065173	delta_proportion		0.00046468401486988845	2151	0.0006970260223048327	True	True	True
B_fisher_cells	RS_vs_SPC	128404	ENSMUSG00000034913	2.365196223652768e-21	1.0221121056733735e-20	0.3577813055406967	delta_proportion		0.00046468401486988845	2151	0.0006970260223048327	True	True	True
B_fisher_cells	RS_vs_SPC	73532	ENSMUSG00000029723	2.3888443849071187e-21	1.0221121056733735e-20	0.3995494171809188	delta_proportion		0.00046468401486988845	2151	0.0006970260223048327	True	True	True
B_fisher_cells	RS_vs_SPC	133813	ENSMUSG00000050058	3.812811883224503e-21	1.605070808905799e-20	0.2469441056740787	delta_proportion		0.00046468401486988845	2151	0.0006970260223048327	True	True	True
B_fisher_cells	RS_vs_SPC	141074	ENSMUSG00000053375	4.050815237715022e-21	1.6781948841962235e-20	0.2915354061087521	delta_proportion		0.00046468401486988845	2151	0.0006970260223048327	True	True	True
B_fisher_cells	RS_vs_SPC	55486	ENSMUSG00000027502	5.5267164216633946e-21	2.2538640407096036e-20	0.1887335779139595	delta_proportion		0.00046468401486988845	2151	0.0006970260223048327	True	True	True
B_fisher_cells	RS_vs_SPC	33582	ENSMUSG00000049653	1.7381977668703667e-20	6.979532571587165e-20	-0.2329350745577475	delta_proportion		0.00046468401486988845	2151	0.0006970260223048327	True	True	True
B_fisher_cells	RS_vs_SPC	141128	ENSMUSG00000036438	2.5784799199729366e-20	1.0196716047165706e-19	-0.2054425985618646	delta_proportion		0.00046468401486988845	2151	0.0006970260223048327	True	True	True
B_fisher_cells	RS_vs_SPC	159534	ENSMUSG00000028264	8.311405094893659e-20	3.2377264623391723e-19	0.4116779618473896	delta_proportion		0.00046468401486988845	2151	0.0006970260223048327	True	True	True
B_fisher_cells	RS_vs_SPC	8986	ENSMUSG00000020156	1.2716001271508778e-19	4.880700488034986e-19	-0.2146054454434565	delta_proportion		0.00046468401486988845	2151	0.0006970260223048327	True	True	True
B_fisher_cells	RS_vs_SPC	133041	ENSMUSG00000048077	2.237402326321877e-19	8.463217495217537e-19	0.3647420147420147	delta_proportion		0.00046468401486988845	2151	0.0006970260223048327	True	True	True
B_fisher_cells	RS_vs_SPC	176110	ENSMUSG00000030206	1.0236779334846509e-18	3.8168562948499136e-18	0.1264044943820225	delta_proportion		0.00046468401486988845	2151	0.0006970260223048327	True	True	True
B_fisher_cells	RS_vs_SPC	50216	ENSMUSG00000026864	1.188782039318492e-18	4.370029750170795e-18	-0.2759839135059523	delta_proportion		0.00046468401486988845	2151	0.0006970260223048327	True	True	True
B_fisher_cells	RS_vs_SPC	107178	ENSMUSG00000001666	1.3221385602991326e-18	4.792752281084356e-18	-0.2200367164961971	delta_proportion		0.00046468401486988845	2151	0.0006970260223048327	True	True	True
B_fisher_cells	RS_vs_SPC	115883	ENSMUSG00000016559	2.191704280091908e-18	7.836093384986136e-18	0.2240556188842364	delta_proportion		0.00046468401486988845	2151	0.0006970260223048327	True	True	True
B_fisher_cells	RS_vs_SPC	191636	ENSMUSG00000118396	2.773377488530864e-18	9.781777358196697e-18	0.3708040593286494	delta_proportion		0.00046468401486988845	2151	0.0006970260223048327	True	True	True
B_fisher_cells	RS_vs_SPC	47890	ENSMUSG00000025176	8.692741113421908e-18	3.025073907470824e-17	0.29546295964554	delta_proportion		0.00046468401486988845	2151	0.0006970260223048327	True	True	True
B_fisher_cells	RS_vs_SPC	178063	ENSMUSG00000061099	9.323992032996218e-18	3.202055158700017e-17	0.2755274261603375	delta_proportion		0.00046468401486988845	2151	0.0006970260223048327	True	True	True
B_fisher_cells	RS_vs_SPC	58588	ENSMUSG00000027942	2.8024693503097805e-17	9.49927922637471e-17	0.3535564853556485	delta_proportion		0.00046468401486988845	2151	0.0006970260223048327	True	True	True
B_fisher_cells	RS_vs_SPC	160655	ENSMUSG00000070980	7.891053291535106e-17	2.6404678321675163e-16	0.1960124964498721	delta_proportion		0.00046468401486988845	2151	0.0006970260223048327	True	True	True
B_fisher_cells	RS_vs_SPC	171545	ENSMUSG00000095040	2.687395749746106e-16	8.878611274477641e-16	0.2354390681003584	delta_proportion		0.00046468401486988845	2151	0.0006970260223048327	True	True	True
B_fisher_cells	RS_vs_SPC	17886	ENSMUSG00000025156	3.48912307507987e-16	1.1383264032448077e-15	-0.2099552078733203	delta_proportion		0.00046468401486988845	2151	0.0006970260223048327	True	True	True
B_fisher_cells	RS_vs_SPC	138688	ENSMUSG00000024033	3.6683639657535613e-16	1.1820283889650369e-15	-0.1335625179899093	delta_proportion		0.00046468401486988845	2151	0.0006970260223048327	True	True	True
B_fisher_cells	RS_vs_SPC	157401	ENSMUSG00000055891	4.1356392671602485e-16	1.3163437179619817e-15	0.3136330027281303	delta_proportion		0.00046468401486988845	2151	0.0006970260223048327	True	True	True
B_fisher_cells	RS_vs_SPC	49198	ENSMUSG00000037708	4.626746482677184e-16	1.4549166650346326e-15	0.38728865612776	delta_proportion		0.00046468401486988845	2151	0.0006970260223048327	True	True	True
B_fisher_cells	RS_vs_SPC	138692	ENSMUSG00000024033	4.728968616949068e-16	1.4693581059806034e-15	-0.1222444889779559	delta_proportion		0.00046468401486988845	2151	0.0006970260223048327	True	True	True
B_fisher_cells	RS_vs_SPC	57852	ENSMUSG00000048416	9.185935696030418e-16	2.8206226078399284e-15	0.1735880398671097	delta_proportion		0.00046468401486988845	2151	0.0006970260223048327	True	True	True
B_fisher_cells	RS_vs_SPC	191634	ENSMUSG00000118396	1.0571289210010857e-15	3.208263353270736e-15	0.3482522334981351	delta_proportion		0.00046468401486988845	2151	0.0006970260223048327	True	True	True
B_fisher_cells	RS_vs_SPC	9504	ENSMUSG00000047129	2.7291446811359423e-15	8.187434043407828e-15	0.3073684210526315	delta_proportion		0.00046468401486988845	2151	0.0006970260223048327	True	True	True
B_fisher_cells	RS_vs_SPC	73531	ENSMUSG00000029723	2.796365775384206e-15	8.293766674719066e-15	0.2135860515231659	delta_proportion		0.00046468401486988845	2151	0.0006970260223048327	True	True	True
B_fisher_cells	RS_vs_SPC	156661	ENSMUSG00000074435	3.094824361705565e-15	9.07583324050733e-15	0.1091269841269841	delta_proportion		0.00046468401486988845	2151	0.0006970260223048327	True	True	True
B_fisher_cells	RS_vs_SPC	144968	ENSMUSG00000024654	3.4275354507727308e-15	9.939852807240919e-15	-0.178582965435555	delta_proportion		0.00046468401486988845	2151	0.0006970260223048327	True	True	True
B_fisher_cells	RS_vs_SPC	73863	ENSMUSG00000047843	4.052898695683883e-15	1.1624247907401026e-14	0.2821669400400947	delta_proportion		0.00046468401486988845	2151	0.0006970260223048327	True	True	True
B_fisher_cells	RS_vs_SPC	128406	ENSMUSG00000034913	4.809208230020733e-15	1.3643514652558821e-14	0.2307473297327145	delta_proportion		0.00046468401486988845	2151	0.0006970260223048327	True	True	True
B_fisher_cells	RS_vs_SPC	107398	ENSMUSG00000078442	6.530115600597808e-15	1.8326453459742235e-14	0.2356275303643725	delta_proportion		0.00046468401486988845	2151	0.0006970260223048327	True	True	True
B_fisher_cells	RS_vs_SPC	120005	ENSMUSG00000021270	9.905930879968694e-15	2.7504765528423715e-14	-0.1872908622908623	delta_proportion		0.00046468401486988845	2151	0.0006970260223048327	True	True	True
B_fisher_cells	RS_vs_SPC	47891	ENSMUSG00000025176	2.2128707947044612e-14	6.07957134124068e-14	0.1813323301446263	delta_proportion		0.00046468401486988845	2151	0.0006970260223048327	True	True	True
B_fisher_cells	RS_vs_SPC	95468	ENSMUSG00000050089	2.788153995618736e-14	7.580293675588439e-14	0.1929760960688795	delta_proportion		0.00046468401486988845	2151	0.0006970260223048327	True	True	True
B_fisher_cells	RS_vs_SPC	95469	ENSMUSG00000050089	4.541367471799703e-14	1.2219555774636317e-13	0.3171405913673955	delta_proportion		0.00046468401486988845	2151	0.0006970260223048327	True	True	True
B_fisher_cells	RS_vs_SPC	137284	ENSMUSG00000046173	6.522114531711908e-14	1.737012135486539e-13	-0.2032686306658908	delta_proportion		0.00046468401486988845	2151	0.0006970260223048327	True	True	True
B_fisher_cells	RS_vs_SPC	123573	ENSMUSG00000046957	7.713122507856774e-14	2.033459570253149e-13	0.1354833033795417	delta_proportion		0.00046468401486988845	2151	0.0006970260223048327	True	True	True
B_fisher_cells	RS_vs_SPC	17885	ENSMUSG00000025156	8.616007173758654e-14	2.2487778723510082e-13	-0.1632914852900974	delta_proportion		0.00046468401486988845	2151	0.0006970260223048327	True	True	True
B_fisher_cells	RS_vs_SPC	115835	ENSMUSG00000020743	1.5062606543828898e-13	3.892416146474596e-13	-0.1627916224814422	delta_proportion		0.00046468401486988845	2151	0.0006970260223048327	True	True	True
B_fisher_cells	RS_vs_SPC	156697	ENSMUSG00000028141	1.6150607179116096e-13	4.132655366420883e-13	0.1279939577039275	delta_proportion		0.00046468401486988845	2151	0.0006970260223048327	True	True	True
B_fisher_cells	RS_vs_SPC	86826	ENSMUSG00000031631	1.8708991364623975e-13	4.740822083657143e-13	-0.1038135593220338	delta_proportion		0.00046468401486988845	2151	0.0006970260223048327	True	True	True
B_fisher_cells	RS_vs_SPC	24859	ENSMUSG00000021534	2.1663726097624497e-13	5.436762030269224e-13	0.1458461538461538	delta_proportion		0.00046468401486988845	2151	0.0006970260223048327	True	True	True
B_fisher_cells	RS_vs_SPC	123855	ENSMUSG00000045022	2.5202681896039445e-13	6.264666642729805e-13	0.2950450450450451	delta_proportion		0.00046468401486988845	2151	0.0006970260223048327	True	True	True
B_fisher_cells	RS_vs_SPC	132219	ENSMUSG00000063480	4.436843579893073e-13	1.0924680890114076e-12	0.1791934826883909	delta_proportion		0.00046468401486988845	2151	0.0006970260223048327	True	True	True
B_fisher_cells	RS_vs_SPC	110830	ENSMUSG00000044056	7.374456666217347e-13	1.7988160653109604e-12	0.2260341316103659	delta_proportion		0.00046468401486988845	2151	0.0006970260223048327	True	True	True
B_fisher_cells	RS_vs_SPC	139599	ENSMUSG00000118471	8.91530123973261e-13	2.1545311329353807e-12	0.2682766735773692	delta_proportion		0.00046468401486988845	2151	0.0006970260223048327	True	True	True
B_fisher_cells	RS_vs_SPC	82460	ENSMUSG00000038646	1.1931434855174857e-12	2.856976602936365e-12	0.1600899434183836	delta_proportion		0.00046468401486988845	2151	0.0006970260223048327	True	True	True
B_fisher_cells	RS_vs_SPC	43085	ENSMUSG00000024233	1.7595897024027208e-12	4.175026475701001e-12	0.3148947261722031	delta_proportion		0.00046468401486988845	2151	0.0006970260223048327	True	True	True
B_fisher_cells	RS_vs_SPC	78596	ENSMUSG00000030161	1.8016757073168213e-12	4.23637260909631e-12	0.2517219394420811	delta_proportion		0.00046468401486988845	2151	0.0006970260223048327	True	True	True
B_fisher_cells	RS_vs_SPC	58587	ENSMUSG00000027942	2.5275337366571825e-12	5.89005629703147e-12	0.2009216329300012	delta_proportion		0.00046468401486988845	2151	0.0006970260223048327	True	True	True
B_fisher_cells	RS_vs_SPC	131884	ENSMUSG00000033055	4.1678724167326415e-12	9.54223421725631e-12	-0.0957943925233645	delta_proportion		0.00046468401486988845	2151	0.0006970260223048327	True	True	False
B_fisher_cells	RS_vs_SPC	148139	ENSMUSG00000026853	4.1352861218867095e-12	9.54223421725631e-12	-0.149666059502125	delta_proportion		0.00046468401486988845	2151	0.0006970260223048327	True	True	True
B_fisher_cells	RS_vs_SPC	14807	ENSMUSG00000037926	5.732687516284393e-12	1.3010708189132403e-11	-0.1470528182257805	delta_proportion		0.00046468401486988845	2151	0.0006970260223048327	True	True	True
B_fisher_cells	RS_vs_SPC	28623	ENSMUSG00000072145	6.194744626458372e-12	1.3938175409531336e-11	0.2517015070491005	delta_proportion		0.00046468401486988845	2151	0.0006970260223048327	True	True	True
B_fisher_cells	RS_vs_SPC	113256	ENSMUSG00000037278	1.0000741384765572e-11	2.2309346166015507e-11	-0.114908394592928	delta_proportion		0.00046468401486988845	2151	0.0006970260223048327	True	True	True
B_fisher_cells	RS_vs_SPC	100885	ENSMUSG00000026182	1.0687738437860556e-11	2.363982823967462e-11	0.2220827970827971	delta_proportion		0.00046468401486988845	2151	0.0006970260223048327	True	True	True
B_fisher_cells	RS_vs_SPC	17704	ENSMUSG00000017716	1.3232404045485052e-11	2.902233156194621e-11	-0.1555290454334067	delta_proportion		0.00046468401486988845	2151	0.0006970260223048327	True	True	True
B_fisher_cells	RS_vs_SPC	103270	ENSMUSG00000026592	2.0576444513807523e-11	4.475376681753136e-11	0.3256671089488427	delta_proportion		0.00046468401486988845	2151	0.0006970260223048327	True	True	True
B_fisher_cells	RS_vs_SPC	4552	ENSMUSG00000042708	2.549269771653061e-11	5.498838102491314e-11	-0.1022427164116537	delta_proportion		0.00046468401486988845	2151	0.0006970260223048327	True	True	True
B_fisher_cells	RS_vs_SPC	40813	ENSMUSG00000002308	5.697090825889362e-11	1.2188038570140357e-10	-0.1251831501831501	delta_proportion		0.00046468401486988845	2151	0.0006970260223048327	True	True	True
B_fisher_cells	RS_vs_SPC	139598	ENSMUSG00000118471	6.789440633002411e-11	1.4406861831005114e-10	0.2292218655694926	delta_proportion		0.00046468401486988845	2151	0.0006970260223048327	True	True	True
B_fisher_cells	RS_vs_SPC	189508	ENSMUSG00000045620	7.058103558549989e-11	1.4856169586947958e-10	0.336850366236484	delta_proportion		0.00046468401486988845	2151	0.0006970260223048327	True	True	True
B_fisher_cells	RS_vs_SPC	159535	ENSMUSG00000028264	9.435263470700608e-11	1.970083012682287e-10	0.1674196787148594	delta_proportion		0.00046468401486988845	2151	0.0006970260223048327	True	True	True
B_fisher_cells	RS_vs_SPC	123856	ENSMUSG00000045022	1.6662038171079154e-10	3.451422192580683e-10	0.2550461854259322	delta_proportion		0.00046468401486988845	2151	0.0006970260223048327	True	True	True
B_fisher_cells	RS_vs_SPC	4551	ENSMUSG00000042708	1.7020934352095402e-10	3.4980030440133065e-10	-0.1227295864898044	delta_proportion		0.00046468401486988845	2151	0.0006970260223048327	True	True	True
B_fisher_cells	RS_vs_SPC	13912	ENSMUSG00000042200	1.9010621256401143e-10	3.876384490563046e-10	0.2829673455455683	delta_proportion		0.00046468401486988845	2151	0.0006970260223048327	True	True	True
B_fisher_cells	RS_vs_SPC	17703	ENSMUSG00000017716	2.0464400213793824e-10	4.1404716711629364e-10	-0.1559401769887646	delta_proportion		0.00046468401486988845	2151	0.0006970260223048327	True	True	True
B_fisher_cells	RS_vs_SPC	148140	ENSMUSG00000026853	2.298688904325046e-10	4.615060030991054e-10	-0.1159505696632022	delta_proportion		0.00046468401486988845	2151	0.0006970260223048327	True	True	True
B_fisher_cells	RS_vs_SPC	21333	ENSMUSG00000001175	3.0758026626196016e-10	6.128125915600886e-10	-0.1075055947667412	delta_proportion		0.00046468401486988845	2151	0.0006970260223048327	True	True	True
B_fisher_cells	RS_vs_SPC	21550	ENSMUSG00000021203	3.6591911525416267e-10	7.235218869798218e-10	0.3078936078936078	delta_proportion		0.00046468401486988845	2151	0.0006970260223048327	True	True	True
B_fisher_cells	RS_vs_SPC	133040	ENSMUSG00000048077	3.7274422773604127e-10	7.314755145797502e-10	0.2017199017199017	delta_proportion		0.00046468401486988845	2151	0.0006970260223048327	True	True	True
B_fisher_cells	RS_vs_SPC	156696	ENSMUSG00000028141	6.276918243232164e-10	1.2225937772265634e-09	0.1689244712990937	delta_proportion		0.00046468401486988845	2151	0.0006970260223048327	True	True	True
B_fisher_cells	RS_vs_SPC	13910	ENSMUSG00000042200	6.495841867876991e-10	1.255862761122885e-09	0.2594720673569234	delta_proportion		0.00046468401486988845	2151	0.0006970260223048327	True	True	True
B_fisher_cells	RS_vs_SPC	133039	ENSMUSG00000048077	1.1357180006537408e-09	2.1795764571369583e-09	0.2362407862407861	delta_proportion		0.00046468401486988845	2151	0.0006970260223048327	True	True	True
B_fisher_cells	RS_vs_SPC	64715	ENSMUSG00000048772	1.4343858155640316e-09	2.7326620281913312e-09	0.1586875096734251	delta_proportion		0.00046468401486988845	2151	0.0006970260223048327	True	True	True
B_fisher_cells	RS_vs_SPC	28057	ENSMUSG00000078127	1.4587266004953316e-09	2.758895961806388e-09	0.0988888888888889	delta_proportion		0.00046468401486988845	2151	0.0006970260223048327	True	True	False
B_fisher_cells	RS_vs_SPC	13911	ENSMUSG00000042200	1.7965609673133962e-09	3.3733986508546512e-09	0.2668676755034703	delta_proportion		0.00046468401486988845	2151	0.0006970260223048327	True	True	True
B_fisher_cells	RS_vs_SPC	82461	ENSMUSG00000038646	2.213758312005554e-09	4.127077995953213e-09	0.1481397459165153	delta_proportion		0.00046468401486988845	2151	0.0006970260223048327	True	True	True
B_fisher_cells	RS_vs_SPC	189507	ENSMUSG00000045620	2.2588718664439315e-09	4.181316008098341e-09	0.1926665504011162	delta_proportion		0.00046468401486988845	2151	0.0006970260223048327	True	True	True
B_fisher_cells	RS_vs_SPC	21327	ENSMUSG00000001175	3.5251074101552972e-09	6.479246718665723e-09	-0.1213978309519711	delta_proportion		0.00046468401486988845	2151	0.0006970260223048327	True	True	True
B_fisher_cells	RS_vs_SPC	156660	ENSMUSG00000074435	4.3656964477814594e-09	7.968159250845879e-09	0.0657665505226481	delta_proportion		0.00046468401486988845	2151	0.0006970260223048327	True	True	False
B_fisher_cells	RS_vs_SPC	73864	ENSMUSG00000047843	4.581537544379264e-09	8.304036799187415e-09	0.2816429743028977	delta_proportion		0.00046468401486988845	2151	0.0006970260223048327	True	True	True
B_fisher_cells	RS_vs_SPC	55922	ENSMUSG00000047841	5.553515053417014e-09	9.996327096150626e-09	0.0783611348731109	delta_proportion		0.00046468401486988845	2151	0.0006970260223048327	True	True	False
B_fisher_cells	RS_vs_SPC	33581	ENSMUSG00000049653	7.195032542394745e-09	1.286235269565088e-08	-0.1131134309795048	delta_proportion		0.00046468401486988845	2151	0.0006970260223048327	True	True	True
B_fisher_cells	RS_vs_SPC	81210	ENSMUSG00000051113	7.723920435968493e-09	1.3713899549576712e-08	0.1463653454488485	delta_proportion		0.00046468401486988845	2151	0.0006970260223048327	True	True	True
B_fisher_cells	RS_vs_SPC	133815	ENSMUSG00000050058	1.039536677003648e-08	1.8332369776888657e-08	0.1090599261573417	delta_proportion		0.00046468401486988845	2151	0.0006970260223048327	True	True	True
B_fisher_cells	RS_vs_SPC	64714	ENSMUSG00000048772	1.6104862611523083e-08	2.8210531151728343e-08	0.0915957282154464	delta_proportion		0.00046468401486988845	2151	0.0006970260223048327	True	True	False
B_fisher_cells	RS_vs_SPC	60474	ENSMUSG00000037894	2.2624089717233572e-08	3.936591610798642e-08	-0.1103566681435533	delta_proportion		0.00046468401486988845	2151	0.0006970260223048327	True	True	True
B_fisher_cells	RS_vs_SPC	184889	ENSMUSG00000090137	2.3297560800978115e-08	4.026929383480323e-08	0.1131784634657806	delta_proportion		0.00046468401486988845	2151	0.0006970260223048327	True	True	True
B_fisher_cells	RS_vs_SPC	21328	ENSMUSG00000001175	2.59549267087977e-08	4.456734125655394e-08	-0.0957307626097434	delta_proportion		0.00046468401486988845	2151	0.0006970260223048327	True	True	False
B_fisher_cells	RS_vs_SPC	69324	ENSMUSG00000067367	3.889929891801741e-08	6.63576275660297e-08	-0.0609756097560976	delta_proportion		0.00046468401486988845	2151	0.0006970260223048327	True	True	False
B_fisher_cells	RS_vs_SPC	78595	ENSMUSG00000030161	3.9175633385484845e-08	6.639506697150352e-08	0.2207322554009845	delta_proportion		0.00046468401486988845	2151	0.0006970260223048327	True	True	True
B_fisher_cells	RS_vs_SPC	60538	ENSMUSG00000028156	3.989969770156096e-08	6.718594258133813e-08	0.2631163544219665	delta_proportion		0.00046468401486988845	2151	0.0006970260223048327	True	True	True
B_fisher_cells	RS_vs_SPC	113254	ENSMUSG00000037278	4.518468929445223e-08	7.559746093494893e-08	-0.0618762475049899	delta_proportion		0.00046468401486988845	2151	0.0006970260223048327	True	True	False
B_fisher_cells	RS_vs_SPC	77093	ENSMUSG00000048206	5.6729989983824744e-08	9.430909162916089e-08	0.1930725346373268	delta_proportion		0.00046468401486988845	2151	0.0006970260223048327	True	True	True
B_fisher_cells	RS_vs_SPC	70434	ENSMUSG00000036323	5.9271926310569136e-08	9.791122004467433e-08	0.3021666666666667	delta_proportion		0.00046468401486988845	2151	0.0006970260223048327	True	True	True
B_fisher_cells	RS_vs_SPC	50215	ENSMUSG00000026864	7.653292310899809e-08	1.2562951529212894e-07	-0.0774381092541054	delta_proportion		0.00046468401486988845	2151	0.0006970260223048327	True	True	False
B_fisher_cells	RS_vs_SPC	123854	ENSMUSG00000045022	8.040483456129057e-08	1.3116038637810525e-07	0.1397536777283613	delta_proportion		0.00046468401486988845	2151	0.0006970260223048327	True	True	True
B_fisher_cells	RS_vs_SPC	157400	ENSMUSG00000055891	1.4163391965160874e-07	2.2960529831720425e-07	0.167138352753202	delta_proportion		0.00046468401486988845	2151	0.0006970260223048327	True	True	True
B_fisher_cells	RS_vs_SPC	107177	ENSMUSG00000001666	1.622646627157507e-07	2.614264010420428e-07	-0.0735903488067137	delta_proportion		0.00046468401486988845	2151	0.0006970260223048327	True	True	False
B_fisher_cells	RS_vs_SPC	14806	ENSMUSG00000037926	1.783164451240072e-07	2.855251053826128e-07	-0.0831873623126109	delta_proportion		0.00046468401486988845	2151	0.0006970260223048327	True	True	False
B_fisher_cells	RS_vs_SPC	60539	ENSMUSG00000028156	1.924247695480432e-07	3.062369808051176e-07	0.2480787604370041	delta_proportion		0.00046468401486988845	2151	0.0006970260223048327	True	True	True
B_fisher_cells	RS_vs_SPC	193515	ENSMUSG00000079579	2.178842303762723e-07	3.446532371406489e-07	0.2700413380335269	delta_proportion		0.00046468401486988845	2151	0.0006970260223048327	True	True	True
B_fisher_cells	RS_vs_SPC	51119	ENSMUSG00000027088	2.745433039770796e-07	4.316614598675769e-07	-0.1081245506332614	delta_proportion		0.00046468401486988845	2151	0.0006970260223048327	True	True	True
B_fisher_cells	RS_vs_SPC	70433	ENSMUSG00000036323	7.104291364042889e-07	1.1103114047995172e-06	0.267	delta_proportion		0.00046468401486988845	2151	0.0006970260223048327	True	True	True
B_fisher_cells	RS_vs_SPC	191635	ENSMUSG00000118396	7.387450739049677e-07	1.1476932398166462e-06	0.1650620175210339	delta_proportion		0.00046468401486988845	2151	0.0006970260223048327	True	True	True
B_fisher_cells	RS_vs_SPC	178062	ENSMUSG00000061099	8.746283958242474e-07	1.3507574633735418e-06	0.1373719107896323	delta_proportion		0.00046468401486988845	2151	0.0006970260223048327	True	True	True
B_fisher_cells	RS_vs_SPC	104292	ENSMUSG00000060743	1.197435731428692e-06	1.8384160347228744e-06	0.0689840392879067	delta_proportion		0.00046468401486988845	2151	0.0006970260223048327	True	True	False
B_fisher_cells	RS_vs_SPC	181350	ENSMUSG00000030968	1.96316338055231e-06	2.9964072650535268e-06	0.2994449583718778	delta_proportion		0.00046468401486988845	2151	0.0006970260223048327	True	True	True
B_fisher_cells	RS_vs_SPC	43086	ENSMUSG00000024233	2.288876377293855e-06	3.473236828335443e-06	0.2492687306322222	delta_proportion		0.00046468401486988845	2151	0.0006970260223048327	True	True	True
B_fisher_cells	RS_vs_SPC	49197	ENSMUSG00000037708	2.8908888273665077e-06	4.3613987511136325e-06	0.0870914557268935	delta_proportion		0.00046468401486988845	2151	0.0006970260223048327	True	True	False
B_fisher_cells	RS_vs_SPC	120861	ENSMUSG00000059395	3.6844334945481294e-06	5.526650241822196e-06	-0.0766461430304679	delta_proportion		0.00046468401486988845	2151	0.0006970260223048327	True	True	False
B_fisher_cells	RS_vs_SPC	157399	ENSMUSG00000055891	4.594884623452662e-06	6.852942209835112e-06	0.169441540671239	delta_proportion		0.0009293680297397769	2151	0.0013254921079895179	True	True	True
B_fisher_cells	RS_vs_SPC	70432	ENSMUSG00000036323	1.350710506157887e-05	2.0030422847000483e-05	0.2365833333333333	delta_proportion		0.0009293680297397769	2151	0.0013254921079895179	True	True	True
B_fisher_cells	RS_vs_SPC	112531	ENSMUSG00000041165	1.44622745863225e-05	2.132572693237385e-05	0.1965517241379309	delta_proportion		0.0009293680297397769	2151	0.0013254921079895179	True	True	True
B_fisher_cells	RS_vs_SPC	107397	ENSMUSG00000078442	1.6426904044689253e-05	2.408664020035896e-05	0.0937246963562753	delta_proportion		0.0009293680297397769	2151	0.0013254921079895179	True	True	False
B_fisher_cells	RS_vs_SPC	156648	ENSMUSG00000027927	2.513196317166994e-05	3.6644929540814834e-05	0.1731999821005056	delta_proportion		0.0009293680297397769	2151	0.0013254921079895179	True	True	True
B_fisher_cells	RS_vs_SPC	133810	ENSMUSG00000043050	2.8645809982700172e-05	4.1536424474915256e-05	0.1426855426855426	delta_proportion		0.0009293680297397769	2151	0.0013254921079895179	True	True	True
B_fisher_cells	RS_vs_SPC	120006	ENSMUSG00000021270	2.897931046282336e-05	4.1787845474016005e-05	-0.0481660231660232	delta_proportion		0.0009293680297397769	2151	0.0013254921079895179	True	True	False
B_fisher_cells	RS_vs_SPC	181349	ENSMUSG00000030968	2.953251229920257e-05	4.235156983566961e-05	0.2568917668825161	delta_proportion		0.0009293680297397769	2151	0.0013254921079895179	True	True	True
B_fisher_cells	RS_vs_SPC	70646	ENSMUSG00000100704	3.51884862569387e-05	5.0186857448420775e-05	0.2330903889380832	delta_proportion		0.0009293680297397769	2151	0.0013254921079895179	True	True	True
B_fisher_cells	RS_vs_SPC	69332	ENSMUSG00000067367	7.352492249396018e-05	0.0001042935041898	-0.0521680216802168	delta_proportion		0.0013940520446096654	2151	0.0019667436953682304	True	True	False
B_fisher_cells	RS_vs_SPC	120860	ENSMUSG00000059395	7.448105531574731e-05	0.00010507867804	-0.0605277182478938	delta_proportion		0.0013940520446096654	2151	0.0019667436953682304	True	True	False
B_fisher_cells	RS_vs_SPC	60541	ENSMUSG00000028156	8.597161324272047e-05	0.0001206375863244	0.1867444855232003	delta_proportion		0.0018587360594795538	2151	0.002539948227875202	True	True	True
B_fisher_cells	RS_vs_SPC	193510	ENSMUSG00000079579	8.880117628809388e-05	0.0001239417487229	0.2024802820116152	delta_proportion		0.0018587360594795538	2151	0.002539948227875202	True	True	True
B_fisher_cells	RS_vs_SPC	188695	ENSMUSG00000001948	9.464112665388198e-05	0.0001313900747694	0.1292102206736353	delta_proportion		0.0018587360594795538	2151	0.002539948227875202	True	True	True
B_fisher_cells	RS_vs_SPC	59396	ENSMUSG00000005687	0.0001057588285422	0.0001460479060821	0.0714761532647545	delta_proportion		0.0018587360594795538	2151	0.002539948227875202	True	True	False
B_fisher_cells	RS_vs_SPC	47892	ENSMUSG00000025176	0.0001673603249486	0.0002299002358504	0.0944012515973391	delta_proportion		0.0018587360594795538	2151	0.002539948227875202	True	True	False
B_fisher_cells	RS_vs_SPC	115836	ENSMUSG00000020743	0.0001721859578255	0.0002352907591229	-0.067391304347826	delta_proportion		0.0018587360594795538	2151	0.002539948227875202	True	True	False
B_fisher_cells	RS_vs_SPC	179141	ENSMUSG00000094445	0.0002098833827425	0.0002853102234156	0.1461953583053256	delta_proportion		0.0023234200743494425	2151	0.003158399163568773	True	True	True
B_fisher_cells	RS_vs_SPC	14713	ENSMUSG00000069808	0.0002202256986343	0.0002978181727645	0.0372908622908623	delta_proportion		0.0027881040892193307	2151	0.003770441281275882	True	True	False
B_fisher_cells	RS_vs_SPC	160656	ENSMUSG00000070980	0.0003100451313755	0.0004171225736547	0.0257142857142856	delta_proportion		0.0032527881040892194	2151	0.004376173686429311	True	True	False
B_fisher_cells	RS_vs_SPC	57855	ENSMUSG00000048416	0.0006052023939977	0.0008100401273507	0.0347452934662236	delta_proportion		0.0060408921933085506	2151	0.00808550185873606	True	True	False
B_fisher_cells	RS_vs_SPC	193511	ENSMUSG00000079579	0.0006855230824241	0.0009128649209831	0.1752681900027897	delta_proportion		0.006970260223048327	2151	0.009281826113344967	True	True	True
B_fisher_cells	RS_vs_SPC	70644	ENSMUSG00000100704	0.0010246357429037	0.0013575123294308	0.164941080307881	delta_proportion		0.010687732342007435	2151	0.014159889041948938	True	True	True
B_fisher_cells	RS_vs_SPC	103265	ENSMUSG00000026592	0.0011763867515761	0.0015506916270775	0.1029780333185905	delta_proportion		0.011617100371747211	2151	0.015313450490030415	True	True	True
B_fisher_cells	RS_vs_SPC	51118	ENSMUSG00000027088	0.0017297812103748	0.0022687080196373	-0.033128698633925	delta_proportion		0.013940520446096654	2151	0.018192379182156132	True	True	False
B_fisher_cells	RS_vs_SPC	138689	ENSMUSG00000024033	0.0017873545083364	0.002332497633379	-0.0240480961923847	delta_proportion		0.013940520446096654	2151	0.018192379182156132	True	True	False
B_fisher_cells	RS_vs_SPC	115882	ENSMUSG00000016559	0.0019740488155704	0.0025633171187258	0.0198300283286119	delta_proportion		0.01533457249070632	2151	0.019912056816290297	True	True	False
B_fisher_cells	RS_vs_SPC	156647	ENSMUSG00000027927	0.0039442354253647	0.0050962645842584	0.0849778493757551	delta_proportion		0.02973977695167286	2151	0.0384261474474585	True	True	False
B_fisher_cells	RS_vs_SPC	64552	ENSMUSG00000078593	0.0045608654315435	0.0058639698405559	0.119047619047619	delta_proportion		0.031598513011152414	2151	0.040626659585767395	True	True	True
B_fisher_cells	RS_vs_SPC	69337	ENSMUSG00000067367	0.0064250546880385	0.0082202905567552	-0.0203252032520325	delta_proportion		0.03810408921933085	2151	0.04875082003061447	True	True	False
B_fisher_cells	RS_vs_SPC	14308	ENSMUSG00000020827	0.0071947581132407	0.0091601554514919	0.1258561643835616	delta_proportion		0.04275092936802974	2151	0.05442923202466225	True	False	True
B_fisher_cells	RS_vs_SPC	60540	ENSMUSG00000028156	0.0089521634454899	0.0113423041712275	0.1298965646159598	delta_proportion		0.047397769516728624	2151	0.05976240504283175	True	False	True
B_fisher_cells	RS_vs_SPC	21549	ENSMUSG00000021203	0.0091070970041567	0.0114828614400237	0.1172243672243672	delta_proportion		0.047397769516728624	2151	0.05976240504283175	True	False	True
B_fisher_cells	RS_vs_SPC	75186	ENSMUSG00000029766	0.0097877589355973	0.0122817552028409	0.1092436974789916	delta_proportion		0.04879182156133829	2151	0.061224353016871604	True	False	True
B_fisher_cells	RS_vs_SPC	77092	ENSMUSG00000048206	0.0128012189393648	0.0159862112113599	0.0857375713121435	delta_proportion		0.05855018587360595	2151	0.07311769623450312	True	False	False
B_fisher_cells	RS_vs_SPC	28622	ENSMUSG00000072145	0.0143583710445114	0.0178454040124642	0.0594582185491276	delta_proportion		0.0645910780669145	2151	0.08027748274030802	True	False	False
B_fisher_cells	RS_vs_SPC	69336	ENSMUSG00000067367	0.0165702630439009	0.020496865660939	-0.0196476964769647	delta_proportion		0.0724907063197026	2151	0.08966859881252312	True	False	False
B_fisher_cells	RS_vs_SPC	179769	ENSMUSG00000030544	0.0189138192782922	0.0232854095831805	-0.0224275965826662	delta_proportion		0.07713754646840149	2151	0.09496650768043768	True	False	False
B_fisher_cells	RS_vs_SPC	113255	ENSMUSG00000037278	0.0230168054432748	0.0282036911769705	-0.0139720558882235	delta_proportion		0.08410780669144981	2151	0.10306167862191737	True	False	False
B_fisher_cells	RS_vs_SPC	75184	ENSMUSG00000029766	0.0308086794885192	0.0375750717126332	0.0889992360580596	delta_proportion		0.10315985130111524	2151	0.12581645415696766	True	False	False
B_fisher_cells	RS_vs_SPC	139597	ENSMUSG00000118471	0.0315148182132294	0.0382575235053622	0.0766287511906953	delta_proportion		0.10641263940520446	2151	0.1291799948128296	True	False	False
B_fisher_cells	RS_vs_SPC	53477	ENSMUSG00000100963	0.0389081614605755	0.0470140284315287	0.0938481132634322	delta_proportion		0.1171003717472119	2151	0.14149628252788105	True	False	False
B_fisher_cells	RS_vs_SPC	41548	ENSMUSG00000021545	0.0399374662170366	0.048035385634316	0.0500072594528446	delta_proportion		0.11895910780669144	2151	0.14307984856012196	True	False	False
B_fisher_cells	RS_vs_SPC	133806	ENSMUSG00000043050	0.0460413281639401	0.0551228745449007	0.0142320892320891	delta_proportion		0.12964684014869887	2151	0.15521938201289176	False	False	False
B_fisher_cells	RS_vs_SPC	14307	ENSMUSG00000020827	0.0474102750885117	0.0565026566123359	0.0885740971357409	delta_proportion		0.133364312267658	2151	0.15894102968885268	False	False	False
B_fisher_cells	RS_vs_SPC	153594	ENSMUSG00000027496	0.0610274285090863	0.0724007220039615	-0.0169295115306397	delta_proportion		0.15613382899628253	2151	0.1852314971274079	False	False	False
B_fisher_cells	RS_vs_SPC	78597	ENSMUSG00000030161	0.0694342550260317	0.082001541003594	0.0478798457309489	delta_proportion		0.16821561338289961	2151	0.19776700492313873	False	False	False
B_fisher_cells	RS_vs_SPC	89959	ENSMUSG00000092329	0.0698957216492842	0.0821746997768612	0.0285207672881628	delta_proportion		0.16821561338289961	2151	0.19776700492313873	False	False	False
B_fisher_cells	RS_vs_SPC	60473	ENSMUSG00000037894	0.0736782228768882	0.0862332563716046	-0.0102459016393442	delta_proportion		0.17239776951672864	2151	0.2017749679097138	False	False	False
B_fisher_cells	RS_vs_SPC	14791	ENSMUSG00000037926	0.0764267567947096	0.0890508193009786	-0.0099403578528827	delta_proportion		0.17611524163568773	2151	0.20429368029739775	False	False	False
B_fisher_cells	RS_vs_SPC	21537	ENSMUSG00000043319	0.0768757286167625	0.0891758451954445	-0.0099206349206348	delta_proportion		0.17611524163568773	2151	0.20429368029739775	False	False	False
B_fisher_cells	RS_vs_SPC	33851	ENSMUSG00000022428	0.0866954625235012	0.1000859668449467	-0.0132972972972973	delta_proportion		0.19098513011152415	2151	0.21969159655644685	False	False	False
B_fisher_cells	RS_vs_SPC	179766	ENSMUSG00000030544	0.087431419312827	0.1000859668449467	0.0278061361560367	delta_proportion		0.19191449814126393	2151	0.21969159655644685	False	False	False
B_fisher_cells	RS_vs_SPC	21540	ENSMUSG00000043319	0.0871088062647551	0.1000859668449467	-0.0131629887727449	delta_proportion		0.19144981412639406	2151	0.21969159655644685	False	False	False
B_fisher_cells	RS_vs_SPC	100886	ENSMUSG00000026182	0.1122445457170013	0.1279293730661019	0.0187151437151437	delta_proportion		0.22026022304832713	2151	0.2510389441729842	False	False	False
B_fisher_cells	RS_vs_SPC	16465	ENSMUSG00000035530	0.1299566464793521	0.1474725423091779	0.0369905619905619	delta_proportion		0.23698884758364314	2151	0.2689308226927429	False	False	False
B_fisher_cells	RS_vs_SPC	8994	ENSMUSG00000020156	0.139271598396933	0.1573588189679632	-0.0081466395112016	delta_proportion		0.24628252788104088	2151	0.2782672717616956	False	False	False
B_fisher_cells	RS_vs_SPC	89827	ENSMUSG00000092329	0.1416156074542668	0.1593175583860502	-0.0079522862823061	delta_proportion		0.24953531598513012	2151	0.2807272304832714	False	False	False
B_fisher_cells	RS_vs_SPC	75185	ENSMUSG00000029766	0.1798146494872629	0.2014232768934575	0.0515660809778456	delta_proportion		0.2857806691449814	2151	0.32012341050145987	False	False	False
B_fisher_cells	RS_vs_SPC	70431	ENSMUSG00000036323	0.188988072877428	0.2107943889786697	0.0579166666666666	delta_proportion		0.29879182156133827	2151	0.33326780097226194	False	False	False
B_fisher_cells	RS_vs_SPC	108806	ENSMUSG00000074748	0.2275247343554654	0.2526976836884105	-0.0086609336609336	delta_proportion		0.33317843866171004	2151	0.3700407340030056	False	False	False
B_fisher_cells	RS_vs_SPC	133811	ENSMUSG00000043050	0.233217042718001	0.2579222379211791	0.0386100386100386	delta_proportion		0.3396840148698885	2151	0.3756674910213597	False	False	False
B_fisher_cells	RS_vs_SPC	133807	ENSMUSG00000043050	0.2350861632520476	0.2588923569990905	0.0413878163878164	delta_proportion		0.3420074349442379	2151	0.37664109924238864	False	False	False
B_fisher_cells	RS_vs_SPC	184890	ENSMUSG00000090137	0.2453615822101756	0.2690729956170414	0.0069827609684358	delta_proportion		0.34944237918215615	2151	0.38321202086782674	False	False	False
B_fisher_cells	RS_vs_SPC	116188	ENSMUSG00000062825	0.2650282342575658	0.2894241386662119	-0.0060483870967742	delta_proportion		0.3722118959107807	2151	0.4064740787979655	False	False	False
B_fisher_cells	RS_vs_SPC	144966	ENSMUSG00000024654	0.2663447055477728	0.2896498672832028	-0.0059760956175298	delta_proportion		0.3754646840148699	2151	0.408317843866171	False	False	False
B_fisher_cells	RS_vs_SPC	104291	ENSMUSG00000060743	0.2803430341298888	0.3036080162153567	0.0101946856090503	delta_proportion		0.38661710037174724	2151	0.41870150704160175	False	False	False
B_fisher_cells	RS_vs_SPC	16467	ENSMUSG00000035530	0.3099953296065715	0.3343338058979965	0.0104354354354354	delta_proportion		0.4103159851301115	2151	0.4425308765246245	False	False	False
B_fisher_cells	RS_vs_SPC	112532	ENSMUSG00000041165	0.397799696713693	0.4272663409147073	0.0448275862068965	delta_proportion		0.48187732342007433	2151	0.5175719399697095	False	False	False
B_fisher_cells	RS_vs_SPC	133817	ENSMUSG00000038015	0.3996531540917902	0.4274978410572019	-0.0124839124839125	delta_proportion		0.48420074349442377	2151	0.5179360411969042	False	False	False
B_fisher_cells	RS_vs_SPC	53478	ENSMUSG00000100963	0.4904079192795679	0.5224345589059887	0.0238729933060837	delta_proportion		0.5613382899628253	2151	0.5979971170624383	False	False	False
B_fisher_cells	RS_vs_SPC	179142	ENSMUSG00000094445	0.5052056332858152	0.5360108548276333	0.0240354541502771	delta_proportion		0.5710966542750929	2151	0.605919620999184	False	False	False
B_fisher_cells	RS_vs_SPC	21539	ENSMUSG00000043319	0.5113969545067625	0.5382040529284879	-0.0039682539682539	delta_proportion		0.5776022304832714	2151	0.6078797667586042	False	False	False
B_fisher_cells	RS_vs_SPC	120021	ENSMUSG00000021270	0.5111939418245298	0.5382040529284879	-0.0039682539682539	delta_proportion		0.5776022304832714	2151	0.6078797667586042	False	False	False
B_fisher_cells	RS_vs_SPC	89958	ENSMUSG00000092329	0.5158651375611265	0.5407261080460001	0.0213314706356455	delta_proportion		0.5803903345724907	2151	0.6083609531061046	False	False	False
B_fisher_cells	RS_vs_SPC	133818	ENSMUSG00000038015	0.6621235640858674	0.6912570009056456	-0.0133633633633633	delta_proportion		0.6895910780669146	2151	0.7199330855018589	False	False	False
B_fisher_cells	RS_vs_SPC	64551	ENSMUSG00000078593	0.9006576174600516	0.9365403910640376	0.0038665038665038	delta_proportion		0.8503717472118959	2151	0.8842510996904575	False	False	False
B_fisher_cells	RS_vs_SPC	188683	ENSMUSG00000001948	1.0	1.0	0.0	delta_proportion		1.0	2151	1.0	False	False	False
B_fisher_cells	RS_vs_SPC	16466	ENSMUSG00000035530	1.0	1.0	0.0007185757185756	delta_proportion		1.0	2151	1.0	False	False	False
B_fisher_cells	RS_vs_SPC	133823	ENSMUSG00000022501	1.0	1.0	0.0	delta_proportion		1.0	2151	1.0	False	False	False
B_fisher_cells	RS_vs_SPC	133816	ENSMUSG00000038015	1.0	1.0	0.0	delta_proportion		1.0	2151	1.0	False	False	False
B_fisher_cells	RS_vs_SPC	133821	ENSMUSG00000022501	1.0	1.0	0.0	delta_proportion		1.0	2151	1.0	False	False	False
B_fisher_cells	RS_vs_SPC	133822	ENSMUSG00000022501	1.0	1.0	-0.0012655512655512	delta_proportion		1.0	2151	1.0	False	False	False
B_fisher_cells	RS_vs_SPC	133809	ENSMUSG00000043050	1.0	1.0	0.0014371514371513	delta_proportion		1.0	2151	1.0	False	False	False
B_fisher_cells	RS_vs_SPC	158547	ENSMUSG00000090202	1.0	1.0	-0.0008394317692639	delta_proportion		1.0	2151	1.0	False	False	False
B_fisher_cells	RS_vs_SPC	14712	ENSMUSG00000069808	1.0	1.0	0.0	delta_proportion		1.0	2151	1.0	False	False	False
B_fisher_cells	RS_vs_SPC	100884	ENSMUSG00000026182	1.0	1.0	0.0	delta_proportion		1.0	2151	1.0	False	False	False
C_nb_pairwise	ES_vs_RS	6144	ENSMUSG00000057072	0.0	0.0	4.792563497079749	log2fc	0.2940729826147133	8.33472245374229e-05	11997	9.808445480926586e-05	True	True	True
C_nb_pairwise	ES_vs_RS	141312	ENSMUSG00000063889	0.0	0.0	4.267191331620415	log2fc	0.1507068920164411	8.33472245374229e-05	11997	9.808445480926586e-05	True	True	True
C_nb_pairwise	ES_vs_RS	59395	ENSMUSG00000005687	0.0	0.0	3.94566811423486	log2fc	0.3235296115524153	8.33472245374229e-05	11997	9.808445480926586e-05	True	True	True
C_nb_pairwise	ES_vs_RS	39223	ENSMUSG00000023873	0.0	0.0	4.4491615920912055	log2fc	0.5131523904791101	8.33472245374229e-05	11997	9.808445480926586e-05	True	True	True
C_nb_pairwise	ES_vs_RS	73531	ENSMUSG00000029723	0.0	0.0	5.572985048207396	log2fc	0.2454193557954111	8.33472245374229e-05	11997	9.808445480926586e-05	True	True	True
C_nb_pairwise	ES_vs_RS	136993	ENSMUSG00000004945	0.0	0.0	3.146653523285336	log2fc	0.2504888114390488	8.33472245374229e-05	11997	9.808445480926586e-05	True	True	True
C_nb_pairwise	ES_vs_RS	182051	ENSMUSG00000030849	0.0	0.0	4.271758234261825	log2fc	0.4459137013938582	8.33472245374229e-05	11997	9.808445480926586e-05	True	True	True
C_nb_pairwise	ES_vs_RS	85820	ENSMUSG00000095294	0.0	0.0	5.697154782915906	log2fc	0.0001	8.33472245374229e-05	11997	9.808445480926586e-05	True	True	True
C_nb_pairwise	ES_vs_RS	182135	ENSMUSG00000030976	0.0	0.0	5.754777558651614	log2fc	0.2195113968061565	8.33472245374229e-05	11997	9.808445480926586e-05	True	True	True
C_nb_pairwise	ES_vs_RS	104292	ENSMUSG00000060743	0.0	0.0	4.276522022402256	log2fc	0.1112716816800399	8.33472245374229e-05	11997	9.808445480926586e-05	True	True	True
C_nb_pairwise	ES_vs_RS	104291	ENSMUSG00000060743	0.0	0.0	4.120789240700138	log2fc	0.1266537367452302	8.33472245374229e-05	11997	9.808445480926586e-05	True	True	True
C_nb_pairwise	ES_vs_RS	11800	ENSMUSG00000071866	0.0	0.0	3.200590815716958	log2fc	0.3230605353383508	8.33472245374229e-05	11997	9.808445480926586e-05	True	True	True
C_nb_pairwise	ES_vs_RS	133456	ENSMUSG00000053508	0.0	0.0	6.150262307522551	log2fc	0.6649693786071419	8.33472245374229e-05	11997	9.808445480926586e-05	True	True	True
C_nb_pairwise	ES_vs_RS	43397	ENSMUSG00000024430	0.0	0.0	4.512556982328154	log2fc	0.2941426954227332	8.33472245374229e-05	11997	9.808445480926586e-05	True	True	True
C_nb_pairwise	ES_vs_RS	22888	ENSMUSG00000085861	0.0	0.0	5.611887483592576	log2fc	0.1908319667179129	8.33472245374229e-05	11997	9.808445480926586e-05	True	True	True
C_nb_pairwise	ES_vs_RS	35168	ENSMUSG00000063971	0.0	0.0	4.963135132846346	log2fc	0.2992060237789406	8.33472245374229e-05	11997	9.808445480926586e-05	True	True	True
C_nb_pairwise	ES_vs_RS	28057	ENSMUSG00000078127	0.0	0.0	3.1756422432772364	log2fc	0.3430365984646776	8.33472245374229e-05	11997	9.808445480926586e-05	True	True	True
C_nb_pairwise	ES_vs_RS	14791	ENSMUSG00000037926	0.0	0.0	4.389655984910317	log2fc	0.4389163637595304	8.33472245374229e-05	11997	9.808445480926586e-05	True	True	True
C_nb_pairwise	ES_vs_RS	115110	ENSMUSG00000020945	0.0	0.0	5.326533884061547	log2fc	0.3078224569137741	8.33472245374229e-05	11997	9.808445480926586e-05	True	True	True
C_nb_pairwise	ES_vs_RS	113255	ENSMUSG00000037278	0.0	0.0	4.0784805775654505	log2fc	0.7023351052352221	8.33472245374229e-05	11997	9.808445480926586e-05	True	True	True
C_nb_pairwise	ES_vs_RS	133806	ENSMUSG00000043050	0.0	0.0	-2.525833406556369	log2fc	0.3471136105405064	8.33472245374229e-05	11997	9.808445480926586e-05	True	True	True
C_nb_pairwise	ES_vs_RS	133809	ENSMUSG00000043050	0.0	0.0	-3.062431371450207	log2fc	0.6011767850526293	8.33472245374229e-05	11997	9.808445480926586e-05	True	True	True
C_nb_pairwise	ES_vs_RS	133817	ENSMUSG00000038015	0.0	0.0	-2.949587198297693	log2fc	0.4928319805729594	8.33472245374229e-05	11997	9.808445480926586e-05	True	True	True
C_nb_pairwise	ES_vs_RS	158266	ENSMUSG00000012042	0.0	0.0	4.853251622528573	log2fc	0.47372411600241	8.33472245374229e-05	11997	9.808445480926586e-05	True	True	True
C_nb_pairwise	ES_vs_RS	57855	ENSMUSG00000048416	0.0	0.0	2.5250333027588385	log2fc	0.1169830272268983	8.33472245374229e-05	11997	9.808445480926586e-05	True	True	True
C_nb_pairwise	ES_vs_RS	178696	ENSMUSG00000038782	0.0	0.0	3.0478880734427767	log2fc	0.2852926330028103	8.33472245374229e-05	11997	9.808445480926586e-05	True	True	True
C_nb_pairwise	ES_vs_RS	100884	ENSMUSG00000026182	0.0	0.0	-2.6067359468618747	log2fc	0.4517396978476902	8.33472245374229e-05	11997	9.808445480926586e-05	True	True	True
C_nb_pairwise	ES_vs_RS	193782	ENSMUSG00000035522	0.0	0.0	3.708458390894685	log2fc	0.3612752006560873	8.33472245374229e-05	11997	9.808445480926586e-05	True	True	True
C_nb_pairwise	ES_vs_RS	126636	ENSMUSG00000095226	0.0	0.0	5.33322431339788	log2fc	0.7655823615817735	8.33472245374229e-05	11997	9.808445480926586e-05	True	True	True
C_nb_pairwise	ES_vs_RS	91384	ENSMUSG00000040541	0.0	0.0	4.655071205279757	log2fc	0.2266057843198586	8.33472245374229e-05	11997	9.808445480926586e-05	True	True	True
C_nb_pairwise	ES_vs_RS	85662	ENSMUSG00000096265	0.0	0.0	5.67452340977209	log2fc	0.0001	8.33472245374229e-05	11997	9.808445480926586e-05	True	True	True
C_nb_pairwise	ES_vs_RS	148935	ENSMUSG00000026766	0.0	0.0	3.82882289884084	log2fc	0.2096176546652635	8.33472245374229e-05	11997	9.808445480926586e-05	True	True	True
C_nb_pairwise	ES_vs_RS	84568	ENSMUSG00000030859	0.0	0.0	4.955023453303081	log2fc	0.26127701114674	8.33472245374229e-05	11997	9.808445480926586e-05	True	True	True
C_nb_pairwise	ES_vs_RS	33372	ENSMUSG00000068391	0.0	0.0	3.9919316476663753	log2fc	0.3233523880509825	8.33472245374229e-05	11997	9.808445480926586e-05	True	True	True
C_nb_pairwise	ES_vs_RS	55922	ENSMUSG00000047841	0.0	0.0	4.895768188619846	log2fc	0.2195856537386647	8.33472245374229e-05	11997	9.808445480926586e-05	True	True	True
C_nb_pairwise	ES_vs_RS	133823	ENSMUSG00000022501	0.0	0.0	-3.1873483490428933	log2fc	0.4457515745910209	8.33472245374229e-05	11997	9.808445480926586e-05	True	True	True
C_nb_pairwise	ES_vs_RS	133821	ENSMUSG00000022501	0.0	0.0	-2.8943399436644985	log2fc	0.2521314286871748	8.33472245374229e-05	11997	9.808445480926586e-05	True	True	True
C_nb_pairwise	ES_vs_RS	133818	ENSMUSG00000038015	0.0	0.0	-2.8504551832478597	log2fc	0.3052099237211035	8.33472245374229e-05	11997	9.808445480926586e-05	True	True	True
C_nb_pairwise	ES_vs_RS	133816	ENSMUSG00000038015	0.0	0.0	-2.703392572629746	log2fc	0.312412580981062	8.33472245374229e-05	11997	9.808445480926586e-05	True	True	True
C_nb_pairwise	ES_vs_RS	81500	ENSMUSG00000063229	0.0	0.0	2.994342830726989	log2fc	0.2569460985156169	8.33472245374229e-05	11997	9.808445480926586e-05	True	True	True
C_nb_pairwise	ES_vs_RS	79035	ENSMUSG00000067338	0.0	0.0	4.490541836313649	log2fc	0.5826800646442183	8.33472245374229e-05	11997	9.808445480926586e-05	True	True	True
C_nb_pairwise	ES_vs_RS	120021	ENSMUSG00000021270	0.0	0.0	4.274740558208168	log2fc	0.469446253689896	8.33472245374229e-05	11997	9.808445480926586e-05	True	True	True
C_nb_pairwise	ES_vs_RS	133822	ENSMUSG00000022501	0.0	0.0	-3.0826247193040137	log2fc	0.4088839048541431	8.33472245374229e-05	11997	9.808445480926586e-05	True	True	True
C_nb_pairwise	ES_vs_RS	21539	ENSMUSG00000043319	0.0	0.0	3.841591332392959	log2fc	0.4536881237634698	8.33472245374229e-05	11997	9.808445480926586e-05	True	True	True
C_nb_pairwise	ES_vs_RS	5287	ENSMUSG00000026649	0.0	0.0	3.0545415130994966	log2fc	0.1393516931215082	8.33472245374229e-05	11997	9.808445480926586e-05	True	True	True
C_nb_pairwise	ES_vs_RS	115882	ENSMUSG00000016559	0.0	0.0	4.837960519747704	log2fc	0.2379595215535437	8.33472245374229e-05	11997	9.808445480926586e-05	True	True	True
C_nb_pairwise	ES_vs_RS	82736	ENSMUSG00000044362	0.0	0.0	5.5722102799583615	log2fc	0.215737230014374	8.33472245374229e-05	11997	9.808445480926586e-05	True	True	True
C_nb_pairwise	ES_vs_RS	187200	ENSMUSG00000006589	0.0	0.0	4.10450203069151	log2fc	0.6453854554397161	8.33472245374229e-05	11997	9.808445480926586e-05	True	True	True
C_nb_pairwise	ES_vs_RS	5267	ENSMUSG00000042800	0.0	0.0	3.793327918875792	log2fc	0.5026829696656242	8.33472245374229e-05	11997	9.808445480926586e-05	True	True	True
C_nb_pairwise	ES_vs_RS	5268	ENSMUSG00000042800	0.0	0.0	3.602269905521392	log2fc	0.3429364564156441	8.33472245374229e-05	11997	9.808445480926586e-05	True	True	True
C_nb_pairwise	ES_vs_RS	40073	ENSMUSG00000024175	0.0	0.0	5.003737169217687	log2fc	0.1756241100075726	8.33472245374229e-05	11997	9.808445480926586e-05	True	True	True
C_nb_pairwise	ES_vs_RS	156831	ENSMUSG00000105734	0.0	0.0	4.744862354326403	log2fc	0.2478362520245534	8.33472245374229e-05	11997	9.808445480926586e-05	True	True	True
C_nb_pairwise	ES_vs_RS	162902	ENSMUSG00000028845	0.0	0.0	5.003220052566235	log2fc	0.142139664434159	8.33472245374229e-05	11997	9.808445480926586e-05	True	True	True
C_nb_pairwise	ES_vs_RS	69337	ENSMUSG00000067367	0.0	0.0	4.744458875051233	log2fc	0.5531049110863567	8.33472245374229e-05	11997	9.808445480926586e-05	True	True	True
C_nb_pairwise	ES_vs_RS	20217	ENSMUSG00000059970	0.0	0.0	4.122842622204499	log2fc	0.4569909121906373	8.33472245374229e-05	11997	9.808445480926586e-05	True	True	True
C_nb_pairwise	ES_vs_RS	126682	ENSMUSG00000095528	0.0	0.0	5.302701703484335	log2fc	0.7793289445851215	8.33472245374229e-05	11997	9.808445480926586e-05	True	True	True
C_nb_pairwise	ES_vs_RS	126668	ENSMUSG00000095384	0.0	0.0	5.301836081148598	log2fc	0.791113792546618	8.33472245374229e-05	11997	9.808445480926586e-05	True	True	True
C_nb_pairwise	ES_vs_RS	175795	ENSMUSG00000067702	0.0	0.0	4.449332787841908	log2fc	0.5876555282073814	8.33472245374229e-05	11997	9.808445480926586e-05	True	True	True
C_nb_pairwise	ES_vs_RS	126604	ENSMUSG00000091792	0.0	0.0	5.21994646082423	log2fc	0.7589600305715817	8.33472245374229e-05	11997	9.808445480926586e-05	True	True	True
C_nb_pairwise	ES_vs_RS	126590	ENSMUSG00000093945	0.0	0.0	5.300920746225774	log2fc	0.7667595231586112	8.33472245374229e-05	11997	9.808445480926586e-05	True	True	True
C_nb_pairwise	ES_vs_RS	126581	ENSMUSG00000114852	0.0	0.0	5.303242243684197	log2fc	0.7795036675073121	8.33472245374229e-05	11997	9.808445480926586e-05	True	True	True
C_nb_pairwise	ES_vs_RS	157302	ENSMUSG00000027905	0.0	0.0	3.1894983167297952	log2fc	0.2506482436191659	8.33472245374229e-05	11997	9.808445480926586e-05	True	True	True
C_nb_pairwise	ES_vs_RS	126570	ENSMUSG00000079269	0.0	0.0	5.167359126460562	log2fc	0.7535356264648011	8.33472245374229e-05	11997	9.808445480926586e-05	True	True	True
C_nb_pairwise	ES_vs_RS	126561	ENSMUSG00000090505	0.0	0.0	5.380125091993795	log2fc	0.6742483829846239	8.33472245374229e-05	11997	9.808445480926586e-05	True	True	True
C_nb_pairwise	ES_vs_RS	21540	ENSMUSG00000043319	0.0	0.0	3.628694776656772	log2fc	0.4198835140917658	8.33472245374229e-05	11997	9.808445480926586e-05	True	True	True
C_nb_pairwise	ES_vs_RS	152637	ENSMUSG00000074656	0.0	0.0	4.321228400744331	log2fc	0.748173486709498	8.33472245374229e-05	11997	9.808445480926586e-05	True	True	True
C_nb_pairwise	ES_vs_RS	33852	ENSMUSG00000022427	0.0	0.0	4.376717252875116	log2fc	0.495851599007048	8.33472245374229e-05	11997	9.808445480926586e-05	True	True	True
C_nb_pairwise	ES_vs_RS	33851	ENSMUSG00000022428	0.0	0.0	4.494034567750847	log2fc	0.5895752186361908	8.33472245374229e-05	11997	9.808445480926586e-05	True	True	True
C_nb_pairwise	ES_vs_RS	160656	ENSMUSG00000070980	0.0	0.0	3.5380410055665727	log2fc	0.232625257452891	8.33472245374229e-05	11997	9.808445480926586e-05	True	True	True
C_nb_pairwise	ES_vs_RS	41875	ENSMUSG00000007603	0.0	0.0	4.624650622480856	log2fc	0.3867796961393496	8.33472245374229e-05	11997	9.808445480926586e-05	True	True	True
C_nb_pairwise	ES_vs_RS	88950	ENSMUSG00000035785	0.0	0.0	2.427281203287578	log2fc	0.2227943875796759	8.33472245374229e-05	11997	9.808445480926586e-05	True	True	True
C_nb_pairwise	ES_vs_RS	15276	ENSMUSG00000035085	0.0	0.0	4.05906332381707	log2fc	0.3157834069797166	8.33472245374229e-05	11997	9.808445480926586e-05	True	True	True
C_nb_pairwise	ES_vs_RS	145435	ENSMUSG00000033053	0.0	0.0	5.032462545599032	log2fc	0.0980970616934512	8.33472245374229e-05	11997	9.808445480926586e-05	True	True	True
C_nb_pairwise	ES_vs_RS	1019	ENSMUSG00000026083	0.0	0.0	5.175302378255855	log2fc	0.2723644002298678	8.33472245374229e-05	11997	9.808445480926586e-05	True	True	True
C_nb_pairwise	ES_vs_RS	21537	ENSMUSG00000043319	0.0	0.0	3.9696492073633816	log2fc	0.5325642801909138	8.33472245374229e-05	11997	9.808445480926586e-05	True	True	True
C_nb_pairwise	ES_vs_RS	55486	ENSMUSG00000027502	0.0	0.0	4.315792514407608	log2fc	0.5165250118133637	8.33472245374229e-05	11997	9.808445480926586e-05	True	True	True
C_nb_pairwise	ES_vs_RS	24859	ENSMUSG00000021534	0.0	0.0	3.584876219440128	log2fc	0.1918285373184206	8.33472245374229e-05	11997	9.808445480926586e-05	True	True	True
C_nb_pairwise	ES_vs_RS	22706	ENSMUSG00000021326	0.0	0.0	4.639249305869552	log2fc	0.3376031402644645	8.33472245374229e-05	11997	9.808445480926586e-05	True	True	True
C_nb_pairwise	ES_vs_RS	176397	ENSMUSG00000041540	0.0	0.0	4.537744391794791	log2fc	0.3408619552169314	8.33472245374229e-05	11997	9.808445480926586e-05	True	True	True
C_nb_pairwise	ES_vs_RS	55552	ENSMUSG00000027518	0.0	0.0	2.44422734529987	log2fc	0.190852580645703	8.33472245374229e-05	11997	9.808445480926586e-05	True	True	True
C_nb_pairwise	ES_vs_RS	81902	ENSMUSG00000075701	0.0	0.0	4.480344081765466	log2fc	0.4753707790388382	8.33472245374229e-05	11997	9.808445480926586e-05	True	True	True
C_nb_pairwise	ES_vs_RS	161821	ENSMUSG00000028610	0.0	0.0	3.821789961534224	log2fc	0.3193032198926678	8.33472245374229e-05	11997	9.808445480926586e-05	True	True	True
C_nb_pairwise	ES_vs_RS	8994	ENSMUSG00000020156	1.26123367548175e-309	9.10215628450084e-309	4.647690628217889	log2fc	0.7621862193129587	8.33472245374229e-05	11997	9.808445480926586e-05	True	True	True
C_nb_pairwise	ES_vs_RS	92274	ENSMUSG00000040188	4.815930779879725e-309	3.434217306128518e-308	4.390505312765853	log2fc	0.3648481860606264	8.33472245374229e-05	11997	9.808445480926586e-05	True	True	True
C_nb_pairwise	ES_vs_RS	140592	ENSMUSG00000024067	1.0253004349893214e-308	7.225352477160042e-308	2.9574790188932334	log2fc	0.2679241318488972	8.33472245374229e-05	11997	9.808445480926586e-05	True	True	True
C_nb_pairwise	ES_vs_RS	60058	ENSMUSG00000028124	4.156700776254938e-307	2.8951904243915204e-306	3.2499447122517093	log2fc	0.2904338269246449	8.33472245374229e-05	11997	9.808445480926586e-05	True	True	True
C_nb_pairwise	ES_vs_RS	109351	ENSMUSG00000020124	5.555374988639411e-307	3.8249076071206974e-306	3.793114033619165	log2fc	0.2064554801391631	8.33472245374229e-05	11997	9.808445480926586e-05	True	True	True
C_nb_pairwise	ES_vs_RS	9504	ENSMUSG00000047129	6.304081254350664e-305	4.291073490177327e-304	4.396387237193358	log2fc	0.3661709451013862	8.33472245374229e-05	11997	9.808445480926586e-05	True	True	True
C_nb_pairwise	ES_vs_RS	89768	ENSMUSG00000031831	7.863265149560237e-305	5.2922424995354856e-304	3.0279754162751207	log2fc	0.2830606729087848	8.33472245374229e-05	11997	9.808445480926586e-05	True	True	True
C_nb_pairwise	ES_vs_RS	178930	ENSMUSG00000070563	7.036658376692356e-300	4.6832870751541346e-299	3.9159927396874408	log2fc	0.5389352865552467	8.33472245374229e-05	11997	9.808445480926586e-05	True	True	True
C_nb_pairwise	ES_vs_RS	49197	ENSMUSG00000037708	4.308136749257925e-298	2.835795508577469e-297	5.961343905691719	log2fc	0.3768241726535924	8.33472245374229e-05	11997	9.808445480926586e-05	True	True	True
C_nb_pairwise	ES_vs_RS	145709	ENSMUSG00000052920	4.43904940768778e-295	2.8902071687010656e-294	4.36146382456647	log2fc	0.3645348256683307	8.33472245374229e-05	11997	9.808445480926586e-05	True	True	True
C_nb_pairwise	ES_vs_RS	29311	ENSMUSG00000007591	8.52174296471338e-295	5.488735522433671e-294	4.125588649636706	log2fc	0.2318117701267745	8.33472245374229e-05	11997	9.808445480926586e-05	True	True	True
C_nb_pairwise	ES_vs_RS	49478	ENSMUSG00000026965	3.562565050746171e-294	2.2701877291456986e-293	2.830507457215253	log2fc	0.2523486966938264	8.33472245374229e-05	11997	9.808445480926586e-05	True	True	True
C_nb_pairwise	ES_vs_RS	122372	ENSMUSG00000021552	2.9472275356638823e-290	1.8583045198554373e-289	4.587046529242251	log2fc	0.5144046057661146	8.33472245374229e-05	11997	9.808445480926586e-05	True	True	True
C_nb_pairwise	ES_vs_RS	69336	ENSMUSG00000067367	3.5101352561823585e-289	2.190178144222117e-288	4.537872990992824	log2fc	0.6129300017903873	8.33472245374229e-05	11997	9.808445480926586e-05	True	True	True
C_nb_pairwise	ES_vs_RS	186067	ENSMUSG00000048400	3.780928394179008e-288	2.3348207300136345e-287	2.495812052429049	log2fc	0.3083243249607482	8.33472245374229e-05	11997	9.808445480926586e-05	True	True	True
C_nb_pairwise	ES_vs_RS	84060	ENSMUSG00000030779	6.0962297994978995e-286	3.7261649488767775e-285	2.934061740031518	log2fc	0.394017466813059	8.33472245374229e-05	11997	9.808445480926586e-05	True	True	True
C_nb_pairwise	ES_vs_RS	176521	ENSMUSG00000040163	1.3746386855369034e-284	8.317258309460656e-284	3.8027047118021353	log2fc	0.3377981509469203	8.33472245374229e-05	11997	9.808445480926586e-05	True	True	True
C_nb_pairwise	ES_vs_RS	88619	ENSMUSG00000031762	9.223163558364657e-278	5.524674971460428e-277	4.220270461645952	log2fc	0.6401038286007837	8.33472245374229e-05	11997	9.808445480926586e-05	True	True	True
C_nb_pairwise	ES_vs_RS	81620	ENSMUSG00000055409	5.313474862430559e-277	3.1512588540553515e-276	5.072606238055517	log2fc	0.3196867729263895	8.33472245374229e-05	11997	9.808445480926586e-05	True	True	True
C_nb_pairwise	ES_vs_RS	171546	ENSMUSG00000095040	5.2316635704857605e-276	3.072320077177422e-275	3.234512235004709	log2fc	0.1582432819644572	8.33472245374229e-05	11997	9.808445480926586e-05	True	True	True
C_nb_pairwise	ES_vs_RS	50733	ENSMUSG00000026960	6.321625143606004e-276	3.676362583514559e-275	4.283672832088608	log2fc	0.3233032082281903	8.33472245374229e-05	11997	9.808445480926586e-05	True	True	True
C_nb_pairwise	ES_vs_RS	39155	ENSMUSG00000073471	3.6028626582079997e-274	2.0751103194871078e-273	2.979443012843316	log2fc	0.4453041272587854	8.33472245374229e-05	11997	9.808445480926586e-05	True	True	True
C_nb_pairwise	ES_vs_RS	133811	ENSMUSG00000043050	4.265640150182212e-274	2.4334461428182333e-273	-3.052047033677145	log2fc	0.5873056624396142	8.33472245374229e-05	11997	9.808445480926586e-05	True	True	True
C_nb_pairwise	ES_vs_RS	110895	ENSMUSG00000040594	1.315070858572044e-272	7.431390983817493e-272	4.437799444268694	log2fc	0.1937539148461172	8.33472245374229e-05	11997	9.808445480926586e-05	True	True	True
C_nb_pairwise	ES_vs_RS	54371	ENSMUSG00000074673	4.808392713390805e-270	2.6918011545056938e-269	2.908295068016149	log2fc	0.2743677145661218	8.33472245374229e-05	11997	9.808445480926586e-05	True	True	True
C_nb_pairwise	ES_vs_RS	59396	ENSMUSG00000005687	1.0463617683082682e-269	5.8034324001541906e-269	3.8328368449856978	log2fc	0.1877944076021359	8.33472245374229e-05	11997	9.808445480926586e-05	True	True	True
C_nb_pairwise	ES_vs_RS	60473	ENSMUSG00000037894	9.799252361613192e-268	5.385093728996608e-267	4.048781393636974	log2fc	0.8227968134770519	8.33472245374229e-05	11997	9.808445480926586e-05	True	True	True
C_nb_pairwise	ES_vs_RS	100886	ENSMUSG00000026182	2.0655659710449238e-267	1.1247945605962807e-266	-2.6683278948403943	log2fc	0.5464253826864816	8.33472245374229e-05	11997	9.808445480926586e-05	True	True	True
C_nb_pairwise	ES_vs_RS	179142	ENSMUSG00000094445	1.85912750303002e-266	1.003258895779263e-265	-2.759310562347459	log2fc	0.4008477622166694	8.33472245374229e-05	11997	9.808445480926586e-05	True	True	True
C_nb_pairwise	ES_vs_RS	133810	ENSMUSG00000043050	2.207265973433457e-266	1.1804931411487863e-265	-2.99903836427378	log2fc	0.5308577422844049	8.33472245374229e-05	11997	9.808445480926586e-05	True	True	True
C_nb_pairwise	ES_vs_RS	89827	ENSMUSG00000092329	6.229691047731734e-265	3.3022875553905393e-264	2.8090033468043734	log2fc	0.3411138924657229	8.33472245374229e-05	11997	9.808445480926586e-05	True	True	True
C_nb_pairwise	ES_vs_RS	67473	ENSMUSG00000014529	3.586688144121004e-264	1.884584384498668e-263	4.7525778447436	log2fc	0.7281846332498136	8.33472245374229e-05	11997	9.808445480926586e-05	True	True	True
C_nb_pairwise	ES_vs_RS	83020	ENSMUSG00000035165	5.939437329661027e-263	3.093672139536483e-262	4.18422721684452	log2fc	0.3459956830850947	8.33472245374229e-05	11997	9.808445480926586e-05	True	True	True
C_nb_pairwise	ES_vs_RS	110830	ENSMUSG00000044056	4.499383037360128e-262	2.323388309809238e-261	4.0900548669727	log2fc	0.1917081124316566	8.33472245374229e-05	11997	9.808445480926586e-05	True	True	True
C_nb_pairwise	ES_vs_RS	64551	ENSMUSG00000078593	2.461699152599873e-261	1.2603058054763452e-260	-2.692091370465785	log2fc	0.4361446280437191	8.33472245374229e-05	11997	9.808445480926586e-05	True	True	True
C_nb_pairwise	ES_vs_RS	132219	ENSMUSG00000063480	3.185165188194107e-260	1.6168762268883645e-259	4.615368480880028	log2fc	0.3729421040285428	8.33472245374229e-05	11997	9.808445480926586e-05	True	True	True
C_nb_pairwise	ES_vs_RS	30069	ENSMUSG00000044186	4.5086584425236904e-260	2.2694843756904962e-259	3.9263003064917856	log2fc	0.3723246439725196	8.33472245374229e-05	11997	9.808445480926586e-05	True	True	True
C_nb_pairwise	ES_vs_RS	74754	ENSMUSG00000041301	1.426728513436951e-259	7.121753162906114e-259	4.476934213009621	log2fc	0.7391914544537386	8.33472245374229e-05	11997	9.808445480926586e-05	True	True	True
C_nb_pairwise	ES_vs_RS	91271	ENSMUSG00000032110	7.952193474620616e-259	3.936664372973346e-258	4.30202580000083	log2fc	0.5101946100771694	8.33472245374229e-05	11997	9.808445480926586e-05	True	True	True
C_nb_pairwise	ES_vs_RS	180836	ENSMUSG00000059031	2.196690294242366e-258	1.0785389231567029e-257	4.570842163251623	log2fc	0.1919796901038869	8.33472245374229e-05	11997	9.808445480926586e-05	True	True	True
C_nb_pairwise	ES_vs_RS	80141	ENSMUSG00000040424	2.1989840652766502e-256	1.0708873618704988e-255	4.56882006906742	log2fc	0.3281829049767724	8.33472245374229e-05	11997	9.808445480926586e-05	True	True	True
C_nb_pairwise	ES_vs_RS	133807	ENSMUSG00000043050	7.737886879099346e-256	3.737898581113313e-255	-2.764247373844565	log2fc	0.412226647110863	8.33472245374229e-05	11997	9.808445480926586e-05	True	True	True
C_nb_pairwise	ES_vs_RS	79372	ENSMUSG00000013091	1.4641854446353244e-255	7.016376650692473e-255	3.783852349379393	log2fc	0.3953602793981375	8.33472245374229e-05	11997	9.808445480926586e-05	True	True	True
C_nb_pairwise	ES_vs_RS	34716	ENSMUSG00000036167	1.5116937450263947e-254	7.18654407357786e-254	5.835035200725141	log2fc	0.2837404189600445	8.33472245374229e-05	11997	9.808445480926586e-05	True	True	True
C_nb_pairwise	ES_vs_RS	137163	ENSMUSG00000023806	4.4261093490064935e-254	2.0875901575235352e-253	2.934304261005246	log2fc	0.4405433209368175	8.33472245374229e-05	11997	9.808445480926586e-05	True	True	True
C_nb_pairwise	ES_vs_RS	179960	ENSMUSG00000038570	4.926561783963557e-253	2.305476959839196e-252	3.808763133024694	log2fc	0.2701044224691059	8.33472245374229e-05	11997	9.808445480926586e-05	True	True	True
C_nb_pairwise	ES_vs_RS	4575	ENSMUSG00000026473	8.994415068803414e-253	4.176476454428872e-252	-2.76384860802667	log2fc	0.335660344028531	8.33472245374229e-05	11997	9.808445480926586e-05	True	True	True
C_nb_pairwise	ES_vs_RS	112514	ENSMUSG00000018776	9.573485707340374e-253	4.411167645151449e-252	3.669742292436949	log2fc	0.3687558186389099	8.33472245374229e-05	11997	9.808445480926586e-05	True	True	True
C_nb_pairwise	ES_vs_RS	126646	ENSMUSG00000072605	1.0416362980702908e-252	4.762901851481712e-252	4.808553270808956	log2fc	0.635099490836338	8.33472245374229e-05	11997	9.808445480926586e-05	True	True	True
C_nb_pairwise	ES_vs_RS	69324	ENSMUSG00000067367	8.33739862576391e-251	3.78341043699438e-250	4.68689559036442	log2fc	0.9370639383371512	8.33472245374229e-05	11997	9.808445480926586e-05	True	True	True
C_nb_pairwise	ES_vs_RS	168973	ENSMUSG00000029320	1.4455318108207676e-250	6.510327478809322e-250	-2.2944243895009047	log2fc	0.2019902210405054	8.33472245374229e-05	11997	9.808445480926586e-05	True	True	True
C_nb_pairwise	ES_vs_RS	56472	ENSMUSG00000039335	3.728611304804424e-250	1.6667449041625747e-249	3.884898558536195	log2fc	0.6934543654221399	8.33472245374229e-05	11997	9.808445480926586e-05	True	True	True
C_nb_pairwise	ES_vs_RS	41548	ENSMUSG00000021545	4.880150737997078e-249	2.165340957081666e-248	3.4938358471934747	log2fc	0.5238246082147268	8.33472245374229e-05	11997	9.808445480926586e-05	True	True	True
C_nb_pairwise	ES_vs_RS	84249	ENSMUSG00000030703	1.2516349614061645e-246	5.512715749134503e-246	3.984376937943885	log2fc	0.3468760622834063	8.33472245374229e-05	11997	9.808445480926586e-05	True	True	True
C_nb_pairwise	ES_vs_RS	179769	ENSMUSG00000030544	3.4630624430173946e-245	1.514141900268189e-244	3.928831019491988	log2fc	0.5662863005742951	8.33472245374229e-05	11997	9.808445480926586e-05	True	True	True
C_nb_pairwise	ES_vs_RS	182134	ENSMUSG00000030976	3.5580613540419867e-244	1.5444048920805436e-243	5.892963320913034	log2fc	0.2444736376137184	8.33472245374229e-05	11997	9.808445480926586e-05	True	True	True
C_nb_pairwise	ES_vs_RS	171430	ENSMUSG00000029607	9.934499131789456e-242	4.281125884850276e-241	2.6755694823431093	log2fc	0.3040231217981723	8.33472245374229e-05	11997	9.808445480926586e-05	True	True	True
C_nb_pairwise	ES_vs_RS	175711	ENSMUSG00000072772	3.5795856108913875e-241	1.531551272088529e-240	4.511578202850216	log2fc	0.2454152685658298	8.33472245374229e-05	11997	9.808445480926586e-05	True	True	True
C_nb_pairwise	ES_vs_RS	58587	ENSMUSG00000027942	7.401385952518811e-241	3.1442767273466443e-240	4.238565982046484	log2fc	0.3092141933208525	8.33472245374229e-05	11997	9.808445480926586e-05	True	True	True
C_nb_pairwise	ES_vs_RS	55921	ENSMUSG00000047841	3.914088377734337e-240	1.651083759340048e-239	4.922384048508392	log2fc	0.1525160571834597	8.33472245374229e-05	11997	9.808445480926586e-05	True	True	True
C_nb_pairwise	ES_vs_RS	15130	ENSMUSG00000053184	5.325309714385377e-240	2.2306716915502386e-239	4.094717462368627	log2fc	0.1359540637871334	8.33472245374229e-05	11997	9.808445480926586e-05	True	True	True
C_nb_pairwise	ES_vs_RS	159535	ENSMUSG00000028264	1.2524822758878212e-239	5.209978355950035e-239	5.510399064725773	log2fc	0.2270679122206024	8.33472245374229e-05	11997	9.808445480926586e-05	True	True	True
C_nb_pairwise	ES_vs_RS	96095	ENSMUSG00000096468	9.812766024309964e-238	4.025922499014841e-237	5.0673806179470695	log2fc	0.1137136912407099	8.33472245374229e-05	11997	9.808445480926586e-05	True	True	True
C_nb_pairwise	ES_vs_RS	96097	ENSMUSG00000094714	9.812766024309964e-238	4.025922499014841e-237	5.0673806179470695	log2fc	0.1137136912407099	8.33472245374229e-05	11997	9.808445480926586e-05	True	True	True
C_nb_pairwise	ES_vs_RS	176862	ENSMUSG00000083649	1.8605491643103134e-235	7.581421424638627e-235	3.675511658433954	log2fc	0.8098496780836941	8.33472245374229e-05	11997	9.808445480926586e-05	True	True	True
C_nb_pairwise	ES_vs_RS	64471	ENSMUSG00000028716	1.3750282019503658e-234	5.565147925461278e-234	4.367263930267587	log2fc	0.3861681261002334	8.33472245374229e-05	11997	9.808445480926586e-05	True	True	True
C_nb_pairwise	ES_vs_RS	55487	ENSMUSG00000027502	2.496357397388059e-232	1.003569181902985e-231	3.71404967481694	log2fc	0.3166229039788098	8.33472245374229e-05	11997	9.808445480926586e-05	True	True	True
C_nb_pairwise	ES_vs_RS	171545	ENSMUSG00000095040	2.961555781606854e-231	1.1826479421216703e-230	2.9263547030000256	log2fc	0.1822214569279066	8.33472245374229e-05	11997	9.808445480926586e-05	True	True	True
C_nb_pairwise	ES_vs_RS	144966	ENSMUSG00000024654	6.530213364016396e-231	2.590462122546901e-230	3.022760412232953	log2fc	0.4753523767415072	8.33472245374229e-05	11997	9.808445480926586e-05	True	True	True
C_nb_pairwise	ES_vs_RS	189883	ENSMUSG00000032405	4.125826451939992e-230	1.6259013452052995e-229	3.447684093913262	log2fc	0.2637121249019424	8.33472245374229e-05	11997	9.808445480926586e-05	True	True	True
C_nb_pairwise	ES_vs_RS	31663	ENSMUSG00000022148	6.364977487774297e-229	2.4919094870436627e-228	3.4659145788627685	log2fc	0.5476312906729096	8.33472245374229e-05	11997	9.808445480926586e-05	True	True	True
C_nb_pairwise	ES_vs_RS	18823	ENSMUSG00000020570	2.210432603678293e-228	8.597721620800635e-228	4.855345632256323	log2fc	0.1211327350951826	8.33472245374229e-05	11997	9.808445480926586e-05	True	True	True
C_nb_pairwise	ES_vs_RS	22887	ENSMUSG00000085861	4.931056505401968e-228	1.9056147398295346e-227	5.740608674467725	log2fc	0.1894984536032397	8.33472245374229e-05	11997	9.808445480926586e-05	True	True	True
C_nb_pairwise	ES_vs_RS	66859	ENSMUSG00000029003	6.096004388669708e-228	2.3407093774443307e-227	3.2529701178307127	log2fc	0.5030258985139028	8.33472245374229e-05	11997	9.808445480926586e-05	True	True	True
C_nb_pairwise	ES_vs_RS	160655	ENSMUSG00000070980	3.533640721123333e-227	1.3481852178043795e-226	3.734909343909032	log2fc	0.0857848638905691	8.33472245374229e-05	11997	9.808445480926586e-05	True	True	True
C_nb_pairwise	ES_vs_RS	114533	ENSMUSG00000018543	3.4783011912832235e-226	1.3186724136573744e-225	5.42717831758376	log2fc	0.957585228662165	8.33472245374229e-05	11997	9.808445480926586e-05	True	True	True
C_nb_pairwise	ES_vs_RS	189826	ENSMUSG00000032278	3.7566312828127255e-226	1.4152340493112095e-225	-2.8540150852275765	log2fc	0.2701071221141428	8.33472245374229e-05	11997	9.808445480926586e-05	True	True	True
C_nb_pairwise	ES_vs_RS	116188	ENSMUSG00000062825	1.2047626154003514e-225	4.5103300414050656e-225	3.972342630520723	log2fc	1.1307624010002535	8.33472245374229e-05	11997	9.808445480926586e-05	True	True	True
C_nb_pairwise	ES_vs_RS	138689	ENSMUSG00000024033	5.278794495380577e-225	1.963973852629172e-224	3.269013397487368	log2fc	0.6475079567681966	8.33472245374229e-05	11997	9.808445480926586e-05	True	True	True
C_nb_pairwise	ES_vs_RS	115883	ENSMUSG00000016559	3.4397899006583377e-223	1.2718729324039163e-222	4.941391640511135	log2fc	0.1961178893039858	8.33472245374229e-05	11997	9.808445480926586e-05	True	True	True
C_nb_pairwise	ES_vs_RS	150891	ENSMUSG00000009549	2.628613422024357e-222	9.659751164371719e-222	3.7843631457503935	log2fc	0.9080695723755224	8.33472245374229e-05	11997	9.808445480926586e-05	True	True	True
C_nb_pairwise	ES_vs_RS	29337	ENSMUSG00000019297	5.4619586234491e-219	1.9949470825890312e-218	3.887466792874815	log2fc	0.5266631736299892	8.33472245374229e-05	11997	9.808445480926586e-05	True	True	True
C_nb_pairwise	ES_vs_RS	156832	ENSMUSG00000105734	5.719956751680775e-219	2.0765176328828995e-218	3.821259255438209	log2fc	0.2304478473745928	8.33472245374229e-05	11997	9.808445480926586e-05	True	True	True
C_nb_pairwise	ES_vs_RS	102388	ENSMUSG00000042554	1.5455963923219823e-218	5.577182162655828e-218	4.703395056319414	log2fc	0.3167702632644014	8.33472245374229e-05	11997	9.808445480926586e-05	True	True	True
C_nb_pairwise	ES_vs_RS	106544	ENSMUSG00000020078	8.931505432712458e-218	3.2035759007154258e-217	4.070948525863511	log2fc	0.5054555867880736	8.33472245374229e-05	11997	9.808445480926586e-05	True	True	True
C_nb_pairwise	ES_vs_RS	68344	ENSMUSG00000048439	4.995499531884502e-217	1.7811334640469148e-216	5.292256111203902	log2fc	0.2679456508613201	8.33472245374229e-05	11997	9.808445480926586e-05	True	True	True
C_nb_pairwise	ES_vs_RS	177802	ENSMUSG00000003444	1.3807839128343327e-216	4.89402108750157e-216	4.419397429976729	log2fc	0.1793356904543797	8.33472245374229e-05	11997	9.808445480926586e-05	True	True	True
C_nb_pairwise	ES_vs_RS	82460	ENSMUSG00000038646	1.88846999144188e-216	6.654079558080505e-216	4.531001279276261	log2fc	0.205687759354405	8.33472245374229e-05	11997	9.808445480926586e-05	True	True	True
C_nb_pairwise	ES_vs_RS	100885	ENSMUSG00000026182	7.228491255275621e-216	2.5320855332807585e-215	-2.4716262020672346	log2fc	0.4570488170759322	8.33472245374229e-05	11997	9.808445480926586e-05	True	True	True
C_nb_pairwise	ES_vs_RS	141083	ENSMUSG00000024145	7.423156039703392e-216	2.585157248710658e-215	3.837402935928133	log2fc	0.3364903302362512	8.33472245374229e-05	11997	9.808445480926586e-05	True	True	True
C_nb_pairwise	ES_vs_RS	189507	ENSMUSG00000045620	1.2332621664072563e-214	4.270081142647091e-214	4.685799127052571	log2fc	0.2615333214691913	8.33472245374229e-05	11997	9.808445480926586e-05	True	True	True
C_nb_pairwise	ES_vs_RS	183211	ENSMUSG00000074449	2.2059376633440103e-214	7.594003795075069e-214	5.7230233070814265	log2fc	1.1474455862711446	8.33472245374229e-05	11997	9.808445480926586e-05	True	True	True
C_nb_pairwise	ES_vs_RS	74788	ENSMUSG00000029517	1.7746133717713726e-213	6.074248055377441e-213	5.563529690447528	log2fc	0.1146762453192299	8.33472245374229e-05	11997	9.808445480926586e-05	True	True	True
C_nb_pairwise	ES_vs_RS	55575	ENSMUSG00000057047	2.127483127070516e-212	7.240695415427493e-212	3.1266462580186194	log2fc	0.4662914211630339	8.33472245374229e-05	11997	9.808445480926586e-05	True	True	True
C_nb_pairwise	ES_vs_RS	188695	ENSMUSG00000001948	4.5310725206793405e-212	1.533396858693178e-211	-2.6200720842743936	log2fc	0.3054585050920538	8.33472245374229e-05	11997	9.808445480926586e-05	True	True	True
C_nb_pairwise	ES_vs_RS	71456	ENSMUSG00000063447	4.604665436457596e-212	1.54954752608882e-211	4.707175226611697	log2fc	0.7025382204020316	8.33472245374229e-05	11997	9.808445480926586e-05	True	True	True
C_nb_pairwise	ES_vs_RS	120006	ENSMUSG00000021270	2.6661570548538743e-211	8.921944557862965e-211	3.935468030076629	log2fc	0.572496488213194	8.33472245374229e-05	11997	9.808445480926586e-05	True	True	True
C_nb_pairwise	ES_vs_RS	194738	ENSMUSG00000094592	1.4866741993218818e-210	4.94732136329893e-210	3.776730948778855	log2fc	0.6486079479347974	8.33472245374229e-05	11997	9.808445480926586e-05	True	True	True
C_nb_pairwise	ES_vs_RS	194732	ENSMUSG00000096867	9.284527344535751e-210	3.039033813867166e-209	3.770004896445345	log2fc	0.6542546231930773	8.33472245374229e-05	11997	9.808445480926586e-05	True	True	True
C_nb_pairwise	ES_vs_RS	194730	ENSMUSG00000094577	9.284527344535751e-210	3.039033813867166e-209	3.770004896445345	log2fc	0.6542546231930773	8.33472245374229e-05	11997	9.808445480926586e-05	True	True	True
C_nb_pairwise	ES_vs_RS	194728	ENSMUSG00000094802	9.284527344535751e-210	3.039033813867166e-209	3.770004896445345	log2fc	0.6542546231930773	8.33472245374229e-05	11997	9.808445480926586e-05	True	True	True
C_nb_pairwise	ES_vs_RS	113254	ENSMUSG00000037278	2.053188593192053e-208	6.6840215615328236e-208	3.644516557671049	log2fc	0.6589288798067011	8.33472245374229e-05	11997	9.808445480926586e-05	True	True	True
C_nb_pairwise	ES_vs_RS	69332	ENSMUSG00000067367	1.0530223751275011e-207	3.409515690277693e-207	4.615459723772154	log2fc	0.5130316999090972	8.33472245374229e-05	11997	9.808445480926586e-05	True	True	True
C_nb_pairwise	ES_vs_RS	16040	ENSMUSG00000038845	1.0647500709217871e-207	3.428953185387905e-207	3.617278730708648	log2fc	0.4491608360708093	8.33472245374229e-05	11997	9.808445480926586e-05	True	True	True
C_nb_pairwise	ES_vs_RS	75185	ENSMUSG00000029766	4.316245949933578e-205	1.3825835957273868e-204	-2.349434709644835	log2fc	0.2514858372071871	8.33472245374229e-05	11997	9.808445480926586e-05	True	True	True
C_nb_pairwise	ES_vs_RS	147938	ENSMUSG00000026831	1.1541138929683231e-202	3.6772033079150293e-202	4.472116343035302	log2fc	0.4637287085138781	8.33472245374229e-05	11997	9.808445480926586e-05	True	True	True
C_nb_pairwise	ES_vs_RS	9991	ENSMUSG00000047025	2.8583604786892107e-202	9.059036649390673e-202	2.823285773173553	log2fc	0.404397466496621	8.33472245374229e-05	11997	9.808445480926586e-05	True	True	True
C_nb_pairwise	ES_vs_RS	28058	ENSMUSG00000078127	5.01732825722698e-202	1.581778750567874e-201	3.16620625871755	log2fc	0.21155241316445	8.33472245374229e-05	11997	9.808445480926586e-05	True	True	True
C_nb_pairwise	ES_vs_RS	180541	ENSMUSG00000030708	5.220899795805449e-202	1.6373397788939604e-201	2.6859550108792027	log2fc	0.2970025375519108	8.33472245374229e-05	11997	9.808445480926586e-05	True	True	True
C_nb_pairwise	ES_vs_RS	24860	ENSMUSG00000021534	1.8489849295005086e-199	5.76844777484794e-199	3.346218482609748	log2fc	0.2248140038316974	8.33472245374229e-05	11997	9.808445480926586e-05	True	True	True
C_nb_pairwise	ES_vs_RS	9503	ENSMUSG00000047129	2.8170521857860333e-199	8.74307906365717e-199	4.197217126792618	log2fc	0.2442185904212848	8.33472245374229e-05	11997	9.808445480926586e-05	True	True	True
C_nb_pairwise	ES_vs_RS	58321	ENSMUSG00000004897	6.60918199968633e-199	2.0406701122742846e-198	3.192382534718894	log2fc	0.6646270035466497	8.33472245374229e-05	11997	9.808445480926586e-05	True	True	True
C_nb_pairwise	ES_vs_RS	43085	ENSMUSG00000024233	2.7619521729342403e-198	8.484150520962101e-198	3.314385110633238	log2fc	0.3106464528996317	8.33472245374229e-05	11997	9.808445480926586e-05	True	True	True
C_nb_pairwise	ES_vs_RS	107378	ENSMUSG00000061032	1.0111245391639454e-197	3.090120402853078e-197	2.181756482508668	log2fc	0.2436617615973027	8.33472245374229e-05	11997	9.808445480926586e-05	True	True	True
C_nb_pairwise	ES_vs_RS	139959	ENSMUSG00000073380	1.311748037892838e-196	3.988513069532031e-196	2.635483437184617	log2fc	0.5212849955837584	8.33472245374229e-05	11997	9.808445480926586e-05	True	True	True
C_nb_pairwise	ES_vs_RS	158541	ENSMUSG00000090202	3.052446195475556e-195	9.234420561059888e-195	3.91151819917968	log2fc	0.5336959404017653	8.33472245374229e-05	11997	9.808445480926586e-05	True	True	True
C_nb_pairwise	ES_vs_RS	125680	ENSMUSG00000021768	5.303365397587041e-195	1.5963396347510738e-194	2.5700996437660524	log2fc	0.5463031544571291	8.33472245374229e-05	11997	9.808445480926586e-05	True	True	True
C_nb_pairwise	ES_vs_RS	28622	ENSMUSG00000072145	2.3343750524098187e-194	6.991453281967409e-194	4.376920996850328	log2fc	0.4761470626634365	8.33472245374229e-05	11997	9.808445480926586e-05	True	True	True
C_nb_pairwise	ES_vs_RS	170091	ENSMUSG00000043036	3.686864717888774e-194	1.098722371151928e-193	2.6747741046015934	log2fc	0.2011845023815831	8.33472245374229e-05	11997	9.808445480926586e-05	True	True	True
C_nb_pairwise	ES_vs_RS	127805	ENSMUSG00000021961	1.1967238608313248e-193	3.5487009536532846e-193	2.2336129604814583	log2fc	0.2859909125009142	8.33472245374229e-05	11997	9.808445480926586e-05	True	True	True
C_nb_pairwise	ES_vs_RS	100279	ENSMUSG00000045336	2.001894722675961e-193	5.907068664447787e-193	4.519368461601369	log2fc	0.9597595044165688	8.33472245374229e-05	11997	9.808445480926586e-05	True	True	True
C_nb_pairwise	ES_vs_RS	107397	ENSMUSG00000078442	4.360939081465574e-192	1.280491426371509e-191	5.289609650435281	log2fc	0.2643914425356518	8.33472245374229e-05	11997	9.808445480926586e-05	True	True	True
C_nb_pairwise	ES_vs_RS	82461	ENSMUSG00000038646	4.56618257378351e-192	1.334216273998206e-191	4.528222497785513	log2fc	0.2231517814471313	8.33472245374229e-05	11997	9.808445480926586e-05	True	True	True
C_nb_pairwise	ES_vs_RS	110501	ENSMUSG00000020283	8.409922254854347e-188	2.4454094323581334e-187	4.076918810432523	log2fc	0.7329284455679272	8.33472245374229e-05	11997	9.808445480926586e-05	True	True	True
C_nb_pairwise	ES_vs_RS	54117	ENSMUSG00000036992	4.2321055021124416e-187	1.2246527515774649e-186	4.2209868416901255	log2fc	1.0980026824807347	8.33472245374229e-05	11997	9.808445480926586e-05	True	True	True
C_nb_pairwise	ES_vs_RS	182838	ENSMUSG00000031509	3.069848963004022e-185	8.840574657881775e-185	2.4992035453094736	log2fc	0.2260508929914149	8.33472245374229e-05	11997	9.808445480926586e-05	True	True	True
C_nb_pairwise	ES_vs_RS	163565	ENSMUSG00000048003	3.46775095719018e-184	9.93867379596611e-184	3.107355161903703	log2fc	0.3518931930524242	8.33472245374229e-05	11997	9.808445480926586e-05	True	True	True
C_nb_pairwise	ES_vs_RS	94762	ENSMUSG00000049719	1.403366762946124e-183	4.00293662383204e-183	5.756236844872045	log2fc	0.6691203184411424	8.33472245374229e-05	11997	9.808445480926586e-05	True	True	True
C_nb_pairwise	ES_vs_RS	186366	ENSMUSG00000031898	8.018531260011698e-179	2.276350817415643e-178	2.96011954099441	log2fc	0.3810021711820482	8.33472245374229e-05	11997	9.808445480926586e-05	True	True	True
C_nb_pairwise	ES_vs_RS	73863	ENSMUSG00000047843	7.8411677619836495e-177	2.2154997591642484e-176	6.084698444327694	log2fc	0.5507322627508418	8.33472245374229e-05	11997	9.808445480926586e-05	True	True	True
C_nb_pairwise	ES_vs_RS	145006	ENSMUSG00000037418	1.900401649678801e-174	5.344322010129586e-174	3.300413669496302	log2fc	0.3929273285487868	8.33472245374229e-05	11997	9.808445480926586e-05	True	True	True
C_nb_pairwise	ES_vs_RS	131720	ENSMUSG00000116376	1.2021721867175614e-173	3.3649585974010244e-173	3.9582562896098903	log2fc	0.4905516930697046	8.33472245374229e-05	11997	9.808445480926586e-05	True	True	True
C_nb_pairwise	ES_vs_RS	161457	ENSMUSG00000028575	1.9155512338488267e-172	5.336814832909057e-172	4.714328069480716	log2fc	0.5200865587066077	8.33472245374229e-05	11997	9.808445480926586e-05	True	True	True
C_nb_pairwise	ES_vs_RS	87425	ENSMUSG00000047654	3.9040687614668373e-172	1.0826561056104793e-171	-2.1275200998916013	log2fc	0.4528997126364484	8.33472245374229e-05	11997	9.808445480926586e-05	True	True	True
C_nb_pairwise	ES_vs_RS	118465	ENSMUSG00000021056	8.113540973191821e-170	2.2396364253188485e-169	5.007924371528311	log2fc	0.2508637778139896	8.33472245374229e-05	11997	9.808445480926586e-05	True	True	True
C_nb_pairwise	ES_vs_RS	173780	ENSMUSG00000051896	8.001218583220473e-168	2.198499968508745e-167	-2.6845959025265955	log2fc	0.6931765853514835	8.33472245374229e-05	11997	9.808445480926586e-05	True	True	True
C_nb_pairwise	ES_vs_RS	67251	ENSMUSG00000058183	6.4335655778360214e-167	1.7596830050793502e-166	3.853465832510973	log2fc	0.3741099907678986	8.33472245374229e-05	11997	9.808445480926586e-05	True	True	True
C_nb_pairwise	ES_vs_RS	88638	ENSMUSG00000031770	3.354651577496997e-166	9.133801340548642e-166	-2.4841683518823463	log2fc	0.2887991832455861	8.33472245374229e-05	11997	9.808445480926586e-05	True	True	True
C_nb_pairwise	ES_vs_RS	107067	ENSMUSG00000003923	6.887627553821822e-163	1.8668275587055526e-162	-2.5792148540969477	log2fc	0.4636536755314073	8.33472245374229e-05	11997	9.808445480926586e-05	True	True	True
C_nb_pairwise	ES_vs_RS	162122	ENSMUSG00000044556	1.5425240705626252e-162	4.1620356678694254e-162	4.43750454934748	log2fc	0.6070997405272419	8.33472245374229e-05	11997	9.808445480926586e-05	True	True	True
C_nb_pairwise	ES_vs_RS	94330	ENSMUSG00000010051	1.8049580982344875e-162	4.848295519472906e-162	4.939103987226199	log2fc	0.4672808210989982	8.33472245374229e-05	11997	9.808445480926586e-05	True	True	True
C_nb_pairwise	ES_vs_RS	132218	ENSMUSG00000063480	6.472323013503045e-161	1.730768520128716e-160	4.873890338783794	log2fc	0.3552800759578964	8.33472245374229e-05	11997	9.808445480926586e-05	True	True	True
C_nb_pairwise	ES_vs_RS	14806	ENSMUSG00000037926	1.1477671349426524e-160	3.055611172580661e-160	3.9674052943567855	log2fc	0.543253006684113	8.33472245374229e-05	11997	9.808445480926586e-05	True	True	True
C_nb_pairwise	ES_vs_RS	9086	ENSMUSG00000055862	3.3517896673174976e-160	8.883725711164519e-160	4.193625537894458	log2fc	0.4797370653611559	8.33472245374229e-05	11997	9.808445480926586e-05	True	True	True
C_nb_pairwise	ES_vs_RS	41899	ENSMUSG00000024209	7.746827247645568e-160	2.0442068375945798e-159	4.313361306557516	log2fc	0.3007666919866322	8.33472245374229e-05	11997	9.808445480926586e-05	True	True	True
C_nb_pairwise	ES_vs_RS	179141	ENSMUSG00000094445	2.3368532562451775e-159	6.13936447583711e-159	-2.049191333803817	log2fc	0.1549051421938235	8.33472245374229e-05	11997	9.808445480926586e-05	True	True	True
C_nb_pairwise	ES_vs_RS	9505	ENSMUSG00000047129	1.6431085622713834e-158	4.297912789522091e-158	3.674412823939082	log2fc	0.1743461940195887	8.33472245374229e-05	11997	9.808445480926586e-05	True	True	True
C_nb_pairwise	ES_vs_RS	79527	ENSMUSG00000030385	1.7639779366077504e-156	4.594012104469749e-156	2.96611491834954	log2fc	0.3314492387860429	8.33472245374229e-05	11997	9.808445480926586e-05	True	True	True
C_nb_pairwise	ES_vs_RS	53478	ENSMUSG00000100963	2.3550226995942035e-156	6.106747173406614e-156	-2.137089836995969	log2fc	0.3226165216750897	8.33472245374229e-05	11997	9.808445480926586e-05	True	True	True
C_nb_pairwise	ES_vs_RS	11886	ENSMUSG00000020191	7.0142505228232144e-155	1.8110069237806488e-154	6.4077991180427	log2fc	0.4977231334143602	8.33472245374229e-05	11997	9.808445480926586e-05	True	True	True
C_nb_pairwise	ES_vs_RS	113256	ENSMUSG00000037278	5.6626954934984977e-154	1.4557745066976825e-153	4.028678856845123	log2fc	0.6666059049783181	8.33472245374229e-05	11997	9.808445480926586e-05	True	True	True
C_nb_pairwise	ES_vs_RS	40720	ENSMUSG00000061126	7.865852234538319e-154	2.0135237130292533e-153	5.160102357010669	log2fc	0.4110403933497284	8.33472245374229e-05	11997	9.808445480926586e-05	True	True	True
C_nb_pairwise	ES_vs_RS	51118	ENSMUSG00000027088	9.15018718115548e-154	2.332324307026439e-153	4.311126900487713	log2fc	1.01894868712677	8.33472245374229e-05	11997	9.808445480926586e-05	True	True	True
C_nb_pairwise	ES_vs_RS	170129	ENSMUSG00000029463	2.6757280191885045e-153	6.791360523279298e-153	3.980587303287961	log2fc	1.352832053668021	8.33472245374229e-05	11997	9.808445480926586e-05	True	True	True
C_nb_pairwise	ES_vs_RS	21328	ENSMUSG00000001175	1.4970054090655575e-151	3.7835706330391104e-151	4.277747334673281	log2fc	0.951841378181567	8.33472245374229e-05	11997	9.808445480926586e-05	True	True	True
C_nb_pairwise	ES_vs_RS	156830	ENSMUSG00000105734	2.474980373778636e-151	6.229047243249592e-151	4.68155103933255	log2fc	0.2260696797358829	8.33472245374229e-05	11997	9.808445480926586e-05	True	True	True
C_nb_pairwise	ES_vs_RS	28623	ENSMUSG00000072145	1.1442565129388457e-150	2.867822808578947e-150	4.700324891036981	log2fc	0.5379614433009097	8.33472245374229e-05	11997	9.808445480926586e-05	True	True	True
C_nb_pairwise	ES_vs_RS	26466	ENSMUSG00000095533	2.771960056418969e-150	6.889643459730134e-150	5.408453862938092	log2fc	0.688910944442468	8.33472245374229e-05	11997	9.808445480926586e-05	True	True	True
C_nb_pairwise	ES_vs_RS	26511	ENSMUSG00000095368	2.771960056418969e-150	6.889643459730134e-150	5.408453862938092	log2fc	0.688910944442468	8.33472245374229e-05	11997	9.808445480926586e-05	True	True	True
C_nb_pairwise	ES_vs_RS	109380	ENSMUSG00000020102	1.840379204098547e-149	4.555318773781113e-149	2.5831319670534363	log2fc	0.6644580810798376	8.33472245374229e-05	11997	9.808445480926586e-05	True	True	True
C_nb_pairwise	ES_vs_RS	34846	ENSMUSG00000029875	2.980032361190212e-149	7.345841087872168e-149	5.34888165313466	log2fc	0.4567210193637384	8.33472245374229e-05	11997	9.808445480926586e-05	True	True	True
C_nb_pairwise	ES_vs_RS	141075	ENSMUSG00000053375	3.1642288347965195e-148	7.767922426406209e-148	2.3865502534928944	log2fc	0.4700803051049589	8.33472245374229e-05	11997	9.808445480926586e-05	True	True	True
C_nb_pairwise	ES_vs_RS	41522	ENSMUSG00000034165	2.3855874132242325e-147	5.832517798046185e-147	3.65361921423442	log2fc	0.4765027674900533	8.33472245374229e-05	11997	9.808445480926586e-05	True	True	True
C_nb_pairwise	ES_vs_RS	14307	ENSMUSG00000020827	5.63447075356708e-147	1.3719707241409273e-146	-2.203596035526852	log2fc	0.2598841779280162	8.33472245374229e-05	11997	9.808445480926586e-05	True	True	True
C_nb_pairwise	ES_vs_RS	81534	ENSMUSG00000056509	6.366327774897167e-147	1.5438989219285038e-146	-1.903844025544796	log2fc	0.4977132420328991	8.33472245374229e-05	11997	9.808445480926586e-05	True	True	True
C_nb_pairwise	ES_vs_RS	132217	ENSMUSG00000063480	8.460473934217506e-147	2.0434773736275344e-146	5.276986758533596	log2fc	0.342573620263111	8.33472245374229e-05	11997	9.808445480926586e-05	True	True	True
C_nb_pairwise	ES_vs_RS	73532	ENSMUSG00000029723	2.487894980542347e-146	5.984936117850866e-146	5.530403842456928	log2fc	0.2388949505692671	8.33472245374229e-05	11997	9.808445480926586e-05	True	True	True
C_nb_pairwise	ES_vs_RS	120860	ENSMUSG00000059395	3.4940417417411477e-146	8.371724013211791e-146	4.423294691461642	log2fc	0.5727295048902821	8.33472245374229e-05	11997	9.808445480926586e-05	True	True	True
C_nb_pairwise	ES_vs_RS	70644	ENSMUSG00000100704	3.5192012871712417e-146	8.398412633528182e-146	-2.0573287416455126	log2fc	0.285721319672907	8.33472245374229e-05	11997	9.808445480926586e-05	True	True	True
C_nb_pairwise	ES_vs_RS	64995	ENSMUSG00000002384	6.232163192408459e-146	1.481375298512963e-145	-2.522390371269784	log2fc	0.3812240481511562	8.33472245374229e-05	11997	9.808445480926586e-05	True	True	True
C_nb_pairwise	ES_vs_RS	142734	ENSMUSG00000059455	2.2044713051235165e-145	5.219281864699551e-145	4.921974719675174	log2fc	0.4283761794262282	8.33472245374229e-05	11997	9.808445480926586e-05	True	True	True
C_nb_pairwise	ES_vs_RS	192488	ENSMUSG00000032530	1.3245458794082078e-144	3.123633786478411e-144	3.359805938514059	log2fc	0.2892728708932532	8.33472245374229e-05	11997	9.808445480926586e-05	True	True	True
C_nb_pairwise	ES_vs_RS	13066	ENSMUSG00000050087	1.6909347364272176e-143	3.972038851450601e-143	-3.530914888014379	log2fc	0.2562289421123772	8.33472245374229e-05	11997	9.808445480926586e-05	True	True	True
C_nb_pairwise	ES_vs_RS	147416	ENSMUSG00000062651	3.922913662166036e-143	9.17900501420881e-143	-2.165993431414821	log2fc	0.5801334363201937	8.33472245374229e-05	11997	9.808445480926586e-05	True	True	True
C_nb_pairwise	ES_vs_RS	110832	ENSMUSG00000044056	3.4672118438319766e-142	8.08116690449554e-142	4.030383962381769	log2fc	0.2315934799242056	8.33472245374229e-05	11997	9.808445480926586e-05	True	True	True
C_nb_pairwise	ES_vs_RS	162673	ENSMUSG00000032726	4.077429088315652e-142	9.466589239926652e-142	-2.466278666679567	log2fc	0.3409492219614342	8.33472245374229e-05	11997	9.808445480926586e-05	True	True	True
C_nb_pairwise	ES_vs_RS	117159	ENSMUSG00000020650	8.006307933441742e-142	1.8516519120199243e-141	3.933718139560058	log2fc	1.1119114377480808	8.33472245374229e-05	11997	9.808445480926586e-05	True	True	True
C_nb_pairwise	ES_vs_RS	25101	ENSMUSG00000021590	1.5352211310666685e-141	3.5369132981112863e-141	4.419984254992757	log2fc	0.5944172625176258	8.33472245374229e-05	11997	9.808445480926586e-05	True	True	True
C_nb_pairwise	ES_vs_RS	141074	ENSMUSG00000053375	2.9364723971373484e-140	6.739260405690696e-140	2.3098922069731653	log2fc	0.4657247142681036	8.33472245374229e-05	11997	9.808445480926586e-05	True	True	True
C_nb_pairwise	ES_vs_RS	49497	ENSMUSG00000015095	3.5640851388153543e-140	8.148423657062585e-140	2.8916752080721992	log2fc	0.6403121001129238	8.33472245374229e-05	11997	9.808445480926586e-05	True	True	True
C_nb_pairwise	ES_vs_RS	157739	ENSMUSG00000028132	3.817044783373426e-140	8.693573480002593e-140	-2.4077904696167827	log2fc	0.2838602489662219	8.33472245374229e-05	11997	9.808445480926586e-05	True	True	True
C_nb_pairwise	ES_vs_RS	21333	ENSMUSG00000001175	4.058913226517392e-140	9.209428116226962e-140	3.801106648739583	log2fc	1.3456885396188514	8.33472245374229e-05	11997	9.808445480926586e-05	True	True	True
C_nb_pairwise	ES_vs_RS	86826	ENSMUSG00000031631	5.42216066487809e-140	1.2256129200988589e-139	4.1231268901493	log2fc	1.9030946479641624	8.33472245374229e-05	11997	9.808445480926586e-05	True	True	True
C_nb_pairwise	ES_vs_RS	144031	ENSMUSG00000033323	2.855947652476601e-138	6.431250540727383e-138	5.752901403622878	log2fc	0.6569032356712587	8.33472245374229e-05	11997	9.808445480926586e-05	True	True	True
C_nb_pairwise	ES_vs_RS	192363	ENSMUSG00000070280	4.1283432479179927e-137	9.26171387828793e-137	3.25569769531441	log2fc	0.2791767844783092	8.33472245374229e-05	11997	9.808445480926586e-05	True	True	True
C_nb_pairwise	ES_vs_RS	120861	ENSMUSG00000059395	1.0492985648795139e-136	2.3452605983687643e-136	4.292355495552348	log2fc	0.6637889736531023	8.33472245374229e-05	11997	9.808445480926586e-05	True	True	True
C_nb_pairwise	ES_vs_RS	181350	ENSMUSG00000030968	1.878911454273149e-136	4.183895766206752e-136	4.240232542093307	log2fc	0.4918558818450146	8.33472245374229e-05	11997	9.808445480926586e-05	True	True	True
C_nb_pairwise	ES_vs_RS	21549	ENSMUSG00000021203	3.5264816893079374e-136	7.823564932946127e-136	-1.8285617952969109	log2fc	0.2416325496208597	8.33472245374229e-05	11997	9.808445480926586e-05	True	True	True
C_nb_pairwise	ES_vs_RS	191522	ENSMUSG00000032566	5.743719460746092e-136	1.269552751655686e-135	-2.439310843405759	log2fc	0.3058179271014002	8.33472245374229e-05	11997	9.808445480926586e-05	True	True	True
C_nb_pairwise	ES_vs_RS	60474	ENSMUSG00000037894	8.726725428883299e-136	1.9218046073165797e-135	3.829920155305645	log2fc	0.8521122200801927	8.33472245374229e-05	11997	9.808445480926586e-05	True	True	True
C_nb_pairwise	ES_vs_RS	107177	ENSMUSG00000001666	1.014536189563787e-135	2.2260336173945363e-135	3.535792682199301	log2fc	0.9835394920942226	8.33472245374229e-05	11997	9.808445480926586e-05	True	True	True
C_nb_pairwise	ES_vs_RS	41064	ENSMUSG00000059791	1.2295850800506242e-135	2.6880345363150505e-135	5.417457141117649	log2fc	0.461542898464037	8.33472245374229e-05	11997	9.808445480926586e-05	True	True	True
C_nb_pairwise	ES_vs_RS	70629	ENSMUSG00000002240	3.5466297909053634e-135	7.725204526372046e-135	5.722762344465183	log2fc	0.2889091316763963	8.33472245374229e-05	11997	9.808445480926586e-05	True	True	True
C_nb_pairwise	ES_vs_RS	3212	ENSMUSG00000051185	1.0008000276229051e-133	2.1720261469062324e-133	5.855739165751585	log2fc	0.3124576658979452	8.33472245374229e-05	11997	9.808445480926586e-05	True	True	True
C_nb_pairwise	ES_vs_RS	29075	ENSMUSG00000008813	3.676988912993352e-132	7.95132259524555e-132	-1.8367822119669608	log2fc	0.2650474567862727	8.33472245374229e-05	11997	9.808445480926586e-05	True	True	True
C_nb_pairwise	ES_vs_RS	181349	ENSMUSG00000030968	5.663243543654339e-132	1.220245641240629e-131	4.022850005481817	log2fc	0.4915483967181772	8.33472245374229e-05	11997	9.808445480926586e-05	True	True	True
C_nb_pairwise	ES_vs_RS	138692	ENSMUSG00000024033	4.537551310175999e-131	9.74191123582589e-131	3.335275485230727	log2fc	0.7724779526512505	8.33472245374229e-05	11997	9.808445480926586e-05	True	True	True
C_nb_pairwise	ES_vs_RS	186010	ENSMUSG00000031781	5.904770652701359e-131	1.2631991503457546e-130	3.7566546377325194	log2fc	1.309137083085388	8.33472245374229e-05	11997	9.808445480926586e-05	True	True	True
C_nb_pairwise	ES_vs_RS	134499	ENSMUSG00000022858	8.815907043177875e-131	1.8792627469265294e-130	3.466784242762768	log2fc	0.0001	8.33472245374229e-05	11997	9.808445480926586e-05	True	True	True
C_nb_pairwise	ES_vs_RS	53477	ENSMUSG00000100963	8.498489547226299e-129	1.805175616591686e-128	-2.499294264399212	log2fc	0.3243515511914583	8.33472245374229e-05	11997	9.808445480926586e-05	True	True	True
C_nb_pairwise	ES_vs_RS	94519	ENSMUSG00000062867	6.354678253755827e-128	1.3450361392225227e-127	4.765513587956506	log2fc	0.2127854173894857	8.33472245374229e-05	11997	9.808445480926586e-05	True	True	True
C_nb_pairwise	ES_vs_RS	147855	ENSMUSG00000026922	9.646819443922715e-128	2.034663678489334e-127	-2.5286776761438627	log2fc	0.536492003555309	8.33472245374229e-05	11997	9.808445480926586e-05	True	True	True
C_nb_pairwise	ES_vs_RS	32451	ENSMUSG00000045996	3.3606004481232053e-127	7.063156731318596e-127	5.141528232435043	log2fc	1.927110826258756	8.33472245374229e-05	11997	9.808445480926586e-05	True	True	True
C_nb_pairwise	ES_vs_RS	156282	ENSMUSG00000051036	4.7625076700320545e-127	9.974622707514691e-127	-2.7048723145559594	log2fc	0.171854540522971	8.33472245374229e-05	11997	9.808445480926586e-05	True	True	True
C_nb_pairwise	ES_vs_RS	85891	ENSMUSG00000074454	1.0094436770150087e-126	2.1068179879163422e-126	-2.766382571720189	log2fc	0.3137333504851536	8.33472245374229e-05	11997	9.808445480926586e-05	True	True	True
C_nb_pairwise	ES_vs_RS	43086	ENSMUSG00000024233	1.3250504908352116e-126	2.7559209861468462e-126	4.237389718285954	log2fc	0.4659980689305792	8.33472245374229e-05	11997	9.808445480926586e-05	True	True	True
C_nb_pairwise	ES_vs_RS	191886	ENSMUSG00000070283	5.7751925952408226e-126	1.1970035863492225e-125	2.5922686442236897	log2fc	0.4336417023159174	8.33472245374229e-05	11997	9.808445480926586e-05	True	True	True
C_nb_pairwise	ES_vs_RS	71969	ENSMUSG00000029564	6.438912334339637e-125	1.3299684442308419e-124	4.832488255950799	log2fc	0.2971648528935983	8.33472245374229e-05	11997	9.808445480926586e-05	True	True	True
C_nb_pairwise	ES_vs_RS	113669	ENSMUSG00000020526	1.2108218003780215e-124	2.4923788949362018e-124	3.933771402264631	log2fc	1.0442743832899914	8.33472245374229e-05	11997	9.808445480926586e-05	True	True	True
C_nb_pairwise	ES_vs_RS	4552	ENSMUSG00000042708	2.1774316887183483e-124	4.466717745007844e-124	4.409207395036706	log2fc	0.8175655036762882	8.33472245374229e-05	11997	9.808445480926586e-05	True	True	True
C_nb_pairwise	ES_vs_RS	85064	ENSMUSG00000031085	7.980523057214101e-124	1.6315130755191967e-123	-2.9159812417164868	log2fc	0.3336456884704606	8.33472245374229e-05	11997	9.808445480926586e-05	True	True	True
C_nb_pairwise	ES_vs_RS	21327	ENSMUSG00000001175	1.9428112776605488e-123	3.958312773192751e-123	4.103269938265259	log2fc	0.9591982181870016	8.33472245374229e-05	11997	9.808445480926586e-05	True	True	True
C_nb_pairwise	ES_vs_RS	35260	ENSMUSG00000023051	3.119195431780849e-123	6.333552758090607e-123	3.1829225176487994	log2fc	0.7807687678696575	8.33472245374229e-05	11997	9.808445480926586e-05	True	True	True
C_nb_pairwise	ES_vs_RS	60507	ENSMUSG00000004127	5.663760587506208e-123	1.1461461459176415e-122	3.303072214869305	log2fc	0.961506646550036	8.33472245374229e-05	11997	9.808445480926586e-05	True	True	True
C_nb_pairwise	ES_vs_RS	138688	ENSMUSG00000024033	2.9970995855614566e-122	6.044655393102061e-122	3.2041054265771005	log2fc	0.6608326749439036	8.33472245374229e-05	11997	9.808445480926586e-05	True	True	True
C_nb_pairwise	ES_vs_RS	47891	ENSMUSG00000025176	3.6523152980064965e-121	7.341398870825138e-121	-1.4114500430314143	log2fc	0.2833540029492888	8.33472245374229e-05	11997	9.808445480926586e-05	True	True	True
C_nb_pairwise	ES_vs_RS	183600	ENSMUSG00000015994	6.9221421596654865e-121	1.3867435296453602e-120	3.242127791437289	log2fc	0.6728855802489082	8.33472245374229e-05	11997	9.808445480926586e-05	True	True	True
C_nb_pairwise	ES_vs_RS	170268	ENSMUSG00000029437	6.688052528324889e-119	1.3353811548222025e-118	5.925237589867668	log2fc	0.7591286721244291	8.33472245374229e-05	11997	9.808445480926586e-05	True	True	True
C_nb_pairwise	ES_vs_RS	70646	ENSMUSG00000100704	2.3412678502974245e-117	4.659200805076935e-117	-2.041306600889846	log2fc	0.2539507998865511	8.33472245374229e-05	11997	9.808445480926586e-05	True	True	True
C_nb_pairwise	ES_vs_RS	194260	ENSMUSG00000100133	5.5702670031395785e-117	1.1048311042651018e-116	4.376605134041547	log2fc	0.2919304378963208	8.33472245374229e-05	11997	9.808445480926586e-05	True	True	True
C_nb_pairwise	ES_vs_RS	32089	ENSMUSG00000022270	5.728462985809665e-116	1.132458524257422e-115	-2.157579439492791	log2fc	0.4567483742917688	8.33472245374229e-05	11997	9.808445480926586e-05	True	True	True
C_nb_pairwise	ES_vs_RS	153058	ENSMUSG00000070708	3.5905432438459586e-115	7.074787510078057e-115	2.310596739442571	log2fc	0.8832634734851864	8.33472245374229e-05	11997	9.808445480926586e-05	True	True	True
C_nb_pairwise	ES_vs_RS	8957	ENSMUSG00000075706	4.913361400160441e-115	9.649519602282307e-115	0.5070752149128621	log2fc	0.0257088241888831	8.33472245374229e-05	11997	9.808445480926586e-05	True	True	False
C_nb_pairwise	ES_vs_RS	180739	ENSMUSG00000051437	9.055198997229234e-115	1.7725699997844154e-114	-2.3885882647078915	log2fc	0.4388422914121304	8.33472245374229e-05	11997	9.808445480926586e-05	True	True	True
C_nb_pairwise	ES_vs_RS	64552	ENSMUSG00000078593	9.832372700175127e-115	1.918433631076515e-114	-2.172507075594293	log2fc	0.1180205410612952	8.33472245374229e-05	11997	9.808445480926586e-05	True	True	True
C_nb_pairwise	ES_vs_RS	78597	ENSMUSG00000030161	1.7759794066113932e-114	3.4539339758448846e-114	-1.5681243399052027	log2fc	0.3181810455445021	8.33472245374229e-05	11997	9.808445480926586e-05	True	True	True
C_nb_pairwise	ES_vs_RS	34056	ENSMUSG00000061633	4.8487929150667096e-114	9.399439987459414e-114	4.110847833118695	log2fc	1.5314435121278436	8.33472245374229e-05	11997	9.808445480926586e-05	True	True	True
C_nb_pairwise	ES_vs_RS	58588	ENSMUSG00000027942	5.887938766030648e-114	1.1377017164039866e-113	4.567023441253777	log2fc	0.2490645523109791	8.33472245374229e-05	11997	9.808445480926586e-05	True	True	True
C_nb_pairwise	ES_vs_RS	92605	ENSMUSG00000032399	1.5557481957961266e-112	2.9964410587841803e-112	3.134648950173298	log2fc	0.639994590874757	8.33472245374229e-05	11997	9.808445480926586e-05	True	True	True
C_nb_pairwise	ES_vs_RS	598	ENSMUSG00000073725	1.9220896535543598e-112	3.690165713073915e-112	4.919123757714947	log2fc	0.4042639856870229	8.33472245374229e-05	11997	9.808445480926586e-05	True	True	True
C_nb_pairwise	ES_vs_RS	14807	ENSMUSG00000037926	2.0640151427472087e-112	3.949984250816543e-112	3.590552607887876	log2fc	0.6007428647383605	8.33472245374229e-05	11997	9.808445480926586e-05	True	True	True
C_nb_pairwise	ES_vs_RS	30196	ENSMUSG00000033589	1.0763942655064292e-111	2.053376321778188e-111	4.520719800086307	log2fc	1.193912224709501	8.33472245374229e-05	11997	9.808445480926586e-05	True	True	True
C_nb_pairwise	ES_vs_RS	134146	ENSMUSG00000022783	7.491152037540893e-111	1.4245079588847602e-110	3.7777262482657488	log2fc	1.6404548649536868	8.33472245374229e-05	11997	9.808445480926586e-05	True	True	True
C_nb_pairwise	ES_vs_RS	193004	ENSMUSG00000095293	1.2184698587391313e-110	2.287973183024262e-110	4.715916436000165	log2fc	0.1669624407900464	8.33472245374229e-05	11997	9.808445480926586e-05	True	True	True
C_nb_pairwise	ES_vs_RS	193001	ENSMUSG00000095546	1.2184698587391313e-110	2.287973183024262e-110	4.715916436000165	log2fc	0.1669624407900464	8.33472245374229e-05	11997	9.808445480926586e-05	True	True	True
C_nb_pairwise	ES_vs_RS	193010	ENSMUSG00000095887	1.2184698587391313e-110	2.287973183024262e-110	4.715916436000165	log2fc	0.1669624407900464	8.33472245374229e-05	11997	9.808445480926586e-05	True	True	True
C_nb_pairwise	ES_vs_RS	193008	ENSMUSG00000096457	1.2184698587391313e-110	2.287973183024262e-110	4.715916436000165	log2fc	0.1669624407900464	8.33472245374229e-05	11997	9.808445480926586e-05	True	True	True
C_nb_pairwise	ES_vs_RS	54715	ENSMUSG00000061689	1.2509171136476121e-110	2.3415604721091243e-110	-2.5581147010329537	log2fc	0.2811465538460989	8.33472245374229e-05	11997	9.808445480926586e-05	True	True	True
C_nb_pairwise	ES_vs_RS	178951	ENSMUSG00000040231	3.107640506717373e-109	5.798992721257652e-109	2.3932422372100337	log2fc	0.4993625351237769	8.33472245374229e-05	11997	9.808445480926586e-05	True	True	True
C_nb_pairwise	ES_vs_RS	13910	ENSMUSG00000042200	3.716838888620598e-109	6.9142437710675105e-109	-1.5669892820345876	log2fc	0.2168120162145983	8.33472245374229e-05	11997	9.808445480926586e-05	True	True	True
C_nb_pairwise	ES_vs_RS	75184	ENSMUSG00000029766	5.681311868422137e-109	1.0535931297785945e-108	-2.31478413113324	log2fc	0.2079805974225125	8.33472245374229e-05	11997	9.808445480926586e-05	True	True	True
C_nb_pairwise	ES_vs_RS	107398	ENSMUSG00000078442	1.5961416494652137e-108	2.9508915062643922e-108	6.30340722416163	log2fc	0.2812439587195135	8.33472245374229e-05	11997	9.808445480926586e-05	True	True	True
C_nb_pairwise	ES_vs_RS	81134	ENSMUSG00000063089	2.634467216933951e-108	4.855525732133651e-108	-2.540474954418173	log2fc	0.2060619870839891	8.33472245374229e-05	11997	9.808445480926586e-05	True	True	True
C_nb_pairwise	ES_vs_RS	156647	ENSMUSG00000027927	2.6460842157567495e-108	4.8619768258843344e-108	-1.5316599732669314	log2fc	0.226443636696707	8.33472245374229e-05	11997	9.808445480926586e-05	True	True	True
C_nb_pairwise	ES_vs_RS	73864	ENSMUSG00000047843	3.892777681026922e-108	7.13080682243158e-108	5.870128808574632	log2fc	0.5580593566113632	8.33472245374229e-05	11997	9.808445480926586e-05	True	True	True
C_nb_pairwise	ES_vs_RS	51119	ENSMUSG00000027088	3.394922206339593e-107	6.199873175601879e-107	4.3082385072355605	log2fc	0.9199032361252236	8.33472245374229e-05	11997	9.808445480926586e-05	True	True	True
C_nb_pairwise	ES_vs_RS	162416	ENSMUSG00000006398	6.926154307833311e-107	1.2610232311222351e-106	4.035392141625056	log2fc	0.8930014978694218	8.33472245374229e-05	11997	9.808445480926586e-05	True	True	True
C_nb_pairwise	ES_vs_RS	8986	ENSMUSG00000020156	6.548600664050025e-106	1.188670241747262e-105	4.067586503801892	log2fc	1.6551870938723046	8.33472245374229e-05	11997	9.808445480926586e-05	True	True	True
C_nb_pairwise	ES_vs_RS	4551	ENSMUSG00000042708	8.300113342108778e-106	1.5020446803393227e-105	3.997329045039226	log2fc	0.7205896188565558	8.33472245374229e-05	11997	9.808445480926586e-05	True	True	True
C_nb_pairwise	ES_vs_RS	139598	ENSMUSG00000118471	1.8788859853316003e-105	3.389917786788038e-105	-1.4634353839258631	log2fc	0.2597733446272386	8.33472245374229e-05	11997	9.808445480926586e-05	True	True	True
C_nb_pairwise	ES_vs_RS	182133	ENSMUSG00000030976	5.140618333817455e-105	9.24693808395392e-105	5.307697663281881	log2fc	0.2602963766993254	8.33472245374229e-05	11997	9.808445480926586e-05	True	True	True
C_nb_pairwise	ES_vs_RS	148173	ENSMUSG00000044320	6.1639192877826406e-105	1.1054454052041322e-104	-1.2757806530242863	log2fc	0.1801439988061446	8.33472245374229e-05	11997	9.808445480926586e-05	True	True	True
C_nb_pairwise	ES_vs_RS	170853	ENSMUSG00000040731	7.18508343382928e-105	1.2847358139891756e-104	-2.2792831017770543	log2fc	0.3389646238544508	8.33472245374229e-05	11997	9.808445480926586e-05	True	True	True
C_nb_pairwise	ES_vs_RS	116265	ENSMUSG00000048445	7.672741937272864e-105	1.3678489346507281e-104	-2.2729428514593204	log2fc	0.3038609928115947	8.33472245374229e-05	11997	9.808445480926586e-05	True	True	True
C_nb_pairwise	ES_vs_RS	13911	ENSMUSG00000042200	1.004610868975186e-104	1.7856436513831944e-104	-1.63832627413596	log2fc	0.1888511571143734	8.33472245374229e-05	11997	9.808445480926586e-05	True	True	True
C_nb_pairwise	ES_vs_RS	9990	ENSMUSG00000047025	3.771790348996118e-103	6.68432668357596e-103	2.262868554992249	log2fc	0.7989809180428095	8.33472245374229e-05	11997	9.808445480926586e-05	True	True	True
C_nb_pairwise	ES_vs_RS	148140	ENSMUSG00000026853	1.0589338292159371e-101	1.8710954681426142e-101	3.180742060213864	log2fc	0.5021624503787502	8.33472245374229e-05	11997	9.808445480926586e-05	True	True	True
C_nb_pairwise	ES_vs_RS	189508	ENSMUSG00000045620	1.171123491829047e-100	2.0632440341341152e-100	4.989174944269347	log2fc	0.2045686117036435	8.33472245374229e-05	11997	9.808445480926586e-05	True	True	True
C_nb_pairwise	ES_vs_RS	75186	ENSMUSG00000029766	3.7328524501002727e-100	6.557122045777312e-100	-1.850171280522708	log2fc	0.1133908996656935	8.33472245374229e-05	11997	9.808445480926586e-05	True	True	True
C_nb_pairwise	ES_vs_RS	115836	ENSMUSG00000020743	4.050500619130242e-100	7.094297868008816e-100	4.164060183083917	log2fc	1.093388278772537	8.33472245374229e-05	11997	9.808445480926586e-05	True	True	True
C_nb_pairwise	ES_vs_RS	95776	ENSMUSG00000073257	6.251610553482382e-100	1.082287491773395e-99	4.948905985063179	log2fc	0.1571626365519546	8.33472245374229e-05	11997	9.808445480926586e-05	True	True	True
C_nb_pairwise	ES_vs_RS	95837	ENSMUSG00000073247	6.251610553482382e-100	1.082287491773395e-99	4.948905985063179	log2fc	0.1571626365519546	8.33472245374229e-05	11997	9.808445480926586e-05	True	True	True
C_nb_pairwise	ES_vs_RS	95842	ENSMUSG00000073245	6.251610553482382e-100	1.082287491773395e-99	4.948905985063179	log2fc	0.1571626365519546	8.33472245374229e-05	11997	9.808445480926586e-05	True	True	True
C_nb_pairwise	ES_vs_RS	95779	ENSMUSG00000073255	6.251610553482382e-100	1.082287491773395e-99	4.948905985063179	log2fc	0.1571626365519546	8.33472245374229e-05	11997	9.808445480926586e-05	True	True	True
C_nb_pairwise	ES_vs_RS	77093	ENSMUSG00000048206	9.03080107022608e-100	1.5589192625548764e-99	-1.5125296140216729	log2fc	0.2910592227553357	8.33472245374229e-05	11997	9.808445480926586e-05	True	True	True
C_nb_pairwise	ES_vs_RS	159534	ENSMUSG00000028264	5.128850437950253e-99	8.828107506701728e-99	5.548668100312915	log2fc	0.2100030317011733	8.33472245374229e-05	11997	9.808445480926586e-05	True	True	True
C_nb_pairwise	ES_vs_RS	2729	ENSMUSG00000026226	9.05926416943492e-99	1.5548708416881135e-98	-1.5852230155075178	log2fc	0.314801428725061	8.33472245374229e-05	11997	9.808445480926586e-05	True	True	True
C_nb_pairwise	ES_vs_RS	108806	ENSMUSG00000074748	9.40923016911796e-99	1.6103225346576168e-98	2.917487305590944	log2fc	1.274104942086688	8.33472245374229e-05	11997	9.808445480926586e-05	True	True	True
C_nb_pairwise	ES_vs_RS	157400	ENSMUSG00000055891	9.984136302222647e-99	1.703845482914919e-98	-1.4582435005213696	log2fc	0.3415279254993513	8.33472245374229e-05	11997	9.808445480926586e-05	True	True	True
C_nb_pairwise	ES_vs_RS	60540	ENSMUSG00000028156	1.1798298770674469e-98	2.0077218646687523e-98	-1.9679180822881812	log2fc	0.3050430791234214	8.33472245374229e-05	11997	9.808445480926586e-05	True	True	True
C_nb_pairwise	ES_vs_RS	70434	ENSMUSG00000036323	4.552945141052917e-98	7.725819092041636e-98	-2.420811691842352	log2fc	0.4985065538006518	8.33472245374229e-05	11997	9.808445480926586e-05	True	True	True
C_nb_pairwise	ES_vs_RS	74966	ENSMUSG00000079652	2.1663385236607475e-97	3.6553148610501065e-97	-1.7627147116118504	log2fc	0.3802830435981713	8.33472245374229e-05	11997	9.808445480926586e-05	True	True	True
C_nb_pairwise	ES_vs_RS	25036	ENSMUSG00000069189	2.1625410249362692e-97	3.6553148610501065e-97	5.600694487218258	log2fc	0.6975079006385327	8.33472245374229e-05	11997	9.808445480926586e-05	True	True	True
C_nb_pairwise	ES_vs_RS	193510	ENSMUSG00000079579	3.3981167925722664e-97	5.717617861659516e-97	-1.8006320673377545	log2fc	0.2312726101497034	8.33472245374229e-05	11997	9.808445480926586e-05	True	True	True
C_nb_pairwise	ES_vs_RS	157018	ENSMUSG00000038170	6.624153040242251e-97	1.1114475269201985e-96	3.8044855634581753	log2fc	1.074470012542184	8.33472245374229e-05	11997	9.808445480926586e-05	True	True	True
C_nb_pairwise	ES_vs_RS	112532	ENSMUSG00000041165	3.292232810935188e-96	5.508512440642954e-96	-1.9538044753620976	log2fc	0.3370383441171165	8.33472245374229e-05	11997	9.808445480926586e-05	True	True	True
C_nb_pairwise	ES_vs_RS	120005	ENSMUSG00000021270	1.0867140399725022e-95	1.813208105692281e-95	3.712731077671796	log2fc	0.575763684852708	8.33472245374229e-05	11997	9.808445480926586e-05	True	True	True
C_nb_pairwise	ES_vs_RS	70433	ENSMUSG00000036323	1.982928432892933e-95	3.299372586952408e-95	-2.43928460859421	log2fc	0.5519586281515255	8.33472245374229e-05	11997	9.808445480926586e-05	True	True	True
C_nb_pairwise	ES_vs_RS	188304	ENSMUSG00000032239	5.250522661235087e-95	8.712086077783424e-95	3.0418960053775432	log2fc	0.8491410645536202	8.33472245374229e-05	11997	9.808445480926586e-05	True	True	True
C_nb_pairwise	ES_vs_RS	144968	ENSMUSG00000024654	9.18791724088328e-95	1.5203211125107971e-94	2.9554229237228147	log2fc	0.6642531729190561	8.33472245374229e-05	11997	9.808445480926586e-05	True	True	True
C_nb_pairwise	ES_vs_RS	145052	ENSMUSG00000034371	6.441101339342549e-94	1.062870441395644e-93	3.672574147890872	log2fc	0.983697582573171	8.33472245374229e-05	11997	9.808445480926586e-05	True	True	True
C_nb_pairwise	ES_vs_RS	62814	ENSMUSG00000015242	8.560491834672552e-94	1.4087182991672688e-93	6.507917290657603	log2fc	0.0001	8.33472245374229e-05	11997	9.808445480926586e-05	True	True	True
C_nb_pairwise	ES_vs_RS	13912	ENSMUSG00000042200	9.383334605167962e-93	1.539895185889208e-92	-1.5291367048400086	log2fc	0.2099387556584695	8.33472245374229e-05	11997	9.808445480926586e-05	True	True	True
C_nb_pairwise	ES_vs_RS	156648	ENSMUSG00000027927	1.478781254143102e-92	2.420191178228738e-92	-1.7043778454910088	log2fc	0.3210244504541612	8.33472245374229e-05	11997	9.808445480926586e-05	True	True	True
C_nb_pairwise	ES_vs_RS	153594	ENSMUSG00000027496	3.1192414647637435e-92	5.0910780310449113e-92	3.876915851654672	log2fc	1.829625593549218	8.33472245374229e-05	11997	9.808445480926586e-05	True	True	True
C_nb_pairwise	ES_vs_RS	193511	ENSMUSG00000079579	4.047280574198379e-92	6.587828978110948e-92	-1.781160033861562	log2fc	0.3499539637077344	8.33472245374229e-05	11997	9.808445480926586e-05	True	True	True
C_nb_pairwise	ES_vs_RS	41549	ENSMUSG00000021545	3.58863238951704e-91	5.825449326072375e-91	5.902726767355337	log2fc	0.5497904438397698	8.33472245374229e-05	11997	9.808445480926586e-05	True	True	True
C_nb_pairwise	ES_vs_RS	70432	ENSMUSG00000036323	1.8749614713485661e-90	3.035410598210245e-90	-2.420176688301736	log2fc	0.3210052321795197	8.33472245374229e-05	11997	9.808445480926586e-05	True	True	True
C_nb_pairwise	ES_vs_RS	77092	ENSMUSG00000048206	2.1596332276218033e-90	3.486847178828733e-90	-1.6526298305024865	log2fc	0.5177010047970261	8.33472245374229e-05	11997	9.808445480926586e-05	True	True	True
C_nb_pairwise	ES_vs_RS	139599	ENSMUSG00000118471	3.238698479766955e-88	5.215001046721521e-88	-1.345231455479288	log2fc	0.2076205571096977	8.33472245374229e-05	11997	9.808445480926586e-05	True	True	True
C_nb_pairwise	ES_vs_RS	47890	ENSMUSG00000025176	5.2248815360651495e-87	8.390627453359315e-87	-1.2699516135483335	log2fc	0.1903886079508573	8.33472245374229e-05	11997	9.808445480926586e-05	True	True	True
C_nb_pairwise	ES_vs_RS	148139	ENSMUSG00000026853	5.6608134107785625e-87	9.06638297608652e-87	3.0615558714031432	log2fc	0.656410963729013	8.33472245374229e-05	11997	9.808445480926586e-05	True	True	True
C_nb_pairwise	ES_vs_RS	86832	ENSMUSG00000031631	1.5774680606136734e-86	2.519742315486908e-86	4.0569732633774445	log2fc	1.1502833519713624	8.33472245374229e-05	11997	9.808445480926586e-05	True	True	True
C_nb_pairwise	ES_vs_RS	139597	ENSMUSG00000118471	7.127633873835108e-86	1.1354927368157526e-85	-1.3242722238624618	log2fc	0.1588429976245639	8.33472245374229e-05	11997	9.808445480926586e-05	True	True	True
C_nb_pairwise	ES_vs_RS	156661	ENSMUSG00000074435	1.834228756883846e-85	2.914331632290249e-85	-0.8797005019794624	log2fc	0.1711025524372495	8.33472245374229e-05	11997	9.808445480926586e-05	True	True	False
C_nb_pairwise	ES_vs_RS	50215	ENSMUSG00000026864	8.028195211508726e-85	1.2721928390724146e-84	3.6048137329814103	log2fc	1.801492402623894	8.33472245374229e-05	11997	9.808445480926586e-05	True	True	True
C_nb_pairwise	ES_vs_RS	182938	ENSMUSG00000031452	8.340578600502098e-85	1.318207541345846e-84	-1.2950535101371976	log2fc	0.2477208655039825	8.33472245374229e-05	11997	9.808445480926586e-05	True	True	True
C_nb_pairwise	ES_vs_RS	22889	ENSMUSG00000085861	1.0532878730272438e-84	1.6603143051139971e-84	5.383728042548297	log2fc	0.2378356360577553	8.33472245374229e-05	11997	9.808445480926586e-05	True	True	True
C_nb_pairwise	ES_vs_RS	86833	ENSMUSG00000031631	1.3546818045323836e-84	2.1298015772044563e-84	4.165319517493299	log2fc	1.044051594733365	8.33472245374229e-05	11997	9.808445480926586e-05	True	True	True
C_nb_pairwise	ES_vs_RS	115835	ENSMUSG00000020743	1.9750671055728463e-84	3.0970293095239136e-84	4.174795880850581	log2fc	1.374771414230516	8.33472245374229e-05	11997	9.808445480926586e-05	True	True	True
C_nb_pairwise	ES_vs_RS	104976	ENSMUSG00000019795	8.50340580039976e-84	1.3299060246578216e-83	-1.1067786989984862	log2fc	0.124165027587956	8.33472245374229e-05	11997	9.808445480926586e-05	True	True	True
C_nb_pairwise	ES_vs_RS	107178	ENSMUSG00000001666	1.593848722486166e-83	2.4862379811698264e-83	3.699056645028192	log2fc	1.1185801168967435	8.33472245374229e-05	11997	9.808445480926586e-05	True	True	True
C_nb_pairwise	ES_vs_RS	78595	ENSMUSG00000030161	2.8101792011649306e-83	4.372200887007255e-83	-1.6387000364860786	log2fc	0.106805464120653	8.33472245374229e-05	11997	9.808445480926586e-05	True	True	True
C_nb_pairwise	ES_vs_RS	116189	ENSMUSG00000062825	8.409052363428567e-83	1.3049280740139148e-82	3.0312495752208104	log2fc	0.901383998996228	8.33472245374229e-05	11997	9.808445480926586e-05	True	True	True
C_nb_pairwise	ES_vs_RS	188564	ENSMUSG00000050471	3.945031804877743e-82	6.106134499022655e-82	3.849943938504353	log2fc	1.741509415041392	8.33472245374229e-05	11997	9.808445480926586e-05	True	True	True
C_nb_pairwise	ES_vs_RS	60538	ENSMUSG00000028156	4.517228065267553e-82	6.973761884266146e-82	-2.03654103000336	log2fc	0.558339098193328	8.33472245374229e-05	11997	9.808445480926586e-05	True	True	True
C_nb_pairwise	ES_vs_RS	70431	ENSMUSG00000036323	9.620872085311783e-82	1.4814659072241022e-81	-2.4185768114537143	log2fc	1.4451234204558363	8.33472245374229e-05	11997	9.808445480926586e-05	True	True	True
C_nb_pairwise	ES_vs_RS	70454	ENSMUSG00000063820	2.2586673722612256e-81	3.4690814256012158e-81	-1.8887565904588597	log2fc	0.3036493648590536	8.33472245374229e-05	11997	9.808445480926586e-05	True	True	True
C_nb_pairwise	ES_vs_RS	112531	ENSMUSG00000041165	2.637548187700575e-81	4.0406428757868136e-81	-1.6552301182569018	log2fc	0.2382777290384884	8.33472245374229e-05	11997	9.808445480926586e-05	True	True	True
C_nb_pairwise	ES_vs_RS	144756	ENSMUSG00000024953	3.1132685695434203e-81	4.757264982542114e-81	3.803697321440709	log2fc	1.0223577086206497	8.33472245374229e-05	11997	9.808445480926586e-05	True	True	True
C_nb_pairwise	ES_vs_RS	107268	ENSMUSG00000001120	3.88285139350832e-81	5.918137365678076e-81	3.706436987227628	log2fc	1.2007934518972323	8.33472245374229e-05	11997	9.808445480926586e-05	True	True	True
C_nb_pairwise	ES_vs_RS	56745	ENSMUSG00000027680	4.95279374679885e-81	7.5297549602348e-81	-2.0167137176480456	log2fc	0.5421929504565025	8.33472245374229e-05	11997	9.808445480926586e-05	True	True	True
C_nb_pairwise	ES_vs_RS	177331	ENSMUSG00000030403	3.0225222938456425e-79	4.583521149401367e-79	-1.533799082743447	log2fc	0.1590804949616565	8.33472245374229e-05	11997	9.808445480926586e-05	True	True	True
C_nb_pairwise	ES_vs_RS	193515	ENSMUSG00000079579	4.466522831851005e-79	6.756179738077657e-79	-2.03031283510069	log2fc	0.488024274108822	8.33472245374229e-05	11997	9.808445480926586e-05	True	True	True
C_nb_pairwise	ES_vs_RS	189951	ENSMUSG00000036867	6.157633883106249e-79	9.290737269472651e-79	6.239680177266811	log2fc	0.4298013020376233	8.33472245374229e-05	11997	9.808445480926586e-05	True	True	True
C_nb_pairwise	ES_vs_RS	138483	ENSMUSG00000045378	6.362811518128434e-79	9.576191204419427e-79	4.404531687291397	log2fc	2.3575014383930744	8.33472245374229e-05	11997	9.808445480926586e-05	True	True	True
C_nb_pairwise	ES_vs_RS	181297	ENSMUSG00000042246	1.0035934879103612e-78	1.5066478678153042e-78	5.999778740708307	log2fc	0.5122202226902698	8.33472245374229e-05	11997	9.808445480926586e-05	True	True	True
C_nb_pairwise	ES_vs_RS	94313	ENSMUSG00000010044	2.624576417153041e-78	3.9303031846866787e-78	3.268576733051056	log2fc	1.5436860453279064	8.33472245374229e-05	11997	9.808445480926586e-05	True	True	True
C_nb_pairwise	ES_vs_RS	157401	ENSMUSG00000055891	2.315420763735527e-77	3.458695854058805e-77	-1.3370999613335932	log2fc	0.2057427882084107	8.33472245374229e-05	11997	9.808445480926586e-05	True	True	True
C_nb_pairwise	ES_vs_RS	47892	ENSMUSG00000025176	1.2257719886680312e-76	1.8264612467963948e-76	-1.0346103553120092	log2fc	0.1889089972468399	8.33472245374229e-05	11997	9.808445480926586e-05	True	True	True
C_nb_pairwise	ES_vs_RS	156660	ENSMUSG00000074435	1.089924024375491e-74	1.6200111429303204e-74	-0.770511557984673	log2fc	0.1398318947133019	8.33472245374229e-05	11997	9.808445480926586e-05	True	True	False
C_nb_pairwise	ES_vs_RS	187833	ENSMUSG00000053914	5.255024229827914e-74	7.7914839447201e-74	3.820467403380986	log2fc	0.0001	8.33472245374229e-05	11997	9.808445480926586e-05	True	True	True
C_nb_pairwise	ES_vs_RS	189572	ENSMUSG00000032306	5.927824461952914e-74	8.767325562246408e-74	3.0028994160584976	log2fc	0.8798322742755348	8.33472245374229e-05	11997	9.808445480926586e-05	True	True	True
C_nb_pairwise	ES_vs_RS	9065	ENSMUSG00000003345	5.435307234935992e-73	8.01908628996714e-73	-1.7247098053188274	log2fc	0.3059273509544281	8.33472245374229e-05	11997	9.808445480926586e-05	True	True	True
C_nb_pairwise	ES_vs_RS	178153	ENSMUSG00000036427	4.564808663529807e-71	6.718231915121263e-71	-1.7496478964034876	log2fc	0.2378607204165934	8.33472245374229e-05	11997	9.808445480926586e-05	True	True	True
C_nb_pairwise	ES_vs_RS	14308	ENSMUSG00000020827	6.323923969947438e-71	9.28438837744734e-71	-1.6323963864823674	log2fc	0.1665553270400473	8.33472245374229e-05	11997	9.808445480926586e-05	True	True	True
C_nb_pairwise	ES_vs_RS	17797	ENSMUSG00000025371	1.950335470487905e-70	2.856359283183997e-70	3.6468090783043854	log2fc	1.1540332145921273	8.33472245374229e-05	11997	9.808445480926586e-05	True	True	True
C_nb_pairwise	ES_vs_RS	21550	ENSMUSG00000021203	2.204523015342248e-70	3.2207543565609917e-70	-1.4604664336705184	log2fc	0.3248043748531369	8.33472245374229e-05	11997	9.808445480926586e-05	True	True	True
C_nb_pairwise	ES_vs_RS	112952	ENSMUSG00000000751	3.805528931667857e-70	5.546257494085271e-70	3.7612772292320416	log2fc	2.006600913123289	8.33472245374229e-05	11997	9.808445480926586e-05	True	True	True
C_nb_pairwise	ES_vs_RS	78596	ENSMUSG00000030161	1.914128048875112e-69	2.782919177854835e-69	-1.77175328809927	log2fc	0.1743328233966488	8.33472245374229e-05	11997	9.808445480926586e-05	True	True	True
C_nb_pairwise	ES_vs_RS	123854	ENSMUSG00000045022	1.964017075231549e-69	2.8485380824786873e-69	-1.1324971218245656	log2fc	0.2932197898407379	8.33472245374229e-05	11997	9.808445480926586e-05	True	True	True
C_nb_pairwise	ES_vs_RS	137916	ENSMUSG00000040097	3.1601439282386623e-69	4.5722855386834754e-69	3.819571494618669	log2fc	1.4016660048479437	8.33472245374229e-05	11997	9.808445480926586e-05	True	True	True
C_nb_pairwise	ES_vs_RS	33581	ENSMUSG00000049653	2.362303632389837e-68	3.4096864477144884e-68	2.5502537658786477	log2fc	0.5517311888210912	8.33472245374229e-05	11997	9.808445480926586e-05	True	True	True
C_nb_pairwise	ES_vs_RS	17703	ENSMUSG00000017716	2.7351590399655634e-68	3.938366021488877e-68	3.070752102547736	log2fc	1.0297625213600852	8.33472245374229e-05	11997	9.808445480926586e-05	True	True	True
C_nb_pairwise	ES_vs_RS	17704	ENSMUSG00000017716	3.618078627899146e-68	5.197192081802371e-68	2.971969715258252	log2fc	0.9428858109660176	8.33472245374229e-05	11997	9.808445480926586e-05	True	True	True
C_nb_pairwise	ES_vs_RS	84811	ENSMUSG00000060260	4.60001795852292e-68	6.5918917635292555e-68	-1.3329214629957051	log2fc	0.2990685860771567	8.33472245374229e-05	11997	9.808445480926586e-05	True	True	True
C_nb_pairwise	ES_vs_RS	33846	ENSMUSG00000022428	2.5640280249083555e-67	3.665519777852279e-67	2.972355625150313	log2fc	1.1115493735716993	8.33472245374229e-05	11997	9.808445480926586e-05	True	True	True
C_nb_pairwise	ES_vs_RS	152383	ENSMUSG00000032869	4.725244189033667e-67	6.739098260074207e-67	-0.9850236307828188	log2fc	0.1752978789963272	8.33472245374229e-05	11997	9.808445480926586e-05	True	True	False
C_nb_pairwise	ES_vs_RS	16890	ENSMUSG00000049506	1.1525025189377505e-66	1.6397838689874408e-66	-1.822573985747312	log2fc	0.5685006797337262	8.33472245374229e-05	11997	9.808445480926586e-05	True	True	True
C_nb_pairwise	ES_vs_RS	151068	ENSMUSG00000027286	3.765598505274575e-66	5.345008304880262e-66	-1.9017740944782684	log2fc	0.3464658116235636	8.33472245374229e-05	11997	9.808445480926586e-05	True	True	True
C_nb_pairwise	ES_vs_RS	88119	ENSMUSG00000005483	1.2803443506627861e-65	1.8130644587399736e-65	4.078808886082755	log2fc	1.505863926732991	8.33472245374229e-05	11997	9.808445480926586e-05	True	True	True
C_nb_pairwise	ES_vs_RS	132376	ENSMUSG00000048755	2.606903090685064e-65	3.6828654512272484e-65	3.863978935928877	log2fc	1.312265136669623	8.33472245374229e-05	11997	9.808445480926586e-05	True	True	True
C_nb_pairwise	ES_vs_RS	44598	ENSMUSG00000057719	1.1821907603791771e-64	1.6661935658050052e-64	-1.3617746969158848	log2fc	0.4388279424757385	8.33472245374229e-05	11997	9.808445480926586e-05	True	True	True
C_nb_pairwise	ES_vs_RS	60539	ENSMUSG00000028156	4.32304453051946e-64	6.07864712155201e-64	-1.8187818144405792	log2fc	0.4985401611758785	8.33472245374229e-05	11997	9.808445480926586e-05	True	True	True
C_nb_pairwise	ES_vs_RS	17885	ENSMUSG00000025156	7.550753536967189e-64	1.0592274868017204e-63	3.003588503230355	log2fc	0.9296543621183084	8.33472245374229e-05	11997	9.808445480926586e-05	True	True	True
C_nb_pairwise	ES_vs_RS	88674	ENSMUSG00000031776	1.6701929055737474e-63	2.3374896038286796e-63	-1.3278666899136191	log2fc	0.4217593700825526	8.33472245374229e-05	11997	9.808445480926586e-05	True	True	True
C_nb_pairwise	ES_vs_RS	114430	ENSMUSG00000018669	1.8406419341158497e-63	2.570033842739846e-63	2.249058705386878	log2fc	0.9211075710818296	8.33472245374229e-05	11997	9.808445480926586e-05	True	True	True
C_nb_pairwise	ES_vs_RS	148366	ENSMUSG00000026791	1.8485976187646696e-63	2.5751394735814817e-63	3.1897694525850584	log2fc	0.0001	8.33472245374229e-05	11997	9.808445480926586e-05	True	True	True
C_nb_pairwise	ES_vs_RS	163024	ENSMUSG00000048686	2.584934723639537e-63	3.592519488306456e-63	-1.498657878011901	log2fc	0.7203392919888599	8.33472245374229e-05	11997	9.808445480926586e-05	True	True	True
C_nb_pairwise	ES_vs_RS	131884	ENSMUSG00000033055	2.2462980358168514e-62	3.114658619107162e-62	2.1565828726030487	log2fc	0.9160668379912206	8.33472245374229e-05	11997	9.808445480926586e-05	True	True	True
C_nb_pairwise	ES_vs_RS	112525	ENSMUSG00000044084	2.5401347039026565e-62	3.513950779763721e-62	-1.3904922017365535	log2fc	0.495339540871339	8.33472245374229e-05	11997	9.808445480926586e-05	True	True	True
C_nb_pairwise	ES_vs_RS	41862	ENSMUSG00000002372	6.6590670743025816e-62	9.19074004033928e-62	3.305736475926727	log2fc	1.5708242005537287	8.33472245374229e-05	11997	9.808445480926586e-05	True	True	True
C_nb_pairwise	ES_vs_RS	172284	ENSMUSG00000017978	6.6922299657943225e-62	9.215277585082297e-62	-1.4398769780579628	log2fc	0.4973070864557675	8.33472245374229e-05	11997	9.808445480926586e-05	True	True	True
C_nb_pairwise	ES_vs_RS	60541	ENSMUSG00000028156	9.669268620214603e-62	1.328415574199208e-61	-1.7060356811704678	log2fc	0.6493402188843762	8.33472245374229e-05	11997	9.808445480926586e-05	True	True	True
C_nb_pairwise	ES_vs_RS	49198	ENSMUSG00000037708	2.3837224434418187e-61	3.2673907176696776e-61	6.281072718787516	log2fc	0.3157068691597852	8.33472245374229e-05	11997	9.808445480926586e-05	True	True	True
C_nb_pairwise	ES_vs_RS	115892	ENSMUSG00000034341	2.673919522991633e-61	3.6567986170593335e-61	3.5965527029798805	log2fc	2.030959985373721	8.33472245374229e-05	11997	9.808445480926586e-05	True	True	True
C_nb_pairwise	ES_vs_RS	33582	ENSMUSG00000049653	2.2543262249299307e-60	3.07594853925519e-60	3.208031216253002	log2fc	1.337060547913735	8.33472245374229e-05	11997	9.808445480926586e-05	True	True	True
C_nb_pairwise	ES_vs_RS	177887	ENSMUSG00000030591	4.213632224820099e-60	5.736285687880091e-60	3.311331457881209	log2fc	1.0074992793886857	8.33472245374229e-05	11997	9.808445480926586e-05	True	True	True
C_nb_pairwise	ES_vs_RS	18442	ENSMUSG00000020571	1.14703125884599e-59	1.557985768818023e-59	2.929261255182133	log2fc	1.9232811354430068	8.33472245374229e-05	11997	9.808445480926586e-05	True	True	True
C_nb_pairwise	ES_vs_RS	91596	ENSMUSG00000002031	3.8577984156299682e-59	5.228102377742876e-59	3.235690396173544	log2fc	1.2590394552857729	8.33472245374229e-05	11997	9.808445480926586e-05	True	True	True
C_nb_pairwise	ES_vs_RS	156663	ENSMUSG00000074435	4.019742223527715e-59	5.435272216462983e-59	-0.803084262994387	log2fc	0.1093803335771504	8.33472245374229e-05	11997	9.808445480926586e-05	True	True	False
C_nb_pairwise	ES_vs_RS	182916	ENSMUSG00000038515	1.7941049394548842e-58	2.4204253575078284e-58	3.299869264822311	log2fc	0.9598089780966556	8.33472245374229e-05	11997	9.808445480926586e-05	True	True	True
C_nb_pairwise	ES_vs_RS	156697	ENSMUSG00000028141	2.685652266176598e-58	3.615069005482657e-58	-0.7710486488249925	log2fc	0.1622869188120787	8.33472245374229e-05	11997	9.808445480926586e-05	True	True	False
C_nb_pairwise	ES_vs_RS	157399	ENSMUSG00000055891	5.2995849385996906e-58	7.11760398704308e-58	-1.1145144503442996	log2fc	0.1479244746751196	8.33472245374229e-05	11997	9.808445480926586e-05	True	True	True
C_nb_pairwise	ES_vs_RS	182304	ENSMUSG00000073795	6.267331737068217e-58	8.398504945198796e-58	3.004926052835142	log2fc	1.2647396982147026	8.33472245374229e-05	11997	9.808445480926586e-05	True	True	True
C_nb_pairwise	ES_vs_RS	110861	ENSMUSG00000020270	9.002330696622445e-58	1.20365984091001e-57	-1.2970833033488471	log2fc	0.4854337953858688	8.33472245374229e-05	11997	9.808445480926586e-05	True	True	True
C_nb_pairwise	ES_vs_RS	52550	ENSMUSG00000044042	1.2526360322349048e-57	1.6711113214002407e-57	-1.4181267492642569	log2fc	0.3424241296275677	8.33472245374229e-05	11997	9.808445480926586e-05	True	True	True
C_nb_pairwise	ES_vs_RS	94739	ENSMUSG00000044664	6.144497535432152e-57	8.179008941608577e-57	3.4119963223553067	log2fc	0.0001	8.33472245374229e-05	11997	9.808445480926586e-05	True	True	True
C_nb_pairwise	ES_vs_RS	175617	ENSMUSG00000003153	7.446367170018286e-56	9.889964378804775e-56	3.105404516674224	log2fc	1.985412217593336	8.33472245374229e-05	11997	9.808445480926586e-05	True	True	True
C_nb_pairwise	ES_vs_RS	163359	ENSMUSG00000028896	1.6160032948594008e-55	2.141561888541551e-55	3.532007239441775	log2fc	1.563853612923287	8.33472245374229e-05	11997	9.808445480926586e-05	True	True	True
C_nb_pairwise	ES_vs_RS	140723	ENSMUSG00000036533	4.1238145777166745e-55	5.4529027197622256e-55	2.9900226256299147	log2fc	0.0001	8.33472245374229e-05	11997	9.808445480926586e-05	True	True	True
C_nb_pairwise	ES_vs_RS	64902	ENSMUSG00000047518	6.514119319459237e-55	8.59461998316318e-55	-1.4090366474298976	log2fc	0.5494387541008572	8.33472245374229e-05	11997	9.808445480926586e-05	True	True	True
C_nb_pairwise	ES_vs_RS	89731	ENSMUSG00000031839	1.4616818761291042e-54	1.9242800962666668e-54	3.263713876136608	log2fc	1.4106439252374194	8.33472245374229e-05	11997	9.808445480926586e-05	True	True	True
C_nb_pairwise	ES_vs_RS	6844	ENSMUSG00000050844	4.0833315196851035e-54	5.363849956779337e-54	3.309681599839095	log2fc	2.072111403418503	8.33472245374229e-05	11997	9.808445480926586e-05	True	True	True
C_nb_pairwise	ES_vs_RS	17886	ENSMUSG00000025156	4.1352712785168336e-54	5.420191456961891e-54	2.9994142181179577	log2fc	1.0788758196521315	8.33472245374229e-05	11997	9.808445480926586e-05	True	True	True
C_nb_pairwise	ES_vs_RS	100192	ENSMUSG00000025982	1.0429929307904277e-53	1.3640890077368261e-53	3.901902837255341	log2fc	0.0001	8.33472245374229e-05	11997	9.808445480926586e-05	True	True	True
C_nb_pairwise	ES_vs_RS	163023	ENSMUSG00000048686	1.0719497933029181e-53	1.3989061572733072e-53	-1.3589736798596903	log2fc	0.6460542222716988	8.33472245374229e-05	11997	9.808445480926586e-05	True	True	True
C_nb_pairwise	ES_vs_RS	178041	ENSMUSG00000006310	1.3044373743561282e-53	1.69860432008548e-53	3.757120138517193	log2fc	1.7469767756195522	8.33472245374229e-05	11997	9.808445480926586e-05	True	True	True
C_nb_pairwise	ES_vs_RS	29943	ENSMUSG00000022033	2.429956797828774e-53	3.157362520389232e-53	3.6018025521256862	log2fc	1.450402259968111	8.33472245374229e-05	11997	9.808445480926586e-05	True	True	True
C_nb_pairwise	ES_vs_RS	138062	ENSMUSG00000039183	3.797307893065216e-53	4.923349411138667e-53	2.780854559571387	log2fc	1.2058925323232712	8.33472245374229e-05	11997	9.808445480926586e-05	True	True	True
C_nb_pairwise	ES_vs_RS	103265	ENSMUSG00000026592	4.368446926225711e-53	5.651619241488555e-53	-1.1724158450817626	log2fc	0.3632249001353936	8.33472245374229e-05	11997	9.808445480926586e-05	True	True	True
C_nb_pairwise	ES_vs_RS	95545	ENSMUSG00000040456	9.856647874066816e-53	1.2724422578806085e-52	-1.229962855238451	log2fc	0.487333187531012	8.33472245374229e-05	11997	9.808445480926586e-05	True	True	True
C_nb_pairwise	ES_vs_RS	133815	ENSMUSG00000050058	1.438408281284156e-52	1.852917334385397e-52	-0.999666448544915	log2fc	0.3980426660258038	8.33472245374229e-05	11997	9.808445480926586e-05	True	True	False
C_nb_pairwise	ES_vs_RS	132629	ENSMUSG00000022388	2.5006078212704492e-52	3.2143006114613716e-52	2.009706542182488	log2fc	0.9493834224125808	8.33472245374229e-05	11997	9.808445480926586e-05	True	True	True
C_nb_pairwise	ES_vs_RS	61006	ENSMUSG00000038997	4.796947557682721e-52	6.1528299508607065e-52	-1.3868882725630238	log2fc	0.5519351755162882	8.33472245374229e-05	11997	9.808445480926586e-05	True	True	True
C_nb_pairwise	ES_vs_RS	107176	ENSMUSG00000001666	7.279390762449997e-50	9.31699800578536e-50	3.164885578155535	log2fc	0.9833207220642508	8.33472245374229e-05	11997	9.808445480926586e-05	True	True	True
C_nb_pairwise	ES_vs_RS	163022	ENSMUSG00000048686	2.0384741368093438e-49	2.603509611831124e-49	-1.1964997031026965	log2fc	0.5511976849278791	8.33472245374229e-05	11997	9.808445480926586e-05	True	True	True
C_nb_pairwise	ES_vs_RS	11497	ENSMUSG00000034614	6.032733382723091e-48	7.688526162236452e-48	3.205051930851248	log2fc	1.7491964437295642	8.33472245374229e-05	11997	9.808445480926586e-05	True	True	True
C_nb_pairwise	ES_vs_RS	110669	ENSMUSG00000020460	1.8064197409499729e-47	2.297336358448055e-47	2.261325305137071	log2fc	1.069732142243722	8.33472245374229e-05	11997	9.808445480926586e-05	True	True	True
C_nb_pairwise	ES_vs_RS	133039	ENSMUSG00000048077	3.051075372611549e-47	3.8720215004116903e-47	-1.1148579460746706	log2fc	0.3837509409944179	8.33472245374229e-05	11997	9.808445480926586e-05	True	True	True
C_nb_pairwise	ES_vs_RS	40813	ENSMUSG00000002308	6.851254305348089e-47	8.676324162586692e-47	2.3067393915143737	log2fc	1.1570676415510786	8.33472245374229e-05	11997	9.808445480926586e-05	True	True	True
C_nb_pairwise	ES_vs_RS	107972	ENSMUSG00000020048	1.2194509939540478e-46	1.5410361716845456e-46	3.6124402725907183	log2fc	2.086708629205537	8.33472245374229e-05	11997	9.808445480926586e-05	True	True	True
C_nb_pairwise	ES_vs_RS	46056	ENSMUSG00000024905	1.2414534250183808e-46	1.5655381086021266e-46	2.8023329990361563	log2fc	2.062047505638335	8.33472245374229e-05	11997	9.808445480926586e-05	True	True	True
C_nb_pairwise	ES_vs_RS	170276	ENSMUSG00000029433	2.0413961916713745e-46	2.568899829435196e-46	2.543468016419395	log2fc	1.885079600557428	8.33472245374229e-05	11997	9.808445480926586e-05	True	True	True
C_nb_pairwise	ES_vs_RS	92731	ENSMUSG00000040652	9.623225956243513e-46	1.2084512259517534e-45	2.6609992542793584	log2fc	1.656948749994707	8.33472245374229e-05	11997	9.808445480926586e-05	True	True	True
C_nb_pairwise	ES_vs_RS	133040	ENSMUSG00000048077	1.8186858744409044e-45	2.2790645162972842e-45	-1.2106018612775566	log2fc	0.6253988826065784	8.33472245374229e-05	11997	9.808445480926586e-05	True	True	True
C_nb_pairwise	ES_vs_RS	123856	ENSMUSG00000045022	3.925154034747604e-45	4.908491162450554e-45	-1.191839972894543	log2fc	0.2755706635412083	8.33472245374229e-05	11997	9.808445480926586e-05	True	True	True
C_nb_pairwise	ES_vs_RS	112567	ENSMUSG00000018565	4.592455964684056e-45	5.731002339261976e-45	2.5218873625373126	log2fc	1.2012026182210225	8.33472245374229e-05	11997	9.808445480926586e-05	True	True	True
C_nb_pairwise	ES_vs_RS	111548	ENSMUSG00000063652	5.0107066269755866e-45	6.239944427356291e-45	3.243848866978763	log2fc	1.8297980295329943	8.33472245374229e-05	11997	9.808445480926586e-05	True	True	True
C_nb_pairwise	ES_vs_RS	158547	ENSMUSG00000090202	8.423100976133308e-45	1.0467712623866913e-44	-1.125392129655732	log2fc	0.2273410461362671	8.33472245374229e-05	11997	9.808445480926586e-05	True	True	True
C_nb_pairwise	ES_vs_RS	53449	ENSMUSG00000037885	2.4048917748813134e-44	2.982464126612644e-44	-1.0606418200535976	log2fc	0.1462050459144802	8.33472245374229e-05	11997	9.808445480926586e-05	True	True	True
C_nb_pairwise	ES_vs_RS	163019	ENSMUSG00000048686	2.7001572369702203e-44	3.34172352261397e-44	-1.086785260201496	log2fc	0.4535760973379121	8.33472245374229e-05	11997	9.808445480926586e-05	True	True	True
C_nb_pairwise	ES_vs_RS	123855	ENSMUSG00000045022	4.999238982449919e-44	6.174317836056704e-44	-1.087179900341247	log2fc	0.2134575504876547	8.33472245374229e-05	11997	9.808445480926586e-05	True	True	True
C_nb_pairwise	ES_vs_RS	170277	ENSMUSG00000029433	5.344917581587471e-44	6.587665908170566e-44	2.817656672445722	log2fc	2.2032837508759435	8.33472245374229e-05	11997	9.808445480926586e-05	True	True	True
C_nb_pairwise	ES_vs_RS	170278	ENSMUSG00000029433	5.457904424316037e-44	6.713110369949294e-44	3.190737023564384	log2fc	1.661317405520344	8.33472245374229e-05	11997	9.808445480926586e-05	True	True	True
C_nb_pairwise	ES_vs_RS	181341	ENSMUSG00000008734	9.75697519938111e-44	1.1976287181207553e-43	-1.4340185769159677	log2fc	0.7057925688967159	8.33472245374229e-05	11997	9.808445480926586e-05	True	True	True
C_nb_pairwise	ES_vs_RS	137284	ENSMUSG00000046173	1.027232537532504e-43	1.2583073414764211e-43	4.360756318706892	log2fc	3.4302259267641197	8.33472245374229e-05	11997	9.808445480926586e-05	True	True	True
C_nb_pairwise	ES_vs_RS	66264	ENSMUSG00000028745	2.102337534236095e-43	2.570000373484533e-43	-0.9183590804158404	log2fc	0.1863853194790667	8.33472245374229e-05	11997	9.808445480926586e-05	True	True	False
C_nb_pairwise	ES_vs_RS	94249	ENSMUSG00000066383	3.671752407603125e-43	4.479388375059617e-43	-1.2918362765185547	log2fc	0.8055559138244666	8.33472245374229e-05	11997	9.808445480926586e-05	True	True	True
C_nb_pairwise	ES_vs_RS	16466	ENSMUSG00000035530	3.703612092127553e-43	4.509072445496757e-43	-0.3916968158829851	log2fc	0.0278203838493645	8.33472245374229e-05	11997	9.808445480926586e-05	True	True	False
C_nb_pairwise	ES_vs_RS	104652	ENSMUSG00000026605	4.0438086479469975e-43	4.9132685195136946e-43	3.4055743528652846	log2fc	1.7560840857799556	8.33472245374229e-05	11997	9.808445480926586e-05	True	True	True
C_nb_pairwise	ES_vs_RS	159857	ENSMUSG00000028441	1.0178895107818025e-41	1.2342425444499996e-41	-0.8108915500352833	log2fc	0.0842882223598566	8.33472245374229e-05	11997	9.808445480926586e-05	True	True	False
C_nb_pairwise	ES_vs_RS	96373	ENSMUSG00000001964	2.5328717919835296e-41	3.065030713935625e-41	-0.4181194847511885	log2fc	0.0285271622957923	8.33472245374229e-05	11997	9.808445480926586e-05	True	True	False
C_nb_pairwise	ES_vs_RS	183372	ENSMUSG00000031545	6.145702544154275e-41	7.421927064412119e-41	-1.0351253446554904	log2fc	0.271759145835495	8.33472245374229e-05	11997	9.808445480926586e-05	True	True	True
C_nb_pairwise	ES_vs_RS	163020	ENSMUSG00000048686	6.556322446192183e-41	7.901885604163213e-41	-1.0389453664496064	log2fc	0.4899293889537359	8.33472245374229e-05	11997	9.808445480926586e-05	True	True	True
C_nb_pairwise	ES_vs_RS	171336	ENSMUSG00000029580	8.02458667804217e-41	9.65206309266518e-41	-0.9851620935008842	log2fc	0.3341306486927849	8.33472245374229e-05	11997	9.808445480926586e-05	True	True	False
C_nb_pairwise	ES_vs_RS	50216	ENSMUSG00000026864	4.87657296181946e-40	5.853842092444601e-40	3.1500235641756538	log2fc	1.67068231209838	8.33472245374229e-05	11997	9.808445480926586e-05	True	True	True
C_nb_pairwise	ES_vs_RS	103270	ENSMUSG00000026592	7.058188868723761e-40	8.455710264731066e-40	-1.4217962721675454	log2fc	0.9197085615312356	8.33472245374229e-05	11997	9.808445480926586e-05	True	True	True
C_nb_pairwise	ES_vs_RS	133814	ENSMUSG00000050058	8.65014500162382e-40	1.0342189333278778e-39	-0.7774183977365787	log2fc	0.2533787348867107	8.33472245374229e-05	11997	9.808445480926586e-05	True	True	False
C_nb_pairwise	ES_vs_RS	188683	ENSMUSG00000001948	8.853344486615176e-40	1.056405049299301e-39	0.4044088448205146	log2fc	0.0375359141592756	8.33472245374229e-05	11997	9.808445480926586e-05	True	True	False
C_nb_pairwise	ES_vs_RS	163021	ENSMUSG00000048686	1.5604411735987704e-39	1.858258972138496e-39	-1.0966193215394833	log2fc	0.6315521056679355	8.33472245374229e-05	11997	9.808445480926586e-05	True	True	True
C_nb_pairwise	ES_vs_RS	35992	ENSMUSG00000022773	3.4318022444212364e-39	4.078669730968891e-39	2.9498929408059644	log2fc	1.1789080525146982	8.33472245374229e-05	11997	9.808445480926586e-05	True	True	True
C_nb_pairwise	ES_vs_RS	34577	ENSMUSG00000022619	1.0296543040620172e-38	1.221312728976531e-38	3.843746853692516	log2fc	2.557117050089338	8.33472245374229e-05	11997	9.808445480926586e-05	True	True	True
C_nb_pairwise	ES_vs_RS	101685	ENSMUSG00000026277	1.3076979150635146e-38	1.548045555579141e-38	3.082147208658665	log2fc	1.5639213221175978	8.33472245374229e-05	11997	9.808445480926586e-05	True	True	True
C_nb_pairwise	ES_vs_RS	133813	ENSMUSG00000050058	2.40941706290153e-38	2.846628837629224e-38	-0.7837676533033	log2fc	0.2950187484038356	8.33472245374229e-05	11997	9.808445480926586e-05	True	True	False
C_nb_pairwise	ES_vs_RS	6205	ENSMUSG00000026622	3.0043947667174157e-38	3.542583593038842e-38	3.4045763608558177	log2fc	3.803422123391489	8.33472245374229e-05	11997	9.808445480926586e-05	True	True	True
C_nb_pairwise	ES_vs_RS	178063	ENSMUSG00000061099	4.185946556808686e-37	4.926094278051873e-37	-0.7361791342128836	log2fc	0.112808423101581	8.33472245374229e-05	11997	9.808445480926586e-05	True	True	False
C_nb_pairwise	ES_vs_RS	140267	ENSMUSG00000050612	2.895134949118104e-36	3.400364381415185e-36	-1.1376180325226637	log2fc	0.5578466418710637	0.0001666944490748458	11997	0.00017456289334935777	True	True	True
C_nb_pairwise	ES_vs_RS	133041	ENSMUSG00000048077	3.848674705063915e-36	4.511460172863571e-36	-1.1059658768538136	log2fc	0.3709668578088951	0.0001666944490748458	11997	0.00017456289334935777	True	True	True
C_nb_pairwise	ES_vs_RS	89958	ENSMUSG00000092329	1.0742401195517761e-35	1.2567770148662381e-35	-0.8792320529221083	log2fc	0.0900640202452768	0.0001666944490748458	11997	0.00017456289334935777	True	True	False
C_nb_pairwise	ES_vs_RS	191635	ENSMUSG00000118396	1.3283525523008872e-35	1.5510393349478196e-35	-0.8857765837767794	log2fc	0.3730464247173108	0.0001666944490748458	11997	0.00017456289334935777	True	True	False
C_nb_pairwise	ES_vs_RS	188147	ENSMUSG00000096472	1.818999481559277e-35	2.1198067888210251e-35	3.097035191925651	log2fc	2.262578762530737	0.0001666944490748458	11997	0.00017456289334935777	True	True	True
C_nb_pairwise	ES_vs_RS	191634	ENSMUSG00000118396	5.534696806987828e-35	6.437443470651863e-35	-0.95641259989475	log2fc	0.2349555831093735	0.0001666944490748458	11997	0.00017456289334935777	True	True	False
C_nb_pairwise	ES_vs_RS	63740	ENSMUSG00000028572	7.738969859262372e-35	8.98380415832977e-35	-1.10779013743388	log2fc	0.3541475574077924	0.0001666944490748458	11997	0.00017456289334935777	True	True	True
C_nb_pairwise	ES_vs_RS	126527	ENSMUSG00000021792	2.157818934832314e-34	2.500064878074577e-34	2.7584443710687974	log2fc	1.4394284823400214	0.0001666944490748458	11997	0.00017456289334935777	True	True	True
C_nb_pairwise	ES_vs_RS	46581	ENSMUSG00000024759	2.734717526097438e-34	3.162347100641632e-34	-0.9665939410516922	log2fc	0.2256478988532995	0.0001666944490748458	11997	0.00017456289334935777	True	True	False
C_nb_pairwise	ES_vs_RS	134204	ENSMUSG00000049916	5.109388029660995e-34	5.896962292421842e-34	-0.5056389547301712	log2fc	0.1139020681450492	0.0001666944490748458	11997	0.00017456289334935777	True	True	False
C_nb_pairwise	ES_vs_RS	165093	ENSMUSG00000051276	1.603343052600971e-33	1.8469278625153488e-33	-0.965848928236078	log2fc	0.5899153382606614	0.0001666944490748458	11997	0.00017456289334935777	True	True	False
C_nb_pairwise	ES_vs_RS	128406	ENSMUSG00000034913	1.6044218089230195e-32	1.8446231545967154e-32	-0.6520936231647103	log2fc	0.1741455377685723	0.0001666944490748458	11997	0.00017456289334935777	True	True	False
C_nb_pairwise	ES_vs_RS	40812	ENSMUSG00000002308	2.6486063883737373e-32	3.0393012004518555e-32	2.4399529044818555	log2fc	1.4015156982522317	0.0001666944490748458	11997	0.00017456289334935777	True	True	True
C_nb_pairwise	ES_vs_RS	178062	ENSMUSG00000061099	1.8124509468293244e-31	2.0758281398676203e-31	-0.6728420403479104	log2fc	0.0848090395257684	0.0001666944490748458	11997	0.00017456289334935777	True	True	False
C_nb_pairwise	ES_vs_RS	156696	ENSMUSG00000028141	3.8203865097247223e-31	4.367197555963948e-31	-0.6278345517840356	log2fc	0.1177977639568397	0.0001666944490748458	11997	0.00017456289334935777	True	True	False
C_nb_pairwise	ES_vs_RS	14712	ENSMUSG00000069808	5.388180214642761e-31	6.147657044897168e-31	-0.3389030145283179	log2fc	0.0628200250548529	0.0001666944490748458	11997	0.00017456289334935777	True	True	False
C_nb_pairwise	ES_vs_RS	40212	ENSMUSG00000024193	2.3951194366892988e-30	2.727521944062528e-30	2.8354471903970446	log2fc	2.592612139269541	0.0001666944490748458	11997	0.00017456289334935777	True	True	True
C_nb_pairwise	ES_vs_RS	176110	ENSMUSG00000030206	8.247619413929196e-30	9.374428897426164e-30	-0.3738171683435284	log2fc	0.0628512528004941	0.0001666944490748458	11997	0.00017456289334935777	True	True	False
C_nb_pairwise	ES_vs_RS	162279	ENSMUSG00000028688	2.555465599090097e-29	2.899098283816228e-29	3.2423448584573413	log2fc	0.0001	0.0001666944490748458	11997	0.00017456289334935777	True	True	True
C_nb_pairwise	ES_vs_RS	33459	ENSMUSG00000056665	3.351511947889637e-29	3.7950012415612326e-29	3.089031246996908	log2fc	2.054496345418434	0.0001666944490748458	11997	0.00017456289334935777	True	True	True
C_nb_pairwise	ES_vs_RS	16465	ENSMUSG00000035530	1.115473655172065e-28	1.2606956970718246e-28	-0.5682404846131113	log2fc	0.0494764315024958	0.0001666944490748458	11997	0.00017456289334935777	True	True	False
C_nb_pairwise	ES_vs_RS	95468	ENSMUSG00000050089	1.337679022602933e-28	1.5089825509211994e-28	-0.5374615491804091	log2fc	0.1323481792123257	0.0001666944490748458	11997	0.00017456289334935777	True	True	False
C_nb_pairwise	ES_vs_RS	182990	ENSMUSG00000031458	1.5671495377176012e-28	1.7645161148361714e-28	2.6334232520369745	log2fc	2.622860137279245	0.0001666944490748458	11997	0.00017456289334935777	True	True	True
C_nb_pairwise	ES_vs_RS	79127	ENSMUSG00000030301	1.6291318750481542e-28	1.8308630265550547e-28	-0.864400024615375	log2fc	0.248150665955041	0.0001666944490748458	11997	0.00017456289334935777	True	True	False
C_nb_pairwise	ES_vs_RS	16467	ENSMUSG00000035530	2.147585638528823e-28	2.408995875428399e-28	-0.3849357100610106	log2fc	0.0318132145241409	0.0001666944490748458	11997	0.00017456289334935777	True	True	False
C_nb_pairwise	ES_vs_RS	88694	ENSMUSG00000031782	5.983650204951278e-28	6.699451350964143e-28	3.1553783956683104	log2fc	3.4926993520208924	0.0001666944490748458	11997	0.00017456289334935777	True	True	True
C_nb_pairwise	ES_vs_RS	182546	ENSMUSG00000059119	1.3343655176959635e-27	1.4912032557833624e-27	2.8309052935494474	log2fc	3.437580130902058	0.0001666944490748458	11997	0.00017456289334935777	True	True	True
C_nb_pairwise	ES_vs_RS	95469	ENSMUSG00000050089	2.3395698458056043e-27	2.609687779585767e-27	-0.703439963357491	log2fc	0.0862094109769269	0.0001666944490748458	11997	0.00017456289334935777	True	True	False
C_nb_pairwise	ES_vs_RS	74956	ENSMUSG00000043421	2.7387431111278318e-27	3.0492697464044083e-27	3.296750104479349	log2fc	3.673849686142683	0.0001666944490748458	11997	0.00017456289334935777	True	True	True
C_nb_pairwise	ES_vs_RS	169718	ENSMUSG00000029513	2.924227628181311e-27	3.2497446183313635e-27	3.0436618745385884	log2fc	3.2540860626127954	0.0001666944490748458	11997	0.00017456289334935777	True	True	True
C_nb_pairwise	ES_vs_RS	80519	ENSMUSG00000046826	7.752418703212405e-27	8.59944222819302e-27	-0.7093580536782172	log2fc	0.1961352062705544	0.0001666944490748458	11997	0.00017456289334935777	True	True	False
C_nb_pairwise	ES_vs_RS	14713	ENSMUSG00000069808	9.485242861426276e-27	1.0502145053593972e-26	-0.3738897549907169	log2fc	0.0481087118682521	0.0001666944490748458	11997	0.00017456289334935777	True	True	False
C_nb_pairwise	ES_vs_RS	81490	ENSMUSG00000006599	1.3559242434960542e-26	1.498521442535307e-26	3.318794967540569	log2fc	2.607713849445638	0.0001666944490748458	11997	0.00017456289334935777	True	True	True
C_nb_pairwise	ES_vs_RS	89959	ENSMUSG00000092329	1.8977722851737046e-26	2.093490973884068e-26	-0.4430698113534814	log2fc	0.0349750510600383	0.0001666944490748458	11997	0.00017456289334935777	True	True	False
C_nb_pairwise	ES_vs_RS	115914	ENSMUSG00000020780	5.177202596177662e-26	5.700633005717684e-26	3.405293052014421	log2fc	3.416100848226344	0.0001666944490748458	11997	0.00017456289334935777	True	True	True
C_nb_pairwise	ES_vs_RS	118603	ENSMUSG00000066441	5.67992243579876e-26	6.242703741364141e-26	3.823342877798624	log2fc	3.1696990853555205	0.0001666944490748458	11997	0.00017456289334935777	True	True	True
C_nb_pairwise	ES_vs_RS	64714	ENSMUSG00000048772	3.21919656985442e-25	3.5316826837780177e-25	-0.4259566731219641	log2fc	0.0779610325845296	0.0001666944490748458	11997	0.00017456289334935777	True	True	False
C_nb_pairwise	ES_vs_RS	193568	ENSMUSG00000056815	3.32027713475448e-25	3.635915911732968e-25	-0.7445073940586925	log2fc	0.2385629154298973	0.0001666944490748458	11997	0.00017456289334935777	True	True	False
C_nb_pairwise	ES_vs_RS	122568	ENSMUSG00000044792	9.135031731467615e-25	9.985189794067703e-25	-0.6054633485811756	log2fc	0.1370797749773489	0.0001666944490748458	11997	0.00017456289334935777	True	True	False
C_nb_pairwise	ES_vs_RS	141128	ENSMUSG00000036438	1.3771945339973855e-24	1.502622087184761e-24	1.436155375819548	log2fc	1.084008280242847	0.0001666944490748458	11997	0.00017456289334935777	True	True	True
C_nb_pairwise	ES_vs_RS	131883	ENSMUSG00000033055	2.3452601939669368e-24	2.5542015567021732e-24	1.7206564800475166	log2fc	0.8139142577102868	0.0001666944490748458	11997	0.00017456289334935777	True	True	True
C_nb_pairwise	ES_vs_RS	153593	ENSMUSG00000027496	3.143694479164905e-24	3.417555341233717e-24	3.2039048315173733	log2fc	3.227915002847352	0.0001666944490748458	11997	0.00017456289334935777	True	True	True
C_nb_pairwise	ES_vs_RS	191636	ENSMUSG00000118396	5.885240537942459e-24	6.386338917078863e-24	-0.7718276414303252	log2fc	0.2712309091185496	0.0001666944490748458	11997	0.00017456289334935777	True	True	False
C_nb_pairwise	ES_vs_RS	77739	ENSMUSG00000051256	6.551154241560186e-24	7.096096547368087e-24	3.305380082016686	log2fc	3.840883088634985	0.0001666944490748458	11997	0.00017456289334935777	True	True	True
C_nb_pairwise	ES_vs_RS	128404	ENSMUSG00000034913	7.301775525227477e-24	7.894880035399384e-24	-0.6594856737273401	log2fc	0.1549602035159787	0.0001666944490748458	11997	0.00017456289334935777	True	True	False
C_nb_pairwise	ES_vs_RS	7748	ENSMUSG00000019876	1.9242206286109334e-23	2.07677145322153e-23	-0.8062633668378102	log2fc	0.255909209989273	0.0001666944490748458	11997	0.00017456289334935777	True	True	False
C_nb_pairwise	ES_vs_RS	141127	ENSMUSG00000036438	4.613028727184449e-23	4.969791740258066e-23	1.5440529348910597	log2fc	1.1534747551849838	0.0001666944490748458	11997	0.00017456289334935777	True	True	True
C_nb_pairwise	ES_vs_RS	156662	ENSMUSG00000074435	1.5052421238996146e-22	1.6187433253426737e-22	-0.6495452181481539	log2fc	0.1022762883502961	0.0001666944490748458	11997	0.00017456289334935777	True	True	False
C_nb_pairwise	ES_vs_RS	95158	ENSMUSG00000006941	3.1009234431982945e-22	3.3287690725372376e-22	1.524947216238923	log2fc	0.9045846777546656	0.0001666944490748458	11997	0.00017456289334935777	True	True	True
C_nb_pairwise	ES_vs_RS	108800	ENSMUSG00000074748	4.68057655381909e-22	5.015501530836558e-22	2.9049550128977457	log2fc	3.1961506478576047	0.0001666944490748458	11997	0.00017456289334935777	True	True	True
C_nb_pairwise	ES_vs_RS	163120	ENSMUSG00000000411	2.1117438065368844e-21	2.258811678777846e-21	-0.6023693615454943	log2fc	0.1271171043111254	0.0001666944490748458	11997	0.00017456289334935777	True	True	False
C_nb_pairwise	ES_vs_RS	137277	ENSMUSG00000046173	2.0631869811225342e-20	2.2029393969561454e-20	3.5699217827444776	log2fc	4.1751962368651405	0.0001666944490748458	11997	0.00017456289334935777	True	True	True
C_nb_pairwise	ES_vs_RS	137276	ENSMUSG00000046173	3.698284571236127e-20	3.9417659398050536e-20	3.4673325012274123	log2fc	3.610164412048083	0.0001666944490748458	11997	0.00017456289334935777	True	True	True
C_nb_pairwise	ES_vs_RS	128405	ENSMUSG00000034913	6.248999081081463e-20	6.648579839374417e-20	-0.5882708927697943	log2fc	0.1890073518679387	0.0001666944490748458	11997	0.00017456289334935777	True	True	False
C_nb_pairwise	ES_vs_RS	176109	ENSMUSG00000030206	1.4847621430765945e-19	1.5769016377710637e-19	-0.3290783534639507	log2fc	0.0492989935160261	0.0001666944490748458	11997	0.00017456289334935777	True	True	False
C_nb_pairwise	ES_vs_RS	64715	ENSMUSG00000048772	1.5287744155947592e-19	1.6207714600730277e-19	-0.4536583071272011	log2fc	0.0913077176631877	0.0001666944490748458	11997	0.00017456289334935777	True	True	False
C_nb_pairwise	ES_vs_RS	46628	ENSMUSG00000042729	3.3824988817810783e-19	3.57971171411107e-19	-0.836334660250254	log2fc	0.7647218290095091	0.0001666944490748458	11997	0.00017456289334935777	True	True	False
C_nb_pairwise	ES_vs_RS	22732	ENSMUSG00000078139	1.220743065431145e-18	1.2896386176247898e-18	-0.5605432657917576	log2fc	0.1510212209696085	0.0001666944490748458	11997	0.00017456289334935777	True	True	False
C_nb_pairwise	ES_vs_RS	133812	ENSMUSG00000050058	2.518205462554682e-18	2.655642732518054e-18	-0.4798756976507853	log2fc	0.201056188169001	0.0001666944490748458	11997	0.00017456289334935777	True	True	False
C_nb_pairwise	ES_vs_RS	123572	ENSMUSG00000046957	2.0851568485800764e-17	2.1950948195069698e-17	-0.384675559748878	log2fc	0.117124701205277	0.0001666944490748458	11997	0.00017456289334935777	True	True	False
C_nb_pairwise	ES_vs_RS	170275	ENSMUSG00000029433	6.646192332053244e-17	6.984331941929636e-17	2.694621885648305	log2fc	4.2689753258497145	0.0001666944490748458	11997	0.00017456289334935777	True	True	True
C_nb_pairwise	ES_vs_RS	83120	ENSMUSG00000001829	1.5186572307510376e-16	1.5931272876004754e-16	-0.4583582407027535	log2fc	0.1631173546279521	0.0001666944490748458	11997	0.00017456289334935777	True	True	False
C_nb_pairwise	ES_vs_RS	179766	ENSMUSG00000030544	1.640675152841682e-16	1.7181196093569362e-16	-0.3423413161629683	log2fc	0.0283766771245781	0.0001666944490748458	11997	0.00017456289334935777	True	True	False
C_nb_pairwise	ES_vs_RS	123573	ENSMUSG00000046957	2.674895337360061e-16	2.796269296821425e-16	-0.3618048388049415	log2fc	0.1396505206091784	0.0002500416736122687	11997	0.0002609319904072282	True	True	False
C_nb_pairwise	ES_vs_RS	81209	ENSMUSG00000051113	1.8150057023335384e-15	1.894056473341097e-15	-0.3774895579791389	log2fc	0.108997467954199	0.0002500416736122687	11997	0.0002609319904072282	True	True	False
C_nb_pairwise	ES_vs_RS	132311	ENSMUSG00000018040	1.4264133260952898e-14	1.485950577967093e-14	2.040957461114134	log2fc	3.3046199949185007	0.0003333888981496916	11997	0.0003407848975966984	True	True	True
C_nb_pairwise	ES_vs_RS	193847	ENSMUSG00000057805	2.0190052539026117e-14	2.099625255360528e-14	-0.5129443723591944	log2fc	0.2694250996676803	0.0003333888981496916	11997	0.0003407848975966984	True	True	False
C_nb_pairwise	ES_vs_RS	54518	ENSMUSG00000038523	8.018538283096748e-14	8.324271111914993e-14	-0.3247821235483518	log2fc	0.1597491479294791	0.0003333888981496916	11997	0.0003407848975966984	True	True	False
C_nb_pairwise	ES_vs_RS	49824	ENSMUSG00000026790	1.2805914030898454e-13	1.3271180803647357e-13	0.2102909146644886	log2fc	0.0409991011744437	0.0003333888981496916	11997	0.0003407848975966984	True	True	False
C_nb_pairwise	ES_vs_RS	135510	ENSMUSG00000050685	3.0715055507087663e-13	3.177602460923231e-13	-0.4312701219309323	log2fc	0.2480765006758848	0.0003333888981496916	11997	0.0003407848975966984	True	True	False
C_nb_pairwise	ES_vs_RS	162797	ENSMUSG00000028873	1.9159349915364507e-12	1.9786983791902307e-12	2.205438198151372	log2fc	4.224409570088406	0.0003333888981496916	11997	0.0003407848975966984	True	True	True
C_nb_pairwise	ES_vs_RS	176108	ENSMUSG00000030206	3.0884792928961105e-12	3.184163677185491e-12	-0.3088547643185853	log2fc	0.0600835465174439	0.0003333888981496916	11997	0.0003407848975966984	True	True	False
C_nb_pairwise	ES_vs_RS	168171	ENSMUSG00000029238	4.506386268122267e-12	4.638016107569136e-12	-0.3996551280331119	log2fc	0.128261477231951	0.0003333888981496916	11997	0.0003407848975966984	True	True	False
C_nb_pairwise	ES_vs_RS	17071	ENSMUSG00000020712	6.846119410224643e-12	7.03400604927026e-12	1.7814010506736848	log2fc	0.0001	0.0003333888981496916	11997	0.0003407848975966984	True	True	True
C_nb_pairwise	ES_vs_RS	189183	ENSMUSG00000000171	5.3046616688712257e-11	5.4409115405031917e-11	2.162124976361851	log2fc	5.528719092817827	0.0003333888981496916	11997	0.0003407848975966984	True	True	True
C_nb_pairwise	ES_vs_RS	9905	ENSMUSG00000074781	3.4862839234963313e-10	3.5697163592723116e-10	-0.3624270341332296	log2fc	0.130712925262906	0.0003333888981496916	11997	0.0003407848975966984	True	True	False
C_nb_pairwise	ES_vs_RS	49901	ENSMUSG00000039515	4.3161127928569024e-10	4.4118627353605534e-10	2.145551926146586	log2fc	6.187405299525183	0.0003333888981496916	11997	0.0003407848975966984	True	True	True
C_nb_pairwise	ES_vs_RS	61974	ENSMUSG00000028287	6.3872435660928165e-09	6.517817540186707e-09	-0.2866824944006846	log2fc	0.152671484752905	0.0005000833472245374	11997	0.0005077117372669457	True	True	False
C_nb_pairwise	ES_vs_RS	81210	ENSMUSG00000051113	1.4266203794151552e-08	1.4533088559008129e-08	-0.2922809009569861	log2fc	0.1197558588418526	0.0005000833472245374	11997	0.0005077117372669457	True	True	False
C_nb_pairwise	ES_vs_RS	116228	ENSMUSG00000025129	2.2227616648601436e-08	2.260499553907005e-08	2.2061756804683856	log2fc	6.278238200174287	0.0005000833472245374	11997	0.0005077117372669457	True	True	True
C_nb_pairwise	ES_vs_RS	141137	ENSMUSG00000036438	2.92137982510204e-08	2.9659432461629187e-08	1.1367465411880582	log2fc	2.940107980643746	0.0005000833472245374	11997	0.0005077117372669457	True	True	True
C_nb_pairwise	ES_vs_RS	184890	ENSMUSG00000090137	2.573360838756126e-07	2.608194826421184e-07	-0.1684590610401629	log2fc	0.0576183959616901	0.0005834305717619603	11997	0.0005903292440631997	True	True	False
C_nb_pairwise	ES_vs_RS	158884	ENSMUSG00000068240	4.063385478057294e-07	4.111432265804593e-07	-0.1657243264077716	log2fc	0.0568829412827033	0.0005834305717619603	11997	0.0005903292440631997	True	True	False
C_nb_pairwise	ES_vs_RS	46982	ENSMUSG00000047044	2.045144899572325e-05	2.0658377653352832e-05	1.2072925127437857	log2fc	3.502112092132684	0.0015835972662110352	11997	0.0015969272095293099	True	True	True
C_nb_pairwise	ES_vs_RS	86861	ENSMUSG00000018796	2.100420036295739e-05	2.1181003396315617e-05	-0.2481538011950028	log2fc	0.1880171516947258	0.0015835972662110352	11997	0.0015969272095293099	True	True	False
C_nb_pairwise	ES_vs_RS	138870	ENSMUSG00000059208	0.0017381313929124	0.0017498163098395	1.1040268895603444	log2fc	10.0	0.019669944990831804	11997	0.019802179915139915	True	True	True
C_nb_pairwise	ES_vs_RS	139983	ENSMUSG00000044526	0.0065834688336379	0.006616607099579	0.1007841598515974	log2fc	0.0984224001686011	0.055259209868311385	11997	0.05553736025355457	True	False	False
C_nb_pairwise	ES_vs_RS	184889	ENSMUSG00000090137	0.0264639474101228	0.0265526038503577	-0.1065213687796518	log2fc	0.0643323766773177	0.15527587931321887	11997	0.15579606651359817	True	False	False
C_nb_pairwise	ES_vs_RS	57852	ENSMUSG00000048416	0.2256087800144669	0.225986052221849	0.0518127519710511	log2fc	0.061384083357013	0.5680946824470745	11997	0.5690446735548456	False	False	False
C_nb_pairwise	ES_vs_RS	43619	ENSMUSG00000024317	0.2803448766093854	0.2803448766093854	0.0515450087873114	log2fc	0.0843542601791434	0.6219369894982497	11997	0.6219369894982497	False	False	False
C_nb_pairwise	ES_vs_SPC	186366	ENSMUSG00000031898	0.0	0.0	4.3773027013295085	log2fc	0.1741426367545729	8.33541718763024e-05	11996	0.00010623223181681945	True	True	True
C_nb_pairwise	ES_vs_SPC	153594	ENSMUSG00000027496	0.0	0.0	5.861701554516855	log2fc	0.1712159403082674	8.33541718763024e-05	11996	0.00010623223181681945	True	True	True
C_nb_pairwise	ES_vs_SPC	176110	ENSMUSG00000030206	0.0	0.0	-2.946704002314112	log2fc	0.1166844873132617	8.33541718763024e-05	11996	0.00010623223181681945	True	True	True
C_nb_pairwise	ES_vs_SPC	81902	ENSMUSG00000075701	0.0	0.0	5.495356667027402	log2fc	0.0793213980713757	8.33541718763024e-05	11996	0.00010623223181681945	True	True	True
C_nb_pairwise	ES_vs_SPC	18442	ENSMUSG00000020571	0.0	0.0	4.76153876913625	log2fc	0.346025275417022	8.33541718763024e-05	11996	0.00010623223181681945	True	True	True
C_nb_pairwise	ES_vs_SPC	176109	ENSMUSG00000030206	0.0	0.0	-3.011189672374642	log2fc	0.0639460974173609	8.33541718763024e-05	11996	0.00010623223181681945	True	True	True
C_nb_pairwise	ES_vs_SPC	120860	ENSMUSG00000059395	0.0	0.0	5.863817310780651	log2fc	0.0733597374904765	8.33541718763024e-05	11996	0.00010623223181681945	True	True	True
C_nb_pairwise	ES_vs_SPC	120861	ENSMUSG00000059395	0.0	0.0	5.853537957963902	log2fc	0.1119918541198929	8.33541718763024e-05	11996	0.00010623223181681945	True	True	True
C_nb_pairwise	ES_vs_SPC	161821	ENSMUSG00000028610	0.0	0.0	4.561133952042086	log2fc	0.1598395904935092	8.33541718763024e-05	11996	0.00010623223181681945	True	True	True
C_nb_pairwise	ES_vs_SPC	94249	ENSMUSG00000066383	0.0	0.0	-4.067623336301262	log2fc	0.314660893556802	8.33541718763024e-05	11996	0.00010623223181681945	True	True	True
C_nb_pairwise	ES_vs_SPC	108806	ENSMUSG00000074748	0.0	0.0	6.056482458903094	log2fc	0.3605934916324462	8.33541718763024e-05	11996	0.00010623223181681945	True	True	True
C_nb_pairwise	ES_vs_SPC	39155	ENSMUSG00000073471	0.0	0.0	4.943276935704429	log2fc	0.1401815841828969	8.33541718763024e-05	11996	0.00010623223181681945	True	True	True
C_nb_pairwise	ES_vs_SPC	170277	ENSMUSG00000029433	0.0	0.0	5.542834592294734	log2fc	0.0906294615686014	8.33541718763024e-05	11996	0.00010623223181681945	True	True	True
C_nb_pairwise	ES_vs_SPC	170276	ENSMUSG00000029433	0.0	0.0	5.342515024713435	log2fc	0.0888827781910735	8.33541718763024e-05	11996	0.00010623223181681945	True	True	True
C_nb_pairwise	ES_vs_SPC	55575	ENSMUSG00000057047	0.0	0.0	4.775404177010447	log2fc	0.1684196730167363	8.33541718763024e-05	11996	0.00010623223181681945	True	True	True
C_nb_pairwise	ES_vs_SPC	110861	ENSMUSG00000020270	0.0	0.0	-3.974223741479928	log2fc	0.0961264800289163	8.33541718763024e-05	11996	0.00010623223181681945	True	True	True
C_nb_pairwise	ES_vs_SPC	32451	ENSMUSG00000045996	0.0	0.0	6.43496102247041	log2fc	0.2895365500056291	8.33541718763024e-05	11996	0.00010623223181681945	True	True	True
C_nb_pairwise	ES_vs_SPC	141127	ENSMUSG00000036438	0.0	0.0	5.060948535215694	log2fc	0.6312609749068914	8.33541718763024e-05	11996	0.00010623223181681945	True	True	True
C_nb_pairwise	ES_vs_SPC	141128	ENSMUSG00000036438	0.0	0.0	5.040177353355803	log2fc	0.6459282269969344	8.33541718763024e-05	11996	0.00010623223181681945	True	True	True
C_nb_pairwise	ES_vs_SPC	89768	ENSMUSG00000031831	0.0	0.0	3.9556146254879287	log2fc	0.0743999162683149	8.33541718763024e-05	11996	0.00010623223181681945	True	True	True
C_nb_pairwise	ES_vs_SPC	114430	ENSMUSG00000018669	0.0	0.0	3.818396277255885	log2fc	0.1300502513968899	8.33541718763024e-05	11996	0.00010623223181681945	True	True	True
C_nb_pairwise	ES_vs_SPC	20217	ENSMUSG00000059970	0.0	0.0	5.081205594183636	log2fc	0.0850560748315414	8.33541718763024e-05	11996	0.00010623223181681945	True	True	True
C_nb_pairwise	ES_vs_SPC	71456	ENSMUSG00000063447	0.0	0.0	5.795308059374645	log2fc	0.0679859714616156	8.33541718763024e-05	11996	0.00010623223181681945	True	True	True
C_nb_pairwise	ES_vs_SPC	136993	ENSMUSG00000004945	0.0	0.0	3.972166259300288	log2fc	0.0492222095568047	8.33541718763024e-05	11996	0.00010623223181681945	True	True	True
C_nb_pairwise	ES_vs_SPC	175795	ENSMUSG00000067702	0.0	0.0	5.302730573521305	log2fc	0.3652866707770313	8.33541718763024e-05	11996	0.00010623223181681945	True	True	True
C_nb_pairwise	ES_vs_SPC	89827	ENSMUSG00000092329	0.0	0.0	3.979507341181912	log2fc	0.1304421672804878	8.33541718763024e-05	11996	0.00010623223181681945	True	True	True
C_nb_pairwise	ES_vs_SPC	157400	ENSMUSG00000055891	0.0	0.0	-4.028275217229356	log2fc	0.0514211671103888	8.33541718763024e-05	11996	0.00010623223181681945	True	True	True
C_nb_pairwise	ES_vs_SPC	69337	ENSMUSG00000067367	0.0	0.0	5.841329236451435	log2fc	0.051049704403828	8.33541718763024e-05	11996	0.00010623223181681945	True	True	True
C_nb_pairwise	ES_vs_SPC	69336	ENSMUSG00000067367	0.0	0.0	5.751118817453767	log2fc	0.066653031413639	8.33541718763024e-05	11996	0.00010623223181681945	True	True	True
C_nb_pairwise	ES_vs_SPC	173780	ENSMUSG00000051896	0.0	0.0	-4.869138423070682	log2fc	0.201809788346148	8.33541718763024e-05	11996	0.00010623223181681945	True	True	True
C_nb_pairwise	ES_vs_SPC	69332	ENSMUSG00000067367	0.0	0.0	5.65188912308321	log2fc	0.0665185381958199	8.33541718763024e-05	11996	0.00010623223181681945	True	True	True
C_nb_pairwise	ES_vs_SPC	69324	ENSMUSG00000067367	0.0	0.0	5.871964880561761	log2fc	0.2865601998128798	8.33541718763024e-05	11996	0.00010623223181681945	True	True	True
C_nb_pairwise	ES_vs_SPC	14791	ENSMUSG00000037926	0.0	0.0	5.337971888931676	log2fc	0.1133081241903393	8.33541718763024e-05	11996	0.00010623223181681945	True	True	True
C_nb_pairwise	ES_vs_SPC	92605	ENSMUSG00000032399	0.0	0.0	4.784207915409674	log2fc	0.1140695378741156	8.33541718763024e-05	11996	0.00010623223181681945	True	True	True
C_nb_pairwise	ES_vs_SPC	117159	ENSMUSG00000020650	0.0	0.0	5.198428056862487	log2fc	0.1431539443015015	8.33541718763024e-05	11996	0.00010623223181681945	True	True	True
C_nb_pairwise	ES_vs_SPC	139598	ENSMUSG00000118471	0.0	0.0	-4.002612867057264	log2fc	0.0596660918440433	8.33541718763024e-05	11996	0.00010623223181681945	True	True	True
C_nb_pairwise	ES_vs_SPC	49497	ENSMUSG00000015095	0.0	0.0	4.55371850276304	log2fc	0.1954867039678672	8.33541718763024e-05	11996	0.00010623223181681945	True	True	True
C_nb_pairwise	ES_vs_SPC	135510	ENSMUSG00000050685	0.0	0.0	-4.042911567717082	log2fc	0.0804727813851613	8.33541718763024e-05	11996	0.00010623223181681945	True	True	True
C_nb_pairwise	ES_vs_SPC	35260	ENSMUSG00000023051	0.0	0.0	4.783344019383837	log2fc	0.1284624908451853	8.33541718763024e-05	11996	0.00010623223181681945	True	True	True
C_nb_pairwise	ES_vs_SPC	179769	ENSMUSG00000030544	0.0	0.0	5.717862795602211	log2fc	0.1482212202952266	8.33541718763024e-05	11996	0.00010623223181681945	True	True	True
C_nb_pairwise	ES_vs_SPC	81534	ENSMUSG00000056509	0.0	0.0	-3.8628370854207934	log2fc	0.1380524379777877	8.33541718763024e-05	11996	0.00010623223181681945	True	True	True
C_nb_pairwise	ES_vs_SPC	144966	ENSMUSG00000024654	0.0	0.0	4.729490145579662	log2fc	0.3765571918234499	8.33541718763024e-05	11996	0.00010623223181681945	True	True	True
C_nb_pairwise	ES_vs_SPC	144968	ENSMUSG00000024654	0.0	0.0	4.602328456205526	log2fc	0.1759510894070577	8.33541718763024e-05	11996	0.00010623223181681945	True	True	True
C_nb_pairwise	ES_vs_SPC	81500	ENSMUSG00000063229	0.0	0.0	3.926622220139063	log2fc	0.2156954185522968	8.33541718763024e-05	11996	0.00010623223181681945	True	True	True
C_nb_pairwise	ES_vs_SPC	138870	ENSMUSG00000059208	0.0	0.0	5.174035926913377	log2fc	0.0001	8.33541718763024e-05	11996	0.00010623223181681945	True	True	True
C_nb_pairwise	ES_vs_SPC	39223	ENSMUSG00000023873	0.0	0.0	5.306789361333803	log2fc	0.0816648817070953	8.33541718763024e-05	11996	0.00010623223181681945	True	True	True
C_nb_pairwise	ES_vs_SPC	145052	ENSMUSG00000034371	0.0	0.0	5.67463488283843	log2fc	0.1990172632994135	8.33541718763024e-05	11996	0.00010623223181681945	True	True	True
C_nb_pairwise	ES_vs_SPC	186010	ENSMUSG00000031781	0.0	0.0	4.974785953339016	log2fc	0.1799380807880053	8.33541718763024e-05	11996	0.00010623223181681945	True	True	True
C_nb_pairwise	ES_vs_SPC	4575	ENSMUSG00000026473	0.0	0.0	-4.594171132049386	log2fc	0.11104079756673	8.33541718763024e-05	11996	0.00010623223181681945	True	True	True
C_nb_pairwise	ES_vs_SPC	178696	ENSMUSG00000038782	0.0	0.0	4.216846013199048	log2fc	0.1936904345044909	8.33541718763024e-05	11996	0.00010623223181681945	True	True	True
C_nb_pairwise	ES_vs_SPC	100884	ENSMUSG00000026182	0.0	0.0	-3.831459694554606	log2fc	0.2788542740693175	8.33541718763024e-05	11996	0.00010623223181681945	True	True	True
C_nb_pairwise	ES_vs_SPC	100885	ENSMUSG00000026182	0.0	0.0	-4.461116511851112	log2fc	0.1805033725646791	8.33541718763024e-05	11996	0.00010623223181681945	True	True	True
C_nb_pairwise	ES_vs_SPC	100886	ENSMUSG00000026182	0.0	0.0	-4.203249835662337	log2fc	0.2876865225502341	8.33541718763024e-05	11996	0.00010623223181681945	True	True	True
C_nb_pairwise	ES_vs_SPC	14806	ENSMUSG00000037926	0.0	0.0	5.48783551389113	log2fc	0.1618251412447426	8.33541718763024e-05	11996	0.00010623223181681945	True	True	True
C_nb_pairwise	ES_vs_SPC	11800	ENSMUSG00000071866	0.0	0.0	4.3244831420660415	log2fc	0.2397363653396084	8.33541718763024e-05	11996	0.00010623223181681945	True	True	True
C_nb_pairwise	ES_vs_SPC	46628	ENSMUSG00000042729	0.0	0.0	-3.8920307081199	log2fc	0.2217765749962532	8.33541718763024e-05	11996	0.00010623223181681945	True	True	True
C_nb_pairwise	ES_vs_SPC	116189	ENSMUSG00000062825	0.0	0.0	4.886221909840639	log2fc	0.0401535361814496	8.33541718763024e-05	11996	0.00010623223181681945	True	True	True
C_nb_pairwise	ES_vs_SPC	175617	ENSMUSG00000003153	0.0	0.0	6.258073455599223	log2fc	0.2124674727562029	8.33541718763024e-05	11996	0.00010623223181681945	True	True	True
C_nb_pairwise	ES_vs_SPC	122372	ENSMUSG00000021552	0.0	0.0	5.511074759533136	log2fc	0.0823890008324005	8.33541718763024e-05	11996	0.00010623223181681945	True	True	True
C_nb_pairwise	ES_vs_SPC	132629	ENSMUSG00000022388	0.0	0.0	4.518325063318636	log2fc	0.3376481922955249	8.33541718763024e-05	11996	0.00010623223181681945	True	True	True
C_nb_pairwise	ES_vs_SPC	116188	ENSMUSG00000062825	0.0	0.0	5.688817952602599	log2fc	0.1787369046018617	8.33541718763024e-05	11996	0.00010623223181681945	True	True	True
C_nb_pairwise	ES_vs_SPC	138692	ENSMUSG00000024033	0.0	0.0	5.292852525886203	log2fc	0.0465519213405366	8.33541718763024e-05	11996	0.00010623223181681945	True	True	True
C_nb_pairwise	ES_vs_SPC	138689	ENSMUSG00000024033	0.0	0.0	5.145632470734403	log2fc	0.0718656895627409	8.33541718763024e-05	11996	0.00010623223181681945	True	True	True
C_nb_pairwise	ES_vs_SPC	138688	ENSMUSG00000024033	0.0	0.0	4.974203891339438	log2fc	0.044635755822055	8.33541718763024e-05	11996	0.00010623223181681945	True	True	True
C_nb_pairwise	ES_vs_SPC	60058	ENSMUSG00000028124	0.0	0.0	4.390795721050521	log2fc	0.161867267265168	8.33541718763024e-05	11996	0.00010623223181681945	True	True	True
C_nb_pairwise	ES_vs_SPC	29337	ENSMUSG00000019297	0.0	0.0	5.130524950564223	log2fc	0.0917707517384972	8.33541718763024e-05	11996	0.00010623223181681945	True	True	True
C_nb_pairwise	ES_vs_SPC	113254	ENSMUSG00000037278	0.0	0.0	5.102672160124859	log2fc	0.0476810228562842	8.33541718763024e-05	11996	0.00010623223181681945	True	True	True
C_nb_pairwise	ES_vs_SPC	33372	ENSMUSG00000068391	0.0	0.0	5.061908724962102	log2fc	0.1072782348449301	8.33541718763024e-05	11996	0.00010623223181681945	True	True	True
C_nb_pairwise	ES_vs_SPC	113255	ENSMUSG00000037278	0.0	0.0	5.501369137903959	log2fc	0.0740539017334315	8.33541718763024e-05	11996	0.00010623223181681945	True	True	True
C_nb_pairwise	ES_vs_SPC	77092	ENSMUSG00000048206	0.0	0.0	-4.13462280223328	log2fc	0.0872923029348051	8.33541718763024e-05	11996	0.00010623223181681945	True	True	True
C_nb_pairwise	ES_vs_SPC	34056	ENSMUSG00000061633	0.0	0.0	5.7445354054178885	log2fc	0.0613105858379489	8.33541718763024e-05	11996	0.00010623223181681945	True	True	True
C_nb_pairwise	ES_vs_SPC	54518	ENSMUSG00000038523	0.0	0.0	-3.414724687882557	log2fc	0.1453303140625753	8.33541718763024e-05	11996	0.00010623223181681945	True	True	True
C_nb_pairwise	ES_vs_SPC	66859	ENSMUSG00000029003	0.0	0.0	4.842817263820615	log2fc	0.0926371097117366	8.33541718763024e-05	11996	0.00010623223181681945	True	True	True
C_nb_pairwise	ES_vs_SPC	113256	ENSMUSG00000037278	0.0	0.0	5.416029713318944	log2fc	0.0212512549761231	8.33541718763024e-05	11996	0.00010623223181681945	True	True	True
C_nb_pairwise	ES_vs_SPC	120021	ENSMUSG00000021270	0.0	0.0	5.171507210230777	log2fc	0.2434802063835884	8.33541718763024e-05	11996	0.00010623223181681945	True	True	True
C_nb_pairwise	ES_vs_SPC	191886	ENSMUSG00000070283	0.0	0.0	4.518112773770933	log2fc	0.1394990572117742	8.33541718763024e-05	11996	0.00010623223181681945	True	True	True
C_nb_pairwise	ES_vs_SPC	128406	ENSMUSG00000034913	0.0	0.0	-3.729496649535886	log2fc	0.0516196430080352	8.33541718763024e-05	11996	0.00010623223181681945	True	True	True
C_nb_pairwise	ES_vs_SPC	87425	ENSMUSG00000047654	0.0	0.0	-3.5441864703363124	log2fc	0.1179403959467456	8.33541718763024e-05	11996	0.00010623223181681945	True	True	True
C_nb_pairwise	ES_vs_SPC	150891	ENSMUSG00000009549	0.0	0.0	5.2517251031661285	log2fc	0.2518829773071776	8.33541718763024e-05	11996	0.00010623223181681945	True	True	True
C_nb_pairwise	ES_vs_SPC	134499	ENSMUSG00000022858	0.0	0.0	5.925598070231803	log2fc	0.0001	8.33541718763024e-05	11996	0.00010623223181681945	True	True	True
C_nb_pairwise	ES_vs_SPC	95545	ENSMUSG00000040456	0.0	0.0	-4.216942921336484	log2fc	0.109906931007193	8.33541718763024e-05	11996	0.00010623223181681945	True	True	True
C_nb_pairwise	ES_vs_SPC	183600	ENSMUSG00000015994	0.0	0.0	4.858655868064331	log2fc	0.1646573956844524	8.33541718763024e-05	11996	0.00010623223181681945	True	True	True
C_nb_pairwise	ES_vs_SPC	88619	ENSMUSG00000031762	0.0	0.0	5.170361932483065	log2fc	0.0973921330211761	8.33541718763024e-05	11996	0.00010623223181681945	True	True	True
C_nb_pairwise	ES_vs_SPC	81209	ENSMUSG00000051113	0.0	0.0	-3.7428422713572713	log2fc	0.0466460390759596	8.33541718763024e-05	11996	0.00010623223181681945	True	True	True
C_nb_pairwise	ES_vs_SPC	61974	ENSMUSG00000028287	0.0	0.0	-3.519248947192632	log2fc	0.1197062827906252	8.33541718763024e-05	11996	0.00010623223181681945	True	True	True
C_nb_pairwise	ES_vs_SPC	163024	ENSMUSG00000048686	0.0	0.0	-5.168671787574943	log2fc	0.4393482152809183	8.33541718763024e-05	11996	0.00010623223181681945	True	True	True
C_nb_pairwise	ES_vs_SPC	95468	ENSMUSG00000050089	0.0	0.0	-4.300044690784743	log2fc	0.0604496783285722	8.33541718763024e-05	11996	0.00010623223181681945	True	True	True
C_nb_pairwise	ES_vs_SPC	165093	ENSMUSG00000051276	0.0	0.0	-4.02820795089908	log2fc	0.1575360369698034	8.33541718763024e-05	11996	0.00010623223181681945	True	True	True
C_nb_pairwise	ES_vs_SPC	163021	ENSMUSG00000048686	0.0	0.0	-4.637962878945538	log2fc	0.3003798525791201	8.33541718763024e-05	11996	0.00010623223181681945	True	True	True
C_nb_pairwise	ES_vs_SPC	163022	ENSMUSG00000048686	0.0	0.0	-4.644947629082681	log2fc	0.2935918212116188	8.33541718763024e-05	11996	0.00010623223181681945	True	True	True
C_nb_pairwise	ES_vs_SPC	8986	ENSMUSG00000020156	0.0	0.0	5.867110345803774	log2fc	0.4134878694509392	8.33541718763024e-05	11996	0.00010623223181681945	True	True	True
C_nb_pairwise	ES_vs_SPC	70431	ENSMUSG00000036323	0.0	0.0	-5.572300891303016	log2fc	0.1811619903779482	8.33541718763024e-05	11996	0.00010623223181681945	True	True	True
C_nb_pairwise	ES_vs_SPC	78597	ENSMUSG00000030161	0.0	0.0	-3.781734257521844	log2fc	0.0400132862077632	8.33541718763024e-05	11996	0.00010623223181681945	True	True	True
C_nb_pairwise	ES_vs_SPC	131884	ENSMUSG00000033055	0.0	0.0	5.187467246772211	log2fc	0.3571513941147546	8.33541718763024e-05	11996	0.00010623223181681945	True	True	True
C_nb_pairwise	ES_vs_SPC	86826	ENSMUSG00000031631	0.0	0.0	6.07592212366032	log2fc	0.1902855313739472	8.33541718763024e-05	11996	0.00010623223181681945	True	True	True
C_nb_pairwise	ES_vs_SPC	8994	ENSMUSG00000020156	0.0	0.0	5.665111639191214	log2fc	0.1006472990385615	8.33541718763024e-05	11996	0.00010623223181681945	True	True	True
C_nb_pairwise	ES_vs_SPC	133818	ENSMUSG00000038015	0.0	0.0	-3.7611976322315286	log2fc	0.0608428087941346	8.33541718763024e-05	11996	0.00010623223181681945	True	True	True
C_nb_pairwise	ES_vs_SPC	133821	ENSMUSG00000022501	0.0	0.0	-3.647720649893983	log2fc	0.1014700741248573	8.33541718763024e-05	11996	0.00010623223181681945	True	True	True
C_nb_pairwise	ES_vs_SPC	133822	ENSMUSG00000022501	0.0	0.0	-4.199265194925276	log2fc	0.1205391926466012	8.33541718763024e-05	11996	0.00010623223181681945	True	True	True
C_nb_pairwise	ES_vs_SPC	133823	ENSMUSG00000022501	0.0	0.0	-4.137964742761541	log2fc	0.1571380647389439	8.33541718763024e-05	11996	0.00010623223181681945	True	True	True
C_nb_pairwise	ES_vs_SPC	139983	ENSMUSG00000044526	0.0	0.0	-3.304664214939687	log2fc	0.0625619557701222	8.33541718763024e-05	11996	0.00010623223181681945	True	True	True
C_nb_pairwise	ES_vs_SPC	176862	ENSMUSG00000083649	0.0	0.0	4.92983930419342	log2fc	0.1611484279233188	8.33541718763024e-05	11996	0.00010623223181681945	True	True	True
C_nb_pairwise	ES_vs_SPC	50215	ENSMUSG00000026864	0.0	0.0	5.625533731205223	log2fc	0.2031484533904716	8.33541718763024e-05	11996	0.00010623223181681945	True	True	True
C_nb_pairwise	ES_vs_SPC	64551	ENSMUSG00000078593	0.0	0.0	-4.339373443387535	log2fc	0.0484773381137559	8.33541718763024e-05	11996	0.00010623223181681945	True	True	True
C_nb_pairwise	ES_vs_SPC	33852	ENSMUSG00000022427	0.0	0.0	5.304064150419567	log2fc	0.0884288228042135	8.33541718763024e-05	11996	0.00010623223181681945	True	True	True
C_nb_pairwise	ES_vs_SPC	60473	ENSMUSG00000037894	0.0	0.0	5.400906149460574	log2fc	0.1978243689164979	8.33541718763024e-05	11996	0.00010623223181681945	True	True	True
C_nb_pairwise	ES_vs_SPC	33851	ENSMUSG00000022428	0.0	0.0	5.413749470395526	log2fc	0.10888465679776	8.33541718763024e-05	11996	0.00010623223181681945	True	True	True
C_nb_pairwise	ES_vs_SPC	133817	ENSMUSG00000038015	0.0	0.0	-4.25485413293516	log2fc	0.0501455645704243	8.33541718763024e-05	11996	0.00010623223181681945	True	True	True
C_nb_pairwise	ES_vs_SPC	133814	ENSMUSG00000050058	0.0	0.0	-3.978384371682045	log2fc	0.0362462817495779	8.33541718763024e-05	11996	0.00010623223181681945	True	True	True
C_nb_pairwise	ES_vs_SPC	133813	ENSMUSG00000050058	0.0	0.0	-3.894243491797884	log2fc	0.0471086633706434	8.33541718763024e-05	11996	0.00010623223181681945	True	True	True
C_nb_pairwise	ES_vs_SPC	133816	ENSMUSG00000038015	0.0	0.0	-3.534528877941105	log2fc	0.1165943588226958	8.33541718763024e-05	11996	0.00010623223181681945	True	True	True
C_nb_pairwise	ES_vs_SPC	133815	ENSMUSG00000050058	0.0	0.0	-4.3262509276719205	log2fc	0.0801199961262947	8.33541718763024e-05	11996	0.00010623223181681945	True	True	True
C_nb_pairwise	ES_vs_SPC	163020	ENSMUSG00000048686	0.0	0.0	-4.625050958113984	log2fc	0.2119985859502443	8.33541718763024e-05	11996	0.00010623223181681945	True	True	True
C_nb_pairwise	ES_vs_SPC	148140	ENSMUSG00000026853	0.0	0.0	5.01565512105357	log2fc	0.0764524429882045	8.33541718763024e-05	11996	0.00010623223181681945	True	True	True
C_nb_pairwise	ES_vs_SPC	133806	ENSMUSG00000043050	0.0	0.0	-3.4606483484365347	log2fc	0.2073235662568148	8.33541718763024e-05	11996	0.00010623223181681945	True	True	True
C_nb_pairwise	ES_vs_SPC	133807	ENSMUSG00000043050	0.0	0.0	-4.007257626431869	log2fc	0.1340632262264421	8.33541718763024e-05	11996	0.00010623223181681945	True	True	True
C_nb_pairwise	ES_vs_SPC	133809	ENSMUSG00000043050	0.0	0.0	-4.271440331644044	log2fc	0.2552273116770073	8.33541718763024e-05	11996	0.00010623223181681945	True	True	True
C_nb_pairwise	ES_vs_SPC	133810	ENSMUSG00000043050	0.0	0.0	-4.717222355290928	log2fc	0.1462491234506918	8.33541718763024e-05	11996	0.00010623223181681945	True	True	True
C_nb_pairwise	ES_vs_SPC	123572	ENSMUSG00000046957	0.0	0.0	-3.381571902766101	log2fc	0.0771966258823823	8.33541718763024e-05	11996	0.00010623223181681945	True	True	True
C_nb_pairwise	ES_vs_SPC	123573	ENSMUSG00000046957	0.0	0.0	-3.400485373451136	log2fc	0.0970724437581032	8.33541718763024e-05	11996	0.00010623223181681945	True	True	True
C_nb_pairwise	ES_vs_SPC	133811	ENSMUSG00000043050	0.0	0.0	-4.426120217822789	log2fc	0.1557769333478258	8.33541718763024e-05	11996	0.00010623223181681945	True	True	True
C_nb_pairwise	ES_vs_SPC	133812	ENSMUSG00000050058	0.0	0.0	-3.264231349418112	log2fc	0.0417926138019026	8.33541718763024e-05	11996	0.00010623223181681945	True	True	True
C_nb_pairwise	ES_vs_SPC	64714	ENSMUSG00000048772	0.0	0.0	-2.2498939932937323	log2fc	0.0473086447503394	8.33541718763024e-05	11996	0.00010623223181681945	True	True	True
C_nb_pairwise	ES_vs_SPC	120006	ENSMUSG00000021270	0.0	0.0	5.4240980740302005	log2fc	0.176474620735738	8.33541718763024e-05	11996	0.00010623223181681945	True	True	True
C_nb_pairwise	ES_vs_SPC	56472	ENSMUSG00000039335	0.0	0.0	4.964028220419559	log2fc	0.2539541186545587	8.33541718763024e-05	11996	0.00010623223181681945	True	True	True
C_nb_pairwise	ES_vs_SPC	79035	ENSMUSG00000067338	0.0	0.0	5.331687147457095	log2fc	0.3457123922911537	8.33541718763024e-05	11996	0.00010623223181681945	True	True	True
C_nb_pairwise	ES_vs_SPC	191635	ENSMUSG00000118396	0.0	0.0	-4.330585972457808	log2fc	0.0827558359647189	8.33541718763024e-05	11996	0.00010623223181681945	True	True	True
C_nb_pairwise	ES_vs_SPC	107177	ENSMUSG00000001666	0.0	0.0	5.461156953875308	log2fc	0.0893143884378824	8.33541718763024e-05	11996	0.00010623223181681945	True	True	True
C_nb_pairwise	ES_vs_SPC	51118	ENSMUSG00000027088	0.0	0.0	5.815369022530091	log2fc	0.1158689315562989	8.33541718763024e-05	11996	0.00010623223181681945	True	True	True
C_nb_pairwise	ES_vs_SPC	110501	ENSMUSG00000020283	0.0	0.0	5.2226012004956495	log2fc	0.0821255694278515	8.33541718763024e-05	11996	0.00010623223181681945	True	True	True
C_nb_pairwise	ES_vs_SPC	137163	ENSMUSG00000023806	0.0	0.0	4.891523972971205	log2fc	0.1323198747684823	8.33541718763024e-05	11996	0.00010623223181681945	True	True	True
C_nb_pairwise	ES_vs_SPC	133040	ENSMUSG00000048077	0.0	0.0	-4.681306730330937	log2fc	0.0744886161152339	8.33541718763024e-05	11996	0.00010623223181681945	True	True	True
C_nb_pairwise	ES_vs_SPC	147416	ENSMUSG00000062651	0.0	0.0	-4.271703868745834	log2fc	0.0651747772305369	8.33541718763024e-05	11996	0.00010623223181681945	True	True	True
C_nb_pairwise	ES_vs_SPC	21333	ENSMUSG00000001175	0.0	0.0	5.273762245205304	log2fc	0.230663303477167	8.33541718763024e-05	11996	0.00010623223181681945	True	True	True
C_nb_pairwise	ES_vs_SPC	88950	ENSMUSG00000035785	0.0	0.0	3.3228773337700086	log2fc	0.1285310557655646	8.33541718763024e-05	11996	0.00010623223181681945	True	True	True
C_nb_pairwise	ES_vs_SPC	107378	ENSMUSG00000061032	0.0	0.0	3.488806053085711	log2fc	0.144104281525123	8.33541718763024e-05	11996	0.00010623223181681945	True	True	True
C_nb_pairwise	ES_vs_SPC	188304	ENSMUSG00000032239	0.0	0.0	4.625866468258806	log2fc	0.1225930827429108	8.33541718763024e-05	11996	0.00010623223181681945	True	True	True
C_nb_pairwise	ES_vs_SPC	67473	ENSMUSG00000014529	0.0	0.0	5.885100769814741	log2fc	0.0843640623092558	8.33541718763024e-05	11996	0.00010623223181681945	True	True	True
C_nb_pairwise	ES_vs_SPC	22706	ENSMUSG00000021326	0.0	0.0	4.210844880582583	log2fc	0.1796165102783426	8.33541718763024e-05	11996	0.00010623223181681945	True	True	True
C_nb_pairwise	ES_vs_SPC	40813	ENSMUSG00000002308	0.0	0.0	5.09591570617868	log2fc	0.1719954575330091	8.33541718763024e-05	11996	0.00010623223181681945	True	True	True
C_nb_pairwise	ES_vs_SPC	188564	ENSMUSG00000050471	0.0	0.0	5.875068670851406	log2fc	0.1500006452514792	8.33541718763024e-05	11996	0.00010623223181681945	True	True	True
C_nb_pairwise	ES_vs_SPC	170129	ENSMUSG00000029463	0.0	0.0	5.205302144913623	log2fc	0.1282951753917382	8.33541718763024e-05	11996	0.00010623223181681945	True	True	True
C_nb_pairwise	ES_vs_SPC	94313	ENSMUSG00000010044	0.0	0.0	5.833450556230683	log2fc	0.0914686190975369	8.33541718763024e-05	11996	0.00010623223181681945	True	True	True
C_nb_pairwise	ES_vs_SPC	110669	ENSMUSG00000020460	0.0	0.0	4.729174982535227	log2fc	0.2882397804351615	8.33541718763024e-05	11996	0.00010623223181681945	True	True	True
C_nb_pairwise	ES_vs_SPC	106544	ENSMUSG00000020078	0.0	0.0	5.138923850424941	log2fc	0.070952995682218	8.33541718763024e-05	11996	0.00010623223181681945	True	True	True
C_nb_pairwise	ES_vs_SPC	95158	ENSMUSG00000006941	0.0	0.0	5.007742453580846	log2fc	0.141335044642047	8.33541718763024e-05	11996	0.00010623223181681945	True	True	True
C_nb_pairwise	ES_vs_SPC	21327	ENSMUSG00000001175	0.0	0.0	5.557459399471556	log2fc	0.052234939847824	8.33541718763024e-05	11996	0.00010623223181681945	True	True	True
C_nb_pairwise	ES_vs_SPC	21328	ENSMUSG00000001175	0.0	0.0	5.645368946133592	log2fc	0.0615407202219264	8.33541718763024e-05	11996	0.00010623223181681945	True	True	True
C_nb_pairwise	ES_vs_SPC	54117	ENSMUSG00000036992	0.0	0.0	5.483166119296706	log2fc	0.1724138175505489	8.33541718763024e-05	11996	0.00010623223181681945	True	True	True
C_nb_pairwise	ES_vs_SPC	21539	ENSMUSG00000043319	0.0	0.0	4.943866884023761	log2fc	0.0888733844074914	8.33541718763024e-05	11996	0.00010623223181681945	True	True	True
C_nb_pairwise	ES_vs_SPC	156697	ENSMUSG00000028141	0.0	0.0	-3.370616903283247	log2fc	0.1443812712277137	8.33541718763024e-05	11996	0.00010623223181681945	True	True	True
C_nb_pairwise	ES_vs_SPC	21537	ENSMUSG00000043319	0.0	0.0	5.055985269831059	log2fc	0.1868021279086863	8.33541718763024e-05	11996	0.00010623223181681945	True	True	True
C_nb_pairwise	ES_vs_SPC	156661	ENSMUSG00000074435	0.0	0.0	-3.801661225871616	log2fc	0.1381421021814483	8.33541718763024e-05	11996	0.00010623223181681945	True	True	True
C_nb_pairwise	ES_vs_SPC	156663	ENSMUSG00000074435	0.0	0.0	-3.9682515851297486	log2fc	0.0666318416187556	8.33541718763024e-05	11996	0.00010623223181681945	True	True	True
C_nb_pairwise	ES_vs_SPC	134146	ENSMUSG00000022783	0.0	0.0	5.580231866306226	log2fc	0.1171898925686687	8.33541718763024e-05	11996	0.00010623223181681945	True	True	True
C_nb_pairwise	ES_vs_SPC	113669	ENSMUSG00000020526	0.0	0.0	5.614587773148717	log2fc	0.1739307255358985	8.33541718763024e-05	11996	0.00010623223181681945	True	True	True
C_nb_pairwise	ES_vs_SPC	168973	ENSMUSG00000029320	0.0	0.0	-3.824509306318317	log2fc	0.0787460037328421	8.33541718763024e-05	11996	0.00010623223181681945	True	True	True
C_nb_pairwise	ES_vs_SPC	156660	ENSMUSG00000074435	0.0	0.0	-3.394811206722214	log2fc	0.0914642640190385	8.33541718763024e-05	11996	0.00010623223181681945	True	True	True
C_nb_pairwise	ES_vs_SPC	58321	ENSMUSG00000004897	0.0	0.0	4.596268250959305	log2fc	0.0970569613408472	8.33541718763024e-05	11996	0.00010623223181681945	True	True	True
C_nb_pairwise	ES_vs_SPC	187200	ENSMUSG00000006589	0.0	0.0	5.255859643468392	log2fc	0.095858242437221	8.33541718763024e-05	11996	0.00010623223181681945	True	True	True
C_nb_pairwise	ES_vs_SPC	21540	ENSMUSG00000043319	0.0	0.0	4.632828063655975	log2fc	0.0345709912405212	8.33541718763024e-05	11996	0.00010623223181681945	True	True	True
C_nb_pairwise	ES_vs_SPC	138062	ENSMUSG00000039183	0.0	0.0	5.797220877994016	log2fc	0.2049379997663389	8.33541718763024e-05	11996	0.00010623223181681945	True	True	True
C_nb_pairwise	ES_vs_SPC	60507	ENSMUSG00000004127	0.0	0.0	4.953683794584289	log2fc	0.3041700083221425	8.33541718763024e-05	11996	0.00010623223181681945	True	True	True
C_nb_pairwise	ES_vs_SPC	60474	ENSMUSG00000037894	0.0	0.0	5.370768287423522	log2fc	0.09278671716553	8.33541718763024e-05	11996	0.00010623223181681945	True	True	True
C_nb_pairwise	ES_vs_SPC	152637	ENSMUSG00000074656	0.0	0.0	5.339348364815262	log2fc	0.3612422273646372	8.33541718763024e-05	11996	0.00010623223181681945	True	True	True
C_nb_pairwise	ES_vs_SPC	9086	ENSMUSG00000055862	0.0	0.0	5.510444758161424	log2fc	0.1460661891890657	8.33541718763024e-05	11996	0.00010623223181681945	True	True	True
C_nb_pairwise	ES_vs_SPC	47892	ENSMUSG00000025176	0.0	0.0	-2.8987634088893985	log2fc	0.0809670033985772	8.33541718763024e-05	11996	0.00010623223181681945	True	True	True
C_nb_pairwise	ES_vs_SPC	47891	ENSMUSG00000025176	0.0	0.0	-3.856243085408805	log2fc	0.0874957190102936	8.33541718763024e-05	11996	0.00010623223181681945	True	True	True
C_nb_pairwise	ES_vs_SPC	134204	ENSMUSG00000049916	0.0	0.0	-3.5283578102853665	log2fc	0.0443584261471002	8.33541718763024e-05	11996	0.00010623223181681945	True	True	True
C_nb_pairwise	ES_vs_SPC	178951	ENSMUSG00000040231	0.0	0.0	4.114062686047974	log2fc	0.2304392104438747	8.33541718763024e-05	11996	0.00010623223181681945	True	True	True
C_nb_pairwise	ES_vs_SPC	179142	ENSMUSG00000094445	0.0	0.0	-4.32731414581108	log2fc	0.0930664290985836	8.33541718763024e-05	11996	0.00010623223181681945	True	True	True
C_nb_pairwise	ES_vs_SPC	123854	ENSMUSG00000045022	0.0	0.0	-3.9275637481565218	log2fc	0.1075181847193311	8.33541718763024e-05	11996	0.00010623223181681945	True	True	True
C_nb_pairwise	ES_vs_SPC	77093	ENSMUSG00000048206	3.18879985609324e-310	1.104098909710895e-309	-3.818294538304202	log2fc	0.0698282544896714	8.33541718763024e-05	11996	0.00010623223181681945	True	True	True
C_nb_pairwise	ES_vs_SPC	4552	ENSMUSG00000042708	4.96228518030013e-310	1.70828093275849e-309	6.013390994949521	log2fc	0.0376637230018417	8.33541718763024e-05	11996	0.00010623223181681945	True	True	True
C_nb_pairwise	ES_vs_SPC	33581	ENSMUSG00000049653	7.3024442165513e-310	2.499522334693845e-309	4.506341343310956	log2fc	0.06331873290318	8.33541718763024e-05	11996	0.00010623223181681945	True	True	True
C_nb_pairwise	ES_vs_SPC	14807	ENSMUSG00000037926	7.782265041635437e-309	2.6486231590566063e-308	5.193370086217923	log2fc	0.109676905585004	8.33541718763024e-05	11996	0.00010623223181681945	True	True	True
C_nb_pairwise	ES_vs_SPC	112952	ENSMUSG00000000751	1.6818447617912047e-308	5.691666736231254e-308	5.97952300276125	log2fc	0.1762990153812576	8.33541718763024e-05	11996	0.00010623223181681945	True	True	True
C_nb_pairwise	ES_vs_SPC	162416	ENSMUSG00000006398	3.1350293517080574e-304	1.0549902144231048e-303	5.82162774321539	log2fc	0.1063082147717453	8.33541718763024e-05	11996	0.00010623223181681945	True	True	True
C_nb_pairwise	ES_vs_SPC	148139	ENSMUSG00000026853	2.467201483620192e-303	8.256165858594945e-303	4.810534095938047	log2fc	0.0944280973761347	8.33541718763024e-05	11996	0.00010623223181681945	True	True	True
C_nb_pairwise	ES_vs_SPC	75185	ENSMUSG00000029766	9.44502197661546e-301	3.143093424440367e-300	-3.747107385951408	log2fc	0.0982661552107369	8.33541718763024e-05	11996	0.00010623223181681945	True	True	True
C_nb_pairwise	ES_vs_SPC	157018	ENSMUSG00000038170	1.2293070650803683e-300	4.068259292724534e-300	5.525990455665937	log2fc	0.0926452944954972	8.33541718763024e-05	11996	0.00010623223181681945	True	True	True
C_nb_pairwise	ES_vs_SPC	44598	ENSMUSG00000057719	1.0554188763528313e-297	3.473603884260142e-297	-3.918435257972007	log2fc	0.1000918015158576	8.33541718763024e-05	11996	0.00010623223181681945	True	True	True
C_nb_pairwise	ES_vs_SPC	104291	ENSMUSG00000060743	3.2856888286720666e-297	1.0754795674177966e-296	3.6703911748056512	log2fc	0.1984899131866113	8.33541718763024e-05	11996	0.00010623223181681945	True	True	True
C_nb_pairwise	ES_vs_SPC	163023	ENSMUSG00000048686	3.3427287361691875e-296	1.0882035396550779e-295	-5.2176799692479126	log2fc	0.3827936390855082	8.33541718763024e-05	11996	0.00010623223181681945	True	True	True
C_nb_pairwise	ES_vs_SPC	112525	ENSMUSG00000044084	4.70318703873492e-294	1.5228156952444414e-293	-3.7470450350873095	log2fc	0.1333085820695596	8.33541718763024e-05	11996	0.00010623223181681945	True	True	True
C_nb_pairwise	ES_vs_SPC	163019	ENSMUSG00000048686	3.670352938218803e-292	1.1820115107489586e-291	-4.20960835583756	log2fc	0.2219242140839592	8.33541718763024e-05	11996	0.00010623223181681945	True	True	True
C_nb_pairwise	ES_vs_SPC	182938	ENSMUSG00000031452	4.907487637696961e-292	1.5719706390269944e-291	-4.305637076109776	log2fc	0.0902008251664398	8.33541718763024e-05	11996	0.00010623223181681945	True	True	True
C_nb_pairwise	ES_vs_SPC	17885	ENSMUSG00000025156	7.728034641659213e-291	2.4622833778478024e-290	5.2612542286061	log2fc	0.0786716384902758	8.33541718763024e-05	11996	0.00010623223181681945	True	True	True
C_nb_pairwise	ES_vs_SPC	88674	ENSMUSG00000031776	1.3724183599543464e-290	4.349622209590759e-290	-3.6815326359184217	log2fc	0.12224669812865	8.33541718763024e-05	11996	0.00010623223181681945	True	True	True
C_nb_pairwise	ES_vs_SPC	33846	ENSMUSG00000022428	1.546695631996893e-290	4.8761614924533626e-290	5.047493261539781	log2fc	0.2760892709437405	8.33541718763024e-05	11996	0.00010623223181681945	True	True	True
C_nb_pairwise	ES_vs_SPC	107178	ENSMUSG00000001666	5.628679885160556e-288	1.7652247388540168e-287	5.616269679680348	log2fc	0.0352883285721826	8.33541718763024e-05	11996	0.00010623223181681945	True	True	True
C_nb_pairwise	ES_vs_SPC	40073	ENSMUSG00000024175	1.0575690919982506e-284	3.2993952401403755e-284	4.45731217665898	log2fc	0.6815695137189572	8.33541718763024e-05	11996	0.00010623223181681945	True	True	True
C_nb_pairwise	ES_vs_SPC	30196	ENSMUSG00000033589	3.2695359528004002e-282	1.014741987423544e-281	6.101323886403622	log2fc	0.1502994863035137	8.33541718763024e-05	11996	0.00010623223181681945	True	True	True
C_nb_pairwise	ES_vs_SPC	6205	ENSMUSG00000026622	3.901462686500994e-282	1.2046268810381935e-281	6.152578451758028	log2fc	0.164248659499429	8.33541718763024e-05	11996	0.00010623223181681945	True	True	True
C_nb_pairwise	ES_vs_SPC	189572	ENSMUSG00000032306	3.2329664295891663e-280	9.931009699096975e-280	4.709008745177455	log2fc	0.0788359844312485	8.33541718763024e-05	11996	0.00010623223181681945	True	True	True
C_nb_pairwise	ES_vs_SPC	4551	ENSMUSG00000042708	4.347251196264644e-279	1.3285731972257763e-278	5.673280474403612	log2fc	0.0497829060890386	8.33541718763024e-05	11996	0.00010623223181681945	True	True	True
C_nb_pairwise	ES_vs_SPC	92731	ENSMUSG00000040652	2.3564408671597337e-276	7.1650156316176686e-276	4.753970320650905	log2fc	0.1844368337267274	8.33541718763024e-05	11996	0.00010623223181681945	True	True	True
C_nb_pairwise	ES_vs_SPC	131883	ENSMUSG00000033055	2.3598674874926224e-275	7.139195075798387e-275	4.76544755579293	log2fc	0.1972566595389484	8.33541718763024e-05	11996	0.00010623223181681945	True	True	True
C_nb_pairwise	ES_vs_SPC	33582	ENSMUSG00000049653	2.3918995313773568e-275	7.199737785402194e-275	5.424621241023843	log2fc	0.1094900875380584	8.33541718763024e-05	11996	0.00010623223181681945	True	True	True
C_nb_pairwise	ES_vs_SPC	46982	ENSMUSG00000047044	3.4814517564422485e-275	1.0426948010544535e-274	6.253748306516144	log2fc	0.0001	8.33541718763024e-05	11996	0.00010623223181681945	True	True	True
C_nb_pairwise	ES_vs_SPC	188695	ENSMUSG00000001948	1.025902334658886e-274	3.0572910371177753e-274	-4.29482547213412	log2fc	0.1308408133500459	8.33541718763024e-05	11996	0.00010623223181681945	True	True	True
C_nb_pairwise	ES_vs_SPC	17703	ENSMUSG00000017716	4.2219949132900606e-271	1.251967798544924e-270	4.893004113568244	log2fc	0.1145305366127236	8.33541718763024e-05	11996	0.00010623223181681945	True	True	True
C_nb_pairwise	ES_vs_SPC	17704	ENSMUSG00000017716	3.283644643335744e-270	9.689178036246848e-270	4.769127983020976	log2fc	0.0887782015354437	8.33541718763024e-05	11996	0.00010623223181681945	True	True	True
C_nb_pairwise	ES_vs_SPC	47890	ENSMUSG00000025176	4.5584794789594035e-270	1.3384947097532756e-269	-3.581482533570205	log2fc	0.077546682707487	8.33541718763024e-05	11996	0.00010623223181681945	True	True	True
C_nb_pairwise	ES_vs_SPC	81210	ENSMUSG00000051113	1.810426126343012e-269	5.289976827704701e-269	-2.903671599000248	log2fc	0.0482352550170969	8.33541718763024e-05	11996	0.00010623223181681945	True	True	True
C_nb_pairwise	ES_vs_SPC	182304	ENSMUSG00000073795	7.318657297768066e-268	2.1280950103704228e-267	5.13222075578264	log2fc	0.1403200858224964	8.33541718763024e-05	11996	0.00010623223181681945	True	True	True
C_nb_pairwise	ES_vs_SPC	51119	ENSMUSG00000027088	8.855073735885004e-268	2.562410225987979e-267	5.904663701003071	log2fc	0.0884411496999975	8.33541718763024e-05	11996	0.00010623223181681945	True	True	True
C_nb_pairwise	ES_vs_SPC	112567	ENSMUSG00000018565	3.2060422050479638e-267	9.232785003960243e-267	4.897162337958899	log2fc	0.2292800782792431	8.33541718763024e-05	11996	0.00010623223181681945	True	True	True
C_nb_pairwise	ES_vs_SPC	103265	ENSMUSG00000026592	2.273321214727701e-266	6.515403864219583e-266	-3.9067716064131863	log2fc	0.0607931602135311	8.33541718763024e-05	11996	0.00010623223181681945	True	True	True
C_nb_pairwise	ES_vs_SPC	53478	ENSMUSG00000100963	7.475301975184326e-266	2.1322408967311483e-265	-3.4444150270522096	log2fc	0.1486395984934236	8.33541718763024e-05	11996	0.00010623223181681945	True	True	True
C_nb_pairwise	ES_vs_SPC	140723	ENSMUSG00000036533	1.5914228521197376e-264	4.517830750804374e-264	6.842060272258292	log2fc	0.5321533245615241	8.33541718763024e-05	11996	0.00010623223181681945	True	True	True
C_nb_pairwise	ES_vs_SPC	133039	ENSMUSG00000048077	3.2182578378334113e-260	9.093096438029308e-260	-4.175962727267308	log2fc	0.0673768218446009	8.33541718763024e-05	11996	0.00010623223181681945	True	True	True
C_nb_pairwise	ES_vs_SPC	46056	ENSMUSG00000024905	1.532940292101085e-258	4.310944765110563e-258	4.753114815485417	log2fc	0.3272103584906332	8.33541718763024e-05	11996	0.00010623223181681945	True	True	True
C_nb_pairwise	ES_vs_SPC	2729	ENSMUSG00000026226	1.2408123847298445e-257	3.473115039500826e-257	-3.4425814926875216	log2fc	0.1430460775318306	8.33541718763024e-05	11996	0.00010623223181681945	True	True	True
C_nb_pairwise	ES_vs_SPC	189826	ENSMUSG00000032278	1.6443623567947808e-257	4.581270008000344e-257	-4.366686149159027	log2fc	0.0784268056158075	8.33541718763024e-05	11996	0.00010623223181681945	True	True	True
C_nb_pairwise	ES_vs_SPC	156647	ENSMUSG00000027927	2.932040555338781e-256	8.130982836333009e-256	-3.203857195368052	log2fc	0.1052124886070014	8.33541718763024e-05	11996	0.00010623223181681945	True	True	True
C_nb_pairwise	ES_vs_SPC	40812	ENSMUSG00000002308	5.668811665972451e-256	1.564801008256912e-255	5.397171249433609	log2fc	0.1167292594622234	8.33541718763024e-05	11996	0.00010623223181681945	True	True	True
C_nb_pairwise	ES_vs_SPC	115836	ENSMUSG00000020743	1.9002531094706087e-254	5.221337672352728e-254	5.577835185824557	log2fc	0.0723987820942716	8.33541718763024e-05	11996	0.00010623223181681945	True	True	True
C_nb_pairwise	ES_vs_SPC	21549	ENSMUSG00000021203	1.9827803390239223e-254	5.4232211099330115e-254	-4.473679059429228	log2fc	0.0367396109648298	8.33541718763024e-05	11996	0.00010623223181681945	True	True	True
C_nb_pairwise	ES_vs_SPC	14712	ENSMUSG00000069808	7.38614286039431e-254	2.0110452606255415e-253	-1.1614106400124429	log2fc	0.064531853638077	8.33541718763024e-05	11996	0.00010623223181681945	True	True	True
C_nb_pairwise	ES_vs_SPC	138483	ENSMUSG00000045378	1.4025709562100455e-253	3.8015384740715717e-253	6.005989670257513	log2fc	0.1542712361958662	8.33541718763024e-05	11996	0.00010623223181681945	True	True	True
C_nb_pairwise	ES_vs_SPC	139599	ENSMUSG00000118471	2.5907769568315023e-252	6.99042971685617e-252	-3.92471704750419	log2fc	0.0609427017119754	8.33541718763024e-05	11996	0.00010623223181681945	True	True	True
C_nb_pairwise	ES_vs_SPC	115892	ENSMUSG00000034341	6.326262922946577e-252	1.6992966326659193e-251	5.438184685840056	log2fc	0.1337151740494779	8.33541718763024e-05	11996	0.00010623223181681945	True	True	True
C_nb_pairwise	ES_vs_SPC	29075	ENSMUSG00000008813	2.8420295709365878e-251	7.599891575852752e-251	-3.286045473691579	log2fc	0.1225018601162862	8.33541718763024e-05	11996	0.00010623223181681945	True	True	True
C_nb_pairwise	ES_vs_SPC	176108	ENSMUSG00000030206	2.1068866639844223e-248	5.609000496562973e-248	-2.531870374157137	log2fc	0.0714065457221038	8.33541718763024e-05	11996	0.00010623223181681945	True	True	True
C_nb_pairwise	ES_vs_SPC	41862	ENSMUSG00000002372	5.6093052378427256e-248	1.4867140873751296e-247	5.179211422350844	log2fc	0.1750911950618298	8.33541718763024e-05	11996	0.00010623223181681945	True	True	True
C_nb_pairwise	ES_vs_SPC	89731	ENSMUSG00000031839	4.790022018159157e-246	1.263974973073716e-245	5.74037552162589	log2fc	0.2066356818886401	8.33541718763024e-05	11996	0.00010623223181681945	True	True	True
C_nb_pairwise	ES_vs_SPC	91596	ENSMUSG00000002031	1.7422091783207877e-245	4.577119727255052e-245	5.480722610078707	log2fc	0.1875599852897553	8.33541718763024e-05	11996	0.00010623223181681945	True	True	True
C_nb_pairwise	ES_vs_SPC	107067	ENSMUSG00000003923	4.115005803312117e-245	1.0763705136174487e-244	-4.581063701016756	log2fc	0.1379090770259378	8.33541718763024e-05	11996	0.00010623223181681945	True	True	True
C_nb_pairwise	ES_vs_SPC	120005	ENSMUSG00000021270	2.3253345244083269e-243	6.055979913567773e-243	5.27604618763015	log2fc	0.0764354384432091	8.33541718763024e-05	11996	0.00010623223181681945	True	True	True
C_nb_pairwise	ES_vs_SPC	107268	ENSMUSG00000001120	4.098568472623106e-243	1.0627889675762944e-242	5.328898424869245	log2fc	0.1439937326619492	8.33541718763024e-05	11996	0.00010623223181681945	True	True	True
C_nb_pairwise	ES_vs_SPC	6844	ENSMUSG00000050844	9.355859323111288e-243	2.415586092475716e-242	5.195583259208226	log2fc	0.2031203383966874	8.33541718763024e-05	11996	0.00010623223181681945	True	True	True
C_nb_pairwise	ES_vs_SPC	144756	ENSMUSG00000024953	1.3766990377456946e-242	3.539239157123052e-242	5.60940242833899	log2fc	0.0742861069815803	8.33541718763024e-05	11996	0.00010623223181681945	True	True	True
C_nb_pairwise	ES_vs_SPC	13910	ENSMUSG00000042200	8.86109732212446e-240	2.2682894427147654e-239	-4.18006801675727	log2fc	0.0698337110795212	8.33541718763024e-05	11996	0.00010623223181681945	True	True	True
C_nb_pairwise	ES_vs_SPC	17886	ENSMUSG00000025156	5.5204898563977295e-239	1.407137627226485e-238	5.191546239450812	log2fc	0.0918959184015586	8.33541718763024e-05	11996	0.00010623223181681945	True	True	True
C_nb_pairwise	ES_vs_SPC	141137	ENSMUSG00000036438	5.874669132822362e-235	1.4910706824409298e-234	4.948739549939828	log2fc	1.2593157712430756	8.33541718763024e-05	11996	0.00010623223181681945	True	True	True
C_nb_pairwise	ES_vs_SPC	115835	ENSMUSG00000020743	1.9570990651274675e-234	4.9464233755753284e-234	5.740760522958833	log2fc	0.0550170953971882	8.33541718763024e-05	11996	0.00010623223181681945	True	True	True
C_nb_pairwise	ES_vs_SPC	86861	ENSMUSG00000018796	9.139635049743764e-232	2.3002694936119807e-231	-3.314322419364921	log2fc	0.1385526891291023	8.33541718763024e-05	11996	0.00010623223181681945	True	True	True
C_nb_pairwise	ES_vs_SPC	137916	ENSMUSG00000040097	1.433953876082965e-228	3.5938844007267616e-228	5.826386535682764	log2fc	0.1582732826814709	8.33541718763024e-05	11996	0.00010623223181681945	True	True	True
C_nb_pairwise	ES_vs_SPC	172284	ENSMUSG00000017978	7.990438789717493e-227	1.9942803479336574e-226	-4.401715726486013	log2fc	0.1748974223306604	8.33541718763024e-05	11996	0.00010623223181681945	True	True	True
C_nb_pairwise	ES_vs_SPC	83120	ENSMUSG00000001829	4.3970795444413205e-226	1.0928840859420546e-225	-2.6294279533084937	log2fc	0.1342406262356255	8.33541718763024e-05	11996	0.00010623223181681945	True	True	True
C_nb_pairwise	ES_vs_SPC	86832	ENSMUSG00000031631	7.242604024556924e-226	1.7926941366568585e-225	5.582042137318669	log2fc	0.0980836538156074	8.33541718763024e-05	11996	0.00010623223181681945	True	True	True
C_nb_pairwise	ES_vs_SPC	64902	ENSMUSG00000047518	1.2487206268571972e-223	3.07812203904305e-223	-4.560189055590631	log2fc	0.0984860309738349	8.33541718763024e-05	11996	0.00010623223181681945	True	True	True
C_nb_pairwise	ES_vs_SPC	32089	ENSMUSG00000022270	3.17350882050055e-223	7.790704030655039e-223	-4.425486226755094	log2fc	0.0001	8.33541718763024e-05	11996	0.00010623223181681945	True	True	True
C_nb_pairwise	ES_vs_SPC	132311	ENSMUSG00000018040	2.3897579785028846e-220	5.8427144045846025e-220	5.817162095402635	log2fc	0.3581140317116569	8.33541718763024e-05	11996	0.00010623223181681945	True	True	True
C_nb_pairwise	ES_vs_SPC	70644	ENSMUSG00000100704	6.02570415076846e-220	1.4672344659797994e-219	-4.854729062837792	log2fc	0.0708488084848462	8.33541718763024e-05	11996	0.00010623223181681945	True	True	True
C_nb_pairwise	ES_vs_SPC	17797	ENSMUSG00000025371	6.629980198598897e-218	1.6078373032229712e-217	5.5636745301148425	log2fc	0.2265429943816396	8.33541718763024e-05	11996	0.00010623223181681945	True	True	True
C_nb_pairwise	ES_vs_SPC	86833	ENSMUSG00000031631	4.7651731441288504e-216	1.1509430295698315e-215	5.831269489830965	log2fc	0.1261022871821508	8.33541718763024e-05	11996	0.00010623223181681945	True	True	True
C_nb_pairwise	ES_vs_SPC	64715	ENSMUSG00000048772	7.342276612967395e-216	1.7662745747660522e-215	-2.206468001482802	log2fc	0.052178949173469	8.33541718763024e-05	11996	0.00010623223181681945	True	True	True
C_nb_pairwise	ES_vs_SPC	104292	ENSMUSG00000060743	2.6263969208678757e-215	6.29284702239943e-215	3.5297792051734977	log2fc	0.1882199848224232	8.33541718763024e-05	11996	0.00010623223181681945	True	True	True
C_nb_pairwise	ES_vs_SPC	152383	ENSMUSG00000032869	7.546181651089226e-213	1.8008616768934046e-212	-2.0040644356625936	log2fc	0.1052833186623173	8.33541718763024e-05	11996	0.00010623223181681945	True	True	True
C_nb_pairwise	ES_vs_SPC	177887	ENSMUSG00000030591	1.1442419753319749e-212	2.719845012793067e-212	5.34015337404431	log2fc	0.1095549678884792	8.33541718763024e-05	11996	0.00010623223181681945	True	True	True
C_nb_pairwise	ES_vs_SPC	179141	ENSMUSG00000094445	2.0834514886861546e-212	4.932756686652201e-212	-3.323855810184216	log2fc	0.0870802339767374	8.33541718763024e-05	11996	0.00010623223181681945	True	True	True
C_nb_pairwise	ES_vs_SPC	74966	ENSMUSG00000079652	1.7470933450055463e-211	4.120113833300481e-211	-3.0653072823538543	log2fc	0.1553781134524942	8.33541718763024e-05	11996	0.00010623223181681945	True	True	True
C_nb_pairwise	ES_vs_SPC	57852	ENSMUSG00000048416	5.0575874667788245e-211	1.188037212784516e-210	-2.0426345041520424	log2fc	0.0563249979286659	8.33541718763024e-05	11996	0.00010623223181681945	True	True	True
C_nb_pairwise	ES_vs_SPC	156696	ENSMUSG00000028141	7.1652999491967815e-211	1.6765682303003406e-210	-2.575455832937628	log2fc	0.1136615239804722	8.33541718763024e-05	11996	0.00010623223181681945	True	True	True
C_nb_pairwise	ES_vs_SPC	29943	ENSMUSG00000022033	1.1428759034669493e-209	2.663745782788726e-209	6.259082630094773	log2fc	0.3106923345974694	8.33541718763024e-05	11996	0.00010623223181681945	True	True	True
C_nb_pairwise	ES_vs_SPC	132376	ENSMUSG00000048755	5.738747630386383e-209	1.3323681513959084e-208	5.986569226711759	log2fc	0.1696081662795039	8.33541718763024e-05	11996	0.00010623223181681945	True	True	True
C_nb_pairwise	ES_vs_SPC	193847	ENSMUSG00000057805	1.1435458806626541e-208	2.6447258012236678e-208	-4.104762717637911	log2fc	0.2046656389149861	8.33541718763024e-05	11996	0.00010623223181681945	True	True	True
C_nb_pairwise	ES_vs_SPC	103270	ENSMUSG00000026592	3.015665958689239e-208	6.947630420210975e-208	-4.673963487716751	log2fc	0.3465432484985031	8.33541718763024e-05	11996	0.00010623223181681945	True	True	True
C_nb_pairwise	ES_vs_SPC	84811	ENSMUSG00000060260	5.561637114854889e-208	1.2764063723364283e-207	-4.153881925211197	log2fc	0.1064175591445664	8.33541718763024e-05	11996	0.00010623223181681945	True	True	True
C_nb_pairwise	ES_vs_SPC	115882	ENSMUSG00000016559	3.2271570436212075e-207	7.378118584462227e-207	3.035574822669552	log2fc	0.3387156619883694	8.33541718763024e-05	11996	0.00010623223181681945	True	True	True
C_nb_pairwise	ES_vs_SPC	14307	ENSMUSG00000020827	2.254129681618259e-206	5.133930339503183e-206	-3.594018419818985	log2fc	0.1181821011027515	8.33541718763024e-05	11996	0.00010623223181681945	True	True	True
C_nb_pairwise	ES_vs_SPC	139597	ENSMUSG00000118471	4.899935756043469e-206	1.1117657264659235e-205	-2.898345952930027	log2fc	0.0748003943903762	8.33541718763024e-05	11996	0.00010623223181681945	True	True	True
C_nb_pairwise	ES_vs_SPC	170278	ENSMUSG00000029433	7.243480896498857e-205	1.6373000215104965e-204	5.52867393223655	log2fc	0.0568126766187239	8.33541718763024e-05	11996	0.00010623223181681945	True	True	True
C_nb_pairwise	ES_vs_SPC	162902	ENSMUSG00000028845	1.1902654682171556e-204	2.680334644594272e-204	3.512342751019085	log2fc	0.4488876380000457	8.33541718763024e-05	11996	0.00010623223181681945	True	True	True
C_nb_pairwise	ES_vs_SPC	157401	ENSMUSG00000055891	2.839417242059637e-204	6.370078381998962e-204	-3.999925033265936	log2fc	0.0447517616131532	8.33541718763024e-05	11996	0.00010623223181681945	True	True	True
C_nb_pairwise	ES_vs_SPC	88119	ENSMUSG00000005483	9.43600671061902e-204	2.1090179177838785e-203	6.083510445597054	log2fc	0.1383953312589546	8.33541718763024e-05	11996	0.00010623223181681945	True	True	True
C_nb_pairwise	ES_vs_SPC	163359	ENSMUSG00000028896	1.420565811137273e-203	3.163267363833556e-203	5.797952026947885	log2fc	0.3486376373515186	8.33541718763024e-05	11996	0.00010623223181681945	True	True	True
C_nb_pairwise	ES_vs_SPC	140267	ENSMUSG00000050612	1.939535325957955e-202	4.302895037958574e-202	-4.208402418837308	log2fc	0.160180860703476	8.33541718763024e-05	11996	0.00010623223181681945	True	True	True
C_nb_pairwise	ES_vs_SPC	182546	ENSMUSG00000059119	5.42300854310723e-202	1.1986649879414137e-201	5.452704786860969	log2fc	0.2310772447339856	8.33541718763024e-05	11996	0.00010623223181681945	True	True	True
C_nb_pairwise	ES_vs_SPC	178063	ENSMUSG00000061099	1.092541830968173e-201	2.4060020468747637e-201	-3.0293252852467427	log2fc	0.1017244119572934	8.33541718763024e-05	11996	0.00010623223181681945	True	True	True
C_nb_pairwise	ES_vs_SPC	11497	ENSMUSG00000034614	1.971412236223935e-201	4.325552855304532e-201	5.384576829338066	log2fc	0.2660083002245719	8.33541718763024e-05	11996	0.00010623223181681945	True	True	True
C_nb_pairwise	ES_vs_SPC	188147	ENSMUSG00000096472	2.499402898364385e-201	5.4640231245265186e-201	5.842506769166024	log2fc	0.1775190063507475	8.33541718763024e-05	11996	0.00010623223181681945	True	True	True
C_nb_pairwise	ES_vs_SPC	82736	ENSMUSG00000044362	2.558093086907643e-201	5.5719918511188296e-201	3.9567609334463385	log2fc	0.7768303081365608	8.33541718763024e-05	11996	0.00010623223181681945	True	True	True
C_nb_pairwise	ES_vs_SPC	182916	ENSMUSG00000038515	2.160227119729432e-199	4.688319002601194e-199	5.308860764417499	log2fc	0.1434690428624863	8.33541718763024e-05	11996	0.00010623223181681945	True	True	True
C_nb_pairwise	ES_vs_SPC	141312	ENSMUSG00000063889	4.556842320110396e-199	9.853965883560026e-199	3.3795544168897185	log2fc	0.2393303910001186	8.33541718763024e-05	11996	0.00010623223181681945	True	True	True
C_nb_pairwise	ES_vs_SPC	88638	ENSMUSG00000031770	9.897441643957125e-199	2.1325782535001146e-198	-2.6349488445954385	log2fc	0.0961761604748176	8.33541718763024e-05	11996	0.00010623223181681945	True	True	True
C_nb_pairwise	ES_vs_SPC	61006	ENSMUSG00000038997	4.533766103653193e-198	9.733784573793056e-198	-4.414000010300395	log2fc	0.206416700666123	8.33541718763024e-05	11996	0.00010623223181681945	True	True	True
C_nb_pairwise	ES_vs_SPC	40212	ENSMUSG00000024193	2.6625392357383832e-197	5.695932150740326e-197	5.293362374557796	log2fc	0.147438504757794	8.33541718763024e-05	11996	0.00010623223181681945	True	True	True
C_nb_pairwise	ES_vs_SPC	111548	ENSMUSG00000063652	4.0043540903419984e-197	8.535971886529739e-197	5.463538162039492	log2fc	0.1627551217678574	8.33541718763024e-05	11996	0.00010623223181681945	True	True	True
C_nb_pairwise	ES_vs_SPC	13912	ENSMUSG00000042200	1.4240707322826775e-193	3.0248878320472477e-193	-4.183177118420983	log2fc	0.0523486221874014	8.33541718763024e-05	11996	0.00010623223181681945	True	True	True
C_nb_pairwise	ES_vs_SPC	156648	ENSMUSG00000027927	7.991557773468236e-193	1.6914993308506974e-192	-3.8401692492915593	log2fc	0.1315782674176696	8.33541718763024e-05	11996	0.00010623223181681945	True	True	True
C_nb_pairwise	ES_vs_SPC	8957	ENSMUSG00000075706	1.7789242536668027e-192	3.75202685896625e-192	0.7298133897193302	log2fc	0.0300932983645859	8.33541718763024e-05	11996	0.00010623223181681945	True	True	False
C_nb_pairwise	ES_vs_SPC	182990	ENSMUSG00000031458	1.724949002154314e-191	3.625419130843628e-191	5.114842013584693	log2fc	0.3728579006413833	8.33541718763024e-05	11996	0.00010623223181681945	True	True	True
C_nb_pairwise	ES_vs_SPC	128405	ENSMUSG00000034913	1.1877510091588598e-190	2.487632358343207e-190	-4.113178662020851	log2fc	0.0847255362843934	8.33541718763024e-05	11996	0.00010623223181681945	True	True	True
C_nb_pairwise	ES_vs_SPC	147855	ENSMUSG00000026922	3.8959140030132654e-188	8.131193337299463e-188	-3.928700981242299	log2fc	0.2271614693287616	8.33541718763024e-05	11996	0.00010623223181681945	True	True	True
C_nb_pairwise	ES_vs_SPC	64995	ENSMUSG00000002384	3.4795662451113075e-187	7.23701451674192e-187	-4.232705867496979	log2fc	0.1631334635917452	8.33541718763024e-05	11996	0.00010623223181681945	True	True	True
C_nb_pairwise	ES_vs_SPC	94739	ENSMUSG00000044664	5.198342984577668e-187	1.0774420234470665e-186	6.010362588500388	log2fc	0.0001	8.33541718763024e-05	11996	0.00010623223181681945	True	True	True
C_nb_pairwise	ES_vs_SPC	60541	ENSMUSG00000028156	5.459759734525414e-187	1.127722786545077e-186	-3.8620389046331214	log2fc	0.1115802080890814	8.33541718763024e-05	11996	0.00010623223181681945	True	True	True
C_nb_pairwise	ES_vs_SPC	126527	ENSMUSG00000021792	3.812141954562553e-185	7.846986360078931e-185	5.354973378494393	log2fc	0.1849220396377565	8.33541718763024e-05	11996	0.00010623223181681945	True	True	True
C_nb_pairwise	ES_vs_SPC	80519	ENSMUSG00000046826	7.152325754585269e-185	1.4672065503412934e-184	-4.068997671711463	log2fc	0.1103731836971295	8.33541718763024e-05	11996	0.00010623223181681945	True	True	True
C_nb_pairwise	ES_vs_SPC	137284	ENSMUSG00000046173	1.6737202342821384e-182	3.421701093293518e-182	7.106936909540389	log2fc	0.179340607807041	8.33541718763024e-05	11996	0.00010623223181681945	True	True	True
C_nb_pairwise	ES_vs_SPC	33459	ENSMUSG00000056665	2.8229849849919497e-182	5.7515918571774764e-182	6.467254043828201	log2fc	0.1818276509204551	8.33541718763024e-05	11996	0.00010623223181681945	True	True	True
C_nb_pairwise	ES_vs_SPC	13911	ENSMUSG00000042200	1.4775315600996952e-181	3.0001403542363306e-181	-4.321360396922484	log2fc	0.068162354909878	8.33541718763024e-05	11996	0.00010623223181681945	True	True	True
C_nb_pairwise	ES_vs_SPC	35992	ENSMUSG00000022773	9.650725551005274e-181	1.952967771977081e-180	5.663293292053022	log2fc	0.3664451410253282	8.33541718763024e-05	11996	0.00010623223181681945	True	True	True
C_nb_pairwise	ES_vs_SPC	107176	ENSMUSG00000001666	5.233974638379489e-180	1.0556063327910148e-179	5.170578086640892	log2fc	0.0637199723789293	8.33541718763024e-05	11996	0.00010623223181681945	True	True	True
C_nb_pairwise	ES_vs_SPC	148366	ENSMUSG00000026791	3.1440002077726075e-179	6.319651424348296e-179	5.541986276996565	log2fc	0.3814130103378205	8.33541718763024e-05	11996	0.00010623223181681945	True	True	True
C_nb_pairwise	ES_vs_SPC	21550	ENSMUSG00000021203	2.468693559742909e-178	4.945643619685627e-178	-4.468560373877339	log2fc	0.0640123472504269	8.33541718763024e-05	11996	0.00010623223181681945	True	True	True
C_nb_pairwise	ES_vs_SPC	187833	ENSMUSG00000053914	4.000562230269404e-178	7.987789253104576e-178	5.814718884346676	log2fc	0.0001	8.33541718763024e-05	11996	0.00010623223181681945	True	True	True
C_nb_pairwise	ES_vs_SPC	178041	ENSMUSG00000006310	2.4115514135221167e-177	4.799067430896174e-177	5.771895108414862	log2fc	0.238579819434889	8.33541718763024e-05	11996	0.00010623223181681945	True	True	True
C_nb_pairwise	ES_vs_SPC	107972	ENSMUSG00000020048	4.6990882259670446e-176	9.320376977994238e-176	5.678790102194576	log2fc	0.1971496583240971	8.33541718763024e-05	11996	0.00010623223181681945	True	True	True
C_nb_pairwise	ES_vs_SPC	17071	ENSMUSG00000020712	3.664133812393368e-175	7.243617668724844e-175	6.405979740481632	log2fc	0.0001	8.33541718763024e-05	11996	0.00010623223181681945	True	True	True
C_nb_pairwise	ES_vs_SPC	157739	ENSMUSG00000028132	3.845952873946522e-175	7.578045300966997e-175	-3.8379743373154223	log2fc	0.1081852452056599	8.33541718763024e-05	11996	0.00010623223181681945	True	True	True
C_nb_pairwise	ES_vs_SPC	101685	ENSMUSG00000026277	2.6430596706815043e-174	5.190795877830233e-174	5.472703724862407	log2fc	0.1085789363179759	8.33541718763024e-05	11996	0.00010623223181681945	True	True	True
C_nb_pairwise	ES_vs_SPC	193511	ENSMUSG00000079579	6.342038639920779e-174	1.2414644265727276e-173	-4.422196288526204	log2fc	0.1152199866460068	8.33541718763024e-05	11996	0.00010623223181681945	True	True	True
C_nb_pairwise	ES_vs_SPC	128404	ENSMUSG00000034913	1.3092628162956408e-170	2.5545551366810712e-170	-3.5060247738582	log2fc	0.0835147339669812	8.33541718763024e-05	11996	0.00010623223181681945	True	True	True
C_nb_pairwise	ES_vs_SPC	162797	ENSMUSG00000028873	3.589360625005722e-170	6.980607189540349e-170	6.03390326327872	log2fc	0.2787312318368375	8.33541718763024e-05	11996	0.00010623223181681945	True	True	True
C_nb_pairwise	ES_vs_SPC	108800	ENSMUSG00000074748	2.505681104496324e-169	4.857291202567307e-169	6.227838232560133	log2fc	0.0001	8.33541718763024e-05	11996	0.00010623223181681945	True	True	True
C_nb_pairwise	ES_vs_SPC	122568	ENSMUSG00000044792	7.688539010674972e-169	1.4856241507723575e-168	-2.271380233778735	log2fc	0.0964485731729923	8.33541718763024e-05	11996	0.00010623223181681945	True	True	True
C_nb_pairwise	ES_vs_SPC	168171	ENSMUSG00000029238	1.0356042221295616e-168	1.994620350661117e-168	-2.2557537510929384	log2fc	0.0699610710516343	8.33541718763024e-05	11996	0.00010623223181681945	True	True	True
C_nb_pairwise	ES_vs_SPC	157399	ENSMUSG00000055891	6.778319915512544e-168	1.3013505222410302e-167	-2.859456562421115	log2fc	0.0702362714379145	8.33541718763024e-05	11996	0.00010623223181681945	True	True	True
C_nb_pairwise	ES_vs_SPC	162673	ENSMUSG00000032726	4.393928800299342e-167	8.40882859865593e-167	-4.565188457143715	log2fc	0.1517769141137444	8.33541718763024e-05	11996	0.00010623223181681945	True	True	True
C_nb_pairwise	ES_vs_SPC	50733	ENSMUSG00000026960	7.677642969324222e-166	1.4646204263137604e-165	3.507063712711466	log2fc	0.3508274472670911	8.33541718763024e-05	11996	0.00010623223181681945	True	True	True
C_nb_pairwise	ES_vs_SPC	88694	ENSMUSG00000031782	8.876161438860414e-166	1.6878795878975837e-165	5.669673977782807	log2fc	0.0001	8.33541718763024e-05	11996	0.00010623223181681945	True	True	True
C_nb_pairwise	ES_vs_SPC	193568	ENSMUSG00000056815	6.152693876153803e-164	1.1662859594354836e-163	-3.945060723839522	log2fc	0.1464163843707805	8.33541718763024e-05	11996	0.00010623223181681945	True	True	True
C_nb_pairwise	ES_vs_SPC	191522	ENSMUSG00000032566	1.019337077513627e-163	1.9261290518317432e-163	-3.8002093944826263	log2fc	0.1660928271883395	8.33541718763024e-05	11996	0.00010623223181681945	True	True	True
C_nb_pairwise	ES_vs_SPC	148173	ENSMUSG00000044320	1.6734115582963228e-163	3.15211799817452e-163	-1.5722663144474829	log2fc	0.0949850974860228	8.33541718763024e-05	11996	0.00010623223181681945	True	True	True
C_nb_pairwise	ES_vs_SPC	178062	ENSMUSG00000061099	2.2316126524554124e-162	4.190394917933517e-162	-2.439633981253492	log2fc	0.0828543334944188	8.33541718763024e-05	11996	0.00010623223181681945	True	True	True
C_nb_pairwise	ES_vs_SPC	50216	ENSMUSG00000026864	7.611178725182785e-161	1.4247175176201524e-160	5.211324768471464	log2fc	0.1678987561753764	8.33541718763024e-05	11996	0.00010623223181681945	True	True	True
C_nb_pairwise	ES_vs_SPC	9905	ENSMUSG00000074781	6.181919759727071e-160	1.1535731888088837e-159	-2.14639937739762	log2fc	0.0731220009971817	8.33541718763024e-05	11996	0.00010623223181681945	True	True	True
C_nb_pairwise	ES_vs_SPC	104652	ENSMUSG00000026605	1.140613708526615e-159	2.1218248801473362e-159	5.416046701010315	log2fc	0.0001	8.33541718763024e-05	11996	0.00010623223181681945	True	True	True
C_nb_pairwise	ES_vs_SPC	181341	ENSMUSG00000008734	3.1920613451812897e-158	5.9196431757386775e-158	-4.658010280546733	log2fc	0.1813237297187805	8.33541718763024e-05	11996	0.00010623223181681945	True	True	True
C_nb_pairwise	ES_vs_SPC	60540	ENSMUSG00000028156	1.7525770043428616e-156	3.240103782720291e-156	-3.935060876591852	log2fc	0.0723726807857674	8.33541718763024e-05	11996	0.00010623223181681945	True	True	True
C_nb_pairwise	ES_vs_SPC	74788	ENSMUSG00000029517	7.482041333959287e-156	1.3789977720128041e-155	4.821095415558764	log2fc	0.1145334689444576	8.33541718763024e-05	11996	0.00010623223181681945	True	True	True
C_nb_pairwise	ES_vs_SPC	163120	ENSMUSG00000000411	3.284791446760421e-153	6.035552382237706e-153	-3.0293526809472544	log2fc	0.1356731245747658	8.33541718763024e-05	11996	0.00010623223181681945	True	True	True
C_nb_pairwise	ES_vs_SPC	112532	ENSMUSG00000041165	4.439896102148397e-153	8.133020688644922e-153	-3.771354102372717	log2fc	0.1667690220829031	8.33541718763024e-05	11996	0.00010623223181681945	True	True	True
C_nb_pairwise	ES_vs_SPC	1019	ENSMUSG00000026083	5.139542634314258e-153	9.385933042543412e-153	3.9856531061647615	log2fc	0.8657576206314598	8.33541718763024e-05	11996	0.00010623223181681945	True	True	True
C_nb_pairwise	ES_vs_SPC	14713	ENSMUSG00000069808	5.099543191389708e-152	9.284578637211048e-152	-1.134328685096628	log2fc	0.0550315200815227	8.33541718763024e-05	11996	0.00010623223181681945	True	True	True
C_nb_pairwise	ES_vs_SPC	191636	ENSMUSG00000118396	9.291214287537849e-150	1.6864961691621734e-149	-4.043520929956398	log2fc	0.1167453053987967	8.33541718763024e-05	11996	0.00010623223181681945	True	True	True
C_nb_pairwise	ES_vs_SPC	169718	ENSMUSG00000029513	4.611788815939033e-149	8.34580513820991e-149	5.888697123961207	log2fc	0.7975628024000045	8.33541718763024e-05	11996	0.00010623223181681945	True	True	True
C_nb_pairwise	ES_vs_SPC	180739	ENSMUSG00000051437	3.121945192136664e-147	5.632666174969462e-147	-4.439647539812122	log2fc	0.2055996057972356	8.33541718763024e-05	11996	0.00010623223181681945	True	True	True
C_nb_pairwise	ES_vs_SPC	193510	ENSMUSG00000079579	5.02562197738786e-147	9.040082776142128e-147	-4.2716030576533415	log2fc	0.1086262400520005	8.33541718763024e-05	11996	0.00010623223181681945	True	True	True
C_nb_pairwise	ES_vs_SPC	53477	ENSMUSG00000100963	7.196670873907115e-146	1.290660435170767e-145	-3.834869756854969	log2fc	0.2212186748632708	8.33541718763024e-05	11996	0.00010623223181681945	True	True	True
C_nb_pairwise	ES_vs_SPC	60538	ENSMUSG00000028156	3.936746600451058e-145	7.039137951254281e-145	-4.482090771452449	log2fc	0.1587848928413882	8.33541718763024e-05	11996	0.00010623223181681945	True	True	True
C_nb_pairwise	ES_vs_SPC	70646	ENSMUSG00000100704	6.567819286037219e-145	1.1708701643858021e-144	-4.798325058283587	log2fc	0.1142790238215606	8.33541718763024e-05	11996	0.00010623223181681945	True	True	True
C_nb_pairwise	ES_vs_SPC	112531	ENSMUSG00000041165	3.2229074752590483e-144	5.728550675608814e-144	-3.621937963758045	log2fc	0.1179793632877774	8.33541718763024e-05	11996	0.00010623223181681945	True	True	True
C_nb_pairwise	ES_vs_SPC	189183	ENSMUSG00000000171	3.7482011781173494e-142	6.642522206190213e-142	5.372751366206319	log2fc	0.2535993663328221	8.33541718763024e-05	11996	0.00010623223181681945	True	True	True
C_nb_pairwise	ES_vs_SPC	157302	ENSMUSG00000027905	7.835067149094526e-142	1.384426319264785e-141	2.312361122271519	log2fc	0.3975711109451315	8.33541718763024e-05	11996	0.00010623223181681945	True	True	True
C_nb_pairwise	ES_vs_SPC	170275	ENSMUSG00000029433	2.3119581091541535e-141	4.0731261981862886e-141	5.84435773725996	log2fc	0.0989810665231488	8.33541718763024e-05	11996	0.00010623223181681945	True	True	True
C_nb_pairwise	ES_vs_SPC	79127	ENSMUSG00000030301	2.877840205561608e-141	5.055209041441066e-141	-3.44923804337836	log2fc	0.110592440693275	8.33541718763024e-05	11996	0.00010623223181681945	True	True	True
C_nb_pairwise	ES_vs_SPC	95469	ENSMUSG00000050089	7.191601237739763e-140	1.2595816202941866e-139	-3.7336516366756314	log2fc	0.0759583927150761	8.33541718763024e-05	11996	0.00010623223181681945	True	True	True
C_nb_pairwise	ES_vs_SPC	123855	ENSMUSG00000045022	1.0702709698953982e-139	1.8690737929077076e-139	-3.836525353908496	log2fc	0.108370507470878	8.33541718763024e-05	11996	0.00010623223181681945	True	True	True
C_nb_pairwise	ES_vs_SPC	77739	ENSMUSG00000051256	2.457087675955864e-139	4.278475342725472e-139	6.328673200163538	log2fc	0.2185306794518358	8.33541718763024e-05	11996	0.00010623223181681945	True	True	True
C_nb_pairwise	ES_vs_SPC	49901	ENSMUSG00000039515	7.81620696826954e-139	1.3570747750705662e-138	5.514977231863496	log2fc	0.3488931876779249	8.33541718763024e-05	11996	0.00010623223181681945	True	True	True
C_nb_pairwise	ES_vs_SPC	74956	ENSMUSG00000043421	9.975007556629391e-139	1.7268871463644525e-138	5.730439206429299	log2fc	0.2705300911859792	8.33541718763024e-05	11996	0.00010623223181681945	True	True	True
C_nb_pairwise	ES_vs_SPC	100192	ENSMUSG00000025982	8.592972284532945e-138	1.4833401724597216e-137	6.148663667497404	log2fc	0.0001	8.33541718763024e-05	11996	0.00010623223181681945	True	True	True
C_nb_pairwise	ES_vs_SPC	145435	ENSMUSG00000033053	7.435597514131835e-137	1.279862905449704e-136	3.338708746205844	log2fc	0.5128765173145338	8.33541718763024e-05	11996	0.00010623223181681945	True	True	True
C_nb_pairwise	ES_vs_SPC	52550	ENSMUSG00000044042	8.415583089510435e-136	1.444393773815688e-135	-4.336469052226612	log2fc	0.1713466584333012	8.33541718763024e-05	11996	0.00010623223181681945	True	True	True
C_nb_pairwise	ES_vs_SPC	110895	ENSMUSG00000040594	1.2759071455778285e-134	2.1836239434317692e-134	3.349217093679794	log2fc	0.2695846645928495	8.33541718763024e-05	11996	0.00010623223181681945	True	True	True
C_nb_pairwise	ES_vs_SPC	159857	ENSMUSG00000028441	3.141714220724128e-134	5.3615009065918875e-134	-2.020589148119374	log2fc	0.0766451232012984	8.33541718763024e-05	11996	0.00010623223181681945	True	True	True
C_nb_pairwise	ES_vs_SPC	16890	ENSMUSG00000049506	9.31723405552469e-134	1.5855179543350254e-133	-4.217818664064954	log2fc	0.255986091127006	8.33541718763024e-05	11996	0.00010623223181681945	True	True	True
C_nb_pairwise	ES_vs_SPC	158547	ENSMUSG00000090202	1.3668623891751336e-133	2.319406717042224e-133	-4.413169374074133	log2fc	0.0001	8.33541718763024e-05	11996	0.00010623223181681945	True	True	True
C_nb_pairwise	ES_vs_SPC	46581	ENSMUSG00000024759	1.7719123980894428e-133	2.998235950439481e-133	-3.662083707942223	log2fc	0.1004474850810235	8.33541718763024e-05	11996	0.00010623223181681945	True	True	True
C_nb_pairwise	ES_vs_SPC	153593	ENSMUSG00000027496	8.53025072678516e-132	1.4393296296744534e-131	5.9707213823201295	log2fc	0.1570176618072344	8.33541718763024e-05	11996	0.00010623223181681945	True	True	True
C_nb_pairwise	ES_vs_SPC	177331	ENSMUSG00000030403	9.58426482278587e-132	1.6126333227103192e-131	-4.169286067215133	log2fc	0.0973707388909472	8.33541718763024e-05	11996	0.00010623223181681945	True	True	True
C_nb_pairwise	ES_vs_SPC	170853	ENSMUSG00000040731	1.4015365011879013e-131	2.3515976588558906e-131	-3.765584167490974	log2fc	0.1879151232964635	8.33541718763024e-05	11996	0.00010623223181681945	True	True	True
C_nb_pairwise	ES_vs_SPC	123856	ENSMUSG00000045022	1.5948448218519877e-131	2.668469408629443e-131	-3.9349808060614873	log2fc	0.1183857042293536	8.33541718763024e-05	11996	0.00010623223181681945	True	True	True
C_nb_pairwise	ES_vs_SPC	191634	ENSMUSG00000118396	2.0588293160884872e-131	3.4352054605487575e-131	-4.512464884040957	log2fc	0.0826520433993749	8.33541718763024e-05	11996	0.00010623223181681945	True	True	True
C_nb_pairwise	ES_vs_SPC	34577	ENSMUSG00000022619	6.818289127208358e-131	1.134487551999391e-130	5.944438593282203	log2fc	0.2652019063142183	8.33541718763024e-05	11996	0.00010623223181681945	True	True	True
C_nb_pairwise	ES_vs_SPC	75186	ENSMUSG00000029766	7.188087487585824e-131	1.1927048213473428e-130	-3.056712708562955	log2fc	0.0731776739572973	8.33541718763024e-05	11996	0.00010623223181681945	True	True	True
C_nb_pairwise	ES_vs_SPC	22732	ENSMUSG00000078139	3.267042628484665e-129	5.405962802382084e-129	-2.1441279967530416	log2fc	0.1220347402542105	8.33541718763024e-05	11996	0.00010623223181681945	True	True	True
C_nb_pairwise	ES_vs_SPC	156662	ENSMUSG00000074435	4.8190598444299995e-129	7.952112525657218e-129	-4.193969620774173	log2fc	0.0612087476259743	8.33541718763024e-05	11996	0.00010623223181681945	True	True	True
C_nb_pairwise	ES_vs_SPC	64552	ENSMUSG00000078593	5.8219309382279666e-127	9.580595142853164e-127	-3.4417816216578663	log2fc	0.0888435627504091	8.33541718763024e-05	11996	0.00010623223181681945	True	True	True
C_nb_pairwise	ES_vs_SPC	63740	ENSMUSG00000028572	2.091622481450469e-126	3.4325530585995366e-126	-3.659765820749256	log2fc	0.1160342599459836	8.33541718763024e-05	11996	0.00010623223181681945	True	True	True
C_nb_pairwise	ES_vs_SPC	116265	ENSMUSG00000048445	6.111899999508232e-126	1.0002809015588608e-125	-4.174615522032169	log2fc	0.1386460353692298	8.33541718763024e-05	11996	0.00010623223181681945	True	True	True
C_nb_pairwise	ES_vs_SPC	78595	ENSMUSG00000030161	4.47678321526359e-125	7.306793313195887e-125	-3.7334852587198175	log2fc	0.0281155366286647	8.33541718763024e-05	11996	0.00010623223181681945	True	True	True
C_nb_pairwise	ES_vs_SPC	9065	ENSMUSG00000003345	3.2393443141574616e-123	5.2727370765769565e-123	-3.416734062015371	log2fc	0.1878714107144392	8.33541718763024e-05	11996	0.00010623223181681945	True	True	True
C_nb_pairwise	ES_vs_SPC	81490	ENSMUSG00000006599	1.5058875464606714e-122	2.444516640460548e-122	6.006996473532536	log2fc	0.1883847501105106	8.33541718763024e-05	11996	0.00010623223181681945	True	True	True
C_nb_pairwise	ES_vs_SPC	85891	ENSMUSG00000074454	1.7039431178403824e-121	2.7585457502334837e-121	-4.274686293693251	log2fc	0.2400013530142417	8.33541718763024e-05	11996	0.00010623223181681945	True	True	True
C_nb_pairwise	ES_vs_SPC	115914	ENSMUSG00000020780	1.1453577220141355e-120	1.849243330152203e-120	5.967564834640851	log2fc	0.1986573208086413	8.33541718763024e-05	11996	0.00010623223181681945	True	True	True
C_nb_pairwise	ES_vs_SPC	60539	ENSMUSG00000028156	1.379179109728285e-120	2.2207749643205452e-120	-4.216351977665684	log2fc	0.1046893876581174	8.33541718763024e-05	11996	0.00010623223181681945	True	True	True
C_nb_pairwise	ES_vs_SPC	7748	ENSMUSG00000019876	2.8342883765128292e-120	4.551578384802104e-120	-4.225072216185203	log2fc	0.0688179910215562	8.33541718763024e-05	11996	0.00010623223181681945	True	True	True
C_nb_pairwise	ES_vs_SPC	75184	ENSMUSG00000029766	3.6538948062508445e-120	5.8520935533268874e-120	-3.781284213991238	log2fc	0.1248938746768433	8.33541718763024e-05	11996	0.00010623223181681945	True	True	True
C_nb_pairwise	ES_vs_SPC	133041	ENSMUSG00000048077	3.2413658039794604e-119	5.177541644223191e-119	-4.94124070687435	log2fc	0.0570679165563456	8.33541718763024e-05	11996	0.00010623223181681945	True	True	True
C_nb_pairwise	ES_vs_SPC	156282	ENSMUSG00000051036	5.59809466300532e-119	8.918241231755816e-119	-4.021782958704866	log2fc	0.1018056619097943	8.33541718763024e-05	11996	0.00010623223181681945	True	True	True
C_nb_pairwise	ES_vs_SPC	116228	ENSMUSG00000025129	7.192291870196768e-118	1.1427540663787438e-117	6.147914467929043	log2fc	0.3139152187724177	8.33541718763024e-05	11996	0.00010623223181681945	True	True	True
C_nb_pairwise	ES_vs_SPC	56745	ENSMUSG00000027680	8.52985388956713e-118	1.3516884867329924e-117	-2.877458476458816	log2fc	0.3713006277937427	8.33541718763024e-05	11996	0.00010623223181681945	True	True	True
C_nb_pairwise	ES_vs_SPC	70454	ENSMUSG00000063820	5.637438203964657e-117	8.909829773548362e-117	-4.21249088704358	log2fc	0.1576588503114949	8.33541718763024e-05	11996	0.00010623223181681945	True	True	True
C_nb_pairwise	ES_vs_SPC	54715	ENSMUSG00000061689	1.4184454170384456e-115	2.2359179073842866e-115	-3.185630992738285	log2fc	0.1839963593168539	8.33541718763024e-05	11996	0.00010623223181681945	True	True	True
C_nb_pairwise	ES_vs_SPC	104976	ENSMUSG00000019795	1.4523831371392534e-115	2.283405509570637e-115	-1.3602639982258669	log2fc	0.0786556770142768	8.33541718763024e-05	11996	0.00010623223181681945	True	True	True
C_nb_pairwise	ES_vs_SPC	13066	ENSMUSG00000050087	1.1727531207738364e-114	1.838950574197717e-114	-4.577993061126725	log2fc	0.2251483762726078	8.33541718763024e-05	11996	0.00010623223181681945	True	True	True
C_nb_pairwise	ES_vs_SPC	193515	ENSMUSG00000079579	6.130014253213685e-113	9.587150228916443e-113	-4.668013876462333	log2fc	0.2802407979680442	8.33541718763024e-05	11996	0.00010623223181681945	True	True	True
C_nb_pairwise	ES_vs_SPC	177802	ENSMUSG00000003444	7.030168862216145e-112	1.0966331115800705e-111	3.3511528954506065	log2fc	0.2231179033675875	8.33541718763024e-05	11996	0.00010623223181681945	True	True	True
C_nb_pairwise	ES_vs_SPC	162279	ENSMUSG00000028688	6.025886396797544e-111	9.375340134238256e-111	6.1572552923109765	log2fc	0.0001	8.33541718763024e-05	11996	0.00010623223181681945	True	True	True
C_nb_pairwise	ES_vs_SPC	14308	ENSMUSG00000020827	4.348904871765499e-110	6.748689166288947e-110	-3.0155018766250583	log2fc	0.1056105699738605	8.33541718763024e-05	11996	0.00010623223181681945	True	True	True
C_nb_pairwise	ES_vs_SPC	85064	ENSMUSG00000031085	6.010944279739276e-110	9.303761301198517e-110	-4.546506132880465	log2fc	0.2553452924941122	8.33541718763024e-05	11996	0.00010623223181681945	True	True	True
C_nb_pairwise	ES_vs_SPC	137276	ENSMUSG00000046173	2.412085296797796e-109	3.723812094798658e-109	6.949910217581559	log2fc	0.1677634070741296	8.33541718763024e-05	11996	0.00010623223181681945	True	True	True
C_nb_pairwise	ES_vs_SPC	137277	ENSMUSG00000046173	1.7336122346892116e-107	2.669495446218092e-107	6.922416423874696	log2fc	0.232020592107156	8.33541718763024e-05	11996	0.00010623223181681945	True	True	True
C_nb_pairwise	ES_vs_SPC	118603	ENSMUSG00000066441	4.736573683944568e-107	7.274891376109734e-107	6.724698872759015	log2fc	0.1446500437499322	8.33541718763024e-05	11996	0.00010623223181681945	True	True	True
C_nb_pairwise	ES_vs_SPC	81134	ENSMUSG00000063089	1.4576799964554038e-103	2.2331210175876905e-103	-4.261705025544504	log2fc	0.113009026853016	8.33541718763024e-05	11996	0.00010623223181681945	True	True	True
C_nb_pairwise	ES_vs_SPC	158884	ENSMUSG00000068240	1.7223876459534386e-102	2.6319137753217087e-102	-0.786098665992563	log2fc	0.0489143602436728	8.33541718763024e-05	11996	0.00010623223181681945	True	True	False
C_nb_pairwise	ES_vs_SPC	183372	ENSMUSG00000031545	2.2149341994682508e-102	3.3759429656017355e-102	-1.9418021449359657	log2fc	0.183509005858318	8.33541718763024e-05	11996	0.00010623223181681945	True	True	True
C_nb_pairwise	ES_vs_SPC	184890	ENSMUSG00000090137	3.814290432281911e-101	5.798883169890519e-101	-0.7809660136523053	log2fc	0.0501439166327125	8.33541718763024e-05	11996	0.00010623223181681945	True	True	False
C_nb_pairwise	ES_vs_SPC	160656	ENSMUSG00000070980	6.74518344845918e-100	1.022877186234696e-99	2.384077848168583	log2fc	0.7373083559093708	8.33541718763024e-05	11996	0.00010623223181681945	True	True	True
C_nb_pairwise	ES_vs_SPC	178153	ENSMUSG00000036427	7.298476370961717e-100	1.1039867035873912e-99	-2.5635956827659023	log2fc	0.1286789223735719	8.33541718763024e-05	11996	0.00010623223181681945	True	True	True
C_nb_pairwise	ES_vs_SPC	43619	ENSMUSG00000024317	8.906964502453324e-100	1.34389716296462e-99	-1.337661258201462	log2fc	0.0821615113973434	8.33541718763024e-05	11996	0.00010623223181681945	True	True	True
C_nb_pairwise	ES_vs_SPC	151068	ENSMUSG00000027286	1.265521103729132e-99	1.904641058125e-99	-3.353386297438985	log2fc	0.1272357303750577	8.33541718763024e-05	11996	0.00010623223181681945	True	True	True
C_nb_pairwise	ES_vs_SPC	176521	ENSMUSG00000040163	3.123106218312885e-94	4.688572994409569e-94	2.7306788736918834	log2fc	0.7299818855053894	8.33541718763024e-05	11996	0.00010623223181681945	True	True	True
C_nb_pairwise	ES_vs_SPC	5287	ENSMUSG00000026649	3.517035710482509e-89	5.266760976447558e-89	2.0400505745195905	log2fc	0.3562025059113922	8.33541718763024e-05	11996	0.00010623223181681945	True	True	True
C_nb_pairwise	ES_vs_SPC	78596	ENSMUSG00000030161	2.976888323776401e-86	4.446773331526345e-86	-4.543119221567118	log2fc	0.0541104659310162	8.33541718763024e-05	11996	0.00010623223181681945	True	True	True
C_nb_pairwise	ES_vs_SPC	171336	ENSMUSG00000029580	2.867524132675696e-85	4.27275362057896e-85	-1.585753281476142	log2fc	0.2710021596188103	8.33541718763024e-05	11996	0.00010623223181681945	True	True	True
C_nb_pairwise	ES_vs_SPC	53449	ENSMUSG00000037885	2.341081116612349e-82	3.4796714363543354e-82	-1.8062509792298704	log2fc	0.1346700147634939	8.33541718763024e-05	11996	0.00010623223181681945	True	True	True
C_nb_pairwise	ES_vs_SPC	109351	ENSMUSG00000020124	4.719001046630697e-81	6.996736700326205e-81	2.2985535367914043	log2fc	0.3790242600894805	8.33541718763024e-05	11996	0.00010623223181681945	True	True	True
C_nb_pairwise	ES_vs_SPC	70434	ENSMUSG00000036323	2.3673747577297485e-78	3.5013764935311587e-78	-6.1580657116784	log2fc	0.2384501714089288	8.33541718763024e-05	11996	0.00010623223181681945	True	True	True
C_nb_pairwise	ES_vs_SPC	180836	ENSMUSG00000059031	3.8320480097299117e-78	5.653686595636003e-78	3.059630954283556	log2fc	0.716502315598308	8.33541718763024e-05	11996	0.00010623223181681945	True	True	True
C_nb_pairwise	ES_vs_SPC	94762	ENSMUSG00000049719	1.2226546192037207e-75	1.799435176665918e-75	4.1871121914888665	log2fc	1.4011646799089967	8.33541718763024e-05	11996	0.00010623223181681945	True	True	True
C_nb_pairwise	ES_vs_SPC	59396	ENSMUSG00000005687	1.6397839048277426e-72	2.40742784066622e-72	2.3800130962744066	log2fc	0.4405113697995807	8.33541718763024e-05	11996	0.00010623223181681945	True	True	True
C_nb_pairwise	ES_vs_SPC	70433	ENSMUSG00000036323	4.969504913187231e-72	7.278076877748536e-72	-6.500947871496088	log2fc	0.0001	8.33541718763024e-05	11996	0.00010623223181681945	True	True	True
C_nb_pairwise	ES_vs_SPC	126668	ENSMUSG00000095384	1.3802332982034635e-70	2.0164871844484742e-70	3.77429618247352	log2fc	3.3665676582057458	8.33541718763024e-05	11996	0.00010623223181681945	True	True	True
C_nb_pairwise	ES_vs_SPC	18823	ENSMUSG00000020570	1.7726971479337375e-70	2.5835659163316515e-70	3.0999647702679325	log2fc	0.4822075355795151	8.33541718763024e-05	11996	0.00010623223181681945	True	True	True
C_nb_pairwise	ES_vs_SPC	115883	ENSMUSG00000016559	4.5945378535312616e-70	6.679922753070936e-70	2.9710711303665582	log2fc	0.2499791139228579	8.33541718763024e-05	11996	0.00010623223181681945	True	True	True
C_nb_pairwise	ES_vs_SPC	68344	ENSMUSG00000048439	1.4751910307672184e-69	2.139562778279816e-69	3.6344424102928894	log2fc	1.1380634405186951	8.33541718763024e-05	11996	0.00010623223181681945	True	True	True
C_nb_pairwise	ES_vs_SPC	57855	ENSMUSG00000048416	3.615835080891183e-69	5.231606795782171e-69	1.250483198987432	log2fc	0.1918759849259959	8.33541718763024e-05	11996	0.00010623223181681945	True	True	True
C_nb_pairwise	ES_vs_SPC	126636	ENSMUSG00000095226	4.330732734065887e-69	6.250864837844497e-69	3.780695287966044	log2fc	3.3950360677736104	8.33541718763024e-05	11996	0.00010623223181681945	True	True	True
C_nb_pairwise	ES_vs_SPC	126581	ENSMUSG00000114852	6.591011428768843e-69	9.490422706328215e-69	3.7620629352606048	log2fc	3.3982544634499785	8.33541718763024e-05	11996	0.00010623223181681945	True	True	True
C_nb_pairwise	ES_vs_SPC	126682	ENSMUSG00000095528	6.809235428057838e-69	9.781131945819291e-69	3.761409507411444	log2fc	3.397675448528432	8.33541718763024e-05	11996	0.00010623223181681945	True	True	True
C_nb_pairwise	ES_vs_SPC	66264	ENSMUSG00000028745	9.340341293267074e-69	1.3384843145136309e-68	-1.1685150088121836	log2fc	0.099570664510627	8.33541718763024e-05	11996	0.00010623223181681945	True	True	True
C_nb_pairwise	ES_vs_SPC	82460	ENSMUSG00000038646	5.213853202756093e-68	7.45369467410716e-68	3.073091521073544	log2fc	0.798983319965406	8.33541718763024e-05	11996	0.00010623223181681945	True	True	True
C_nb_pairwise	ES_vs_SPC	160655	ENSMUSG00000070980	1.2472039073508365e-66	1.778750334531312e-66	2.457642442852338	log2fc	0.4344434830065876	8.33541718763024e-05	11996	0.00010623223181681945	True	True	True
C_nb_pairwise	ES_vs_SPC	126590	ENSMUSG00000093945	1.4940562152631265e-65	2.125747441668914e-65	3.7102840346398938	log2fc	3.453059919725551	8.33541718763024e-05	11996	0.00010623223181681945	True	True	True
C_nb_pairwise	ES_vs_SPC	82461	ENSMUSG00000038646	1.4865163402282614e-63	2.1100077909875085e-63	3.0468362895050936	log2fc	0.7146503979296709	8.33541718763024e-05	11996	0.00010623223181681945	True	True	True
C_nb_pairwise	ES_vs_SPC	70432	ENSMUSG00000036323	7.661700866988697e-60	1.0849548036232224e-59	-6.111396643088619	log2fc	0.0001	8.33541718763024e-05	11996	0.00010623223181681945	True	True	True
C_nb_pairwise	ES_vs_SPC	126570	ENSMUSG00000079269	7.725150742339537e-59	1.09135973930693e-58	3.580325761793677	log2fc	3.5529452886859456	8.33541718763024e-05	11996	0.00010623223181681945	True	True	True
C_nb_pairwise	ES_vs_SPC	179960	ENSMUSG00000038570	1.986478251042374e-58	2.799765817351487e-58	2.102437268992204	log2fc	0.3915342963979487	8.33541718763024e-05	11996	0.00010623223181681945	True	True	True
C_nb_pairwise	ES_vs_SPC	126604	ENSMUSG00000091792	2.201572079053284e-57	3.095637735570228e-57	3.642109674257734	log2fc	3.707042824465971	8.33541718763024e-05	11996	0.00010623223181681945	True	True	True
C_nb_pairwise	ES_vs_SPC	107397	ENSMUSG00000078442	4.188527273906352e-55	5.8757092203042255e-55	3.3361740748117112	log2fc	0.993515656171734	8.33541718763024e-05	11996	0.00010623223181681945	True	True	True
C_nb_pairwise	ES_vs_SPC	118465	ENSMUSG00000021056	3.4250472444395675e-54	4.793465652848834e-54	3.3206272273888904	log2fc	0.9658154051457296	8.33541718763024e-05	11996	0.00010623223181681945	True	True	True
C_nb_pairwise	ES_vs_SPC	126561	ENSMUSG00000090505	1.652296539542582e-52	2.307052744023325e-52	3.744267826548745	log2fc	3.9861268569736894	8.33541718763024e-05	11996	0.00010623223181681945	True	True	True
C_nb_pairwise	ES_vs_SPC	3212	ENSMUSG00000051185	9.504381092626915e-49	1.3239823894147727e-48	3.733502028843903	log2fc	0.5202096173753358	8.33541718763024e-05	11996	0.00010623223181681945	True	True	True
C_nb_pairwise	ES_vs_SPC	184889	ENSMUSG00000090137	1.92793607894246e-43	2.679428564469915e-43	-0.7916947393193451	log2fc	0.0650834481431386	8.33541718763024e-05	11996	0.00010623223181681945	True	True	False
C_nb_pairwise	ES_vs_SPC	107398	ENSMUSG00000078442	3.1616304242649127e-41	4.3838347780895436e-41	4.159447306941502	log2fc	0.9902267207624236	8.33541718763024e-05	11996	0.00010623223181681945	True	True	True
C_nb_pairwise	ES_vs_SPC	89958	ENSMUSG00000092329	5.785374830464094e-40	8.003324534521921e-40	-0.9720778890914328	log2fc	0.0553570632374858	8.33541718763024e-05	11996	0.00010623223181681945	True	True	False
C_nb_pairwise	ES_vs_SPC	189883	ENSMUSG00000032405	3.877328335251671e-38	5.351427817547814e-38	1.8796285451735089	log2fc	0.8075458978335636	8.33541718763024e-05	11996	0.00010623223181681945	True	True	True
C_nb_pairwise	ES_vs_SPC	96373	ENSMUSG00000001964	5.091978396026303e-37	7.011712779815529e-37	-0.4108653331134803	log2fc	0.0234751919858446	8.33541718763024e-05	11996	0.00010623223181681945	True	True	False
C_nb_pairwise	ES_vs_SPC	133456	ENSMUSG00000053508	1.226463985836084e-36	1.6849814851280148e-36	3.946676737151481	log2fc	6.884565124532398	8.33541718763024e-05	11996	0.00010623223181681945	True	True	True
C_nb_pairwise	ES_vs_SPC	49824	ENSMUSG00000026790	3.391890441259164e-36	4.649296051062332e-36	0.3889611165891725	log2fc	0.0448507564900777	8.33541718763024e-05	11996	0.00010623223181681945	True	True	False
C_nb_pairwise	ES_vs_SPC	126646	ENSMUSG00000072605	5.390092697161861e-36	7.371382478538709e-36	3.1316316142209795	log2fc	3.986021606480599	8.33541718763024e-05	11996	0.00010623223181681945	True	True	True
C_nb_pairwise	ES_vs_SPC	141083	ENSMUSG00000024145	3.778483558486337e-32	5.155607406681815e-32	1.8449478102325327	log2fc	0.7374912038425254	8.33541718763024e-05	11996	0.00010623223181681945	True	True	True
C_nb_pairwise	ES_vs_SPC	16466	ENSMUSG00000035530	9.11342455492788e-32	1.2406684791822274e-31	-0.3564556291721231	log2fc	0.027191276216829	8.33541718763024e-05	11996	0.00010623223181681945	True	True	False
C_nb_pairwise	ES_vs_SPC	16467	ENSMUSG00000035530	1.0547205651618016e-29	1.432602309596189e-29	-0.4104295123919502	log2fc	0.0251593629539916	8.33541718763024e-05	11996	0.00010623223181681945	True	True	False
C_nb_pairwise	ES_vs_SPC	89959	ENSMUSG00000092329	1.1837639825182739e-29	1.6042412342272537e-29	-0.4852910578772095	log2fc	0.0234815251387616	8.33541718763024e-05	11996	0.00010623223181681945	True	True	False
C_nb_pairwise	ES_vs_SPC	16465	ENSMUSG00000035530	1.587673682968203e-29	2.146764189837367e-29	-0.6093429786368021	log2fc	0.0417659170455246	8.33541718763024e-05	11996	0.00010623223181681945	True	True	False
C_nb_pairwise	ES_vs_SPC	41875	ENSMUSG00000007603	4.1841074161633545e-29	5.64477554567984e-29	2.44505245882998	log2fc	3.26298780307324	8.33541718763024e-05	11996	0.00010623223181681945	True	True	True
C_nb_pairwise	ES_vs_SPC	11886	ENSMUSG00000020191	6.719968567327903e-29	9.045530723212167e-29	4.13162194414042	log2fc	6.578695366724826	8.33541718763024e-05	11996	0.00010623223181681945	True	True	True
C_nb_pairwise	ES_vs_SPC	92274	ENSMUSG00000040188	1.2269906830007697e-27	1.6479090114741278e-27	2.0295589099336118	log2fc	1.811397039530206	8.33541718763024e-05	11996	0.00010623223181681945	True	True	True
C_nb_pairwise	ES_vs_SPC	26511	ENSMUSG00000095368	1.5063854630862526e-27	2.0141180633675565e-27	3.5211058303864737	log2fc	5.319853977091239	8.33541718763024e-05	11996	0.00010623223181681945	True	True	True
C_nb_pairwise	ES_vs_SPC	26466	ENSMUSG00000095533	1.5063854630862526e-27	2.0141180633675565e-27	3.5211058303864737	log2fc	5.319853977091239	8.33541718763024e-05	11996	0.00010623223181681945	True	True	True
C_nb_pairwise	ES_vs_SPC	96095	ENSMUSG00000096468	6.29134547248031e-27	8.374479862257124e-27	2.563945116206824	log2fc	2.395297053670886	8.33541718763024e-05	11996	0.00010623223181681945	True	True	True
C_nb_pairwise	ES_vs_SPC	96097	ENSMUSG00000094714	6.29134547248031e-27	8.374479862257124e-27	2.563945116206824	log2fc	2.395297053670886	8.33541718763024e-05	11996	0.00010623223181681945	True	True	True
C_nb_pairwise	ES_vs_SPC	28622	ENSMUSG00000072145	9.695810391703088e-26	1.2877584090089026e-25	2.6395085038009243	log2fc	3.609118465312104	8.33541718763024e-05	11996	0.00010623223181681945	True	True	True
C_nb_pairwise	ES_vs_SPC	34846	ENSMUSG00000029875	1.4230100414635793e-25	1.8858031301696548e-25	3.3386834999842763	log2fc	4.76351195161047	8.33541718763024e-05	11996	0.00010623223181681945	True	True	True
C_nb_pairwise	ES_vs_SPC	144031	ENSMUSG00000033323	4.356448192964319e-24	5.7605131734782066e-24	3.3736799663306845	log2fc	4.744960736225784	8.33541718763024e-05	11996	0.00010623223181681945	True	True	True
C_nb_pairwise	ES_vs_SPC	132219	ENSMUSG00000063480	6.349280414749215e-23	8.377134291706565e-23	1.7125443566133738	log2fc	0.8307812143390414	8.33541718763024e-05	11996	0.00010623223181681945	True	True	True
C_nb_pairwise	ES_vs_SPC	34716	ENSMUSG00000036167	1.5067551452993488e-22	1.9836183121633184e-22	2.8285258485715774	log2fc	4.329337063197362	8.33541718763024e-05	11996	0.00010623223181681945	True	True	True
C_nb_pairwise	ES_vs_SPC	49197	ENSMUSG00000037708	1.0027350837951104e-21	1.317189287704542e-21	2.884582641864244	log2fc	5.296441919545883	8.33541718763024e-05	11996	0.00010623223181681945	True	True	True
C_nb_pairwise	ES_vs_SPC	55552	ENSMUSG00000027518	1.72044185408083e-20	2.255021161038112e-20	0.8612621926511723	log2fc	0.4971162884683792	8.33541718763024e-05	11996	0.00010623223181681945	True	True	False
C_nb_pairwise	ES_vs_SPC	180541	ENSMUSG00000030708	6.700661655271121e-20	8.763529108094763e-20	1.177287983583929	log2fc	0.7941510553430862	8.33541718763024e-05	11996	0.00010623223181681945	True	True	True
C_nb_pairwise	ES_vs_SPC	28623	ENSMUSG00000072145	8.251819519028124e-20	1.0768714361433216e-19	2.778235415556246	log2fc	5.147685128661716	8.33541718763024e-05	11996	0.00010623223181681945	True	True	True
C_nb_pairwise	ES_vs_SPC	91384	ENSMUSG00000040541	1.3428187292615297e-19	1.748583519190557e-19	1.7997706360199088	log2fc	2.2014280018895063	8.33541718763024e-05	11996	0.00010623223181681945	True	True	True
C_nb_pairwise	ES_vs_SPC	80141	ENSMUSG00000040424	9.78317667778429e-19	1.2711763188704533e-18	2.350426053565172	log2fc	4.342399716603382	8.33541718763024e-05	11996	0.00010623223181681945	True	True	True
C_nb_pairwise	ES_vs_SPC	189951	ENSMUSG00000036867	1.929188975260311e-18	2.5012644938981084e-18	3.0408137565412896	log2fc	0.0001	8.33541718763024e-05	11996	0.00010623223181681945	True	True	True
C_nb_pairwise	ES_vs_SPC	55922	ENSMUSG00000047841	7.75461602347294e-18	1.0032429801426113e-17	1.5159481700270154	log2fc	1.696993483026756	8.33541718763024e-05	11996	0.00010623223181681945	True	True	True
C_nb_pairwise	ES_vs_SPC	170268	ENSMUSG00000029437	9.184488477501457e-18	1.1856699564705544e-17	2.794516346148687	log2fc	3.0251121974676787	8.33541718763024e-05	11996	0.00010623223181681945	True	True	True
C_nb_pairwise	ES_vs_SPC	148935	ENSMUSG00000026766	1.4483843110452688e-17	1.8657681770239058e-17	1.4426208000836485	log2fc	2.2206729763515844	8.33541718763024e-05	11996	0.00010623223181681945	True	True	True
C_nb_pairwise	ES_vs_SPC	158266	ENSMUSG00000012042	2.7950468433085576e-17	3.592774805025379e-17	2.1686168009773725	log2fc	4.297589643802827	8.33541718763024e-05	11996	0.00010623223181681945	True	True	True
C_nb_pairwise	ES_vs_SPC	132218	ENSMUSG00000063480	5.887330078032975e-17	7.551414811010176e-17	1.7907803423281925	log2fc	0.5316283794653368	8.33541718763024e-05	11996	0.00010623223181681945	True	True	True
C_nb_pairwise	ES_vs_SPC	598	ENSMUSG00000073725	7.247710672468639e-16	9.276450198309222e-16	2.4788976640307223	log2fc	3.3108674587215168	8.33541718763024e-05	11996	0.00010623223181681945	True	True	True
C_nb_pairwise	ES_vs_SPC	141074	ENSMUSG00000053375	1.0548514434604217e-15	1.3472409693662954e-15	-1.6094826812565417	log2fc	1.9522478759986688	8.33541718763024e-05	11996	0.00010623223181681945	True	True	True
C_nb_pairwise	ES_vs_SPC	141075	ENSMUSG00000053375	6.647238168842383e-15	8.47169290029061e-15	-1.6317405877451243	log2fc	2.210290444827895	8.33541718763024e-05	11996	0.00010623223181681945	True	True	True
C_nb_pairwise	ES_vs_SPC	193782	ENSMUSG00000035522	4.5342050418842974e-14	5.766430615899562e-14	1.138199208377363	log2fc	1.681317834251567	0.0001667083437526048	11996	0.0002063187973301865	True	True	True
C_nb_pairwise	ES_vs_SPC	22888	ENSMUSG00000085861	5.314317379197969e-14	6.744229046905897e-14	2.187765463166075	log2fc	5.083767649935507	0.0001667083437526048	11996	0.0002063187973301865	True	True	True
C_nb_pairwise	ES_vs_SPC	159535	ENSMUSG00000028264	1.3816048535471197e-13	1.749643355760517e-13	2.287498293593352	log2fc	5.3650940608958	0.0001667083437526048	11996	0.0002063187973301865	True	True	True
C_nb_pairwise	ES_vs_SPC	153058	ENSMUSG00000070708	6.490340463898449e-13	8.201928138977153e-13	-1.2374744679370988	log2fc	2.0651071838728154	0.0001667083437526048	11996	0.0002063187973301865	True	True	True
C_nb_pairwise	ES_vs_SPC	71969	ENSMUSG00000029564	8.377662234137562e-13	1.0564673006838737e-12	2.0146255328935307	log2fc	2.282513975233016	0.0001667083437526048	11996	0.0002063187973301865	True	True	True
C_nb_pairwise	ES_vs_SPC	179766	ENSMUSG00000030544	1.364487338087732e-12	1.7170754527616628e-12	-0.3011099120670597	log2fc	0.0203282668672126	0.0001667083437526048	11996	0.0002063187973301865	True	True	False
C_nb_pairwise	ES_vs_SPC	171430	ENSMUSG00000029607	3.968892179699446e-12	4.9839966784905e-12	-1.2109060236892	log2fc	1.4392224189342993	0.0001667083437526048	11996	0.0002063187973301865	True	True	True
C_nb_pairwise	ES_vs_SPC	84568	ENSMUSG00000030859	4.725603095689932e-12	5.921833168029852e-12	1.453633432873201	log2fc	2.5387279304826023	0.0001667083437526048	11996	0.0002063187973301865	True	True	True
C_nb_pairwise	ES_vs_SPC	22887	ENSMUSG00000085861	5.281269175894162e-12	6.604342873404182e-12	2.14074522084132	log2fc	4.563419381588294	0.0001667083437526048	11996	0.0002063187973301865	True	True	True
C_nb_pairwise	ES_vs_SPC	127805	ENSMUSG00000021961	7.023476050179826e-12	8.764712820953573e-12	-1.180605081240583	log2fc	1.648102622833841	0.0001667083437526048	11996	0.0002063187973301865	True	True	True
C_nb_pairwise	ES_vs_SPC	74754	ENSMUSG00000041301	7.086479962797397e-12	8.824951138701955e-12	2.443515195731772	log2fc	9.907605158087678	0.0001667083437526048	11996	0.0002063187973301865	True	True	True
C_nb_pairwise	ES_vs_SPC	139959	ENSMUSG00000073380	7.134969007779816e-12	8.866901318796908e-12	-1.293172540025625	log2fc	2.129829130550466	0.0001667083437526048	11996	0.0002063187973301865	True	True	True
C_nb_pairwise	ES_vs_SPC	49478	ENSMUSG00000026965	1.3527192686732279e-11	1.6775959460357427e-11	-1.048724463989121	log2fc	1.0036856635188154	0.0001667083437526048	11996	0.0002063187973301865	True	True	True
C_nb_pairwise	ES_vs_SPC	43085	ENSMUSG00000024233	1.4068548836129543e-11	1.741128254719338e-11	-1.6683728271032037	log2fc	1.3893726661756969	0.0001667083437526048	11996	0.0002063187973301865	True	True	True
C_nb_pairwise	ES_vs_SPC	49198	ENSMUSG00000037708	5.674895283106523e-11	7.008788195011974e-11	2.6766239700577565	log2fc	0.0001	0.00025006251562890725	11996	0.00029957489372343086	True	True	True
C_nb_pairwise	ES_vs_SPC	35168	ENSMUSG00000063971	6.415311459914457e-11	7.906937375491275e-11	1.4014234613283063	log2fc	2.877741972478821	0.00025006251562890725	11996	0.00029957489372343086	True	True	True
C_nb_pairwise	ES_vs_SPC	59395	ENSMUSG00000005687	1.1910689407417703e-10	1.4649903398446008e-10	0.9871626749822008	log2fc	0.9195552857656408	0.00025006251562890725	11996	0.00029957489372343086	True	True	False
C_nb_pairwise	ES_vs_SPC	182134	ENSMUSG00000030976	1.5706306205714626e-10	1.92788471664407e-10	1.9552737272370213	log2fc	4.226002051657819	0.00025006251562890725	11996	0.00029957489372343086	True	True	True
C_nb_pairwise	ES_vs_SPC	41064	ENSMUSG00000059791	1.8486177396229103e-10	2.264462220928677e-10	2.368385729053872	log2fc	6.928717835096605	0.00025006251562890725	11996	0.00029957489372343086	True	True	True
C_nb_pairwise	ES_vs_SPC	182135	ENSMUSG00000030976	1.8528521842961955e-10	2.2650172620273902e-10	1.7944323639713755	log2fc	4.115950935736999	0.00025006251562890725	11996	0.00029957489372343086	True	True	True
C_nb_pairwise	ES_vs_SPC	95842	ENSMUSG00000073245	8.041457738045751e-10	9.750674463743735e-10	1.9878109416857987	log2fc	2.748365122313587	0.00025006251562890725	11996	0.00029957489372343086	True	True	True
C_nb_pairwise	ES_vs_SPC	95776	ENSMUSG00000073257	8.041457738045751e-10	9.750674463743735e-10	1.9878109416857987	log2fc	2.748365122313587	0.00025006251562890725	11996	0.00029957489372343086	True	True	True
C_nb_pairwise	ES_vs_SPC	95779	ENSMUSG00000073255	8.041457738045751e-10	9.750674463743735e-10	1.9878109416857987	log2fc	2.748365122313587	0.00025006251562890725	11996	0.00029957489372343086	True	True	True
C_nb_pairwise	ES_vs_SPC	95837	ENSMUSG00000073247	8.041457738045751e-10	9.750674463743735e-10	1.9878109416857987	log2fc	2.748365122313587	0.00025006251562890725	11996	0.00029957489372343086	True	True	True
C_nb_pairwise	ES_vs_SPC	132217	ENSMUSG00000063480	1.6197863882774103e-09	1.960105144602361e-09	1.6004151649036231	log2fc	1.2695967821356289	0.00025006251562890725	11996	0.00029957489372343086	True	True	True
C_nb_pairwise	ES_vs_SPC	147938	ENSMUSG00000026831	2.338055863621775e-09	2.8235795611077487e-09	1.6566662365914673	log2fc	4.438057327776907	0.00025006251562890725	11996	0.00029957489372343086	True	True	True
C_nb_pairwise	ES_vs_SPC	193010	ENSMUSG00000095887	4.247766537121839e-09	5.088824311471962e-09	1.829149673452353	log2fc	2.995963403099925	0.00025006251562890725	11996	0.00029957489372343086	True	True	True
C_nb_pairwise	ES_vs_SPC	193008	ENSMUSG00000096457	4.247766537121839e-09	5.088824311471962e-09	1.829149673452353	log2fc	2.995963403099925	0.00025006251562890725	11996	0.00029957489372343086	True	True	True
C_nb_pairwise	ES_vs_SPC	193001	ENSMUSG00000095546	4.247766537121839e-09	5.088824311471962e-09	1.829149673452353	log2fc	2.995963403099925	0.00025006251562890725	11996	0.00029957489372343086	True	True	True
C_nb_pairwise	ES_vs_SPC	193004	ENSMUSG00000095293	4.247766537121839e-09	5.088824311471962e-09	1.829149673452353	log2fc	2.995963403099925	0.00025006251562890725	11996	0.00029957489372343086	True	True	True
C_nb_pairwise	ES_vs_SPC	55921	ENSMUSG00000047841	5.303619465668685e-09	6.3410540118473905e-09	1.4381445956809795	log2fc	2.3223378675432844	0.0003334166875052096	11996	0.0003885536883572385	True	True	True
C_nb_pairwise	ES_vs_SPC	6144	ENSMUSG00000057072	2.0213108031442358e-08	2.4118828109231017e-08	1.0097336934397128	log2fc	1.994546954706392	0.0003334166875052096	11996	0.0003885536883572385	True	True	True
C_nb_pairwise	ES_vs_SPC	73531	ENSMUSG00000029723	2.595710925376724e-08	3.0911149986096576e-08	1.6952542123369885	log2fc	5.763378863331998	0.0003334166875052096	11996	0.0003885536883572385	True	True	True
C_nb_pairwise	ES_vs_SPC	186067	ENSMUSG00000048400	2.8224713721004534e-08	3.354484825174943e-08	-0.8905865403865589	log2fc	1.7311877723570714	0.0003334166875052096	11996	0.0003885536883572385	True	True	False
C_nb_pairwise	ES_vs_SPC	62814	ENSMUSG00000015242	8.705631355200448e-08	1.0326085508445681e-07	2.6022348516908065	log2fc	10.0	0.0003334166875052096	11996	0.0003885536883572385	True	True	True
C_nb_pairwise	ES_vs_SPC	159534	ENSMUSG00000028264	1.4261009530638278e-07	1.688210416769235e-07	1.602882804311244	log2fc	0.0001	0.0003334166875052096	11996	0.0003885536883572385	True	True	True
C_nb_pairwise	ES_vs_SPC	73864	ENSMUSG00000047843	2.2355167379117114e-07	2.64117263512646e-07	2.02261528280588	log2fc	5.080619701478103	0.0003334166875052096	11996	0.0003885536883572385	True	True	True
C_nb_pairwise	ES_vs_SPC	9505	ENSMUSG00000047129	2.695667577152157e-07	3.17855291085461e-07	-1.6394780894731358	log2fc	1.582840792071018	0.0003334166875052096	11996	0.0003885536883572385	True	True	True
C_nb_pairwise	ES_vs_SPC	73863	ENSMUSG00000047843	4.2730429291949643e-07	5.028590794867945e-07	1.2460615903945789	log2fc	0.0001	0.0003334166875052096	11996	0.0003885536883572385	True	True	True
C_nb_pairwise	ES_vs_SPC	84060	ENSMUSG00000030779	5.891592854622688e-07	6.919733568468608e-07	0.7969334533206262	log2fc	1.794732887842834	0.0003334166875052096	11996	0.0003885536883572385	True	True	False
C_nb_pairwise	ES_vs_SPC	25036	ENSMUSG00000069189	6.206098198619647e-07	7.274858749458256e-07	2.217644850835893	log2fc	10.0	0.0003334166875052096	11996	0.0003885536883572385	True	True	True
C_nb_pairwise	ES_vs_SPC	175711	ENSMUSG00000072772	6.755432511199246e-07	7.903328269938181e-07	1.214776480039654	log2fc	2.7614872551958	0.0003334166875052096	11996	0.0003885536883572385	True	True	True
C_nb_pairwise	ES_vs_SPC	73532	ENSMUSG00000029723	7.296410980297548e-07	8.51959098869051e-07	1.691131607676406	log2fc	4.450704895446794	0.0003334166875052096	11996	0.0003885536883572385	True	True	True
C_nb_pairwise	ES_vs_SPC	9990	ENSMUSG00000047025	8.618327410822746e-07	1.004353719665919e-06	-1.0403788890858845	log2fc	2.930754355800472	0.0003334166875052096	11996	0.0003885536883572385	True	True	True
C_nb_pairwise	ES_vs_SPC	94330	ENSMUSG00000010051	1.2130853217719402e-06	1.4109477820221207e-06	1.7149425625105277	log2fc	6.798355383469209	0.00041677085938151203	11996	0.00048380958288667776	True	True	True
C_nb_pairwise	ES_vs_SPC	79527	ENSMUSG00000030385	2.1654876603771007e-06	2.513812225902875e-06	-1.1449906225201272	log2fc	1.9902768554584536	0.00041677085938151203	11996	0.00048380958288667776	True	True	True
C_nb_pairwise	ES_vs_SPC	84249	ENSMUSG00000030703	4.071065031832892e-06	4.716765868603292e-06	1.136874491655234	log2fc	3.675964419530066	0.0005001250312578145	11996	0.0005794485371826516	True	True	True
C_nb_pairwise	ES_vs_SPC	145006	ENSMUSG00000037418	8.379689482060879e-06	9.690027026553024e-06	-1.1572119951051192	log2fc	2.4142539169433457	0.0005834792031341169	11996	0.0006734181939833064	True	True	True
C_nb_pairwise	ES_vs_SPC	182133	ENSMUSG00000030976	1.0830407940402324e-05	1.2499834983238906e-05	1.5402959660496345	log2fc	2.9001122352505355	0.0005834792031341169	11996	0.0006734181939833064	True	True	True
C_nb_pairwise	ES_vs_SPC	182051	ENSMUSG00000030849	1.8876796200746247e-05	2.1744617162013464e-05	-0.8479193731955397	log2fc	1.2771041708457778	0.0008335417187630241	11996	0.0009601759414212527	True	True	False
C_nb_pairwise	ES_vs_SPC	189507	ENSMUSG00000045620	2.2723213870791776e-05	2.6125153759317224e-05	1.2856334538601757	log2fc	4.882547691323519	0.001000250062515629	11996	0.0011477965276759804	True	True	True
C_nb_pairwise	ES_vs_SPC	194260	ENSMUSG00000100133	2.4359818984841284e-05	2.795312561670484e-05	1.5392030947461794	log2fc	6.789563282717861	0.001000250062515629	11996	0.0011477965276759804	True	True	True
C_nb_pairwise	ES_vs_SPC	58588	ENSMUSG00000027942	3.2532148576839274e-05	3.7259573609037713e-05	1.1364898346068628	log2fc	1.1584731595832358	0.0011669584062682337	11996	0.001333984895715023	True	True	True
C_nb_pairwise	ES_vs_SPC	94519	ENSMUSG00000062867	3.318900610168748e-05	3.793934094448626e-05	1.3056570128033542	log2fc	3.256002662354037	0.0011669584062682337	11996	0.001333984895715023	True	True	True
C_nb_pairwise	ES_vs_SPC	181349	ENSMUSG00000030968	3.524347898476906e-05	4.0211131260717456e-05	-1.169098393495742	log2fc	0.0001	0.001250312578144536	11996	0.0014265471129687184	True	True	True
C_nb_pairwise	ES_vs_SPC	15276	ENSMUSG00000035085	3.9971788095092014e-05	4.551920355315611e-05	0.7498172435115368	log2fc	2.0461295297165814	0.001417020921897141	11996	0.0016106177081904886	True	True	False
C_nb_pairwise	ES_vs_SPC	100279	ENSMUSG00000045336	4.465697722165343e-05	5.075812021967818e-05	-1.4170298951435294	log2fc	4.551011676087436	0.001417020921897141	11996	0.0016106177081904886	True	True	True
C_nb_pairwise	ES_vs_SPC	25101	ENSMUSG00000021590	8.131491794039043e-05	9.224931031495052e-05	-1.165109095405126	log2fc	0.0001	0.00208385429690756	11996	0.0023640695527417208	True	True	True
C_nb_pairwise	ES_vs_SPC	83020	ENSMUSG00000035165	0.0001053301761334	0.0001192680066236	-1.1499464833653978	log2fc	3.451280799318573	0.002250562640660165	11996	0.0025483686611634	True	True	True
C_nb_pairwise	ES_vs_SPC	58587	ENSMUSG00000027942	0.0001095927382602	0.0001238604721092	0.855133180814712	log2fc	2.0768384192599805	0.00241727098441277	11996	0.002731972301251414	True	True	False
C_nb_pairwise	ES_vs_SPC	24859	ENSMUSG00000021534	0.0001310525308043	0.0001478351524515	0.6878916619859338	log2fc	1.927006520922363	0.002583979328165375	11996	0.0029148844022053853	True	True	False
C_nb_pairwise	ES_vs_SPC	40720	ENSMUSG00000061126	0.000264459051589	0.0002977649847779	1.340614456793868	log2fc	6.713646668308624	0.005001250312578144	11996	0.00563110702487652	True	True	True
C_nb_pairwise	ES_vs_SPC	192488	ENSMUSG00000032530	0.0002683012254653	0.0003015242665173	-0.951222230012708	log2fc	1.6230745951179186	0.0050846044844544466	11996	0.0057035170153337325	True	True	False
C_nb_pairwise	ES_vs_SPC	29311	ENSMUSG00000007591	0.0002758403114247	0.0003094163792947	0.8625062248515555	log2fc	3.117427420649472	0.0050846044844544466	11996	0.0057035170153337325	True	True	False
C_nb_pairwise	ES_vs_SPC	181350	ENSMUSG00000030968	0.0002939092503247	0.0003290684877467	-1.0358309105741028	log2fc	0.0001	0.005251312828207052	11996	0.005879507259992569	True	True	True
C_nb_pairwise	ES_vs_SPC	125680	ENSMUSG00000021768	0.0006801800546508	0.000760126590925	-0.6049450886035646	log2fc	2.2199816630338365	0.009752438109527382	11996	0.010898713484341236	True	True	False
C_nb_pairwise	ES_vs_SPC	156830	ENSMUSG00000105734	0.0007183781794293	0.000801319421747	0.959509816169708	log2fc	2.3956629858688445	0.010002500625156289	11996	0.011157351721543049	True	True	False
C_nb_pairwise	ES_vs_SPC	161457	ENSMUSG00000028575	0.00072921947732	0.000811900496124	-0.925511039106662	log2fc	0.0001	0.010169208968908893	11996	0.01132222336872942	True	True	False
C_nb_pairwise	ES_vs_SPC	156831	ENSMUSG00000105734	0.0009906506991556	0.0011009272148315	0.7420828540954898	log2fc	2.568916565762698	0.012919896640826873	11996	0.014358104059100735	True	True	False
C_nb_pairwise	ES_vs_SPC	189508	ENSMUSG00000045620	0.0011492227440899	0.0012747859698331	0.9472449302092384	log2fc	0.0001	0.015253813453363341	11996	0.016920433812156743	True	True	False
C_nb_pairwise	ES_vs_SPC	115110	ENSMUSG00000020945	0.0012845354421073	0.0014222490384885	0.8752537739053012	log2fc	3.7435953105841113	0.01617070934400267	11996	0.017904352859625876	True	True	False
C_nb_pairwise	ES_vs_SPC	41548	ENSMUSG00000021545	0.001363935650669	0.0015073753777689	-0.6823169646125752	log2fc	2.340592045551121	0.01667083437526048	11996	0.01842404020439304	True	True	False
C_nb_pairwise	ES_vs_SPC	22889	ENSMUSG00000085861	0.0016734789839181	0.0018460661351141	1.070656076946272	log2fc	0.0001	0.019504876219054765	11996	0.02151642883096465	True	True	True
C_nb_pairwise	ES_vs_SPC	64471	ENSMUSG00000028716	0.0021558912401696	0.0023738581854073	0.7280610558051748	log2fc	2.5175927935971707	0.02492289739101442	11996	0.027442675619885365	True	True	False
C_nb_pairwise	ES_vs_SPC	102388	ENSMUSG00000042554	0.0032271104857301	0.0035468608824813	1.0075628803866654	log2fc	7.1283828863417575	0.032674835375510546	11996	0.03591234199987305	True	True	True
C_nb_pairwise	ES_vs_SPC	194738	ENSMUSG00000094592	0.0043314219157399	0.0047518712958392	-0.7758935197211115	log2fc	3.773279582739324	0.041343669250646	11996	0.0453568825661849	True	True	False
C_nb_pairwise	ES_vs_SPC	9503	ENSMUSG00000047129	0.0043583723314405	0.0047726965750143	-0.8378030854015596	log2fc	2.279850069288215	0.041427023422522295	11996	0.04536524137128127	True	True	False
C_nb_pairwise	ES_vs_SPC	194728	ENSMUSG00000094802	0.0050569566995234	0.0055074855691173	-0.7604495115710812	log2fc	3.777208651346688	0.047011752938234556	11996	0.05120007274545909	True	False	False
C_nb_pairwise	ES_vs_SPC	194732	ENSMUSG00000096867	0.0050569566995234	0.0055074855691173	-0.7604495115710812	log2fc	3.777208651346688	0.047011752938234556	11996	0.05120007274545909	True	False	False
C_nb_pairwise	ES_vs_SPC	194730	ENSMUSG00000094577	0.0050569566995234	0.0055074855691173	-0.7604495115710812	log2fc	3.777208651346688	0.047011752938234556	11996	0.05120007274545909	True	False	False
C_nb_pairwise	ES_vs_SPC	156832	ENSMUSG00000105734	0.007128163461319	0.0077491286993287	-0.6073082918518248	log2fc	1.1820264521553094	0.062182212219721596	11996	0.06759917444575905	True	False	False
C_nb_pairwise	ES_vs_SPC	181297	ENSMUSG00000042246	0.0089538891684373	0.0097162674128513	1.3364590437341402	log2fc	8.710627537386925	0.07418521296990914	11996	0.08050170755249199	True	False	True
C_nb_pairwise	ES_vs_SPC	54371	ENSMUSG00000074673	0.0117420473378213	0.0126958237461281	0.3609689547959219	log2fc	1.0537007100065514	0.09018921397015921	11996	0.09751505265004579	True	False	False
C_nb_pairwise	ES_vs_SPC	41549	ENSMUSG00000021545	0.0117250365266612	0.0126958237461281	1.193015575727428	log2fc	7.155486153837072	0.09010585979828291	11996	0.09751505265004579	True	False	True
C_nb_pairwise	ES_vs_SPC	70629	ENSMUSG00000002240	0.0131881871519603	0.0142337371243679	1.0805253865587965	log2fc	9.143299000221834	0.09769108943902642	11996	0.10543596860176005	True	False	True
C_nb_pairwise	ES_vs_SPC	140592	ENSMUSG00000024067	0.0143752416229102	0.0154869959210849	0.3017923208495953	log2fc	0.6921255965303644	0.10469283987663583	11996	0.11278958828436125	True	False	False
C_nb_pairwise	ES_vs_SPC	79372	ENSMUSG00000013091	0.0187310825860811	0.0201434801958036	0.5499990747891625	log2fc	3.268749105163148	0.12694840376760858	11996	0.13652081482369396	True	False	False
C_nb_pairwise	ES_vs_SPC	112514	ENSMUSG00000018776	0.0189592184160179	0.020352279267374	0.5937917813951122	log2fc	4.092583705497932	0.1282820705176294	11996	0.1377078140502868	True	False	False
C_nb_pairwise	ES_vs_SPC	15130	ENSMUSG00000053184	0.0260121019895527	0.0278734330800395	0.5468060928217009	log2fc	2.7254059864877327	0.16495790614320247	11996	0.17676169191373575	True	False	False
C_nb_pairwise	ES_vs_SPC	142734	ENSMUSG00000059455	0.0264457697718699	0.0282875287381252	0.5345319598527234	log2fc	0.0001	0.16729182295573894	11996	0.1789425034830136	True	False	False
C_nb_pairwise	ES_vs_SPC	24860	ENSMUSG00000021534	0.0296715989015827	0.0316814398253976	0.4525392060201464	log2fc	1.949892449848171	0.18171209469033925	11996	0.1940205788226617	True	False	False
C_nb_pairwise	ES_vs_SPC	81620	ENSMUSG00000055409	0.0310416150129137	0.0330852800582479	0.6771792843340928	log2fc	5.542972921366344	0.1873801783779278	11996	0.19971659581562057	True	False	False
C_nb_pairwise	ES_vs_SPC	131720	ENSMUSG00000116376	0.0333807477183067	0.0355152182651256	-0.6280587386055019	log2fc	3.355268742197159	0.1971326164874552	11996	0.2097378992468662	True	False	False
C_nb_pairwise	ES_vs_SPC	170091	ENSMUSG00000043036	0.0366416084137218	0.0389154670918783	-0.4028382857017268	log2fc	1.7529398277746329	0.20988580478452948	11996	0.22291063309562617	True	False	False
C_nb_pairwise	ES_vs_SPC	9504	ENSMUSG00000047129	0.038904894787002	0.0412460742963083	-0.5099207286684148	log2fc	2.4565937305072776	0.2177210969409019	11996	0.23082289746477916	True	False	False
C_nb_pairwise	ES_vs_SPC	41899	ENSMUSG00000024209	0.0500124350998004	0.0529283544607428	0.5751815727025893	log2fc	3.4205753436069903	0.25389680753521715	11996	0.2686999782925708	False	False	False
C_nb_pairwise	ES_vs_SPC	16040	ENSMUSG00000038845	0.0622778298940166	0.06579262805382	0.3657375304145884	log2fc	1.6093216908899637	0.28598816370759356	11996	0.3021285891725724	False	False	False
C_nb_pairwise	ES_vs_SPC	163565	ENSMUSG00000048003	0.0746551471944001	0.0787296358617001	-0.4150297627120063	log2fc	2.664560929910432	0.31682920730182546	11996	0.33412094220738286	False	False	False
C_nb_pairwise	ES_vs_SPC	91271	ENSMUSG00000032110	0.0824537463743504	0.0868010440742283	0.5287297137425225	log2fc	6.0935444526388745	0.33324997916145704	11996	0.35082027683253564	False	False	False
C_nb_pairwise	ES_vs_SPC	171545	ENSMUSG00000095040	0.0920923773152463	0.0967777789681273	-0.2667913152455197	log2fc	0.8039491404177299	0.35517212636492457	11996	0.3732422871799821	False	False	False
C_nb_pairwise	ES_vs_SPC	182838	ENSMUSG00000031509	0.0990357473449315	0.1038921412602696	-0.2999684799018975	log2fc	1.7058781753381167	0.37009252313078267	11996	0.3882406678727475	False	False	False
C_nb_pairwise	ES_vs_SPC	30069	ENSMUSG00000044186	0.1576646164027275	0.1651068273168423	0.3234517882841173	log2fc	2.6935624380197174	0.47195132116362426	11996	0.4942287436661031	False	False	False
C_nb_pairwise	ES_vs_SPC	188683	ENSMUSG00000001948	0.160563872892104	0.1678494936516061	-0.0505377402960838	log2fc	0.0454123782432133	0.4752854880386763	11996	0.4968516707420019	False	False	False
C_nb_pairwise	ES_vs_SPC	43397	ENSMUSG00000024430	0.1843319576689541	0.192360353037811	0.3016695475577148	log2fc	2.908843697335493	0.5092939901642077	11996	0.5314757841609067	False	False	False
C_nb_pairwise	ES_vs_SPC	110830	ENSMUSG00000044056	0.1864424040730082	0.194224347895186	0.3512732504695831	log2fc	3.6476993173268246	0.512128032008002	11996	0.5335038107352925	False	False	False
C_nb_pairwise	ES_vs_SPC	67251	ENSMUSG00000058183	0.2283243677635149	0.237441486615183	0.3369603640697734	log2fc	3.720640426778445	0.5615570559306493	11996	0.5839803411501023	False	False	False
C_nb_pairwise	ES_vs_SPC	114533	ENSMUSG00000018543	0.2340466847097538	0.2429704751146318	0.3008503782966459	log2fc	1.9618364419769243	0.5681420355088772	11996	0.5898042968281064	False	False	False
C_nb_pairwise	ES_vs_SPC	41522	ENSMUSG00000034165	0.2785382066709853	0.2886581069133567	0.3241260215889323	log2fc	4.899105916884713	0.6130699341502042	11996	0.6353441013079105	False	False	False
C_nb_pairwise	ES_vs_SPC	162122	ENSMUSG00000044556	0.3490879399233025	0.361146245274712	-0.2043074132615728	log2fc	0.0001	0.6755022088855547	11996	0.6988356185189072	False	False	False
C_nb_pairwise	ES_vs_SPC	31663	ENSMUSG00000022148	0.3793544305314509	0.3917815584281708	0.1529053228147549	log2fc	1.4283278204707164	0.6969242310577645	11996	0.7197545075924153	False	False	False
C_nb_pairwise	ES_vs_SPC	5268	ENSMUSG00000042800	0.3989241349350639	0.4112832303375272	0.1624274508862542	log2fc	2.177163730312166	0.709760773526715	11996	0.7317499196944961	False	False	False
C_nb_pairwise	ES_vs_SPC	171546	ENSMUSG00000095040	0.4035539905461084	0.4153416500637782	-0.1492472607852821	log2fc	1.2916955410616953	0.7137617737767775	11996	0.7346104853819411	False	False	False
C_nb_pairwise	ES_vs_SPC	178930	ENSMUSG00000070563	0.4328402896275817	0.4447192684166748	-0.1517767195102325	log2fc	1.9123734186039207	0.7346003167458531	11996	0.7547608743237839	False	False	False
C_nb_pairwise	ES_vs_SPC	145709	ENSMUSG00000052920	0.4396166053070951	0.4509081277036814	0.1744756035279198	log2fc	2.243076646114892	0.7386013169959157	11996	0.7575722412338244	False	False	False
C_nb_pairwise	ES_vs_SPC	110832	ENSMUSG00000044056	0.4753298432967888	0.4867052583500453	-0.2282219714763249	log2fc	3.371330689667539	0.7604401100275069	11996	0.7786386767632079	False	False	False
C_nb_pairwise	ES_vs_SPC	9991	ENSMUSG00000047025	0.4919130513748845	0.5028257982483888	-0.1347122389212931	log2fc	2.295180166065993	0.7710260898557972	11996	0.7881307642041341	False	False	False
C_nb_pairwise	ES_vs_SPC	43086	ENSMUSG00000024233	0.5097134677009119	0.5201335045193292	-0.193131651188891	log2fc	1.59607610065114	0.7805284654496958	11996	0.7964847543515635	False	False	False
C_nb_pairwise	ES_vs_SPC	28058	ENSMUSG00000078127	0.5578888131139432	0.5683255085973673	0.1402898507653455	log2fc	3.194736388954793	0.8068683837626073	11996	0.8219628603295948	False	False	False
C_nb_pairwise	ES_vs_SPC	28057	ENSMUSG00000078127	0.5676375433100183	0.5772748530436348	0.1189891848566718	log2fc	3.197299241890533	0.8122864049345669	11996	0.8260773455955952	False	False	False
C_nb_pairwise	ES_vs_SPC	55487	ENSMUSG00000027502	0.6120145637064067	0.621350379084979	0.1175081163576707	log2fc	2.628244135129405	0.8371259481537051	11996	0.8498956660068973	False	False	False
C_nb_pairwise	ES_vs_SPC	85820	ENSMUSG00000095294	0.6708126312196825	0.6798930052463449	-0.1743578350399719	log2fc	10.0	0.8668000333416688	11996	0.8785333671263276	False	False	False
C_nb_pairwise	ES_vs_SPC	85662	ENSMUSG00000096265	0.7189873359965127	0.7274888754424174	-0.1470632299591877	log2fc	10.0	0.8880553471701259	11996	0.898556001613016	False	False	False
C_nb_pairwise	ES_vs_SPC	192363	ENSMUSG00000070280	0.7305216915925047	0.7379131420976566	-0.0961502409557887	log2fc	3.504102768868897	0.8928065349670751	11996	0.9018399906328465	False	False	False
C_nb_pairwise	ES_vs_SPC	55486	ENSMUSG00000027502	0.7762316901851353	0.7827656269712054	0.0605810241496204	log2fc	3.0682661640136017	0.910977744436109	11996	0.9186459072680628	False	False	False
C_nb_pairwise	ES_vs_SPC	109380	ENSMUSG00000020102	0.8270151016880911	0.8325748670775909	0.0361517110210086	log2fc	1.747885335428888	0.9300658497957823	11996	0.9363183933238212	False	False	False
C_nb_pairwise	ES_vs_SPC	5267	ENSMUSG00000042800	0.8597006230520366	0.8640279751814933	-0.0325158664680613	log2fc	2.3004406334277734	0.9440693506710011	11996	0.9488213776039088	False	False	False
C_nb_pairwise	ES_vs_SPC	158541	ENSMUSG00000090202	0.9245807675891916	0.9276781905961906	-0.027359214792782	log2fc	4.407021266430318	0.966908393765108	11996	0.9701476178648236	False	False	False
C_nb_pairwise	ES_vs_SPC	183211	ENSMUSG00000074449	0.9588385173339612	0.960441926225824	0.0214858942172454	log2fc	10.0	0.9827456864216054	11996	0.9843890738570932	False	False	False
C_nb_pairwise	ES_vs_SPC	176397	ENSMUSG00000041540	0.9685101369556298	0.9685101369556298	-0.0105919969510537	log2fc	4.0102336408200845	0.9870801033591732	11996	0.9870801033591732	False	False	False
C_nb_pairwise	RS_vs_SPC	6144	ENSMUSG00000057072	0.0	0.0	-4.12587815101598	log2fc	0.2692441826110578	8.33472245374229e-05	11997	9.489247575418167e-05	True	True	True
C_nb_pairwise	RS_vs_SPC	182135	ENSMUSG00000030976	0.0	0.0	-4.582167547544206	log2fc	0.2347960035829308	8.33472245374229e-05	11997	9.489247575418167e-05	True	True	True
C_nb_pairwise	RS_vs_SPC	28057	ENSMUSG00000078127	0.0	0.0	-3.39335527320631	log2fc	0.3014715486567121	8.33472245374229e-05	11997	9.489247575418167e-05	True	True	True
C_nb_pairwise	RS_vs_SPC	153058	ENSMUSG00000070708	0.0	0.0	-3.775585381793533	log2fc	0.4659689941054569	8.33472245374229e-05	11997	9.489247575418167e-05	True	True	True
C_nb_pairwise	RS_vs_SPC	35168	ENSMUSG00000063971	0.0	0.0	-3.815789529131445	log2fc	0.4352102922077723	8.33472245374229e-05	11997	9.489247575418167e-05	True	True	True
C_nb_pairwise	RS_vs_SPC	43397	ENSMUSG00000024430	0.0	0.0	-4.601618884320482	log2fc	0.2625456469640566	8.33472245374229e-05	11997	9.489247575418167e-05	True	True	True
C_nb_pairwise	RS_vs_SPC	108806	ENSMUSG00000074748	0.0	0.0	3.115493995961259	log2fc	0.438943583794442	8.33472245374229e-05	11997	9.489247575418167e-05	True	True	True
C_nb_pairwise	RS_vs_SPC	156831	ENSMUSG00000105734	0.0	0.0	-4.456021608092434	log2fc	0.2508100673388623	8.33472245374229e-05	11997	9.489247575418167e-05	True	True	True
C_nb_pairwise	RS_vs_SPC	139959	ENSMUSG00000073380	0.0	0.0	-4.250998157421784	log2fc	0.2728869110775578	8.33472245374229e-05	11997	9.489247575418167e-05	True	True	True
C_nb_pairwise	RS_vs_SPC	139983	ENSMUSG00000044526	0.0	0.0	-3.2688358242626547	log2fc	0.2454477741249427	8.33472245374229e-05	11997	9.489247575418167e-05	True	True	True
C_nb_pairwise	RS_vs_SPC	125680	ENSMUSG00000021768	0.0	0.0	-3.497103800724681	log2fc	0.3192610353887723	8.33472245374229e-05	11997	9.489247575418167e-05	True	True	True
C_nb_pairwise	RS_vs_SPC	55922	ENSMUSG00000047841	0.0	0.0	-3.6268596344144233	log2fc	0.2705495126123264	8.33472245374229e-05	11997	9.489247575418167e-05	True	True	True
C_nb_pairwise	RS_vs_SPC	84568	ENSMUSG00000030859	0.0	0.0	-3.8694034845905354	log2fc	0.3502918949304787	8.33472245374229e-05	11997	9.489247575418167e-05	True	True	True
C_nb_pairwise	RS_vs_SPC	5267	ENSMUSG00000042800	0.0	0.0	-4.150047624111954	log2fc	0.2993282526320911	8.33472245374229e-05	11997	9.489247575418167e-05	True	True	True
C_nb_pairwise	RS_vs_SPC	5268	ENSMUSG00000042800	0.0	0.0	-3.7948156005339855	log2fc	0.2543095830076701	8.33472245374229e-05	11997	9.489247575418167e-05	True	True	True
C_nb_pairwise	RS_vs_SPC	54518	ENSMUSG00000038523	0.0	0.0	-2.983971769539852	log2fc	0.3195768427256096	8.33472245374229e-05	11997	9.489247575418167e-05	True	True	True
C_nb_pairwise	RS_vs_SPC	95158	ENSMUSG00000006941	0.0	0.0	3.5259520438841028	log2fc	0.1877139705642546	8.33472245374229e-05	11997	9.489247575418167e-05	True	True	True
C_nb_pairwise	RS_vs_SPC	176110	ENSMUSG00000030206	0.0	0.0	-2.497373073021296	log2fc	0.1845361950828744	8.33472245374229e-05	11997	9.489247575418167e-05	True	True	True
C_nb_pairwise	RS_vs_SPC	55486	ENSMUSG00000027502	0.0	0.0	-4.614525277585185	log2fc	0.2988665558085309	8.33472245374229e-05	11997	9.489247575418167e-05	True	True	True
C_nb_pairwise	RS_vs_SPC	141128	ENSMUSG00000036438	0.0	0.0	3.63634461545088	log2fc	0.5398538185536944	8.33472245374229e-05	11997	9.489247575418167e-05	True	True	True
C_nb_pairwise	RS_vs_SPC	131884	ENSMUSG00000033055	0.0	0.0	3.037339651882891	log2fc	0.400386067408541	8.33472245374229e-05	11997	9.489247575418167e-05	True	True	True
C_nb_pairwise	RS_vs_SPC	138062	ENSMUSG00000039183	1.4801901438797646e-303	4.036882210581176e-302	3.084551633743231	log2fc	0.3143538477350445	8.33472245374229e-05	11997	9.489247575418167e-05	True	True	True
C_nb_pairwise	RS_vs_SPC	39155	ENSMUSG00000073471	6.465766842903031e-302	1.6867217851051383e-300	1.965501328977494	log2fc	0.2355543983956531	8.33472245374229e-05	11997	9.489247575418167e-05	True	True	True
C_nb_pairwise	RS_vs_SPC	22888	ENSMUSG00000085861	1.3131361098715563e-301	3.282840274678892e-300	-3.865331465815875	log2fc	0.2731380436536751	8.33472245374229e-05	11997	9.489247575418167e-05	True	True	True
C_nb_pairwise	RS_vs_SPC	73531	ENSMUSG00000029723	3.827767709268129e-300	9.186642502243509e-299	-4.294116631630685	log2fc	0.3020126879706422	8.33472245374229e-05	11997	9.489247575418167e-05	True	True	True
C_nb_pairwise	RS_vs_SPC	134204	ENSMUSG00000049916	1.3580513804672903e-297	3.1339647241552853e-296	-2.9111641800625523	log2fc	0.2464080316182619	8.33472245374229e-05	11997	9.489247575418167e-05	True	True	True
C_nb_pairwise	RS_vs_SPC	137163	ENSMUSG00000023806	9.522754785907832e-295	2.1161677302017405e-293	1.9614174138821727	log2fc	0.2322713885428229	8.33472245374229e-05	11997	9.489247575418167e-05	True	True	True
C_nb_pairwise	RS_vs_SPC	49478	ENSMUSG00000026965	2.9116962050439915e-292	6.239349010808553e-291	-4.09576742253448	log2fc	0.2570362150767556	8.33472245374229e-05	11997	9.489247575418167e-05	True	True	True
C_nb_pairwise	RS_vs_SPC	176109	ENSMUSG00000030206	6.577502173362885e-291	1.360862518626804e-289	-2.628284715560526	log2fc	0.1102270889208359	8.33472245374229e-05	11997	9.489247575418167e-05	True	True	True
C_nb_pairwise	RS_vs_SPC	175617	ENSMUSG00000003153	1.884052877291956e-289	3.768105754583912e-288	3.170560411040104	log2fc	0.482900438053145	8.33472245374229e-05	11997	9.489247575418167e-05	True	True	True
C_nb_pairwise	RS_vs_SPC	193782	ENSMUSG00000035522	1.5957084123659658e-284	3.088467894901869e-283	-2.694859100309081	log2fc	0.3989930853216215	8.33472245374229e-05	11997	9.489247575418167e-05	True	True	True
C_nb_pairwise	RS_vs_SPC	178930	ENSMUSG00000070563	6.202293869595673e-283	1.1629301005491888e-281	-4.318175818222537	log2fc	0.4200356248976987	8.33472245374229e-05	11997	9.489247575418167e-05	True	True	True
C_nb_pairwise	RS_vs_SPC	40813	ENSMUSG00000002308	3.6134699269335e-282	6.569945321697274e-281	2.8374474573680177	log2fc	0.2881487337453683	8.33472245374229e-05	11997	9.489247575418167e-05	True	True	True
C_nb_pairwise	RS_vs_SPC	123573	ENSMUSG00000046957	9.862516133859657e-280	1.740444023622292e-278	-2.904142893609782	log2fc	0.3133055736811775	8.33472245374229e-05	11997	9.489247575418167e-05	True	True	True
C_nb_pairwise	RS_vs_SPC	140723	ENSMUSG00000036533	3.1078830671720677e-279	5.3277995437235455e-278	3.764488121344229	log2fc	0.6109422927335182	8.33472245374229e-05	11997	9.489247575418167e-05	True	True	True
C_nb_pairwise	RS_vs_SPC	141127	ENSMUSG00000036438	8.962816684713934e-279	1.4938027807856558e-277	3.5610336205697277	log2fc	0.5820931121785338	8.33472245374229e-05	11997	9.489247575418167e-05	True	True	True
C_nb_pairwise	RS_vs_SPC	156660	ENSMUSG00000074435	1.6985704257891094e-278	2.754438528306665e-277	-2.4734922799986667	log2fc	0.2752206400265616	8.33472245374229e-05	11997	9.489247575418167e-05	True	True	True
C_nb_pairwise	RS_vs_SPC	115110	ENSMUSG00000020945	4.986235514590047e-278	7.873003444089548e-277	-4.835554482310676	log2fc	0.3019357088549443	8.33472245374229e-05	11997	9.489247575418167e-05	True	True	True
C_nb_pairwise	RS_vs_SPC	127805	ENSMUSG00000021961	2.768639538495711e-274	4.259445443839556e-273	-3.752406788316194	log2fc	0.2209166789479131	8.33472245374229e-05	11997	9.489247575418167e-05	True	True	True
C_nb_pairwise	RS_vs_SPC	91384	ENSMUSG00000040541	2.8523008663111787e-274	4.2784512994667685e-273	-3.1896502088110665	log2fc	0.3052697064091597	8.33472245374229e-05	11997	9.489247575418167e-05	True	True	True
C_nb_pairwise	RS_vs_SPC	15276	ENSMUSG00000035085	1.1292944668979572e-272	1.652626049118962e-271	-3.5503507406056447	log2fc	0.4835900246041215	8.33472245374229e-05	11997	9.489247575418167e-05	True	True	True
C_nb_pairwise	RS_vs_SPC	182051	ENSMUSG00000030849	8.714252238303562e-271	1.244893176900509e-269	-5.237031470450569	log2fc	0.443257158111451	8.33472245374229e-05	11997	9.489247575418167e-05	True	True	True
C_nb_pairwise	RS_vs_SPC	170276	ENSMUSG00000029433	7.3970103626144e-269	1.0321409808299163e-267	2.8583938165526472	log2fc	0.3988649399276321	8.33472245374229e-05	11997	9.489247575418167e-05	True	True	True
C_nb_pairwise	RS_vs_SPC	171430	ENSMUSG00000029607	1.0814033973786925e-268	1.4746409964254898e-267	-4.180834970555494	log2fc	0.2739315844516508	8.33472245374229e-05	11997	9.489247575418167e-05	True	True	True
C_nb_pairwise	RS_vs_SPC	176397	ENSMUSG00000041540	1.4624621165153864e-268	1.949949488687182e-267	-4.947621169367139	log2fc	0.3174279615174351	8.33472245374229e-05	11997	9.489247575418167e-05	True	True	True
C_nb_pairwise	RS_vs_SPC	156661	ENSMUSG00000074435	6.29854218503252e-268	8.215489806564156e-267	-2.724605802038357	log2fc	0.4040210075493355	8.33472245374229e-05	11997	9.489247575418167e-05	True	True	True
C_nb_pairwise	RS_vs_SPC	140592	ENSMUSG00000024067	1.76152995685001e-266	2.248761647042566e-265	-2.694317260319599	log2fc	0.1905904151244623	8.33472245374229e-05	11997	9.489247575418167e-05	True	True	True
C_nb_pairwise	RS_vs_SPC	170277	ENSMUSG00000029433	3.535009959854465e-264	4.418762449818081e-263	2.8730196496338216	log2fc	0.3379047766206141	8.33472245374229e-05	11997	9.489247575418167e-05	True	True	True
C_nb_pairwise	RS_vs_SPC	186067	ENSMUSG00000048400	9.355847559905876e-262	1.14561398692725e-260	-3.560673651831696	log2fc	0.6009815006435285	8.33472245374229e-05	11997	9.489247575418167e-05	True	True	True
C_nb_pairwise	RS_vs_SPC	9990	ENSMUSG00000047025	2.5766228958275365e-258	3.091947474993044e-257	-3.656320712266728	log2fc	0.254400221859109	8.33472245374229e-05	11997	9.489247575418167e-05	True	True	True
C_nb_pairwise	RS_vs_SPC	131883	ENSMUSG00000033055	4.780151144795323e-255	5.6237072291709686e-254	3.0837798342361817	log2fc	0.1926470059650143	8.33472245374229e-05	11997	9.489247575418167e-05	True	True	True
C_nb_pairwise	RS_vs_SPC	40812	ENSMUSG00000002308	1.125433196286681e-254	1.2985767649461707e-253	3.057083320875047	log2fc	0.1865732307126466	8.33472245374229e-05	11997	9.489247575418167e-05	True	True	True
C_nb_pairwise	RS_vs_SPC	123572	ENSMUSG00000046957	1.3321901772152714e-254	1.5081398232625712e-253	-2.9373989889781527	log2fc	0.2089971884082876	8.33472245374229e-05	11997	9.489247575418167e-05	True	True	True
C_nb_pairwise	RS_vs_SPC	109380	ENSMUSG00000020102	7.750221779281803e-251	8.611357532535336e-250	-2.724410165511676	log2fc	0.2004587049827564	8.33472245374229e-05	11997	9.489247575418167e-05	True	True	True
C_nb_pairwise	RS_vs_SPC	182134	ENSMUSG00000030976	1.885998959967299e-250	2.057453410873417e-249	-4.49292300504732	log2fc	0.2560408784705676	8.33472245374229e-05	11997	9.489247575418167e-05	True	True	True
C_nb_pairwise	RS_vs_SPC	24859	ENSMUSG00000021534	2.582827490265653e-248	2.7673151681417712e-247	-3.208314188463447	log2fc	0.3448349544951819	8.33472245374229e-05	11997	9.489247575418167e-05	True	True	True
C_nb_pairwise	RS_vs_SPC	59395	ENSMUSG00000005687	8.010156869773464e-246	8.43174407344575e-245	-3.0267979897447894	log2fc	0.24440541528682	8.33472245374229e-05	11997	9.489247575418167e-05	True	True	True
C_nb_pairwise	RS_vs_SPC	115882	ENSMUSG00000016559	6.917452385236266e-245	7.155985226106481e-244	-1.8201583003242288	log2fc	0.180515833691532	8.33472245374229e-05	11997	9.489247575418167e-05	True	True	True
C_nb_pairwise	RS_vs_SPC	61974	ENSMUSG00000028287	2.410699313372653e-243	2.4515586237687995e-242	-3.157061766559116	log2fc	0.2812050330632339	8.33472245374229e-05	11997	9.489247575418167e-05	True	True	True
C_nb_pairwise	RS_vs_SPC	33459	ENSMUSG00000056665	2.7786217900476382e-242	2.7786217900476383e-241	3.4674383539968696	log2fc	0.2908070774066369	8.33472245374229e-05	11997	9.489247575418167e-05	True	True	True
C_nb_pairwise	RS_vs_SPC	183211	ENSMUSG00000074449	9.740156014879675e-242	9.580481326111158e-241	-5.894887635935427	log2fc	0.0001	8.33472245374229e-05	11997	9.489247575418167e-05	True	True	True
C_nb_pairwise	RS_vs_SPC	9991	ENSMUSG00000047025	2.1464495803808262e-239	2.0772092713362837e-238	-3.38744888619862	log2fc	0.2097922694261669	8.33472245374229e-05	11997	9.489247575418167e-05	True	True	True
C_nb_pairwise	RS_vs_SPC	132311	ENSMUSG00000018040	2.6856056310237663e-238	2.557719648594063e-237	3.836384047740206	log2fc	0.4204570906705607	8.33472245374229e-05	11997	9.489247575418167e-05	True	True	True
C_nb_pairwise	RS_vs_SPC	22887	ENSMUSG00000085861	5.024020675411615e-238	4.7100193831983883e-237	-4.182592911775286	log2fc	0.2048198096133641	8.33472245374229e-05	11997	9.489247575418167e-05	True	True	True
C_nb_pairwise	RS_vs_SPC	41548	ENSMUSG00000021545	3.1042606497106293e-235	2.865471368963658e-234	-4.461606113825127	log2fc	0.4769872442914574	8.33472245374229e-05	11997	9.489247575418167e-05	True	True	True
C_nb_pairwise	RS_vs_SPC	91271	ENSMUSG00000032110	5.033933570185855e-235	4.576303245623505e-234	-4.237520827323213	log2fc	0.3288666885911522	8.33472245374229e-05	11997	9.489247575418167e-05	True	True	True
C_nb_pairwise	RS_vs_SPC	145709	ENSMUSG00000052920	1.5142854484079065e-234	1.3560765209623044e-233	-4.543206914382985	log2fc	0.3512060237068818	8.33472245374229e-05	11997	9.489247575418167e-05	True	True	True
C_nb_pairwise	RS_vs_SPC	138689	ENSMUSG00000024033	3.0911204397318982e-232	2.727459211528146e-231	1.875580153319856	log2fc	0.2743937617455498	8.33472245374229e-05	11997	9.489247575418167e-05	True	True	True
C_nb_pairwise	RS_vs_SPC	29311	ENSMUSG00000007591	4.319193125714463e-230	3.7558201093169245e-229	-3.716453967408136	log2fc	0.2510178322564404	8.33472245374229e-05	11997	9.489247575418167e-05	True	True	True
C_nb_pairwise	RS_vs_SPC	141137	ENSMUSG00000036438	2.220158929601693e-229	1.9029933682300225e-228	3.898379051100142	log2fc	0.9801282083240558	8.33472245374229e-05	11997	9.489247575418167e-05	True	True	True
C_nb_pairwise	RS_vs_SPC	81620	ENSMUSG00000055409	6.263940864945115e-229	5.293471153474746e-228	-4.755542789316337	log2fc	0.3137775651781829	8.33472245374229e-05	11997	9.489247575418167e-05	True	True	True
C_nb_pairwise	RS_vs_SPC	132629	ENSMUSG00000022388	4.6902789348673166e-228	3.9085657790560975e-227	2.5605782466229394	log2fc	0.40635160265642	8.33472245374229e-05	11997	9.489247575418167e-05	True	True	True
C_nb_pairwise	RS_vs_SPC	9504	ENSMUSG00000047129	1.2010067855294995e-227	9.87128864818767e-227	-5.173748018069589	log2fc	0.3309574235111044	8.33472245374229e-05	11997	9.489247575418167e-05	True	True	True
C_nb_pairwise	RS_vs_SPC	141075	ENSMUSG00000053375	2.458521681295182e-227	1.993395957806905e-226	-4.354999544901889	log2fc	0.2298040178454915	8.33472245374229e-05	11997	9.489247575418167e-05	True	True	True
C_nb_pairwise	RS_vs_SPC	141074	ENSMUSG00000053375	3.9994393441803546e-227	3.1995514753442837e-226	-4.225923870176945	log2fc	0.2081123411608181	8.33472245374229e-05	11997	9.489247575418167e-05	True	True	True
C_nb_pairwise	RS_vs_SPC	94313	ENSMUSG00000010044	3.0272198431129727e-226	2.38991040245761e-225	2.5849107877276527	log2fc	0.4407750347071468	8.33472245374229e-05	11997	9.489247575418167e-05	True	True	True
C_nb_pairwise	RS_vs_SPC	138692	ENSMUSG00000024033	3.001030679077534e-222	2.338465464216261e-221	1.9756341719063173	log2fc	0.2213648737394922	8.33472245374229e-05	11997	9.489247575418167e-05	True	True	True
C_nb_pairwise	RS_vs_SPC	79372	ENSMUSG00000013091	3.238999991818811e-221	2.4915384552452387e-220	-3.5945455682881016	log2fc	0.2914853368061937	8.33472245374229e-05	11997	9.489247575418167e-05	True	True	True
C_nb_pairwise	RS_vs_SPC	110669	ENSMUSG00000020460	3.5552927575603955e-220	2.700222347514225e-219	2.5537188941699847	log2fc	0.3033050638768058	8.33472245374229e-05	11997	9.489247575418167e-05	True	True	True
C_nb_pairwise	RS_vs_SPC	159535	ENSMUSG00000028264	1.6247469601888766e-219	1.2185602201416574e-218	-3.675849423454692	log2fc	0.3027213530181395	8.33472245374229e-05	11997	9.489247575418167e-05	True	True	True
C_nb_pairwise	RS_vs_SPC	95468	ENSMUSG00000050089	3.195087073238251e-219	2.3667311653616675e-218	-3.692027399911274	log2fc	0.3293997582591855	8.33472245374229e-05	11997	9.489247575418167e-05	True	True	True
C_nb_pairwise	RS_vs_SPC	55552	ENSMUSG00000027518	3.248669729517073e-218	2.377075411841761e-217	-1.6439481811618302	log2fc	0.1175300321807931	8.33472245374229e-05	11997	9.489247575418167e-05	True	True	True
C_nb_pairwise	RS_vs_SPC	171546	ENSMUSG00000095040	1.563959112238871e-217	1.1305728522208704e-216	-3.742234822143325	log2fc	0.1962827993754521	8.33472245374229e-05	11997	9.489247575418167e-05	True	True	True
C_nb_pairwise	RS_vs_SPC	191886	ENSMUSG00000070283	1.9573693021728558e-215	1.3981209301234683e-214	1.9352771344284387	log2fc	0.2118877761201596	8.33472245374229e-05	11997	9.489247575418167e-05	True	True	True
C_nb_pairwise	RS_vs_SPC	162797	ENSMUSG00000028873	2.5017538399855604e-214	1.7659438870486307e-213	3.9395389920805104	log2fc	0.3221604561654005	8.33472245374229e-05	11997	9.489247575418167e-05	True	True	True
C_nb_pairwise	RS_vs_SPC	46982	ENSMUSG00000047044	4.138314735205048e-213	2.8871963268872427e-212	4.72397739039225	log2fc	0.6964831972118468	8.33472245374229e-05	11997	9.489247575418167e-05	True	True	True
C_nb_pairwise	RS_vs_SPC	110830	ENSMUSG00000044056	1.7477475755553328e-212	1.205343155555402e-211	-4.164598604015364	log2fc	0.1471727359300492	8.33472245374229e-05	11997	9.489247575418167e-05	True	True	True
C_nb_pairwise	RS_vs_SPC	178696	ENSMUSG00000038782	7.3214048273034555e-211	4.9918669277069015e-210	1.18185492766523	log2fc	0.1186866396471624	8.33472245374229e-05	11997	9.489247575418167e-05	True	True	True
C_nb_pairwise	RS_vs_SPC	55921	ENSMUSG00000047841	1.2546787971542616e-210	8.458508744860189e-210	-3.814632965701166	log2fc	0.1897277030762101	8.33472245374229e-05	11997	9.489247575418167e-05	True	True	True
C_nb_pairwise	RS_vs_SPC	156697	ENSMUSG00000028141	1.6233303524100958e-210	1.0822202349400641e-209	-2.503260292467929	log2fc	0.2928297701858123	8.33472245374229e-05	11997	9.489247575418167e-05	True	True	True
C_nb_pairwise	RS_vs_SPC	34716	ENSMUSG00000036167	4.039072351985722e-210	2.6631246276828934e-209	-3.3305762952765505	log2fc	0.4221427698352792	8.33472245374229e-05	11997	9.489247575418167e-05	True	True	True
C_nb_pairwise	RS_vs_SPC	54371	ENSMUSG00000074673	8.90504391931636e-209	5.807637338684582e-208	-2.680882293543189	log2fc	0.2628467901725845	8.33472245374229e-05	11997	9.489247575418167e-05	True	True	True
C_nb_pairwise	RS_vs_SPC	30069	ENSMUSG00000044186	7.966785346262822e-207	5.139861513717948e-206	-3.9748645254532353	log2fc	0.3843666601307347	8.33472245374229e-05	11997	9.489247575418167e-05	True	True	True
C_nb_pairwise	RS_vs_SPC	81209	ENSMUSG00000051113	5.0697575192888535e-205	3.236015437843949e-204	-3.261816950402334	log2fc	0.273177737413728	8.33472245374229e-05	11997	9.489247575418167e-05	True	True	True
C_nb_pairwise	RS_vs_SPC	85662	ENSMUSG00000096265	2.1624740116902262e-204	1.3657730600148796e-203	-5.930315653483982	log2fc	0.8184544980162133	8.33472245374229e-05	11997	9.489247575418167e-05	True	True	True
C_nb_pairwise	RS_vs_SPC	55575	ENSMUSG00000057047	2.786969943250908e-204	1.7418562145318172e-203	1.678801360713179	log2fc	0.2084095167551328	8.33472245374229e-05	11997	9.489247575418167e-05	True	True	True
C_nb_pairwise	RS_vs_SPC	108800	ENSMUSG00000074748	1.0061755964504496e-203	6.223766575982162e-203	3.406439519810796	log2fc	0.2999540772734015	8.33472245374229e-05	11997	9.489247575418167e-05	True	True	True
C_nb_pairwise	RS_vs_SPC	144966	ENSMUSG00000024654	1.944528725810933e-202	1.190527791312816e-201	1.7216812431520936	log2fc	0.2512249483420671	8.33472245374229e-05	11997	9.489247575418167e-05	True	True	True
C_nb_pairwise	RS_vs_SPC	133815	ENSMUSG00000050058	1.350177085958663e-201	8.182891430052503e-201	-3.030121005412877	log2fc	0.7400521021695812	8.33472245374229e-05	11997	9.489247575418167e-05	True	True	True
C_nb_pairwise	RS_vs_SPC	145435	ENSMUSG00000033053	1.5716367647978738e-200	9.429820588787243e-200	-1.7612368961706009	log2fc	0.1390431397112342	8.33472245374229e-05	11997	9.489247575418167e-05	True	True	True
C_nb_pairwise	RS_vs_SPC	55487	ENSMUSG00000027502	5.355414129689323e-200	3.181434136449102e-199	-3.946803641733221	log2fc	0.2232428360683495	8.33472245374229e-05	11997	9.489247575418167e-05	True	True	True
C_nb_pairwise	RS_vs_SPC	194732	ENSMUSG00000096867	9.316085148130779e-200	5.374664508536987e-199	-4.8216119413482	log2fc	0.4091660774526457	8.33472245374229e-05	11997	9.489247575418167e-05	True	True	True
C_nb_pairwise	RS_vs_SPC	194728	ENSMUSG00000094802	9.316085148130779e-200	5.374664508536987e-199	-4.8216119413482	log2fc	0.4091660774526457	8.33472245374229e-05	11997	9.489247575418167e-05	True	True	True
C_nb_pairwise	RS_vs_SPC	194730	ENSMUSG00000094577	9.316085148130779e-200	5.374664508536987e-199	-4.8216119413482	log2fc	0.4091660774526457	8.33472245374229e-05	11997	9.489247575418167e-05	True	True	True
C_nb_pairwise	RS_vs_SPC	85820	ENSMUSG00000095294	1.053835140472359e-199	6.02191508841348e-199	-5.95786516044213	log2fc	0.8592758127712078	8.33472245374229e-05	11997	9.489247575418167e-05	True	True	True
C_nb_pairwise	RS_vs_SPC	194738	ENSMUSG00000094592	5.716201227154647e-199	3.235585600276215e-198	-4.847658714343896	log2fc	0.4067628165966097	8.33472245374229e-05	11997	9.489247575418167e-05	True	True	True
C_nb_pairwise	RS_vs_SPC	179769	ENSMUSG00000030544	2.384898904260272e-198	1.337326488370246e-197	1.7866482638627608	log2fc	0.2698379563810205	8.33472245374229e-05	11997	9.489247575418167e-05	True	True	True
C_nb_pairwise	RS_vs_SPC	31663	ENSMUSG00000022148	2.4089339238864803e-198	1.3382966243813782e-197	-3.4941163933113746	log2fc	0.4984255956060949	8.33472245374229e-05	11997	9.489247575418167e-05	True	True	True
C_nb_pairwise	RS_vs_SPC	15130	ENSMUSG00000053184	1.3072333123306225e-197	7.195779700902508e-197	-3.941154059192972	log2fc	0.1000272891875281	8.33472245374229e-05	11997	9.489247575418167e-05	True	True	True
C_nb_pairwise	RS_vs_SPC	138688	ENSMUSG00000024033	1.8362349133627272e-197	1.0015826800160329e-196	1.8448199112036316	log2fc	0.1810572159537025	8.33472245374229e-05	11997	9.489247575418167e-05	True	True	True
C_nb_pairwise	RS_vs_SPC	17885	ENSMUSG00000025156	2.2443351804014494e-197	1.213154151568351e-196	2.28799288898151	log2fc	0.2016318097716395	8.33472245374229e-05	11997	9.489247575418167e-05	True	True	True
C_nb_pairwise	RS_vs_SPC	49197	ENSMUSG00000037708	1.394849705817557e-196	7.472409138308341e-196	-3.39981049447604	log2fc	0.6651134812308489	8.33472245374229e-05	11997	9.489247575418167e-05	True	True	True
C_nb_pairwise	RS_vs_SPC	112514	ENSMUSG00000018776	1.7264278192062633e-195	9.166873376316442e-195	-3.5456959628634195	log2fc	0.4007106301739769	8.33472245374229e-05	11997	9.489247575418167e-05	True	True	True
C_nb_pairwise	RS_vs_SPC	17071	ENSMUSG00000020712	4.1695204925189155e-195	2.1944844697467972e-194	4.502324135176051	log2fc	0.5072748584911948	8.33472245374229e-05	11997	9.489247575418167e-05	True	True	True
C_nb_pairwise	RS_vs_SPC	175711	ENSMUSG00000072772	3.9308163294128907e-194	2.0508606936067256e-193	-3.696525585177944	log2fc	0.2762620431088333	8.33472245374229e-05	11997	9.489247575418167e-05	True	True	True
C_nb_pairwise	RS_vs_SPC	132219	ENSMUSG00000063480	9.782238434590463e-194	5.05977850065024e-193	-2.961513506434593	log2fc	0.3077641267229094	8.33472245374229e-05	11997	9.489247575418167e-05	True	True	True
C_nb_pairwise	RS_vs_SPC	171545	ENSMUSG00000095040	3.589298866698321e-193	1.840666085486319e-192	-3.387108785858176	log2fc	0.2070464628753881	8.33472245374229e-05	11997	9.489247575418167e-05	True	True	True
C_nb_pairwise	RS_vs_SPC	162902	ENSMUSG00000028845	5.644226991663652e-192	2.8699459279645676e-191	-1.5662569135468627	log2fc	0.1534382403093378	8.33472245374229e-05	11997	9.489247575418167e-05	True	True	True
C_nb_pairwise	RS_vs_SPC	58587	ENSMUSG00000027942	7.446231502291841e-190	3.75440243813034e-189	-3.606348111907245	log2fc	0.3129880141497779	8.33472245374229e-05	11997	9.489247575418167e-05	True	True	True
C_nb_pairwise	RS_vs_SPC	137276	ENSMUSG00000046173	1.6164764663569178e-189	8.082382331784589e-189	3.578166832007396	log2fc	0.2770006900921554	8.33472245374229e-05	11997	9.489247575418167e-05	True	True	True
C_nb_pairwise	RS_vs_SPC	57852	ENSMUSG00000048416	4.223800775970674e-189	2.0944466657705825e-188	-2.0623831337357403	log2fc	0.110232141861425	8.33472245374229e-05	11997	9.489247575418167e-05	True	True	True
C_nb_pairwise	RS_vs_SPC	188147	ENSMUSG00000096472	9.575437656332576e-189	4.709231634261922e-188	2.8509541737552277	log2fc	0.3323729959897254	8.33472245374229e-05	11997	9.489247575418167e-05	True	True	True
C_nb_pairwise	RS_vs_SPC	96097	ENSMUSG00000094714	4.523173227916e-188	2.188632207056129e-187	-2.92055469432942	log2fc	0.2221798425353685	8.33472245374229e-05	11997	9.489247575418167e-05	True	True	True
C_nb_pairwise	RS_vs_SPC	96095	ENSMUSG00000096468	4.523173227916e-188	2.188632207056129e-187	-2.92055469432942	log2fc	0.2221798425353685	8.33472245374229e-05	11997	9.489247575418167e-05	True	True	True
C_nb_pairwise	RS_vs_SPC	170091	ENSMUSG00000043036	8.971798378399751e-188	4.3064632216318797e-187	-3.4930812883600098	log2fc	0.1444239537235225	8.33472245374229e-05	11997	9.489247575418167e-05	True	True	True
C_nb_pairwise	RS_vs_SPC	33581	ENSMUSG00000049653	1.0007392009291823e-187	4.76542476632944e-187	2.0212180209831545	log2fc	0.1195274724384725	8.33472245374229e-05	11997	9.489247575418167e-05	True	True	True
C_nb_pairwise	RS_vs_SPC	92274	ENSMUSG00000040188	8.379765654289032e-186	3.958944403601117e-185	-2.509570120456527	log2fc	0.3045493221548283	8.33472245374229e-05	11997	9.489247575418167e-05	True	True	True
C_nb_pairwise	RS_vs_SPC	182838	ENSMUSG00000031509	2.1582182962583067e-185	1.0116648263710813e-184	-3.200740786200741	log2fc	0.1979956048362548	8.33472245374229e-05	11997	9.489247575418167e-05	True	True	True
C_nb_pairwise	RS_vs_SPC	82736	ENSMUSG00000044362	2.2833424210094346e-184	1.0620197307020626e-183	-1.6580386454129374	log2fc	0.2301391879366989	8.33472245374229e-05	11997	9.489247575418167e-05	True	True	True
C_nb_pairwise	RS_vs_SPC	114533	ENSMUSG00000018543	3.307023577945864e-184	1.5263185744365522e-183	-5.195957551476576	log2fc	0.9521467228671948	8.33472245374229e-05	11997	9.489247575418167e-05	True	True	True
C_nb_pairwise	RS_vs_SPC	64471	ENSMUSG00000028716	6.241952174855782e-184	2.858909393063716e-183	-3.8694262300888047	log2fc	0.4112137779032048	8.33472245374229e-05	11997	9.489247575418167e-05	True	True	True
C_nb_pairwise	RS_vs_SPC	6205	ENSMUSG00000026622	2.195911498610633e-182	9.981415902775604e-182	2.911526876314923	log2fc	0.6214790897009823	8.33472245374229e-05	11997	9.489247575418167e-05	True	True	True
C_nb_pairwise	RS_vs_SPC	170278	ENSMUSG00000029433	7.650222057907884e-180	3.4512279960486696e-179	2.4577273498664303	log2fc	0.1862145223002952	8.33472245374229e-05	11997	9.489247575418167e-05	True	True	True
C_nb_pairwise	RS_vs_SPC	102388	ENSMUSG00000042554	1.9379729976342813e-179	8.677491034183348e-179	-4.207048674277035	log2fc	0.3335092012665467	8.33472245374229e-05	11997	9.489247575418167e-05	True	True	True
C_nb_pairwise	RS_vs_SPC	178951	ENSMUSG00000040231	7.859573714644626e-179	3.49314387317539e-178	1.7574260581394	log2fc	0.2064004096064159	8.33472245374229e-05	11997	9.489247575418167e-05	True	True	True
C_nb_pairwise	RS_vs_SPC	170275	ENSMUSG00000029433	3.609201782436122e-178	1.5922949040159362e-177	3.3296618286472004	log2fc	0.1923336310140193	8.33472245374229e-05	11997	9.489247575418167e-05	True	True	True
C_nb_pairwise	RS_vs_SPC	189507	ENSMUSG00000045620	1.2766175394312004e-177	5.591025720136644e-177	-3.969524065837968	log2fc	0.2925949659394682	8.33472245374229e-05	11997	9.489247575418167e-05	True	True	True
C_nb_pairwise	RS_vs_SPC	176108	ENSMUSG00000030206	6.531282814809393e-177	2.8396881803519093e-176	-2.203726505411829	log2fc	0.095101668186077	8.33472245374229e-05	11997	9.489247575418167e-05	True	True	True
C_nb_pairwise	RS_vs_SPC	73863	ENSMUSG00000047843	2.3003279325256022e-176	9.929473090038569e-176	-4.674670311570333	log2fc	0.5697950160121673	8.33472245374229e-05	11997	9.489247575418167e-05	True	True	True
C_nb_pairwise	RS_vs_SPC	135510	ENSMUSG00000050685	5.4367871422248446e-176	2.3300516323820766e-175	-3.4860476355764285	log2fc	0.6036718020585942	8.33472245374229e-05	11997	9.489247575418167e-05	True	True	True
C_nb_pairwise	RS_vs_SPC	137277	ENSMUSG00000046173	2.1732685415947686e-175	9.247951240828801e-175	3.509361262538836	log2fc	0.3595091916085974	8.33472245374229e-05	11997	9.489247575418167e-05	True	True	True
C_nb_pairwise	RS_vs_SPC	66859	ENSMUSG00000029003	2.171014053091092e-174	9.173298815877856e-174	1.59228970563296	log2fc	0.235669403426738	8.33472245374229e-05	11997	9.489247575418167e-05	True	True	True
C_nb_pairwise	RS_vs_SPC	29943	ENSMUSG00000022033	7.460146828883645e-174	3.1301315365945366e-173	2.679876925139584	log2fc	0.4520550662831932	8.33472245374229e-05	11997	9.489247575418167e-05	True	True	True
C_nb_pairwise	RS_vs_SPC	138870	ENSMUSG00000059208	1.9576161795580115e-173	8.156734081491715e-173	4.2537811046435765	log2fc	1.3799159708233386	8.33472245374229e-05	11997	9.489247575418167e-05	True	True	True
C_nb_pairwise	RS_vs_SPC	17886	ENSMUSG00000025156	2.771293386916036e-171	1.1467420911376698e-170	2.2523781915760503	log2fc	0.1949915488993896	8.33472245374229e-05	11997	9.489247575418167e-05	True	True	True
C_nb_pairwise	RS_vs_SPC	116189	ENSMUSG00000062825	2.937123448107306e-171	1.207037033468756e-170	1.9504394657496509	log2fc	0.2069616091290125	8.33472245374229e-05	11997	9.489247575418167e-05	True	True	True
C_nb_pairwise	RS_vs_SPC	148140	ENSMUSG00000026853	8.895199267896786e-170	3.630693578733382e-169	1.859617600194497	log2fc	0.1703281448613694	8.33472245374229e-05	11997	9.489247575418167e-05	True	True	True
C_nb_pairwise	RS_vs_SPC	28058	ENSMUSG00000078127	3.899745134109434e-169	1.5809777570713924e-168	-3.4997164725676466	log2fc	0.1891228716709082	8.33472245374229e-05	11997	9.489247575418167e-05	True	True	True
C_nb_pairwise	RS_vs_SPC	83020	ENSMUSG00000035165	1.120243116817434e-168	4.511046107989668e-168	-5.704378048612537	log2fc	0.2907983290218681	8.33472245374229e-05	11997	9.489247575418167e-05	True	True	True
C_nb_pairwise	RS_vs_SPC	156663	ENSMUSG00000074435	3.283639995705676e-168	1.3134559982822704e-167	-3.0685283648030874	log2fc	0.2424479445820467	8.33472245374229e-05	11997	9.489247575418167e-05	True	True	True
C_nb_pairwise	RS_vs_SPC	16040	ENSMUSG00000038845	1.7598341440458324e-167	6.992718453162248e-167	-3.463222896330435	log2fc	0.4243844840433524	8.33472245374229e-05	11997	9.489247575418167e-05	True	True	True
C_nb_pairwise	RS_vs_SPC	163565	ENSMUSG00000048003	1.132006826523445e-166	4.4684479994346526e-166	-3.852051894978236	log2fc	0.2943584177785267	8.33472245374229e-05	11997	9.489247575418167e-05	True	True	True
C_nb_pairwise	RS_vs_SPC	77739	ENSMUSG00000051256	1.3301262858710955e-166	5.2161815132199827e-166	3.183571819429275	log2fc	0.4066446320149419	8.33472245374229e-05	11997	9.489247575418167e-05	True	True	True
C_nb_pairwise	RS_vs_SPC	137284	ENSMUSG00000046173	2.797799791840784e-165	1.0900518669509549e-164	2.8575556293966056	log2fc	0.632687686911655	8.33472245374229e-05	11997	9.489247575418167e-05	True	True	True
C_nb_pairwise	RS_vs_SPC	133813	ENSMUSG00000050058	2.8664019869492995e-164	1.1095749626900514e-163	-2.922808666524133	log2fc	0.6331839605544579	8.33472245374229e-05	11997	9.489247575418167e-05	True	True	True
C_nb_pairwise	RS_vs_SPC	89731	ENSMUSG00000031839	4.9532810909962536e-163	1.9051081119216363e-162	2.515505507256245	log2fc	0.4260108773794377	8.33472245374229e-05	11997	9.489247575418167e-05	True	True	True
C_nb_pairwise	RS_vs_SPC	156832	ENSMUSG00000105734	3.9712794171509895e-162	1.517686401458977e-161	-4.601003415595813	log2fc	0.217594709337302	8.33472245374229e-05	11997	9.489247575418167e-05	True	True	True
C_nb_pairwise	RS_vs_SPC	107177	ENSMUSG00000001666	1.0161203945900995e-161	3.858685042747214e-161	1.9319911971547432	log2fc	0.3727693728508583	8.33472245374229e-05	11997	9.489247575418167e-05	True	True	True
C_nb_pairwise	RS_vs_SPC	153593	ENSMUSG00000027496	7.633374653072468e-161	2.8805187370084786e-160	2.9991405761431387	log2fc	0.2517638740847955	8.33472245374229e-05	11997	9.489247575418167e-05	True	True	True
C_nb_pairwise	RS_vs_SPC	158541	ENSMUSG00000090202	1.0583342516289067e-159	3.9687534436084e-159	-4.34926737960391	log2fc	0.5021789962737796	8.33472245374229e-05	11997	9.489247575418167e-05	True	True	True
C_nb_pairwise	RS_vs_SPC	33582	ENSMUSG00000049653	2.044329791502465e-159	7.618620341002973e-159	2.2885526124899136	log2fc	0.3431387986833859	8.33472245374229e-05	11997	9.489247575418167e-05	True	True	True
C_nb_pairwise	RS_vs_SPC	163021	ENSMUSG00000048686	9.702755542008424e-158	3.593613163706824e-157	-3.4106945511854843	log2fc	0.9645191785268556	8.33472245374229e-05	11997	9.489247575418167e-05	True	True	True
C_nb_pairwise	RS_vs_SPC	118603	ENSMUSG00000066441	7.582350572252599e-157	2.791049290399729e-156	3.04422249010478	log2fc	0.3218713085610858	8.33472245374229e-05	11997	9.489247575418167e-05	True	True	True
C_nb_pairwise	RS_vs_SPC	40212	ENSMUSG00000024193	6.174413398765688e-156	2.2589317312557403e-155	2.6452156058014062	log2fc	0.3404775320741649	8.33472245374229e-05	11997	9.489247575418167e-05	True	True	True
C_nb_pairwise	RS_vs_SPC	81500	ENSMUSG00000063229	4.0810988292242945e-155	1.4840359378997435e-154	0.9518788228542095	log2fc	0.0981864482861409	8.33472245374229e-05	11997	9.489247575418167e-05	True	True	False
C_nb_pairwise	RS_vs_SPC	84249	ENSMUSG00000030703	2.1085666736988752e-154	7.62132532662244e-154	-3.172921370768804	log2fc	0.5329242753558088	8.33472245374229e-05	11997	9.489247575418167e-05	True	True	True
C_nb_pairwise	RS_vs_SPC	35992	ENSMUSG00000022773	6.165758484841346e-154	2.2152425694040765e-153	2.737862641280973	log2fc	0.4332586208333471	8.33472245374229e-05	11997	9.489247575418167e-05	True	True	True
C_nb_pairwise	RS_vs_SPC	126527	ENSMUSG00000021792	7.510140361321814e-154	2.682192986186362e-153	2.6328447666126933	log2fc	0.314638099606274	8.33472245374229e-05	11997	9.489247575418167e-05	True	True	True
C_nb_pairwise	RS_vs_SPC	116228	ENSMUSG00000025129	9.956806881843868e-154	3.5349610231398354e-153	4.189208305024646	log2fc	0.4042969932191566	8.33472245374229e-05	11997	9.489247575418167e-05	True	True	True
C_nb_pairwise	RS_vs_SPC	112567	ENSMUSG00000018565	3.0224048801679278e-152	1.0667311341769156e-151	2.4067658343109004	log2fc	0.3965150225718619	8.33472245374229e-05	11997	9.489247575418167e-05	True	True	True
C_nb_pairwise	RS_vs_SPC	133812	ENSMUSG00000050058	7.603778173263482e-150	2.667992341495959e-149	-2.609000610227734	log2fc	0.4548966626646542	8.33472245374229e-05	11997	9.489247575418167e-05	True	True	True
C_nb_pairwise	RS_vs_SPC	24860	ENSMUSG00000021534	7.877644749720429e-150	2.748015610367591e-149	-3.215781047159234	log2fc	0.2853882989148437	8.33472245374229e-05	11997	9.489247575418167e-05	True	True	True
C_nb_pairwise	RS_vs_SPC	189183	ENSMUSG00000000171	4.34626236189924e-149	1.5073742295604298e-148	3.385155585609019	log2fc	0.3555876729968542	8.33472245374229e-05	11997	9.489247575418167e-05	True	True	True
C_nb_pairwise	RS_vs_SPC	107378	ENSMUSG00000061032	3.656805688366849e-148	1.2609674787471894e-147	1.3149214273292469	log2fc	0.1646512932403979	8.33472245374229e-05	11997	9.489247575418167e-05	True	True	True
C_nb_pairwise	RS_vs_SPC	101685	ENSMUSG00000026277	7.249678800581727e-148	2.485604160199449e-147	2.4606759865103527	log2fc	0.252156553195068	8.33472245374229e-05	11997	9.489247575418167e-05	True	True	True
C_nb_pairwise	RS_vs_SPC	11800	ENSMUSG00000071866	1.0488899607350989e-147	3.575761229778746e-147	1.1524673590916443	log2fc	0.1508165129837759	8.33472245374229e-05	11997	9.489247575418167e-05	True	True	True
C_nb_pairwise	RS_vs_SPC	73532	ENSMUSG00000029723	1.0446398988608414e-146	3.541152199528276e-146	-4.242342371035788	log2fc	0.2583005615672413	8.33472245374229e-05	11997	9.489247575418167e-05	True	True	True
C_nb_pairwise	RS_vs_SPC	64714	ENSMUSG00000048772	1.098055599138603e-146	3.701311008332369e-146	-1.769277453796863	log2fc	0.1763032348583961	8.33472245374229e-05	11997	9.489247575418167e-05	True	True	True
C_nb_pairwise	RS_vs_SPC	86861	ENSMUSG00000018796	1.948693873346287e-146	6.531934770993141e-146	-2.9447952496297884	log2fc	0.4032361202427902	8.33472245374229e-05	11997	9.489247575418167e-05	True	True	True
C_nb_pairwise	RS_vs_SPC	49901	ENSMUSG00000039515	1.3158615647232931e-145	4.386205215744311e-145	3.5264837500339152	log2fc	0.4703514476660433	8.33472245374229e-05	11997	9.489247575418167e-05	True	True	True
C_nb_pairwise	RS_vs_SPC	91596	ENSMUSG00000002031	1.6993854421791222e-145	5.6333219077760955e-145	2.273055275400292	log2fc	0.3771510673635923	8.33472245374229e-05	11997	9.489247575418167e-05	True	True	True
C_nb_pairwise	RS_vs_SPC	43085	ENSMUSG00000024233	2.7079208368436232e-145	8.927211550033923e-145	-5.078917518051238	log2fc	0.2623873726722241	8.33472245374229e-05	11997	9.489247575418167e-05	True	True	True
C_nb_pairwise	RS_vs_SPC	162416	ENSMUSG00000006398	1.7850842568990607e-144	5.85273526852151e-144	1.8651718402863264	log2fc	0.2874234945354432	8.33472245374229e-05	11997	9.489247575418167e-05	True	True	True
C_nb_pairwise	RS_vs_SPC	145006	ENSMUSG00000037418	2.8371022960895885e-143	9.25142053072692e-143	-4.733436026222367	log2fc	0.2927845398230447	8.33472245374229e-05	11997	9.489247575418167e-05	True	True	True
C_nb_pairwise	RS_vs_SPC	81210	ENSMUSG00000051113	3.670046374141831e-143	1.1902853105324857e-142	-2.5031344412420413	log2fc	0.2844480059622121	8.33472245374229e-05	11997	9.489247575418167e-05	True	True	True
C_nb_pairwise	RS_vs_SPC	145052	ENSMUSG00000034371	8.200971030595254e-143	2.6454745259984688e-142	2.0354876879351447	log2fc	0.3780109797157575	8.33472245374229e-05	11997	9.489247575418167e-05	True	True	True
C_nb_pairwise	RS_vs_SPC	120006	ENSMUSG00000021270	3.282458744553218e-142	1.0531953191079844e-141	1.519686367842848	log2fc	0.2438135337187683	8.33472245374229e-05	11997	9.489247575418167e-05	True	True	True
C_nb_pairwise	RS_vs_SPC	49497	ENSMUSG00000015095	5.503272958362664e-142	1.7563637101157437e-141	1.6761596216748809	log2fc	0.300942370031078	8.33472245374229e-05	11997	9.489247575418167e-05	True	True	True
C_nb_pairwise	RS_vs_SPC	182304	ENSMUSG00000073795	9.646909051444734e-142	3.062510809982455e-141	2.157109596804044	log2fc	0.3300869846658691	8.33472245374229e-05	11997	9.489247575418167e-05	True	True	True
C_nb_pairwise	RS_vs_SPC	112952	ENSMUSG00000000751	3.661974112241272e-141	1.1564128775498754e-140	2.2884091130553044	log2fc	0.5467407731893041	8.33472245374229e-05	11997	9.489247575418167e-05	True	True	True
C_nb_pairwise	RS_vs_SPC	14807	ENSMUSG00000037926	6.706582989379583e-141	2.106779996663744e-140	1.657086067176021	log2fc	0.1731219598394572	8.33472245374229e-05	11997	9.489247575418167e-05	True	True	True
C_nb_pairwise	RS_vs_SPC	4551	ENSMUSG00000042708	7.549674990374095e-141	2.359273434491905e-140	1.718666517463182	log2fc	0.1940803681638898	8.33472245374229e-05	11997	9.489247575418167e-05	True	True	True
C_nb_pairwise	RS_vs_SPC	133814	ENSMUSG00000050058	2.3771047008547487e-140	7.389962800584711e-140	-2.9266237255803675	log2fc	0.6749315839162722	8.33472245374229e-05	11997	9.489247575418167e-05	True	True	True
C_nb_pairwise	RS_vs_SPC	132217	ENSMUSG00000063480	9.004068543677373e-140	2.7847634671167134e-139	-3.725566177081912	log2fc	0.3377671157397019	8.33472245374229e-05	11997	9.489247575418167e-05	True	True	True
C_nb_pairwise	RS_vs_SPC	113255	ENSMUSG00000037278	3.311138932422119e-139	1.018811979206806e-138	1.434604605456067	log2fc	0.283797523091198	8.33472245374229e-05	11997	9.489247575418167e-05	True	True	True
C_nb_pairwise	RS_vs_SPC	88950	ENSMUSG00000035785	9.798312930766231e-139	2.9994835502345603e-138	0.9232094381103256	log2fc	0.0819169702834118	8.33472245374229e-05	11997	9.489247575418167e-05	True	True	False
C_nb_pairwise	RS_vs_SPC	94739	ENSMUSG00000044664	1.5116715799732762e-138	4.604075878091196e-138	2.4819828777613786	log2fc	0.438508751117044	8.33472245374229e-05	11997	9.489247575418167e-05	True	True	True
C_nb_pairwise	RS_vs_SPC	107176	ENSMUSG00000001666	2.9647791153510686e-138	8.984179137427481e-138	2.104474887669113	log2fc	0.1421994555137539	8.33472245374229e-05	11997	9.489247575418167e-05	True	True	True
C_nb_pairwise	RS_vs_SPC	128406	ENSMUSG00000034913	1.0424402688753004e-137	3.1430359865586947e-137	-2.880797184067321	log2fc	0.488240269769731	8.33472245374229e-05	11997	9.489247575418167e-05	True	True	True
C_nb_pairwise	RS_vs_SPC	14712	ENSMUSG00000069808	5.211772985159232e-137	1.5635318955477694e-136	-0.8225931240549136	log2fc	0.0637534205312416	8.33472245374229e-05	11997	9.489247575418167e-05	True	True	False
C_nb_pairwise	RS_vs_SPC	100279	ENSMUSG00000045336	1.0883307530595004e-136	3.248748516595524e-136	-6.162956521681533	log2fc	0.799932952682782	8.33472245374229e-05	11997	9.489247575418167e-05	True	True	True
C_nb_pairwise	RS_vs_SPC	79527	ENSMUSG00000030385	1.93119970475102e-136	5.736236746785208e-136	-4.362654346797129	log2fc	0.2601126955758366	8.33472245374229e-05	11997	9.489247575418167e-05	True	True	True
C_nb_pairwise	RS_vs_SPC	67251	ENSMUSG00000058183	2.211391267785749e-136	6.536131825967731e-136	-3.825201254216383	log2fc	0.3211144651097213	8.33472245374229e-05	11997	9.489247575418167e-05	True	True	True
C_nb_pairwise	RS_vs_SPC	40720	ENSMUSG00000061126	3.683672630287665e-136	1.0834331265551957e-135	-4.282111087985919	log2fc	0.4309800484377764	8.33472245374229e-05	11997	9.489247575418167e-05	True	True	True
C_nb_pairwise	RS_vs_SPC	92731	ENSMUSG00000040652	3.7230108189745904e-136	1.089661703114514e-135	2.205047917224998	log2fc	0.3916247076447949	8.33472245374229e-05	11997	9.489247575418167e-05	True	True	True
C_nb_pairwise	RS_vs_SPC	33846	ENSMUSG00000022428	5.020002418433893e-136	1.4621366267283183e-135	2.1326819045458074	log2fc	0.4144913488809993	8.33472245374229e-05	11997	9.489247575418167e-05	True	True	True
C_nb_pairwise	RS_vs_SPC	182546	ENSMUSG00000059119	7.738552497867184e-136	2.2430586950339664e-135	2.6844438965572874	log2fc	0.5502707259298817	8.33472245374229e-05	11997	9.489247575418167e-05	True	True	True
C_nb_pairwise	RS_vs_SPC	158266	ENSMUSG00000012042	8.704917654553314e-136	2.511033938813456e-135	-2.8706385321199366	log2fc	0.8376686065171817	8.33472245374229e-05	11997	9.489247575418167e-05	True	True	True
C_nb_pairwise	RS_vs_SPC	132218	ENSMUSG00000063480	1.966334450695653e-135	5.644979284293741e-135	-3.0972005080794687	log2fc	0.3190072879943065	8.33472245374229e-05	11997	9.489247575418167e-05	True	True	True
C_nb_pairwise	RS_vs_SPC	81490	ENSMUSG00000006599	5.106883795203243e-135	1.4591096557723552e-134	2.817587363139861	log2fc	0.3527459586106228	8.33472245374229e-05	11997	9.489247575418167e-05	True	True	True
C_nb_pairwise	RS_vs_SPC	60058	ENSMUSG00000028124	5.229138233110051e-135	1.4869587392730003e-134	1.176424193158193	log2fc	0.1418550578007596	8.33472245374229e-05	11997	9.489247575418167e-05	True	True	True
C_nb_pairwise	RS_vs_SPC	113254	ENSMUSG00000037278	1.3420493644664523e-134	3.79825291830128e-134	1.501508591519486	log2fc	0.2720798908373432	8.33472245374229e-05	11997	9.489247575418167e-05	True	True	True
C_nb_pairwise	RS_vs_SPC	111548	ENSMUSG00000063652	2.2519435637600224e-134	6.343502996507105e-134	2.318887794013739	log2fc	0.3602407098306258	8.33472245374229e-05	11997	9.489247575418167e-05	True	True	True
C_nb_pairwise	RS_vs_SPC	193847	ENSMUSG00000057805	5.236336464464364e-134	1.4681317190087e-133	-3.524858659755616	log2fc	0.4512217746947278	8.33472245374229e-05	11997	9.489247575418167e-05	True	True	True
C_nb_pairwise	RS_vs_SPC	144756	ENSMUSG00000024953	1.7648874099056205e-133	4.92526719043429e-133	1.8644343970853177	log2fc	0.2392453273467477	8.33472245374229e-05	11997	9.489247575418167e-05	True	True	True
C_nb_pairwise	RS_vs_SPC	94330	ENSMUSG00000010051	1.8860937740707605e-133	5.239149372418779e-133	-3.6942543261943928	log2fc	0.5294887926201072	8.33472245374229e-05	11997	9.489247575418167e-05	True	True	True
C_nb_pairwise	RS_vs_SPC	161457	ENSMUSG00000028575	1.9306971240599477e-133	5.3383330619169064e-133	-5.7255513935420295	log2fc	0.0001	8.33472245374229e-05	11997	9.489247575418167e-05	True	True	True
C_nb_pairwise	RS_vs_SPC	131720	ENSMUSG00000116376	2.032935438653338e-133	5.595235152256895e-133	-4.708451311956072	log2fc	0.4639005374092507	8.33472245374229e-05	11997	9.489247575418167e-05	True	True	True
C_nb_pairwise	RS_vs_SPC	148139	ENSMUSG00000026853	3.6565102101700545e-133	1.0017836192246726e-132	1.780110499488586	log2fc	0.2161555835182614	8.33472245374229e-05	11997	9.489247575418167e-05	True	True	True
C_nb_pairwise	RS_vs_SPC	163024	ENSMUSG00000048686	1.498327418614282e-132	4.086347505311678e-132	-3.52337082985409	log2fc	1.1615766721581435	8.33472245374229e-05	11997	9.489247575418167e-05	True	True	True
C_nb_pairwise	RS_vs_SPC	9503	ENSMUSG00000047129	3.1834165172433154e-132	8.642759775321219e-132	-5.233469854465109	log2fc	0.2172914649756966	8.33472245374229e-05	11997	9.489247575418167e-05	True	True	True
C_nb_pairwise	RS_vs_SPC	107178	ENSMUSG00000001666	8.058877309617966e-132	2.178074948545396e-131	1.9062897951151208	log2fc	0.3014850520369993	8.33472245374229e-05	11997	9.489247575418167e-05	True	True	True
C_nb_pairwise	RS_vs_SPC	115883	ENSMUSG00000016559	8.835325860068408e-132	2.377217720197778e-131	-1.983122998820137	log2fc	0.1798535438779308	8.33472245374229e-05	11997	9.489247575418167e-05	True	True	True
C_nb_pairwise	RS_vs_SPC	160656	ENSMUSG00000070980	1.0510722700908522e-131	2.8153721520290683e-131	-1.23678364462068	log2fc	0.1318992129395246	8.33472245374229e-05	11997	9.489247575418167e-05	True	True	True
C_nb_pairwise	RS_vs_SPC	163020	ENSMUSG00000048686	4.067193897952141e-131	1.0845850394539042e-130	-3.466784617229574	log2fc	0.8795378536842676	8.33472245374229e-05	11997	9.489247575418167e-05	True	True	True
C_nb_pairwise	RS_vs_SPC	182990	ENSMUSG00000031458	4.581779118205457e-131	1.216401535806759e-130	2.577373176253204	log2fc	0.4962479310781347	8.33472245374229e-05	11997	9.489247575418167e-05	True	True	True
C_nb_pairwise	RS_vs_SPC	177887	ENSMUSG00000030591	9.963895764998661e-131	2.633628836563523e-130	2.068026063072073	log2fc	0.2674631365203962	8.33472245374229e-05	11997	9.489247575418167e-05	True	True	True
C_nb_pairwise	RS_vs_SPC	186366	ENSMUSG00000031898	2.8535998609046986e-130	7.509473318170259e-130	1.4420603894384525	log2fc	0.2098703888285954	8.33472245374229e-05	11997	9.489247575418167e-05	True	True	True
C_nb_pairwise	RS_vs_SPC	156830	ENSMUSG00000105734	3.728879640484867e-130	9.769990324414498e-130	-3.9919628730185095	log2fc	0.2326353084196847	8.33472245374229e-05	11997	9.489247575418167e-05	True	True	True
C_nb_pairwise	RS_vs_SPC	137916	ENSMUSG00000040097	4.8897204312030084e-130	1.275579242922524e-129	2.0992609001053903	log2fc	0.3906984471344115	8.33472245374229e-05	11997	9.489247575418167e-05	True	True	True
C_nb_pairwise	RS_vs_SPC	162122	ENSMUSG00000044556	6.599579313423307e-130	1.7141764450450148e-129	-4.559209914022575	log2fc	0.5616907725288944	8.33472245374229e-05	11997	9.489247575418167e-05	True	True	True
C_nb_pairwise	RS_vs_SPC	14806	ENSMUSG00000037926	2.93369881107377e-129	7.587152097604578e-129	1.5459734225022497	log2fc	0.2339828305475355	8.33472245374229e-05	11997	9.489247575418167e-05	True	True	True
C_nb_pairwise	RS_vs_SPC	17703	ENSMUSG00000017716	1.368079083797972e-128	3.5229504303810444e-128	1.916087178687692	log2fc	0.2710019210909197	8.33472245374229e-05	11997	9.489247575418167e-05	True	True	True
C_nb_pairwise	RS_vs_SPC	147938	ENSMUSG00000026831	2.6536049509634674e-128	6.804115258880687e-128	-3.1016917137475697	log2fc	0.6402876796529522	8.33472245374229e-05	11997	9.489247575418167e-05	True	True	True
C_nb_pairwise	RS_vs_SPC	116188	ENSMUSG00000062825	3.7792068298834567e-128	9.64903871459606e-128	1.7084399137431583	log2fc	0.4704829496097629	8.33472245374229e-05	11997	9.489247575418167e-05	True	True	True
C_nb_pairwise	RS_vs_SPC	41899	ENSMUSG00000024209	6.18938501144437e-128	1.573572460536704e-127	-4.126170463841882	log2fc	0.3088866369601606	8.33472245374229e-05	11997	9.489247575418167e-05	True	True	True
C_nb_pairwise	RS_vs_SPC	120005	ENSMUSG00000021270	2.460553579609027e-127	6.229249568630448e-127	1.6168244192305867	log2fc	0.1352425981061184	8.33472245374229e-05	11997	9.489247575418167e-05	True	True	True
C_nb_pairwise	RS_vs_SPC	70629	ENSMUSG00000002240	2.8187473276184646e-127	7.1060856998784814e-127	-4.974574225791893	log2fc	0.287949973990074	8.33472245374229e-05	11997	9.489247575418167e-05	True	True	True
C_nb_pairwise	RS_vs_SPC	92605	ENSMUSG00000032399	3.375527219065245e-127	8.474126909787227e-127	1.6517089691053	log2fc	0.2457904717996953	8.33472245374229e-05	11997	9.489247575418167e-05	True	True	True
C_nb_pairwise	RS_vs_SPC	132376	ENSMUSG00000048755	9.686112011648388e-127	2.421528002912097e-126	2.1595682898803985	log2fc	0.4174050982147917	8.33472245374229e-05	11997	9.489247575418167e-05	True	True	True
C_nb_pairwise	RS_vs_SPC	58321	ENSMUSG00000004897	1.008454801884971e-126	2.510675855315281e-126	1.4251835073693475	log2fc	0.2741191037361504	8.33472245374229e-05	11997	9.489247575418167e-05	True	True	True
C_nb_pairwise	RS_vs_SPC	18823	ENSMUSG00000020570	1.1038216444903383e-126	2.736747878901665e-126	-1.8204151077436077	log2fc	0.1330339255954637	8.33472245374229e-05	11997	9.489247575418167e-05	True	True	True
C_nb_pairwise	RS_vs_SPC	57855	ENSMUSG00000048416	1.642520814736633e-126	4.055606949966994e-126	-1.290039699141349	log2fc	0.1445797410450402	8.33472245374229e-05	11997	9.489247575418167e-05	True	True	True
C_nb_pairwise	RS_vs_SPC	165093	ENSMUSG00000051276	9.647633501642019e-126	2.372368893846399e-125	-2.828598184812398	log2fc	1.034636297801122	8.33472245374229e-05	11997	9.489247575418167e-05	True	True	True
C_nb_pairwise	RS_vs_SPC	4552	ENSMUSG00000042708	1.5993037506538938e-125	3.9166622464993317e-125	1.628311054647802	log2fc	0.2530184723784163	8.33472245374229e-05	11997	9.489247575418167e-05	True	True	True
C_nb_pairwise	RS_vs_SPC	148935	ENSMUSG00000026766	3.052297220180229e-125	7.444627366293241e-125	-2.42640775500356	log2fc	0.9213019457741332	8.33472245374229e-05	11997	9.489247575418167e-05	True	True	True
C_nb_pairwise	RS_vs_SPC	35260	ENSMUSG00000023051	1.08303174548866e-124	2.630846345316583e-124	1.6401846689618524	log2fc	0.298793102593814	8.33472245374229e-05	11997	9.489247575418167e-05	True	True	True
C_nb_pairwise	RS_vs_SPC	188564	ENSMUSG00000050471	4.0967417457009315e-124	9.91147196540548e-124	2.0876298485866807	log2fc	0.5356198285662024	8.33472245374229e-05	11997	9.489247575418167e-05	True	True	True
C_nb_pairwise	RS_vs_SPC	62814	ENSMUSG00000015242	1.935689085552813e-123	4.664311049524851e-123	-4.345704148005658	log2fc	0.274998408410593	8.33472245374229e-05	11997	9.489247575418167e-05	True	True	True
C_nb_pairwise	RS_vs_SPC	182916	ENSMUSG00000038515	3.097185455054435e-123	7.433245092130644e-123	2.0419531109541054	log2fc	0.2697691303740746	8.33472245374229e-05	11997	9.489247575418167e-05	True	True	True
C_nb_pairwise	RS_vs_SPC	153594	ENSMUSG00000027496	3.8908691551864885e-123	9.300882442676866e-123	2.0745227237550905	log2fc	0.5909616335274019	8.33472245374229e-05	11997	9.489247575418167e-05	True	True	True
C_nb_pairwise	RS_vs_SPC	88119	ENSMUSG00000005483	1.4675348735754614e-122	3.4941306513701463e-122	2.076812370651938	log2fc	0.3941140278703023	8.33472245374229e-05	11997	9.489247575418167e-05	True	True	True
C_nb_pairwise	RS_vs_SPC	83120	ENSMUSG00000001829	2.703191620869549e-122	6.410731116686678e-122	-2.1356688041386374	log2fc	0.2614329237772375	8.33472245374229e-05	11997	9.489247575418167e-05	True	True	True
C_nb_pairwise	RS_vs_SPC	142734	ENSMUSG00000059455	3.094213167812516e-122	7.309164963336651e-122	-4.251456834549443	log2fc	0.4827279105713705	8.33472245374229e-05	11997	9.489247575418167e-05	True	True	True
C_nb_pairwise	RS_vs_SPC	89827	ENSMUSG00000092329	4.3847954157011076e-122	1.0317165684002607e-121	1.1778053965903093	log2fc	0.1779036721042161	8.33472245374229e-05	11997	9.489247575418167e-05	True	True	True
C_nb_pairwise	RS_vs_SPC	50215	ENSMUSG00000026864	6.628015234472773e-122	1.553441070579556e-121	2.071623329442174	log2fc	0.5845205957618589	8.33472245374229e-05	11997	9.489247575418167e-05	True	True	True
C_nb_pairwise	RS_vs_SPC	163022	ENSMUSG00000048686	9.091690969244192e-122	2.1225737671387217e-121	-3.291490217963556	log2fc	0.9641400452209222	8.33472245374229e-05	11997	9.489247575418167e-05	True	True	True
C_nb_pairwise	RS_vs_SPC	120860	ENSMUSG00000059395	3.3103625820652176e-121	7.69851763270981e-121	1.4869156271572874	log2fc	0.2082630115268489	8.33472245374229e-05	11997	9.489247575418167e-05	True	True	True
C_nb_pairwise	RS_vs_SPC	41064	ENSMUSG00000059791	6.537258058890828e-121	1.5144227163453656e-120	-3.447508814743593	log2fc	0.53657909246277	8.33472245374229e-05	11997	9.489247575418167e-05	True	True	True
C_nb_pairwise	RS_vs_SPC	120861	ENSMUSG00000059395	1.3278472832561986e-120	3.0642629613604582e-120	1.5837707162834096	log2fc	0.2571491694090387	8.33472245374229e-05	11997	9.489247575418167e-05	True	True	True
C_nb_pairwise	RS_vs_SPC	155863	ENSMUSG00000027778	2.474989912360877e-120	5.689631982438797e-120	3.5722970931780744	log2fc	1.395780260253639	8.33472245374229e-05	11997	9.489247575418167e-05	True	True	True
C_nb_pairwise	RS_vs_SPC	100192	ENSMUSG00000025982	3.179652949224474e-119	7.281647975323224e-119	2.192201005013345	log2fc	0.3091331419578285	8.33472245374229e-05	11997	9.489247575418167e-05	True	True	True
C_nb_pairwise	RS_vs_SPC	41522	ENSMUSG00000034165	6.697647490823229e-119	1.5279804161573906e-118	-3.666346103121332	log2fc	0.459737750633772	8.33472245374229e-05	11997	9.489247575418167e-05	True	True	True
C_nb_pairwise	RS_vs_SPC	17704	ENSMUSG00000017716	3.1048407573136185e-118	7.056456266621861e-118	1.8429420797519624	log2fc	0.2695752494672009	8.33472245374229e-05	11997	9.489247575418167e-05	True	True	True
C_nb_pairwise	RS_vs_SPC	84060	ENSMUSG00000030779	8.138844021952767e-118	1.842757137045909e-117	-2.236570138630548	log2fc	0.6770684064744825	8.33472245374229e-05	11997	9.489247575418167e-05	True	True	True
C_nb_pairwise	RS_vs_SPC	115914	ENSMUSG00000020780	2.8075452184820213e-117	6.332808763493282e-117	2.680819369225595	log2fc	0.4427770883234008	8.33472245374229e-05	11997	9.489247575418167e-05	True	True	True
C_nb_pairwise	RS_vs_SPC	183600	ENSMUSG00000015994	3.1085851793247174e-117	6.985584672639815e-117	1.62290122981662	log2fc	0.2898515198965658	8.33472245374229e-05	11997	9.489247575418167e-05	True	True	True
C_nb_pairwise	RS_vs_SPC	107972	ENSMUSG00000020048	7.314708329698416e-117	1.6376212678429288e-116	2.2583764070472627	log2fc	0.4387965573635135	8.33472245374229e-05	11997	9.489247575418167e-05	True	True	True
C_nb_pairwise	RS_vs_SPC	189572	ENSMUSG00000032306	7.351563414493066e-117	1.6397539214482674e-116	1.763023419997781	log2fc	0.2435387822238042	8.33472245374229e-05	11997	9.489247575418167e-05	True	True	True
C_nb_pairwise	RS_vs_SPC	11497	ENSMUSG00000034614	1.8150573955849629e-115	4.033460879077695e-115	2.180017662272238	log2fc	0.4374995729250407	8.33472245374229e-05	11997	9.489247575418167e-05	True	True	True
C_nb_pairwise	RS_vs_SPC	192363	ENSMUSG00000070280	2.427931078121777e-115	5.375493161893234e-115	-3.789827998039178	log2fc	0.1954645902129211	8.33472245374229e-05	11997	9.489247575418167e-05	True	True	True
C_nb_pairwise	RS_vs_SPC	163359	ENSMUSG00000028896	6.791972718920681e-115	1.498229276232503e-114	2.295750390829733	log2fc	0.5771442307840772	8.33472245374229e-05	11997	9.489247575418167e-05	True	True	True
C_nb_pairwise	RS_vs_SPC	144968	ENSMUSG00000024654	1.0442087689102031e-114	2.2949643272751724e-114	1.684967715799487	log2fc	0.2790809868446712	8.33472245374229e-05	11997	9.489247575418167e-05	True	True	True
C_nb_pairwise	RS_vs_SPC	94519	ENSMUSG00000062867	5.8271633852945616e-114	1.2760211792615829e-113	-3.7369847233369966	log2fc	0.2313804827555747	8.33472245374229e-05	11997	9.489247575418167e-05	True	True	True
C_nb_pairwise	RS_vs_SPC	88694	ENSMUSG00000031782	9.760187606788537e-114	2.1294954778447708e-113	2.536629921318849	log2fc	0.5113874843334458	8.33472245374229e-05	11997	9.489247575418167e-05	True	True	True
C_nb_pairwise	RS_vs_SPC	134146	ENSMUSG00000022783	2.033616492686376e-113	4.4209054188834254e-113	1.8412842343811109	log2fc	0.5276281445450948	8.33472245374229e-05	11997	9.489247575418167e-05	True	True	True
C_nb_pairwise	RS_vs_SPC	33372	ENSMUSG00000068391	2.3664899205600048e-113	5.125970947061383e-113	1.0802816998786464	log2fc	0.1520279597918536	8.33472245374229e-05	11997	9.489247575418167e-05	True	True	True
C_nb_pairwise	RS_vs_SPC	107397	ENSMUSG00000078442	8.819620490991089e-113	1.9035152138829687e-112	-2.069762285041534	log2fc	0.2936467709113359	8.33472245374229e-05	11997	9.489247575418167e-05	True	True	True
C_nb_pairwise	RS_vs_SPC	73864	ENSMUSG00000047843	1.6500463441394438e-112	3.548486761590201e-112	-4.255598848229378	log2fc	0.579851625262537	8.33472245374229e-05	11997	9.489247575418167e-05	True	True	True
C_nb_pairwise	RS_vs_SPC	141083	ENSMUSG00000024145	5.396900395692441e-112	1.1564786562198089e-111	-2.0155390582641592	log2fc	0.2695077210333703	8.33472245374229e-05	11997	9.489247575418167e-05	True	True	True
C_nb_pairwise	RS_vs_SPC	21539	ENSMUSG00000043319	8.754553854255803e-112	1.869299755357111e-111	1.0952746920820025	log2fc	0.2029137643119184	8.33472245374229e-05	11997	9.489247575418167e-05	True	True	True
C_nb_pairwise	RS_vs_SPC	188304	ENSMUSG00000032239	5.5146762701194914e-111	1.1733353766211683e-110	1.6425758557684218	log2fc	0.2928512436639888	8.33472245374229e-05	11997	9.489247575418167e-05	True	True	True
C_nb_pairwise	RS_vs_SPC	74956	ENSMUSG00000043421	7.90403368832758e-111	1.675766859716095e-110	2.5729441874462955	log2fc	0.5341296334854458	8.33472245374229e-05	11997	9.489247575418167e-05	True	True	True
C_nb_pairwise	RS_vs_SPC	192488	ENSMUSG00000032530	1.6344048742957298e-110	3.452968044286753e-110	-4.418595170440463	log2fc	0.2667578306595485	8.33472245374229e-05	11997	9.489247575418167e-05	True	True	True
C_nb_pairwise	RS_vs_SPC	180541	ENSMUSG00000030708	1.6696381852150145e-110	3.515027758347398e-110	-1.5741392257686166	log2fc	0.1502947561473268	8.33472245374229e-05	11997	9.489247575418167e-05	True	True	True
C_nb_pairwise	RS_vs_SPC	134499	ENSMUSG00000022858	2.0818640038239778e-110	4.367546861169185e-110	2.202184465889037	log2fc	0.7287882422988453	8.33472245374229e-05	11997	9.489247575418167e-05	True	True	True
C_nb_pairwise	RS_vs_SPC	50216	ENSMUSG00000026864	3.5690118774584853e-110	7.461348872735508e-110	2.212918106951705	log2fc	0.3324146068532112	8.33472245374229e-05	11997	9.489247575418167e-05	True	True	True
C_nb_pairwise	RS_vs_SPC	80141	ENSMUSG00000040424	4.9162742642679873e-110	1.0242238050558309e-109	-2.5385281717004906	log2fc	0.6889892218188121	8.33472245374229e-05	11997	9.489247575418167e-05	True	True	True
C_nb_pairwise	RS_vs_SPC	113256	ENSMUSG00000037278	7.550668325178364e-110	1.5676128010750929e-109	1.431166013320657	log2fc	0.2344905961655179	8.33472245374229e-05	11997	9.489247575418167e-05	True	True	True
C_nb_pairwise	RS_vs_SPC	128405	ENSMUSG00000034913	8.963906411960009e-109	1.854601326612416e-108	-3.41693914785526	log2fc	0.4424283718627004	8.33472245374229e-05	11997	9.489247575418167e-05	True	True	True
C_nb_pairwise	RS_vs_SPC	60507	ENSMUSG00000004127	9.544289893986226e-109	1.9678948235023144e-108	1.674349353581691	log2fc	0.4154722647182695	8.33472245374229e-05	11997	9.489247575418167e-05	True	True	True
C_nb_pairwise	RS_vs_SPC	191635	ENSMUSG00000118396	1.587425083306609e-108	3.2618323629587863e-108	-3.258130765629715	log2fc	0.977412148860632	8.33472245374229e-05	11997	9.489247575418167e-05	True	True	True
C_nb_pairwise	RS_vs_SPC	47891	ENSMUSG00000025176	5.45101224017546e-108	1.116248240308968e-107	-2.260246958981129	log2fc	0.6046301571627819	8.33472245374229e-05	11997	9.489247575418167e-05	True	True	True
C_nb_pairwise	RS_vs_SPC	162279	ENSMUSG00000028688	6.148811687647351e-108	1.2548595280912959e-107	2.820244905308741	log2fc	0.5835064439553412	8.33472245374229e-05	11997	9.489247575418167e-05	True	True	True
C_nb_pairwise	RS_vs_SPC	163023	ENSMUSG00000048686	9.102190327630094e-108	1.851292947992561e-107	-3.717394608401568	log2fc	1.1882759389957145	8.33472245374229e-05	11997	9.489247575418167e-05	True	True	True
C_nb_pairwise	RS_vs_SPC	159534	ENSMUSG00000028264	1.0553386578061732e-106	2.1391999820395408e-106	-3.88287782019224	log2fc	0.2298727651525066	8.33472245374229e-05	11997	9.489247575418167e-05	True	True	True
C_nb_pairwise	RS_vs_SPC	86833	ENSMUSG00000031631	1.3703152282473035e-106	2.768313592418795e-106	1.7705302062430588	log2fc	0.3262729380313643	8.33472245374229e-05	11997	9.489247575418167e-05	True	True	True
C_nb_pairwise	RS_vs_SPC	25101	ENSMUSG00000021590	1.4485824021093158e-106	2.9166088633073475e-106	-5.640632671222373	log2fc	0.0001	8.33472245374229e-05	11997	9.489247575418167e-05	True	True	True
C_nb_pairwise	RS_vs_SPC	110832	ENSMUSG00000044056	1.4979521577037955e-105	3.005924062281864e-105	-4.5823494453038345	log2fc	0.1788490547462297	8.33472245374229e-05	11997	9.489247575418167e-05	True	True	True
C_nb_pairwise	RS_vs_SPC	71969	ENSMUSG00000029564	1.600048196805587e-105	3.200096393611174e-105	-3.038013902368676	log2fc	0.3208714370355638	8.33472245374229e-05	11997	9.489247575418167e-05	True	True	True
C_nb_pairwise	RS_vs_SPC	169718	ENSMUSG00000029513	1.6638706514943363e-105	3.316685684041866e-105	2.891636765512684	log2fc	1.0344655945132362	8.33472245374229e-05	11997	9.489247575418167e-05	True	True	True
C_nb_pairwise	RS_vs_SPC	157018	ENSMUSG00000038170	2.440510881940122e-105	4.848697116437328e-105	1.716800480628317	log2fc	0.3600812304288006	8.33472245374229e-05	11997	9.489247575418167e-05	True	True	True
C_nb_pairwise	RS_vs_SPC	17797	ENSMUSG00000025371	1.882643974508512e-104	3.728007870313885e-104	1.94583752163912	log2fc	0.428057440733133	8.33472245374229e-05	11997	9.489247575418167e-05	True	True	True
C_nb_pairwise	RS_vs_SPC	170268	ENSMUSG00000029437	2.5251809614731087e-104	4.9839097923811363e-104	-3.23767008871898	log2fc	0.8059964872205846	8.33472245374229e-05	11997	9.489247575418167e-05	True	True	True
C_nb_pairwise	RS_vs_SPC	86826	ENSMUSG00000031631	4.0153913070812965e-104	7.899130440159926e-104	1.9298989708882777	log2fc	0.7371459968992427	8.33472245374229e-05	11997	9.489247575418167e-05	True	True	True
C_nb_pairwise	RS_vs_SPC	182133	ENSMUSG00000030976	4.831389083938516e-104	9.473311929291209e-104	-4.066922659214874	log2fc	0.2569874043740189	8.33472245374229e-05	11997	9.489247575418167e-05	True	True	True
C_nb_pairwise	RS_vs_SPC	136993	ENSMUSG00000004945	5.194286055520036e-104	1.0151699131309517e-103	0.8589120526994617	log2fc	0.1001251998820187	8.33472245374229e-05	11997	9.489247575418167e-05	True	True	False
C_nb_pairwise	RS_vs_SPC	115892	ENSMUSG00000034341	5.911811122435457e-104	1.1516515173575566e-103	1.9800706986982517	log2fc	0.4893604510706287	8.33472245374229e-05	11997	9.489247575418167e-05	True	True	True
C_nb_pairwise	RS_vs_SPC	43619	ENSMUSG00000024317	7.762303755382278e-104	1.5072434476470446e-103	-1.3851307761854512	log2fc	0.0972592391105621	8.33472245374229e-05	11997	9.489247575418167e-05	True	True	True
C_nb_pairwise	RS_vs_SPC	181350	ENSMUSG00000030968	9.931544003219513e-103	1.9222343232037767e-102	-5.305532245158926	log2fc	0.0001	8.33472245374229e-05	11997	9.489247575418167e-05	True	True	True
C_nb_pairwise	RS_vs_SPC	179960	ENSMUSG00000038570	2.083067830460234e-102	4.0187803803091325e-102	-1.7070816888086215	log2fc	0.235294581870089	8.33472245374229e-05	11997	9.489247575418167e-05	True	True	True
C_nb_pairwise	RS_vs_SPC	109351	ENSMUSG00000020124	3.5043054586511777e-102	6.7390489589445726e-102	-1.5245125534677464	log2fc	0.2003482717031457	8.33472245374229e-05	11997	9.489247575418167e-05	True	True	True
C_nb_pairwise	RS_vs_SPC	120021	ENSMUSG00000021270	3.8559394263568174e-102	7.39157717512489e-102	0.9116861714592338	log2fc	0.1519762296529746	8.33472245374229e-05	11997	9.489247575418167e-05	True	True	False
C_nb_pairwise	RS_vs_SPC	41862	ENSMUSG00000002372	5.5287620185600086e-102	1.0564513411261163e-101	1.9292707843581856	log2fc	0.4442989261594878	8.33472245374229e-05	11997	9.489247575418167e-05	True	True	True
C_nb_pairwise	RS_vs_SPC	29337	ENSMUSG00000019297	5.814586155002322e-102	1.107540220000442e-101	1.273018287639497	log2fc	0.2329455536863106	8.33472245374229e-05	11997	9.489247575418167e-05	True	True	True
C_nb_pairwise	RS_vs_SPC	113669	ENSMUSG00000020526	1.1385254458459823e-101	2.1617571756569282e-101	1.6911403219218444	log2fc	0.4431960045421207	8.33472245374229e-05	11997	9.489247575418167e-05	True	True	True
C_nb_pairwise	RS_vs_SPC	163019	ENSMUSG00000048686	1.4286180675349843e-101	2.70400896063404e-101	-3.000220462266149	log2fc	0.7948714242477751	8.33472245374229e-05	11997	9.489247575418167e-05	True	True	True
C_nb_pairwise	RS_vs_SPC	51119	ENSMUSG00000027088	2.8019212638182703e-101	5.286643893996737e-101	1.6445341729282992	log2fc	0.341841004374683	8.33472245374229e-05	11997	9.489247575418167e-05	True	True	True
C_nb_pairwise	RS_vs_SPC	189508	ENSMUSG00000045620	6.499477325883356e-101	1.2224722243040794e-100	-4.042044804917927	log2fc	0.0001	8.33472245374229e-05	11997	9.489247575418167e-05	True	True	True
C_nb_pairwise	RS_vs_SPC	123854	ENSMUSG00000045022	1.437265188651073e-100	2.694872228720762e-100	-2.5913105192894523	log2fc	0.7202318142267152	8.33472245374229e-05	11997	9.489247575418167e-05	True	True	True
C_nb_pairwise	RS_vs_SPC	18442	ENSMUSG00000020571	1.711907514999516e-100	3.199827130840217e-100	1.911577432841721	log2fc	0.5586854193499372	8.33472245374229e-05	11997	9.489247575418167e-05	True	True	True
C_nb_pairwise	RS_vs_SPC	104652	ENSMUSG00000026605	3.8842857998811815e-100	7.237799627107791e-100	2.200256340726296	log2fc	0.4709408525241983	8.33472245374229e-05	11997	9.489247575418167e-05	True	True	True
C_nb_pairwise	RS_vs_SPC	193008	ENSMUSG00000096457	1.1568909014756477e-99	2.12924705793064e-99	-3.258486655157716	log2fc	0.1891570316799751	8.33472245374229e-05	11997	9.489247575418167e-05	True	True	True
C_nb_pairwise	RS_vs_SPC	193001	ENSMUSG00000095546	1.1568909014756477e-99	2.12924705793064e-99	-3.258486655157716	log2fc	0.1891570316799751	8.33472245374229e-05	11997	9.489247575418167e-05	True	True	True
C_nb_pairwise	RS_vs_SPC	193010	ENSMUSG00000095887	1.1568909014756477e-99	2.12924705793064e-99	-3.258486655157716	log2fc	0.1891570316799751	8.33472245374229e-05	11997	9.489247575418167e-05	True	True	True
C_nb_pairwise	RS_vs_SPC	193004	ENSMUSG00000095293	1.1568909014756477e-99	2.12924705793064e-99	-3.258486655157716	log2fc	0.1891570316799751	8.33472245374229e-05	11997	9.489247575418167e-05	True	True	True
C_nb_pairwise	RS_vs_SPC	3212	ENSMUSG00000051185	1.2463189341775334e-99	2.286823732435841e-99	-2.1402733154260467	log2fc	0.3195672986159598	8.33472245374229e-05	11997	9.489247575418167e-05	True	True	True
C_nb_pairwise	RS_vs_SPC	114430	ENSMUSG00000018669	2.56092116924626e-99	4.684611894962671e-99	1.639132380546052	log2fc	0.3451033356228472	8.33472245374229e-05	11997	9.489247575418167e-05	True	True	True
C_nb_pairwise	RS_vs_SPC	58588	ENSMUSG00000027942	3.059240214511085e-99	5.57916148543055e-99	-3.535463942328521	log2fc	0.2490002668890464	8.33472245374229e-05	11997	9.489247575418167e-05	True	True	True
C_nb_pairwise	RS_vs_SPC	14791	ENSMUSG00000037926	3.3457184490744474e-99	6.083124452862632e-99	0.98895890802349	log2fc	0.16119411401739	8.33472245374229e-05	11997	9.489247575418167e-05	True	True	False
C_nb_pairwise	RS_vs_SPC	80519	ENSMUSG00000046826	1.5142538808523687e-98	2.744871083116076e-98	-3.293160418332001	log2fc	0.4713144470662628	8.33472245374229e-05	11997	9.489247575418167e-05	True	True	True
C_nb_pairwise	RS_vs_SPC	156696	ENSMUSG00000028141	1.901877540574639e-98	3.437128085375854e-98	-1.900076404331048	log2fc	0.1983130039462286	8.33472245374229e-05	11997	9.489247575418167e-05	True	True	True
C_nb_pairwise	RS_vs_SPC	51118	ENSMUSG00000027088	3.839312046758891e-98	6.917679363529533e-98	1.5178697721347507	log2fc	0.3786865225234943	8.33472245374229e-05	11997	9.489247575418167e-05	True	True	True
C_nb_pairwise	RS_vs_SPC	64715	ENSMUSG00000048772	1.4262104644507869e-97	2.5620547265582995e-97	-1.714951223775658	log2fc	0.175095429978759	8.33472245374229e-05	11997	9.489247575418167e-05	True	True	True
C_nb_pairwise	RS_vs_SPC	180836	ENSMUSG00000059031	1.6901619961298475e-97	3.027155813963906e-97	-1.6078227486925478	log2fc	0.2185579661283334	8.33472245374229e-05	11997	9.489247575418167e-05	True	True	True
C_nb_pairwise	RS_vs_SPC	43086	ENSMUSG00000024233	3.4497058685414555e-97	6.160189050966885e-97	-4.520708183686463	log2fc	0.4594347416855019	8.33472245374229e-05	11997	9.489247575418167e-05	True	True	True
C_nb_pairwise	RS_vs_SPC	69336	ENSMUSG00000067367	1.1269063439411053e-96	2.006361443218585e-96	1.220093732696882	log2fc	0.2670393674399516	8.33472245374229e-05	11997	9.489247575418167e-05	True	True	True
C_nb_pairwise	RS_vs_SPC	150891	ENSMUSG00000009549	1.2687139729628774e-96	2.252154981590907e-96	1.470438360202457	log2fc	0.4416642002100582	8.33472245374229e-05	11997	9.489247575418167e-05	True	True	True
C_nb_pairwise	RS_vs_SPC	133040	ENSMUSG00000048077	1.866417963825516e-96	3.303394626239852e-96	-3.252280096244869	log2fc	1.4021577085440873	8.33472245374229e-05	11997	9.489247575418167e-05	True	True	True
C_nb_pairwise	RS_vs_SPC	194260	ENSMUSG00000100133	4.122760804297241e-96	7.275460242877484e-96	-3.421067506407814	log2fc	0.3294421719282314	8.33472245374229e-05	11997	9.489247575418167e-05	True	True	True
C_nb_pairwise	RS_vs_SPC	107398	ENSMUSG00000078442	6.669369296759387e-96	1.1734960639459332e-95	-2.215101147407	log2fc	0.3482104171337459	8.33472245374229e-05	11997	9.489247575418167e-05	True	True	True
C_nb_pairwise	RS_vs_SPC	89768	ENSMUSG00000031831	7.0351313388383254e-96	1.2342335682172498e-95	0.9694206921168294	log2fc	0.1347472332241593	8.33472245374229e-05	11997	9.489247575418167e-05	True	True	False
C_nb_pairwise	RS_vs_SPC	178041	ENSMUSG00000006310	2.111665003600047e-95	3.693874641865971e-95	2.0864652867754367	log2fc	0.5387962077129436	8.33472245374229e-05	11997	9.489247575418167e-05	True	True	True
C_nb_pairwise	RS_vs_SPC	95776	ENSMUSG00000073257	5.756580511362434e-95	9.953741518205935e-95	-3.269848738642415	log2fc	0.1906251286426065	8.33472245374229e-05	11997	9.489247575418167e-05	True	True	True
C_nb_pairwise	RS_vs_SPC	95779	ENSMUSG00000073255	5.756580511362434e-95	9.953741518205935e-95	-3.269848738642415	log2fc	0.1906251286426065	8.33472245374229e-05	11997	9.489247575418167e-05	True	True	True
C_nb_pairwise	RS_vs_SPC	95842	ENSMUSG00000073245	5.756580511362434e-95	9.953741518205935e-95	-3.269848738642415	log2fc	0.1906251286426065	8.33472245374229e-05	11997	9.489247575418167e-05	True	True	True
C_nb_pairwise	RS_vs_SPC	95837	ENSMUSG00000073247	5.756580511362434e-95	9.953741518205935e-95	-3.269848738642415	log2fc	0.1906251286426065	8.33472245374229e-05	11997	9.489247575418167e-05	True	True	True
C_nb_pairwise	RS_vs_SPC	41875	ENSMUSG00000007603	6.40172384636613e-95	1.103745490752781e-94	-2.2653837009351045	log2fc	0.9294233246000252	8.33472245374229e-05	11997	9.489247575418167e-05	True	True	True
C_nb_pairwise	RS_vs_SPC	41549	ENSMUSG00000021545	7.351760793783531e-95	1.2639130304498907e-94	-5.248582083700872	log2fc	0.0001	8.33472245374229e-05	11997	9.489247575418167e-05	True	True	True
C_nb_pairwise	RS_vs_SPC	161821	ENSMUSG00000028610	2.0764160870310256e-94	3.5595704349103297e-94	0.7684618206850755	log2fc	0.1047069291649474	8.33472245374229e-05	11997	9.489247575418167e-05	True	True	False
C_nb_pairwise	RS_vs_SPC	178063	ENSMUSG00000061099	3.1167414783460223e-94	5.327763210847901e-94	-2.240474559378461	log2fc	0.2199799563797735	8.33472245374229e-05	11997	9.489247575418167e-05	True	True	True
C_nb_pairwise	RS_vs_SPC	9505	ENSMUSG00000047129	3.9361037359099935e-94	6.709267731664762e-94	-5.37158782936688	log2fc	0.1424127102131923	8.33472245374229e-05	11997	9.489247575418167e-05	True	True	True
C_nb_pairwise	RS_vs_SPC	9086	ENSMUSG00000055862	4.088603548750915e-94	6.949467788245182e-94	1.3450525579527548	log2fc	0.2375021898824603	8.33472245374229e-05	11997	9.489247575418167e-05	True	True	True
C_nb_pairwise	RS_vs_SPC	59396	ENSMUSG00000005687	4.692771740126567e-94	7.953850406994182e-94	-1.4657306235855212	log2fc	0.1628854814674767	8.33472245374229e-05	11997	9.489247575418167e-05	True	True	True
C_nb_pairwise	RS_vs_SPC	60473	ENSMUSG00000037894	1.1060912585055449e-93	1.8694500143755688e-93	1.358757581084179	log2fc	0.3884329885926127	8.33472245374229e-05	11997	9.489247575418167e-05	True	True	True
C_nb_pairwise	RS_vs_SPC	189883	ENSMUSG00000032405	2.3662228052015487e-93	3.988015963822835e-93	-1.669432035009172	log2fc	0.2368920392014865	8.33472245374229e-05	11997	9.489247575418167e-05	True	True	True
C_nb_pairwise	RS_vs_SPC	86832	ENSMUSG00000031631	4.999432296673987e-93	8.402407221300819e-93	1.625208601874282	log2fc	0.3177622821978795	8.33472245374229e-05	11997	9.489247575418167e-05	True	True	True
C_nb_pairwise	RS_vs_SPC	60474	ENSMUSG00000037894	1.2288364803974583e-92	2.0595024811130585e-92	1.52641329266913	log2fc	0.3770676208133386	8.33472245374229e-05	11997	9.489247575418167e-05	True	True	True
C_nb_pairwise	RS_vs_SPC	68344	ENSMUSG00000048439	2.929761545084505e-92	4.8965374012554415e-92	-1.7572130619113493	log2fc	0.330219279066757	8.33472245374229e-05	11997	9.489247575418167e-05	True	True	True
C_nb_pairwise	RS_vs_SPC	181349	ENSMUSG00000030968	8.204956365250327e-92	1.3674927275417212e-91	-5.164179987240508	log2fc	0.387242067889892	8.33472245374229e-05	11997	9.489247575418167e-05	True	True	True
C_nb_pairwise	RS_vs_SPC	8986	ENSMUSG00000020156	1.0471082210776762e-91	1.7403460738133121e-91	1.8347808056082304	log2fc	0.6493232134031254	8.33472245374229e-05	11997	9.489247575418167e-05	True	True	True
C_nb_pairwise	RS_vs_SPC	25036	ENSMUSG00000069189	1.1081423456311146e-91	1.8367000203830628e-91	-3.691856880190489	log2fc	0.7815379265831712	8.33472245374229e-05	11997	9.489247575418167e-05	True	True	True
C_nb_pairwise	RS_vs_SPC	189951	ENSMUSG00000036867	2.30106961682972e-91	3.803420854264e-91	-3.110030443186737	log2fc	0.5061567607875899	8.33472245374229e-05	11997	9.489247575418167e-05	True	True	True
C_nb_pairwise	RS_vs_SPC	21537	ENSMUSG00000043319	3.8254638440484576e-91	6.305709633046908e-91	1.1026803297174212	log2fc	0.2581747465938319	8.33472245374229e-05	11997	9.489247575418167e-05	True	True	True
C_nb_pairwise	RS_vs_SPC	20217	ENSMUSG00000059970	4.278679479077932e-91	7.033445719032216e-91	0.98408288495799	log2fc	0.1700024627737557	8.33472245374229e-05	11997	9.489247575418167e-05	True	True	False
C_nb_pairwise	RS_vs_SPC	34577	ENSMUSG00000022619	1.9467312838457586e-90	3.1913627604028833e-90	2.2150329190453406	log2fc	0.5614618952817136	8.33472245374229e-05	11997	9.489247575418167e-05	True	True	True
C_nb_pairwise	RS_vs_SPC	115835	ENSMUSG00000020743	4.226277711614409e-90	6.909445850050806e-90	1.644228557640234	log2fc	0.3633142390891637	8.33472245374229e-05	11997	9.489247575418167e-05	True	True	True
C_nb_pairwise	RS_vs_SPC	34056	ENSMUSG00000061633	1.467546259113538e-89	2.392738465945986e-89	1.6780086826637366	log2fc	0.5341157412657909	8.33472245374229e-05	11997	9.489247575418167e-05	True	True	True
C_nb_pairwise	RS_vs_SPC	107268	ENSMUSG00000001120	3.2194773192523015e-89	5.234922470328946e-89	1.6705025463553869	log2fc	0.3717714763026992	8.33472245374229e-05	11997	9.489247575418167e-05	True	True	True
C_nb_pairwise	RS_vs_SPC	6844	ENSMUSG00000050844	1.3518154789617063e-88	2.1921332091270917e-88	1.9749739609896395	log2fc	0.5995203789768428	8.33472245374229e-05	11997	9.489247575418167e-05	True	True	True
C_nb_pairwise	RS_vs_SPC	30196	ENSMUSG00000033589	2.5432910027933703e-88	4.11313908807553e-88	1.6233993626417065	log2fc	0.4493406266707271	8.33472245374229e-05	11997	9.489247575418167e-05	True	True	True
C_nb_pairwise	RS_vs_SPC	11886	ENSMUSG00000020191	6.20426183743302e-88	1.000687393134358e-87	-2.530254181008596	log2fc	0.957002096614429	8.33472245374229e-05	11997	9.489247575418167e-05	True	True	True
C_nb_pairwise	RS_vs_SPC	94249	ENSMUSG00000066383	9.995041844316562e-88	1.607781529916873e-87	-2.637330042925177	log2fc	1.2534622125554078	8.33472245374229e-05	11997	9.489247575418167e-05	True	True	True
C_nb_pairwise	RS_vs_SPC	144031	ENSMUSG00000033323	2.7026320957879023e-87	4.335773415702517e-87	-2.6347700610137714	log2fc	0.8528449006706039	8.33472245374229e-05	11997	9.489247575418167e-05	True	True	True
C_nb_pairwise	RS_vs_SPC	181297	ENSMUSG00000042246	3.330943784538146e-87	5.329510055261034e-87	-5.0366621272582695	log2fc	0.0001	8.33472245374229e-05	11997	9.489247575418167e-05	True	True	True
C_nb_pairwise	RS_vs_SPC	46056	ENSMUSG00000024905	6.45877326717137e-87	1.030655308591176e-86	1.9909402842952355	log2fc	0.6618955037613357	8.33472245374229e-05	11997	9.489247575418167e-05	True	True	True
C_nb_pairwise	RS_vs_SPC	81902	ENSMUSG00000075701	1.0784962528253562e-85	1.716439659669002e-85	1.05338853272356	log2fc	0.2090453147692719	8.33472245374229e-05	11997	9.489247575418167e-05	True	True	True
C_nb_pairwise	RS_vs_SPC	69337	ENSMUSG00000067367	2.0147162760610704e-85	3.1979623429540804e-85	1.0978717195229324	log2fc	0.2455658849870495	8.33472245374229e-05	11997	9.489247575418167e-05	True	True	True
C_nb_pairwise	RS_vs_SPC	193568	ENSMUSG00000056815	5.477771702802388e-85	8.67193409414626e-85	-3.1158179566478004	log2fc	0.5042846866879781	8.33472245374229e-05	11997	9.489247575418167e-05	True	True	True
C_nb_pairwise	RS_vs_SPC	22889	ENSMUSG00000085861	2.998155805132892e-84	4.733930218630883e-84	-4.283372737171073	log2fc	0.2375374479696856	8.33472245374229e-05	11997	9.489247575418167e-05	True	True	True
C_nb_pairwise	RS_vs_SPC	128404	ENSMUSG00000034913	4.818388993693852e-84	7.588014163297405e-84	-2.752523604010765	log2fc	0.3954319142483638	8.33472245374229e-05	11997	9.489247575418167e-05	True	True	True
C_nb_pairwise	RS_vs_SPC	95469	ENSMUSG00000050089	5.647925756234494e-84	8.871087575237426e-84	-3.001108393749306	log2fc	0.1632602538708942	8.33472245374229e-05	11997	9.489247575418167e-05	True	True	True
C_nb_pairwise	RS_vs_SPC	163120	ENSMUSG00000000411	3.125366210714763e-83	4.8961350559500206e-83	-2.369299721065601	log2fc	0.260712422668539	8.33472245374229e-05	11997	9.489247575418167e-05	True	True	True
C_nb_pairwise	RS_vs_SPC	187200	ENSMUSG00000006589	2.1800692598552628e-82	3.406358218523849e-82	1.1544018792476896	log2fc	0.3086093259629324	8.33472245374229e-05	11997	9.489247575418167e-05	True	True	True
C_nb_pairwise	RS_vs_SPC	118465	ENSMUSG00000021056	6.970375837542192e-82	1.0862923383182635e-81	-1.7802988919434108	log2fc	0.2912559318435566	8.33472245374229e-05	11997	9.489247575418167e-05	True	True	True
C_nb_pairwise	RS_vs_SPC	182938	ENSMUSG00000031452	7.839087417903206e-82	1.2185109976015348e-81	-2.862714012100022	log2fc	0.7786650126037111	8.33472245374229e-05	11997	9.489247575418167e-05	True	True	True
C_nb_pairwise	RS_vs_SPC	598	ENSMUSG00000073725	1.00630532651758e-81	1.5601632969264806e-81	-2.6630846131289	log2fc	0.5081732584957476	8.33472245374229e-05	11997	9.489247575418167e-05	True	True	True
C_nb_pairwise	RS_vs_SPC	156662	ENSMUSG00000074435	2.242569122513825e-81	3.4678903956399355e-81	-3.4897133099599187	log2fc	0.27235951821443	8.33472245374229e-05	11997	9.489247575418167e-05	True	True	True
C_nb_pairwise	RS_vs_SPC	49198	ENSMUSG00000037708	3.0666766598606164e-81	4.730092534489383e-81	-3.5126307052459564	log2fc	0.4088169534445789	8.33472245374229e-05	11997	9.489247575418167e-05	True	True	True
C_nb_pairwise	RS_vs_SPC	1019	ENSMUSG00000026083	1.6178873896863146e-80	2.4890575225943303e-80	-1.2480533221781187	log2fc	0.2677221581984879	8.33472245374229e-05	11997	9.489247575418167e-05	True	True	True
C_nb_pairwise	RS_vs_SPC	82460	ENSMUSG00000038646	3.253630057638838e-80	4.992782697143998e-80	-1.5541883178469733	log2fc	0.2360300093923636	8.33472245374229e-05	11997	9.489247575418167e-05	True	True	True
C_nb_pairwise	RS_vs_SPC	106544	ENSMUSG00000020078	1.558787073587407e-79	2.3858985820215412e-79	1.1135190762238598	log2fc	0.2165581158335337	8.33472245374229e-05	11997	9.489247575418167e-05	True	True	True
C_nb_pairwise	RS_vs_SPC	21540	ENSMUSG00000043319	2.1455118638066038e-79	3.275590631765808e-79	0.9891611078946284	log2fc	0.2096350508976605	8.33472245374229e-05	11997	9.489247575418167e-05	True	True	False
C_nb_pairwise	RS_vs_SPC	168171	ENSMUSG00000029238	2.8847134428362426e-79	4.392964633760775e-79	-1.7854036390743926	log2fc	0.2458230375815361	8.33472245374229e-05	11997	9.489247575418167e-05	True	True	True
C_nb_pairwise	RS_vs_SPC	148366	ENSMUSG00000026791	1.2536936728540796e-78	1.904344819525184e-78	2.176424355070504	log2fc	0.8543878073710585	8.33472245374229e-05	11997	9.489247575418167e-05	True	True	True
C_nb_pairwise	RS_vs_SPC	46628	ENSMUSG00000042729	1.4552259037120835e-78	2.204887732897096e-78	-2.813897249220548	log2fc	1.498131299922271	8.33472245374229e-05	11997	9.489247575418167e-05	True	True	True
C_nb_pairwise	RS_vs_SPC	47892	ENSMUSG00000025176	3.294789455668875e-78	4.979530663479408e-78	-1.7397911428855852	log2fc	0.3994855200376327	8.33472245374229e-05	11997	9.489247575418167e-05	True	True	True
C_nb_pairwise	RS_vs_SPC	160655	ENSMUSG00000070980	7.155304685592063e-78	1.078689148581718e-77	-1.3476892296006082	log2fc	0.1034995297881758	8.33472245374229e-05	11997	9.489247575418167e-05	True	True	True
C_nb_pairwise	RS_vs_SPC	9905	ENSMUSG00000074781	3.0078777596865197e-77	4.5231244506564205e-77	-1.7179973802506991	log2fc	0.2394790960255868	8.33472245374229e-05	11997	9.489247575418167e-05	True	True	True
C_nb_pairwise	RS_vs_SPC	67473	ENSMUSG00000014529	8.086890457579111e-77	1.2130335686368667e-76	1.157086181670425	log2fc	0.3094047664250727	8.33472245374229e-05	11997	9.489247575418167e-05	True	True	True
C_nb_pairwise	RS_vs_SPC	34846	ENSMUSG00000029875	3.080232906322344e-76	4.6088272912553774e-76	-2.3677041033832755	log2fc	0.8024443672150712	8.33472245374229e-05	11997	9.489247575418167e-05	True	True	True
C_nb_pairwise	RS_vs_SPC	176862	ENSMUSG00000083649	5.731983074945487e-76	8.555198619321622e-76	1.2573481211911302	log2fc	0.4083856771391259	8.33472245374229e-05	11997	9.489247575418167e-05	True	True	True
C_nb_pairwise	RS_vs_SPC	115836	ENSMUSG00000020743	9.395609404049331e-76	1.3988500353423322e-75	1.473788242173609	log2fc	0.3704813573579344	8.33472245374229e-05	11997	9.489247575418167e-05	True	True	True
C_nb_pairwise	RS_vs_SPC	21327	ENSMUSG00000001175	9.829042977836861e-76	1.4597588580945835e-75	1.433310336562488	log2fc	0.3939500055224834	8.33472245374229e-05	11997	9.489247575418167e-05	True	True	True
C_nb_pairwise	RS_vs_SPC	152637	ENSMUSG00000074656	1.3922727447861287e-75	2.0626262885720422e-75	1.0392096447046315	log2fc	0.2875230998474106	8.33472245374229e-05	11997	9.489247575418167e-05	True	True	True
C_nb_pairwise	RS_vs_SPC	14713	ENSMUSG00000069808	8.674027308941865e-75	1.2818759569864824e-74	-0.7667375952105704	log2fc	0.0414519242086986	8.33472245374229e-05	11997	9.489247575418167e-05	True	True	False
C_nb_pairwise	RS_vs_SPC	110501	ENSMUSG00000020283	1.5599138159331794e-74	2.29962724707594e-74	1.1800815266052582	log2fc	0.2839439004364154	8.33472245374229e-05	11997	9.489247575418167e-05	True	True	True
C_nb_pairwise	RS_vs_SPC	21328	ENSMUSG00000001175	1.4645081073995976e-71	2.1536883932347027e-71	1.341962543486265	log2fc	0.4035381611606906	8.33472245374229e-05	11997	9.489247575418167e-05	True	True	True
C_nb_pairwise	RS_vs_SPC	56472	ENSMUSG00000039335	2.2154123171706456e-71	3.249993619321241e-71	1.111399519209953	log2fc	0.3105913885510861	8.33472245374229e-05	11997	9.489247575418167e-05	True	True	True
C_nb_pairwise	RS_vs_SPC	187833	ENSMUSG00000053914	9.240250714783936e-71	1.3522318119196004e-70	1.8549850323921344	log2fc	0.6461296969062579	8.33472245374229e-05	11997	9.489247575418167e-05	True	True	True
C_nb_pairwise	RS_vs_SPC	82461	ENSMUSG00000038646	1.908316788063449e-70	2.7858639241802172e-70	-1.558358019888524	log2fc	0.2752449228900697	8.33472245374229e-05	11997	9.489247575418167e-05	True	True	True
C_nb_pairwise	RS_vs_SPC	69332	ENSMUSG00000067367	3.467904548300873e-70	5.050346429564378e-70	1.0641098838921224	log2fc	0.2209770480602096	8.33472245374229e-05	11997	9.489247575418167e-05	True	True	True
C_nb_pairwise	RS_vs_SPC	133456	ENSMUSG00000053508	6.566300300207975e-70	9.539419322336044e-70	-2.237864573800902	log2fc	1.4051862020588182	8.33472245374229e-05	11997	9.489247575418167e-05	True	True	True
C_nb_pairwise	RS_vs_SPC	8994	ENSMUSG00000020156	7.862522635317705e-70	1.1394960341040152e-69	1.039436364020654	log2fc	0.2888508842340559	8.33472245374229e-05	11997	9.489247575418167e-05	True	True	True
C_nb_pairwise	RS_vs_SPC	95545	ENSMUSG00000040456	3.801542584530121e-69	5.496206146308609e-69	-2.7469627432313404	log2fc	1.288649035527532	8.33472245374229e-05	11997	9.489247575418167e-05	True	True	True
C_nb_pairwise	RS_vs_SPC	122568	ENSMUSG00000044792	1.3733207234219356e-68	1.9807510433970223e-68	-1.6439180256515304	log2fc	0.2354817664428606	8.33472245374229e-05	11997	9.489247575418167e-05	True	True	True
C_nb_pairwise	RS_vs_SPC	191636	ENSMUSG00000118396	2.8498246068114317e-68	4.100467060160333e-68	-3.1345658342428777	log2fc	0.7700050256107617	8.33472245374229e-05	11997	9.489247575418167e-05	True	True	True
C_nb_pairwise	RS_vs_SPC	71456	ENSMUSG00000063447	6.314373268914695e-68	9.06369368743736e-68	1.1286478533431816	log2fc	0.301973502094538	8.33472245374229e-05	11997	9.489247575418167e-05	True	True	True
C_nb_pairwise	RS_vs_SPC	69324	ENSMUSG00000067367	1.8082332478877443e-67	2.5893554862354333e-67	1.1840428978501596	log2fc	0.3974669643017791	8.33472245374229e-05	11997	9.489247575418167e-05	True	True	True
C_nb_pairwise	RS_vs_SPC	74754	ENSMUSG00000041301	3.909372481148024e-67	5.584817830211462e-67	-2.1794359417193507	log2fc	1.232885117551357	8.33472245374229e-05	11997	9.489247575418167e-05	True	True	True
C_nb_pairwise	RS_vs_SPC	21333	ENSMUSG00000001175	4.048838822242443e-67	5.7703166112718915e-67	1.4617485253646652	log2fc	0.6071582253853488	8.33472245374229e-05	11997	9.489247575418167e-05	True	True	True
C_nb_pairwise	RS_vs_SPC	33852	ENSMUSG00000022427	5.157435897770442e-67	7.332847248014846e-67	0.9424429304187864	log2fc	0.2438422071209298	8.33472245374229e-05	11997	9.489247575418167e-05	True	True	False
C_nb_pairwise	RS_vs_SPC	39223	ENSMUSG00000023873	9.674863155504313e-67	1.3723210149651506e-66	0.8738574721147426	log2fc	0.200649448602456	8.33472245374229e-05	11997	9.489247575418167e-05	True	True	False
C_nb_pairwise	RS_vs_SPC	81534	ENSMUSG00000056509	2.4495087050664383e-66	3.4662859033959035e-66	-1.7480771579016638	log2fc	0.8240985477465772	8.33472245374229e-05	11997	9.489247575418167e-05	True	True	True
C_nb_pairwise	RS_vs_SPC	122372	ENSMUSG00000021552	3.6566824255222073e-66	5.162375188972527e-66	0.9626603810220142	log2fc	0.2239270928014744	8.33472245374229e-05	11997	9.489247575418167e-05	True	True	False
C_nb_pairwise	RS_vs_SPC	178062	ENSMUSG00000061099	1.0342373033587082e-65	1.4566722582517018e-65	-1.7020407123097148	log2fc	0.1940830205095761	8.33472245374229e-05	11997	9.489247575418167e-05	True	True	True
C_nb_pairwise	RS_vs_SPC	5287	ENSMUSG00000026649	1.2268497384828565e-65	1.723910639554365e-65	-1.064409766731811	log2fc	0.1556851857356336	8.33472245374229e-05	11997	9.489247575418167e-05	True	True	True
C_nb_pairwise	RS_vs_SPC	157400	ENSMUSG00000055891	3.927153843120944e-65	5.505355854842445e-65	-2.281841537873777	log2fc	1.005781012447029	8.33472245374229e-05	11997	9.489247575418167e-05	True	True	True
C_nb_pairwise	RS_vs_SPC	133039	ENSMUSG00000048077	4.41931479729314e-65	6.180859856354041e-65	-2.809199665689772	log2fc	1.1846228148289155	8.33472245374229e-05	11997	9.489247575418167e-05	True	True	True
C_nb_pairwise	RS_vs_SPC	54117	ENSMUSG00000036992	9.807821595756244e-65	1.368533245919476e-64	1.281223930443425	log2fc	0.4767024379873357	8.33472245374229e-05	11997	9.489247575418167e-05	True	True	True
C_nb_pairwise	RS_vs_SPC	139598	ENSMUSG00000118471	6.301021725248321e-63	8.77172397946402e-63	-2.33262722854896	log2fc	0.8259626422154723	8.33472245374229e-05	11997	9.489247575418167e-05	True	True	True
C_nb_pairwise	RS_vs_SPC	117159	ENSMUSG00000020650	3.854310757907552e-62	5.353209385982711e-62	1.3006915807526322	log2fc	0.4614882366895776	8.33472245374229e-05	11997	9.489247575418167e-05	True	True	True
C_nb_pairwise	RS_vs_SPC	110895	ENSMUSG00000040594	4.7917829142506334e-61	6.639883945843833e-61	-1.0932105933018748	log2fc	0.1672351697637143	8.33472245374229e-05	11997	9.489247575418167e-05	True	True	True
C_nb_pairwise	RS_vs_SPC	175795	ENSMUSG00000067702	4.946072827112783e-61	6.837888701077581e-61	0.8510010518658426	log2fc	0.2547284999696157	8.33472245374229e-05	11997	9.489247575418167e-05	True	True	False
C_nb_pairwise	RS_vs_SPC	138483	ENSMUSG00000045378	9.183387615560566e-61	1.266674153870423e-60	1.6436936397229172	log2fc	0.7500862604342623	8.33472245374229e-05	11997	9.489247575418167e-05	True	True	True
C_nb_pairwise	RS_vs_SPC	100884	ENSMUSG00000026182	1.0000259070949007e-60	1.3761824409562854e-60	-1.1933393918062276	log2fc	0.4617842896148255	8.33472245374229e-05	11997	9.489247575418167e-05	True	True	True
C_nb_pairwise	RS_vs_SPC	191634	ENSMUSG00000118396	1.3046202736937316e-60	1.7912406503804095e-60	-3.413067450604399	log2fc	0.7585740030535576	8.33472245374229e-05	11997	9.489247575418167e-05	True	True	True
C_nb_pairwise	RS_vs_SPC	157302	ENSMUSG00000027905	4.230572699856247e-60	5.795305068296229e-60	-0.8897378536853804	log2fc	0.1709967077783622	8.33472245374229e-05	11997	9.489247575418167e-05	True	True	False
C_nb_pairwise	RS_vs_SPC	158884	ENSMUSG00000068240	4.606636189978451e-59	6.296085908854376e-59	-0.6243224988361135	log2fc	0.0638420847144549	8.33472245374229e-05	11997	9.489247575418167e-05	True	True	False
C_nb_pairwise	RS_vs_SPC	100886	ENSMUSG00000026182	2.520493581942553e-58	3.437036702648936e-58	-1.454280585693262	log2fc	0.6639836276722232	8.33472245374229e-05	11997	9.489247575418167e-05	True	True	True
C_nb_pairwise	RS_vs_SPC	33851	ENSMUSG00000022428	3.0140108447921985e-58	4.100695026928161e-58	0.927725382614493	log2fc	0.2738994761082406	8.33472245374229e-05	11997	9.489247575418167e-05	True	True	False
C_nb_pairwise	RS_vs_SPC	141312	ENSMUSG00000063889	3.243354321368944e-58	4.402743422672775e-58	-0.8964481289847663	log2fc	0.1297535632257425	8.33472245374229e-05	11997	9.489247575418167e-05	True	True	False
C_nb_pairwise	RS_vs_SPC	88619	ENSMUSG00000031762	5.183565687893822e-58	7.020630728524364e-58	0.978833346947037	log2fc	0.2923266947416159	8.33472245374229e-05	11997	9.489247575418167e-05	True	True	False
C_nb_pairwise	RS_vs_SPC	184890	ENSMUSG00000090137	1.1784861278273216e-57	1.592548821388272e-57	-0.6159680410689965	log2fc	0.0650564220096103	8.33472245374229e-05	11997	9.489247575418167e-05	True	True	False
C_nb_pairwise	RS_vs_SPC	139599	ENSMUSG00000118471	3.95264964111131e-57	5.329415246442215e-57	-2.419324567765861	log2fc	0.8006978396934514	8.33472245374229e-05	11997	9.489247575418167e-05	True	True	True
C_nb_pairwise	RS_vs_SPC	79035	ENSMUSG00000067338	5.687816334604138e-57	7.651770853727541e-57	0.8386741976778676	log2fc	0.2670014434621409	8.33472245374229e-05	11997	9.489247575418167e-05	True	True	False
C_nb_pairwise	RS_vs_SPC	47890	ENSMUSG00000025176	6.568268704418829e-57	8.816468059622593e-57	-2.103533893429915	log2fc	0.6547758215248725	8.33472245374229e-05	11997	9.489247575418167e-05	True	True	True
C_nb_pairwise	RS_vs_SPC	103265	ENSMUSG00000026592	1.9611483042951933e-56	2.6265379075382054e-56	-2.5251404521785115	log2fc	1.1589777110316315	8.33472245374229e-05	11997	9.489247575418167e-05	True	True	True
C_nb_pairwise	RS_vs_SPC	110861	ENSMUSG00000020270	2.1694156638592507e-56	2.8989964327740544e-56	-2.444932460820364	log2fc	1.340964416470667	8.33472245374229e-05	11997	9.489247575418167e-05	True	True	True
C_nb_pairwise	RS_vs_SPC	22732	ENSMUSG00000078139	5.204833850422838e-56	6.939778467230451e-56	-1.5706789935475614	log2fc	0.2524492558780977	8.33472245374229e-05	11997	9.489247575418167e-05	True	True	True
C_nb_pairwise	RS_vs_SPC	28623	ENSMUSG00000072145	1.1841558346117318e-55	1.5753736158914394e-55	-2.1420047034101355	log2fc	1.0371270428819106	8.33472245374229e-05	11997	9.489247575418167e-05	True	True	True
C_nb_pairwise	RS_vs_SPC	26511	ENSMUSG00000095368	1.1552925677425079e-54	1.5301888314470304e-54	-2.118298983339795	log2fc	1.1624042319437424	8.33472245374229e-05	11997	9.489247575418167e-05	True	True	True
C_nb_pairwise	RS_vs_SPC	26466	ENSMUSG00000095533	1.1552925677425079e-54	1.5301888314470304e-54	-2.118298983339795	log2fc	1.1624042319437424	8.33472245374229e-05	11997	9.489247575418167e-05	True	True	True
C_nb_pairwise	RS_vs_SPC	28622	ENSMUSG00000072145	6.520531504946794e-54	8.617442517550829e-54	-1.9189110874538124	log2fc	0.973424976087539	8.33472245374229e-05	11997	9.489247575418167e-05	True	True	True
C_nb_pairwise	RS_vs_SPC	7748	ENSMUSG00000019876	7.747491331247788e-54	1.021647208516192e-53	-3.252539525856543	log2fc	0.97417879915441	8.33472245374229e-05	11997	9.489247575418167e-05	True	True	True
C_nb_pairwise	RS_vs_SPC	188683	ENSMUSG00000001948	1.1887409962247484e-53	1.5641328897694061e-53	-0.462930162643101	log2fc	0.0208141718031166	8.33472245374229e-05	11997	9.489247575418167e-05	True	True	False
C_nb_pairwise	RS_vs_SPC	78597	ENSMUSG00000030161	4.014072686412334e-52	5.270117312576368e-52	-1.9949849012786247	log2fc	0.9349302844101968	8.33472245374229e-05	11997	9.489247575418167e-05	True	True	True
C_nb_pairwise	RS_vs_SPC	177802	ENSMUSG00000003444	4.164118463016182e-52	5.455177025785391e-52	-1.0726286010493862	log2fc	0.1528183126870792	8.33472245374229e-05	11997	9.489247575418167e-05	True	True	True
C_nb_pairwise	RS_vs_SPC	186010	ENSMUSG00000031781	4.9794029364756096e-52	6.509023446373346e-52	1.2423619403886978	log2fc	0.5326897110133804	8.33472245374229e-05	11997	9.489247575418167e-05	True	True	True
C_nb_pairwise	RS_vs_SPC	84811	ENSMUSG00000060260	5.413629896908981e-52	7.061256387272584e-52	-2.656344284006978	log2fc	1.108863024758552	8.33472245374229e-05	11997	9.489247575418167e-05	True	True	True
C_nb_pairwise	RS_vs_SPC	88674	ENSMUSG00000031776	2.1354418123666406e-50	2.7793168924511586e-50	-2.204115078232804	log2fc	1.1066206368740057	8.33472245374229e-05	11997	9.489247575418167e-05	True	True	True
C_nb_pairwise	RS_vs_SPC	123855	ENSMUSG00000045022	4.522923632155588e-50	5.873926795007256e-50	-2.6371278803370544	log2fc	0.6742474650564251	8.33472245374229e-05	11997	9.489247575418167e-05	True	True	True
C_nb_pairwise	RS_vs_SPC	140267	ENSMUSG00000050612	9.79882705874345e-50	1.2698264007010951e-49	-2.87725860930116	log2fc	1.7640052716767702	8.33472245374229e-05	11997	9.489247575418167e-05	True	True	True
C_nb_pairwise	RS_vs_SPC	94762	ENSMUSG00000049719	1.989714428546181e-49	2.5729065886373032e-49	-1.6124139723959394	log2fc	0.8094669746700299	8.33472245374229e-05	11997	9.489247575418167e-05	True	True	True
C_nb_pairwise	RS_vs_SPC	79127	ENSMUSG00000030301	8.674587335364804e-49	1.1193015916599747e-48	-2.415432185610197	log2fc	0.7896259605679021	8.33472245374229e-05	11997	9.489247575418167e-05	True	True	True
C_nb_pairwise	RS_vs_SPC	104292	ENSMUSG00000060743	1.0495560731284506e-48	1.351359750809164e-48	-0.7728335432628285	log2fc	0.0976156264653612	8.33472245374229e-05	11997	9.489247575418167e-05	True	True	False
C_nb_pairwise	RS_vs_SPC	172284	ENSMUSG00000017978	1.064367850783932e-48	1.3674961680307478e-48	-2.7756040782989726	log2fc	1.639373114026893	8.33472245374229e-05	11997	9.489247575418167e-05	True	True	True
C_nb_pairwise	RS_vs_SPC	170129	ENSMUSG00000029463	1.1248855764241707e-48	1.4421609954156038e-48	1.1994553516519482	log2fc	0.5683444340455333	8.33472245374229e-05	11997	9.489247575418167e-05	True	True	True
C_nb_pairwise	RS_vs_SPC	61006	ENSMUSG00000038997	4.03966557731157e-48	5.168015663938043e-48	-2.8571148944482254	log2fc	1.6337886715529717	8.33472245374229e-05	11997	9.489247575418167e-05	True	True	True
C_nb_pairwise	RS_vs_SPC	46581	ENSMUSG00000024759	6.235191677930801e-48	7.959819163315913e-48	-2.5569631731855167	log2fc	0.7581177111812569	8.33472245374229e-05	11997	9.489247575418167e-05	True	True	True
C_nb_pairwise	RS_vs_SPC	157401	ENSMUSG00000055891	8.065384261689638e-48	1.0274374855655588e-47	-2.513538689903357	log2fc	0.9943815324291428	8.33472245374229e-05	11997	9.489247575418167e-05	True	True	True
C_nb_pairwise	RS_vs_SPC	64902	ENSMUSG00000047518	2.547930578495931e-47	3.238894803172793e-47	-2.9329818813535344	log2fc	1.8966351124439669	8.33472245374229e-05	11997	9.489247575418167e-05	True	True	True
C_nb_pairwise	RS_vs_SPC	77092	ENSMUSG00000048206	4.101578339507856e-47	5.202847787959225e-47	-2.1781261524532023	log2fc	1.410792170880904	8.33472245374229e-05	11997	9.489247575418167e-05	True	True	True
C_nb_pairwise	RS_vs_SPC	44598	ENSMUSG00000057719	7.566272940381308e-47	9.577560684026974e-47	-2.2897556903452507	log2fc	1.3705496887856747	8.33472245374229e-05	11997	9.489247575418167e-05	True	True	True
C_nb_pairwise	RS_vs_SPC	133041	ENSMUSG00000048077	1.7864717386163567e-46	2.2565958803575032e-46	-3.6670067693712554	log2fc	1.6159685126410033	8.33472245374229e-05	11997	9.489247575418167e-05	True	True	True
C_nb_pairwise	RS_vs_SPC	126646	ENSMUSG00000072605	2.3412591400965116e-46	2.9511669833149302e-46	-1.7723623208857353	log2fc	1.2136009476172078	8.33472245374229e-05	11997	9.489247575418167e-05	True	True	True
C_nb_pairwise	RS_vs_SPC	13910	ENSMUSG00000042200	2.390707553541477e-46	3.0071793126307884e-46	-2.4239373783066824	log2fc	1.0694298019031856	8.33472245374229e-05	11997	9.489247575418167e-05	True	True	True
C_nb_pairwise	RS_vs_SPC	32451	ENSMUSG00000045996	1.0568240224076905e-45	1.32655735030254e-45	1.3783074897282563	log2fc	0.8131333039879091	8.33472245374229e-05	11997	9.489247575418167e-05	True	True	True
C_nb_pairwise	RS_vs_SPC	176521	ENSMUSG00000040163	1.0363207009710773e-44	1.2981052621767146e-44	-1.1227777653220783	log2fc	0.3954753024748878	8.33472245374229e-05	11997	9.489247575418167e-05	True	True	True
C_nb_pairwise	RS_vs_SPC	158547	ENSMUSG00000090202	3.4151418406671267e-44	4.268927300833909e-44	-3.067071546845371	log2fc	1.2670206417718195	8.33472245374229e-05	11997	9.489247575418167e-05	True	True	True
C_nb_pairwise	RS_vs_SPC	77093	ENSMUSG00000048206	4.2588752332848173e-44	5.31252627852576e-44	-2.036876853122824	log2fc	1.027096964786016	8.33472245374229e-05	11997	9.489247575418167e-05	True	True	True
C_nb_pairwise	RS_vs_SPC	112525	ENSMUSG00000044084	4.777676019837195e-44	5.947314547515181e-44	-2.148255193203993	log2fc	1.3218004812348316	8.33472245374229e-05	11997	9.489247575418167e-05	True	True	True
C_nb_pairwise	RS_vs_SPC	159857	ENSMUSG00000028441	4.38694493257596e-43	5.449621034255849e-43	-1.2061798780225623	log2fc	0.092323969539555	8.33472245374229e-05	11997	9.489247575418167e-05	True	True	True
C_nb_pairwise	RS_vs_SPC	100885	ENSMUSG00000026182	1.1188739245475457e-42	1.3870337907614202e-42	-1.8034917488642737	log2fc	0.928888482288032	8.33472245374229e-05	11997	9.489247575418167e-05	True	True	True
C_nb_pairwise	RS_vs_SPC	126561	ENSMUSG00000090505	2.0877188922395082e-42	2.582745021327227e-42	-1.6986986052986206	log2fc	1.3662356729515566	8.33472245374229e-05	11997	9.489247575418167e-05	True	True	True
C_nb_pairwise	RS_vs_SPC	123856	ENSMUSG00000045022	7.483378863816909e-42	9.238739338045567e-42	-2.619181670084999	log2fc	0.9172940121906784	8.33472245374229e-05	11997	9.489247575418167e-05	True	True	True
C_nb_pairwise	RS_vs_SPC	13912	ENSMUSG00000042200	3.646773763480869e-41	4.4929450884774574e-41	-2.5213984784665806	log2fc	1.1456506279533496	8.33472245374229e-05	11997	9.489247575418167e-05	True	True	True
C_nb_pairwise	RS_vs_SPC	21550	ENSMUSG00000021203	1.4451248773770442e-40	1.7767928820209563e-40	-2.798847373520573	log2fc	1.5881807643761188	8.33472245374229e-05	11997	9.489247575418167e-05	True	True	True
C_nb_pairwise	RS_vs_SPC	52550	ENSMUSG00000044042	2.3276843651921723e-40	2.856054435818616e-40	-2.7798974899984934	log2fc	1.1091026873992809	8.33472245374229e-05	11997	9.489247575418167e-05	True	True	True
C_nb_pairwise	RS_vs_SPC	21549	ENSMUSG00000021203	8.195147840271004e-40	1.003487490645429e-39	-2.4183719115005893	log2fc	1.3012385075925732	8.33472245374229e-05	11997	9.489247575418167e-05	True	True	True
C_nb_pairwise	RS_vs_SPC	13911	ENSMUSG00000042200	1.3133754643952238e-38	1.6049394676927376e-38	-2.495112233991668	log2fc	1.1088040352025923	8.33472245374229e-05	11997	9.489247575418167e-05	True	True	True
C_nb_pairwise	RS_vs_SPC	126570	ENSMUSG00000079269	4.25832846637797e-38	5.193083495582891e-38	-1.5976983016840511	log2fc	1.4311934594218456	8.33472245374229e-05	11997	9.489247575418167e-05	True	True	True
C_nb_pairwise	RS_vs_SPC	126590	ENSMUSG00000093945	5.133939025304534e-38	6.248201653514646e-38	-1.5987089110524118	log2fc	1.4591900382216991	8.33472245374229e-05	11997	9.489247575418167e-05	True	True	True
C_nb_pairwise	RS_vs_SPC	177331	ENSMUSG00000030403	6.427926368762376e-38	7.807198018739728e-38	-2.5287867470030845	log2fc	0.702263531811831	8.33472245374229e-05	11997	9.489247575418167e-05	True	True	True
C_nb_pairwise	RS_vs_SPC	74788	ENSMUSG00000029517	1.7854601295136966e-37	2.1641940963802384e-37	-0.7423717107324918	log2fc	0.1014694732587965	8.33472245374229e-05	11997	9.489247575418167e-05	True	True	False
C_nb_pairwise	RS_vs_SPC	126604	ENSMUSG00000091792	1.3130817228851602e-36	1.588405309941726e-36	-1.5767273270995743	log2fc	1.4394481885503934	8.33472245374229e-05	11997	9.489247575418167e-05	True	True	True
C_nb_pairwise	RS_vs_SPC	103270	ENSMUSG00000026592	1.4976534940924506e-36	1.8080323872343467e-36	-3.026241441844015	log2fc	3.560115742820116	8.33472245374229e-05	11997	9.489247575418167e-05	True	True	True
C_nb_pairwise	RS_vs_SPC	126636	ENSMUSG00000095226	7.268322841778003e-36	8.757015472021689e-36	-1.5594800172410004	log2fc	1.483035519779688	8.33472245374229e-05	11997	9.489247575418167e-05	True	True	True
C_nb_pairwise	RS_vs_SPC	126682	ENSMUSG00000095528	2.7525538560771014e-35	3.3096839952830883e-35	-1.5512676220533426	log2fc	1.4976795628586246	8.33472245374229e-05	11997	9.489247575418167e-05	True	True	True
C_nb_pairwise	RS_vs_SPC	126581	ENSMUSG00000114852	2.839127389171315e-35	3.4069528670055776e-35	-1.551139093182684	log2fc	1.4981026749151292	8.33472245374229e-05	11997	9.489247575418167e-05	True	True	True
C_nb_pairwise	RS_vs_SPC	2729	ENSMUSG00000026226	4.356999375036334e-35	5.217963323396807e-35	-1.6925514049046997	log2fc	0.8368012047908651	8.33472245374229e-05	11997	9.489247575418167e-05	True	True	True
C_nb_pairwise	RS_vs_SPC	152383	ENSMUSG00000032869	5.199982646948588e-35	6.215118701532176e-35	-1.0164259330149	log2fc	0.2992963527596337	8.33472245374229e-05	11997	9.489247575418167e-05	True	True	True
C_nb_pairwise	RS_vs_SPC	133809	ENSMUSG00000043050	6.994596628867511e-35	8.343455223301205e-35	-1.121597984465951	log2fc	0.71605736791495	8.33472245374229e-05	11997	9.489247575418167e-05	True	True	True
C_nb_pairwise	RS_vs_SPC	133806	ENSMUSG00000043050	1.7293740411144215e-34	2.058778620374311e-34	-0.8929534975945866	log2fc	0.3792814679756123	8.33472245374229e-05	11997	9.489247575418167e-05	True	True	False
C_nb_pairwise	RS_vs_SPC	126668	ENSMUSG00000095384	5.293928671466107e-34	6.289816243326068e-34	-1.521319893330594	log2fc	1.5052782781157636	8.33472245374229e-05	11997	9.489247575418167e-05	True	True	True
C_nb_pairwise	RS_vs_SPC	147416	ENSMUSG00000062651	8.92607713997999e-34	1.058428119365216e-33	-1.8078808968674036	log2fc	1.5222322939696695	8.33472245374229e-05	11997	9.489247575418167e-05	True	True	True
C_nb_pairwise	RS_vs_SPC	156647	ENSMUSG00000027927	4.427032202129433e-33	5.239091363466785e-33	-1.5134460492058917	log2fc	0.6488972176807001	8.33472245374229e-05	11997	9.489247575418167e-05	True	True	True
C_nb_pairwise	RS_vs_SPC	184889	ENSMUSG00000090137	7.305300302622088e-33	8.628307444041835e-33	-0.6850807422962157	log2fc	0.0612194555841652	8.33472245374229e-05	11997	9.489247575418167e-05	True	True	False
C_nb_pairwise	RS_vs_SPC	181341	ENSMUSG00000008734	8.077320197321452e-33	9.521399053817036e-33	-2.9327998883332214	log2fc	2.8963374923951752	8.33472245374229e-05	11997	9.489247575418167e-05	True	True	True
C_nb_pairwise	RS_vs_SPC	70434	ENSMUSG00000036323	4.4024966759313446e-32	5.179407854036876e-32	-3.9117605168599616	log2fc	0.0001	8.33472245374229e-05	11997	9.489247575418167e-05	True	True	True
C_nb_pairwise	RS_vs_SPC	70644	ENSMUSG00000100704	5.487552652420455e-32	6.443310355092508e-32	-2.51460519805916	log2fc	1.8625675990669213	8.33472245374229e-05	11997	9.489247575418167e-05	True	True	True
C_nb_pairwise	RS_vs_SPC	133816	ENSMUSG00000038015	8.13280774950021e-32	9.53063408144556e-32	-0.768015803102499	log2fc	0.4007077298682622	8.33472245374229e-05	11997	9.489247575418167e-05	True	True	False
C_nb_pairwise	RS_vs_SPC	133823	ENSMUSG00000022501	8.652772101613867e-32	1.012020128843727e-31	-0.8916000630382056	log2fc	0.5586030329641024	8.33472245374229e-05	11997	9.489247575418167e-05	True	True	False
C_nb_pairwise	RS_vs_SPC	157399	ENSMUSG00000055891	1.880258906169275e-31	2.1948547542832005e-31	-1.5540725601267986	log2fc	0.586528681538699	8.33472245374229e-05	11997	9.489247575418167e-05	True	True	True
C_nb_pairwise	RS_vs_SPC	133821	ENSMUSG00000022501	2.696005512814804e-31	3.140977296483267e-31	-0.6871167975560011	log2fc	0.3142319436066874	8.33472245374229e-05	11997	9.489247575418167e-05	True	True	False
C_nb_pairwise	RS_vs_SPC	63740	ENSMUSG00000028572	5.381524170202016e-31	6.257586244420949e-31	-2.322219469617618	log2fc	1.5097332286309324	8.33472245374229e-05	11997	9.489247575418167e-05	True	True	True
C_nb_pairwise	RS_vs_SPC	139597	ENSMUSG00000118471	6.470415903575192e-31	7.509186735290358e-31	-1.427818933970249	log2fc	0.5088598409434666	8.33472245374229e-05	11997	9.489247575418167e-05	True	True	True
C_nb_pairwise	RS_vs_SPC	133822	ENSMUSG00000022501	1.1162389599731853e-30	1.2929408802778205e-30	-0.9524010935194308	log2fc	0.5853741294640503	8.33472245374229e-05	11997	9.489247575418167e-05	True	True	False
C_nb_pairwise	RS_vs_SPC	70433	ENSMUSG00000036323	4.643583468141005e-30	5.368304587446249e-30	-4.204221061733006	log2fc	0.0001	8.33472245374229e-05	11997	9.489247575418167e-05	True	True	True
C_nb_pairwise	RS_vs_SPC	50733	ENSMUSG00000026960	1.4874065810404193e-29	1.7162383627389448e-29	-0.7814581727622552	log2fc	0.2584770306358288	8.33472245374229e-05	11997	9.489247575418167e-05	True	True	False
C_nb_pairwise	RS_vs_SPC	193510	ENSMUSG00000079579	7.139208947540678e-28	8.221737751486385e-28	-2.298339483538587	log2fc	1.2686968423253182	8.33472245374229e-05	11997	9.489247575418167e-05	True	True	True
C_nb_pairwise	RS_vs_SPC	156648	ENSMUSG00000027927	3.1892410904082978e-27	3.6657943567911466e-27	-1.889988800538188	log2fc	1.238692426211505	8.33472245374229e-05	11997	9.489247575418167e-05	True	True	True
C_nb_pairwise	RS_vs_SPC	193511	ENSMUSG00000079579	1.29462053086643e-26	1.48522431839361e-26	-2.310679125630085	log2fc	2.000666316312573	8.33472245374229e-05	11997	9.489247575418167e-05	True	True	True
C_nb_pairwise	RS_vs_SPC	133817	ENSMUSG00000038015	2.147937919147706e-26	2.4594708997874492e-26	-1.0285941844123174	log2fc	0.7331183851958581	8.33472245374229e-05	11997	9.489247575418167e-05	True	True	True
C_nb_pairwise	RS_vs_SPC	70431	ENSMUSG00000036323	3.89894973192589e-26	4.4559425507724464e-26	-2.695187161472755	log2fc	5.229765287259949	8.33472245374229e-05	11997	9.489247575418167e-05	True	True	True
C_nb_pairwise	RS_vs_SPC	70646	ENSMUSG00000100704	8.118909154882846e-26	9.261113104429102e-26	-2.5020658383506174	log2fc	1.7457414492254395	8.33472245374229e-05	11997	9.489247575418167e-05	True	True	True
C_nb_pairwise	RS_vs_SPC	133810	ENSMUSG00000043050	1.0176759812892151e-25	1.1586443809744383e-25	-1.540627999646207	log2fc	1.2143925019503437	8.33472245374229e-05	11997	9.489247575418167e-05	True	True	True
C_nb_pairwise	RS_vs_SPC	40073	ENSMUSG00000024175	3.7014489333299622e-25	4.20619196969314e-25	-0.5851549976600693	log2fc	0.2406084566394897	0.0001666944490748458	11997	0.00018251217051990418	True	True	False
C_nb_pairwise	RS_vs_SPC	173780	ENSMUSG00000051896	7.682625069064315e-24	8.713752441282776e-24	-1.876351563158996	log2fc	2.092092376334196	0.0001666944490748458	11997	0.00018251217051990418	True	True	True
C_nb_pairwise	RS_vs_SPC	104291	ENSMUSG00000060743	1.6315985657569582e-23	1.8470927159512735e-23	-0.4711013099742983	log2fc	0.0920345165702797	0.0001666944490748458	11997	0.00018251217051990418	True	True	False
C_nb_pairwise	RS_vs_SPC	112531	ENSMUSG00000041165	2.369129775866414e-23	2.676982797589169e-23	-1.7980143629338023	log2fc	0.9694348302211856	0.0001666944490748458	11997	0.00018251217051990418	True	True	True
C_nb_pairwise	RS_vs_SPC	16890	ENSMUSG00000049506	4.0506383664847163e-22	4.568389135133139e-22	-2.309349164419291	log2fc	2.276237366486362	0.0001666944490748458	11997	0.00018251217051990418	True	True	True
C_nb_pairwise	RS_vs_SPC	87425	ENSMUSG00000047654	1.2955041137893169e-21	1.4583535990123642e-21	-1.1480744626979928	log2fc	1.014022799495984	0.0001666944490748458	11997	0.00018251217051990418	True	True	True
C_nb_pairwise	RS_vs_SPC	78595	ENSMUSG00000030161	4.763164381484222e-21	5.3518700915553055e-21	-1.9146345262587865	log2fc	1.0928365213926343	0.0001666944490748458	11997	0.00018251217051990418	True	True	True
C_nb_pairwise	RS_vs_SPC	78596	ENSMUSG00000030161	3.9922909889516886e-20	4.4773356885439496e-20	-2.568839202617716	log2fc	1.65607728797052	0.0001666944490748458	11997	0.00018251217051990418	True	True	True
C_nb_pairwise	RS_vs_SPC	70454	ENSMUSG00000063820	1.1600886366868106e-19	1.29860668285837e-19	-2.1277873285429623	log2fc	1.7016885262931745	0.0001666944490748458	11997	0.00018251217051990418	True	True	True
C_nb_pairwise	RS_vs_SPC	64551	ENSMUSG00000078593	2.000469044718543e-19	2.235160943819601e-19	-1.2957325394339698	log2fc	1.3741563503161602	0.0001666944490748458	11997	0.00018251217051990418	True	True	True
C_nb_pairwise	RS_vs_SPC	193515	ENSMUSG00000079579	2.773147368060433e-19	3.0927294067588475e-19	-2.40303206440108	log2fc	2.6046801171584844	0.0001666944490748458	11997	0.00018251217051990418	True	True	True
C_nb_pairwise	RS_vs_SPC	133811	ENSMUSG00000043050	1.5128612570109301e-18	1.6840756107728353e-18	-1.1487077141264028	log2fc	1.1267338399245486	0.0001666944490748458	11997	0.00018251217051990418	True	True	True
C_nb_pairwise	RS_vs_SPC	29075	ENSMUSG00000008813	3.4195049312391068e-18	3.799449923599008e-18	-1.2257614739566651	log2fc	0.9464672876817306	0.0001666944490748458	11997	0.00018251217051990418	True	True	True
C_nb_pairwise	RS_vs_SPC	8957	ENSMUSG00000075706	1.3729584980351129e-17	1.522689646619349e-17	0.2138168482970742	log2fc	0.039181994613586	0.0001666944490748458	11997	0.00018251217051990418	True	True	False
C_nb_pairwise	RS_vs_SPC	60541	ENSMUSG00000028156	1.5066800869138966e-17	1.667911535329037e-17	-1.929883661567081	log2fc	2.9765183434449933	0.0001666944490748458	11997	0.00018251217051990418	True	True	True
C_nb_pairwise	RS_vs_SPC	32089	ENSMUSG00000022270	1.7791441552342274e-17	1.965905143905224e-17	-1.9739422223640424	log2fc	2.9045505170423493	0.0001666944490748458	11997	0.00018251217051990418	True	True	True
C_nb_pairwise	RS_vs_SPC	168973	ENSMUSG00000029320	1.467178268677445e-16	1.618211325747182e-16	-1.1974216493931868	log2fc	1.1174384424385686	0.0001666944490748458	11997	0.00018251217051990418	True	True	True
C_nb_pairwise	RS_vs_SPC	4575	ENSMUSG00000026473	1.5447600659331382e-16	1.7006532835961155e-16	-1.5237349872910195	log2fc	1.8656506667303752	0.0001666944490748458	11997	0.00018251217051990418	True	True	True
C_nb_pairwise	RS_vs_SPC	179142	ENSMUSG00000094445	9.241685519007129e-16	1.0155698372535307e-15	-1.2245376759152298	log2fc	1.4297695673803026	0.0001666944490748458	11997	0.00018251217051990418	True	True	True
C_nb_pairwise	RS_vs_SPC	60539	ENSMUSG00000028156	1.875927021373523e-15	2.0576896029691295e-15	-2.1794776187968465	log2fc	3.3329178020798134	0.0001666944490748458	11997	0.00018251217051990418	True	True	True
C_nb_pairwise	RS_vs_SPC	107067	ENSMUSG00000003923	5.653502294661651e-15	6.189966016052903e-15	-1.638374404273959	log2fc	2.2371336371339234	0.0001666944490748458	11997	0.00018251217051990418	True	True	True
C_nb_pairwise	RS_vs_SPC	183372	ENSMUSG00000031545	9.673705139822967e-15	1.0572355344068818e-14	-0.8625654759886976	log2fc	0.4676075473451868	0.0002500416736122687	11997	0.0002622814758170651	True	True	False
C_nb_pairwise	RS_vs_SPC	112532	ENSMUSG00000041165	1.925374701535175e-14	2.1004087653111e-14	-1.539182359848705	log2fc	1.6825667138979463	0.0002500416736122687	11997	0.0002622814758170651	True	True	True
C_nb_pairwise	RS_vs_SPC	70432	ENSMUSG00000036323	2.4419469768958398e-14	2.6591074158575383e-14	-3.346555583731731	log2fc	4.172069681233339	0.0002500416736122687	11997	0.0002622814758170651	True	True	True
C_nb_pairwise	RS_vs_SPC	179141	ENSMUSG00000094445	3.256207007150102e-14	3.5393554425544596e-14	-1.1039260487932088	log2fc	0.7021432009812424	0.0002500416736122687	11997	0.0002622814758170651	True	True	True
C_nb_pairwise	RS_vs_SPC	60538	ENSMUSG00000028156	4.6328120189793807e-14	5.0265591525996903e-14	-2.081760871912101	log2fc	4.08272263044	0.0002500416736122687	11997	0.0002622814758170651	True	True	True
C_nb_pairwise	RS_vs_SPC	162673	ENSMUSG00000032726	6.58404473753912e-14	7.130734372786052e-14	-1.8255875314213696	log2fc	2.637895172352468	0.0002500416736122687	11997	0.0002622814758170651	True	True	True
C_nb_pairwise	RS_vs_SPC	133807	ENSMUSG00000043050	6.785658033424667e-14	7.335846522621262e-14	-1.0288078715047178	log2fc	1.0471729984089004	0.0002500416736122687	11997	0.0002622814758170651	True	True	True
C_nb_pairwise	RS_vs_SPC	22706	ENSMUSG00000021326	7.05912018421967e-14	7.617755594481657e-14	-0.4214728516356261	log2fc	0.216432563700294	0.0002500416736122687	11997	0.0002622814758170651	True	True	False
C_nb_pairwise	RS_vs_SPC	9065	ENSMUSG00000003345	1.0614093666164013e-13	1.143349407486249e-13	-1.4488996347643948	log2fc	1.4951532910754597	0.0002500416736122687	11997	0.0002622814758170651	True	True	True
C_nb_pairwise	RS_vs_SPC	14308	ENSMUSG00000020827	2.53494572207873e-13	2.7257480882566985e-13	-1.2610543065595097	log2fc	0.7411267186889705	0.0002500416736122687	11997	0.0002622814758170651	True	True	True
C_nb_pairwise	RS_vs_SPC	188695	ENSMUSG00000001948	3.940450686653729e-13	4.2294640643868293e-13	-1.3712970385484058	log2fc	1.8164812306469464	0.0002500416736122687	11997	0.0002622814758170651	True	True	True
C_nb_pairwise	RS_vs_SPC	60540	ENSMUSG00000028156	7.487602795454953e-13	8.022431566558878e-13	-1.602229009166985	log2fc	2.3153261664224423	0.0002500416736122687	11997	0.0002622814758170651	True	True	True
C_nb_pairwise	RS_vs_SPC	75185	ENSMUSG00000029766	7.901190906241953e-13	8.450471557478025e-13	-1.1088612847214816	log2fc	1.1818992157725636	0.0002500416736122687	11997	0.0002622814758170651	True	True	True
C_nb_pairwise	RS_vs_SPC	74966	ENSMUSG00000079652	8.116153331373686e-13	8.664932382249486e-13	-1.076388457091258	log2fc	1.2001855325043709	0.0002500416736122687	11997	0.0002622814758170651	True	True	True
C_nb_pairwise	RS_vs_SPC	171336	ENSMUSG00000029580	2.0197399094705875e-12	2.15247592483544e-12	-0.6001633887530987	log2fc	0.3064608331783662	0.0002500416736122687	11997	0.0002622814758170651	True	True	False
C_nb_pairwise	RS_vs_SPC	75186	ENSMUSG00000029766	7.840451999316065e-12	8.340906382251132e-12	-1.0868686673918395	log2fc	0.5483167154674268	0.0002500416736122687	11997	0.0002622814758170651	True	True	True
C_nb_pairwise	RS_vs_SPC	53478	ENSMUSG00000100963	1.335164306075944e-11	1.4178735993726839e-11	-1.034821622460949	log2fc	1.2718833529077809	0.0002500416736122687	11997	0.0002622814758170651	True	True	True
C_nb_pairwise	RS_vs_SPC	133818	ENSMUSG00000038015	1.9127073561613197e-11	2.0276049711957456e-11	-0.704778248269884	log2fc	0.6823192471042867	0.0002500416736122687	11997	0.0002622814758170651	True	True	False
C_nb_pairwise	RS_vs_SPC	180739	ENSMUSG00000051437	2.118955071917806e-11	2.2422804993839216e-11	-1.6585768065630797	log2fc	2.8214310627672217	0.0002500416736122687	11997	0.0002622814758170651	True	True	True
C_nb_pairwise	RS_vs_SPC	64552	ENSMUSG00000078593	2.929819822524835e-11	3.0948800942163745e-11	-1.1791016740853562	log2fc	0.551208389770712	0.0002500416736122687	11997	0.0002622814758170651	True	True	True
C_nb_pairwise	RS_vs_SPC	14307	ENSMUSG00000020827	2.1767364278341542e-10	2.2953283949042047e-10	-1.1332809524878864	log2fc	1.4722614318202984	0.0002500416736122687	11997	0.0002622814758170651	True	True	True
C_nb_pairwise	RS_vs_SPC	170853	ENSMUSG00000040731	5.295615566411553e-10	5.574332175170054e-10	-1.3608882445639712	log2fc	1.7783303082243176	0.0002500416736122687	11997	0.0002622814758170651	True	True	True
C_nb_pairwise	RS_vs_SPC	116265	ENSMUSG00000048445	5.719127867507822e-10	6.009591454474069e-10	-1.5882092998857236	log2fc	2.719709614407849	0.0002500416736122687	11997	0.0002622814758170651	True	True	True
C_nb_pairwise	RS_vs_SPC	49824	ENSMUSG00000026790	6.385355561186997e-10	6.697925413832515e-10	0.1744742315113606	log2fc	0.0366672898272776	0.0002500416736122687	11997	0.0002622814758170651	True	True	False
C_nb_pairwise	RS_vs_SPC	64995	ENSMUSG00000002384	3.080624627374932e-09	3.225784950130819e-09	-1.354054659238064	log2fc	2.718833376550241	0.0004167361226871145	11997	0.00043259805123229875	True	True	True
C_nb_pairwise	RS_vs_SPC	75184	ENSMUSG00000029766	1.565491825589972e-08	1.6364026051463126e-08	-1.2231817878265585	log2fc	1.421374327864518	0.0004167361226871145	11997	0.00043259805123229875	True	True	True
C_nb_pairwise	RS_vs_SPC	191522	ENSMUSG00000032566	1.6811253104127565e-08	1.7542177152133112e-08	-1.1335105722507175	log2fc	1.6628502635432525	0.0004167361226871145	11997	0.00043259805123229875	True	True	True
C_nb_pairwise	RS_vs_SPC	81134	ENSMUSG00000063089	3.8673008790824834e-08	4.0284384157109215e-08	-1.4640016988287443	log2fc	2.186775483713141	0.0004167361226871145	11997	0.00043259805123229875	True	True	True
C_nb_pairwise	RS_vs_SPC	85891	ENSMUSG00000074454	4.80778105001264e-08	4.999425701919556e-08	-1.3111002778712608	log2fc	1.7210570332660826	0.0004167361226871145	11997	0.00043259805123229875	True	True	True
C_nb_pairwise	RS_vs_SPC	85064	ENSMUSG00000031085	1.105633280407321e-07	1.1477162080352813e-07	-1.4103821362291942	log2fc	2.0429800923353056	0.0004167361226871145	11997	0.00043259805123229875	True	True	True
C_nb_pairwise	RS_vs_SPC	53449	ENSMUSG00000037885	5.562824059652075e-07	5.764584517774171e-07	-0.6312147238437262	log2fc	0.6208415425334625	0.0005000833472245374	11997	0.0005155498424995231	True	True	False
C_nb_pairwise	RS_vs_SPC	189826	ENSMUSG00000032278	9.100381556979188e-07	9.401192594770628e-07	-1.0649468834239273	log2fc	2.6386187302841124	0.0005000833472245374	11997	0.0005155498424995231	True	True	True
C_nb_pairwise	RS_vs_SPC	147855	ENSMUSG00000026922	9.103488162602892e-07	9.401192594770628e-07	-1.1256824134814465	log2fc	3.076481181146224	0.0005000833472245374	11997	0.0005155498424995231	True	True	True
C_nb_pairwise	RS_vs_SPC	53477	ENSMUSG00000100963	9.565190698368668e-07	9.861021338524395e-07	-1.071409017504681	log2fc	2.096536607130118	0.0005000833472245374	11997	0.0005155498424995231	True	True	True
C_nb_pairwise	RS_vs_SPC	151068	ENSMUSG00000027286	1.685646343283991e-06	1.7347989810812943e-06	-1.118374422999855	log2fc	2.2948978635686186	0.0005834305717619603	11997	0.0006004431270277464	True	True	True
C_nb_pairwise	RS_vs_SPC	157739	ENSMUSG00000028132	8.548162889075041e-06	8.782359132611345e-06	-1.0132536021822198	log2fc	2.841166800090601	0.000833472245374229	11997	0.0008563071014118792	True	True	True
C_nb_pairwise	RS_vs_SPC	178153	ENSMUSG00000036427	8.595798700207163e-06	8.81620379508427e-06	-0.7383779865639213	log2fc	0.8449694330305807	0.0009168194699116519	11997	0.000940327661447848	True	True	False
C_nb_pairwise	RS_vs_SPC	156282	ENSMUSG00000051036	0.0001011131089618	0.0001035287805069	-1.0044852295033837	log2fc	2.609976316244436	0.002667111185197533	11997	0.002730830565048668	True	True	True
C_nb_pairwise	RS_vs_SPC	56745	ENSMUSG00000027680	0.000442399518738	0.0004521971230712	-0.6810642893958888	log2fc	2.1179258152920264	0.007251208534755793	11997	0.007411797480159243	True	True	False
C_nb_pairwise	RS_vs_SPC	104976	ENSMUSG00000019795	0.0006399655873484	0.0006530261095392	-0.2453756112737243	log2fc	0.1566516511393894	0.009001500250041674	11997	0.009185204336777218	True	True	False
C_nb_pairwise	RS_vs_SPC	148173	ENSMUSG00000044320	0.0018546599029434	0.001889297014883	-0.2486713642553829	log2fc	0.3201406753199445	0.019586597766294383	11997	0.01995239161252399	True	True	False
C_nb_pairwise	RS_vs_SPC	13066	ENSMUSG00000050087	0.0031420776579684	0.0031953332114933	-0.8726404023889986	log2fc	3.007542572048904	0.030505084180696782	11997	0.031022119505793335	True	True	False
C_nb_pairwise	RS_vs_SPC	66264	ENSMUSG00000028745	0.0047886722702046	0.0048615962134057	-0.2451360837481968	log2fc	0.302952398070595	0.044424070678446406	11997	0.04510057936898112	True	True	False
C_nb_pairwise	RS_vs_SPC	54715	ENSMUSG00000061689	0.0188414351110847	0.0190960490990723	-0.4934912619413324	log2fc	1.6028028429254424	0.12452075345890982	11997	0.1262034663434897	True	False	False
C_nb_pairwise	RS_vs_SPC	89958	ENSMUSG00000092329	0.3024095292207344	0.3059792875757852	-0.0941980933276504	log2fc	0.1801273895543888	0.6384397399566595	11997	0.6459761281180366	False	False	False
C_nb_pairwise	RS_vs_SPC	16466	ENSMUSG00000035530	0.3231380756137187	0.3264020965795139	0.0330855852617989	log2fc	0.0391789926549464	0.656276046007668	11997	0.6629050969774425	False	False	False
C_nb_pairwise	RS_vs_SPC	89959	ENSMUSG00000092329	0.3350342401606613	0.337849653943524	-0.047539947163453	log2fc	0.0500601997370306	0.6661110185030839	11997	0.6717085900871433	False	False	False
C_nb_pairwise	RS_vs_SPC	179766	ENSMUSG00000030544	0.4530536021466769	0.4560942303490036	0.0368757606674571	log2fc	0.0505086214776142	0.7454575762627105	11997	0.7504606472443395	False	False	False
C_nb_pairwise	RS_vs_SPC	16467	ENSMUSG00000035530	0.4665396382627709	0.4688840585555486	-0.0287628811974704	log2fc	0.0345497085975906	0.7536256042673779	11997	0.7574126676054048	False	False	False
C_nb_pairwise	RS_vs_SPC	16465	ENSMUSG00000035530	0.4977747603447019	0.4994395588742829	-0.043199842631091	log2fc	0.09523453179654	0.7716286047674612	11997	0.7742093024422687	False	False	False
C_nb_pairwise	RS_vs_SPC	88638	ENSMUSG00000031770	0.9483513817285372	0.9499346060719904	-0.0103973126196612	log2fc	1.3660520215101155	0.9791631938656443	11997	0.9807978569605786	False	False	False
C_nb_pairwise	RS_vs_SPC	96373	ENSMUSG00000001964	0.9682734041247664	0.9682734041247664	0.0014682825221793	log2fc	0.0417750585647986	0.9871645274212368	11997	0.9871645274212368	False	False	False
