mouse	cell	stage	mean_resid_pdui	median_pdui	wdi	n_genes	umi_at_pairs
mouse1	default_CTTACCGCAGTCCTTC	RS	-0.0093017214632684	0.8	0.5432025070884943	414	6701.0
mouse1	default_CGCGGTACACGACGAA	RS	-0.0060563200495534	0.925824175824176	0.5841661767587694	330	5103.0
mouse1	default_TCTGGAATCCCGACTT	RS	-0.0164424496975531	0.75	0.5491606714628298	436	8757.0
mouse1	default_GTGAAGGCAGAAGCAC	RS	0.0023577556548991	0.8257575757575758	0.5796658516707417	326	4908.0
mouse1	default_AGAATAGGTTCCGGCA	RS	-0.0058554572491045	0.8257575757575758	0.5683789192795197	388	5996.0
mouse1	default_CTTACCGCACACGCTG	RS	-0.0293226127637271	0.5714285714285714	0.5258164165931156	302	4532.0
mouse1	default_TTGAACGGTGTGGTTT	RS	0.0052342091235818	0.8944444444444444	0.5811745776347547	392	6215.0
mouse1	default_TGCCAAACATTGGTAC	RS	-0.0058128616568419	0.7638888888888888	0.5613140753327669	390	7062.0
mouse1	default_CTCTAATTCTATCGCC	RS	-0.0114854573514055	0.8333333333333334	0.5418618863312283	324	4909.0
mouse1	default_CATGGCGTCAGTACGT	RS	-0.0145988212021838	0.7777777777777778	0.5601680256980479	252	4047.0
mouse1	default_CAGTAACAGCAGCCTC	ES	-0.0175172012041152	0.6805555555555556	0.6118721461187214	186	4599.0
mouse1	default_CGAATGTGTTGTTTGG	RS	-0.0051945871992118	0.8911764705882352	0.5776961731735601	338	5174.0
mouse1	default_TGAGAGGAGTCACGCC	RS	-0.004502123829931	0.7817460317460317	0.5548696844993142	360	5832.0
mouse1	default_CAAGTTGCATGGTTGT	RS	-0.0173316560483197	0.6125	0.5887353878852285	102	1882.0
mouse1	default_TACGGGCGTCGCGGTT	RS	-0.0015419493849037	0.8603896103896104	0.573082489146165	692	16584.0
mouse1	default_CACACTCTCGCGCCAA	RS	-0.0065961998483174	0.8	0.5534018220585385	324	5159.0
mouse1	default_GTTCGGGGTCATACTG	RS	-0.0103913166419679	0.8571428571428571	0.5668103448275862	628	11600.0
mouse1	default_ACAGCCGAGAGAGCTC	RS	-0.003447482811612	0.8	0.5740619902120718	364	6130.0
mouse1	default_GATCGTACAGATGGGT	RS	0.0058255207548084	0.902439024390244	0.6026250713334601	609	10514.0
mouse1	default_GGGTCTGAGTTAAGTG	RS	0.0115975447254448	0.9242424242424242	0.6201447067783702	343	5252.0
mouse1	default_GCACATACATCTGGTA	RS	0.0042367381699631	0.8947368421052632	0.5856193168793459	727	13087.0
mouse1	default_CTTTGCGCAAGTAATG	RS	-0.010976166880617	0.8333333333333334	0.5785157031406282	331	4999.0
mouse1	default_TGTTCCGTCACAGGCC	RS	-0.0124904333623067	0.8	0.5748657784847883	330	5029.0
mouse1	default_GCTTCCAAGGCCGAAT	RS	-0.0014288304416457	0.8	0.5617378048780488	264	3936.0
mouse1	default_ATTGGTGGTAGAGCTG	RS	-0.0076863661383193	0.75	0.5750873108265425	329	6013.0
mouse1	default_TACGGTAGTACCGAGA	RS	0.0037029116292531	0.8535714285714285	0.5529830810329475	442	7861.0
mouse1	default_AGCATACAGTGTGGCA	RS	0.003637667530028	0.7142857142857143	0.609946075494308	83	1669.0
mouse1	default_CACACAAGTGTCTGAT	ES	-0.0236887292540902	0.7454545454545454	0.6175035416338738	210	6353.0
mouse1	default_GAATGAATCCATGAGT	RS	-0.0041507276155003	0.8181818181818182	0.5676797874107291	352	6021.0
mouse1	default_CTACATTCATTACGAC	RS	-0.0091230915283373	0.7142857142857143	0.5696854146806483	293	5245.0
mouse1	default_ATCATGGGTTCGTCTC	RS	-0.0216472892337095	0.625	0.5480499219968799	377	6410.0
mouse1	default_CTCGTACGTCCGAATT	RS	-0.0082225529777952	0.75	0.573575535807632	368	7652.0
mouse1	default_TGGCTGGTCCTAGTGA	RS	-0.0127934435960702	0.5	0.5548931942374565	225	4026.0
mouse1	default_AAACGGGTCCTCATTA	RS	0.0029907070837437	0.8	0.5946582875098193	193	3819.0
mouse1	default_CTTTGCGGTCTAAAGA	RS	-0.0056186400915229	0.7071428571428571	0.5509433962264151	344	6625.0
mouse1	default_GGCGTGTCAATGGTCT	RS	-0.0059355131028456	0.8333333333333334	0.5934191236357713	323	6139.0
mouse1	default_CACAAACTCCTGCTTG	RS	-0.0107359897356856	0.6666666666666666	0.5409038535398797	399	7811.0
mouse1	default_CTTAACTTCGGTCTAA	RS	-0.0147250093231894	0.75	0.5729369720597791	324	6156.0
mouse1	default_TATCAGGAGAGCTGCA	ES	-0.0216875112557751	0.8571428571428571	0.6196701827365919	282	6731.0
mouse1	default_CATCGAAAGTAGCGGT	ES	-0.003272109473863	0.875	0.6460953495174028	269	6838.0
mouse1	default_GGCGACTGTGAGTATA	SPC	0.0117186215355371	0.9	0.6150206656515118	777	18388.0
mouse1	default_ACGCCGAGTACTCAAC	ES	-0.0265660867121683	0.4807692307692308	0.5889136904761905	124	2688.0
mouse1	default_GGTGCGTGTGCACCAC	RS	0.0063745658757733	0.8	0.5803025426456389	327	6214.0
mouse1	default_CAGCAGCCAAGCCATT	RS	-0.0008383191795836	0.7142857142857143	0.5690381755081805	391	8068.0
mouse1	default_CGAGAAGCAGCTTCGG	RS	-0.0073493385393448	0.7142857142857143	0.5586962401947525	418	7394.0
mouse1	default_GACTGCGAGTGTCCCG	RS	-0.0082436625629005	0.8235294117647058	0.5916515426497277	415	8265.0
mouse1	default_AACCATGAGATCCGAG	ES	0.012263046220463	0.6546052631578947	0.6439665471923537	84	2511.0
mouse1	default_TGGCCAGCACCAACCG	RS	-0.023471269202036	0.7272727272727273	0.5596779641932215	666	17762.0
mouse1	default_ACATACGTCCCATTAT	RS	0.0037281689295503	0.4886363636363636	0.5845532559313478	102	1981.0
mouse1	default_GGCCGATAGCTGTCTA	RS	-0.0116885218294646	0.7741935483870968	0.5670024225423945	401	7843.0
mouse1	default_ACCGTAATCAAACGGG	RS	-0.0042524509720687	0.8333333333333334	0.5825139516343343	227	3763.0
mouse1	default_TTGACTTCAGGATTGG	RS	-0.0107264217656988	0.75	0.5765898076075782	357	6809.0
mouse1	default_GGGACCTTCACAATGC	RS	0.0098959664381031	0.9411764705882352	0.6371125931737937	139	2549.0
mouse1	default_CGATGGCGTCTGCAAT	ES	-0.0244453540083444	0.5714285714285714	0.5758606034849129	215	4706.0
mouse1	default_CTCGTCACAAGCCTAT	SPC	-0.0116144144292839	0.6076923076923078	0.5515536723163842	252	4248.0
mouse1	default_TCGGTAAAGTGAACGC	RS	0.0050418070831616	0.875	0.5851544157486003	355	5537.0
mouse1	default_TTTATGCAGGTAGCTG	RS	0.0019116022453167	0.8734177215189873	0.57352232185903	621	10371.0
mouse1	default_ACACCGGAGAAGGCCT	RS	0.0014857937202904	1.0	0.5964877663772692	335	5068.0
mouse1	default_CACATAGGTCACTTCC	RS	-0.0235090180079516	0.5773809523809523	0.5356987374836744	292	4594.0
mouse1	default_ACTTGTTAGCGATGAC	RS	0.0031416892869368	0.8819444444444444	0.5963342788566441	290	4583.0
mouse1	default_GGTATTGTCAGCCTAA	RS	-0.0108113622599778	0.746031746031746	0.569967707212056	234	3716.0
mouse1	default_CTGTGCTCAGGTCCAC	SPC	0.0038765131180996	0.8846153846153846	0.5811482197074248	841	21738.0
mouse1	default_AACTCAGGTAAATGTG	RS	-0.0039287514595949	0.8	0.5687997802801428	236	3641.0
mouse1	default_GGTATTGTCGTGGTCG	SPC	-0.0129217755809899	0.8571428571428571	0.5912459471977768	287	4318.0
mouse1	default_ATCACGACAAATCCGT	SPC	-0.0059233649870043	0.8333333333333334	0.5736491487786824	240	4053.0
mouse1	default_TTCTACACACGAGAGT	RS	-0.0082226969710382	0.6666666666666666	0.5597032228147462	260	4313.0
mouse1	default_GACACGCGTACCGTAT	RS	-0.0121227026061517	0.8	0.5690303182159859	269	3991.0
mouse1	default_TGACTAGTCGAACGGA	RS	0.0027156067615376	0.8913043478260869	0.5715625	405	6400.0
mouse1	default_CTAAGACCAAGTCTAC	SPC	-6.526896831803141e-06	0.8571428571428571	0.563932664756447	745	16752.0
mouse1	default_TTTGTCAGTAATAGCA	RS	-0.0005375160510633	0.9198717948717948	0.5757745846430176	538	8908.0
mouse1	default_GCAAACTGTGTAACGG	SPC	0.0022540733294402	0.8047619047619048	0.5789089137847053	244	4106.0
mouse1	default_TCAGGATCATGGTCAT	RS	-0.0025408653584681	0.8516483516483516	0.570568159004216	312	4981.0
mouse1	default_CGTTCTGTCGTCCAGG	SPC	0.0043229601522955	0.96	0.5825511945392492	274	4688.0
mouse1	default_ACACTGAAGTCTCAAC	SPC	0.0028441416339725	0.9	0.5865751334858886	537	9177.0
mouse1	default_CGTGTAAAGGAGTTTA	RS	0.0117757860433233	0.8333333333333334	0.5950738916256157	113	2030.0
mouse1	default_AAAGATGAGGTACTCT	RS	-0.0063984955437822	0.8090909090909091	0.5851764705882353	264	4250.0
mouse1	default_GAGGTGATCTAACCGA	SPC	0.0033563073134187	0.8333333333333334	0.568821065230401	215	3342.0
mouse1	default_CGTTGGGGTTCCGGCA	RS	0.0071249107681358	0.8571428571428571	0.5924124513618677	124	2056.0
mouse1	default_GATCTAGGTCACAAGG	RS	0.0129789810269931	0.8888888888888888	0.6051305167397452	975	24403.0
mouse1	default_CGTTGGGCAATCCGAT	SPC	0.0032419576630003	0.8	0.5991550039609189	241	3787.0
mouse1	default_TTTACTGTCAACACAC	RS	-0.0189677188236435	0.75	0.5428617728082968	383	6171.0
mouse1	default_CAGTCCTCACTACAGT	SPC	-0.0186311026135867	0.8	0.5245983935742972	255	3984.0
mouse1	default_TCACGAACAACTTGAC	RS	-0.0238281725098916	0.8	0.5552602436323366	285	4515.0
mouse1	default_CTAACTTAGACCGGAT	SPC	0.0031376191924685	0.9090909090909092	0.5882761012833854	356	5766.0
mouse1	default_CTACACCTCGTGGACC	RS	-0.0108968378822264	0.8571428571428571	0.588702712040076	359	5789.0
mouse1	default_GACGGCTAGATCTGCT	RS	-0.0020626657412111	0.9198717948717948	0.5722779635823114	344	5382.0
mouse1	default_CTACGTCAGGGAAACA	RS	-0.0067009120462056	0.905982905982906	0.5952577319587629	304	4850.0
mouse1	default_TACTTACGTAATAGCA	RS	-0.0001597273146666	0.8571428571428571	0.5748721694667641	360	5476.0
mouse1	default_AGCATACGTTCGTTGA	RS	0.0028588132183596	0.8333333333333334	0.5601317957166392	313	4856.0
mouse1	default_TGTTCCGCATTCTCAT	RS	-0.0048832906276221	0.8786764705882353	0.5724914154902709	326	5242.0
mouse1	default_AACTGGTAGAGAGCTC	RS	-0.0028894421875302	0.9090909090909092	0.5924089261872973	324	5243.0
mouse1	default_CTTTGCGAGTTTCCTT	SPC	-0.0190544951046193	0.6821428571428572	0.5561185710666329	240	3947.0
mouse1	default_TCACAAGGTCCAAGTT	RS	0.0008294356833989	0.8	0.5625827814569536	397	6040.0
mouse1	default_ATCTGCCAGACAGGCT	SPC	0.0074555818735746	0.9710144927536232	0.5898925867230146	357	5679.0
mouse1	default_TAAACCGTCTAACTCT	RS	-0.0190295812357553	0.7712264150943396	0.5562875411741911	324	5161.0
mouse1	default_GACGCGTAGCGATGAC	RS	-0.0197142806657057	0.75	0.5608242853977399	293	4513.0
mouse1	default_CCCAATCAGTACGCGA	RS	-0.0048325095927721	0.8	0.5773232866881952	364	5574.0
mouse1	default_CTACGTCCAGCGTCCA	RS	-0.0085537892167431	0.6666666666666666	0.5269050802139037	352	5984.0
mouse1	default_GATCGATAGCGTGAGT	SPC	0.0003719384945734	0.8660714285714286	0.5929926238145417	244	3796.0
mouse1	default_ACGAGGAGTGATGCCC	RS	0.0098332868782139	0.9166666666666666	0.5865116279069768	413	6450.0
mouse1	default_CACTCCATCGCGGATC	RS	-0.013102989767989	0.7525252525252526	0.5571462098099038	274	4261.0
mouse1	default_CGGACTGTCTCGATGA	ES	-0.0117821054733983	0.8636363636363636	0.6014358974358974	375	9750.0
mouse1	default_AAACGGGTCATTTGGG	RS	0.0057244117121181	0.8605769230769231	0.58584686774942	248	4310.0
mouse1	default_CGCGTTTGTAGCTCCG	RS	0.0107458739146965	0.9375	0.5882496343247197	261	4102.0
mouse1	default_TCAGATGAGAATTCCC	SPC	0.0016119240869025	0.8333333333333334	0.5874241588527302	238	3626.0
mouse1	default_CACAAACGTTTGTGTG	SPC	-0.008812908532123	0.8333333333333334	0.5797638342208845	266	4319.0
mouse1	default_AACCATGAGAGGTACC	SPC	-0.0067523856789133	0.8571428571428571	0.5735735735735735	297	4662.0
mouse1	default_TGTTCCGTCTTCAACT	SPC	-0.0076708433845409	0.8666666666666667	0.5794676806083651	245	3945.0
mouse1	default_CTCGTACCAGGTGCCT	RS	-0.0137283396293063	0.9145454545454546	0.5626395939086294	300	4925.0
mouse1	default_CGGTTAAAGGTGCTAG	RS	-0.0013026748454231	0.8550420168067226	0.5842502696871629	306	4635.0
mouse1	default_ACAGCTACAATCGGTT	RS	-0.003178121170957	0.8571428571428571	0.5776015536494579	397	6179.0
mouse1	default_TCGCGTTCACAGATTC	SPC	0.0035790456987133	0.8571428571428571	0.5748001931019686	804	18643.0
mouse1	default_GAACATCAGCCACGCT	RS	0.0135633218313459	0.847926267281106	0.5705294335431321	326	5402.0
mouse1	default_AAGCCGCAGAACAACT	RS	-0.0136824502223583	0.8633540372670807	0.5711534346244382	300	4673.0
mouse1	default_CCTCTGAAGTGGGCTA	SPC	-0.0036690273692036	0.9285714285714286	0.5898749743799959	302	4879.0
mouse1	default_ATAAGAGAGAATGTTG	SPC	0.004631816141536	0.8333333333333334	0.5868002054442732	237	3894.0
mouse1	default_GTTCGGGGTGCAGTAG	SPC	0.0037976282357483	0.861904761904762	0.595677385345282	238	3794.0
mouse1	default_GAACGGAAGAAACCGC	SPC	0.0191471333315778	0.875	0.5790934320074006	278	4324.0
mouse1	default_CAACCAAAGCAATATG	RS	-0.0068111780254652	0.8	0.5523668151080323	390	6063.0
mouse1	default_GCACATAGTTCCACGG	RS	0.0011140048494818	0.8285714285714285	0.5878251541968356	228	3729.0
mouse1	default_TGATTTCGTCTTCGTC	RS	-0.0172555521121945	0.8333333333333334	0.5611063094209162	372	5785.0
mouse1	default_ACACCCTTCTTAGAGC	SPC	0.0083603971080891	0.9090909090909092	0.5992359121298949	335	5235.0
mouse1	default_ACGGAGACATCTACGA	ES	-0.0002352899704955	0.8	0.6200539568345323	175	4448.0
mouse1	default_CGGACACTCCCAACGG	RS	0.0004636458781142	0.9	0.56	326	5025.0
mouse1	default_GTACGTATCGTGGTCG	RS	0.0164904590936519	1.0	0.6410373066424022	141	2198.0
mouse1	default_TGCTGCTTCTAACTGG	RS	-0.0127103981033711	0.6666666666666666	0.5515166104959076	259	4154.0
mouse1	default_TGCACCTAGGATGGTC	SPC	0.0066018276297636	0.9090909090909092	0.5854289409397903	417	6959.0
mouse1	default_CGAATGTAGGTGGGTT	RS	0.0029329631245684	0.8333333333333334	0.598884290084578	372	5557.0
mouse1	default_TCGTAGATCCGCGCAA	RS	-0.0094403762289797	0.8333333333333334	0.5603141948756312	329	5347.0
mouse1	default_TGATTTCAGGATGGTC	RS	0.0081946298166857	0.8888888888888888	0.5788446526151444	473	7686.0
mouse1	default_ACACCGGAGTATCTCG	SPC	-0.0112672202829693	0.75	0.5621227364185111	242	3976.0
mouse1	default_TGGGCGTAGAGCCCAA	SPC	0.0001593868863624	0.875	0.5764800428609698	222	3733.0
mouse1	default_GGAAAGCTCAACTCTT	RS	-0.0036224918031654	0.625	0.5775917578879588	321	6212.0
mouse1	default_AAACGGGCACTCAGGC	SPC	-0.0138595369999038	0.375	0.5642317380352645	79	1588.0
mouse1	default_CGAGCACAGATGAGAG	RS	0.0147084782266824	1.0	0.6772727272727272	109	1760.0
mouse1	default_CCACCTAGTATGGTTC	SPC	-0.0057828127661946	0.875	0.5746811426162116	521	9487.0
mouse1	default_TATTACCAGAGTCTGG	SPC	0.0101615252499273	0.9	0.6022178868466989	794	19478.0
mouse1	default_TAGACCAGTCTAGAGG	RS	-0.0078532443070209	0.8452380952380952	0.5896493212669683	210	3536.0
mouse1	default_GCTCTGTGTAGGGTAC	RS	0.0003281100514226	0.788888888888889	0.5775997213029089	316	5741.0
mouse1	default_AACTGGTGTCAATGTC	SPC	-0.0192410391611744	0.5	0.5787824529991047	120	2234.0
mouse1	default_AGTGAGGTCAGCTTAG	SPC	0.0119414887309526	0.8888888888888888	0.5912197255480838	791	18291.0
mouse1	default_AAGACCTGTGTTCGAT	RS	-0.0030056224176782	0.8333333333333334	0.5870224378411159	331	4947.0
mouse1	default_ACATGGTCATCAGTCA	RS	-0.0102629263584395	0.7236111111111111	0.55625	288	4960.0
mouse1	default_CAGTCCTCAGACGCCT	RS	-0.0054461654834499	0.8	0.5816470588235294	393	8500.0
mouse1	default_CATCAAGCATTTGCCC	SPC	-0.0062115486551743	0.8	0.5577613792202704	721	15313.0
mouse1	default_CGTCCATGTACCCAAT	RS	0.0025437202554225	0.8273809523809523	0.5845158078167787	264	4017.0
mouse1	default_TGAAAGACATGCAATC	SPC	0.0219107196866823	0.7571428571428571	0.5608256477821695	130	2277.0
mouse1	default_GCGCAGTCAGCTCGAC	SPC	0.0135145112931071	0.9591836734693876	0.6138953312493698	535	9917.0
mouse1	default_TACGGTAGTCAACTGT	SPC	-0.0024484734075943	0.8	0.5612170621633426	679	13738.0
mouse1	default_TACTCATAGCGCCTCA	SPC	0.001136958597359	0.8421052631578947	0.5922659115175711	845	21541.0
mouse1	default_TCTCTAAGTGAGGCTA	SPC	0.0027726452094098	0.8908730158730158	0.6181092541780993	264	4009.0
mouse1	default_AGTTGGTTCAGCTTAG	SPC	-0.014386570624597	0.6666666666666666	0.6048125867653864	136	2161.0
mouse1	default_GCCTCTAAGACAGGCT	SPC	0.0118270305780458	0.8846153846153846	0.6108009660688126	893	25257.0
mouse1	default_ATGGGAGTCTTGAGAC	SPC	-0.0021741368491225	0.8888888888888888	0.6010835471913316	227	3507.0
mouse1	default_CCTCAGTCATTACGAC	SPC	-0.0060401291649002	0.8333333333333334	0.5616155191604388	367	6289.0
mouse1	default_TTGACTTGTCCGAACC	SPC	-0.0023632843049203	1.0	0.5925233644859813	204	3210.0
mouse1	default_CGGACGTCACTTACGA	SPC	-0.0018094984549963	0.8333333333333334	0.5760755508919203	308	4765.0
mouse1	default_AGGGATGTCAACGAAA	SPC	0.0150453682819827	0.8888888888888888	0.6104265402843602	823	21100.0
mouse1	default_GCACTCTAGATAGCAT	SPC	-0.0104564406924528	0.8571428571428571	0.577782170389405	353	5059.0
mouse1	default_GTCATTTTCACCATAG	SPC	0.0005379638868465	0.8333333333333334	0.5624598930481284	801	18700.0
mouse1	default_TCGGTAAGTCTCACCT	SPC	0.0042018611992544	0.875	0.5819652195062629	752	16446.0
mouse1	default_CTCGGAGGTCCAACTA	SPC	0.001068353526577	0.875	0.58461210571185	676	14076.0
mouse1	default_CTGAAGTTCGCCCTTA	SPC	-0.0043425866197403	0.9090909090909092	0.5840030616150019	163	2613.0
mouse1	default_CTAAGACTCCACGAAT	SPC	-0.0113508405826076	0.7596153846153846	0.559674861221253	314	5044.0
mouse1	default_CCTTTCTAGATGTTAG	SPC	0.0109260099912684	0.861904761904762	0.5932668460767242	794	18951.0
mouse1	default_CGTTGGGAGCAGACTG	SPC	0.0116914817286324	0.9192271880819368	0.5818085388491117	594	11313.0
mouse1	default_GGACAGATCCATGAAC	SPC	0.0008617876743121	0.8333333333333334	0.5775039745627981	716	15096.0
mouse1	default_TTCTACAGTCGCGTGT	SPC	0.011853928092557	0.9166666666666666	0.5866815892557359	493	8935.0
mouse1	default_CATCCACCATTCGACA	SPC	0.0095941166110324	0.8516483516483516	0.5987982888678445	1010	30623.0
mouse1	default_GAGCAGACATAAGACA	RS	0.0047588795119722	0.9	0.6082453290008123	339	4924.0
mouse1	default_TAAGCGTCAGCTCGCA	SPC	0.011144486725816	0.9047619047619048	0.585696058973632	681	14108.0
mouse1	default_TGTTCCGCATGTAAGA	SPC	0.0101830356073018	0.9	0.6014945349096588	780	17932.0
mouse1	default_CGGGTCATCACGCATA	RS	0.0043065778476315	0.9	0.5818826563507414	409	6204.0
mouse1	default_TAGACCACATGTAAGA	SPC	0.0134484234024894	0.8888888888888888	0.6059419036475556	805	19657.0
mouse1	default_CTTCTCTCACATCCGG	SPC	-0.0258993906487985	0.6	0.5544174135723432	251	3905.0
mouse1	default_CCTACCACAATGGACG	SPC	0.0109475386214318	0.8888888888888888	0.5970485472600221	823	21752.0
mouse1	default_GTACTTTTCTTTACGT	SPC	-0.0057918189219641	0.8090909090909091	0.6282051282051282	130	2184.0
mouse1	default_GGATGTTTCTGGTTCC	SPC	0.0014113642205044	0.864367816091954	0.5495586745767617	684	13822.0
mouse1	default_TACAGTGAGTGTACTC	RS	9.840069822425202e-05	0.875	0.5684974093264249	307	4825.0
mouse1	default_CTACCCAGTACCCAAT	RS	0.0045263406177245	0.8888888888888888	0.5571457367466237	297	4961.0
mouse1	default_ATCTACTCACGGTAGA	SPC	0.0054678448562345	0.875	0.6233405835145879	670	13333.0
mouse1	default_AGTGGGACAATGCCAT	SPC	0.0069621019329449	0.9310344827586208	0.6085509024005608	613	11414.0
mouse1	default_TTGAACGAGGCTAGGT	SPC	0.0113330050117546	0.8888888888888888	0.6116404494382023	841	22250.0
mouse1	default_ACACTGATCCACGTGG	SPC	-0.0018311156604012	0.8695652173913043	0.579411132602622	525	9306.0
mouse1	default_CCTTCGATCCTTTACA	SPC	-0.0195616544347461	0.5857142857142856	0.5786384976525821	98	1704.0
mouse1	default_TAAGAGACATGCATGT	RS	-0.0021584934726271	0.8090909090909091	0.5506329113924051	342	5214.0
mouse1	default_ACAGCTAAGGACATTA	SPC	0.0100902085768802	0.875	0.6127034248239009	492	8234.0
mouse1	default_GTCCTCACACGAGGTA	SPC	-0.009141465336805	0.9411764705882352	0.5809614168247944	199	3162.0
mouse1	default_CATTATCGTTTGCATG	SPC	0.0123442403827523	0.9047619047619048	0.617356205852674	807	19820.0
mouse1	default_GATGAAAGTCGAGTTT	SPC	0.006111154303414	0.875	0.6011599606441924	785	19311.0
mouse1	default_GGATGTTGTGATGCCC	RS	0.0057443087658656	0.8461538461538461	0.5570089383039023	293	4587.0
mouse1	default_AATCGGTCAAGTCTAC	SPC	0.0020032305450538	0.96875	0.6008414766558089	443	7368.0
mouse1	default_TCGCGAGAGGGTGTTG	SPC	0.0024957767478845	0.8599439775910365	0.590293453724605	224	3544.0
mouse1	default_GGGATGATCCTTTCTC	SPC	0.0006312973179169	0.875	0.5785787060621498	472	7852.0
mouse1	default_AGGGAGTTCGAATGCT	SPC	0.0054222253124715	0.875	0.5773027390991697	716	15297.0
mouse1	default_GGTATTGAGCGTGAGT	SPC	-0.0308136075881045	0.6	0.5752469494479954	95	1721.0
mouse1	default_CGCTTCAAGCTAGTGG	SPC	0.0196104386568941	0.9090909090909092	0.6075331176362859	729	16381.0
mouse1	default_GCAAACTAGTGTCCCG	SPC	0.0127148249042589	0.8888888888888888	0.5894749891526685	727	16133.0
mouse1	default_GAATAAGCAAACTGCT	SPC	0.0066163944977699	0.925824175824176	0.5878816345702208	588	10645.0
mouse1	default_GAGTCCGCAGACGCCT	SPC	-0.007391177442019	0.8333333333333334	0.577647767357825	606	11623.0
mouse1	default_CATTATCGTTAGTGGG	SPC	0.00256954943729	0.8974358974358975	0.5884865149476394	731	17093.0
mouse1	default_CAGCAGCAGTATGACA	SPC	-0.0185014375962408	1.0	0.6314252336448598	107	1712.0
mouse1	default_GTATCTTAGCATCATC	SPC	0.0084926455341653	0.8802008608321377	0.5721608201185328	642	12486.0
mouse1	default_GCGCAACAGTGCAAGC	SPC	0.0105783212196091	0.875	0.5853817707200348	782	18388.0
mouse1	default_CGGCTAGCATCCGTGG	SPC	-0.003071682997531	0.8452380952380952	0.5827420462348364	270	4369.0
mouse1	default_GGAATAAGTAAATACG	SPC	0.01943046557812	0.9016393442622952	0.6173289224250084	909	26903.0
mouse1	default_GGACAAGCATCCGTGG	SPC	0.0062013610567755	0.9047379032258064	0.5903491312066276	770	18589.0
mouse1	default_TACCTATCAGCTATTG	SPC	0.0031577167180758	0.9090909090909092	0.5973804100227791	97	1756.0
mouse1	default_ATCTGCCTCGATCCCT	SPC	-0.0055352932778211	0.8181818181818182	0.5877728917772502	881	25697.0
mouse1	default_ACCGTAAGTGCAGTAG	SPC	0.015324117494249	0.9	0.6114133955175541	703	15438.0
mouse1	default_AACGTTGAGGGAGTAA	SPC	0.0188202852148575	0.9166666666666666	0.5914887519701963	697	13958.0
mouse1	default_CGTCAGGGTGCTGTAT	SPC	0.0002308489210942	0.8779761904761905	0.6062347614071752	600	11484.0
mouse1	default_AGATCTGTCTGATTCT	SPC	0.0102415341032235	0.7647058823529411	0.5610619469026549	281	4520.0
mouse1	default_CATATGGCACCAGTTA	SPC	-0.0045519874992422	0.8333333333333334	0.5590468156895825	298	4742.0
mouse1	default_GTAACGTCATCGGAAG	SPC	0.0093356781017672	0.9080338266384778	0.6166648536930273	522	9193.0
mouse1	default_GGACATTCAAACAACA	SPC	0.0187154205010742	0.9	0.5922636103151863	878	24430.0
mouse1	default_GGAACTTAGCCAGAAC	SPC	0.0093557758295196	0.9090909090909092	0.6030478063168244	497	8137.0
mouse1	default_TGCACCTGTTGGACCC	SPC	0.0085514803857434	0.9	0.5904640272456364	862	23490.0
mouse1	default_AGCTCTCGTACTCTCC	SPC	0.0034024543440058	0.8571428571428571	0.5814492753623188	305	5175.0
mouse1	default_GTCTTCGGTCGGCACT	RS	0.0068660714991217	1.0	0.6088922381311228	175	2654.0
mouse1	default_CCATTCGAGTCTTGCA	RS	-0.0137180621732832	0.7735042735042735	0.5418452935694315	352	5365.0
mouse1	default_TTTGGTTTCGGTGTCG	RS	-0.003173399895511	0.8	0.5375158965663417	308	4718.0
mouse1	default_TCTTCGGCATGTCGAT	SPC	0.0025696896111238	0.8888888888888888	0.5668644454586946	574	10955.0
mouse1	default_TACTCATCAGAGTGTG	RS	0.0145398200940702	0.8235294117647058	0.5741502192982456	421	7296.0
mouse1	default_TTTGTCACAAGTTAAG	SPC	0.0011164115921328	0.8166666666666667	0.5660939289805269	276	4365.0
mouse1	default_GGCTGGTAGCTGGAAC	SPC	0.007138252896495	0.9090909090909092	0.5965719063545151	727	16744.0
mouse1	default_TCCCGATCATTCACTT	RS	-0.0086962532058366	0.8	0.5538181818181818	374	5500.0
mouse1	default_ACGATGTCATTCGACA	SPC	-0.0006174063235897	0.8333333333333334	0.559250413374977	748	16329.0
mouse1	default_CTGCCTAGTCGAAAGC	SPC	0.0005216033538949	0.8452380952380952	0.5624536968439768	396	6749.0
mouse1	default_ATCCACCCAGTACACT	SPC	-0.012960226446528	0.872983870967742	0.5941975762027176	172	2723.0
mouse1	default_AAAGTAGTCCGCAGTG	SPC	0.0090947440628628	0.875	0.6104204497834893	827	21477.0
mouse1	default_TTCTTAGCAATCGAAA	RS	-0.0021751174441491	0.8181818181818182	0.5650246305418719	253	4060.0
mouse1	default_ACATCAGCATCGGACC	SPC	-0.0016326776607491	0.875	0.6064981949458483	313	4709.0
mouse1	default_GATCGCGAGGCTAGCA	RS	0.0040653795074367	0.9226190476190476	0.5885486018641811	338	5257.0
mouse1	default_TCACGAATCACAACGT	ES	-0.0127522353931495	0.8	0.6320191158900836	177	5022.0
mouse1	default_CTACCCAGTGTGAAAT	SPC	0.0035713050476977	0.8823529411764706	0.5689399977228737	779	17566.0
mouse1	default_GATCGATGTAGTACCT	RS	-0.0024028113206346	0.8571428571428571	0.577260018639329	355	5365.0
mouse1	default_CACCAGGCAGCCTTTC	SPC	-0.0176019262400645	0.8571428571428571	0.5952023988005997	250	4002.0
mouse1	default_AGCGTATAGTCATGCT	SPC	0.0046670400601571	1.0	0.6014713343480467	243	3942.0
mouse1	default_AACTTTCGTCCGTCAG	SPC	-0.001002045414712	0.8888888888888888	0.5598980458793543	473	8239.0
mouse1	default_CGGGTCAGTATCACCA	RS	-0.017378802627653	0.8	0.5839034205231388	321	4970.0
mouse1	default_ATAGACCCAGTCAGAG	RS	0.006392171102585	0.8333333333333334	0.5614591593973037	320	5044.0
mouse1	default_CAGCCGAAGAACTCGG	RS	0.0001972578551392	0.9226190476190476	0.5951151707704527	322	5036.0
mouse1	default_CACATAGGTAGCCTCG	SPC	0.0052441206403949	0.875	0.6034807417974323	767	17525.0
mouse1	default_ACACCAACAAGCGATG	SPC	0.0025692068419531	0.8571428571428571	0.5857461024498887	231	3592.0
mouse1	default_CACCTTGAGGCTCATT	SPC	-0.0082338425947235	0.8333333333333334	0.5591451292246521	380	6036.0
mouse1	default_AAATGCCCAAAGGTGC	SPC	-0.0210247606085063	0.8	0.6016771488469602	110	1908.0
mouse1	default_AGGTCATAGAGGGATA	RS	-0.0087266730976987	0.8571428571428571	0.5868402282453637	355	5608.0
mouse1	default_CCATGTCGTGATGTCT	RS	-0.0014852259379966	0.7727272727272727	0.5567275533830718	239	3887.0
mouse1	default_GATCTAGGTCACTGGC	SPC	0.0024486628571777	0.8333333333333334	0.5588678728070176	694	14592.0
mouse1	default_CGGACACTCGCACTCT	SPC	-0.0180119826705663	0.7142857142857143	0.5528588098016336	249	4285.0
mouse1	default_TCACGAAAGTTTAGGA	SPC	0.010710770141199	0.895945945945946	0.6107338852199795	844	21502.0
mouse1	default_CCACCTACAGACGTAG	RS	-0.016591460211013	0.6	0.5600823987182422	252	4369.0
mouse1	default_TCTTCGGAGCTAGCCC	SPC	0.0148394685875722	0.9084928229665072	0.5953668336723051	802	20159.0
mouse1	default_GAGGTGATCTGAGTGT	RS	-0.004589108838452	0.8	0.5695075413410867	361	5503.0
mouse1	default_GCTGCGAAGCGGCTTC	SPC	0.0029339044394058	0.9090909090909092	0.5803090814377496	359	5759.0
mouse1	default_CTACCCAGTTCCGTCT	SPC	-0.0377019027472791	0.4	0.51797157982725	212	3589.0
mouse1	default_TGACGGCCATTAACCG	SPC	-0.0184034794963849	0.2629310344827586	0.5203501094091904	136	2285.0
mouse1	default_GCTGCTTTCATCGATG	SPC	0.011796624303468	0.8571428571428571	0.5721701696632059	483	7898.0
mouse1	default_GAGTCCGGTTAGGGTG	SPC	0.0191665746117869	0.9183333333333332	0.6142230638891657	808	20066.0
mouse1	default_ACTGAGTAGCCAACAG	SPC	-0.0013698579860723	0.8875	0.6031581672275433	238	3863.0
mouse1	default_GGACAGAGTGTCAATC	RS	0.005779905770463	0.6	0.5945839874411303	160	2548.0
mouse1	default_CGAGCCACAGCCTGTG	SPC	-0.0045719002538189	0.8333333333333334	0.5689790870249607	763	17788.0
mouse1	default_AACTCTTTCAGTTTGG	SPC	-0.0142687819128031	0.7142857142857143	0.5543448651593571	218	3671.0
mouse1	default_CTTAACTCATGTCTCC	RS	-0.0054164238156265	0.8	0.5447372838677187	368	5957.0
mouse1	default_CACCAGGTCACATAGC	RS	-0.0048859561202077	0.8	0.5421735604217356	308	4932.0
mouse1	default_ATCGAGTCACAGCGTC	RS	0.0017312699918184	0.875	0.5699001426533523	347	5608.0
mouse1	default_GTCGGGTGTAGCCTCG	RS	0.0049771922743053	0.875	0.572	328	5250.0
mouse1	default_GGATTACTCCGTACAA	RS	-0.0092917490251337	0.8333333333333334	0.5599729318220267	386	5911.0
mouse1	default_GCATACAGTCTTGCGG	SPC	0.0030953247251251	0.8333333333333334	0.582675389127002	271	4433.0
mouse1	default_GGCTGGTTCTGGTATG	SPC	-0.0103319279886255	0.8181818181818182	0.5826265741454639	237	3891.0
mouse1	default_GCCAAATCAAGCGATG	SPC	0.003010395287093	0.875	0.6071779744346116	245	4068.0
mouse1	default_GAGCAGAAGAATGTGT	SPC	-0.001647779739546	0.943939393939394	0.5904346175744923	322	5269.0
mouse1	default_CATGGCGAGGTGATTA	SPC	0.0101075445207457	0.9791666666666666	0.6285500747384155	543	9366.0
mouse1	default_GATGAAAGTGTGCGTC	RS	-0.0007478162049845	0.7927350427350428	0.5793485793485793	340	5772.0
mouse1	default_TAAGCGTAGGATGCGT	SPC	0.0102529460397007	0.9322033898305084	0.6304547542489665	295	4354.0
mouse1	default_TTCCCAGCATAACCTG	ES	-0.0205357792110626	0.5651260504201681	0.5929905346635969	160	3909.0
mouse1	default_GGGAGATTCGTCTGCT	RS	-0.0055999878806025	0.8333333333333334	0.5639786737754082	367	6002.0
mouse1	default_GATTCAGAGTTACGGG	RS	0.0090576265685286	0.849624060150376	0.6002283105022831	296	4380.0
mouse1	default_ACGAGGATCTTACCGC	ES	-0.0167058578088538	0.6226415094339622	0.6631400761743547	69	2363.0
mouse1	default_TGCTACCAGAAGGACA	RS	-0.0032027239704905	0.7692307692307693	0.6026561378320172	181	2786.0
mouse1	default_CTGATAGAGGCATGGT	ES	0.001483384725506	0.95	0.6150761828388132	405	6235.0
mouse1	default_GGTGAAGCAACGATCT	RS	0.0037205813267166	0.8888888888888888	0.5886426592797784	586	10108.0
mouse1	default_CTGAAACTCTTACCTA	ES	0.0028391445314466	0.8571428571428571	0.6298904538341158	123	2556.0
mouse1	default_AAAGCAAGTGATGATA	SPC	0.0188456698166531	0.8823529411764706	0.6184312555920072	752	16765.0
mouse1	default_TTATGCTGTACCGTAT	RS	-0.0042958726153472	0.7735042735042735	0.5431768042861645	384	6346.0
mouse1	default_TTCTCAAGTAGGGACT	RS	-0.0093884118871606	0.8257575757575758	0.5621069182389937	322	5088.0
mouse1	default_ACGAGGAAGATCCGAG	RS	0.0074278721673341	0.9	0.5847069597069597	546	8736.0
mouse1	default_CCAATCCAGTGAATTG	RS	0.0067710222308015	0.8571428571428571	0.5740163147792706	495	8336.0
mouse1	default_GTATCTTTCCTTAATC	RS	-0.0238443610731993	0.8257575757575758	0.5527406725011516	276	4342.0
mouse1	default_ATAGACCTCCCATTAT	RS	0.0005219789310145	0.8333333333333334	0.5778495157685622	269	4027.0
mouse1	default_GGTATTGGTGCAGGTA	SPC	-0.0025553932277646	0.8	0.5684231222965002	301	5086.0
mouse1	default_CGAGAAGAGAGTACCG	RS	0.0148071154898265	0.9170358437374144	0.615058910162003	802	16296.0
mouse1	default_CGAGCACCATCAGTCA	RS	-0.0075269506163112	0.8	0.5579044117647058	333	5440.0
mouse1	default_TTATGCTAGTACCGGA	SPC	0.0166900881271838	0.8888888888888888	0.5933990215668711	679	14513.0
mouse1	default_CCGGGATGTACTTAGC	SPC	0.0114779502653014	0.9285714285714286	0.6137376562090361	628	11443.0
mouse1	default_TCGGTAACATGGTCAT	RS	-0.0002087257354004	0.8125	0.5481584433634469	401	7195.0
mouse1	default_CCAGCGAGTTGTCTTT	SPC	-0.0047910395744774	0.8571428571428571	0.603372891942536	213	3202.0
mouse1	default_TCACGAAGTTGGAGGT	RS	-0.0037395402033879	0.8	0.5755346449957228	351	5845.0
mouse1	default_CATTCGCAGATGTGTA	SPC	0.0022039746329541	0.8963675213675213	0.6008956059333893	240	3573.0
mouse1	default_CAAGAAACACGTCTCT	SPC	-0.0060778982542426	0.875	0.5770874596059626	535	9593.0
mouse1	default_CTCTGGTCATCACAAC	RS	-0.0035924606980136	0.7735042735042735	0.551844262295082	316	4880.0
mouse1	default_CCATTCGTCGCGGATC	RS	-0.0067970733119599	0.8333333333333334	0.5515930485155685	352	5524.0
mouse1	default_TGAGAGGTCACGACTA	RS	0.0068514359334374	1.0	0.6267267267267267	193	3330.0
mouse1	default_CTGATCCGTTGTCTTT	RS	-0.0032050606596437	0.8571428571428571	0.5709281961471103	366	5710.0
mouse1	default_ATTGGACGTTAAGTAG	ES	0.0010455577915199	0.873015873015873	0.6301467955603294	100	2793.0
mouse1	default_GGGTCTGCATGAGCGA	RS	-0.0040065701572785	0.916083916083916	0.5991812430219575	164	2687.0
mouse1	default_GCAGCCACACACGCTG	RS	-0.001917614906951	0.8	0.534527242373653	409	6589.0
mouse1	default_GACGTGCCATGTAAGA	RS	0.0017160678500886	1.0	0.5863031343924431	306	4658.0
mouse1	default_GTCCTCATCGCAAGCC	RS	-0.0057216924370949	0.8	0.5828025477707006	386	5652.0
mouse1	default_GCCAAATTCTAACCGA	RS	0.0034672272369479	0.8571428571428571	0.5479177119919719	376	5979.0
mouse1	default_TTGGCAATCACCGTAA	RS	0.0059268112031207	0.8571428571428571	0.5729271184894645	649	10963.0
mouse1	default_TGGGAAGTCAGTCCCT	RS	0.0234535204525374	0.9705882352941176	0.5966958211856171	124	2058.0
mouse1	default_CGTTCTGCAGACGCTC	RS	0.0005506431030683	0.8	0.5838448318192978	263	4073.0
mouse1	default_CTTCTCTCATGCAATC	RS	-0.0051667805103984	0.71875	0.5491310160427807	365	5984.0
mouse1	default_GTGTTAGAGCTGATAA	SPC	-0.0132345386475711	0.7571428571428571	0.5950563431479462	176	2751.0
mouse1	default_GGAACTTGTAGCTTGT	RS	-0.017348670488289	0.7386363636363636	0.56704	192	3125.0
mouse1	default_CGTGTCTTCCTCTAGC	RS	-0.009083436326593	0.6666666666666666	0.552943581357318	310	4892.0
mouse1	default_TGGGAAGCAATCGGTT	RS	-0.002655212823015	0.9015444015444016	0.593141797961075	204	3237.0
mouse1	default_CTGCTGTGTACCGTAT	RS	-0.0123823248481128	0.8333333333333334	0.5693732429303787	391	6047.0
mouse1	default_GCAGCCACATGTAGTC	RS	-0.0023639735663868	0.8819444444444444	0.5839787028073572	256	4132.0
mouse1	default_CATATTCTCGCTTGTC	RS	-0.0166134398247943	0.8	0.5591989987484356	240	3995.0
mouse1	default_CGGAGTCAGGCGCTCT	RS	-0.004314551333642	0.9099462365591398	0.5728824688115561	390	6092.0
mouse1	default_GTATCTTTCTTTCCTC	RS	-0.0031195785869422	0.8	0.5447332421340629	223	3655.0
mouse1	default_GATCGATTCGAATGGG	RS	-0.0013112650542625	0.8333333333333334	0.6031475967673331	308	4702.0
mouse1	default_CGTCTACGTAGCGTGA	RS	0.0064448076450719	0.6666666666666666	0.5770054748869317	263	4201.0
mouse1	default_TACCTATGTTCGTGAT	ES	-0.0074319370015543	0.8257575757575758	0.6205023761031908	180	4419.0
mouse1	default_TACTCATAGGGATCTG	RS	-0.0003659897760325	0.7416666666666667	0.5629301868239921	254	4068.0
mouse1	default_AACTTTCCACAGACTT	SPC	-0.0075005642119948	0.8461538461538461	0.5657107489168558	285	4847.0
mouse1	default_ACGCCGAGTCTAGCGC	RS	0.0022118421698986	0.7466666666666666	0.5686102586584831	284	4562.0
mouse1	default_ACTGATGCAATGGAGC	RS	0.0037940843645013	1.0	0.5795411808950733	338	5318.0
mouse1	default_AACGTTGTCCACGTGG	RS	-0.0172648741837472	0.8333333333333334	0.5733435465338951	353	5222.0
mouse1	default_GGTGAAGCAGCCTATA	RS	0.0023704317275857	0.875	0.5674464907914385	375	6027.0
mouse1	default_CAGTAACTCCCTTGTG	RS	0.0083623058585004	0.5685618729096991	0.5615348619560131	116	2137.0
mouse1	default_AGTGAGGGTCCATGAT	RS	0.0134063781275374	0.927536231884058	0.61194693544801	735	13493.0
mouse1	default_GGGACCTGTTCCCTTG	RS	-0.0011001400204216	0.9333333333333332	0.5804209306815987	353	5179.0
mouse1	default_CCCAGTTTCGCAGGCT	RS	-0.0075056699180918	0.8125	0.5689091167685962	431	7031.0
mouse1	default_GCTGCAGCAGACGCCT	SPC	0.0037787429465849	0.88	0.5996623997749332	817	21327.0
mouse1	default_CATATGGTCAACCAAC	RS	-0.0054022815148368	0.75	0.5470195825263611	299	4647.0
mouse1	default_GATCTAGCACGAAGCA	SPC	0.0005367587268526	0.8	0.5630565334437772	309	4829.0
mouse1	default_TTGGAACGTAGGGTAC	RS	-0.0032595241424233	0.8	0.5841885214747244	347	5262.0
mouse1	default_ACGCCGAGTCTCCACT	RS	-0.0105541638195177	0.8	0.5600735594605639	307	4894.0
mouse1	default_CAGCTAAGTATTCGTG	RS	0.0173985062189806	0.9090909090909092	0.5907692307692308	331	4875.0
mouse1	default_CACACTCTCGTTGCCT	RS	-0.0140335650916351	0.8	0.5701136978884678	230	3694.0
mouse1	default_TCAGGATAGTCATGCT	RS	-0.0023247102058815	0.8571428571428571	0.5828105800944189	705	15463.0
mouse1	default_TTTGTCAGTCTCGTTC	RS	-0.0203397380763721	0.6458333333333333	0.5389948006932409	266	4039.0
mouse1	default_TCAGGATGTCTTCTCG	ES	-0.0286144150916567	0.5	0.6225736879942487	135	4173.0
mouse1	default_AGTGAGGGTTTGGCGC	RS	-0.0080436120683176	0.8	0.5671140939597316	394	6258.0
mouse1	default_CAACTAGTCAACACCA	SPC	-0.0062992268161094	0.8333333333333334	0.566721044045677	381	6130.0
mouse1	default_ACATGGTGTGCATCTA	SPC	0.0143711394074154	0.8888888888888888	0.5961343319642426	836	20695.0
mouse1	default_CTCTAATGTGTTTGGT	ES	-0.0285085973850105	0.45	0.5943070730304773	134	3478.0
mouse1	default_GCTTCCAAGTCGATAA	RS	0.0004958033944797	0.8571428571428571	0.579037473844398	346	5257.0
mouse1	default_AGCTCCTGTTGAGTTC	RS	-0.0011806357405835	0.8452380952380952	0.5708962541674838	322	5099.0
mouse1	default_GTGTGCGAGGAGTTGC	ES	-0.0358758164097439	0.6823529411764706	0.6386813186813187	74	2275.0
mouse1	default_GTTCGGGAGGCTCAGA	RS	-0.0033157764058625	0.8819444444444444	0.5858643744030564	334	5235.0
mouse1	default_ATCACGATCTTGTACT	RS	0.0098325933044942	0.875	0.5639339863142359	464	7453.0
mouse1	default_GGATGTTCACGACTCG	RS	-0.0045412865114807	0.7272727272727273	0.5665954415954416	177	2808.0
mouse1	default_ACTGCTCAGTGCGATG	RS	-0.0095269100259133	0.8	0.5702179176755447	304	4956.0
mouse1	default_ATTCTACAGTGTTAGA	RS	-0.014023426486754	0.75	0.5409990574929312	327	5305.0
mouse1	default_CGGACTGTCCTTTCGG	RS	-0.0319838596461199	0.7416666666666667	0.554562383612663	160	2685.0
mouse1	default_CAGCGACGTAATTGGA	RS	-0.0069069324593628	0.8333333333333334	0.5639546449174458	323	5027.0
mouse1	default_CAACTAGTCAGGCAAG	RS	0.0026939900169918	0.8660714285714286	0.579891130323407	404	6246.0
mouse1	default_AAACGGGCACAGGTTT	RS	-0.0041022653768581	0.8333333333333334	0.5549847264648708	427	7202.0
mouse1	default_TCTATTGTCCCTAACC	RS	-0.0176231217870231	0.5967741935483871	0.5158458562713882	387	6721.0
mouse1	default_TACTTACTCCGTTGTC	SPC	-0.0026597269052572	0.8660714285714286	0.5862215607059323	294	4703.0
mouse1	default_GACCAATGTAGGAGTC	RS	-0.0001212313041034	0.8660714285714286	0.583171772004653	320	5158.0
mouse1	default_CGGTTAATCGAACTGT	RS	-0.0201864370330385	0.6333333333333333	0.5506857483601669	208	3354.0
mouse1	default_CACATTTCACCATCCT	RS	-0.0107586052342425	0.8	0.5417251051893408	357	5704.0
mouse1	default_CTTTGCGTCTCAACTT	RS	-0.0156535975891287	0.7032967032967032	0.5572969329288844	388	5934.0
mouse1	default_ATGTGTGCATCAGTAC	RS	0.0120759587725828	0.8571428571428571	0.5788416471375962	347	5974.0
mouse1	default_CCCTCCTCAATGGATA	SPC	0.0013183294882321	0.8421052631578947	0.5711892797319933	227	3582.0
mouse1	default_AAACCTGTCAACGAAA	RS	-0.0035735666148946	0.8	0.546289993192648	359	5876.0
mouse1	default_GGTGCGTAGTCGTACT	RS	0.0032437553813521	1.0	0.5915013325436779	413	6754.0
mouse1	default_CTTCTCTGTAAGTGGC	RS	-0.0035589929562599	0.7083333333333333	0.5709378220542769	170	2911.0
mouse1	default_CCAATCCGTCTTCGTC	RS	-0.0122408692824193	0.8333333333333334	0.5779236566982737	289	4113.0
mouse1	default_CAAGGCCTCCTAAGTG	ES	-0.0213017749902355	0.7272727272727273	0.6091753774680604	267	6888.0
mouse1	default_TATGCCCTCTTCCTTC	RS	-0.0249420446838294	0.5	0.5211593414069942	435	7349.0
mouse1	default_TATCAGGAGTGAACGC	RS	0.0006703828155807	0.6666666666666666	0.565270083102493	329	5776.0
mouse1	default_ATTTCTGGTGAGGCTA	ES	-0.0239553725914182	0.8	0.5985533453887885	135	3318.0
mouse1	default_TCAACGAGTTCCACAA	RS	-0.0092326888130616	0.7142857142857143	0.5400060845756008	375	6574.0
mouse1	default_GACGTGCAGAGGGATA	ES	-0.0057217986840224	0.7272727272727273	0.6371326803205699	83	2246.0
mouse1	default_AAAGTAGCAGCGTAAG	ES	-0.0152552730447779	0.6571428571428571	0.6155154091392137	172	4705.0
mouse1	default_AGCAGCCCAAATCCGT	ES	0.0090799363947468	0.7823529411764706	0.6386516853932585	100	2225.0
mouse1	default_ACTATCTAGGTGCACA	RS	-0.0067156976008124	0.8	0.5734185733512785	689	14860.0
mouse1	default_TACGGGCCAGGAATCG	SPC	-0.0044952078663422	0.9	0.5945821854912764	278	4356.0
mouse1	default_AATCCAGCATCCCACT	RS	-0.0059908089361231	0.8	0.5417716960749009	349	5554.0
mouse1	default_GGTGTTACACACCGCA	RS	8.86753433679254e-06	0.8	0.5557003257328991	286	4605.0
mouse1	default_GCGCCAAAGAAGATTC	RS	-0.003127005968259	0.8	0.5748930099857347	433	7010.0
mouse1	default_CTTTGCGTCTCCAGGG	RS	-0.0123701122206133	0.8	0.5597646193453476	334	5438.0
mouse1	default_CCAATCCGTTTCCACC	RS	-0.0139852467552855	0.6515151515151515	0.5148844496670584	308	5106.0
mouse1	default_AAAGCAAAGGTACTCT	RS	-0.0074147157770055	0.8712636874815034	0.5619552213296872	740	17553.0
mouse1	default_GGCTGGTCAATGTTGC	RS	-0.0176941714244702	0.6	0.5299260255548084	364	5948.0
mouse1	default_CATCAAGCACGTGAGA	RS	-0.0130056670904387	0.7596153846153846	0.5802052579783495	344	7113.0
mouse1	default_CCCTCCTGTACCATCA	ES	-0.0263015924259081	0.6086956521739131	0.6052141527001862	191	5370.0
mouse1	default_GTACTTTAGAAGGCCT	RS	0.0092473762056506	0.8571428571428571	0.6430185268865793	110	2213.0
mouse1	default_GACTGCGCAGGAATCG	RS	-0.0072077306920601	0.7238095238095238	0.560517435320585	422	8890.0
mouse1	default_CGAATGTAGACTAGGC	ES	-0.0048637839661858	0.8666666666666667	0.6074249605055292	103	2532.0
mouse1	default_ATCCACCAGCTAACAA	RS	-0.0129021478973463	0.7777777777777778	0.5301656767739918	405	6398.0
mouse1	default_CCATGTCCAATAACGA	RS	-0.0048307137107045	0.8571428571428571	0.5805189456342669	287	4856.0
mouse1	default_GCGGGTTCATGCCCGA	RS	-0.0196758033867519	0.6	0.5967983991995998	107	1999.0
mouse1	default_AGGTCCGAGAGCTTCT	RS	-0.0022096897843244	0.8	0.5691302161890397	257	3978.0
mouse1	default_TGATTTCGTACGACCC	RS	-0.0067059639235904	0.8	0.5255697609783213	418	7196.0
mouse1	default_GTTAAGCCACATAACC	ES	-0.0078455038126043	0.8	0.6049812160845972	301	7187.0
mouse1	default_CCGTACTAGAGCAATT	RS	-0.012489814888964	0.7970588235294118	0.5752467871111939	474	10738.0
mouse1	default_CGCTGGACACAGTCGC	RS	-0.0102828879779736	0.7272727272727273	0.5520481573924534	373	6811.0
mouse1	default_GGATGTTCATGCGCAC	RS	-0.0067050407080515	0.7244897959183674	0.550281454434809	408	6573.0
mouse1	default_CTCTGGTCAAGTCATC	RS	-0.0101026620767052	0.7321428571428572	0.5484391819160388	350	5574.0
mouse1	default_ACATGGTAGACGCAAC	SPC	0.0147902762431899	1.0	0.6577851790174855	141	2402.0
mouse1	default_TGACTAGTCCCAACGG	RS	-0.0078105386466075	0.8333333333333334	0.5659340659340659	412	6552.0
mouse1	default_ATAAGAGAGAAACCGC	RS	-0.003723831406765	0.8	0.5656739811912226	396	6380.0
mouse1	default_CTTAACTCAAAGAATC	RS	0.0011802569210444	0.75	0.567791815953234	341	5303.0
mouse1	default_TCGCGAGCAGGACGTA	RS	0.0035138728839909	0.8	0.5956820412168793	247	4076.0
mouse1	default_AACCGCGGTCATGCAT	SPC	-0.0190084385700738	0.5857142857142856	0.529891304347826	124	2208.0
mouse1	default_GCTCTGTTCAGCTCTC	RS	-0.0072672001777247	0.8708333333333333	0.5472175379426644	452	7116.0
mouse1	default_TGAAAGAAGCGTGAGT	ES	-0.0098749951371441	0.8333333333333334	0.6079067709101638	295	6779.0
mouse1	default_TATCAGGAGTTCCACA	RS	-0.0134096919906368	0.5	0.5471053577849694	301	5562.0
mouse1	default_GCAATCAGTGTGAATA	ES	-0.0243511567251618	0.728735632183908	0.6348055372445617	94	3034.0
mouse1	default_TTCGGTCAGTGAAGTT	RS	0.0056671023883647	0.86775956284153	0.5822903629536921	620	12784.0
mouse1	default_TGAGCCGGTGAGGCTA	RS	0.002803921371771	0.8333333333333334	0.5853224082650517	388	8421.0
mouse1	default_TTCGAAGAGACTGGGT	ES	-0.0122079833305978	0.8181818181818182	0.6506247680316715	217	8083.0
mouse1	default_AGAATAGGTGTCTGAT	ES	0.0032498199075572	0.7708333333333334	0.6531266702298236	105	3742.0
mouse1	default_TTCGGTCTCCAATGGT	ES	-0.0141990729224214	0.5714285714285714	0.6247281764523144	117	3219.0
mouse1	default_TCGGGACGTCACTTCC	ES	-0.0200735859929165	0.6517857142857143	0.5986078886310905	140	3448.0
mouse1	default_CTGAAACAGTCCTCCT	ES	-0.0283323275849509	0.4790697674418605	0.6700148809523809	96	2688.0
mouse1	default_TAGCCGGGTCCTAGCG	RS	-0.0008144303542919	0.8181818181818182	0.5594385964912281	415	7125.0
mouse1	default_GGGACCTGTTGGTTTG	ES	-0.0145271110314584	0.7136363636363636	0.5967782217782218	308	8008.0
mouse1	default_CATGCCTCAAGCTGGA	ES	-0.0114002402696187	0.8	0.5844227329021604	303	7267.0
mouse1	default_GGCCGATCACCTATCC	ES	-0.0167201894002271	0.8	0.6442993775618643	177	6587.0
mouse1	default_ACTGATGCATCACGTA	ES	-0.0153270230402969	0.7878787878787878	0.6717014660151044	75	2251.0
mouse1	default_TGCACCTTCTCAACTT	ES	-0.017160885176814	0.6666666666666666	0.5747482571649883	265	6455.0
mouse1	default_TTTGCGCAGAATAGGG	RS	-0.0042513440149439	0.7386363636363636	0.5545222738863057	382	6667.0
mouse1	default_GGGTCTGGTGTGGCTC	RS	-0.0072554488824656	0.8	0.5643489013602206	549	10513.0
mouse1	default_CTCTAATTCAGTTAGC	RS	-0.0098896480296329	0.6666666666666666	0.5652961420032603	283	5521.0
mouse1	default_TCCACACAGACACGAC	RS	-0.0092506686800911	0.6666666666666666	0.5301961986511343	389	6524.0
mouse1	default_TAGTTGGCACGTGAGA	RS	-0.0075481576841756	0.8481012658227848	0.5751897533206831	487	8432.0
mouse1	default_AGTGGGACAATGGTCT	RS	-0.0032977730615645	0.7142857142857143	0.5574234648734737	345	5651.0
mouse1	default_GACGCGTGTACGACCC	ES	-0.0045340310153036	0.8	0.6247394875566997	325	8157.0
mouse1	default_GATGAGGTCCTAGGGC	RS	-0.0126522630775546	0.6666666666666666	0.5753361858190709	350	6544.0
mouse1	default_AGAATAGGTATGGTTC	RS	0.0073587615332402	0.8333333333333334	0.6207422470767666	103	1967.0
mouse1	default_CTGCTGTTCATGTAGC	RS	-0.0112002427278067	0.8571428571428571	0.6019496344435419	150	2462.0
mouse1	default_CGCTGGACACAAGCCC	RS	-0.0149670307183691	0.6333333333333333	0.5582264957264957	102	1872.0
mouse1	default_GACGTTAAGTCTTGCA	ES	-0.0056335566774502	0.8492063492063492	0.61020258725897	312	8194.0
mouse1	default_CGAGCCACAATGGATA	RS	-0.0099387973282722	0.8	0.561678042284002	356	6007.0
mouse1	default_CCACCTAAGCTCCCAG	ES	0.0090659062596877	0.8514492753623188	0.6483457844183564	80	1874.0
mouse1	default_AGCTCCTAGTTAGGTA	RS	-0.0009727683095365	0.8708333333333333	0.59674589248684	320	6269.0
mouse1	default_CGTCTACTCACAAACC	ES	-0.0047482913247376	0.7626436781609196	0.6064931783729156	320	7916.0
mouse1	default_CTAATGGGTGGCCCTA	ES	-0.0184858391011477	0.5450928381962865	0.6108637577916296	96	2246.0
mouse1	default_AGCGGTCTCCGTAGGC	ES	-0.0081302962706475	0.7361111111111112	0.630114566284779	220	5499.0
mouse1	default_CGAGCACCAAGAGGCT	RS	0.0021357342646358	0.8	0.5745215542238546	337	5173.0
mouse1	default_GATGAAACAATCAGAA	RS	-0.0202596687381767	0.6875	0.5669314945285564	331	6671.0
mouse1	default_AGTGGGATCCTGCAGG	ES	0.0025593596410989	0.8571428571428571	0.6249786725814708	239	5861.0
mouse1	default_GAGCAGAGTTCACCTC	ES	-0.0080607054397509	0.575	0.6355376072690561	146	3962.0
mouse1	default_TTGGAACCAGACGCCT	ES	0.001961410223493	0.8	0.6298773690078038	124	3588.0
mouse1	default_CAGCCGAAGAGGTTAT	ES	-0.0161171734609193	0.7321428571428572	0.6261753494282084	130	3935.0
mouse1	default_GACTGCGCACGTTGGC	ES	-0.0340980081034933	0.5505050505050505	0.6187845303867403	222	6154.0
mouse1	default_GCGCCAATCCTTTCGG	ES	-0.0171127405829795	0.788888888888889	0.6384826325411335	94	2188.0
mouse1	default_TCTATTGTCGCCGTGA	ES	-0.008065877207137	0.75	0.6153186624749929	113	3499.0
mouse1	default_CATGCCTCATACGCTA	ES	-0.0178082834762085	0.8229166666666667	0.6176470588235294	112	2346.0
mouse1	default_CGTCCATAGTGGTAGC	RS	0.0108133215162899	0.8107142857142857	0.5818553888130968	234	4398.0
mouse1	default_AGCTTGAAGACCGGAT	ES	0.0201690083025002	0.3636363636363636	0.650163666121113	73	2444.0
mouse1	default_AGCTTGACACAAGACG	ES	-0.0110189349728541	0.45875	0.6227272727272727	84	2420.0
mouse1	default_TCAGATGCAATAGCGG	ES	0.0066582549423837	0.8	0.631379164909321	105	2371.0
mouse1	default_TGAGGGAGTAAGTTCC	ES	-0.0153269433061528	0.5714285714285714	0.6311172668513388	137	4332.0
mouse1	default_TAAACCGCATCCTAGA	ES	-0.0185884818355163	0.5555555555555556	0.5986296429859358	109	2773.0
mouse1	default_GTCTTCGTCCATGAGT	SPC	-0.0059229623257871	0.8571428571428571	0.585950692333671	179	2961.0
mouse1	default_CCCAGTTTCGCCTGAG	ES	-0.0106049418516632	0.75	0.6229543039319873	175	4705.0
mouse1	default_GATCGTAAGTGACATA	ES	-0.0196459937133588	0.725	0.6729660474055092	100	3122.0
mouse1	default_TAGACCAAGCGCTCCA	RS	0.0026655285542026	0.8273809523809523	0.5816420664206642	284	4336.0
mouse1	default_ATTTCTGTCCTGCTTG	RS	-0.0093827547926219	0.8	0.5632250580046404	338	5172.0
mouse1	default_CGAGCACGTCTGCGGT	ES	-0.0011879292583472	0.7941176470588235	0.6437181891240289	137	3733.0
mouse1	default_TGATTTCAGAATTGTG	ES	0.0012038719418569	0.6611111111111111	0.6158569140416444	148	3746.0
mouse1	default_TACAGTGTCAACACAC	ES	-0.0021528685598109	0.74	0.6197866149369544	167	5155.0
mouse1	default_TCACAAGAGATCTGCT	RS	-0.009498273234922	0.8377192982456141	0.5552811274153712	406	6883.0
mouse1	default_AAGCCGCAGTTCGCAT	ES	-0.0195800536777704	0.625	0.6253978357733927	113	3142.0
mouse1	default_CCACCTATCTACCAGA	ES	-0.0222875673698998	0.6756756756756757	0.6096153846153847	169	4680.0
mouse1	default_GGACATTTCAACGAAA	ES	-0.0013344249582103	0.8798076923076923	0.6267154620311071	162	4372.0
mouse1	default_CTCACACCATATACGC	RS	-0.0023011954913348	0.8333333333333334	0.5501792114695341	431	7254.0
mouse1	default_TCGCGTTCACCGCTAG	ES	-0.0194792374808994	0.6	0.6039421004003696	125	3247.0
mouse1	default_CGCCAAGCATGACGGA	ES	-0.019156656234527	0.8166666666666667	0.6226629816290035	230	6151.0
mouse1	default_ATGCGATAGACAGGCT	ES	0.0012287358264809	0.6418439716312057	0.6216659827656955	202	4874.0
mouse1	default_TTGGAACTCGAGAACG	ES	-0.0144420185994419	0.6666666666666666	0.6296715741789355	106	2649.0
mouse1	default_CTTAACTAGCCCGAAA	ES	-0.0144132352445038	0.75	0.6029015544041451	187	4825.0
mouse1	default_GCCAAATCACTGAAGG	ES	-0.019361269164864	0.8	0.6006493506493507	189	4312.0
mouse1	default_GTACTTTGTACCGCTG	ES	-0.0010552698256749	0.8333333333333334	0.6296541452920734	225	6043.0
mouse1	default_AACCGCGCAGGATCGA	ES	-0.0167090867503664	0.7428571428571429	0.6115205294029177	252	6649.0
mouse1	default_GACGGCTAGGATGTAT	ES	-0.0219903116370022	0.788888888888889	0.6197044334975369	234	6090.0
mouse1	default_GATCTAGAGATCCCGC	ES	-0.0054722024886514	0.6	0.5978943105891881	197	4939.0
mouse1	default_GTACTCCTCAAACCAC	RS	-0.0032221433938983	0.8571428571428571	0.5676646706586826	331	5010.0
mouse1	default_CCCAGTTGTCTAGGTT	ES	-0.0050567372332759	0.8571428571428571	0.6417827298050139	132	3590.0
mouse1	default_CTCGGAGGTCGATTGT	RS	0.0044201111374531	0.875	0.5851208716377255	359	5874.0
mouse1	default_ACCAGTAAGGCTCTTA	ES	-0.0023552145180217	0.7407407407407407	0.6094455852156058	105	2435.0
mouse1	default_GACGTTAAGCTGGAAC	RS	-0.0056754331574508	0.6458333333333333	0.5367746943528042	316	5153.0
mouse1	default_TTTATGCGTTTGTTTC	RS	-0.0024638263850995	0.8571428571428571	0.5724243084295361	291	4591.0
mouse1	default_TTCCCAGTCAGCGACC	ES	0.0032072568397446	0.7297297297297297	0.5818038286954805	477	10134.0
mouse1	default_CTAGAGTTCGCAAACT	ES	-0.0211889743334893	0.6260869565217391	0.6070925978046721	148	3553.0
mouse1	default_GTGAAGGTCTTCGAGA	ES	-0.0201294049981141	0.7965517241379311	0.6325446644133269	154	4142.0
mouse1	default_GTTCGGGCAAGCTGTT	ES	-0.0205478001859845	0.8	0.6380530973451327	128	3390.0
mouse1	default_ACATACGAGATGGGTC	ES	-0.0019232377341788	0.8125	0.6417009602194788	147	3645.0
mouse1	default_AGCGTATAGTGCGATG	RS	0.0013275337985826	0.8660714285714286	0.5789860396767083	336	5444.0
mouse1	default_GACTGCGGTGGCTCCA	ES	-0.0166059177396122	0.6	0.5977238990598713	83	2021.0
mouse1	default_TAGAGCTAGCTCCTTC	RS	-0.0050137839819023	0.8333333333333334	0.5510310623858	453	7662.0
mouse1	default_GAGCAGATCCGAATGT	ES	-0.008291190683352	0.5393939393939393	0.610817610062893	144	3975.0
mouse1	default_CAGCAGCAGCGATCCC	ES	-0.0200108067307515	0.6153846153846154	0.5985915492957746	181	4544.0
mouse1	default_TTTGGTTAGTCCAGGA	ES	-0.0283271612106204	0.4807692307692308	0.6063079777365492	123	2695.0
mouse1	default_CACAGGCCATCGTCGG	ES	-0.0166193843767013	0.6	0.5987064983061288	277	6494.0
mouse1	default_TGATTTCAGCTAGTCT	ES	-0.0081861532344579	0.8090909090909091	0.6267234895963901	174	3989.0
mouse1	default_TAAGAGAGTACTTAGC	ES	-0.0006901939109482	0.6904761904761905	0.6225296442687747	112	2530.0
mouse1	default_TGTCCCAAGAATTCCC	ES	-0.0064471019055938	0.6992481203007519	0.6224836009952499	182	4421.0
mouse1	default_TCTATTGTCTATCCCG	ES	-0.0175810492999069	0.64576802507837	0.5869947275922671	234	5690.0
mouse1	default_CTGAAGTCATTAGGCT	RS	-0.0092257333566145	0.6833333333333333	0.5264877880976953	360	5814.0
mouse1	default_CGGAGCTGTAGCTGCC	RS	0.0021172597684462	0.8377192982456141	0.5749804228660924	304	5108.0
mouse1	default_TGAGCATAGAATTCCC	ES	-0.0076379858131879	0.6666666666666666	0.6230716489544053	227	5834.0
mouse1	default_TGGGAAGAGAGTACCG	ES	-0.021672170398363	0.7777777777777778	0.6218905472636815	227	5628.0
mouse1	default_GATCGTACAAACCCAT	ES	0.0005082749105208	0.7692307692307693	0.6238125395820139	105	3158.0
mouse1	default_CGATGGCCATGACGGA	ES	-0.0125554583939684	0.8	0.6317276008159423	201	6373.0
mouse1	default_CATCCACCACAGTCGC	RS	-0.0136897161716738	0.7928571428571429	0.5504989048430275	260	4109.0
mouse1	default_GCAATCAGTACGCACC	RS	-0.0040988243984812	0.8	0.5658122618635262	389	5774.0
mouse1	default_ACGGAGACAATGGAGC	ES	-0.022972156265285	0.6360294117647058	0.6311551563951688	98	3229.0
mouse1	default_GTAGGCCCATCGGTTA	RS	0.0087752752728498	0.873015873015873	0.5841275342228384	380	5771.0
mouse1	default_GGGAATGAGTACGATA	RS	-0.0035975465895874	0.8461538461538461	0.571924882629108	601	10650.0
mouse1	default_CTACATTGTGACGCCT	ES	-0.0108550529796654	0.6794871794871795	0.5926357153252801	270	6871.0
mouse1	default_GTTCTCGGTACTTAGC	ES	-0.0078527581919497	1.0	0.7170474516695958	70	2276.0
mouse1	default_TGAGCATAGTTACCCA	RS	0.0129536689763288	0.9	0.5891667899955602	427	6757.0
mouse1	default_TCAGCAACATTGCGGC	ES	-0.0043498996850955	0.875	0.5930373185901866	579	11576.0
mouse1	default_GCGGGTTAGGGCATGT	RS	0.000836105238245	0.8571428571428571	0.5685016924995546	353	5613.0
mouse1	default_GAAATGAAGATGGGTC	RS	-0.0111396009086346	0.8333333333333334	0.5534076015727392	398	6104.0
mouse1	default_ACGATGTTCCTGCAGG	ES	-0.0275886520021834	0.5384615384615384	0.5861566966649021	257	7556.0
mouse1	default_CTTAACTCAAAGGAAG	RS	0.004898157327003	0.875	0.5917148362235067	343	5190.0
mouse1	default_GACTAACTCCGCATCT	RS	-0.0101165988162536	0.8333333333333334	0.5545496394046341	397	6517.0
mouse1	default_AGCGTATGTTAAGGGC	ES	-0.007322660759756	0.8	0.6178212367442502	302	7261.0
mouse1	default_GACCAATTCCTCAATT	RS	-0.0076334041911662	0.8181818181818182	0.5681149385494201	371	5777.0
mouse1	default_CTACGTCAGCAGCCTC	ES	0.0013726524719767	0.8169856459330144	0.6535459789616559	102	2947.0
mouse1	default_GCTGGGTGTAGCGCAA	ES	-0.0018915186924563	0.8875	0.6358381502890174	166	4498.0
mouse1	default_CCATGTCAGATCCTGT	ES	-0.0379222863935037	0.6602564102564102	0.6690215471564818	90	2831.0
mouse1	default_CATTCGCGTTCCCTTG	RS	-0.0152277701885169	0.7320574162679425	0.5417650531286895	410	6776.0
mouse1	default_GCATGATAGGACCACA	ES	0.0034150249909247	0.6964285714285714	0.6120517928286853	82	2008.0
mouse1	default_CGCGGTAAGTGCTGCC	ES	-0.0034547056599019	0.7333333333333333	0.6476868327402135	159	4215.0
mouse1	default_TATCTCATCCGTCAAA	RS	-0.0188125245830387	0.8	0.5407180385288967	418	6852.0
mouse1	default_TTATGCTCAGCTGTGC	RS	-0.0018547671815189	0.8571428571428571	0.5490443562928237	341	5546.0
mouse1	default_TCTTTCCGTCGCATCG	ES	-0.0072327769962345	0.5	0.6066438175586607	165	3793.0
mouse1	default_CTAAGACCAAGACACG	RS	-0.0147430264491456	0.8416666666666667	0.5913351912845198	248	3947.0
mouse1	default_CACTCCATCATAAAGG	RS	-0.0061186703010028	0.8	0.5621515745065542	429	6637.0
mouse1	default_TCACGAAGTACCGCTG	RS	-0.0097604592156426	0.8333333333333334	0.5516156105749056	307	4766.0
mouse1	default_CACAGGCAGGGATGGG	RS	-0.0073187263164941	0.8333333333333334	0.5811850711812235	314	5198.0
mouse1	default_CGTCCATTCTGAAAGA	RS	-0.0042423360618509	0.8284313725490196	0.5721640923434645	372	6021.0
mouse1	default_AAGTCTGGTCCAGTGC	RS	-0.0059291913541184	0.8333333333333334	0.5474583275933325	432	7259.0
mouse1	default_CGGGTCAAGTCGTTTG	ES	-0.0074230643296212	0.7211538461538461	0.6252961545471114	198	5487.0
mouse1	default_TTCCCAGTCCCGGATG	RS	-0.0016490917300325	0.8	0.5546971027216857	335	5695.0
mouse1	default_ACCGTAATCCGCATCT	ES	-0.0067430414950045	0.6103448275862069	0.6046731922955478	226	6334.0
mouse1	default_GGGCATCTCGAGAGCA	RS	9.447038154906052e-05	0.8768939393939394	0.5877219685438864	588	9855.0
mouse1	default_CGTCTACTCGAGAGCA	RS	0.0098246122022984	0.775	0.5702552719200887	314	4505.0
mouse1	default_TCGCGTTTCCGCATCT	RS	-0.002176096785899	0.7142857142857143	0.5488322717622081	345	5652.0
mouse1	default_GTACTTTAGCCCGAAA	RS	-0.0007005217868209	0.8461538461538461	0.5572625698324022	351	5728.0
mouse1	default_GTTAAGCAGACAGGCT	RS	-0.0013897786351278	0.8	0.5602864331333463	346	5167.0
mouse1	default_GCACTCTCATGCCCGA	ES	-0.0051166970302543	0.775	0.6403508771929824	104	3420.0
mouse1	default_CTCGTCATCCTAGTGA	SPC	-0.0211480701165386	0.8257575757575758	0.56150027578599	224	3626.0
mouse1	default_CCTCAGTCATCTCGCT	RS	-0.0201871041838421	0.625	0.5355067785668173	181	3098.0
mouse1	default_CAGAGAGAGCTGAAAT	ES	-0.0359984722463411	0.1388888888888889	0.5937934228809634	84	2159.0
mouse1	default_AAGGAGCGTGCACTTA	SPC	0.002001131853279	0.8333333333333334	0.5823095823095823	290	4477.0
mouse1	default_TGAAAGAGTCTTGCGG	ES	-0.0153179243798624	0.8333333333333334	0.6430551278102864	125	3247.0
mouse1	default_CGAACATAGTCAAGCG	RS	0.0073317002056943	0.8544973544973544	0.5877586456373897	414	6911.0
mouse1	default_CGTTGGGGTACCCAAT	RS	0.0019596526068212	0.80625	0.5800243111831442	326	4936.0
mouse1	default_ATTACTCGTGCCTTGG	ES	-0.0304667116969259	0.5	0.616779497098646	131	4136.0
mouse1	default_CTCGTCACAGCTCGAC	RS	-0.0079707608906435	0.8	0.5723798953543682	397	6307.0
mouse1	default_CAACCAAAGGACGAAA	RS	-0.0101213418233831	0.8054054054054054	0.5524499654934437	340	5796.0
mouse1	default_GGAACTTTCGTCCGTT	RS	0.0034420423186436	0.8377192982456141	0.5605232654412983	380	6039.0
mouse1	default_GTTTCTATCTCTTGAT	RS	-0.018535248123461	1.0	0.5977961432506887	128	2178.0
mouse1	default_CCGTGGAAGGTAAACT	RS	0.0122134059609586	0.8819444444444444	0.573170731707317	162	2788.0
mouse1	default_TGCCAAACAGCTATTG	ES	-0.0101857734216527	0.8	0.6588579795021962	224	8879.0
mouse1	default_AGCGTCGAGCCGGTAA	ES	-0.0055329396181508	0.6	0.6283914728682171	77	2064.0
mouse1	default_TTCGAAGGTATGAATG	RS	-0.0053776903442341	0.8333333333333334	0.5680905439941585	187	2739.0
mouse1	default_AGCGTATCAATGAATG	ES	0.0024639192612487	0.7	0.6590604026845638	96	2980.0
mouse1	default_AGTCTTTCACAGACTT	RS	-0.026634782061307	0.7142857142857143	0.5371923937360179	223	3576.0
mouse1	default_GCTGCGAAGGACAGAA	RS	-0.0052736776208526	0.8571428571428571	0.5843680032566659	325	4913.0
mouse1	default_ACTGAACGTGGGTCAA	RS	0.0106806956000628	0.8333333333333334	0.5818701510820743	315	4898.0
mouse1	default_CCGGTAGTCCAAGTAC	RS	-0.0024946235972845	0.8090909090909091	0.568874293012224	372	5481.0
mouse1	default_GGATGTTTCAACCAAC	RS	-0.0110090754289752	0.7916666666666666	0.5550740339472734	351	5538.0
mouse1	default_CGGACGTTCAGCTCTC	RS	-0.0125617604896113	0.8461538461538461	0.5728373702422145	366	5780.0
mouse1	default_GCGAGAACACGAAACG	RS	-0.0012646414929306	0.8333333333333334	0.5651704457812741	416	6483.0
mouse1	default_CTACACCGTCCGTGAC	RS	-0.0015631755712421	0.9642857142857144	0.5970679697912039	134	2251.0
mouse1	default_ACGAGGACAGACAGGT	RS	-0.011344581721755	0.8888888888888888	0.5716845878136201	316	5022.0
mouse1	default_TGGGCGTCAATCTGCA	RS	0.0013684276119892	0.9523809523809524	0.6035969902734447	367	5449.0
mouse1	default_AACGTTGCAGATGGGT	ES	-0.0274112020779112	0.8333333333333334	0.7141666666666666	77	2400.0
mouse1	default_CGACCTTTCTGGTTCC	RS	0.0010216907404654	0.8333333333333334	0.5517630011270327	395	6211.0
mouse1	default_GATTCAGCAGCTCGCA	ES	-0.0103433055147145	0.4	0.6038384417072472	123	3491.0
mouse1	default_GCGCAACTCTGATTCT	RS	-0.0035937856135302	0.6666666666666666	0.5371554575523705	304	4535.0
mouse1	default_GATCGCGTCCAATGGT	RS	0.00781404016543	0.8888888888888888	0.6123364485981309	167	2675.0
mouse1	default_CCTCTGATCACGCATA	RS	-0.0129042041363203	0.8535714285714285	0.540574543929545	296	4769.0
mouse1	default_AAAGCAAAGACAGACC	SPC	0.0123858454460049	0.8846153846153846	0.6046087154916724	883	26298.0
mouse1	default_CGAGCACCAAGCTGAG	ES	0.0008926902028353	0.9411764705882352	0.7006741573033708	77	2225.0
mouse1	default_TGACAACCATTACGAC	ES	-0.0249847883264515	0.4	0.5848261327713382	126	2847.0
mouse1	default_GTATCTTTCAGTCAGT	ES	-0.0139472974408602	0.8166666666666667	0.6888550779764169	96	2629.0
mouse1	default_CACCTTGCAGCTGTGC	SPC	-0.0034840540334191	0.8	0.5680317040951123	274	4542.0
mouse1	default_CCCAGTTAGAGTTGGC	RS	-0.0018695474072261	0.8571428571428571	0.5753973554160545	443	7487.0
mouse1	default_GGACATTCAAAGGTGC	RS	0.0014785269993559	0.7777777777777778	0.5797880280638902	337	6699.0
mouse1	default_CGTTGGGTCGGAAACG	SPC	0.0117511182825744	1.0	0.6095973973159821	299	4918.0
mouse1	default_ACGAGCCTCCTGCAGG	RS	-0.0045990220081422	0.7638888888888888	0.5564681724845996	332	5357.0
mouse1	default_CTCTGGTTCTGAAAGA	SPC	0.0103253164485859	0.910958904109589	0.5997568838856298	777	18921.0
mouse1	default_AGTGAGGTCCGCTGTT	SPC	0.0197326485394274	0.901913875598086	0.6350632069194944	190	3006.0
mouse1	default_TGGTTCCGTGCTCTTC	ES	-0.023697742035595	0.4868421052631578	0.6654874213836478	80	2544.0
mouse1	default_ACAGCCGGTTTGCATG	ES	-0.0180396069461192	0.6666666666666666	0.6329250720461095	106	2776.0
mouse1	default_TCATTACTCAACACTG	ES	-0.0089774013186602	0.7142857142857143	0.6425287356321839	176	5220.0
mouse1	default_CACAGTATCTTGTATC	ES	-0.0277975263504784	0.4346938775510204	0.644794952681388	96	3170.0
mouse1	default_GCTCTGTAGCGTTCCG	ES	-0.0166730880604014	0.2235812133072406	0.6340508806262231	88	2555.0
mouse1	default_GTCGGGTCAGGTCTCG	ES	-0.0171351510263256	0.75	0.6433050534857986	87	2711.0
mouse1	default_ATCTGCCGTTACGACT	ES	-0.0343710138076204	0.4121212121212121	0.6194961664841183	158	4565.0
mouse1	default_CAGCTGGGTCTTGATG	ES	-0.0155928891074641	0.6	0.6225919439579685	130	3426.0
mouse1	default_GTTCGGGCAATCCAAC	SPC	0.0058588016571915	0.875	0.5867039005495001	589	11101.0
mouse1	default_CACAGTAGTTCCGGCA	ES	-0.0105792954472687	0.8021739130434783	0.7081101759755164	92	2614.0
mouse1	default_CGTCTACAGCGATTCT	ES	-0.0162449946553563	0.5692307692307692	0.6344279117496152	130	3898.0
mouse1	default_CCCTCCTAGTGTTGAA	ES	-0.0225923576785788	0.8571428571428571	0.6970434782608695	91	2875.0
mouse1	default_CTGCGGAGTTACGGAG	ES	0.0185794282496483	0.6	0.6285497917455509	95	2641.0
mouse1	default_AACTCAGCAATGGTCT	ES	-0.0319083098294776	0.6333333333333333	0.6656771799628942	86	2695.0
mouse1	default_ATCCACCAGAAACGCC	SPC	0.0038228923578771	0.95	0.590461262875056	271	4466.0
mouse1	default_CATCGGGAGTATCGAA	RS	0.0173340188224366	1.0	0.6294642857142857	115	2016.0
mouse1	default_AGTCTTTGTCAGAATA	RS	0.0030351086143979	0.8888888888888888	0.5821693907875186	408	6730.0
mouse1	default_GCTGCTTTCGCCTGTT	SPC	0.0007423789159625	0.8461538461538461	0.56225967244244	820	21065.0
mouse1	default_AAGACCTCACAGGTTT	SPC	-0.009400583328074	0.8166666666666667	0.5666979802724283	268	4258.0
mouse1	default_GACGGCTAGCCCAACC	ES	-0.0254964997156807	0.8	0.6183653533051123	217	6142.0
mouse1	default_CTCACACGTCAGATAA	RS	4.693383754626324e-05	0.8666666666666667	0.5683669095585083	427	6999.0
mouse1	default_CAAGGCCAGCGAAGGG	ES	-0.0107563583565922	0.5434782608695652	0.623384809328711	109	3173.0
mouse1	default_CAAGTTGTCTGTTTGT	ES	-0.0052690752213018	0.6923076923076923	0.6351058057514921	123	3686.0
mouse1	default_AACTCTTGTTGGTGGA	RS	-0.007794430134694	0.8333333333333334	0.5723684210526315	284	4408.0
mouse1	default_TGCTGCTCAAGACGTG	RS	-0.0062585185483381	0.875	0.573619028897189	311	5087.0
mouse1	default_CGTGTAAGTGTGAAAT	RS	0.0010424834280122	0.6	0.5659271661783173	136	2389.0
mouse1	default_GTGGGTCGTCGCATAT	SPC	-0.003287861458446	0.788888888888889	0.5962703962703962	122	2145.0
mouse1	default_GTGCAGCCACATCCAA	ES	-0.0231385006832982	0.5769230769230769	0.6151800327332242	191	4888.0
mouse1	default_GCGAGAAGTAAACCTC	ES	-0.0149467871421406	0.5727272727272728	0.6138364779874214	120	2385.0
mouse1	default_CTCAGAACATCTCGCT	ES	-0.0109427003138009	0.6818181818181818	0.6239181746656176	153	3813.0
mouse1	default_GCTCTGTGTCATCCCT	ES	-0.0087865159478544	0.5	0.6050198150594451	87	2271.0
mouse1	default_TGACGGCCATCTCCCA	ES	-0.0054440107196415	0.5171232876712328	0.6432322053675612	106	3428.0
mouse1	default_TTTGGTTGTATCTGCA	ES	-0.0193269677658293	0.4142857142857142	0.6713024872960685	118	3739.0
mouse1	default_GTTCGGGAGGGAAACA	ES	0.0195019342523798	0.8	0.6902485659655831	75	2615.0
mouse1	default_ATTATCCGTTCTGGTA	ES	-0.0167800981695898	0.6904761904761905	0.6267910696434522	124	3001.0
mouse1	default_ACATACGAGAAGGCCT	ES	-0.0062198561297647	0.7428571428571429	0.6377124359320205	115	3707.0
mouse1	default_GAATAAGCACAGTCGC	ES	-0.0261187198691653	0.4285714285714285	0.6291314373558801	99	2602.0
mouse1	default_AGATCTGAGACATAAC	ES	-0.0093469779872768	0.6612903225806451	0.6402195608782435	131	4008.0
mouse1	default_CTCGAAAGTCAGCTAT	ES	-0.0157185122589385	0.6038961038961039	0.62578125	150	5120.0
mouse1	default_CATGCCTGTGGCGAAT	ES	-0.0064494122106765	0.8229166666666667	0.6226415094339622	188	4346.0
mouse1	default_TCCACACCACGGCGTT	ES	-0.0212199773126232	0.6666666666666666	0.6177362304194037	170	3958.0
mouse1	default_TGACAACCATACTCTT	ES	-0.0119124252346806	0.5648809523809524	0.6629336246927069	110	3661.0
mouse1	default_ATTATCCAGGCTACGA	RS	-0.0020803181107163	0.7142857142857143	0.5376523626648856	374	5989.0
mouse1	default_AGTTGGTTCCCTCTTT	ES	-0.0206140231029002	0.4032967032967033	0.6322772813430815	114	3693.0
mouse1	default_GATTCAGTCGTAGGTT	ES	0.0002054560840618	0.8181818181818182	0.6745034454803405	71	2467.0
mouse1	default_CCCAGTTTCATGTGGT	ES	0.0073845066905276	0.7777777777777778	0.6520689655172414	93	2900.0
mouse1	default_GGAACTTTCCGAATGT	ES	-0.0154106196051391	0.6458333333333333	0.5982513337285121	252	6748.0
mouse1	default_AGAGTGGAGGTTACCT	RS	0.0099370418379914	0.9045454545454544	0.5810976678940908	372	5703.0
mouse1	default_ACACCAAAGAGCAATT	RS	0.0027445996654997	0.9	0.6167979002624672	242	3810.0
mouse1	default_GCAGCCATCCAGATCA	ES	0.0012348086026996	0.7518796992481203	0.6309673366834171	126	3184.0
mouse1	default_GCCTCTACAACACCTA	ES	0.0011833801114272	0.7596153846153846	0.6112692088787707	128	3514.0
mouse1	default_ACACCCTGTAGGACAC	ES	0.0020838767962526	0.8181818181818182	0.626209782893016	255	7646.0
mouse1	default_CAGAATCGTTGAGGTG	RS	-0.0092863130978287	0.8571428571428571	0.5768661450623811	304	4729.0
mouse1	default_GCGGGTTGTATAGGGC	RS	-0.0113586142044313	0.8	0.5707406558128869	292	4361.0
mouse1	default_GATGCTACACTGCCAG	RS	-0.0013207616792637	0.875	0.5717544193119178	337	5261.0
mouse1	default_ATCCACCGTGTTTGTG	RS	-0.0007296481700959	0.8333333333333334	0.566970310391363	390	5928.0
mouse1	default_ATAACGCTCCGGGTGT	ES	-0.0131356383074935	0.6974085365853658	0.6070915877117428	244	6966.0
mouse1	default_GGAACTTTCATGTCCC	ES	-0.0109976828647075	0.8	0.6729126481124277	111	3629.0
mouse1	default_GTGTTAGTCTCTGTCG	ES	-0.0248689941260878	0.4142857142857142	0.6214395099540582	114	3265.0
mouse1	default_CGTGAGCGTATGAATG	ES	0.0046698448695834	0.788888888888889	0.6266488243165743	206	5231.0
mouse1	default_TGAGCCGGTGATGTCT	RS	-0.0028449709954129	0.7247474747474747	0.5442994505494505	366	5824.0
mouse1	default_ACGAGGAGTACCGTTA	RS	-0.0117605617587787	0.8633540372670807	0.5642723722193921	384	5889.0
mouse1	default_CGCTTCACATTTCACT	ES	-0.0203532489711955	0.6515151515151515	0.6817687567959405	90	2759.0
mouse1	default_GACTAACGTCTCTTTA	ES	-0.0215165562940725	0.6	0.5926207105982387	271	6586.0
mouse1	default_CATTATCCATCAGTAC	RS	-0.0083574012734959	0.75	0.5415538429493856	291	4801.0
mouse1	default_TCTCTAATCTGTCTCG	ES	-0.0175822931804916	0.8	0.6903157147924796	89	2819.0
mouse1	default_TAGGCATTCGGCGGTT	ES	-0.0196672025662741	0.7823529411764706	0.6974214343271555	80	2482.0
mouse1	default_CAACTAGGTCCAAGTT	RS	-0.0107775032634911	0.7692307692307693	0.5636662188386327	435	6699.0
mouse1	default_AGCTCTCAGGTGACCA	ES	0.0044118214277722	0.5714285714285714	0.6465430016863406	101	2965.0
mouse1	default_TCGTACCCAGCCTATA	ES	-0.0371632359512097	0.4	0.6234442181489025	159	4419.0
mouse1	default_GATCGCGAGAGATGAG	ES	-0.018070467819786	0.6666666666666666	0.6371308016877637	133	4029.0
mouse1	default_CGATGTATCATAAAGG	ES	-0.0079789100779152	0.8333333333333334	0.6454033771106942	208	5863.0
mouse1	default_TTCGGTCTCACATAGC	ES	-0.023209146194153	0.4166666666666666	0.607304347826087	112	2875.0
mouse1	default_CACAGGCGTCGCATAT	RS	-0.0026362868430719	0.8166666666666667	0.5721914556962026	336	5056.0
mouse1	default_GTACGTACATTGGTAC	RS	-7.53282915083055e-05	0.8333333333333334	0.5627757041058704	347	5894.0
mouse1	default_GCGCAACGTTCCTCCA	ES	-0.0151688152877323	0.7514285714285714	0.6417112299465241	186	5610.0
mouse1	default_CATCGAAGTCGCGGTT	ES	-0.0023284083852024	0.7777777777777778	0.7499061209162599	67	2663.0
mouse1	default_ACGGGTCTCTCTTGAT	ES	0.0071677485616566	0.7573529411764706	0.6202201622247973	116	3452.0
mouse1	default_CCTTACGGTACGAAAT	ES	-0.0202617597428584	0.7452153110047848	0.6911004102015338	160	5607.0
mouse1	default_CTCGAGGGTGCTTCTC	RS	-0.0136541267891288	0.8	0.547881010594947	338	4908.0
mouse1	default_GGACAGAGTGAGCGAT	ES	-0.000736384024301	1.0	0.7051857901184156	73	2449.0
mouse1	default_CGTAGCGAGCGATTCT	ES	-0.0234842699889291	0.5692307692307692	0.6100657108721624	270	6696.0
mouse1	default_CGAATGTTCGCCCTTA	ES	-0.0095248403338266	0.75	0.6090171325518485	201	5545.0
mouse1	default_GTAACTGAGACCACGA	ES	-0.028287000868694	0.7823529411764706	0.6244569939183319	156	4604.0
mouse1	default_GTAGGCCAGCGATGAC	ES	-0.0037565901789822	0.7083333333333333	0.6300756090730888	124	3571.0
mouse1	default_CTCGAGGAGCATGGCA	RS	0.0044853549417966	0.8697478991596639	0.5766840666169525	260	4023.0
mouse1	default_TGCGGGTTCGTAGATC	ES	-0.0259437122066901	0.7752525252525253	0.640426084697324	120	3849.0
mouse1	default_GTCAAGTCATACGCTA	ES	0.0013073719395869	0.4727272727272727	0.6348812477844736	94	2821.0
mouse1	default_GCAGTTAAGGACCACA	RS	0.0009482966341362	0.9032258064516128	0.6071680790960452	379	5664.0
mouse1	default_TGTGGTAAGTCTCCTC	ES	-0.001031712548202	0.7638888888888888	0.6244460856720827	194	5416.0
mouse1	default_TAGAGCTCACGTTGGC	ES	-0.0070802800690335	0.6666666666666666	0.628125	93	2560.0
mouse1	default_CACACTCAGGATATAC	ES	-0.017049617516504	0.7321428571428572	0.6303076531909484	136	3933.0
mouse1	default_AGGGATGAGATGTAAC	RS	0.0049004161799414	0.8571428571428571	0.584385226741468	263	4278.0
mouse1	default_GACGCGTGTGGTCTCG	ES	-0.023796087460723	0.625	0.5951393005334914	127	3374.0
mouse1	default_GGCGTGTCAGCTGTAT	ES	-0.0173631063422748	0.5555555555555556	0.623139089749043	71	2351.0
mouse1	default_AGAGCTTGTAGCGTAG	ES	0.0093921722560483	0.9977064220183488	0.6986076986076986	84	2442.0
mouse1	default_CGTCACTAGTGACTCT	ES	-0.026275978923029	0.6363636363636364	0.6805078929306795	101	2914.0
mouse1	default_GAGCAGACATCCCACT	ES	-0.00948761818371	0.6	0.6227417640807651	167	3764.0
mouse1	default_CTAGAGTCAAGCGATG	ES	0.0109607024414724	0.8333333333333334	0.7177068214804064	95	2756.0
mouse1	default_TCGGTAATCCGCTGTT	ES	-0.0041376493825233	0.5564516129032258	0.6062672511771392	176	6159.0
mouse1	default_CTAAGACAGGGAGTAA	ES	-0.012597056524327	0.5186567164179104	0.6457931920359666	104	3114.0
mouse1	default_GTTCTCGAGTACGCCC	RS	-0.0102770571229787	0.8333333333333334	0.5616315553563425	402	6693.0
mouse1	default_AGTGTCAGTGTGCCTG	ES	-0.0092435257555626	0.5428571428571428	0.6188186813186813	107	2912.0
mouse1	default_GACCAATAGACAAGCC	ES	0.003171213323637	0.8	0.6607929515418502	91	2951.0
mouse1	default_CCTTTCTTCTGCGTAA	ES	-0.0314214843680706	0.4805194805194805	0.6020900321543409	191	4976.0
mouse1	default_GACTACAGTCTGGAGA	ES	-0.0017436710510984	0.8666666666666667	0.6611001964636543	97	3054.0
mouse1	default_GTTTCTATCTGGCGTG	ES	-0.0170905393199231	0.8	0.6414361960213488	148	4122.0
mouse1	default_CTCGAAAGTTTACTCT	ES	-0.0142229843762183	0.5466666666666666	0.5920608108108109	133	3552.0
mouse1	default_TATCTCATCCATGAAC	ES	-0.0254762447325033	0.3095238095238095	0.6177554438860972	90	2985.0
mouse1	default_GCTCTGTAGTGCTGCC	SPC	0.0077186095111239	0.8516483516483516	0.5873750913965391	236	4103.0
mouse1	default_ATCCGAACACGGCGTT	SPC	0.0071476221114304	0.945906432748538	0.5965677719604421	404	6876.0
mouse1	default_GTCAAGTTCGGTTCGG	ES	-0.0163884387077303	0.9166666666666666	0.7052896725440806	103	3176.0
mouse1	default_CGCGTTTTCACAAACC	ES	-0.0278117378496495	0.6	0.6048959608323133	149	4085.0
mouse1	default_ATCATCTAGGTAGCTG	RS	0.0045742029739837	0.9090909090909092	0.5797280593325093	375	5663.0
mouse1	default_TCGGGACGTCCTGCTT	ES	-0.013845753218983	0.3666666666666666	0.6661108795331389	81	2399.0
mouse1	default_GGAGCAACACTTAAGC	RS	0.0043050694933364	0.930952380952381	0.5738697045211819	368	5618.0
mouse1	default_CCGTACTCAGACGCTC	ES	-0.0201813250560492	0.5634920634920635	0.6057594808355303	196	4931.0
mouse1	default_GTGAAGGGTTGGTAAA	ES	-0.0153038224431526	0.775	0.6304966782663713	122	3161.0
mouse1	default_GAACCTAAGTTAGCGG	SPC	0.0065595029498073	0.8819444444444444	0.598757212605415	276	4506.0
mouse1	default_TCTATTGGTAAGTGGC	ES	-0.0112384844740429	0.75	0.6175455889600788	177	4058.0
mouse1	default_GGAAAGCAGCTACCTA	SPC	-0.002081427698708	0.8333333333333334	0.5679214402618658	646	12831.0
mouse1	default_CCCATACAGTGACATA	ES	-0.0109153044490834	0.6125	0.6196644097733294	118	3397.0
mouse1	default_CTTCTCTCATTGAGCT	ES	-0.0061676660528782	0.8452380952380952	0.6898846495119787	78	2254.0
mouse1	default_CTCGAAATCGGCCGAT	ES	-0.0206662619377305	0.7708333333333334	0.6217029153169829	161	4322.0
mouse1	default_TGCACCTTCCAATGGT	ES	-0.0017561252096829	0.3466666666666667	0.5929629629629629	98	2700.0
mouse1	default_TGCCAAATCGATAGAA	ES	-0.0319683414510793	0.8333333333333334	0.7023426734037667	75	2177.0
mouse1	default_AGTTGGTGTAAGGGCT	ES	-0.0056762828266862	0.7970588235294118	0.6210504718916701	202	4874.0
mouse1	default_GCATGTATCCGTCATC	SPC	-0.0114624817775215	0.8571428571428571	0.583165756966389	217	3481.0
mouse1	default_TTGAACGGTGCACTTA	RS	-0.0098542993310311	0.8	0.5457790844183117	301	4762.0
mouse1	default_GTAACGTGTCTTGCGG	ES	-0.0109117936024447	0.7916666666666666	0.6357170319108035	197	5202.0
mouse1	default_GGCTCGAAGTGAAGTT	ES	-0.0106474864567911	0.8	0.6322235639123684	213	5797.0
mouse1	default_ACACCCTTCCATTCTA	RS	-0.0020816943421539	0.7029411764705882	0.5426022762227007	386	6502.0
mouse1	default_GATCAGTCAATGACCT	ES	-0.0081947244711959	0.7428571428571429	0.6492599832449036	110	3581.0
mouse1	default_GCATACAAGCTGCCCA	RS	-0.0055350432748596	0.8	0.588001764446405	115	2267.0
mouse1	default_GGACGTCGTCCGACGT	ES	-0.0126706084175146	0.6666666666666666	0.6291974279590379	145	4199.0
mouse1	default_AGACGTTTCTTGAGGT	ES	-0.0165542641790315	0.3333333333333333	0.6809276289484206	89	2501.0
mouse1	default_ACACCAATCGCTTAGA	ES	0.0178931933100302	0.8117647058823529	0.6583389601620526	108	2962.0
mouse1	default_CACAAACAGCTAGTCT	ES	-0.0019684809197793	0.6904761904761905	0.6320891904992729	86	2063.0
mouse1	default_CTCATTAGTGTCGCTG	ES	-0.0177089004052062	0.9166666666666666	0.6955510322768247	103	3439.0
mouse1	default_CGACTTCGTTGGTAAA	ES	-0.0136150989272466	0.7142857142857143	0.6287425149700598	131	4008.0
mouse1	default_GGTGTTATCAGCACAT	RS	-0.0219494189937597	0.6666666666666666	0.5766951942067149	189	3038.0
mouse1	default_TACGGTAAGCAATCTC	ES	-0.0138957572247829	0.5384615384615384	0.6362248791656067	143	3931.0
mouse1	default_ACTATCTGTAAATGAC	SPC	0.0062333103234263	0.9115384615384616	0.5933567154941201	312	4847.0
mouse1	default_TGCACCTAGTTCCACA	ES	-0.0085227692144118	0.6	0.5974209147692928	177	4963.0
mouse1	default_ACTGATGAGAGCTTCT	RS	0.0054044323229734	0.8333333333333334	0.5900328137817884	313	4876.0
mouse1	default_AGTCTTTAGGAGCGTT	RS	-0.0129112689270436	0.8333333333333334	0.5902777777777778	317	4608.0
mouse1	default_GTCGGGTGTAGCGATG	ES	0.0092833012575608	0.7416666666666667	0.6563559322033898	68	2360.0
mouse1	default_GATCTAGTCCGCTGTT	SPC	0.0063175086540378	0.8636363636363636	0.5909593036100923	859	22631.0
mouse1	default_TCGGTAAGTCCAAGTT	SPC	-0.0213585119410546	0.8571428571428571	0.6026905829596413	135	2230.0
mouse1	default_GCCAAATTCTCACATT	ES	-0.0191181480096518	0.7142857142857143	0.6668818592640413	108	3098.0
mouse1	default_CCTCAGTAGCTTCGCG	ES	-0.0104655321646224	0.7416666666666667	0.6487252124645893	90	2471.0
mouse1	default_AGTAGTCCAGGCTCAC	ES	-0.0017191432580011	0.7142857142857143	0.6231012658227848	103	3160.0
mouse1	default_ACTGATGCATGACGGA	RS	0.0056058356290428	0.9460028050490884	0.5955084531920263	252	3963.0
mouse1	default_AACACGTGTCGCTTCT	ES	-0.0218766645403837	0.5584415584415584	0.6132020845396642	150	5181.0
mouse1	default_CTAACTTCAACTGCGC	ES	-0.0381009974623766	0.626984126984127	0.6092695805221473	132	3409.0
mouse1	default_TTAGGACTCCAAGCCG	SPC	0.0037635107052917	0.8888888888888888	0.5821929379962831	607	11838.0
mouse1	default_GCACATACATGAACCT	ES	-0.0147545896431007	0.458966565349544	0.6103678929765887	104	2392.0
mouse1	default_CACACAAAGAGATGAG	ES	-0.0069065390188144	0.7307692307692307	0.6326760563380281	191	5325.0
mouse1	default_AGGGAGTTCCAGAGGA	ES	0.0008947288963575	1.0	0.6892961266139108	68	2401.0
mouse1	default_CAGAATCGTGCTGTAT	ES	-0.0069039276890158	0.7777777777777778	0.6348088531187123	105	2982.0
mouse1	default_CTACACCCATGGTCAT	ES	-0.0188983603318829	0.49	0.5955958549222798	164	3860.0
mouse1	default_TGCGCAGAGTTGTAGA	RS	-0.0017393371248721	0.8	0.5698660714285714	286	4480.0
mouse1	default_CGCTGGATCTCGATGA	RS	-0.0063294524880579	0.8888888888888888	0.5816691191927685	287	4757.0
mouse1	default_TTTACTGAGGCAAAGA	ES	-0.0226328304029809	0.7142857142857143	0.6090512540894221	127	3668.0
mouse1	default_CCTACCATCTAAGCCA	ES	-0.0217951932313176	0.2343624699278267	0.6136162687886826	76	2262.0
mouse1	default_GTAACGTAGTGAATTG	ES	0.0087339581723377	0.735	0.6645750142612664	126	3506.0
mouse1	default_ACACCGGAGTCCGGTC	RS	-0.0054618208092536	0.8722826086956521	0.5835146241237612	278	4137.0
mouse1	default_TCGTAGACAATCTACG	ES	-0.0300707932770214	0.6842105263157895	0.6300227445034117	147	3957.0
mouse1	default_CCTTACGAGTGTGAAT	RS	0.004585741175068	0.9025547445255476	0.5864782535115924	678	11818.0
mouse1	default_CTAATGGCACGAAGCA	ES	-0.0024144517511675	0.6666666666666666	0.635784781916587	111	3141.0
mouse1	default_CTAACTTCAGTGGAGT	ES	-0.0158868987657564	0.8888888888888888	0.6227056424201224	96	2942.0
mouse1	default_CGTCAGGCATTCCTCG	ES	-0.014853143878101	0.6666666666666666	0.6148939837958972	226	5801.0
mouse1	default_GAAATGAGTACCTACA	RS	-0.0112447694596863	0.8	0.5686915887850468	273	4280.0
mouse1	default_GTGTGCGTCCTTCAAT	SPC	0.0052337409169568	1.0	0.608491794738213	235	3839.0
mouse1	default_CATCGGGAGAGAGCTC	RS	-0.002808008505231	0.8571428571428571	0.6046358858858859	511	10656.0
mouse1	default_ACATGGTCAGCATACT	ES	-0.0090449395134037	0.8235294117647058	0.5876278616658549	529	10265.0
mouse1	default_GTAACTGTCGTAGATC	ES	-0.0107226684251265	0.6923076923076923	0.6185703758290346	223	6785.0
mouse1	default_TACAGTGAGCTGTTCA	ES	-0.0295244646660917	0.6829268292682927	0.6026615969581749	231	5260.0
mouse1	default_TAGTTGGGTCCGTTAA	ES	-0.0128293160414218	0.7847368421052632	0.6222171740118128	174	4402.0
mouse1	default_TCACGAATCAATCACG	ES	-0.0135033561304018	0.5	0.6513317191283293	87	2891.0
mouse1	default_CGTTAGAGTGACCAAG	ES	-0.0051892268264961	0.5007861635220126	0.695821944552909	80	2561.0
mouse1	default_ACTTACTAGCGTTTAC	RS	0.0037941331349594	1.0	0.6395134537412459	182	2713.0
mouse1	default_ACATGGTTCTGCCCTA	SPC	-0.0179676320935055	0.7333333333333333	0.552059052059052	309	5148.0
mouse1	default_CCTAAAGGTCTTCTCG	ES	-0.0154879729193117	0.4	0.6044776119402985	113	3082.0
mouse1	default_TGCCCATTCTAGCACA	RS	-0.0102160853151972	0.8	0.5335565120357086	386	6273.0
mouse1	default_GCTCTGTGTACACCGC	SPC	0.0134624466645775	0.9130434782608696	0.615820416889364	523	9355.0
mouse1	default_AAGGAGCGTCTTTCAT	RS	0.0053769876266191	0.8333333333333334	0.5818659658344284	244	3805.0
mouse1	default_GAACGGATCTGATACG	SPC	0.0034849711521933	0.8588039867109634	0.5999109181003285	778	17961.0
mouse1	default_CCCAGTTTCTCGGACG	RS	-0.0026502780875753	0.8571428571428571	0.5891973316117926	309	4647.0
mouse1	default_TGAGAGGAGCGTTCCG	SPC	0.0089840769739194	0.875	0.5781786185657721	579	11365.0
mouse1	default_CTACGTCTCAACGAAA	SPC	-0.0042072314506505	0.8333333333333334	0.5721180473138697	630	12639.0
mouse1	default_AAATGCCCACTTACGA	RS	-0.0029735097565964	0.8	0.5638720468325319	303	4783.0
mouse1	default_CATATTCGTCTCACCT	ES	-0.0158307885730902	0.6153846153846154	0.6192135390741662	135	4018.0
mouse1	default_CGTCAGGGTCTGATCA	RS	-0.0075524876831351	0.8257575757575758	0.5869251392039596	304	4849.0
mouse1	default_TTGACTTGTAACGACG	RS	-0.003967248348876	0.8823529411764706	0.6013793103448276	131	2175.0
mouse1	default_TAGTGGTAGTTACGGG	SPC	-0.0013039050215144	0.8	0.5846153846153846	95	1755.0
mouse1	default_GGCTCGAGTCTTGATG	RS	-0.0091247546340149	0.8090909090909091	0.5628010374212671	342	5398.0
mouse1	default_ACGGAGAGTTATCACG	RS	-0.0005694004752791	0.8571428571428571	0.5793331417073871	415	6958.0
mouse1	default_ACGATACGTAGCGTGA	ES	0.0021200392420766	0.875	0.622906898861353	469	8958.0
mouse1	default_CGAATGTTCGTCTGAA	RS	-0.005674758409842	0.8125	0.5815075376884422	319	4975.0
mouse1	default_CGGAGTCAGGGTGTTG	RS	-0.0108063227231408	0.8571428571428571	0.5813140144891331	250	4003.0
mouse1	default_GGACAGAAGGATCGCA	RS	0.0109633337116953	1.0	0.6034223956769739	207	3331.0
mouse1	default_CGAGCCACACTTAACG	ES	-0.0026679271708369	0.625	0.6355013550135501	75	2214.0
mouse1	default_GACACGCCATGCATGT	ES	-0.0147209656208794	0.7368421052631579	0.6124540199684708	161	3806.0
mouse1	default_CAAGATCCAGTTCCCT	ES	-0.006353814882807	0.8888888888888888	0.7071399757966922	81	2479.0
mouse1	default_CTCGTCAGTATTCGTG	ES	-0.0018384758757099	0.8117647058823529	0.6186582809224319	188	4770.0
mouse1	default_GATCGCGGTCAGAATA	ES	0.0004096687869726	0.7142857142857143	0.6101302460202604	146	3455.0
mouse1	default_TTGTAGGCACCGAATT	ES	-0.0279554234667091	0.5368852459016393	0.6320085166784953	86	2818.0
mouse1	default_AGCAGCCGTTACCGAT	ES	-0.0138374113530672	0.5277777777777778	0.6227544910179641	110	2672.0
mouse1	default_ACTTGTTAGGGCTTCC	ES	-0.0225864609352607	0.5714285714285714	0.6109099686217717	151	4143.0
mouse1	default_CACAAACAGACGCACA	ES	-0.0065904792768429	0.6666666666666666	0.6697577026622794	107	3343.0
mouse1	default_GGTGCGTTCGAATCCA	ES	-0.0113785883756604	0.3636363636363636	0.6035476718403547	79	2255.0
mouse1	default_TTAACTCGTATATGAG	ES	-0.0009638135406943	0.8	0.6481726111845002	93	2271.0
mouse1	default_TGCTGCTAGCTGAAAT	ES	-0.0200946960739412	0.8	0.6115083984699817	239	6013.0
mouse1	default_GCACATATCTTCGAGA	ES	-0.0201130271102434	0.7142857142857143	0.6106818945246892	113	2977.0
mouse1	default_AACACGTCAAGTCTAC	ES	-0.0018350235599255	0.9009661835748792	0.6675675675675675	98	2220.0
mouse1	default_TACCTTATCCGCAGTG	ES	-0.0010962713115051	0.5	0.6343381389252949	97	3052.0
mouse1	default_CCATTCGCACTCAGGC	ES	-0.0218784727118617	0.5333333333333333	0.6099110546378653	137	3935.0
mouse1	default_GGTGTTAGTGTAAGTA	ES	-0.027857333427081	0.6666666666666666	0.6313432835820896	129	3350.0
mouse1	default_TGAGCATCATCGGGTC	ES	-0.0141909807571954	0.734006734006734	0.6361352657004831	144	5175.0
mouse1	default_CTTGGCTCACCAGATT	RS	-0.0213526368103758	0.7857142857142857	0.5270334548913905	403	6307.0
mouse1	default_CATATTCCAAGACGTG	ES	-0.0246289439524842	0.6	0.6801640184520759	134	3902.0
mouse1	default_TTAGTTCTCTTGCCGT	RS	-0.0057291605837413	0.8333333333333334	0.5673769978063303	419	6382.0
mouse1	default_CCTTTCTGTGATAAGT	ES	-0.013888757380094	0.8	0.6384065372829418	99	2937.0
mouse1	default_ATAGACCGTTCCACGG	ES	-0.0086330090020047	0.8397435897435898	0.6276595744680851	282	7802.0
mouse1	default_AGTCTTTAGTGTTGAA	ES	-0.0192896502338559	0.5454545454545454	0.608117816091954	103	2784.0
mouse1	default_GCGAGAACAAGCTGAG	SPC	0.0024193536905767	0.951190476190476	0.595880535530381	292	4855.0
mouse1	default_GGATTACGTCCAGTAT	ES	-0.0099826180842456	0.75	0.595579901775595	220	5294.0
mouse1	default_GCACTCTAGGGATACC	ES	-0.0079519278378802	0.75	0.6597853014037985	83	2422.0
mouse1	default_CGGCTAGCAGCCAATT	ES	-0.015161237218829	0.5	0.609038737446198	116	2788.0
mouse1	default_CAAGAAATCTAACTGG	ES	-0.0063757847930801	0.7142857142857143	0.642379679144385	93	2992.0
mouse1	default_CAGTCCTCAGGGTACA	ES	-0.0151824747744734	0.4465753424657534	0.6239717978848414	74	2553.0
mouse1	default_GTCTTCGCACTCAGGC	ES	-0.0176710056872478	0.7947368421052632	0.6332510795805059	102	3242.0
mouse1	default_TAGACCAAGGGTTTCT	ES	-0.0153957930588961	0.6666666666666666	0.6238317757009346	141	4280.0
mouse1	default_ATCATCTGTCCCTACT	ES	-0.01711488786375	0.5547008547008547	0.6117886178861789	108	2952.0
mouse1	default_ACGATGTGTTGGTTTG	ES	-0.0098897420685505	0.5454545454545454	0.6906211936662606	77	2463.0
mouse1	default_ATTCTACTCGGCGGTT	ES	-0.0099975544335568	0.6666666666666666	0.6439317953861585	89	2991.0
mouse1	default_TCTTCGGGTCTGGTCG	SPC	-0.0059357739385093	0.625	0.5854394568087514	155	2651.0
mouse1	default_ATCCACCAGTCTCAAC	RS	-0.0114575715179959	0.8	0.5509328358208955	349	5360.0
mouse1	default_ACTTGTTCATGCAACT	SPC	-0.0064503871603391	0.8333333333333334	0.5850773430391265	211	3297.0
mouse1	default_TTCCCAGAGCCAGAAC	ES	-0.0146896686332441	0.8	0.6500146929180135	103	3403.0
mouse1	default_GAATAAGGTACGAAAT	RS	0.0065507351512872	0.873015873015873	0.5805946791862285	282	4473.0
mouse1	default_TGGCGCAAGGCATGTG	ES	-0.0009481229404521	0.7333333333333333	0.6328767123287671	203	5475.0
mouse1	default_AAAGCAAGTTCCTCCA	RS	-0.0112990752471792	0.4444444444444444	0.5394665215024497	201	3674.0
mouse1	default_AAACCTGAGCTTATCG	RS	0.0026372079696009	0.9285714285714286	0.592432072012002	383	5999.0
mouse1	default_TCACGAATCACGAAGG	ES	-0.0097859329019419	0.4	0.5804461319411486	99	2107.0
mouse1	default_CTTTGCGGTACTTCTT	ES	-0.019210014871271	0.6	0.6843443516164185	89	2753.0
mouse1	default_GAGGTGACATCGGTTA	ES	-0.0068187219323172	0.7777777777777778	0.6894736842105263	77	2470.0
mouse1	default_GGACGTCTCGGACAAG	ES	-0.0026464762800399	0.8333333333333334	0.6272050176401411	177	5102.0
mouse1	default_CTCTACGGTCGTGGCT	RS	-0.0127312958719358	0.8333333333333334	0.5766520662730908	327	5251.0
mouse1	default_GACAGAGTCACCGTAA	ES	-0.0193128691362597	0.6833333333333333	0.6354753851935363	110	2661.0
mouse1	default_ATTATCCGTGTGTGCC	RS	0.0008324865470003	0.8461538461538461	0.5605651360897569	315	4813.0
mouse1	default_ACATCAGCATGGTTGT	ES	-0.0088333074591384	0.6435714285714286	0.6769616026711185	78	2396.0
mouse1	default_GAGGTGATCGGTGTCG	RS	0.0066762747862145	0.925	0.5918452257125026	321	4807.0
mouse1	default_GGCCGATGTATTCTCT	ES	-0.0050527827405108	0.8	0.6363636363636364	127	2651.0
mouse1	default_CGGGTCATCTGCCAGG	RS	0.0125287394029779	0.9354166666666668	0.6041936878512754	308	4626.0
mouse1	default_CTAACTTCAAAGTGCG	RS	-0.0084088232790311	0.7638888888888888	0.5568794964028777	284	4448.0
mouse1	default_CGGACGTGTACATGTC	ES	0.0082085967550418	0.8260869565217391	0.7103004291845494	85	2796.0
mouse1	default_TGGTTAGTCTGAGGGA	SPC	0.0050679184313189	0.975	0.625032459101532	234	3851.0
mouse1	default_CAAGGCCAGAGCCCAA	RS	-0.0032936093191805	0.8571428571428571	0.5951515151515151	230	3300.0
mouse1	default_TCGGTAATCTGCCCTA	ES	-0.0127900835745813	0.625	0.5906914893617021	171	3760.0
mouse1	default_TGAAAGAAGTGGAGTC	ES	-0.0007908281629669	0.8	0.6344339622641509	91	2968.0
mouse1	default_GGGCACTTCACCATAG	SPC	0.0019685582383781	0.875	0.5931971236160256	506	8761.0
mouse1	default_GACAGAGCAATTGCTG	ES	0.0053794848437594	0.7229965156794425	0.6745580808080808	96	3168.0
mouse1	default_CCTAGCTCATTCCTCG	RS	-0.0081809188013457	0.8	0.5596396919947697	427	6883.0
mouse1	default_CGTAGCGCAAGCCATT	RS	-0.0120225207627587	0.8333333333333334	0.5777411074440777	355	5454.0
mouse1	default_CGGACTGAGCTAGTTC	ES	0.0049600063224561	0.7928571428571429	0.6182197496522949	184	4314.0
mouse1	default_TCGCGTTAGACTAGGC	RS	-0.002309100409909	0.8	0.578287543344892	245	3749.0
mouse1	default_AAGGTTCTCTTCGAGA	ES	-0.0089708643213253	0.8	0.6442713404738721	97	3081.0
mouse1	default_TGACTAGGTCATATGC	ES	-0.0077254463745177	0.625	0.6314034555926038	110	3299.0
mouse1	default_GCTTGAATCGGAAACG	ES	-0.0070314718549957	0.75	0.6231841952353283	116	3442.0
mouse1	default_GCGCAGTCAAGTTAAG	ES	-0.002078574100107	0.6666666666666666	0.6285830453344176	163	4919.0
mouse1	default_CACCACTTCTACTATC	ES	-0.0201706105253306	0.3875	0.6039426523297491	132	3348.0
mouse1	default_GACAGAGGTGCGAAAC	RS	0.0053614587256144	0.8918128654970761	0.5833105708822726	440	7322.0
mouse1	default_CGAGCACTCATAGCAC	ES	-0.0098915744923378	0.8660714285714286	0.642627345844504	116	3730.0
mouse1	default_GCGCAACCATGACATC	RS	0.0036144527137208	0.9	0.5737192021900664	323	5114.0
mouse1	default_CATTATCTCTGGTGTA	ES	0.0043148820167051	0.861904761904762	0.6345366579828805	98	2687.0
mouse1	default_AGGCCGTGTTATGTGC	RS	-0.0097176141963532	0.8	0.5949938448912597	161	2437.0
mouse1	default_AAACCTGGTTGAGTTC	RS	0.0099743655494867	0.8	0.5724251128436603	327	4874.0
mouse1	default_CGTGTAAGTGGTTTCA	ES	-0.0118775575818327	0.625	0.6368649074438756	87	2539.0
mouse1	default_AGTGGGACATCTCGCT	ES	0.0042661740736587	0.8	0.6224066390041494	226	4820.0
mouse1	default_TTGTAGGTCGGAAATA	SPC	0.0046441840118486	0.7777777777777778	0.5719814241486069	248	3876.0
mouse1	default_GGAGCAACAGCCACCA	ES	-0.02097781451507	0.6491228070175439	0.6214183381088825	90	2792.0
mouse1	default_CCAGCGAGTCTCTTTA	ES	-0.0210250841951801	0.5366161616161615	0.6052631578947368	92	2546.0
mouse1	default_GTCGGGTTCAGTTTGG	RS	0.017462601692868	0.875	0.5941832019570535	229	3679.0
mouse1	default_TACAGTGTCATGCAAC	RS	-0.0078422294225086	0.4	0.5393298059964726	161	2835.0
mouse1	default_CCCAATCGTATTACCG	SPC	0.005959332269228	0.8944444444444444	0.5724465558194775	254	4210.0
mouse1	default_CTCTGGTTCACGCATA	ES	-0.0311324194364321	0.5833333333333334	0.6180933295161752	141	3493.0
mouse1	default_GTACGTAAGCAGACTG	SPC	0.0031918163132969	0.8166666666666667	0.5847243297926151	118	1977.0
mouse1	default_ACACTGAGTGCGGTAA	SPC	0.0159306084405984	0.9478885893980232	0.5934934318555009	536	9744.0
mouse1	default_GTTTCTATCCGCGGTA	ES	-0.0066819429866464	0.5909090909090908	0.6201952410006101	112	3278.0
mouse1	default_AGAGTGGTCCTAGTGA	RS	0.0020148750191112	0.875	0.6052494802494802	248	3848.0
mouse1	default_TCAATCTAGTTAGCGG	RS	0.0038134461040537	0.8571428571428571	0.5890792291220557	299	4670.0
mouse1	default_AGCCTAAAGAGGTAGA	ES	-0.0040099269993867	0.55	0.6306748466257669	114	3260.0
mouse1	default_CTGAAACCACGACGAA	SPC	-0.0068287865562231	0.8	0.5416666666666666	397	6672.0
mouse1	default_GCGCGATGTTCCACTC	ES	-0.0081063714907389	0.7142857142857143	0.6455004205214466	85	2378.0
mouse1	default_ATCACGATCTTCGAGA	ES	-0.0247524480481745	0.6125	0.6060271958838662	112	2721.0
mouse1	default_TTCCCAGAGATATACG	ES	-0.0032800699420128	0.722007722007722	0.6501275871845761	120	3527.0
mouse1	default_CACCACTCAAACTGTC	SPC	-0.0019794328891104	0.7692307692307693	0.5633484162895928	321	5304.0
mouse1	default_TCAGGTAGTGACCAAG	ES	-0.0229472093684024	0.8596059113300492	0.6689863842662632	112	3305.0
mouse1	default_GCATACAAGGCAAAGA	SPC	0.0102163703499841	1.0	0.6601941747572816	85	1751.0
mouse1	default_TCTGAGAAGCTAGTGG	ES	0.0192508185435781	0.8571428571428571	0.6679591117377511	101	2837.0
mouse1	default_ACGCAGCAGACAGGCT	ES	-0.0003413580492551	0.8333333333333334	0.6716599190283401	90	2470.0
mouse1	default_AAAGCAACAAAGTCAA	SPC	-0.006206634621148	0.8333333333333334	0.5865294667913938	273	4276.0
mouse1	default_CCTATTAGTATAAACG	SPC	0.0030052386815109	0.8888888888888888	0.6102899142507145	648	12245.0
mouse1	default_TCGGTAACATAGAAAC	RS	0.0027381039331536	0.8947368421052632	0.5804969366916269	391	5876.0
mouse1	default_AGTAGTCAGGAGTACC	RS	-0.0037993887980748	0.8	0.5505084745762712	272	4425.0
mouse1	default_CAGCAGCGTTCACCTC	SPC	-0.0095679072115204	0.8333333333333334	0.5697801001524059	294	4593.0
mouse1	default_TGACTTTTCCCTTGCA	ES	-0.0004910870501915	0.6470588235294118	0.6023364485981308	86	2140.0
mouse1	default_AGCGGTCTCGTACGGC	ES	-0.0342954392064628	0.6966911764705883	0.7031884057971014	104	3450.0
mouse1	default_ACTTACTCACGACGAA	ES	0.0100592497010973	0.588276836158192	0.6121779859484777	88	2135.0
mouse1	default_AGCTCTCGTATAATGG	SPC	0.0017902331628267	0.8333333333333334	0.5851943755169562	449	7254.0
mouse1	default_CGTCTACGTGGTAACG	SPC	0.0084059519239807	0.875	0.6029187081818661	782	18981.0
mouse1	default_TTTACTGGTGTTGAGG	RS	-0.0112554252487497	0.8	0.5651470191529538	218	3707.0
mouse1	default_AGCAGCCAGCTATGCT	RS	0.0018425377026527	0.8333333333333334	0.5893835616438357	383	5840.0
mouse1	default_GAACATCGTACCGTAT	SPC	0.0050068424213453	0.8666666666666667	0.5868349249658936	717	14660.0
mouse1	default_ATCCGAACATGGATGG	SPC	0.0054176143847374	0.8816526610644257	0.5821858864027539	688	13944.0
mouse1	default_CTCACACTCAAAGTAG	RS	-0.0096168297118969	0.7142857142857143	0.5300751879699248	301	4788.0
mouse1	default_CATGCCTTCAAACCAC	SPC	-0.0207715926802351	0.5	0.5865436787845903	98	1843.0
mouse1	default_CACACTCTCTGAGGGA	SPC	-0.0015538533917948	0.875	0.596148452837244	563	10697.0
mouse1	default_GCCAAATTCCACGAAT	SPC	-0.0051786454881436	1.0	0.6034570411794611	251	3934.0
mouse1	default_GTAACGTAGCACACAG	SPC	-0.0071167746105275	0.8944444444444444	0.5789239662072032	274	4498.0
mouse1	default_CAAGAAATCGCTAGCG	SPC	0.0201737580259423	1.0	0.6606516290726817	111	1995.0
mouse1	default_TTAGTTCCAGACAGGT	RS	-0.0032014450520157	0.8571428571428571	0.5728661275831087	348	5565.0
mouse1	default_TGAAAGAAGAATCTCC	SPC	0.0038434637951361	0.8666666666666667	0.5872211854616547	607	11253.0
mouse1	default_ACGAGGATCTGGCGAC	SPC	0.0091726878674951	0.9230769230769232	0.6062650602409638	253	4150.0
mouse1	default_GTACTTTGTCCGTCAG	RS	0.0120620145626268	0.9166666666666666	0.6007361487795428	610	10324.0
mouse1	default_TGCTGCTGTCACCCAG	SPC	0.0042456064868356	0.8397435897435898	0.5738758029978587	358	6071.0
mouse1	default_TCTATTGCACGGACAA	RS	-0.0114550171636949	0.8333333333333334	0.5771762984637894	503	8202.0
mouse1	default_CGAGCCAAGAACTGTA	RS	-0.0013139113357695	0.8333333333333334	0.5778935373595963	398	6143.0
mouse1	default_CACCACTGTTCAGTAC	SPC	0.0043671752877347	0.875	0.5731981981981982	792	19536.0
mouse1	default_AACTGGTCAGTCCTTC	RS	-0.005057388658514	0.7596153846153846	0.547244094488189	316	4826.0
mouse1	default_GTGTTAGTCGTTTATC	RS	0.0084886691771792	0.6904761904761905	0.5614769699276742	154	2627.0
mouse1	default_AGGCCGTCACGGCGTT	RS	-0.0126021120436796	0.7638888888888888	0.5816139385602934	284	4362.0
mouse1	default_TGAGGGAAGGCGCTCT	RS	-2.3899709110938347e-05	0.8947368421052632	0.5806602304578014	401	6422.0
mouse1	default_TCAGGATCAACGATGG	RS	-0.0029119712803996	0.75	0.5733333333333334	235	3825.0
mouse1	default_CGCTTCATCTCAACTT	SPC	-0.001533432835718	0.6666666666666666	0.5651105651105651	107	2035.0
mouse1	default_CCCAATCCACATCCGG	SPC	-0.0106539838141885	0.75	0.5575142450142451	352	5616.0
mouse1	default_CACCACTCAAACTGCT	RS	-0.0154450485059684	0.8181818181818182	0.5491842230318391	399	6313.0
mouse1	default_TGGTTCCTCATGGTCA	SPC	0.0559268405705933	1.0	0.6770107663077898	58	1579.0
mouse1	default_CGATGGCAGTGCCATT	SPC	0.008301099311144	0.8708333333333333	0.5976697182261325	760	16822.0
mouse1	default_GCATGTATCTCTAAGG	RS	-0.0042003617052515	0.8571428571428571	0.583969465648855	296	4454.0
mouse1	default_TCTTCGGGTCCTCCAT	RS	-0.0095532117720377	0.7777777777777778	0.5395870916015234	327	4989.0
mouse1	default_TCAACGATCAGTTCGA	SPC	0.0072555810582535	0.8660714285714286	0.5897030953885029	528	9498.0
mouse1	default_CGGAGTCTCCAAACAC	ES	-0.0007868506780731	0.75	0.6313131313131313	129	3762.0
mouse1	default_GGGCATCGTCCAGTGC	RS	0.0036578354259048	0.8571428571428571	0.5944467816575515	319	4754.0
mouse1	default_CACTCCACAGTATAAG	SPC	-8.846465903685268e-05	0.8	0.5752984389348026	279	4356.0
mouse1	default_GCACTCTTCGGCGGTT	ES	-0.0108581670795074	0.7817460317460317	0.6032018296169239	210	5247.0
mouse1	default_TGCGTGGGTCGATTGT	RS	-0.0024248461708208	0.8333333333333334	0.5720180782078994	325	5089.0
mouse1	default_CCAATCCCAACGCACC	SPC	-0.0143686680410071	0.8	0.5624142661179699	324	5103.0
mouse1	default_GACGGCTCAATGCCAT	ES	-0.0064205929550067	0.5357142857142857	0.6003116478379431	96	2567.0
mouse1	default_TGAGAGGCAAGTTAAG	SPC	0.0066872970284544	0.8333333333333334	0.5990720524017468	226	3664.0
mouse1	default_CCGTACTTCTTAACCT	SPC	0.0003439074080823	0.8	0.5643407340280925	262	4414.0
mouse1	default_GGACAGATCCCAAGAT	RS	0.0024831195538091	0.9565217391304348	0.604518484710178	285	4382.0
mouse1	default_AGCTCTCGTACCATCA	ES	0.0159486116993616	0.5788461538461538	0.6358183376178235	92	2334.0
mouse1	default_GAAGCAGAGTCAAGGC	ES	0.0084223238750613	0.7947368421052632	0.6318407960199005	122	3618.0
mouse1	default_TCAGGTACATCCGTGG	ES	-0.0064009638154616	0.9166666666666666	0.684346701164295	77	2319.0
mouse1	default_GCTCCTATCTACCTGC	ES	-0.0145122866505662	0.8	0.6928549334982987	102	3233.0
mouse1	default_GGTGAAGTCTATGTGG	RS	-0.0047731688122301	0.8333333333333334	0.6015120781855062	351	5423.0
mouse1	default_TGACTAGTCACAATGC	SPC	0.0042466386815764	0.875	0.5776646053110222	749	16494.0
mouse1	default_TCACAAGGTCGTGGCT	SPC	0.0072922036682396	0.8856209150326797	0.5969052224371373	572	10340.0
mouse1	default_CCTTCGACAAAGGCGT	SPC	0.0117276184604248	0.875	0.5953454992823457	798	19508.0
mouse1	default_GCATGCGCAGCTGTGC	SPC	0.0018971714316317	0.8535714285714285	0.5811984368215372	772	18424.0
mouse1	default_ATCCACCGTTATCACG	RS	-0.0076890725687564	0.7272727272727273	0.5296944070728425	309	5203.0
mouse1	default_AACTCTTGTGAGCGAT	SPC	0.0051801217243388	1.0	0.6005260081823495	202	3422.0
mouse1	default_CTCACACAGAGGTACC	SPC	0.010517452933733	0.8779761904761905	0.5934560534034591	820	19774.0
mouse1	default_GTGCGGTCATCTGGTA	SPC	0.0105434928155836	0.875	0.5893511316304512	819	19927.0
mouse1	default_ACTTACTGTCTCTTTA	RS	-0.0291355046515401	0.5833333333333334	0.5338775510204081	225	3675.0
mouse1	default_TACTCGCTCCAGATCA	SPC	0.0020217747592114	0.8571428571428571	0.5688922867821951	611	11772.0
mouse1	default_CGAGAAGCACTTAAGC	SPC	0.010597209528022	0.8732798165137614	0.597008516424533	682	13973.0
mouse1	default_TGCACCTCATGGGAAC	SPC	-0.0072859262312319	0.8284313725490196	0.575344279661017	436	7552.0
mouse1	default_CTCGGGAGTCATGCAT	SPC	0.0144142325776788	0.9	0.5940241878112402	261	4217.0
mouse1	default_GAGTCCGAGCTGCAAG	SPC	0.0050709815505536	0.8918918918918919	0.6020482052343022	539	9667.0
mouse1	default_TGCCAAATCGCCAGCA	SPC	-0.0040920583181261	0.9090909090909092	0.5752081406105458	343	5405.0
mouse1	default_CAGATCACATAGACTC	SPC	0.0060054486499096	1.0	0.6637022397891963	203	3036.0
mouse1	default_TCATTTGAGTTACGGG	SPC	0.0130535539209657	0.8888888888888888	0.600123609394314	815	19416.0
mouse1	default_GCAGCCACATCTACGA	SPC	-0.0103618451398178	0.9090909090909092	0.5872781065088757	253	4056.0
mouse1	default_GGAAAGCAGAATAGGG	SPC	-0.0088031167835486	0.8571428571428571	0.6197831087742359	199	3043.0
mouse1	default_TATCAGGAGCCAGAAC	SPC	0.0111125504484537	0.8888888888888888	0.596140350877193	841	22800.0
mouse1	default_TACTCGCCACGGACAA	SPC	-0.0040219167159238	0.8452380952380952	0.5687789799072643	326	5176.0
mouse1	default_GTTCATTCACTGTTAG	SPC	-0.000307849623419	0.8888888888888888	0.5959237343852728	466	7605.0
mouse1	default_TCGCGAGCACGGTAAG	SPC	0.006924646632003	0.88	0.5983027995875961	645	12609.0
mouse1	default_TGTTCCGGTCCAGTTA	SPC	-0.0044992559862012	0.8	0.5607114467408585	555	10064.0
mouse1	default_ACGAGGAGTCCGTTAA	SPC	0.0142289355061945	0.9230769230769232	0.6052079359023274	579	10484.0
mouse1	default_GTGCATATCGAACTGT	SPC	0.0061906408125021	0.8571428571428571	0.5794192997438087	743	16394.0
mouse1	default_TTCGGTCCAAGTCATC	SPC	-0.0016808288194583	0.8397435897435898	0.5804081632653061	220	3675.0
mouse1	default_AGTTGGTAGCCCAATT	SPC	0.0121091239985853	1.0	0.6643653744025492	108	1883.0
mouse1	default_TGCGTGGGTCAATGTC	SPC	-0.0051305768587531	0.7777777777777778	0.5593893129770993	211	3275.0
mouse1	default_AGGTCATAGTACGATA	SPC	0.0035305781863528	0.9642857142857144	0.606238336443615	239	3751.0
mouse1	default_CTTTGCGCACCAGCAC	SPC	-0.0095896300880896	0.8333333333333334	0.5740135712490575	265	3979.0
mouse1	default_TTGGCAATCACTCCTG	SPC	0.0005826779681505	0.8571428571428571	0.5802823114247905	285	4534.0
mouse1	default_ATAAGAGTCGCATGGC	SPC	-0.0094492026816459	0.8571428571428571	0.5810607687352373	277	4657.0
mouse1	default_GCGCGATGTAAGTGTA	SPC	0.0138819270507626	0.8888888888888888	0.6127618119824647	560	10265.0
mouse1	default_CTACCCACAACGATCT	SPC	-0.002675658188141	0.80625	0.5373207621292477	536	10182.0
mouse1	default_TCTCTAAAGATCTGAA	SPC	0.0139142485878615	0.9090909090909092	0.6027109137648984	645	12837.0
mouse1	default_CGATCGGGTAGCGATG	SPC	0.0282892667259685	0.951190476190476	0.6375949107326082	708	14619.0
mouse1	default_CTACACCTCGCCGTGA	SPC	0.008412104177265	0.8888888888888888	0.5882543802725503	519	9246.0
mouse1	default_CAACTAGTCGCTGATA	SPC	-0.0138410297651184	0.8768939393939394	0.6028829847371396	216	3538.0
mouse1	default_GTTCGGGTCGCGATCG	SPC	0.0089430774830064	1.0	0.6675736961451247	133	2205.0
mouse1	default_CACACCTTCTTCGAGA	RS	-0.0136580880931738	0.8333333333333334	0.5555321834244846	319	4754.0
mouse1	default_ACGCCAGAGCCAGGAT	SPC	-0.0027188093966516	0.8	0.5725587144622991	258	4045.0
mouse1	default_GGACAAGAGATCCCGC	SPC	0.0054246317772484	0.875	0.5879041046131492	352	5506.0
mouse1	default_TAAGCGTCAACTGCGC	SPC	-0.002662908137928	0.8633540372670807	0.587516960651289	238	3685.0
mouse1	default_GAGCAGAGTTGGTGGA	SPC	0.0096431581530827	1.0	0.6564124783362218	127	2308.0
mouse1	default_GGGTCTGGTTACGACT	SPC	-0.0020586174646947	0.8	0.5642426525998493	314	5308.0
mouse1	default_GGACAAGGTGCCTGTG	SPC	0.0012549409199928	0.9651793789568888	0.6009394922268203	512	8941.0
mouse1	default_CGTGTAACAAGTAGTA	RS	0.0123764737977854	0.8819444444444444	0.5904645476772616	204	3272.0
mouse1	default_GGGCATCTCACTTATC	RS	-0.0011905204016411	0.8333333333333334	0.5680249387664217	297	4491.0
mouse1	default_CTGCTGTTCGCTTAGA	SPC	0.0108176422709239	0.8786764705882353	0.5841965973534972	668	13225.0
mouse1	default_CAGCATATCGTGGACC	SPC	0.0055673346298663	0.8571428571428571	0.617859123682751	105	1803.0
mouse1	default_ATTCTACCATGAAGTA	RS	-0.0071462906952439	0.8888888888888888	0.5755677368833203	219	3831.0
mouse1	default_CCGGTAGGTGAGCGAT	SPC	0.0274090520211654	1.0	0.6691785983421251	267	3981.0
mouse1	default_CGCGTTTAGGGTTCCC	SPC	0.0048025111548123	0.8571428571428571	0.5863213100717114	527	9343.0
mouse1	default_CGTGTCTGTATATCCG	SPC	0.0066883291348154	0.9772727272727272	0.6012269938650306	395	6683.0
mouse1	default_GTACTTTTCTAACCGA	RS	0.0076801964192816	0.9230769230769232	0.5836099585062241	301	4820.0
mouse1	default_CTCGTCAGTGCATCTA	SPC	-0.0085288741119877	0.8571428571428571	0.6256952169076752	105	1798.0
mouse1	default_CACCTTGAGTGTTGAA	SPC	0.0191385738273976	1.0	0.6048581048581049	248	4158.0
mouse1	default_CGCTTCAGTTAAGAAC	SPC	0.010002729909718	1.0	0.6391437308868502	141	2289.0
mouse1	default_TTCGGTCAGTGGTAAT	SPC	0.0043270943766441	0.8333333333333334	0.5658536585365853	346	5535.0
mouse1	default_TTCTACACATGCGCAC	SPC	-0.0106921619042712	0.8333333333333334	0.563372312334968	325	5302.0
mouse1	default_TGCTACCAGGCTCATT	SPC	-0.0147670809407682	0.6	0.5728800312622118	157	2559.0
mouse1	default_CAGCAGCTCACCTCGT	SPC	-0.0194724216331082	0.7142857142857143	0.528629579375848	224	3685.0
mouse1	default_CTACATTTCCATGCTC	RS	-0.0122618325123453	0.8333333333333334	0.5772417153996101	279	4104.0
mouse1	default_ATTATCCGTGCAACGA	SPC	-0.0023755288746455	0.8461538461538461	0.5720236365397656	552	10323.0
mouse1	default_AGGGAGTGTCGGCTCA	RS	-0.0036881016909808	0.9188311688311688	0.5874613003095975	246	3876.0
mouse1	default_TTCGGTCCAGACAGGT	RS	0.0006455171412933	0.8275862068965517	0.5722295514511874	397	6064.0
mouse1	default_CTGTGCTAGTCTCCTC	SPC	0.0080013139407418	0.875	0.6044858870967742	822	19840.0
mouse1	default_GACCAATGTTATCCGA	ES	-0.035116711217238	0.4222222222222222	0.6069742099527787	102	2753.0
mouse1	default_CGGTTAATCTTACCGC	SPC	0.0104988043331383	0.9230769230769232	0.5871542602561722	596	10774.0
mouse1	default_AAAGTAGGTGTTCGAT	SPC	0.0271935556179082	1.0	0.6485253876558225	215	3289.0
mouse1	default_TACCTTACATAAGACA	SPC	0.0094153586980555	1.0	0.6088769734882336	213	3357.0
mouse1	default_GTGAAGGAGAGCTGCA	RS	-0.0005754425513504	0.9230769230769232	0.5644018340975406	297	4798.0
mouse1	default_ATCCACCCATTTCAGG	SPC	-0.0218219537521421	0.8	0.5699380502119334	198	3067.0
mouse1	default_CAGCTAAGTAAGTAGT	RS	-0.0068314266109899	0.8	0.5906058921623124	232	3598.0
mouse1	default_TGAGCATAGACGACGT	RS	-0.0022875222456058	0.8660714285714286	0.6001016260162602	262	3936.0
mouse1	default_GTTAAGCGTTCGTGAT	SPC	0.014776654879643	1.0	0.6224156692056583	228	3676.0
mouse1	default_CACACTCGTGGTCCGT	SPC	-0.0030166624376547	0.8603896103896104	0.5790436373138228	238	3827.0
mouse1	default_GCGCCAAGTTAAAGTG	RS	0.0110905248858027	1.0	0.5986745213549337	266	4074.0
mouse1	default_TGACAACTCTTCATGT	RS	-0.0064628857519993	0.7320574162679425	0.5578245915735167	282	4652.0
mouse1	default_TGATTTCAGGCAGGTT	SPC	0.0042342507933508	0.8888888888888888	0.5736760781008569	429	7119.0
mouse1	default_TCTCTAAAGACCACGA	SPC	-0.009200766187117	0.8571428571428571	0.5808435852372583	131	2276.0
mouse1	default_CGGACTGCAGTAACGG	SPC	0.0057241829145349	0.8819444444444444	0.5835129310344828	338	5568.0
mouse1	default_TCAGATGGTTGTCGCG	SPC	0.0092728016432471	0.92	0.6179860912641707	577	10497.0
mouse1	default_ACTTACTAGTCTTGCA	SPC	0.0028636637661203	0.8888888888888888	0.5997539470986262	305	4877.0
mouse1	default_GAGTCCGCAGACGCTC	SPC	-0.0074461622558659	0.9166666666666666	0.5804529201430274	307	5034.0
mouse1	default_CGGCTAGTCTGATACG	SPC	-0.0054625136504117	0.8376623376623377	0.5791162675882499	244	4051.0
mouse1	default_GCTCCTACATCTGGTA	SPC	-0.0172265922029334	0.7142857142857143	0.5334168755221387	137	2394.0
mouse1	default_AAGTCTGTCTACTATC	SPC	0.0146083432448466	1.0	0.6138448707256047	147	2398.0
mouse1	default_TAAGAGAAGGCCCTCA	SPC	0.0038364160415675	0.8333333333333334	0.572509128847157	243	3834.0
mouse1	default_CTCAGAATCATCGCTC	RS	-0.0102016143255734	0.8	0.5416956219596942	499	8634.0
mouse1	default_TATCAGGAGCCCAACC	SPC	-0.0081764859704505	0.8	0.5808908377567505	263	4333.0
mouse1	default_AGTGTCATCCCTAATT	RS	-0.0039631228541481	0.8571428571428571	0.5694581280788177	177	3045.0
mouse1	default_GAACCTAAGTAATCCC	SPC	-0.0042187861511174	0.9318181818181818	0.5622307324078506	253	4178.0
mouse1	default_AGTGGGATCATCTGTT	ES	0.0075577596669339	1.0	0.6519480519480519	159	2695.0
mouse1	default_CAGCTAAGTATGAATG	SPC	0.0056715153180783	0.875	0.5808741956955846	290	4507.0
mouse1	default_AGTCTTTAGACATAAC	RS	-0.0140267596734822	0.6	0.5629575402635432	172	2732.0
mouse1	default_TGAGGGAAGCTAACAA	SPC	-0.0125697052079776	0.8571428571428571	0.5757714285714286	267	4375.0
mouse1	default_CACAAACCACACGCTG	RS	-0.0166838265679884	0.7857142857142857	0.5534772182254196	271	4170.0
mouse1	default_TTCCCAGTCTACGAGT	SPC	-0.0001544425918342	0.7777777777777778	0.5640123185217774	285	4546.0
mouse1	default_ACTGTCCGTGGACGAT	SPC	-0.0058224721193108	0.7928571428571429	0.5904581955597543	128	2117.0
mouse1	default_ATAACGCAGTCCAGGA	RS	-0.0069639071817213	0.8333333333333334	0.5802722835859234	234	3893.0
mouse1	default_GATTCAGGTTGTACAC	SPC	-0.006472932886851	0.875	0.5712209302325582	352	5504.0
mouse1	default_ACTGCTCCAGACACTT	SPC	-0.0156783733761565	0.873015873015873	0.5944658652755727	270	4409.0
mouse1	default_GGTGTTACATGCCTTC	RS	-0.0032596433107643	0.8	0.5511688311688312	359	5775.0
mouse1	default_CGTTGGGTCACTTATC	SPC	-0.0074269087741979	0.8333333333333334	0.5599496674456229	336	5563.0
mouse1	default_TAGTTGGCATCCCATC	RS	-0.0080865138271274	0.8	0.5657142857142857	345	5250.0
mouse1	default_AAGTCTGAGTAGGTGC	RS	0.010974617505411	1.0	0.5898382559774965	376	5688.0
mouse1	default_GTGCATATCCGTACAA	SPC	0.0129070724147356	0.8571428571428571	0.5812937062937062	354	5720.0
mouse1	default_GATTCAGCACCATGTA	RS	0.0056092429396159	0.8571428571428571	0.565171102661597	415	6575.0
mouse1	default_TTAGGACAGTTGAGAT	RS	-0.0082863377045844	0.8571428571428571	0.5756578947368421	284	4560.0
mouse1	default_CGTCAGGAGTGACTCT	RS	0.0087703168180557	0.8571428571428571	0.5852248394004282	302	4670.0
mouse1	default_CCTTCCCGTACTCAAC	RS	-0.0022942538387734	0.875	0.5733237719612765	372	5578.0
mouse1	default_CGCTATCTCAGCTGGC	SPC	-0.0022292165536265	0.8181818181818182	0.5685007385524372	339	5416.0
mouse1	default_TAGTGGTTCATTGCGA	SPC	0.0104975672672646	0.898989898989899	0.6249249249249249	212	3330.0
mouse1	default_ACGCCGAAGACCTTTG	SPC	-0.0172976832166202	0.7418300653594772	0.596369460758142	98	1873.0
mouse1	default_TTCCCAGTCTGGGCCA	RS	-0.0087554602660736	0.6833333333333333	0.5513604724741615	296	4741.0
mouse1	default_GTGCGGTCACACCGCA	RS	0.0027527102381138	0.9565217391304348	0.5782018493015936	317	5083.0
mouse1	default_TGAGCATCAGCTGTAT	SPC	-0.0136089993149687	0.7104166666666667	0.5668255048786022	266	4407.0
mouse1	default_TCGTAGAGTGTTCGAT	RS	0.0037368177425568	0.8660714285714286	0.569949281487743	296	4732.0
mouse1	default_TCAACGACAGTCCTTC	SPC	-0.001560767919701	0.9198717948717948	0.5580110497237569	278	4344.0
mouse1	default_CATCGAACAGTGGGAT	SPC	-0.0030486429622073	0.9	0.5760777683854607	302	4732.0
mouse1	default_TTAGTTCAGTAGATGT	RS	-0.0081482113726353	0.8	0.5673630033303058	225	3303.0
mouse1	default_TCGCGAGTCCATTCTA	SPC	-0.0027931040645889	0.8	0.5617073170731708	235	4100.0
mouse1	default_CTAAGACCAATAGCAA	SPC	-0.0137903921900331	0.8	0.5613420130195292	244	3994.0
mouse1	default_AGTGTCAGTTACGGAG	SPC	-0.014590034862778	0.8333333333333334	0.5980832584606169	213	3339.0
mouse1	default_ATGGGAGGTGCTCTTC	SPC	0.0121257302666107	0.9411764705882352	0.5900243309002433	207	3288.0
mouse1	default_TATGCCCTCGGCATCG	SPC	0.0212656642105575	0.9	0.6062819576333089	165	2738.0
mouse1	default_TCATTTGGTGACCAAG	RS	-0.0092848685708219	0.8571428571428571	0.5818466967261321	351	5101.0
mouse1	default_CCCTCCTGTTGCCTCT	SPC	-0.0097095894656815	0.8	0.5402014826078693	325	5261.0
mouse1	default_AAGTCTGGTAAATACG	SPC	0.0071025209509981	0.875	0.6010048147372828	299	4777.0
mouse1	default_GACGCGTCAAGCGCTC	RS	0.0022144076835404	0.8	0.5730652831820147	306	4626.0
mouse1	default_CTACCCATCGGCGCAT	SPC	0.0238525924889635	1.0	0.6387596899224807	241	3870.0
mouse1	default_GCTGGGTAGTTTAGGA	RS	-0.0052313371157712	0.8166666666666667	0.6101010101010101	126	1980.0
mouse1	default_GCAGTTACACCTATCC	SPC	-0.0021812496457128	0.8257575757575758	0.5788461538461539	160	2600.0
mouse1	default_TTTCCTCTCTTTAGGG	SPC	-0.0015290880894598	0.8888888888888888	0.5648148148148148	256	4104.0
mouse1	default_TCCCGATCACGCCAGT	SPC	0.0036647212918902	1.0	0.583	263	4000.0
mouse1	default_AACACGTCAGACAGGT	SPC	-0.0028213348581224	0.8819444444444444	0.573302043070127	414	7244.0
mouse1	default_CAACCTCAGATCGATA	RS	0.005254462113321	0.9023809523809524	0.57988034566807	296	4513.0
mouse1	default_CTAGCCTAGACAGAGA	SPC	-0.0321080423676594	0.7	0.6395563770794824	79	1623.0
mouse1	default_CACATTTTCGCAAACT	SPC	-0.0168171174267021	0.7941176470588235	0.5911885245901639	167	2928.0
mouse1	default_CTCTACGGTAACGTTC	RS	-0.0139809152108857	0.8516483516483516	0.5924688733677498	222	3293.0
mouse1	default_GGACATTTCTTGAGAC	SPC	-0.0142850746213706	0.8333333333333334	0.589607201309329	147	2444.0
mouse1	default_CAGCCGACAGCTGTAT	SPC	0.0040593549267546	0.875	0.5845909451945989	295	5036.0
mouse1	default_ATCTGCCGTGATGCCC	RS	-0.0049933643780555	0.8666666666666667	0.5926312130691693	365	5754.0
mouse1	default_ACAGCCGAGCTACCTA	RS	0.0003498233469111	0.9387755102040816	0.5807069219440354	447	6790.0
mouse1	default_AGTGAGGCAGATGGGT	SPC	0.0132950424060384	0.9285714285714286	0.6129913492183943	391	6589.0
mouse1	default_TTGAACGTCCGCGCAA	SPC	-0.0098272370458384	0.8333333333333334	0.5600526488976637	187	3039.0
mouse1	default_TGGTTAGGTAGCGTCC	SPC	-0.0096821616264136	0.8333333333333334	0.5911190053285968	173	2815.0
mouse1	default_CATTCGCTCCGATATG	RS	-0.0061586058980748	0.7571428571428571	0.5447321199692386	222	3901.0
mouse1	default_CCTAGCTGTAGCGTCC	SPC	-0.0083305991193618	0.6499999999999999	0.5316957210776545	152	2524.0
mouse1	default_CATCGAACAGTGAGTG	RS	0.012794632356797	0.8181818181818182	0.5858873841767641	365	5612.0
mouse1	default_GATCGATAGAAAGTGG	SPC	0.0090572149593178	0.9833333333333334	0.6145715364288411	344	5298.0
mouse1	default_TTCTTAGTCTTACCGC	RS	-6.058928604151679e-06	0.85	0.5531914893617021	245	4089.0
mouse1	default_CTGCCTATCTGCTGTC	RS	-0.0019153360826356	0.8333333333333334	0.5648763853367434	361	5865.0
mouse1	default_AGTAGTCTCGGATGTT	RS	-0.0038746142978592	0.8461538461538461	0.5839355771216188	303	4843.0
mouse1	default_CTCGGAGTCAACGCTA	SPC	-0.0078185202341982	0.9230769230769232	0.6167007150153218	219	3916.0
mouse1	default_CGACTTCCAGCTATTG	RS	0.0011991943932502	0.8257575757575758	0.5462811420258229	336	5499.0
mouse1	default_TTCGGTCAGCCCTAAT	RS	-0.004050247817208	0.8	0.5802027429934407	311	5031.0
mouse1	default_CAGAGAGCAGGACCCT	SPC	-0.0041490128449931	0.8898809523809523	0.5788699852972065	300	4761.0
mouse1	default_ACATACGAGAGCTATA	RS	0.0161789708789596	0.875	0.6356297093649085	230	3716.0
mouse1	default_TCGGGACAGAGACTAT	RS	-0.0022605567390908	0.8571428571428571	0.5659709280655982	349	5366.0
mouse1	default_AGCAGCCTCCTAAGTG	RS	-0.000475688288233	0.868421052631579	0.5956003666361137	335	5455.0
mouse1	default_TTAGGACTCGCCAAAT	RS	-0.0087009727334605	0.8571428571428571	0.5907022749752721	332	5055.0
mouse1	default_GCGCAACAGCTTCGCG	RS	-0.0011764584744443	0.8333333333333334	0.5779031982213101	386	5847.0
mouse1	default_CGAGAAGTCCAATGGT	RS	0.0124245455991193	1.0	0.6227581941867656	106	1617.0
mouse1	default_CCACTACAGCCGTCGT	SPC	0.0016901942857523	0.8571428571428571	0.5987435127014477	223	3661.0
mouse1	default_GCACATATCGCACTCT	RS	-6.52063758884597e-05	0.8846153846153846	0.5829360512904816	403	6083.0
mouse1	default_AAGGAGCGTCTTCGTC	RS	-0.0110704569144838	0.9131944444444444	0.5941465941465941	238	3861.0
mouse1	default_GGTGTTAGTAAGTTCC	SPC	-0.0096134006728214	0.8571428571428571	0.5741219008264463	236	3872.0
mouse1	default_GTACTTTTCAAACCAC	RS	-0.017518731446362	0.8	0.5511008111239861	266	4315.0
mouse1	default_CATATTCAGATGGGTC	SPC	-0.0068509616996633	0.8	0.6190664556962026	148	2528.0
mouse1	default_GTCTCGTAGCTAAACA	RS	0.0011515123773112	0.9375	0.575	227	3720.0
mouse1	default_CACCTTGCATGGTCAT	RS	-0.0082947081486932	0.8461538461538461	0.5506072874493927	365	5681.0
mouse1	default_TACTTGTTCAGCACAT	ES	0.0252993930310389	0.5454545454545454	0.6125	81	2320.0
mouse1	default_CTAGCCTAGACAGGCT	SPC	-0.0455681124484656	0.3333333333333333	0.4940874035989717	117	1945.0
mouse1	default_TCATTTGTCTCCGGTT	RS	-0.0155671482702315	0.8	0.5884728340675477	165	2724.0
mouse1	default_GCTGCAGAGGCTAGGT	RS	-0.0040745739274202	0.8	0.5804967801287948	121	2174.0
mouse1	default_CTCACACCATTACGAC	RS	-0.0127677265492488	0.6794871794871795	0.554116737533823	328	5174.0
mouse1	default_TCAACGATCCAAGCCG	ES	-0.0085786851232405	0.5857142857142856	0.6229369445619974	96	2363.0
mouse1	default_GTACGTACAGCTGCAC	SPC	0.01077027850197	1.0	0.6414399672734711	322	4889.0
mouse1	default_AGTGTCAGTGAGTGAC	SPC	0.0066514578923233	1.0	0.5996074582924436	259	4076.0
mouse1	default_CACATTTAGGGTGTTG	RS	-0.0235909911047436	0.6	0.528448275862069	131	2320.0
mouse1	default_TGACTAGTCATACGGT	SPC	-0.0105713393289501	0.7207792207792207	0.5864509605662285	244	3956.0
mouse1	default_ATCTACTTCTTTAGGG	SPC	-0.017255966795057	0.8166666666666667	0.5684563758389262	282	4470.0
mouse1	default_ACTTTCATCCAGTATG	RS	-0.0162679533593183	0.7777777777777778	0.5548281505728314	294	4888.0
mouse1	default_CATTATCCAGGAACGT	SPC	-0.0121137387321046	0.4523809523809524	0.55637707948244	177	2705.0
mouse1	default_TTGCGTCGTCGACTGC	SPC	0.0017682039707305	0.875	0.5937842778793418	157	2735.0
mouse1	default_CGAGCACGTGCAACGA	RS	-0.0151173135932504	0.8571428571428571	0.5892169448010269	260	3895.0
mouse1	default_CGGGTCATCTTGCATT	RS	-0.0154886682462558	0.25	0.5106803797468354	165	2528.0
mouse1	default_TCGTAGAGTGTTTGTG	SPC	-0.003474935446781	0.8888888888888888	0.5829986613119144	276	4482.0
mouse1	default_TCATTACCACCCTATC	SPC	-0.0196387263805509	0.788888888888889	0.5915574963609899	236	3435.0
mouse1	default_GAACCTATCTTGTCAT	RS	0.0046668855261515	0.8333333333333334	0.5724767003767599	315	5043.0
mouse1	default_CGTAGGCTCGAATCCA	SPC	0.0048132932316149	0.9883720930232558	0.6259958071278826	148	2385.0
mouse1	default_GTGTTAGAGTGTCCAT	SPC	0.0184969672763855	0.9	0.6379215035931454	212	3618.0
mouse1	default_CTAGCCTGTCGAATCT	ES	-0.0208710995844433	0.5777777777777777	0.58276020174232	112	2181.0
mouse1	default_TACTTACGTTGTGGAG	RS	-0.0209031519254466	0.8	0.5646319569120287	288	4456.0
mouse1	default_ACACCCTCAACACCTA	RS	-0.0050446690103627	0.8333333333333334	0.572447614801605	284	4486.0
mouse1	default_GCGAGAAGTTAAGAAC	RS	0.0125518252165717	0.8888888888888888	0.6104368932038835	267	4120.0
mouse1	default_GGCTGGTAGGGAGTAA	SPC	0.0224760927380606	1.0	0.6337846550612508	197	3102.0
mouse1	default_TAGGCATAGAATTCCC	SPC	-0.012722171596257	0.8	0.555589215389276	193	3301.0
mouse1	default_TCTGAGATCAGAGGTG	SPC	0.0043891392219779	1.0	0.5884427563754747	220	3686.0
mouse1	default_GGCGACTGTACATCCA	RS	-0.007445456497133	0.9090909090909092	0.5904907975460123	363	5868.0
mouse1	default_CTAACTTCACATCTTT	RS	-0.0082021030819399	0.8708333333333333	0.5335533553355336	282	4545.0
mouse1	default_AGCGGTCAGCGTGAAC	RS	0.0058768238619173	0.916083916083916	0.6015673334708187	314	4849.0
mouse1	default_TCGTACCGTCACCTAA	SPC	0.0051599108468912	0.8620689655172413	0.5539581114660986	337	5634.0
mouse1	default_GAACATCGTCAGAATA	RS	0.005577953153168	0.8666666666666667	0.5679291501790088	339	5307.0
mouse1	default_GCGCAGTGTTGGACCC	RS	0.0049360898035369	0.9090909090909092	0.5929406850459482	305	4788.0
mouse1	default_ACGAGCCGTTAAGATG	SPC	-0.0147485563226196	0.926829268292683	0.5901050304035379	213	3618.0
mouse1	default_CAAGAAAAGAACTCGG	SPC	0.0046825216609529	0.9	0.600815059188822	321	5153.0
mouse1	default_GACACGCCATCCCATC	RS	-0.0042434698991438	0.7638888888888888	0.5534208059981256	268	4268.0
mouse1	default_GTGGGTCGTAAATGTG	RS	-0.0003744969916403	0.8333333333333334	0.5655150949268596	197	3213.0
mouse1	default_TGAAAGAGTCCTCCAT	SPC	-0.0126722159280869	0.8	0.5705345501955671	228	3835.0
mouse1	default_ATGTGTGTCGTCGTTC	ES	-0.0205796197168143	0.6666666666666666	0.6332781456953642	97	2416.0
mouse1	default_TGTCCCAGTGCAGGTA	RS	0.0020191874712305	0.8660714285714286	0.5739533287577213	380	5828.0
mouse1	default_CGTGTCTAGCACAGGT	SPC	-0.0040492970467335	1.0	0.6256410256410256	102	1755.0
mouse1	default_CTAATGGCATGCCTAA	SPC	-0.0197544848427512	0.75	0.5257626249679569	227	3901.0
mouse1	default_AGTAGTCAGGTGCAAC	RS	0.0021037628408388	1.0	0.6129568106312292	111	1806.0
mouse1	default_TACAGTGCACACCGAC	SPC	-0.0051074560367835	0.8571428571428571	0.6065310492505354	240	3736.0
mouse1	default_ATCCGAATCTTCCTTC	RS	-0.0150167024126787	0.6666666666666666	0.5329487463944974	301	4507.0
mouse1	default_CCACTACCACTCTGTC	RS	0.0022155885362428	0.775	0.5775784753363229	126	2230.0
mouse1	default_CTGTTTAAGGCAGGTT	SPC	-0.0108641325971457	0.8666666666666667	0.5821036106750392	190	3185.0
mouse1	default_TCTATTGGTAGAAAGG	SPC	-0.0033549129368266	0.8571428571428571	0.6051568810189499	183	3219.0
mouse1	default_TCAGGATAGGCTAGGT	RS	0.0233166378462889	1.0	0.6125482625482626	334	5180.0
mouse1	default_CAAGGCCGTTGAGGTG	RS	-0.0068959361245877	0.7761904761904762	0.5631125049000392	318	5102.0
mouse1	default_CCTCTGACAGGTTTCA	ES	-0.0161191020355232	0.445054945054945	0.590198563582594	112	2367.0
mouse1	default_GATCGATGTACCGAGA	RS	-0.00338859876516	0.875	0.581768305549694	314	4739.0
mouse1	default_GCAGCCACAATACGCT	ES	0.0078922236704186	0.8603896103896104	0.6801075268817204	108	2976.0
mouse1	default_GGCTCGATCATGTCTT	SPC	-0.0103390784055652	0.8	0.5640236079035156	245	3897.0
mouse1	default_CTAGCCTGTTTACTCT	SPC	-0.01185128044363	0.75	0.5640276301806588	235	3764.0
mouse1	default_GCTCCTATCTTAGAGC	RS	-0.0032651584220095	0.8	0.6008465608465609	293	4725.0
mouse1	default_GAAACTCAGAGCAATT	RS	-0.0046706392814158	0.8	0.5718843045512548	333	4702.0
mouse1	default_CGTGAGCCAAGCGATG	RS	-0.0009029242616435	0.8571428571428572	0.5988372093023255	112	2064.0
mouse1	default_GCTCTGTTCAACGGGA	SPC	0.0011455571019762	0.875	0.6136756356455196	245	4051.0
mouse1	default_CTGATAGGTAGCTGCC	RS	-0.0064019344767055	0.8918128654970761	0.5787903444534852	224	3687.0
mouse1	default_AGAATAGAGGGAAACA	ES	-0.0275351125251064	0.625	0.6066922654964344	157	3646.0
mouse1	default_AGTGAGGGTGGAAAGA	ES	0.0070558625270608	0.6594202898550725	0.6532302595251243	120	3622.0
mouse1	default_CGTGTCTCACCTGGTG	ES	-0.012782285771387	0.7071428571428571	0.5925093632958801	118	2670.0
mouse1	default_GATCGTATCGCAGGCT	RS	-0.0067700755502133	0.7777777777777778	0.5917397660818714	153	2736.0
mouse1	default_CAGCTGGCAACAACCT	RS	0.0008918785872586	0.8888888888888888	0.5457335788827502	490	8145.0
mouse1	default_TCACAAGTCCGCAGTG	SPC	-0.0214711634311111	0.6862745098039216	0.5503955968352253	170	2907.0
mouse1	default_CGAGCCACAATGAATG	RS	0.0114715649825318	0.8333333333333334	0.5759637188208617	167	2646.0
mouse1	default_AACTCAGTCGACGGAA	ES	-0.0180076374457861	0.6	0.6140620202640467	145	3257.0
mouse1	default_CTCTACGCAGGGTTAG	RS	-0.0087258941647138	0.8660714285714286	0.567335889916535	304	4433.0
mouse1	default_AGCTCCTCATCGGGTC	RS	-0.0055499022596791	0.8819444444444444	0.5774006622516556	316	4832.0
mouse1	default_CGATTGAAGACGACGT	RS	-0.0001204084137924	1.0	0.6156178923426838	267	3957.0
mouse1	default_TCGTAGAAGTACGCGA	SPC	-0.0100561604495892	0.7777777777777778	0.5772139546230788	262	4099.0
mouse1	default_CGGACGTAGACAAAGG	SPC	0.0103751726083418	0.8	0.5799498746867168	253	3990.0
mouse1	default_TGTTCCGAGAAACCGC	SPC	-0.0137790342339013	0.75	0.577433628318584	149	2712.0
mouse1	default_GCTCCTAGTCTCAACA	SPC	-0.0263818844430344	0.6	0.5623020063357973	113	1894.0
mouse1	default_TGAGCATGTTTGGCGC	ES	-0.0107535758961619	0.8875	0.6733403582718651	94	2847.0
mouse1	default_GACTACATCCTGTACC	RS	-0.0336495296057448	0.5714285714285714	0.5447252306458082	147	2493.0
mouse1	default_CTGAAGTCATGCCTTC	SPC	-0.0071684905154722	0.8333333333333334	0.5389084872380162	293	4819.0
mouse1	default_CGTGAGCGTTCCCGAG	ES	0.0006287114802406	0.7032967032967032	0.6463113307447935	88	2833.0
mouse1	default_GGGTTGCCAGCCTATA	ES	-0.0088055407823081	0.3448275862068966	0.6320877972302065	141	3827.0
mouse1	default_ATGAGGGCATCCTTGC	ES	0.0039635880141829	0.8	0.6251311647429171	148	3812.0
mouse1	default_ATGTGTGTCTCCAGGG	ES	-0.0235441410462301	0.5606060606060606	0.639055472263868	77	2668.0
mouse1	default_CATCAAGGTACCATCA	ES	-0.0224754859930025	0.6410256410256411	0.5940106141015921	113	2638.0
mouse1	default_ACGTCAAAGGCCCTTG	SPC	-0.0017189230987473	0.5	0.5364806866952789	99	1864.0
mouse1	default_CTGAAACTCGATAGAA	SPC	0.0002123712107055	0.8	0.558261700095511	119	2094.0
mouse1	default_AACGTTGTCTGCCAGG	ES	-0.0247613367394246	0.6	0.6137015781922525	107	2788.0
mouse1	default_TACGGATCACCGCTAG	ES	-0.0123064384904091	0.8055555555555556	0.6377126311979732	102	2763.0
mouse1	default_AGGTCATAGTAGCGGT	ES	-0.0073102360858183	0.7803030303030303	0.6049978079789566	108	2281.0
mouse1	default_CTGTGCTTCAGAGACG	ES	0.02240348239642	0.9583333333333331	0.6605	76	2000.0
mouse1	default_CAGCGACGTTGGACCC	RS	0.0089382879712391	0.8990384615384616	0.5946999220576773	156	2566.0
mouse1	default_TGAGGGAGTGCTAGCC	ES	0.0035773125394654	0.4142857142857142	0.6508801341156748	76	2386.0
mouse1	default_ACTTTCAAGCAATCTC	ES	-0.0121077893855733	0.6	0.5868591338974615	90	2009.0
mouse1	default_GGTGTTAGTTACGGAG	ES	-0.0209452194083072	0.6666666666666666	0.6182902584493042	91	2515.0
mouse1	default_CAGATCATCAAGCCTA	ES	-0.0120280180040018	0.8	0.6505376344086021	104	3162.0
mouse1	default_GGCTCGAAGCAGCCTC	ES	0.0046999465819246	0.68	0.6058109280138768	95	2306.0
mouse1	default_GAACATCCAAACTGCT	ES	-0.0117984078130913	0.625	0.6372347707049966	103	2922.0
mouse1	default_GAGTCCGCATTCCTCG	RS	0.0006256126268496	0.8	0.5922995780590717	100	1896.0
mouse2	default_ATGGGAGAGAAGCCCA	RS	0.0092867173775588	1.0	0.6548797736916548	603	11312.0
mouse2	default_CGATGGCAGTGCTGCC	RS	0.0042130893917597	1.0	0.6497581545330522	506	8063.0
mouse2	default_ATTGGTGTCGCATGAT	RS	0.0040459257197827	1.0	0.6367136055110931	536	9871.0
mouse2	default_TTCTCCTAGTAGCCGA	RS	-0.0093762828828763	1.0	0.6291282051282051	350	4875.0
mouse2	default_TAAGCGTCATGTTGAC	RS	0.0081366627403871	1.0	0.6705645161290322	167	2480.0
mouse2	default_GGGCACTCAGCCTTTC	RS	-0.0020385244108799	1.0	0.6436545240893067	256	3404.0
mouse2	default_GGCTGGTAGTATCTCG	RS	0.0061069740282229	1.0	0.6311728395061729	271	3888.0
mouse2	default_CTCAGAACAGCCAATT	RS	-0.0017495778185612	1.0	0.6301645338208409	380	5470.0
mouse2	default_GCGCGATTCGGCATCG	RS	-0.0010691399426047	1.0	0.643961179007908	369	5564.0
mouse2	default_TTAGTTCCACAGGCCT	RS	0.0032338571101182	0.8856209150326797	0.6183476938672073	268	3946.0
mouse2	default_AGGGATGGTTGATTCG	RS	-0.0029655456951291	0.9722222222222222	0.6441023318994793	525	8834.0
mouse2	default_TCTCATATCTTAGCCC	RS	-0.016152892874619	0.9375	0.6326761840018128	305	4413.0
mouse2	default_TCACGAACATGCTGGC	RS	-0.0045525644185504	0.9722222222222222	0.6179608772969769	575	10122.0
mouse2	default_TGACAACTCAACACCA	RS	0.004825453377697	1.0	0.6313291139240507	373	5056.0
mouse2	default_CCATGTCTCGCGTAGC	RS	0.0058127567614906	1.0	0.6264975334742776	293	4257.0
mouse2	default_CGATGTACATGCCTAA	RS	0.0041082403620199	1.0	0.6399441619304018	550	10029.0
mouse2	default_GGAAAGCCAAGCCGTC	RS	-0.0047828475393573	1.0	0.6211618855413003	426	6937.0
mouse2	default_ACTTGTTTCTGGTGTA	RS	0.001091274803266	1.0	0.6288337368845843	563	9912.0
mouse2	default_ACGGGTCAGCTGCGAA	RS	0.001556207503063	1.0	0.6396921641791045	294	4288.0
mouse2	default_CCACGGACAATCAGAA	RS	-0.0044498300401373	1.0	0.6282108060230293	308	4516.0
mouse2	default_CGTTCTGGTGTGGTTT	ES	-0.0145068792623634	0.875	0.6478820675499161	271	5359.0
mouse2	default_CTGATCCAGAGACTAT	RS	0.0040235994982373	1.0	0.6350210970464135	256	3792.0
mouse2	default_TAGTTGGAGGTCGGAT	RS	-0.005350912614611	1.0	0.6510098637858149	298	4258.0
mouse2	default_CCTCAGTAGACAAGCC	RS	-0.0105902229976575	0.8785714285714286	0.6399817017383349	150	2186.0
mouse2	default_ATCGAGTTCAAGAAGT	RS	-0.0011524577384281	1.0	0.6285963382737576	377	5735.0
mouse2	default_GGGTTGCAGCAGATCG	RS	0.0005503543666473	1.0	0.6299603174603174	354	5040.0
mouse2	default_TTGGCAATCAAGATCC	ES	-0.0146438978254476	1.0	0.6604441583521081	163	3107.0
mouse2	default_GCATGCGCACCACCAG	RS	-0.0118967798084958	1.0	0.6275936405281596	272	3711.0
mouse2	default_CATCAGATCCATGAAC	RS	-0.0022079554899351	1.0	0.6359757466876264	298	4453.0
mouse2	default_CATCAAGGTTAGAACA	RS	-0.0031576792624887	1.0	0.6373131640554656	348	5553.0
mouse2	default_TTAACTCCAGTAAGAT	RS	-0.0096112608120787	0.9523809523809524	0.632574065803186	359	6717.0
mouse2	default_TTGACTTCAGACAAGC	RS	-0.0034437573072255	0.9375	0.620928491201797	351	5342.0
mouse2	default_CTTGGCTGTATCACCA	RS	-0.0152745975017142	0.8875	0.6207122569368582	288	4577.0
mouse2	default_GTTACAGGTTACTGAC	RS	0.001856571192379	1.0	0.6224904004388371	503	9115.0
mouse2	default_AAACCTGCATACGCCG	RS	-0.0073726152303824	0.950956937799043	0.640035472428249	614	12404.0
mouse2	default_GCAATCACAGGCTGAA	RS	-0.0012584639094945	0.9523809523809524	0.6296546141392336	393	7412.0
mouse2	default_ACTGAACTCCGTAGGC	RS	-0.0022802614229886	1.0	0.6321138211382114	294	4920.0
mouse2	default_TGCCCTACACGCATCG	RS	-0.0044682301359774	0.9574468085106383	0.6357663283892792	675	15372.0
mouse2	default_ACTTTCATCGAATGCT	RS	0.0007714136168054	0.925824175824176	0.63272157564906	302	4468.0
mouse2	default_CAGCATATCGACCAGC	RS	-0.0019477944771094	0.9621428571428572	0.6220074349442379	358	6725.0
mouse2	default_GAACATCCACGAAATA	RS	0.0014105338599218	1.0	0.6315124723713293	199	3167.0
mouse2	default_CATTATCGTCCGCTGA	RS	0.0015535603602475	0.961038961038961	0.6216216216216216	344	5476.0
mouse2	default_CGCGTTTGTATCACCA	RS	-0.0026158257212891	0.96	0.6547687269750307	495	12215.0
mouse2	default_CCTCTGAAGAATGTTG	RS	0.004380707872945	1.0	0.6251482799525504	333	5058.0
mouse2	default_AGGGTGATCCTTCAAT	ES	-0.0027105313984552	1.0	0.6814525396460583	177	4351.0
mouse2	default_CCTACCAAGAGACGAA	RS	-0.0027102544821706	0.9484126984126984	0.6180781758957655	244	3684.0
mouse2	default_TGAAAGAAGCATCATC	RS	0.0037302526578059	0.9964285714285714	0.6391650099403579	610	12072.0
mouse2	default_ACGGGTCTCTGACCTC	RS	-0.0061482891663801	1.0	0.6125874125874126	174	2860.0
mouse2	default_GGGATGATCCATTCTA	RS	0.0045262576997682	1.0	0.6328616352201258	199	3816.0
mouse2	default_GTGGGTCGTCTAGAGG	RS	-0.0037846727041832	1.0	0.6362309438858255	354	6166.0
mouse2	default_TGCGCAGGTTCATGGT	RS	-0.0299081157422717	0.9130434782608696	0.6629787234042553	65	1175.0
mouse2	default_TGCCAAACACAACGCC	RS	-0.0155071874490681	1.0	0.6667899408284024	163	2704.0
mouse2	default_TTAGGCATCAGCATGT	RS	-0.0124076188097365	0.9090909090909092	0.636115625725563	634	17228.0
mouse2	default_CAAGTTGCAGAGCCAA	RS	-0.0131339788339479	0.9572727272727272	0.635030549898167	326	4910.0
mouse2	default_TCGCGAGTCACCTTAT	RS	-0.0121187785595679	0.986842105263158	0.6135067712045617	366	5612.0
mouse2	default_AGCGTATCATCTCGCT	RS	-0.0163414476137583	0.9655172413793104	0.6623296158612144	311	6456.0
mouse2	default_GTGTTAGAGTGGTAGC	ES	-0.0030163654903741	1.0	0.6772612003381234	280	5915.0
mouse2	default_CAGCGACCAGATGGCA	RS	0.0032423283105002	1.0	0.6519546027742749	91	1586.0
mouse2	default_GGAAAGCGTATATGAG	RS	-0.0086623968101787	0.9533045977011494	0.6431037459002245	486	11586.0
mouse2	default_GTATCTTGTTAGAACA	RS	0.0013397028016255	1.0	0.6279495152734589	334	5467.0
mouse2	default_CGAGAAGCATAGTAAG	RS	0.0052372470992773	1.0	0.6284856284856285	147	2331.0
mouse2	default_TGGTTCCGTTGCGCAC	ES	-0.0178656672880568	0.945906432748538	0.6433524268917696	196	3317.0
mouse2	default_CACAGTAAGCTACCGC	ES	-0.0213670723599321	0.96	0.6361342417360586	213	3963.0
mouse2	default_GACTGCGAGTCAAGCG	RS	-0.0110230694223871	1.0	0.627467450650987	131	2381.0
mouse2	default_GTACTCCCATTGCGGC	RS	-0.0024610723325323	1.0	0.6506416785496028	323	4909.0
mouse2	default_CGACCTTAGAGGTTGC	RS	0.0003772830399307	0.9544513457556936	0.6434042553191489	332	5875.0
mouse2	default_AACCATGGTGCACTTA	ES	0.0073482060323966	1.0	0.6619610835558947	133	2621.0
mouse2	default_TCAGCAAAGCTAGTCT	ES	-0.0030818760471897	1.0	0.6678822610054702	193	3839.0
mouse2	default_TCGCGTTCACCCATGG	RS	0.0040467802167013	1.0	0.648975302154493	595	11418.0
mouse2	default_ACACTGACACATCCAA	RS	-0.0083599853324897	0.9230769230769232	0.6275711347274597	755	23336.0
mouse2	default_CGTCAGGGTAAGTAGT	RS	-0.001792628281678	0.9333333333333332	0.6365919449353549	530	10751.0
mouse2	default_CTCGGAGGTTCACGGC	ES	-0.0036455604195915	1.0	0.670846394984326	129	2871.0
mouse2	default_ACGGGCTAGCCCTAAT	RS	-0.0101085672376699	0.934873949579832	0.637329790767187	340	6022.0
mouse2	default_TGTGTTTCAATGGAAT	RS	-0.003387811385049	0.8888888888888888	0.6378199226661757	317	5431.0
mouse2	default_GAATGAAAGCTTATCG	RS	-0.0051998459928331	1.0	0.625	387	6280.0
mouse2	default_TGTGGTACATATGAGA	RS	0.0023528485708109	1.0	0.6440746753246753	333	4928.0
mouse2	default_TGGCTGGGTATGCTTG	RS	0.0011534103232883	1.0	0.6254007398273737	272	4055.0
mouse2	default_CAGGTGCGTGCAGTAG	RS	0.0020282890180414	1.0	0.6636113657195234	228	3273.0
mouse2	default_CACAGTAAGTGTCCAT	RS	-0.0025787594556482	0.9523809523809524	0.6674104878790953	423	9859.0
mouse2	default_CAGCATACATCACCCT	RS	-0.0040398711691499	0.9444444444444444	0.6243316762029828	516	10661.0
mouse2	default_AACTCAGCAGTAACGG	RS	-0.0088392925434898	1.0	0.636051922605927	254	4083.0
mouse2	default_GCTGCTTGTGAAGGCT	RS	-0.0031610476833177	0.9705882352941176	0.6156691324815063	369	5948.0
mouse2	default_TCTTCGGTCCAAATGC	RS	-0.0058133067340881	0.9333333333333332	0.634428268344429	828	27338.0
mouse2	default_GCCTCTAAGGCTACGA	RS	0.0023577995323964	1.0	0.6275943396226416	282	4240.0
mouse2	default_TTCTCCTAGGACTGGT	RS	-0.0077508207191775	0.9918032786885246	0.6321573163678427	400	6916.0
mouse2	default_TCTTCGGAGTTCGCAT	SPC	-0.0043167268096977	0.956439393939394	0.6340969497531957	456	7901.0
mouse2	default_GGTATTGTCCTTTCTC	RS	-0.004116808081709	0.9545454545454546	0.6340270669851018	535	8793.0
mouse2	default_TCACAAGAGTGTCTCA	SPC	0.0121556924873597	1.0	0.6531229738491463	310	4627.0
mouse2	default_ATTTCTGAGATCTGCT	RS	0.0041143327362326	1.0	0.6556541438550123	352	5297.0
mouse2	default_CTACACCCATCCGTGG	RS	-0.0058776282559197	1.0	0.6255461843308607	559	9841.0
mouse2	default_ATGGGAGAGTGTGAAT	RS	0.0039889465312822	1.0	0.6447368421052632	393	6004.0
mouse2	default_CAGAATCGTCCCTTGT	RS	0.0004628133657193	0.9642401021711366	0.6326791128131483	774	18801.0
mouse2	default_CCTATTATCACCACCT	RS	-0.0017550543212463	1.0	0.6163074872250611	313	4501.0
mouse2	default_TTGAACGCATGCGCAC	RS	-0.0045160911896577	0.9285714285714286	0.6317998950498513	380	5717.0
mouse2	default_CATGCCTCACAGGCCT	ES	-0.0014583694439302	1.0	0.6537120079720976	392	6021.0
mouse2	default_ATCACGACAAGCTGTT	RS	0.0015579777023142	0.9545454545454546	0.6291071735764665	393	5813.0
mouse2	default_TGTGGTAGTGGCAAAC	SPC	0.004488560824081	1.0	0.6393838719420115	239	3311.0
mouse2	default_AGGCCGTTCCCTGACT	RS	0.0015530462690017	0.9767441860465116	0.6300598695380216	605	11191.0
mouse2	default_CACACAACATGAACCT	RS	-0.0004314015704128	1.0	0.6235446313065977	356	5411.0
mouse2	default_GCACTCTAGAGCTTCT	SPC	0.0010404102801133	0.9705882352941176	0.6253303964757709	317	4540.0
mouse2	default_TTTCCTCAGCCCAACC	RS	-0.0085094972913651	1.0	0.613643363104404	408	6494.0
mouse2	default_GACGCGTTCGAATCCA	SPC	0.0056925278393152	0.9545454545454546	0.6181538986521071	367	5861.0
mouse2	default_TTCTCAAGTAGCAAAT	RS	-0.0021218000855533	1.0	0.617940876656473	336	4905.0
mouse2	default_GCACATACACATAACC	RS	-0.0015990518690404	1.0	0.6238372093023256	365	5160.0
mouse2	default_TTAACTCTCAAAGACA	SPC	0.006094659972837	1.0	0.6362301820317088	236	3406.0
mouse2	default_TAGGCATAGGGTGTTG	RS	0.0037246359022078	1.0	0.6482098251457119	332	4804.0
mouse2	default_CCCAGTTTCTAGCACA	SPC	0.0022547561991979	0.964102564102564	0.6395968682325504	586	12006.0
mouse2	default_TCGCGAGGTCTAGCCG	RS	-0.002608501564868	1.0	0.6397623174052983	283	4039.0
mouse2	default_GTCGGGTGTTACCAGT	RS	0.0052051101895754	1.0	0.6568222090962788	245	3386.0
mouse2	default_GAACGGATCTTGAGGT	ES	-0.0111913273260713	1.0	0.6792094260737362	119	2631.0
mouse2	default_GCGCGATAGTTCGATC	RS	0.0113489493699209	1.0	0.6487226277372263	353	5480.0
mouse2	default_CAGCATATCAATCACG	RS	-0.0041357664519182	1.0	0.6348048876625936	343	5074.0
mouse2	default_CACAGTAGTCCCGACA	RS	0.0063517989777009	1.0	0.6288009179575444	346	5229.0
mouse2	default_AAGACCTGTAGAAGGA	RS	0.0062100150194794	1.0	0.6633084827725166	325	4963.0
mouse2	default_CGTCACTTCGCAGGCT	SPC	0.0214852228325327	1.0	0.6662280701754386	316	4560.0
mouse2	default_CATCCACTCCGCTGTT	SPC	0.0009493257936254	1.0	0.6616956641811654	246	3621.0
mouse2	default_GCATGTAAGTGAATTG	RS	-0.0074764571984639	0.9	0.6330991412958626	183	2562.0
mouse2	default_GGGAATGCAAGCTGGA	RS	0.0182874337446061	1.0	0.6730769230769231	102	1820.0
mouse2	default_AACACGTAGGATTCGG	RS	-0.00363651215466	1.0	0.6624845379042233	357	5659.0
mouse2	default_GCATGATCACCAGCAC	RS	-0.00191149989656	0.9230769230769232	0.6273424190800682	883	25828.0
mouse2	default_ACCTTTATCGGCGCAT	RS	-0.0015259145489474	1.0	0.639054470709147	319	4865.0
mouse2	default_CTTACCGAGACCCACC	RS	-0.001117482732499	1.0	0.6244010951403148	409	5844.0
mouse2	default_GAACGGAAGTGTTAGA	RS	0.0072453022970858	1.0	0.6692556634304208	313	4635.0
mouse2	default_TGCCCTATCTTCGAGA	SPC	-0.0098022912648567	1.0	0.6281976744186046	232	3440.0
mouse2	default_AAAGATGTCAGGCGAA	RS	0.0096432884421094	0.9736842105263158	0.6614327325687238	779	21972.0
mouse2	default_CAACCTCGTCTAAAGA	RS	-0.0033248808962086	1.0	0.6390557051149306	334	4829.0
mouse2	default_CTGAAACGTGAGGCTA	RS	0.0082220230112503	1.0	0.649031417874003	404	6143.0
mouse2	default_ACGAGGACAGCTTCGG	RS	0.0053450455242818	1.0	0.6468167513919147	300	4131.0
mouse2	default_GTCACAACAAGCCGCT	RS	0.0074082834205958	1.0	0.6606929510155317	386	5859.0
mouse2	default_CTTGGCTTCTTATCTG	SPC	-0.0004122806847656	0.981777493606138	0.6286356260142304	456	8011.0
mouse2	default_CTCACACGTACAGTGG	RS	-0.0005451997154177	1.0	0.6210631895687061	343	4985.0
mouse2	default_CTTAGGATCGCCATAA	RS	-0.0017838576781059	1.0	0.6366795366795367	359	5180.0
mouse2	default_ACTGATGTCAAACCAC	RS	-0.0018519510942477	1.0	0.6468127490039841	346	5020.0
mouse2	default_CGAACATTCCCTTGCA	SPC	-0.0081279247728809	0.9393382352941176	0.6270509977827051	306	4510.0
mouse2	default_GTCTTCGGTGGGTCAA	RS	0.0076378284873919	1.0	0.64882400648824	252	3699.0
mouse2	default_CTCGTCATCATGCATG	SPC	-0.0147391935064124	0.8571428571428571	0.5901808785529715	419	7740.0
mouse2	default_CCTTTCTAGTTTAGGA	RS	-0.0035471107568798	1.0	0.6254159733777038	332	4808.0
mouse2	default_ACGGAGATCGCGCCAA	SPC	0.0004784151405899	1.0	0.6572705397043658	207	2909.0
mouse2	default_CCATGTCGTACAGTTC	SPC	-0.0008772800631431	1.0	0.6263948497854077	299	4660.0
mouse2	default_CCTTACGCAGACGCTC	SPC	-0.0193646898785772	1.0	0.6304651162790698	288	4300.0
mouse2	default_GGAACTTAGTCTCAAC	RS	-0.0061446362868592	1.0	0.6457858769931663	308	4390.0
mouse2	default_GCTTGAAGTACGAAAT	RS	0.0043173633803048	1.0	0.6403175698998964	498	8691.0
mouse2	default_CGGAGCTAGACAGAGA	RS	-0.0049855926068951	1.0	0.6512270998963015	202	2893.0
mouse2	default_TTCTCAAAGCTTATCG	RS	-0.002558434529664	1.0	0.6282957091159745	378	5803.0
mouse2	default_TACACGAGTTCCGGCA	RS	0.004324327685821	1.0	0.6262038073908175	299	4465.0
mouse2	default_GGCGTGTCAAGCTGTT	RS	0.0070986229054452	1.0	0.639033264033264	252	3848.0
mouse2	default_CAAGATCAGCCAGTAG	RS	0.0035543516442869	1.0	0.6345152895250488	416	6148.0
mouse2	default_GAACATCAGAAACCGC	RS	-0.0014181286998164	1.0	0.6455124255493941	351	4869.0
mouse2	default_GCGGGTTAGAGGGCTT	RS	0.0014275872305966	0.9637820512820512	0.6446904074430542	408	6234.0
mouse2	default_GTAGTCAAGTAAGTAC	RS	0.0024202321528202	1.0	0.6318622174381054	373	5574.0
mouse2	default_GACGTTAAGGGAAACA	RS	0.0016552856397242	1.0	0.6551815883996275	459	7517.0
mouse2	default_TAGGCATAGTACACCT	RS	-0.0057726446873643	1.0	0.6352040816326531	242	3528.0
mouse2	default_TGCGCAGTCATGTCTT	SPC	-0.0009181431384551	0.9230769230769232	0.6047987481526558	553	11503.0
mouse2	default_GCATGATGTGTTGAGG	SPC	0.0048675807863912	1.0	0.6578763940520446	471	8608.0
mouse2	default_CTTTGCGGTTGCGTTA	SPC	0.0022634926724972	1.0	0.6198273954414694	480	9038.0
mouse2	default_ACTTACTAGCTCCCAG	SPC	-0.0122127396056666	0.8888888888888888	0.6029479502533395	384	6513.0
mouse2	default_CGCTGGAAGACAGACC	SPC	0.0007424792166894	0.9682459677419356	0.6309352517985611	472	8340.0
mouse2	default_AACCATGGTCGACTAT	SPC	0.0072226779374872	0.95	0.6400674346726608	656	17795.0
mouse2	default_CGTTGGGAGACGCACA	SPC	0.0053163935785128	1.0	0.7156286721504113	108	1702.0
mouse2	default_AGCTCTCAGCAGGTCA	SPC	0.0038932169614595	1.0	0.6225052521008403	435	7616.0
mouse2	default_TCCCGATTCTCGCTTG	SPC	-0.0032511225868008	0.9411764705882352	0.6321233217304824	703	20110.0
mouse2	default_ACACCCTAGAGCTGGT	SPC	0.0053682123918847	0.9545454545454546	0.6631543167912984	477	8826.0
mouse2	default_GACACGCAGATATGCA	SPC	0.0079008455390907	1.0	0.6519853947968964	581	13146.0
mouse2	default_TCTATTGAGATGGCGT	SPC	0.014025758197641	0.981132075471698	0.6452240136109536	583	12343.0
mouse2	default_GGGCACTCACTTAAGC	SPC	0.0090211413108372	1.0	0.6551761284067651	498	9283.0
mouse2	default_TTTGCGCCACCGATAT	SPC	-0.0021311126334084	0.9265498652291104	0.6214389183969097	506	10355.0
mouse2	default_AGTTGGTAGACGACGT	RS	0.0097797848051101	1.0	0.6441546343735445	573	10735.0
mouse2	default_CGACCTTTCTTAGCCC	SPC	0.0040158388629242	0.9368351063829788	0.6178263814961773	786	30999.0
mouse2	default_CGGTTAATCAACACCA	SPC	0.003921315503357	0.9456521739130436	0.6316824966078698	615	14740.0
mouse2	default_GACAGAGTCATCACCC	SPC	-0.0012772843918759	1.0	0.6346616283064239	354	5822.0
mouse2	default_CCACCTAGTTACTGAC	SPC	0.0089343805694368	0.935483870967742	0.627377337382132	812	37542.0
mouse2	default_CTTGGCTTCATCTGTT	RS	-0.007007763730885	0.9333333333333332	0.625381485249237	282	3932.0
mouse2	default_GGGCACTTCGAACTGT	SPC	0.0016781334983929	1.0	0.6416115453998797	565	11641.0
mouse2	default_GAGGTGAGTTCGCTAA	SPC	3.023349661042028e-05	0.929563492063492	0.6215976986058862	312	4519.0
mouse2	default_ACTATCTGTTAGGGTG	SPC	0.0100211354971709	1.0	0.656500274273176	488	9115.0
mouse2	default_CCTATTAGTACGCACC	SPC	0.0105537201368302	1.0	0.676014591883265	287	4386.0
mouse2	default_AGCTTGATCAGATAAG	SPC	0.009948656994003	1.0	0.6491545893719807	409	6624.0
mouse2	default_AAGTCTGAGCAGCGTA	SPC	-0.0002005805065111	1.0	0.6439628482972136	184	2584.0
mouse2	default_TGCGGGTAGGAGTACC	SPC	0.0117312072530311	0.9665178571428572	0.646036704412339	636	15366.0
mouse2	default_GTGTGCGTCCCAAGTA	SPC	0.0094597677371037	0.9743589743589745	0.6464362409244299	685	19558.0
mouse2	default_TAGAGCTTCCGATATG	RS	0.0016399462333966	1.0	0.6493888637392485	298	4418.0
mouse2	default_GGCCGATTCCGCATCT	SPC	-0.0016152055920158	0.9734354628422424	0.6342933690555927	300	4479.0
mouse2	default_CCGTTCAGTCTAGCCG	SPC	-0.0010650090645655	0.9333333333333332	0.6145082538944432	470	8602.0
mouse2	default_GCGCGATCAATTCCTT	SPC	0.000513979567257	0.945906432748538	0.6304306583191045	518	10542.0
mouse2	default_CCTACACTCCGCGCAA	SPC	0.00217229149043	0.9325757575757576	0.6166925721821864	712	21231.0
mouse2	default_TCGTACCTCTACGAGT	SPC	0.009047806560719	1.0	0.6514022787028922	464	9128.0
mouse2	default_CTACACCAGGGCATGT	SPC	-0.0020161740871782	0.967741935483871	0.7080501829587036	447	7652.0
mouse2	default_CCACGGATCAACGGCC	SPC	0.0067487638101583	0.9696969696969696	0.6416211293260473	625	15372.0
mouse2	default_TTGAACGGTGATGCCC	SPC	0.0163591977185054	0.9411764705882352	0.6317856119231872	790	34890.0
mouse2	default_TACACGATCGTCCAGG	SPC	0.007161675601265	0.9812971859986273	0.6355263157894737	482	9120.0
mouse2	default_TCACAAGGTCAAGCGA	SPC	0.0100643955879831	1.0	0.6482294410301433	237	3417.0
mouse2	default_CCCAATCGTCGAATCT	SPC	0.0042375962490313	0.9758720930232558	0.6268833405079638	486	9292.0
mouse2	default_GCTGGGTAGCGTTCCG	SPC	0.0035088090293857	1.0	0.653903623459096	348	5354.0
mouse2	default_TTCTCAAGTGTAAGTA	SPC	0.0048391049725013	1.0	0.6604993312527865	501	8972.0
mouse2	default_CATGACAAGGTGTTAA	RS	5.784332175783416e-05	1.0	0.6512654502648617	249	3398.0
mouse2	default_GTTCGGGAGGCTAGGT	SPC	0.0108915904402186	0.9720156555772994	0.6447399667537402	576	12633.0
mouse2	default_AAACCTGAGAGGGCTT	SPC	0.009871043033533	1.0	0.6423884514435696	300	4572.0
mouse2	default_ACTGATGAGATGCGAC	SPC	0.0100183846141015	0.9767441860465116	0.6564762189650015	649	16715.0
mouse2	default_TTAACTCGTCATATCG	SPC	0.0091014009745578	0.9642401021711366	0.6447225526193309	692	19337.0
mouse2	default_CTCGGGATCAAGGCTT	RS	-0.0061977803870804	1.0	0.6529103788112104	223	3247.0
mouse2	default_TCAATCTGTACTTCTT	SPC	0.0091084783236187	0.957427536231884	0.6715066621113769	690	23416.0
mouse2	default_TACTTACCATATACGC	SPC	-0.0002085690755482	0.9565217391304348	0.632145754960537	591	13557.0
mouse2	default_ACGCAGCAGTTGCAGG	RS	-0.0018458138815174	1.0	0.6260772866277453	248	3597.0
mouse2	default_AACGTTGGTCGCTTCT	RS	-0.0133114498117931	0.9830508474576272	0.6324739440482721	374	5469.0
mouse2	default_GTATCTTTCAGTTTGG	RS	0.0022643817586729	1.0	0.6295430944963655	263	3852.0
mouse2	default_AACCGCGAGCTACCGC	RS	0.0068341686543547	1.0	0.6377645366755702	339	4867.0
mouse2	default_TAAGAGACATCACGAT	RS	-0.0021700768604562	1.0	0.6448926349588602	544	9966.0
mouse2	default_GTATCTTGTGAAATCA	RS	-0.0096785565516583	1.0	0.6224469160768453	323	4945.0
mouse2	default_ATGAGGGGTAGCTCCG	RS	-0.0045391582691394	1.0	0.639080459770115	337	4785.0
mouse2	default_CTTACCGAGACAAGCC	SPC	0.0026586940350721	0.9642857142857144	0.6365791884464084	665	18557.0
mouse2	default_CCGTGGAAGATTACCC	SPC	0.0146538000086823	1.0	0.6790575424762978	520	10653.0
mouse2	default_GATCAGTGTCTACCTC	SPC	-0.0108402642766742	1.0	0.6391231028667791	320	4744.0
mouse2	default_CCGTGGACACTCGACG	RS	0.0077468038513518	1.0	0.6380640185113767	363	5186.0
mouse2	default_AGTTGGTAGCTGGAAC	SPC	0.0068408294209226	0.9473684210526316	0.6331568228105906	734	24550.0
mouse2	default_ATAAGAGAGAACTGTA	SPC	0.0074862791138082	1.0	0.6416687360317854	433	8054.0
mouse2	default_TCGGGACTCGGCCGAT	RS	-0.0005302250287787	1.0	0.6290968868796877	575	9733.0
mouse2	default_CACCACTCAAGCTGAG	RS	-0.0024646212233734	1.0	0.6307375751820197	408	6318.0
mouse2	default_GGGTCTGCATCACAAC	RS	-0.0061502638468519	0.9285714285714286	0.6411688869789428	157	2327.0
mouse2	default_CCTACCATCGTCCAGG	RS	-0.0046635395566375	1.0	0.6060780919407578	339	5199.0
mouse2	default_AACGTTGTCTCTGCTG	RS	0.0035777635701395	0.9318181818181818	0.6329274479959411	283	3942.0
mouse2	default_CGATGGCCAACTGCGC	RS	-0.0015134152747637	1.0	0.6182806523052145	342	4967.0
mouse2	default_ACGCCAGGTCCGAATT	SPC	0.0105266461413217	1.0	0.643979057591623	315	4775.0
mouse2	default_CAGCCGACATATGCTG	RS	0.0041839506714522	1.0	0.6386392811296534	393	6232.0
mouse2	default_GCTGCAGTCGTACGGC	SPC	-0.0002084780244621	0.9936708860759492	0.6519983433423069	494	9658.0
mouse2	default_ACGATACGTCACCTAA	SPC	-0.0059500197418259	0.9629629629629628	0.6143151390319258	363	5826.0
mouse2	default_CGAGCACAGGGATACC	SPC	0.0099344985082085	0.9615384615384616	0.6446153220228651	729	24579.0
mouse2	default_TATGCCCTCAACACAC	RS	-0.0085356433005284	0.9583333333333334	0.6200052576235542	467	7608.0
mouse2	default_CGAGAAGCACTCGACG	RS	0.006266678735105	1.0	0.6456979876406275	394	6311.0
mouse2	default_TACTTGTCACCCTATC	SPC	0.0068005377643697	1.0	0.6434692287717476	260	3851.0
mouse2	default_GTATTCTAGGACATTA	RS	-0.005065784118685	1.0	0.62623816861105	317	4543.0
mouse2	default_ACACCCTAGCTAGGCA	RS	0.0030887078126651	0.96	0.6321450734330828	687	14503.0
mouse2	default_TCTGGAATCGCGTAGC	RS	0.0067561253969184	1.0	0.6599669603524229	267	3632.0
mouse2	default_GAGGTGAAGGCTCAGA	RS	-0.0009659166675778	0.9642857142857144	0.6267508384296705	662	15207.0
mouse2	default_GCTGCTTGTCTTGATG	SPC	0.0030911383655206	0.9863013698630136	0.6318134715025907	495	9650.0
mouse2	default_GACTGCGCATGCTAGT	RS	0.0088815054983765	1.0	0.6532951289398281	390	5933.0
mouse2	default_TGACGGCTCCGCATCT	SPC	-0.0017160906605497	1.0	0.6291437688353129	363	5641.0
mouse2	default_TATCTCACAGCGATCC	ES	-0.0179929573775477	0.9	0.6443808532778356	209	3844.0
mouse2	default_ACATCAGTCCGGGTGT	SPC	0.011692301320846	0.9846153846153848	0.6410089291533598	611	15343.0
mouse2	default_TCAGCTCGTTCGGCAC	RS	-0.0105788225676433	0.9570175438596492	0.6222222222222222	394	5625.0
mouse2	default_CGTCCATAGACAGACC	RS	-0.0040426843676722	1.0	0.6346847803014222	330	4711.0
mouse2	default_GCACATACAGCGTAAG	RS	0.0113524375682866	1.0	0.6430351703129327	239	3611.0
mouse2	default_CTGAAACTCACTTATC	SPC	0.0092455978814323	0.96	0.636342909256726	307	4386.0
mouse2	default_GGACAAGTCTGCAAGT	RS	-0.0057453169951726	1.0	0.6369715271786023	317	4636.0
mouse2	default_GACACGCTCCATTCTA	RS	-0.0074176104542431	0.8819444444444444	0.6209605026929982	312	4456.0
mouse2	default_TACCTATCAGCTGGCT	RS	0.0059427771590568	1.0	0.6486963340521467	356	5101.0
mouse2	default_AGGTCCGTCCTTTCGG	RS	-0.0005258958477711	1.0	0.6524408067816428	238	3421.0
mouse2	default_TCGAGGCTCACTGGGC	RS	-0.0122118237567132	0.9230769230769232	0.6282869543017615	273	3917.0
mouse2	default_CGGACTGTCACCTCGT	RS	0.0045247093534832	1.0	0.6474557723873792	372	5483.0
mouse2	default_GGGTCTGCAGTCAGAG	RS	0.0052341392446286	1.0	0.6602624179943768	314	4268.0
mouse2	default_GTTCATTAGACTCGGA	RS	0.0021260181713467	1.0	0.6257287213369608	325	5146.0
mouse2	default_GAGCAGAGTTACGACT	RS	0.0083543889566499	1.0	0.6382206553297387	558	9644.0
mouse2	default_AAGCCGCTCACCGTAA	RS	-0.0017628237760613	1.0	0.6284456355283308	361	5224.0
mouse2	default_AGATTGCAGCGAAGGG	RS	-0.0006806445318252	1.0	0.6429485538776555	283	3907.0
mouse2	default_CACTCCACAAAGAATC	RS	0.0049524800613305	1.0	0.6440538313650096	427	7282.0
mouse2	default_GACAGAGCATATGCTG	SPC	0.0083503781390545	1.0	0.6511032938919091	207	3127.0
mouse2	default_TCTGAGATCCACGTTC	RS	-0.0012078919880145	1.0	0.6429346646407641	304	4607.0
mouse2	default_ACGAGGATCGTCGTTC	RS	-0.0096288358652196	1.0	0.6320295450730233	328	5957.0
mouse2	default_CACAGGCGTCCAGTAT	RS	0.0065137123462353	1.0	0.6392709766162311	390	5816.0
mouse2	default_ACGATACCAATCGAAA	RS	-0.002826231171194	0.9411764705882352	0.6376449598572703	365	5605.0
mouse2	default_CTACATTTCCCAGGTG	RS	0.0097528208537654	1.0	0.6337568058076225	195	2755.0
mouse2	default_TGCTGCTAGCCACGTC	RS	-0.0160539529785634	0.898989898989899	0.6196793808734107	122	1809.0
mouse2	default_ATCTGCCCACCATGTA	RS	-0.0015545088792274	1.0	0.6299093655589124	381	5958.0
mouse2	default_TACGGGCGTCTTGATG	RS	0.0004482174037589	1.0	0.6470770182493041	226	3233.0
mouse2	default_AGTGAGGCAACGCACC	RS	0.0006587609655696	1.0	0.6558340535868625	400	5785.0
mouse2	default_AGCATACAGCTGAAAT	RS	0.0038919152446462	1.0	0.6302759452365752	660	14097.0
mouse2	default_AAAGATGCAGACGCTC	RS	-6.033150472571167e-05	0.9375	0.6037126715092817	273	3717.0
mouse2	default_CTGTGCTTCTCTAAGG	RS	-0.007997112430871	0.9016129032258065	0.6196049743964887	284	4101.0
mouse2	default_AGTCTTTCATAGAAAC	RS	0.0076662309692295	1.0	0.6580343213728549	229	3205.0
mouse2	default_GTACGTAGTACCGTTA	RS	0.0071636343000354	1.0	0.6330388692579505	392	5660.0
mouse2	default_AACTCCCCATCACGAT	RS	-0.0020279326485121	1.0	0.6235172769468799	278	3878.0
mouse2	default_TATTACCCAGGGATTG	RS	0.0019136344317612	0.9833467633628794	0.6372714223304	708	16023.0
mouse2	default_GCTGCGACATATGCTG	SPC	0.0026828623459151	1.0	0.6450366151342555	320	4916.0
mouse2	default_GGGATGAGTTAGAACA	RS	0.0088175597562274	1.0	0.6521246458923513	523	8825.0
mouse2	default_CCTTCGAGTTCACCTC	RS	-0.0015680322563096	0.9582608695652174	0.6135273425007994	418	6254.0
mouse2	default_TCTGAGACAGGGTTAG	RS	0.0004626726658247	1.0	0.6348847718029824	312	4426.0
mouse2	default_CCACGGAGTAGCTCCG	RS	0.0055219149073451	1.0	0.6578715919085312	328	4548.0
mouse2	default_GTGCATATCTTTACAC	RS	-0.0084751616384533	1.0	0.6411225040474906	375	5559.0
mouse2	default_ACCTTTATCTGTCAAG	RS	-0.0019292494040555	1.0	0.6279195501730104	533	9248.0
mouse2	default_CACAGTACAAACTGTC	RS	-0.0010161780715403	1.0	0.6373114463176575	531	9016.0
mouse2	default_GTATCTTAGACGCACA	RS	0.0054036296778644	1.0	0.6427457098283932	582	10256.0
mouse2	default_CCTCTGACAAGTCTGT	RS	0.0034069593904669	1.0	0.6378132118451025	487	7902.0
mouse2	default_TGACGGCTCCCTAACC	RS	-0.0014743066712906	1.0	0.6407766990291263	439	6386.0
mouse2	default_TCATTACCAGCAGTTT	RS	-0.0121752085918983	0.8571428571428571	0.6170534813319879	139	1982.0
mouse2	default_ATCATCTGTTACCGAT	RS	-0.0014442362483666	1.0	0.6485058309037901	374	5488.0
mouse2	default_TACCTTAAGATCTGCT	ES	-0.0098059581712391	1.0	0.6590024761230987	242	5654.0
mouse2	default_GTTTCTAAGGTGTGGT	RS	-0.0030373696731071	1.0	0.6409388399909727	304	4431.0
mouse2	default_AGAGCTTTCTTGTTTG	RS	0.001269750300697	1.0	0.6405220312701899	479	7739.0
mouse2	default_GTCAAGTGTTTACTCT	RS	0.005193959867227	1.0	0.6496598639455783	295	4116.0
mouse2	default_GGGATGAGTCATACTG	RS	-0.0036955334480284	1.0	0.6407121407121407	323	4662.0
mouse2	default_GATGAAACATCACAAC	RS	0.0021322970600224	1.0	0.6179589912797548	308	4243.0
mouse2	default_CATCGGGTCAGTTAGC	RS	0.0115600841163749	1.0	0.6448558804965285	332	4753.0
mouse2	default_TACACGATCCGTACAA	RS	0.0017265430222089	1.0	0.6459863256520638	279	3949.0
mouse2	default_TCAGATGTCACGACTA	RS	-0.0072142683076672	0.9285714285714286	0.6244408296055307	351	4918.0
mouse2	default_TAGGCATGTTACGACT	RS	-0.0089835463924153	0.9722222222222222	0.6346740638002774	260	3605.0
mouse2	default_CAGCTAACATCAGTAC	RS	-0.0015080214247367	0.8333333333333334	0.6358056265984655	133	1955.0
mouse2	default_GAACGGACAGGCTGAA	RS	0.0047975159723664	1.0	0.6498316498316499	330	4752.0
mouse2	default_CGACCTTTCAACGAAA	RS	-0.0004640583173407	1.0	0.6280377585860615	349	4979.0
mouse2	default_AGTGTCAGTTCCTCCA	RS	0.0054904547384062	1.0	0.6526571024449384	357	4949.0
mouse2	default_CATCGAATCACGGTTA	RS	-0.0082520271577568	1.0	0.6314602132895816	331	4876.0
mouse2	default_GCAGCCAAGTAGGCCA	RS	-0.0066316108313558	0.9333333333333332	0.6152630390607361	306	4429.0
mouse2	default_GGATTACCACGGTAAG	RS	0.0077637751488642	1.0	0.6424057528873393	328	4589.0
mouse2	default_AAGGTTCAGAGTGACC	RS	0.0053041840840701	1.0	0.645124157210985	392	6081.0
mouse2	default_GATCGTACAGATGAGC	RS	0.0108002762309087	1.0	0.6410559495665878	359	5076.0
mouse2	default_AGCCTAAGTGCAACTT	RS	0.0031249088921959	1.0	0.6447086016179627	618	12114.0
mouse2	default_CGTTGGGGTCTTTCAT	RS	0.0035122148669531	1.0	0.6329153605015674	219	3190.0
mouse2	default_GGACAGACATCACCCT	RS	0.0140714743026256	1.0	0.6711359404096834	192	2685.0
mouse2	default_GGGACCTCAGACACTT	RS	-0.0043123262058008	0.9282051282051282	0.6124220233251967	264	3687.0
mouse2	default_GTTTCTATCGCAAGCC	RS	-0.0101834550818983	0.9	0.6196297589940621	388	5726.0
mouse2	default_CATCAGAAGTGTTTGC	ES	0.0004754723184881	1.0	0.7596810933940774	74	1756.0
mouse2	default_CGTCAGGAGATGCGAC	RS	0.0055044745293	1.0	0.6438285860918656	286	3897.0
mouse2	default_AAACCTGTCTGCTTGC	RS	-0.0009951530258335	0.9787234042553192	0.6380998080614203	575	10420.0
mouse2	default_CAAGATCGTAGGGACT	RS	0.0034364771210288	0.9743589743589745	0.647552	657	15625.0
mouse2	default_ACTTACTTCATGCTCC	RS	-0.0038482494308936	0.9090909090909092	0.6169007702763933	319	4414.0
mouse2	default_CAGCCGAAGGGTATCG	RS	0.0065541771333767	1.0	0.653183741757701	586	10161.0
mouse2	default_CAGCATAAGGACACCA	RS	-0.0025948899940668	1.0	0.6354713149433068	403	5909.0
mouse2	default_TGAGGGAAGTGAACAT	RS	-0.0050299086238278	1.0	0.6414576802507836	347	5104.0
mouse2	default_GTTCTCGAGTGAATTG	RS	-0.0039039441947045	1.0	0.6282507528059129	266	3653.0
mouse2	default_ATAACGCTCGTGGGAA	RS	0.010091690953138	1.0	0.6684796684796684	265	3861.0
mouse2	default_ATCATCTTCGCTGATA	RS	0.0023257771117604	1.0	0.6311808641391699	581	10577.0
mouse2	default_AGTGAGGCACCAGGTC	RS	0.0049253612954991	1.0	0.6505024027959808	539	9156.0
mouse2	default_GTAACTGTCTTCCTTC	RS	-0.0135145308426571	0.9329973870847332	0.6078115562713912	340	4967.0
mouse2	default_GGTGAAGTCGCCATAA	RS	-0.0081500774412984	1.0	0.6428571428571429	316	4536.0
mouse2	default_GGTATTGCAAGGTTTC	RS	0.0005226322676152	1.0	0.6360832690824981	351	5188.0
mouse2	default_TTTATGCCAACACGCC	RS	-0.0060697094210412	1.0	0.611888782358581	366	5215.0
mouse2	default_ACGATACGTCTAAACC	RS	0.0069881230442774	1.0	0.6489787745294353	346	4994.0
mouse2	default_AAGCCGCCAAGAGGCT	RS	0.0069688527051126	1.0	0.6429697925512556	495	8243.0
mouse2	default_TACGGATTCCACTGGG	RS	0.0098991719554769	0.9722222222222222	0.6510275556730325	899	30266.0
mouse2	default_CCTACCAAGTCGTACT	RS	-0.0005532475859984	1.0	0.6350137488542621	366	5455.0
mouse2	default_ATCGAGTCAAGTAATG	RS	0.0084868493792314	1.0	0.6440171737913011	363	5357.0
mouse2	default_TGACGGCGTGGTGTAG	RS	2.4549515423585622e-05	1.0	0.6409326424870466	273	3860.0
mouse2	default_GATTCAGCACCAGATT	RS	-0.0134951462979372	0.9285714285714286	0.6226267371305539	329	5109.0
mouse2	default_CGAGCACTCGCTGATA	RS	0.0112362805185009	1.0	0.6489003880983183	284	3865.0
mouse2	default_AGAATAGGTTCCCGAG	RS	0.0038062406036258	1.0	0.6381596752368065	251	3695.0
mouse2	default_GGTGAAGCACCGATAT	RS	0.0005405949861112	1.0	0.6518962075848304	172	2505.0
mouse2	default_AGTCTTTTCAACGAAA	RS	0.0047789314028912	1.0	0.6298605600272078	528	8821.0
mouse2	default_CATATTCAGAGACTAT	RS	-0.0004722393951348	1.0	0.6148193508879363	106	1633.0
mouse2	default_CGAACATGTAGTAGTA	RS	0.0089156946792039	0.9832780541735766	0.651238963258331	666	14044.0
mouse2	default_TTCGAAGCAATGTAAG	RS	-0.0025607825056552	1.0	0.6612618963694042	203	2837.0
mouse2	default_ATTACTCGTAACGCGA	RS	0.0046782601361465	1.0	0.6264982876712328	323	4672.0
mouse2	default_TGGCTGGGTTCTGGTA	RS	0.0023594401071474	1.0	0.6368613138686131	517	8768.0
mouse2	default_CAACCAAGTAGGAGTC	RS	0.0019928030134873	1.0	0.6405542986425339	256	3536.0
mouse2	default_CTCTAATCAAGGTTTC	RS	-0.0095284530704179	1.0	0.6276083467094703	374	5607.0
mouse2	default_CACTCCAGTCGCATCG	RS	0.004306347769829	0.9128787878787878	0.6358371040723982	358	5525.0
mouse2	default_CTAAGACAGTGGACGT	RS	0.0017261388126445	1.0	0.6320803741555517	386	5773.0
mouse2	default_ACAGCTAAGGTGCTAG	RS	-0.0024715388039227	1.0	0.6369632126630514	417	6823.0
mouse2	default_CATCGGGTCAAAGACA	RS	-0.0049885903311248	1.0	0.6459478021978022	206	2912.0
mouse2	default_CATGCCTCATAGGATA	RS	-0.0046389295152998	1.0	0.6319030591974573	328	5034.0
mouse2	default_ACGATGTCAGGTTTCA	RS	0.0001731574483101	1.0	0.6337340345604808	357	5324.0
mouse2	default_ATAGACCCAGCGATCC	RS	0.0083843264189055	1.0	0.639821795750514	377	5836.0
mouse2	default_CCCAATCAGGTGATAT	RS	-0.0045803802480183	1.0	0.6407882241215574	288	4212.0
mouse2	default_GGCCGATGTCAACATC	RS	-0.0082267196044194	0.9565217391304348	0.6218278063210337	421	6423.0
mouse2	default_CTGAAACCACTTCGAA	RS	-0.0016812243567126	0.9761904761904762	0.6354877124607556	539	9237.0
mouse2	default_CCTACCAGTCTAACGT	RS	-0.0148398525530632	0.9090909090909092	0.5930460333006856	271	4084.0
mouse2	default_GAAGCAGTCGTTGCCT	RS	0.0013098187002972	1.0	0.6331420857239285	392	5926.0
mouse2	default_AAATGCCCATAAAGGT	RS	-0.0017906664710533	1.0	0.6390251880929015	406	6114.0
mouse2	default_CTCATTAAGAGCTGCA	RS	0.0074458688781428	1.0	0.6455990694067468	359	5158.0
mouse2	default_AACACGTAGTCATGCT	RS	-0.0015712759872047	0.9375	0.6419452887537994	535	9870.0
mouse2	default_ACTGCTCTCCAGAAGG	RS	-0.0016621941356329	1.0	0.6241258741258742	267	4004.0
mouse2	default_CGTCACTTCTTAGAGC	RS	-0.0015746086552231	0.9523809523809524	0.6301731244847486	402	6065.0
mouse2	default_CCTTTCTTCCCAAGTA	RS	-0.0092625873566751	0.8982758620689655	0.6124958457959455	380	6018.0
mouse2	default_CTAGCCTTCAAGAAGT	SPC	-0.0007426894776767	1.0	0.6163734776725305	314	4434.0
mouse2	default_GCATACATCCTTTCTC	RS	-0.0251253419506837	1.0	0.6207627118644068	113	1888.0
mouse2	default_CCGTGGACACATCCAA	RS	0.0032465973587525	1.0	0.6420014094432699	385	5676.0
mouse2	default_TAGTTGGTCAACACGT	RS	-0.0017774046792973	0.9852941176470588	0.6366337810531321	522	8413.0
mouse2	default_CTAGCCTGTATGAATG	RS	0.0083093065143158	0.9523809523809524	0.6357913669064749	370	5560.0
mouse2	default_CCCAGTTAGTACGTTC	RS	-0.0035495299880519	0.9375	0.6143052703627653	387	5844.0
mouse2	default_CGGACGTCAAACGCGA	RS	-0.0029481573179704	1.0	0.6256877252893189	349	5271.0
mouse2	default_CCCAGTTAGGGTCGAT	RS	0.0042541517283864	1.0	0.6269040190860709	347	5449.0
mouse2	default_TGAGGGAGTCTAAAGA	RS	0.0001707022061026	1.0	0.6478251269595937	334	4529.0
mouse2	default_GCAATCATCCCATTTA	RS	-0.0037851555117275	1.0	0.6280868046894488	275	4009.0
mouse2	default_TGGACGCGTCAAAGCG	RS	-0.0027623167506927	0.9460227272727272	0.6285167986888828	262	3661.0
mouse2	default_CCCAGTTGTATCTGCA	RS	-0.0006213668925641	1.0	0.6344827586206897	381	5655.0
mouse2	default_GAGGTGACATTCTCAT	RS	0.0071973518241247	1.0	0.6303571428571428	277	3920.0
mouse2	default_CAGGTGCCATGTCTCC	ES	-0.020861106579112	1.0	0.69194010831475	136	3139.0
mouse2	default_CGTTAGACACATGTGT	RS	0.0004366287612616	1.0	0.646147032772365	310	4516.0
mouse2	default_CTCGTCAGTACCGGCT	RS	-0.0067448393344602	1.0	0.6480414746543779	299	5208.0
mouse2	default_GATGAGGAGTTGTCGT	ES	-0.0114106248660278	1.0	0.7174486030574592	92	1897.0
mouse2	default_CCATGTCGTAGTAGTA	RS	0.0078683239260844	1.0	0.6490355935573673	336	5029.0
mouse2	default_TGTGTTTTCTCGATGA	RS	-0.0013878516982808	1.0	0.6360409271246606	294	4789.0
mouse2	default_TTGACTTAGTAGGTGC	RS	-0.0042169850120753	1.0	0.6396747967479675	208	3075.0
mouse2	default_TACTCATAGCTAAGAT	RS	-0.003056370249044	1.0	0.6259234385493619	451	7445.0
mouse2	default_GAACCTACAGTAGAGC	RS	0.0139655222330663	1.0	0.686893876420061	248	3609.0
mouse2	default_AGGGTGAAGGTACTCT	ES	0.004496924622753	1.0	0.669452181987001	140	3231.0
mouse2	default_GACGTGCCATGGATGG	RS	-0.0026981451949328	1.0	0.645151606124287	232	3331.0
mouse2	default_GCTCCTATCTTCTGGC	RS	-0.0079874512674997	0.9629629629629628	0.6332187857961054	612	13095.0
mouse2	default_GCACATAGTCTTCGTC	RS	-0.0046595867589709	1.0	0.6511846117757448	304	4263.0
mouse2	default_TCATTTGCATCACCCT	RS	-0.0059008303629989	0.9198717948717948	0.6217598512146926	690	17206.0
mouse2	default_ACTATCTAGTGGGCTA	RS	-0.0068550600066849	1.0	0.6205035971223022	344	5560.0
mouse2	default_GTTTCTATCAACTCTT	RS	-0.0067285713725806	0.9523809523809524	0.6275264677574591	443	7273.0
mouse2	default_TAGCCGGTCACATAGC	RS	-0.0109409797547745	1.0	0.6412812897751379	318	4714.0
mouse2	default_CCTACACCACGGATAG	RS	0.0054418213545868	1.0	0.6287507354383213	349	5099.0
mouse2	default_GACTACAAGAGGTTGC	RS	-0.0014532524837795	0.9891304347826086	0.6336847149017729	282	4174.0
mouse2	default_GCGGGTTTCCATGCTC	RS	0.0010140261359185	1.0	0.6184814351272424	327	4794.0
mouse2	default_CCCAGTTGTGACGCCT	RS	0.0056177260086517	1.0	0.6227314390467461	358	5455.0
mouse2	default_CACTCCATCTTACCGC	RS	-0.0060314865227066	1.0	0.6356382978723404	340	5264.0
mouse2	default_GGGCATCGTTACCAGT	RS	0.0005009047710861	0.9705459770114944	0.6231143552311436	266	4110.0
mouse2	default_GATGCTAGTAAGTGTA	RS	0.0027076159806076	0.945945945945946	0.6257720381807973	243	3562.0
mouse2	default_TTTGGTTAGGATATAC	RS	0.0174208192457546	1.0	0.6774595267745953	162	2409.0
mouse2	default_GTCTTCGTCACCGTAA	RS	-0.0038833256091328	0.9544534412955464	0.6156329651656754	374	5885.0
mouse2	default_AGGTCATCATTCGACA	RS	-0.0008258028108712	1.0	0.6179016620498615	379	5776.0
mouse2	default_GGACAAGAGTGTTGAA	RS	-0.0041861698053693	0.925824175824176	0.6264642082429501	392	6915.0
mouse2	default_TGCCAAAAGACTACAA	RS	-0.0127020612958846	0.9569597069597068	0.599630376344086	358	5952.0
mouse2	default_TAGGCATGTGCAGTAG	RS	0.0053284784124419	1.0	0.6413065530533577	555	9858.0
mouse2	default_AACGTTGAGGTAAACT	RS	-0.0006567145816703	1.0	0.616481223922114	374	5752.0
mouse2	default_AAGTCTGGTGACTACT	RS	-0.0102123519461482	0.9188596491228068	0.6576442698935003	754	28263.0
mouse2	default_TGCTACCGTGCAACTT	RS	-0.0096209721977459	1.0	0.6488603988603988	171	2808.0
mouse2	default_GCTGCGACAGGCTGAA	RS	-0.0071240022903038	1.0	0.6291190316072629	328	5948.0
mouse2	default_TAGACCAGTTGATTGC	RS	0.0028259437382613	1.0	0.655185610409491	142	2613.0
mouse2	default_TTAGTTCGTGTTAAGA	RS	0.007172743831932	1.0	0.6440894568690095	202	3130.0
mouse2	default_TCATTTGAGATACACA	RS	-0.0019711412611407	0.9629629629629628	0.6313458262350937	385	5870.0
mouse2	default_GATTCAGGTGATGATA	RS	-0.0046582671119224	1.0	0.6333652007648184	390	6276.0
mouse2	default_ACGAGGACACGACGAA	RS	-0.0074960803799	0.9583333333333334	0.6329878048780487	627	16400.0
mouse2	default_GCATGTACACGAAGCA	RS	-0.004644997607355	0.9215384615384616	0.643432684033482	540	12783.0
mouse2	default_CCTTCCCTCAGCGATT	RS	-0.0120532709409594	0.8571428571428571	0.6212221486874034	266	4533.0
mouse2	default_TCTCTAAGTTAAGATG	RS	-0.0072028936603623	1.0	0.6410651408450704	318	4544.0
mouse2	default_TTCGGTCCACAGAGGT	RS	-0.0131120907939691	1.0	0.6736711990111248	89	1618.0
mouse2	default_GGGAATGCACCTATCC	RS	-0.0046257582748767	0.8819444444444444	0.6287822878228783	92	1355.0
mouse2	default_ATCGAGTGTAGGGACT	RS	0.0026324698528946	1.0	0.6500244738130201	121	2043.0
mouse2	default_GCTGCAGCACATAACC	RS	-0.0005386827024489	1.0	0.6281449893390192	319	4690.0
mouse2	default_TATTACCCAGTTCCCT	RS	-0.0049759930066768	0.976295210166178	0.622032583397983	426	6445.0
mouse2	default_ACTGAACCATCGGAAG	RS	0.0041365551041632	1.0	0.6425379803395889	353	5595.0
mouse2	default_GCGACCACACATCCGG	SPC	-0.0067526692544076	1.0	0.6401608910891089	399	6464.0
mouse2	default_CGATCGGGTAAAGTCA	RS	0.0102008814908322	1.0	0.6575107296137339	244	3495.0
mouse2	default_GCACTCTCATGCATGT	RS	0.0058294696065955	0.9807407407407408	0.6330537676353943	718	15381.0
mouse2	default_GACGTGCTCTCACATT	SPC	0.0068004771624964	1.0	0.6180682114032804	258	3841.0
mouse2	default_TTGCCGTAGCTCCCAG	ES	-0.0344152770123367	1.0	0.6296978629329403	142	2714.0
mouse2	default_ATAACGCCAATCAGAA	RS	0.0038222354293878	1.0	0.6410775774762001	342	4937.0
mouse2	default_CAGCTGGGTGGAAAGA	RS	-0.0045441001873447	1.0	0.6514091167013429	364	5287.0
mouse2	default_CTGAAACTCTACTATC	ES	-0.0254709641634114	0.9481182795698924	0.6378552593026663	302	6826.0
mouse2	default_TCCCGATTCAGCTCGG	ES	-0.0114193660992304	1.0	0.6725701943844492	109	2315.0
mouse2	default_TGAGCATCAGACAAGC	RS	-0.0031802495263523	0.9166666666666666	0.6398729150119142	369	6295.0
mouse2	default_CCACTACCAATACGCT	ES	-0.0113116064357656	1.0	0.6455421686746988	201	4150.0
mouse2	default_TTGAACGCAATGGAAT	ES	-0.001773413135894	1.0	0.6237288135593221	88	1770.0
mouse2	default_GCCTCTATCCCAGGTG	RS	-0.0048639035971905	1.0	0.6299708135716892	609	10964.0
mouse2	default_GGGTCTGGTATTCTCT	RS	-0.008536055571168	0.8888888888888888	0.6207044673539519	271	4656.0
mouse2	default_CTCATTAGTAAGGGAA	RS	0.0006984364762813	1.0	0.6347985347985348	351	5460.0
mouse2	default_GGTGAAGCACTTGGAT	RS	-0.0081213630384634	0.9375	0.6209160544005002	386	6397.0
mouse2	default_CTGAAACCACTCGACG	ES	-0.0177750356363252	0.9666666666666668	0.6444096338359115	255	5107.0
mouse2	default_CTGATCCTCCAACCAA	SPC	-0.0015256090625783	0.925925925925926	0.6104669106300428	723	22681.0
mouse2	default_AGCTCTCGTAAACGCG	RS	0.0015084918352083	1.0	0.6377483443708609	85	1510.0
mouse2	default_TGCTACCTCCGCGGTA	ES	-0.0004280391914536	1.0	0.660969546302051	275	6436.0
mouse2	default_CCTCAGTTCGGAAACG	SPC	0.0075701203404072	1.0	0.6526997840172786	315	4630.0
mouse2	default_AGGGTGATCCGAACGC	RS	0.000384874362397	1.0	0.6383577052868391	112	1778.0
mouse2	default_GATGCTATCCTCAACC	ES	-0.0189805354784189	0.9528824833702882	0.6568197553657974	230	4333.0
mouse2	default_TGCGTGGTCGGTTAAC	RS	-0.0049948362414722	1.0	0.6259977194982896	319	5262.0
mouse2	default_CGTTGGGGTAGCGCTC	RS	-0.0069336080666883	1.0	0.6280941533788914	426	6585.0
mouse2	default_AGGTCCGAGAGGACGG	RS	0.0002901665961039	1.0	0.6395521159229376	384	6073.0
mouse2	default_CCTACACGTTTGCATG	RS	-0.0027032100914411	0.9090909090909092	0.5958887545344619	293	4135.0
mouse2	default_AAACCTGTCGCGGATC	RS	0.006794367159403	0.9615384615384616	0.6383628588882101	92	1637.0
mouse2	default_TTCTCCTTCTACCTGC	RS	-0.0103751219330776	0.946360153256705	0.6268656716417911	522	9983.0
mouse2	default_TCGGTAAAGTGGAGAA	RS	-0.0124121233808164	0.9333333333333332	0.6466603280247207	423	8414.0
mouse2	default_TCTTTCCAGAAGGACA	RS	-0.0060441730511168	0.9444444444444444	0.6215549156725627	301	4862.0
mouse2	default_GACGTGCGTGCTCTTC	ES	-0.0073993300625628	1.0	0.6650171298058623	124	2627.0
mouse2	default_CCCAGTTAGGCTATCT	RS	0.0106079423661599	1.0	0.6489626556016598	149	2410.0
mouse2	default_TACTTGTTCACATACG	RS	-0.0164459879653107	0.8181818181818182	0.5923423423423423	131	2220.0
mouse2	default_CATCCACTCAAGAAGT	RS	-0.0142079816919185	0.925824175824176	0.6363636363636364	318	6248.0
mouse2	default_TGGGCGTTCCGTTGTC	RS	0.0004685663275953	1.0	0.6366565579984838	337	5276.0
mouse2	default_TACTTACTCAGGCAAG	RS	0.0070198005953452	1.0	0.643131930300973	310	4419.0
mouse2	default_ACAGCTAAGTGTTTGC	RS	0.0011583617256455	1.0	0.6291512915129152	331	4878.0
mouse2	default_CATCAAGTCGGCGCTA	RS	-0.0094319312288064	0.9	0.6256965451361248	361	6281.0
mouse2	default_CCCATACCAAGTTGTC	RS	0.0050733674722319	1.0	0.6414230362803804	576	11356.0
mouse2	default_GTGCTTCAGAGCAATT	ES	-0.0024036774058606	1.0	0.6600848865104263	271	5419.0
mouse2	default_TACGGTAAGTAGCGGT	RS	-0.0046663429251458	1.0	0.6264051662281751	300	4181.0
mouse2	default_CTCTACGTCGCTAGCG	ES	-0.0260705827176459	1.0	0.6689095127610208	224	4310.0
mouse2	default_TCACGAAAGCAGCGTA	RS	0.0101510767597542	1.0	0.6394088669950739	350	5075.0
mouse2	default_GTACTCCTCGGCCGAT	ES	-0.0109549236043594	1.0	0.6773404491883478	231	4497.0
mouse2	default_CTGCGGATCCCTTGTG	RS	0.002262888140475	0.9468984962406016	0.6175529788084766	344	5002.0
mouse2	default_TCAGCAAAGGAGTACC	RS	-0.0006625949459759	1.0	0.6273611906124785	335	5241.0
mouse2	default_TCGGGACCATATACCG	RS	0.0083531097595788	1.0	0.6375680580762251	375	5510.0
mouse2	default_ATCCACCTCACTATTC	RS	-0.0048666580131308	0.9745817245817244	0.6271898371068538	562	9761.0
mouse2	default_CACTCCAAGTGGAGAA	RS	-0.0078653789403633	1.0	0.6223859788886676	337	5021.0
mouse2	default_TTGACTTAGATCGATA	RS	-0.0104330417821414	0.9705882352941176	0.6360749444268021	196	3149.0
mouse2	default_TTTGCGCTCTCGTATT	RS	-0.0104493269652775	0.901913875598086	0.6263719964402255	362	6742.0
mouse2	default_TCTGGAAGTGAAATCA	SPC	0.0075185906832251	1.0	0.6441505595116989	326	4915.0
mouse2	default_ATAAGAGGTTACGCGC	RS	0.0102037353940347	1.0	0.6551279690664703	365	5431.0
mouse2	default_CTCGGAGAGCCACCTG	ES	-0.0005953065594411	0.981132075471698	0.6635848493886072	157	3353.0
mouse2	default_TCGCGTTGTTGTCTTT	RS	0.0041608856127319	1.0	0.6634920634920635	87	1575.0
mouse2	default_ATAGACCTCGGATGTT	ES	-0.0009353488741208	1.0	0.6760335044582545	181	3701.0
mouse2	default_CACATTTGTTACCGAT	ES	-0.0088876826137996	1.0	0.6639134149814867	166	3511.0
mouse2	default_GAACCTATCTGCTTGC	ES	-0.0194049504224181	1.0	0.6688820318063138	215	4213.0
mouse2	default_ACATGGTGTGTGAAAT	RS	-0.0077213016328614	1.0	0.6411592994161801	312	4796.0
mouse2	default_AAGCCGCCAAACGCGA	RS	-0.0020276214127864	1.0	0.6164901664145235	408	6610.0
mouse2	default_CAGCAGCGTAACGCGA	RS	-0.0027504678544385	1.0	0.6447058823529411	353	5100.0
mouse2	default_GACTGCGTCCCTGACT	RS	-0.0044390252453899	0.9504830917874396	0.6269881990764494	326	5847.0
mouse2	default_GTGCTTCCACAGGAGT	ES	0.0008142959120961	1.0	0.677571470674919	163	3393.0
mouse2	default_GGGTTGCCACTGTGTA	ES	0.0121226713805134	1.0	0.6601941747572816	119	2266.0
mouse2	default_GTTCGGGTCTCTGTCG	ES	-0.0179722077865893	0.9731182795698924	0.6673671920607122	246	8565.0
mouse2	default_ATCATCTCATGCTGGC	ES	-0.0182206618018278	0.8360215053763441	0.639963167587477	112	2172.0
mouse2	default_TGCGCAGTCGCCATAA	ES	-0.0169802655919532	0.9838709677419356	0.6374788494077834	122	2364.0
mouse2	default_CACATAGGTACGCTGC	ES	-0.0078418401222184	0.9292803970223324	0.6608866642831606	264	5594.0
mouse2	default_CATCGGGTCTACCTGC	SPC	0.000813225782091	1.0	0.655367231638418	399	6372.0
mouse2	default_CGTCACTAGTACCGGA	RS	0.0153924750711246	1.0	0.6313606194690266	258	3616.0
mouse2	default_TTATGCTAGGACACCA	RS	-0.0010595790623041	1.0	0.6282454760031472	333	5084.0
mouse2	default_AAGACCTGTTGGAGGT	ES	-0.0118371030464723	0.9333333333333332	0.6555269922879178	246	5057.0
mouse2	default_ACATGGTGTCGCCATG	RS	-0.0004183777713885	0.9901960784313726	0.628307939053729	328	4988.0
mouse2	default_CAGCTGGAGCAGACTG	RS	0.001101222520943	1.0	0.648301393728223	313	4592.0
mouse2	default_CTTTGCGAGAGGTACC	ES	0.0026817136886221	1.0	0.665863453815261	162	3735.0
mouse2	default_CGATTGAGTCAAACTC	ES	-0.0161152032465551	1.0	0.6464379947229552	178	3411.0
mouse2	default_TCACAAGTCACCACCT	ES	-0.0136609335777001	1.0	0.6519267214150347	169	3166.0
mouse2	default_AAACGGGAGCACAGGT	ES	0.0083281415061204	1.0	0.6787066705505389	181	3433.0
mouse2	default_CGTAGCGGTCCTCTTG	ES	-0.0130412483237125	1.0	0.6537530266343826	207	4130.0
mouse2	default_CGTCTACTCAACGAAA	ES	-0.007142061354596	0.9230769230769232	0.6640226628895184	183	3530.0
mouse2	default_TCTGAGACATTCCTGC	ES	-0.0208594750315583	0.9115384615384616	0.6436699857752489	132	2812.0
mouse2	default_GATTCAGAGTGGTCCC	ES	-0.0072234779556821	1.0	0.660759493670886	89	1580.0
mouse2	default_TCAACGACAGCCAGAA	RS	-0.0034331890107742	1.0	0.6179844326095862	323	4882.0
mouse2	default_CAGCATACATTCTCAT	RS	-0.0041679737439785	1.0	0.6249634182031021	412	6834.0
mouse2	default_CACATTTCATTAGCCA	RS	-3.968291858202342e-05	1.0	0.6393856029344337	307	4362.0
mouse2	default_TTTGTCACATCGGTTA	RS	-0.0039954574080623	1.0	0.6428170069301368	348	5339.0
mouse2	default_AGCGTATGTATGCTTG	ES	-0.0043698640568958	1.0	0.6765364518536949	203	4019.0
mouse2	default_AAAGTAGCACAGAGGT	ES	-0.0082295744080484	1.0	0.6549981955972574	145	2771.0
mouse2	default_GAATGAATCAACGGGA	RS	3.078820039696114e-05	1.0	0.6418501113034875	265	4043.0
mouse2	default_GAATAAGGTCGCCATG	RS	-0.0281342193089448	0.8786764705882353	0.6273261508325172	116	2042.0
mouse2	default_AGACGTTAGGTCGGAT	ES	-0.0021852668125024	1.0	0.6887369557394746	128	2779.0
mouse2	default_CTCTGGTTCGGCCGAT	ES	-0.0155146757771188	1.0	0.6604952041043943	220	4483.0
mouse2	default_AAGACCTCAGGACCCT	ES	-0.0153112280934607	1.0	0.6705744431418523	179	3412.0
mouse2	default_GTACGTACAAACAACA	ES	-0.0034358373725402	1.0	0.672852233676976	211	4365.0
mouse2	default_GACAGAGTCGCTTGTC	ES	-0.0045009505999819	0.9523809523809524	0.6549555592822405	513	11926.0
mouse2	default_CGTAGGCAGTCGTTTG	ES	-0.0163728609798079	1.0	0.6706631697264893	119	2669.0
mouse2	default_TGCGCAGGTGCCTGCA	ES	-0.0275069372572698	1.0	0.6289126853377265	105	2428.0
mouse2	default_GGAATAAGTTGTCGCG	ES	0.0023481393092749	1.0	0.6789354473386183	85	1766.0
mouse2	default_CACCACTTCACAGGCC	RS	-0.0022054964838105	1.0	0.6262361838278069	256	3438.0
mouse2	default_ATTCTACTCCGCATAA	ES	0.005099547162426	0.975609756097561	0.6518426156830147	309	7218.0
mouse2	default_ACTGAACCAGGCTGAA	RS	0.0021503862697925	1.0	0.6567593480345159	316	6258.0
mouse2	default_GCATGCGGTATAATGG	RS	0.0104945086338678	1.0	0.6447225244831338	260	3676.0
mouse2	default_GACGTTATCTTTACAC	RS	-0.0029396899761402	0.9285714285714286	0.6216216216216216	369	5883.0
mouse2	default_TGCTACCTCTCCTATA	ES	-0.0369327940356867	0.8452380952380952	0.6354816354816355	134	2886.0
mouse2	default_AAGGAGCAGTGTACTC	RS	-0.0040191423534779	1.0	0.6227581941867656	213	3234.0
mouse2	default_CTCGTCATCATGCTCC	RS	0.0015753228639294	0.9473684210526316	0.6156818181818182	289	4400.0
mouse2	default_TACTTGTAGGACACCA	RS	-0.0023211184345257	1.0	0.6288485395285891	527	8867.0
mouse2	default_GGCTGGTTCTACCTGC	RS	-0.0122504633473936	0.9629629629629628	0.6203900709219858	365	5640.0
mouse2	default_CCTTACGAGACAGAGA	RS	0.0042006781231853	1.0	0.6393122313403673	332	5118.0
mouse2	default_ACAGCTAAGGATATAC	RS	0.0089106684264153	1.0	0.6427335640138409	379	5780.0
mouse2	default_GGATGTTGTTCGAATC	RS	-0.0123621971386642	0.9401785714285714	0.6340794223826715	368	6925.0
mouse2	default_CAACTAGGTTTACTCT	ES	-0.0021545939637117	0.9083333333333332	0.6399647887323944	152	3408.0
mouse2	default_TCACGAAGTCGAAAGC	ES	-0.0105454557280118	0.9473684210526316	0.6732400825498739	232	4361.0
mouse2	default_CTAAGACCACCAGGCT	RS	-0.0122045572862537	0.9238026124818578	0.5981463091691492	390	6042.0
mouse2	default_CAGAGAGTCAAACGGG	RS	0.0123461600408775	1.0	0.6272965879265092	174	2667.0
mouse2	default_ACACTGATCAAAGTAG	RS	-0.0021942533868745	1.0	0.6317788562987973	338	4739.0
mouse2	default_GCGAGAACATGAACCT	ES	-0.0080911558633692	1.0	0.6878459989934574	248	7948.0
mouse2	default_ACGCAGCGTGGTACAG	ES	-0.0143887324497515	1.0	0.6701307408649011	139	2983.0
mouse2	default_AGTAGTCTCTTATCTG	ES	-0.0102004040024689	1.0	0.6541762013729977	177	3496.0
mouse2	default_GCGCGATAGTGCGATG	ES	-0.0038857230701472	1.0	0.6612549363756033	124	2279.0
mouse2	default_CCTAGCTCAGCCTTTC	RS	-0.0049664237587578	1.0	0.6435508935508936	271	5148.0
mouse2	default_CCGTACTAGGTGATAT	ES	-0.0022030614906539	0.9316816816816818	0.6601893373193821	98	2007.0
mouse2	default_GGTATTGAGAAGGACA	RS	0.0059004230311894	1.0	0.6484485190409027	209	2836.0
mouse2	default_ATCCGAACACATCTTT	RS	-0.0063130863610009	0.9642401021711366	0.6305582490649675	442	7219.0
mouse2	default_CATATGGAGATCGGGT	RS	0.0032145625367417	1.0	0.6299435028248588	267	4248.0
mouse2	default_ACGGCCATCGGAGCAA	ES	-0.0007041638753583	1.0	0.6828301886792453	220	5300.0
mouse2	default_CGCTTCAGTACAGTTC	RS	0.0057392418596007	1.0	0.6509572901325479	171	2716.0
mouse2	default_GGCAATTGTCGGCACT	RS	-0.016814013782948	0.9230769230769232	0.6232741617357002	121	2028.0
mouse2	default_CAGTAACAGGAGCGAG	ES	-0.0013967349567493	1.0	0.6859756097560976	146	2952.0
mouse2	default_CATGGCGTCGTGGACC	RS	-0.0039149895513604	0.9285714285714286	0.6387004641199572	311	5602.0
mouse2	default_ACCAGTAGTACAGTGG	RS	-0.009984339628825	1.0	0.654556463820769	181	3303.0
mouse2	default_CCACCTACAAAGCGGT	RS	-0.0072160732804314	0.9451492537313432	0.6173128944995492	360	5545.0
mouse2	default_GGGATGAGTCCGAATT	RS	0.0030973099422916	1.0	0.6492634719373485	347	5363.0
mouse2	default_TCTGAGAGTAAAGGAG	RS	-0.0022458145852449	1.0	0.6202778983933999	325	4606.0
mouse2	default_AGGGATGTCTTGTCAT	RS	-0.0024306544615382	1.0	0.6360334580673563	526	9086.0
mouse2	default_CGACCTTAGCTAAACA	ES	-0.0119103262748887	1.0	0.6850594227504244	146	3534.0
mouse2	default_GATTCAGAGTGTACCT	RS	-0.0091316435053457	0.9344262295081968	0.6375696036685228	351	6106.0
mouse2	default_CGTCAGGTCAGGCGAA	RS	-0.0103869812184039	1.0	0.6469298245614035	207	3648.0
mouse2	default_CATTCGCTCTACTATC	RS	0.0003908310254664	1.0	0.6284061500989496	420	6569.0
mouse2	default_TTGCGTCGTATATGAG	RS	-0.0047563415298386	1.0	0.6173730087165614	201	3327.0
mouse2	default_ATGGGAGGTTCGCGAC	RS	-0.0005085724747349	0.9593984962406016	0.6461283796211146	328	5437.0
mouse2	default_GAACCTATCGCGATCG	ES	0.0150369278516957	1.0	0.6755109358192901	127	2789.0
mouse2	default_CCGGGATCATCCTTGC	RS	0.0012133960687744	1.0	0.6159297052154195	444	7056.0
mouse2	default_ATTGGTGTCAGGTTCA	RS	-0.0068370843857171	1.0	0.6249345206914615	375	5727.0
mouse2	default_CCTTACGCATGCCTAA	ES	-0.0056232783068822	1.0	0.6495893625342198	120	2557.0
mouse2	default_ATAACGCAGCGTGAAC	RS	-0.0011090526758543	1.0	0.6458962393631622	261	3643.0
mouse2	default_AAAGATGTCGGCCGAT	RS	0.0006207708197025	1.0	0.6422540065483371	366	5803.0
mouse2	default_GCGCCAAGTAGAGTGC	RS	0.0081225472017845	1.0	0.6487874465049929	253	3505.0
mouse2	default_CTAGAGTCATCATCCC	ES	-0.0062176142085084	1.0	0.6497088568801717	160	3263.0
mouse2	default_CAGAATCCATGGTAGG	RS	-0.006517003367519	1.0	0.6315401621223287	357	5428.0
mouse2	default_TGGTTAGTCGGACAAG	ES	-0.0136981078528853	1.0	0.7201469687691365	81	1633.0
mouse2	default_CGCGGTACACCGCTAG	RS	-0.0013596786725768	1.0	0.6563507414571245	217	3102.0
mouse2	default_TAAGAGACATTCCTGC	RS	-0.0027766254871454	1.0	0.6334559864138126	257	3533.0
mouse2	default_TTCTCAAAGGCAGGTT	RS	0.0131308276943552	1.0	0.6350681536555143	209	3228.0
mouse2	default_CCGGTAGGTAACGTTC	RS	-0.0038517008953605	1.0	0.6393728222996515	380	5740.0
mouse2	default_TATTACCCACAAGCCC	SPC	-0.0066683233979642	0.9	0.6020274689339438	499	9174.0
mouse2	default_AGGGTGACAAGGTTCT	RS	-0.007439875748704	0.8571428571428571	0.6184807256235828	107	1764.0
mouse2	default_CGATGGCAGCGTTTAC	RS	0.0014579385059791	1.0	0.6475462077756533	343	4707.0
mouse2	default_CGTTCTGAGGTTCCTA	RS	0.004766285447086	1.0	0.6315394242803505	291	3995.0
mouse2	default_CACCAGGCAAGCTGAG	RS	-0.0026072138349923	1.0	0.6390588235294118	290	4250.0
mouse2	default_TTCTACATCTCGCTTG	RS	-0.013163146175793	0.9166666666666666	0.6120964881163533	375	5638.0
mouse2	default_CACACTCTCACCAGGC	RS	-0.0123503232896641	0.9428571428571428	0.6200711532760154	439	6746.0
mouse2	default_ACGAGGAAGAAGGTGA	RS	-0.001823355156407	1.0	0.6351351351351351	307	4440.0
mouse2	default_TACTTGTTCAGCGACC	RS	-0.004016844390836	1.0	0.6209808379343943	403	6158.0
mouse2	default_TACTCATCAGTTCCCT	RS	-0.0096928411909646	0.9230769230769232	0.594219135110912	319	4463.0
mouse2	default_GTCTTCGCATGCATGT	RS	0.0005962893688866	1.0	0.6321792260692465	337	4910.0
mouse2	default_AGTCTTTGTGCACCAC	RS	-0.0020879196043975	1.0	0.6419383787017648	248	3343.0
mouse2	default_ACTGCTCGTAGCCTAT	RS	-0.0087260613941337	1.0	0.6342737722048067	425	6699.0
mouse2	default_CCACGGAAGTATGACA	RS	-0.0015667253597216	0.9871794871794872	0.6307744565217391	386	5888.0
mouse2	default_GCATGATGTAAATGTG	RS	-0.0017201420792113	0.9875	0.6468100531657806	484	8276.0
mouse2	default_TACTTACCATTTGCTT	ES	-0.0123313250577227	0.9725975975975976	0.6650674662668665	388	10005.0
mouse2	default_CAGCCGAGTTTCGCTC	ES	0.0013429966824757	1.0	0.6607559496033598	129	2143.0
mouse2	default_AGTCTTTTCGAACGGA	RS	-0.0060232938044088	1.0	0.6221784306700108	353	5582.0
mouse2	default_CCTCTGAAGACTACAA	RS	-0.0015925816822368	1.0	0.6263548203080433	350	5259.0
mouse2	default_CGATGGCAGCTCCTCT	RS	0.0021540050947854	0.9615384615384616	0.6319279574293901	625	12215.0
mouse2	default_CAACCAAAGTGCGTGA	RS	0.0058038944768585	1.0	0.6440924519153063	416	6187.0
mouse2	default_ATCTGCCAGCAATCTC	SPC	0.0002945935151585	0.9636363636363636	0.6408977556109726	577	12431.0
mouse2	default_GGCCGATCATCCTAGA	RS	-0.0030953941442802	1.0	0.6248824082784572	286	4252.0
mouse2	default_CTGCTGTTCTCGGACG	SPC	-0.0026056113592666	1.0	0.7030170846964741	179	2751.0
mouse2	default_TGGCTGGCATACGCTA	RS	-0.0103737519913901	1.0	0.6204569669705221	505	8447.0
mouse2	default_TCGCGAGCAAGCGATG	RS	0.0052093460554143	0.9678387650085764	0.6293476023873225	338	4859.0
mouse2	default_TGGCGCACAAGCGAGT	RS	0.0005805869596088	1.0	0.6300215982721382	311	4630.0
mouse2	default_TTCTTAGCACCAGTTA	RS	-0.0079511897542997	0.9230769230769232	0.61073032380052	271	4231.0
mouse2	default_ACATACGAGTGAACGC	RS	0.0074604383061429	1.0	0.6493557204217103	347	5122.0
mouse2	default_CGCCAAGGTTCCTCCA	RS	0.0023323263153472	1.0	0.6460725769407442	289	4354.0
mouse2	default_TGCCCTATCCCTGACT	RS	-0.0154835042819739	0.8888888888888888	0.6116816431322208	404	6232.0
mouse2	default_GATCGTAAGACAAGCC	ES	-0.0203822101175201	0.8819444444444444	0.6572357723577236	132	3075.0
mouse2	default_TGAGCATTCTTCGGTC	RS	-0.0028012166171791	1.0	0.622512995160423	367	5579.0
mouse2	default_CCCATACAGAGTCGGT	ES	-0.0130740418645521	1.0	0.6262626262626263	57	1485.0
mouse2	default_CAACTAGGTGGAAAGA	RS	-0.0040526608161582	1.0	0.6408450704225352	213	2840.0
mouse2	default_TCGTACCTCAGTTAGC	RS	0.0046569627953595	1.0	0.6431435445068163	512	8729.0
mouse2	default_GGAATAACAACAACCT	RS	-0.0087167561842647	0.9166666666666666	0.6090759978130126	107	1829.0
mouse2	default_CCTTCGACAGTAGAGC	RS	-0.0088984929398573	1.0	0.6241814780168382	306	4276.0
mouse2	default_TTAGGCAGTATATGGA	RS	0.0012471343352333	1.0	0.618229854689564	358	5299.0
mouse2	default_TATGCCCAGCGGCTTC	RS	0.0122723012884746	1.0	0.6968475073313783	174	2728.0
mouse2	default_CATCAGAGTCCGAGTC	RS	-0.002922186608989	1.0	0.6357702349869452	325	4596.0
mouse2	default_CATTCGCTCGTCACGG	ES	-0.0089958798961142	1.0	0.7281746031746031	74	1512.0
mouse2	default_GACGTTAAGATGCCTT	RS	0.0003543530121098	1.0	0.6385224274406333	287	3790.0
mouse2	default_TGGGCGTCATCTACGA	RS	-0.0099612413137371	0.9166666666666666	0.6206235011990408	140	2085.0
mouse2	default_GCGAGAAAGTTAACGA	RS	0.0026892570920086	1.0	0.6237131700390486	197	2817.0
mouse2	default_GGTGAAGGTAGCCTCG	RS	0.0027996001135303	1.0	0.6351190476190476	358	5040.0
mouse2	default_GCTCTGTCAAGCGATG	RS	-0.0044814066841877	1.0	0.640455387873974	256	3777.0
mouse2	default_GCGGGTTTCCGGCACA	RS	-0.0025818946320276	0.945906432748538	0.6394824544207018	362	5101.0
mouse2	default_TCCACACAGATCCGAG	RS	-0.0122181942442399	1.0	0.631771737034895	353	5187.0
mouse2	default_TCACAAGGTACCGTAT	ES	-0.0172809804194715	0.925824175824176	0.6617853248169496	288	6419.0
mouse2	default_CACCACTTCATTCACT	RS	-0.0087848558046833	1.0	0.610204550678005	310	4351.0
mouse2	default_TGGGAAGGTCCTAGCG	RS	-0.002740035140516	1.0	0.6376463524467127	247	3331.0
mouse2	default_CACCTTGTCTATCGCC	RS	-0.0036874431395867	1.0	0.6275812533668522	380	5569.0
mouse2	default_CAAGATCTCCAAATGC	RS	0.0081554444188709	1.0	0.6493907983269686	588	10998.0
mouse2	default_ATTTCTGAGCTTATCG	RS	-0.016460485958452	0.9285714285714286	0.6257580132832804	243	3463.0
mouse2	default_GACACGCAGTTTGCGT	ES	-0.0013975599141049	0.9931506849315068	0.6806769574111958	200	5377.0
mouse2	default_GACTACAGTATTCGTG	RS	-0.0015390614467821	1.0	0.632659989814972	362	5891.0
mouse2	default_GACGCGTAGCATCATC	RS	-0.0081905090472639	1.0	0.6295281582952816	230	3285.0
mouse2	default_GTCTCGTCAAACCTAC	RS	-0.0053164085804571	0.9393382352941176	0.6127977580569827	312	4282.0
mouse2	default_AGGGTGAAGTGTTGAA	ES	-0.0048093770173045	1.0	0.7029072082835524	115	2511.0
mouse2	default_AGCCTAAAGACTCGGA	RS	0.0026459404101016	1.0	0.6296028880866426	369	5540.0
mouse2	default_CACCAGGTCCGAACGC	RS	0.0093439118379381	1.0	0.6442772702847931	255	3722.0
mouse2	default_ACTTACTTCCGTTGTC	RS	0.0004745713506282	0.9534632034632036	0.6138132295719845	350	5140.0
mouse2	default_CATATTCTCAATCTCT	RS	-0.0034669637775978	1.0	0.6224247226624405	487	7572.0
mouse2	default_GGCGACTTCTGAAAGA	RS	0.0111065425743571	1.0	0.6545050055617353	318	4495.0
mouse2	default_TAGACCAGTCAGATAA	RS	-0.0028320841728006	1.0	0.6358444981330991	321	4553.0
mouse2	default_CTGATAGAGGGAACGG	ES	-0.0025623818439735	1.0	0.6886691608765366	159	3742.0
mouse2	default_GATGCTATCGGCCGAT	RS	-0.0055082287051914	0.9642401021711366	0.6240601503759399	360	5320.0
mouse2	default_CTTCTCTTCCAAGTAC	RS	-0.0133628074870292	0.8888888888888888	0.613755354593051	288	4202.0
mouse2	default_CTAATGGCACATCTTT	ES	0.0074806433094036	0.9090909090909092	0.6475672215108835	149	3124.0
mouse2	default_TCGCGTTTCTTGCATT	RS	-0.006940952227404	1.0	0.614169459071326	299	4178.0
mouse2	default_CACAGGCGTTATCGGT	ES	-0.0022928015726815	1.0	0.7204116638078902	107	2332.0
mouse2	default_CTGTTTACACCAACCG	RS	-0.0045144111714532	0.9545454545454546	0.6392585551330798	301	4208.0
mouse2	default_GGGAATGTCCCAAGAT	RS	-0.0100079983692729	1.0	0.6363636363636364	431	6787.0
mouse2	default_CAACCAACATGAACCT	RS	-0.0101256348179463	0.9821428571428572	0.6251621271076524	360	5397.0
mouse2	default_TCTGAGAGTGCCTGTG	RS	-0.008398374990534	1.0	0.684969495285635	105	1803.0
mouse2	default_CTAAGACGTATCACCA	RS	-0.0028712451890543	1.0	0.6304815488995532	391	6043.0
mouse2	default_TTATGCTCACACTGCG	RS	-0.0077749942202997	1.0	0.6134157105030892	386	5665.0
mouse2	default_CAACCTCTCAACACCA	RS	0.0024034999554753	1.0	0.6024774774774775	365	5328.0
mouse2	default_GAACCTAAGCGTGTCC	RS	0.000752825498571	1.0	0.6313993174061433	343	4688.0
mouse2	default_GTGCGGTTCCTTGCCA	RS	0.0027533972149672	0.9821371610845296	0.6278252134605726	476	7964.0
mouse2	default_GTAACGTAGCTAACAA	RS	-0.0103164971556865	0.9791666666666669	0.6403733955659276	300	4285.0
mouse2	default_CTGTTTACAATGGTCT	RS	-0.0225889550890564	0.9	0.6038685744568097	255	3774.0
mouse2	default_ACGAGGATCTTGACGA	RS	0.0061994696283689	1.0	0.6584041975755383	373	5527.0
mouse2	default_GACGTTAGTCAAGCGA	RS	0.0044614195292387	1.0	0.6302220100262592	286	4189.0
mouse2	default_CTCAGAAGTACAGCAG	RS	-0.0048590849433899	0.9714285714285714	0.6379690949227373	360	5436.0
mouse2	default_TCTTTCCAGTGGACGT	RS	-0.0017501661241878	1.0	0.6416107382550336	270	3725.0
mouse2	default_TTATGCTTCAGCTTAG	ES	-0.0226685981386068	1.0	0.6841269841269841	88	1890.0
mouse2	default_CGAATGTAGCGTGAGT	RS	0.0111260099687502	1.0	0.6449715021143593	377	5439.0
mouse2	default_CAGCCGACATCACGAT	ES	-0.0156823345557394	1.0	0.6768726079825041	94	1829.0
mouse2	default_CTCGAAAAGGGAAACA	SPC	0.0128507626566214	0.968679932735426	0.6508721404118893	672	18403.0
mouse2	default_ACACCCTGTCTGCGGT	SPC	0.006308681897694	1.0	0.6625713977799332	483	9279.0
mouse2	default_CGAGCACCAAGTTAAG	RS	-0.0020807537196233	0.9841269841269842	0.6214458279130273	362	5381.0
mouse2	default_AGGCCACAGATGCCAG	RS	-0.0050767027475609	1.0	0.6404186394218789	292	4013.0
mouse2	default_CCTACACGTCCAGTTA	SPC	-0.006933784310061	0.92	0.6196222938737909	531	10855.0
mouse2	default_CGATTGATCCTTTACA	SPC	0.0045790131054819	0.9615242323344432	0.6504318618042226	714	20840.0
mouse2	default_TTCTTAGTCACGCATA	ES	-0.0060331414285485	1.0	0.6699862637362637	134	2912.0
mouse2	default_CCCAATCCACCAGGCT	SPC	-0.0002916307061668	0.9375	0.6319356204997882	542	11805.0
mouse2	default_CTGGTCTCATAGAAAC	SPC	0.0360393112112044	1.0	0.7180955040491482	416	7162.0
mouse2	default_TTAGTTCGTAGCGATG	RS	0.0038156605408148	1.0	0.6327408256880734	246	3488.0
mouse2	default_GCATGATAGCTAACAA	SPC	0.005546534516796	0.9375	0.6442488378993175	504	10111.0
mouse2	default_AGGTCCGCATGATCCA	RS	0.0001637923845509	0.9622507122507122	0.6314756671899528	334	5096.0
mouse2	default_TGCTACCCATAGACTC	SPC	0.0010973953096591	0.9411764705882352	0.632369132218997	519	9991.0
mouse2	default_AGTGTCATCCTACAGA	SPC	0.0123384256628949	1.0	0.6727612715562019	318	4813.0
mouse2	default_AGCTCCTTCATAACCG	SPC	0.0019085995864719	0.8452380952380952	0.6058859223300971	222	3296.0
mouse2	default_ACATGGTAGGAGTAGA	SPC	0.0080833237653087	1.0	0.6379647749510763	449	8176.0
mouse2	default_ACCCACTTCTCAACTT	SPC	-0.0325591572460278	1.0	0.7150997150997151	106	1755.0
mouse2	default_CCACGGAAGCCAGTAG	SPC	-0.0056635816991283	0.9226190476190476	0.6291631343102821	446	8257.0
mouse2	default_TCTGGAACAAGCTGGA	RS	0.0009967241464265	1.0	0.6404273877017008	330	4586.0
mouse2	default_ACAGCTAAGGCCCTCA	ES	-0.0227338874558139	0.9344086021505376	0.6680497925311203	320	7471.0
mouse2	default_GCAGCCAGTAATCACC	RS	-0.0055570992524871	0.9146634615384616	0.6276901004304161	308	4182.0
mouse2	default_CACACAAAGACAATAC	SPC	0.0071582973864007	0.8888888888888888	0.6126561870213624	317	4962.0
mouse2	default_GACTAACGTAGCCTCG	RS	-0.0003244361139165	0.8660714285714286	0.6535626535626535	106	1628.0
mouse2	default_TATGCCCTCGGTCTAA	SPC	0.009089599425046	1.0	0.7170263788968825	103	1668.0
mouse2	default_CACACCTGTTTGACAC	SPC	0.0144299087448195	0.9607843137254902	0.6493273542600897	765	26760.0
mouse2	default_ACGATGTAGCCTTGAT	ES	-0.002760654249973	1.0	0.680791941646405	123	2879.0
mouse2	default_CCCATACAGTGAACGC	RS	-0.0080236496135296	0.903125	0.6057529610829103	262	3546.0
mouse2	default_TCCCGATGTCAAGCGA	RS	-0.0033216776248167	1.0	0.6492450638792102	106	1722.0
mouse2	default_CATCGAAAGCGTAGTG	ES	0.004832489741014	1.0	0.7360163710777626	67	1466.0
mouse2	default_GACGTGCTCAGTGTTG	ES	0.0028650184326007	1.0	0.7419566644780039	69	1523.0
mouse2	default_CGTAGCGAGGAATGGA	ES	-0.0031829230081	0.9848484848484848	0.7290836653386454	188	5773.0
mouse2	default_ACTATCTTCCGAATGT	RS	-0.0088037469780375	1.0	0.6232839099395936	263	3642.0
mouse2	default_TCAATCTTCACAATGC	RS	-0.0112580332695864	0.95	0.6293228411679437	337	4829.0
mouse2	default_CTCTAATCAGTAAGCG	SPC	-0.0055966329955306	0.8690476190476191	0.6116071428571429	339	5600.0
mouse2	default_CAGGTGCTCGCACTCT	SPC	0.0066851064177349	1.0	0.6437973673713602	431	7521.0
mouse2	default_TACTTGTCATGAGCGA	RS	-0.0049224678242371	1.0	0.625086625086625	208	2886.0
mouse2	default_CGATCGGCATAGGATA	RS	0.0096525493944945	1.0	0.650709805216243	397	6058.0
mouse2	default_CGTTGGGAGCAGGCTA	RS	0.0080484774345833	1.0	0.6502633945779263	489	7783.0
mouse2	default_GACCAATGTTGCCTCT	RS	-0.0022915124199883	0.9230769230769232	0.6084381939304219	256	4053.0
mouse2	default_AAGGTTCGTTTGCATG	ES	0.0004520937803197	1.0	0.6706067769897557	122	2538.0
mouse2	default_ACTGCTCAGCACCGCT	RS	-0.0056194458134859	1.0	0.6221255438160348	104	1609.0
mouse2	default_CTGATAGCAGGCTCAC	ES	-0.0192191702223281	0.9814814814814814	0.6513903192584964	270	5826.0
mouse2	default_AGTGAGGAGATCCGAG	SPC	0.016185569150913	1.0	0.6656500190621426	423	7869.0
mouse2	default_TACAGTGAGATCCCGC	ES	-0.0067166032197866	1.0	0.6697490092470277	140	3028.0
mouse2	default_ATAAGAGCATGGTTGT	ES	0.0069739479209317	1.0	0.6626506024096386	106	1992.0
mouse2	default_GTCGGGTGTCGTTGTA	ES	-0.008344691940421	1.0	0.6695302013422819	195	3725.0
mouse2	default_GTAGGCCGTGAAATCA	ES	0.0156178199866217	1.0	0.7505854800936768	51	1708.0
mouse2	default_GAGGTGAGTTGGTTTG	ES	-0.0057796198153197	1.0	0.6643972767320785	114	2497.0
mouse2	default_GAATAAGCACGCGAAA	ES	-0.0090790205221869	1.0	0.7132094424912104	90	1991.0
mouse2	default_ATTATCCGTACCTACA	RS	-0.0105745562385658	0.9090909090909092	0.6514021095960896	233	3887.0
mouse2	default_CAGAGAGAGAACAACT	ES	-0.0234486209118663	1.0	0.6368515205724508	163	3354.0
mouse2	default_TTATGCTTCTTGTACT	ES	0.0013275530877552	1.0	0.6630327056491576	89	2018.0
mouse2	default_GGGACCTTCTGATACG	ES	-0.0212809914333733	1.0	0.6972693032015066	97	2124.0
mouse2	default_CCATTCGAGAGTACCG	ES	-0.0082890320012169	1.0	0.6908442330558858	100	2523.0
mouse2	default_CAACCAAGTTGGGACA	ES	-0.0048848927471021	1.0	0.7225358228397742	96	2303.0
mouse2	default_TTTGTCATCTTTCCTC	ES	-0.0129120670533533	0.9333333333333332	0.6818003913894325	115	2555.0
mouse2	default_TATCAGGCACCCAGTG	RS	0.0001603110634238	0.9302884615384616	0.6244533181213159	354	5259.0
mouse2	default_GCGACCATCCGCAGTG	ES	0.0036648577525515	1.0	0.7104202648244099	65	1737.0
mouse2	default_GATGCTACAGGGAGAG	ES	0.002351827505967	1.0	0.7201238390092879	132	3230.0
mouse2	default_CACCTTGTCTTTACAC	RS	-0.0066420779862944	1.0	0.6109960459423838	359	5311.0
mouse2	default_CAGAGAGTCTTACCGC	RS	0.0095058980010662	1.0	0.6479014827846192	275	3979.0
mouse2	default_AAAGTAGTCTGCTTGC	ES	0.0026385171210824	1.0	0.669747381392483	75	1623.0
mouse2	default_CTAGCCTTCTATCCCG	ES	-0.0034186802587181	1.0	0.6731988472622479	82	1735.0
mouse2	default_GCTCCTAGTAGCGCTC	ES	-0.0367392576903322	0.9717602217602216	0.7014553014553014	96	2405.0
mouse2	default_CGATGGCCAGCTGCAC	RS	-0.0146310507361003	1.0	0.6459854014598541	200	3288.0
mouse2	default_AACTCAGAGTTAGGTA	ES	0.0021993292947705	1.0	0.7442176870748299	66	1470.0
mouse2	default_ATGGGAGGTGGGTCAA	ES	0.0093120063437021	1.0	0.6739846322722283	111	2733.0
mouse2	default_ATTACTCCATTAGGCT	ES	-0.006093172137375	1.0	0.6972568578553616	98	2005.0
mouse2	default_CGTCTACCACTCAGGC	ES	-0.009972845373065	1.0	0.7077105575326216	161	4215.0
mouse2	default_TACCTATAGCTAACTC	RS	0.0030989911346892	1.0	0.632165391327695	486	7449.0
mouse2	default_GAGTCCGTCAACTCTT	RS	-0.0045534365159286	1.0	0.6513745994265475	400	5929.0
mouse2	default_GCGAGAAAGTAAGTAC	ES	-0.0084226622977971	1.0	0.6981197771587744	135	2872.0
mouse2	default_TTCTACAAGTGCTGCC	ES	-0.0290168184595416	0.9912280701754386	0.6684636118598383	72	1484.0
mouse2	default_CGACTTCTCGGTGTTA	ES	-0.0153601737968709	0.9629629629629628	0.6644245142002989	177	4014.0
mouse2	default_CTAGTGACAGTATCTG	RS	-0.013260243902882	0.95	0.6288372093023256	313	5375.0
mouse2	default_GTGCATAAGAGGGCTT	RS	0.0065513594514909	1.0	0.6442412366644894	314	4593.0
mouse2	default_ACCGTAACACGGTAGA	RS	-0.0060744901760118	0.9230769230769232	0.6049554013875124	341	5045.0
mouse2	default_TAGACCATCGAACGGA	RS	0.0061342838889606	1.0	0.629545021892252	357	5253.0
mouse2	default_ATCATCTGTAGCCTAT	RS	-0.0031278333245511	1.0	0.6240723562152134	307	4312.0
mouse2	default_TTCTCAAGTGCGAAAC	ES	-0.0335204590017798	0.96	0.6416666666666667	161	3360.0
mouse2	default_CTACACCCAGCGTAAG	ES	0.0095119120643514	1.0	0.6739880765610292	126	3187.0
mouse2	default_TCAGCAAGTATGCTTG	ES	-0.0103532536115323	1.0	0.6622507122507123	296	7020.0
mouse2	default_TATGCCCCAGTAGAGC	RS	0.002793966263172	1.0	0.6320161087339542	280	3973.0
mouse2	default_CAAGGCCGTATAGGTA	ES	-0.0194091474034625	1.0	0.7164591977869986	202	5784.0
mouse2	default_GTCAAGTCAGCTATTG	ES	-0.0075862578673571	1.0	0.6718521229868228	252	5464.0
mouse2	default_AGAATAGTCCATTCTA	ES	-0.0124615803133412	1.0	0.7024235200635678	100	2517.0
mouse2	default_AAACCTGTCGCGTAGC	ES	-0.0054787203923111	1.0	0.6787814003206841	85	1871.0
mouse2	default_TACTCATGTGACCAAG	RS	-0.002831855727834	1.0	0.6321413892314015	167	2433.0
mouse2	default_GCAGCCATCTTTAGGG	ES	-0.0052910168596171	1.0	0.74748322147651	106	3576.0
mouse2	default_GTACGTAGTGCAACTT	ES	-0.0096029153765789	0.8990384615384616	0.6412487205731832	110	1954.0
mouse2	default_CAGCATAGTAGCACGA	ES	-0.0056457299831503	1.0	0.6730795657551188	284	7277.0
mouse2	default_CTGTGCTCACGACTCG	ES	-0.008139048730174	1.0	0.6907701352145796	74	1701.0
mouse2	default_TACGGTAGTACAGTGG	SPC	-0.0034053675211674	1.0	0.6508738681827754	306	4749.0
mouse2	default_TCAGCTCGTCGACTAT	ES	-0.0089806543510518	1.0	0.7018970189701897	98	2214.0
mouse2	default_GAATGAATCTCCAGGG	RS	0.0024862428471749	0.9736842105263156	0.6255451713395639	86	1605.0
mouse2	default_CCACCTACAGTAGAGC	SPC	-0.0052789909891436	1.0	0.631393986723936	175	2561.0
mouse2	default_CTTCTCTAGCTAGCCC	RS	-0.0057519997972169	0.96875	0.6210927573062262	269	3935.0
mouse2	default_AGCTCCTTCAACTCTT	ES	-0.0169014830503588	1.0	0.6705720192970366	126	2902.0
mouse2	default_CAGCATAGTATCGCAT	RS	-0.0024136343597947	1.0	0.6246208291203236	497	7912.0
mouse2	default_TTAGGCACATGTAGTC	ES	0.014090207467474	1.0	0.6906574394463668	124	2890.0
mouse2	default_CCTCTGAAGAGTACCG	ES	-0.0151418190896399	1.0	0.6826739427012278	194	3665.0
mouse2	default_GCATGCGTCACGGTTA	ES	-0.0064809311828807	1.0	0.6644811858608894	158	3508.0
mouse2	default_CCAATCCGTCTTGATG	ES	-0.0081325510526881	1.0	0.7345309381237525	94	2004.0
mouse2	default_GGCCGATTCGGCTTGG	RS	0.0057692294848091	1.0	0.6463076068850638	120	1801.0
mouse2	default_AATCCAGCAAGAAGAG	ES	-0.0001033606576459	1.0	0.6742616033755274	177	3555.0
mouse2	default_TTTGCGCAGATGCCTT	ES	-0.0124137133632347	1.0	0.6835566382460414	190	4105.0
mouse2	default_CAAGTTGCACATGGGA	ES	-0.0145929989425301	0.8944444444444444	0.670219064535228	90	1689.0
mouse2	default_AATCCAGAGATGTGGC	ES	-0.007356635553136	1.0	0.6454767726161369	82	1636.0
mouse2	default_CGGACGTGTGTGACCC	RS	-0.0027415164089685	1.0	0.638706951193746	328	4733.0
mouse2	default_GACGGCTAGTCTTGCA	ES	-0.0153756363391118	1.0	0.7295	77	2000.0
mouse2	default_TGTCCCAGTACGACCC	RS	-0.0011792646784342	1.0	0.6430645521554612	299	4477.0
mouse2	default_TTCGAAGTCTAACGGT	ES	-0.0044336947411401	1.0	0.6957708049113234	65	1466.0
mouse2	default_ATAACGCAGCGAGAAA	ES	-0.0116147776425238	1.0	0.6820652173913043	104	2208.0
mouse2	default_CAGAATCGTAAACCTC	ES	0.0006243557803285	1.0	0.6656394453004623	137	2596.0
mouse2	default_GCTGCAGGTCAAGCGA	ES	-0.0063860588735457	0.9375	0.6682068862721717	299	6709.0
mouse2	default_TGTCCCACATCGGAAG	RS	0.0014546869191571	1.0	0.6295540658700087	233	3431.0
mouse2	default_ATCTACTGTAATAGCA	ES	0.0063811415471546	1.0	0.6802721088435374	130	2793.0
mouse2	default_ATCGAGTGTCGTCTTC	RS	-0.0010595983235898	1.0	0.6413512218495449	304	4174.0
mouse2	default_CCCTCCTGTCTGCAAT	SPC	-0.0017442906909146	0.9166666666666666	0.6058628191915721	475	8733.0
mouse2	default_AGACGTTCAGATCCAT	ES	-0.0120706325638875	1.0	0.7040816326530612	86	1960.0
mouse2	default_ATTTCTGAGTGCGTGA	RS	-0.001365763251859	1.0	0.606829573934837	220	3192.0
mouse2	default_ACGGGTCCAGGATTGG	RS	0.0054171785575475	1.0	0.6518650088809946	346	5067.0
mouse2	default_CGACCTTTCAGGTTCA	ES	-0.0168457264443585	1.0	0.6580381471389646	125	2936.0
mouse2	default_ATTTCTGAGTGATCGG	ES	-0.0021469702587355	1.0	0.72002772002772	65	1443.0
mouse2	default_TATGCCCCACCTCGTT	ES	-0.0079106578014141	0.96875	0.6537043245055314	132	2983.0
mouse2	default_ACGCAGCAGCCACGTC	ES	-0.0125402838911379	1.0	0.7151378033730975	169	4862.0
mouse2	default_CAAGATCCAAGCCATT	ES	-0.0121655724634836	1.0	0.6761487964989059	127	3199.0
mouse2	default_ATGAGGGTCTGGGCCA	ES	-0.0008181403112012	1.0	0.6867640131888837	105	2123.0
mouse2	default_ACAGCCGTCACAACGT	RS	-0.0002055110705655	1.0	0.6369884910485933	405	6256.0
mouse2	default_TGGCCAGGTGCCTGCA	RS	-0.0002643168197439	1.0	0.6446000424358158	332	4713.0
mouse2	default_GGGCATCCATGGAATA	SPC	-0.0013996722539386	1.0	0.6381876162636194	433	7526.0
mouse2	default_CGTCCATGTAAATACG	ES	-0.0032050907807586	1.0	0.6847545219638242	148	3096.0
mouse2	default_TCATTTGAGTTAGCGG	ES	0.0077248037632337	1.0	0.6700150678051231	89	1991.0
mouse2	default_TAAGAGACAATGAAAC	ES	-0.0106885516011356	1.0	0.7332734620565784	74	2227.0
mouse2	default_GGCGTGTCAGTTTACG	RS	-0.0060628003575953	0.9658564814814814	0.6450116009280742	358	5172.0
mouse2	default_ATCACGATCCTCTAGC	ES	-0.0148654325566801	1.0	0.6724452554744526	151	3288.0
mouse2	default_TGTGTTTTCCGTTGTC	ES	-0.0066732859886907	1.0	0.6719088937093276	143	3688.0
mouse2	default_GGAGCAAGTGTCAATC	ES	0.0019753514501538	1.0	0.6618390804597701	187	4350.0
mouse2	default_GTGCAGCTCGACCAGC	ES	0.0073855286744392	1.0	0.7160633484162896	80	1768.0
mouse2	default_CACAGGCTCTCGAGTA	ES	0.0108463929679511	1.0	0.7519774011299435	138	3540.0
mouse2	default_CCATTCGCACAACTGT	RS	-0.0063790287198626	0.9090909090909092	0.6068528743098408	401	6158.0
mouse2	default_CATGGCGAGAAACCTA	RS	0.0081544965309345	1.0	0.640357317670093	506	8172.0
mouse2	default_TCACGAAAGGAATTAC	ES	0.0047607143276312	1.0	0.671976401179941	179	3390.0
mouse2	default_CCAATCCGTTGCTCCT	ES	-0.0274639098053027	0.9	0.6509327303561334	147	3538.0
mouse2	default_ATTCTACGTCTAAACC	SPC	-0.0024231941137934	0.949874686716792	0.6274815103152978	426	7707.0
mouse2	default_CTCGAGGCAGTCGTGC	RS	0.0029890722960138	1.0	0.644752534287418	410	6708.0
mouse2	default_GCTGGGTTCGGCTACG	RS	-0.0035730940510747	1.0	0.6212455062043373	504	8623.0
mouse2	default_GCTGCGAGTCCATGAT	ES	-0.0059192528848671	1.0	0.6800356506238859	100	2244.0
mouse2	default_CACACTCCAGTCTTCC	RS	0.0063521298984804	0.9285714285714286	0.6254089422028354	249	3668.0
mouse2	default_TCAGGATGTAGAGGAA	RS	-0.0027837114077124	0.96875	0.6299146729128325	385	5977.0
mouse2	default_AAAGCAACAAGCTGAG	ES	-0.0163108190731945	0.9354166666666668	0.6710821733273462	180	4454.0
mouse2	default_TATTACCAGAAACCTA	RS	0.0033193397913262	1.0	0.631780570027582	412	6526.0
mouse2	default_ATGGGAGAGTCTCCTC	RS	0.0109525458947333	1.0	0.6343723673125526	255	3561.0
mouse2	default_CGATTGACAGGCTGAA	ES	-0.0074610405625896	1.0	0.7233468286099866	67	1482.0
mouse2	default_CATATTCCAGTAAGAT	RS	0.0020322129056364	0.9622641509433962	0.63681740296506	639	13423.0
mouse2	default_AGCGTATCAACTTGAC	ES	-0.0003178193021343	0.9545454545454546	0.6644887291734727	309	6122.0
mouse2	default_TGGTTCCCACGGCCAT	ES	0.0015461163986578	1.0	0.7198630136986301	76	1460.0
mouse2	default_TCAACGATCGGCTTGG	ES	-0.0069516989264013	1.0	0.6872146118721462	116	2190.0
mouse2	default_CTACGTCCAGCGTTCG	ES	-0.0074013665467637	1.0	0.6832151300236406	111	2538.0
mouse2	default_TGAGCCGGTACTTCTT	RS	-0.0041681356607441	1.0	0.6390897865584759	395	5669.0
mouse2	default_TTTCCTCGTGACCAAG	ES	-0.0240648087405694	0.9758064516129032	0.6961577350859454	94	1978.0
mouse2	default_TGCGTGGAGAGGTTAT	RS	0.005624794865972	1.0	0.6359631557869443	330	4994.0
mouse2	default_CAACCTCTCTGGCGAC	ES	-0.0222662642266061	0.8333333333333334	0.6385420182247722	153	2963.0
mouse2	default_TCTGGAAAGAATCTCC	ES	-0.0108223231025255	1.0	0.6208637128435222	77	1783.0
mouse2	default_CGATCGGAGTGCTGCC	RS	0.0061817320701748	1.0	0.6337209302325582	245	3440.0
mouse2	default_ACGGCCATCCAAACAC	ES	-0.0055164435324855	1.0	0.6896713615023474	99	2130.0
mouse2	default_CATGCCTGTGTTGGGA	RS	0.0069265902299311	1.0	0.6427255985267035	347	4887.0
mouse2	default_TAGACCACACAGAGGT	ES	-0.009340597326892	1.0	0.6608072916666666	165	3072.0
mouse2	default_GACTAACCAGGATCGA	SPC	0.0329697875485743	1.0	0.7336244541484717	157	2519.0
mouse2	default_CAGCCGAAGATCGATA	ES	-0.0041453364933346	1.0	0.68561872909699	167	2990.0
mouse2	default_CTGGTCTCATTGGGCC	ES	-0.0149029375272525	0.9166666666666666	0.651824573150318	127	2987.0
mouse2	default_GTTCATTGTTCGGGCT	RS	0.0023072889450403	1.0	0.6254288982081586	343	5246.0
mouse2	default_CTACGTCAGCTGCCCA	ES	-0.0076582882062	1.0	0.7098445595854922	74	1544.0
mouse2	default_GAACGGACACTTGGAT	ES	-0.0056282163827887	1.0	0.6631696428571429	224	4480.0
mouse2	default_TAGCCGGAGATAGTCA	SPC	0.0019501958729666	0.9482758620689656	0.6366077215072679	533	10801.0
mouse2	default_GGACAGACAAGGACAC	ES	-0.0255340268081574	1.0	0.7358708189158016	67	1734.0
mouse2	default_TGTGGTATCATGTGGT	ES	-0.0029740538392205	1.0	0.6655701754385965	118	2736.0
mouse2	default_GAATAAGCAATCGGTT	ES	-0.0057114001708703	1.0	0.6705463950856774	133	3093.0
mouse2	default_CAGCTGGCAAGGACTG	RS	-0.013604432998531	1.0	0.6528343831048536	308	5398.0
mouse2	default_ACACCGGCATGTCCTC	RS	-0.0055767340582138	1.0	0.6320136021374787	276	4117.0
mouse2	default_TATCAGGCAGTATCTG	ES	0.0006948726084917	0.9705882352941176	0.6947302775179295	279	6414.0
mouse2	default_CTCTAATTCCCGGATG	ES	-0.0101622766915641	1.0	0.6513761467889908	149	2834.0
mouse2	default_ACGATGTTCCGCTGTT	ES	-0.0008114426845224	1.0	0.7071388420460933	88	1779.0
mouse2	default_CAAGTTGGTTGTGGCC	ES	-0.0092920669979467	1.0	0.663477537437604	230	4808.0
mouse2	default_CCTATTAAGACTAAGT	RS	-0.0042931051391438	1.0	0.632404181184669	362	5166.0
mouse2	default_GGATGTTAGGTCGGAT	RS	0.0043445252682072	1.0	0.635549072723484	311	4799.0
mouse2	default_GATCGCGTCGGTGTTA	RS	-0.0017159937607265	1.0	0.6439393939393939	117	1848.0
mouse2	default_TTTGTCAGTCCAGTTA	ES	-0.006979923962939	1.0	0.6653248993674525	76	1739.0
mouse2	default_AGAGCGATCTCTAAGG	ES	0.0059165966547444	1.0	0.6889143511887711	150	3491.0
mouse2	default_GGGTCTGTCAGCAACT	ES	-0.0087298462012312	1.0	0.6847098214285714	77	1792.0
mouse2	default_TGTCCCACACTATCTT	RS	0.0031227645752777	1.0	0.6453317674691721	121	1703.0
mouse2	default_TCCCGATAGTAGTGCG	RS	0.0120035761783566	1.0	0.6472831267874166	416	6294.0
mouse2	default_TACGGATTCACCCGAG	SPC	0.0076803603045058	0.95	0.6383073995298332	678	17866.0
mouse2	default_GTATTCTTCTAACTCT	SPC	-0.0074022541597888	0.9375	0.6270360395023727	447	7797.0
mouse2	default_CAAGAAAAGGTAGCCA	RS	-0.0073108465765671	1.0	0.627787610619469	374	5650.0
mouse2	default_GTTCGGGCAGTCACTA	SPC	0.0011313650561137	0.9955357142857144	0.6244939271255061	490	8892.0
mouse2	default_TTAGGCACATGGGAAC	RS	-0.0064789726505697	0.9411764705882352	0.6281483531691116	469	7226.0
mouse2	default_CTAGAGTGTATAATGG	SPC	0.0076227942334407	1.0	0.6414213926776741	460	8358.0
mouse2	default_AAAGATGCACAGCGTC	RS	0.0007270161241429	1.0	0.6328155339805825	344	5150.0
mouse2	default_CTACGTCCATTACCTT	RS	-0.0028520345355532	0.9	0.6050221565731166	243	3385.0
mouse2	default_TCATTTGGTTCGAATC	RS	-0.0140724714812328	0.9247737556561086	0.6353445433564128	302	6066.0
mouse2	default_ACCAGTAAGAATGTTG	RS	-0.0025787814242205	1.0	0.6415467118261361	255	3543.0
mouse2	default_AATCGGTTCTGTACGA	SPC	0.0137307521825237	0.9761904761904762	0.6517560719902149	549	11446.0
mouse2	default_ATGCGATTCTCTGCTG	RS	0.0068401586345817	1.0	0.6411750424860403	291	4119.0
mouse2	default_AACTGGTCATCACGAT	RS	-0.0006805569854474	1.0	0.628177966101695	324	4720.0
mouse2	default_TGCTACCGTGACTCAT	SPC	-0.0076647865998234	0.9333333333333332	0.6207080117114719	259	3757.0
mouse2	default_TTTATGCAGTCATCCA	RS	-0.0109290992039312	1.0	0.6245291902071564	296	4248.0
mouse2	default_TACCTTATCTTTACGT	RS	-0.0030542803821536	0.9230769230769232	0.5932741116751269	321	4728.0
mouse2	default_CTGTTTACATGGTCAT	RS	-0.0048485451861872	0.9354166666666668	0.6109721788058768	390	6398.0
mouse2	default_GTAGTCATCCAGAAGG	RS	-0.0035469864145961	1.0	0.6401154401154401	227	3465.0
mouse2	default_GATCTAGTCTGCAGTA	RS	-0.0043190003650352	1.0	0.6342138900724329	316	4694.0
mouse2	default_CTAACTTTCTCACATT	RS	-0.0068187735766483	1.0	0.6216878200846137	321	4491.0
mouse2	default_TGACAACAGCGTGTCC	RS	0.0012986594634815	1.0	0.6347356452529846	248	3518.0
mouse2	default_AGCTCCTGTGCCTGGT	RS	-0.0063681012812945	0.8982758620689655	0.6387814313346228	296	4136.0
mouse2	default_CGTTAGATCACCAGGC	RS	0.0046481084424329	1.0	0.6419267633325141	289	4069.0
mouse2	default_GAGGTGATCCTGTAGA	RS	-0.0121718247354	0.9230769230769232	0.6137672811059908	245	3472.0
mouse2	default_GACGTTACAGCTGTGC	ES	-0.0194825859487614	1.0	0.6817757009345794	117	2140.0
mouse2	default_CGGACACCATCTCCCA	RS	0.0209171613171829	1.0	0.6738351254480287	87	1674.0
mouse2	default_TGAGCATTCTGTACGA	ES	-0.0008421780880781	1.0	0.7291974396848843	99	2031.0
mouse2	default_GTACGTATCATGTCCC	ES	-0.0188421123983398	0.9142857142857144	0.6656832298136646	293	6440.0
mouse2	default_CGAGAAGAGAGCTGCA	RS	0.0028798624602391	1.0	0.6471161883533018	445	7178.0
mouse2	default_TTGAACGTCACCGTAA	ES	-0.0086107349488583	0.8333333333333334	0.6674375578168362	98	2162.0
mouse2	default_CACCTTGCAGGTGCCT	RS	-0.0125675678566428	0.9282051282051282	0.6213073538654934	220	3182.0
mouse2	default_CCTAAAGGTTGGGACA	RS	0.0034560561000136	1.0	0.6143011917659805	208	2769.0
mouse2	default_CTGCTGTAGTCATCCA	RS	-0.0037337136556808	1.0	0.6144320076208621	283	4199.0
mouse2	default_GTAGGCCTCGTCACGG	RS	-0.0009189344222312	1.0	0.6339471577261809	421	6245.0
mouse2	default_GAACCTAAGCGATCCC	ES	0.002202173880222	1.0	0.6760398359695372	79	1707.0
mouse2	default_GGGATGACAAGGTTTC	ES	0.000810798846517	1.0	0.6940203562340967	82	1572.0
mouse2	default_GAACATCGTACATGTC	ES	-0.0101394944110684	1.0	0.6886669561441597	105	2303.0
mouse2	default_TGATTTCAGGCACATG	ES	-0.0102167854221218	0.9782608695652174	0.6950633464394932	106	2289.0
mouse2	default_AAAGCAACAGCCTTGG	ES	-0.0085484897533867	0.9411764705882352	0.6348398683029033	166	3341.0
mouse2	default_TGACTTTTCCGTTGTC	RS	-0.0065230143427864	1.0	0.6377000372162263	360	5374.0
mouse2	default_CACTCCAGTCCAAGTT	ES	-0.003339859906806	1.0	0.6791767554479419	75	1652.0
mouse2	default_GTTACAGGTACTTCTT	ES	-0.0153050477362532	1.0	0.6635307138904262	194	3614.0
mouse2	default_AGCTCCTGTACAGTGG	ES	0.003567375990505	1.0	0.6886374815543532	166	4066.0
mouse2	default_TTCGAAGCATACTACG	ES	-0.0200444971679076	1.0	0.7369027058146229	85	1737.0
mouse2	default_GCTGCGATCCACGACG	ES	-0.018071333569336	1.0	0.6635514018691588	138	3103.0
mouse2	default_CGGACGTCAGGAACGT	RS	-0.0008061195241314	1.0	0.6312873919787281	318	4513.0
mouse2	default_GGCCGATCATGTCCTC	RS	0.0008411359291678	1.0	0.6671741778319124	228	3284.0
mouse2	default_TGAAAGAAGTCGTACT	ES	-0.0047119551645749	1.0	0.674755523361101	134	2761.0
mouse2	default_TACCTATCACAGGTTT	ES	0.0342031866750899	1.0	0.7664437012263099	76	1794.0
mouse2	default_GTTCGGGGTCGGCATC	RS	0.0116214935174037	1.0	0.6400948558920102	369	5482.0
mouse2	default_TGCCCTAAGACAGACC	ES	-0.0148352202578088	1.0	0.6752533783783784	122	2368.0
mouse2	default_CCTACCACATCTCCCA	ES	-0.0201357734625375	1.0	0.6724305893813931	166	4106.0
mouse2	default_CCTACCAGTGACCAAG	RS	0.0128194614376466	1.0	0.6313010081613059	142	2083.0
mouse2	default_GTGCAGCCAAGGGTCA	ES	-0.0129918260426345	1.0	0.7109893279492356	125	3467.0
mouse2	default_GCAGCCACACCCATGG	ES	-0.0110909066123896	1.0	0.6486982031536487	142	2727.0
mouse2	default_GTTAAGCCATTTCAGG	RS	-0.0012868290575186	1.0	0.6447144592952613	299	4115.0
mouse2	default_ATCATGGCAAGAGTCG	ES	-0.0001342452914557	1.0	0.68158940397351	158	3775.0
mouse2	default_CGTTAGACAAGAAAGG	RS	0.0111047834605412	1.0	0.6222473178994918	351	5313.0
mouse2	default_GGGCATCGTCTTGCGG	ES	-0.0076424477070817	1.0	0.6662728883638511	70	1693.0
mouse2	default_CGCTGGATCACCCGAG	RS	-0.0046001968927205	0.9502457002457004	0.6331230283911672	370	6340.0
mouse2	default_TGAAAGAGTCCGTCAG	ES	-0.0169372438842611	1.0	0.6391700404858299	99	1976.0
mouse2	default_CTCGGGATCTAGCACA	SPC	0.0012760871535743	1.0	0.6833802816901409	110	1775.0
mouse2	default_ACGGGCTCAAACTGCT	SPC	-0.0021545603281586	0.8923076923076922	0.6323086196503918	108	1659.0
mouse2	default_CCTACCAGTTTGCATG	ES	-0.0109371178463515	1.0	0.7170050761421319	106	2364.0
mouse2	default_CCTCTGATCCCAAGAT	ES	-0.0212957015588118	0.9460227272727272	0.6578828828828829	208	4440.0
mouse2	default_TCAGCTCCAGGTGGAT	ES	-0.0170399508979612	0.9166666666666666	0.6681195516811955	77	1606.0
mouse2	default_TGCCAAAAGAAGGTTT	ES	-0.0144098780023935	1.0	0.6488380671338989	135	2711.0
mouse2	default_TCGGGACCAGTCAGCC	ES	0.003818632764509	1.0	0.7195191757298226	80	1747.0
mouse2	default_CCGTACTTCGCCCTTA	ES	-0.0239253328268249	0.9166666666666666	0.6545570427023581	77	1569.0
mouse2	default_GCGGGTTTCGGCCGAT	RS	0.0044109637788135	1.0	0.6441821247892074	295	4151.0
mouse2	default_CCGTGGAAGTAATCCC	RS	0.0033126624886614	1.0	0.640872500649182	269	3851.0
mouse2	default_TGAGGGATCGTCCGTT	SPC	0.0060205143059475	1.0	0.666138237159163	220	3154.0
mouse2	default_CATCGAAGTTTGGCGC	ES	-0.0057252033111189	1.0	0.6669790690409247	166	3201.0
mouse2	default_CTCACACCATTGAGCT	ES	-0.0123580717735414	1.0	0.7311827956989247	79	1674.0
mouse2	default_ACTTTCACACTATCTT	ES	-0.0114529135205293	1.0	0.6996610169491525	83	1475.0
mouse2	default_AAGGTTCTCAGGCCCA	ES	-0.0118024167426098	1.0	0.6874610106051154	79	1603.0
mouse2	default_GCCTCTAAGCTAGCCC	RS	-0.0125094655726504	1.0	0.6501068376068376	94	1872.0
mouse2	default_CTGATCCAGGGTTCCC	ES	-0.0171535623452917	1.0	0.7066246056782335	65	1585.0
mouse2	default_CTCGTACCATCGACGC	ES	-0.0236810560870682	0.899749373433584	0.6454174228675136	182	4408.0
mouse2	default_ATTTCTGCAGATCGGA	ES	0.0045111361673274	1.0	0.6825543729754743	112	2161.0
mouse2	default_AACCGCGTCCGCGTTT	ES	0.0027420282584102	1.0	0.6500324044069994	74	1543.0
mouse2	default_ATTATCCTCACGCGGT	SPC	-0.0154790535936934	0.8888888888888888	0.600864553314121	387	6246.0
mouse2	default_AACACGTAGATGAGAG	ES	0.0014155685897329	1.0	0.7022437841115827	84	1649.0
mouse2	default_CCACTACCACCAACCG	RS	-0.0057843709729539	1.0	0.622638849732168	460	7094.0
mouse2	default_CTCAGAAAGCTAGGCA	RS	-0.0060582747513837	1.0	0.6100536847242557	141	2049.0
mouse2	default_CATCGGGTCTTTACAC	RS	0.002618388397393	0.9857142857142858	0.6487744337573689	210	3223.0
mouse2	default_CCGGTAGGTTAAAGAC	ES	-0.0304609168507024	1.0	0.6517678452301534	61	1499.0
mouse2	default_TCAGATGTCCAATGGT	ES	-0.0051258679047549	1.0	0.7289772727272728	83	1760.0
mouse2	default_ACACCAATCGTCTGAA	ES	-0.0107008676242748	1.0	0.6575971731448763	143	2830.0
mouse2	default_GTCAAGTTCACATGCA	RS	0.0048252567411031	0.9455882352941176	0.6424925563589962	314	4702.0
mouse2	default_TAGCCGGGTGTTCTTT	ES	-0.0093835483138675	1.0	0.667686318131257	159	3596.0
mouse2	default_ATTACTCGTAATCACC	ES	-0.0232703603786518	0.9090909090909092	0.6655251141552512	113	2628.0
mouse2	default_GTCTCGTGTCTAAAGA	ES	-0.0072453790663042	1.0	0.6745791972378075	94	2317.0
mouse2	default_TACGGTAAGCCCAACC	RS	0.0016289857621977	1.0	0.6208053691275168	316	4470.0
mouse2	default_GTACTCCCAGACGCCT	SPC	-0.0023586014344839	1.0	0.6327930174563591	106	1604.0
mouse2	default_GATCAGTGTTCGTGAT	ES	-0.006504576657687	1.0	0.6666666666666666	159	2991.0
mouse2	default_CTTCTCTGTACGACCC	ES	-0.0228539069033612	1.0	0.6486013986013986	147	2860.0
mouse2	default_AACGTTGAGCCGGTAA	SPC	0.0255641655250426	1.0	0.7273554847519345	144	2197.0
mouse2	default_CCTTCCCAGACTACAA	ES	-0.015348016626488	0.8944444444444444	0.6505305039787799	154	3016.0
mouse2	default_TCTGAGATCACCCTCA	SPC	-0.0005084731604646	1.0	0.642903434867142	489	9258.0
mouse2	default_GGCCGATTCATATCGG	SPC	0.0220942525891736	1.0	0.6708562450903378	260	3819.0
mouse2	default_CAGAATCTCCTGCCAT	ES	-0.0177661989513384	1.0	0.6566523605150214	115	2330.0
mouse2	default_AGCAGCCTCGTTTAGG	RS	0.0050688192375103	1.0	0.6469321851453176	327	4645.0
mouse2	default_AATCCAGAGCCAGAAC	ES	0.0009795058919768	1.0	0.6519507186858317	154	3896.0
mouse2	default_GTAGTCACAGAGCCAA	RS	0.0045094459119631	1.0	0.6368048268625394	477	7624.0
mouse2	default_CACACAAAGAAGATTC	RS	-0.0063426700131193	1.0	0.6132130954714762	347	5101.0
mouse2	default_CGTCAGGGTGGTACAG	ES	-0.0065667208211189	0.9615384615384616	0.6596244131455399	110	2130.0
mouse2	default_GCGACCACAGATGGCA	RS	0.0010012970623693	1.0	0.6394036208732694	320	4695.0
mouse2	default_CACACTCAGCGATTCT	RS	-0.012464532307878	0.9310344827586208	0.6371639305258149	285	4203.0
mouse2	default_ATAGACCTCGCAAGCC	RS	0.0011325846157429	1.0	0.634468524251806	325	4845.0
mouse2	default_AAGTCTGGTCATCGGC	SPC	0.0049074932537874	0.988095238095238	0.6512888593871003	485	9039.0
mouse2	default_ACTGTCCAGACACTAA	RS	0.0093082662779954	1.0	0.633065442020666	298	4355.0
mouse2	default_TATTACCTCGGAAATA	RS	0.0029607914297683	1.0	0.6268656716417911	198	2747.0
mouse2	default_GACGTGCAGCGATGAC	ES	-0.0126138792424988	1.0	0.6820361490225009	137	2711.0
mouse2	default_CATATGGTCCTTTCTC	ES	-0.009616787348802	1.0	0.6626275510204082	156	3136.0
mouse2	default_CTCACACCAAGTTCTG	RS	-0.0092395420311427	1.0	0.6225455820476858	388	5704.0
mouse2	default_CAGCTGGGTACGCACC	ES	-0.0190655004457583	1.0	0.6969901927629354	129	2957.0
mouse2	default_GGGATGAGTATCAGTC	ES	0.0112849822997296	1.0	0.6425189393939394	124	2112.0
mouse2	default_TGAGCCGTCACAACGT	RS	-0.0008502562175048	1.0	0.6359484586527483	397	6131.0
mouse2	default_AGAGCTTTCGCAAGCC	RS	0.0050258361767783	1.0	0.6452795600366636	370	5455.0
mouse2	default_GGTGCGTCAGTTCATG	ES	0.006194473867916	0.9540169133192388	0.7031534263189813	132	3298.0
mouse2	default_CGTCTACGTCAGATAA	RS	-0.0093657407340272	0.9298029556650248	0.6218057921635435	286	4109.0
mouse2	default_AAGGAGCGTCATATCG	ES	-0.0216562444735359	1.0	0.6756756756756757	64	1480.0
mouse2	default_CAGTAACGTCGCCATG	RS	-0.0080391044281386	0.9642857142857144	0.634487008318784	567	9737.0
mouse2	default_GAAATGATCGCTTGTC	ES	-0.010770452488387	1.0	0.6979232221522971	71	1589.0
mouse2	default_GAGCAGAAGCCAGAAC	SPC	-0.0097005361756355	1.0	0.6497936128611775	313	4603.0
mouse2	default_AGGTCATTCACATAGC	SPC	-8.738811520587798e-05	0.9622507122507122	0.6379506641366224	576	13175.0
mouse2	default_CTGAAACTCTGTCCGT	ES	-0.0127342800673892	1.0	0.6479365079365079	161	3150.0
mouse2	default_CACACAAGTCCGAAGA	RS	-0.0060528166844904	1.0	0.6340654786572731	331	4826.0
mouse2	default_TACTTACGTAGCTTGT	SPC	0.0094425050435412	0.9852941176470588	0.6363636363636364	448	8107.0
mouse2	default_GCAGCCACAGTGGGAT	ES	0.0014630184917083	1.0	0.6673316708229426	97	2005.0
mouse2	default_CTGCCTAAGAGTGAGA	RS	0.0111050012227527	1.0	0.6478448275862069	315	4640.0
mouse2	default_ACATGGTAGGAGTCTG	RS	-0.0017475264933377	1.0	0.6176867686768677	296	4444.0
mouse2	default_ATAGACCTCTGCGGCA	ES	-0.0101197304173929	1.0	0.6749550629119233	151	3338.0
mouse2	default_CGCGTTTGTTGTCGCG	RS	0.0104015603726138	1.0	0.6312106368089573	302	4287.0
mouse2	default_ACACCAACATTGTGCA	RS	-0.0055317793733867	1.0	0.6367869615832363	294	4295.0
mouse2	default_GTCACAAGTCCAGTTA	RS	-0.0101258278472731	0.9604037267080744	0.6232558139534884	216	3655.0
mouse2	default_CTACGTCCAGGATTGG	RS	0.0018112111068947	1.0	0.6281949934123847	259	3795.0
mouse2	default_GTTCATTCACTGTCGG	SPC	0.0058654160048156	0.9642857142857144	0.6444513715710724	635	16040.0
mouse2	default_CTGGTCTGTTCGTCTC	RS	-0.0038666767862362	0.9045454545454544	0.6305753070458953	216	3094.0
mouse2	default_CATCGAATCCTCATTA	SPC	0.0122949937614717	0.9853092452102352	0.6244354647016876	560	12621.0
mouse2	default_TTTATGCGTCACCTAA	RS	0.0024874152869883	1.0	0.654076462459696	304	4342.0
mouse2	default_CCCAGTTCAAGGGTCA	ES	-0.0196996521731505	1.0	0.6968716289104638	89	1854.0
mouse2	default_CCGGTAGGTTACGGAG	SPC	0.006165956157702	0.9444444444444444	0.6541293532338308	611	15075.0
mouse2	default_TAGTTGGGTGTGGTTT	SPC	0.0115056216825941	1.0	0.6482651590732734	478	9021.0
mouse2	default_TGGCGCAGTCCGTGAC	SPC	0.0078555443423675	0.9715544871794872	0.6538232373386296	490	10070.0
mouse2	default_CTACACCCACTATCTT	SPC	-0.0024829972986585	0.9451951951951952	0.6203339452749366	550	11439.0
mouse2	default_GATGCTAGTCTTGCGG	SPC	0.0047247373680046	1.0	0.63719165085389	446	7905.0
mouse2	default_AAATGCCGTGGCAAAC	SPC	0.0107861871245459	1.0	0.678721823135992	275	4037.0
mouse2	default_TGTATTCCAATGTTGC	SPC	0.0075122528362537	0.9615384615384616	0.6332396942575292	625	15307.0
mouse2	default_CGATGGCGTCGAATCT	RS	-0.0048221324683468	1.0	0.6468721668177697	302	4412.0
mouse2	default_GCAGCCACACAGGCCT	SPC	0.0012113603655712	1.0	0.6385987261146496	432	7850.0
mouse2	default_GATCAGTTCGACGGAA	SPC	0.0013103150061388	1.0	0.6538289296909987	300	4466.0
mouse2	default_TTTATGCTCCGCATCT	SPC	-0.0124194532852772	0.8888888888888888	0.6212361331220285	287	4417.0
mouse2	default_GCTGCTTCATCGGGTC	SPC	0.0024873592151724	0.875	0.630802839978154	124	1831.0
mouse2	default_GGGTTGCGTGATGTGG	SPC	0.0001299772164615	0.9857142857142858	0.6379071379071379	358	5772.0
mouse2	default_GTCACAAGTCTCGTTC	RS	0.0042086719190733	0.9444444444444444	0.6033884466217595	347	4899.0
mouse2	default_CTCTACGAGAGTCGGT	SPC	0.0136985038596133	0.984	0.6500643132771188	589	13994.0
mouse2	default_ACGAGGAGTAGGGACT	SPC	0.0107540582938891	1.0	0.6431174089068826	496	9880.0
mouse2	default_CTCTGGTCATGGTTGT	RS	-0.0127606211329706	1.0	0.6048298572996706	255	3644.0
mouse2	default_GATCGATCATTCCTCG	SPC	0.0009983017651328	0.9825057295645532	0.6292732855680655	484	9770.0
mouse2	default_TAAGCGTGTACCGAGA	RS	-0.001436055989341	1.0	0.6370725854829035	358	5001.0
mouse2	default_TTGAACGGTGTGACGA	SPC	0.001975395304234	1.0	0.6435925223516662	429	7382.0
mouse2	default_TACTCATCAACTTGAC	SPC	-0.0058435988216337	0.9	0.6066369359916055	425	7624.0
mouse2	default_CGTTCTGAGGGATGGG	RS	0.0024334497170839	1.0	0.6415584415584416	237	3465.0
mouse2	default_CTAATGGGTCTTGCGG	SPC	0.0003968026764717	0.9615384615384616	0.6289714593430263	415	7428.0
mouse2	default_CCCAATCGTACAAGTA	SPC	-0.0053817177013278	0.9444444444444444	0.6248486682808717	389	6608.0
mouse2	default_CTCTAATAGTCGTACT	SPC	0.0071605237861718	0.9285714285714286	0.6310612197662308	468	8641.0
mouse2	default_GAACCTAAGTCGATAA	SPC	-0.0010112582295243	0.9090909090909092	0.6224550898203592	405	6680.0
mouse2	default_CATGGCGCAAGACGTG	SPC	0.0142172711640585	0.9622507122507122	0.6508901858845456	686	20389.0
mouse2	default_TCATTTGTCACCGGGT	SPC	-0.0100959185738759	0.9166666666666666	0.6180367940306188	457	7773.0
mouse2	default_GTTACAGCAGCCAGAA	SPC	0.0001609957037746	0.9166666666666666	0.6229379418695994	432	7638.0
mouse2	default_CGATCGGCACTTAACG	SPC	0.0124017186380816	1.0	0.648406374501992	461	8032.0
mouse2	default_GGATTACTCAAGAAGT	SPC	0.00948681981776	1.0	0.6509648688767936	514	10105.0
mouse2	default_TTGCCGTCACAGCCCA	RS	0.016889387143182	0.9393382352941176	0.7263619286161553	78	1597.0
mouse2	default_CGTGTAAGTTAAGAAC	RS	-0.0015087056270451	1.0	0.6397849462365591	147	2046.0
mouse2	default_CCTCTGATCGAACTGT	SPC	0.0071435889687052	1.0	0.6560437058957432	301	4393.0
mouse2	default_GGTGCGTAGGACGAAA	RS	-0.0050723632929904	1.0	0.6442307692307693	235	3224.0
mouse2	default_ATCACGAAGTAACCCT	RS	5.896923420231224e-05	1.0	0.6258148631029987	222	3068.0
mouse2	default_GCTTCCACAATGTTGC	RS	-0.0028462234794013	1.0	0.6209463051568315	266	3762.0
mouse2	default_AGAATAGAGATGTCGG	SPC	0.001858669849447	0.9166666666666666	0.6204118173679498	285	4468.0
mouse2	default_CGTGTAAAGACCTTTG	RS	-0.0067500344754949	1.0	0.6518650088809946	147	2252.0
mouse2	default_GGCTCGAGTCGATTGT	SPC	-0.0095842613398371	1.0	0.6407603464870067	284	4156.0
mouse2	default_CTAGTGAGTTGGGACA	RS	-0.0010896079049324	1.0	0.6459770114942529	322	4785.0
mouse2	default_TGACAACCAGACAGGT	SPC	0.009813624108139	1.0	0.6526837324525185	382	6055.0
mouse2	default_ACGATGTGTTTGTGTG	RS	0.004172165458165	1.0	0.641695205479452	320	4672.0
mouse2	default_ACGCCAGGTCGGGTCT	SPC	-0.0037900473262311	1.0	0.6452862677572105	327	4646.0
mouse2	default_CAGATCAAGTCCCACG	ES	-0.0009441953977519	1.0	0.7139224411951685	76	1573.0
mouse2	default_GCGCGATCAGGACCCT	ES	-0.0098868256367043	1.0	0.6747860434496379	128	3038.0
mouse2	default_ATAACGCGTCGGCTCA	ES	-0.005553083266448	1.0	0.7062146892655368	70	1593.0
mouse2	default_CGTCTACTCCTGTAGA	SPC	-0.0023922365227909	1.0	0.6361722040243332	286	4274.0
mouse2	default_CCTTCGAGTACATGTC	RS	-0.0049740259374648	1.0	0.616846105129829	225	3158.0
mouse2	default_CCCAGTTGTTTGGGCC	SPC	-0.0023909624422321	0.9298029556650248	0.609577164199013	424	7497.0
mouse2	default_CTCAGAAGTCTCCCTA	RS	-0.0009546714029465	1.0	0.6580761162721007	230	3337.0
mouse2	default_ATTACTCAGCGAGAAA	RS	0.0011477369039662	1.0	0.6659285036380892	178	3161.0
mouse2	default_GGATTACAGGTGCACA	SPC	0.0029121786232875	0.957427536231884	0.6327603899435608	438	7796.0
mouse2	default_CAGTCCTAGAATTCCC	SPC	-0.0039014697832592	0.9661016949152542	0.6214271026115566	327	4863.0
mouse2	default_CGTAGGCCATCCGTGG	SPC	-0.0009848355015559	1.0	0.6354767184035477	305	4510.0
mouse2	default_CCTACACCAGCTGTAT	SPC	0.0099218083614356	0.985702614379085	0.6403179509825568	482	9058.0
mouse2	default_TTTGTCATCTGTCCGT	SPC	-0.0098141318982751	0.9090909090909092	0.6180365296803653	287	4380.0
mouse2	default_CCACGGACATCATCCC	SPC	-0.0045307929399253	0.9090909090909092	0.6149554287180145	648	15593.0
mouse2	default_AGCGGTCAGACAAGCC	SPC	0.0091096076898892	1.0	0.7089605734767025	79	1395.0
mouse2	default_GTGCGGTGTCGCATCG	SPC	0.0094398429692898	0.95500403551251	0.6457221552762954	354	5809.0
mouse2	default_TGTCCCAAGTGGTAAT	SPC	0.0023639578328783	0.9230769230769232	0.6300328322101262	350	5787.0
mouse2	default_GCGCGATCACCATGTA	RS	0.0006931719126895	1.0	0.6276499774470005	298	4434.0
mouse2	default_TTTCCTCGTTCAGCGC	RS	-0.0056003407596096	1.0	0.6205700123915737	288	4035.0
mouse2	default_CAGAGAGGTAGATTAG	RS	0.0022348289999771	1.0	0.6371325010068466	331	4966.0
mouse2	default_AAGGCAGAGTCGTACT	RS	0.0014179223093798	1.0	0.6325966850828729	78	1448.0
mouse2	default_TTTACTGTCTATCCCG	ES	-0.0108743858080223	1.0	0.6773641420624733	101	2337.0
mouse2	default_AGCAGCCCACGAGGTA	SPC	-0.0016169093308766	1.0	0.6355776587605203	579	13070.0
mouse2	default_CCTCTGAGTGCCTTGG	SPC	0.0013469144964033	1.0	0.650744591177297	251	3559.0
mouse2	default_GACTAACCATCCTTGC	SPC	0.0017100914160669	1.0	0.6474251497005988	450	8350.0
mouse2	default_CAGCAGCAGGAACTGC	SPC	0.0018981152440663	1.0	0.6350792888034599	521	10405.0
mouse2	default_AGATTGCTCGGCGCAT	SPC	0.0059827679718394	1.0	0.6386087406258081	448	7734.0
mouse2	default_AGAATAGTCGCTTGTC	SPC	0.0073151773323281	0.9473684210526316	0.6366069934749875	549	11954.0
mouse2	default_GCCAAATCAGGTCCAC	SPC	0.0044980272935132	0.9565217391304348	0.6419081752456282	631	16183.0
mouse2	default_CGTTAGATCGCTTAGA	RS	0.0036135935589473	1.0	0.6383243467440896	162	2411.0
mouse2	default_CCACGGAAGAAGGGTA	SPC	0.0139785073845083	1.0	0.6496755162241888	464	8475.0
mouse2	default_TGCGCAGCATTGAGCT	SPC	0.0081145374229914	1.0	0.6536082474226804	282	4365.0
mouse2	default_ACTGCTCAGGGTGTGT	SPC	0.0025636535097763	1.0	0.6484524264424913	339	5234.0
mouse2	default_AACTCCCGTAATTGGA	SPC	0.0009567630978014	1.0	0.6398467432950191	321	4959.0
mouse2	default_CTCTAATAGCGCCTTG	SPC	0.0031241846886498	0.9818181818181818	0.6365289496654059	587	13748.0
mouse2	default_TGCTGCTTCCTGCCAT	SPC	-0.0015733718212929	0.9411764705882352	0.6416991586291813	321	4873.0
mouse2	default_AGGCCACGTAGCGATG	SPC	0.0007317434579743	0.9626135569531796	0.6453777335984096	280	4024.0
mouse2	default_TATCTCATCGCAGGCT	SPC	0.0006218994873102	1.0	0.6396652455392389	387	6333.0
mouse2	default_CAAGATCCAAGTTGTC	RS	0.0600488444356735	1.0	0.7595325953259533	74	1626.0
mouse2	default_CTAGAGTAGATCCCAT	SPC	0.0038521019491467	0.8888888888888888	0.6145297727649693	354	6029.0
mouse2	default_AGTGAGGAGCTAACTC	RS	0.0045235607091996	1.0	0.6430882035799008	319	4637.0
mouse2	default_GGGAGATAGGAACTGC	SPC	-0.0019188576947621	1.0	0.6516350760258279	500	9602.0
mouse2	default_TGCGGGTCATTACCTT	SPC	0.0030503236727636	1.0	0.6292717838611558	353	5589.0
mouse2	default_CCTATTACATGAGCGA	SPC	0.00903094207419	1.0	0.6505755662829558	185	2693.0
mouse2	default_TGGCTGGTCACAGTAC	SPC	0.0070037121164349	1.0	0.6429153094462541	180	2456.0
mouse2	default_GCTCTGTGTTTAGCTG	RS	-0.0004245446107182	0.9069767441860463	0.6339551230062179	267	3699.0
mouse2	default_GATGAAAGTCAATGTC	SPC	0.0060207153370559	1.0	0.666571794506902	421	7027.0
mouse2	default_CGTCTACCATTCCTGC	SPC	0.0015419814659048	1.0	0.6318199160625715	335	5242.0
mouse2	default_GTCTTCGAGGGTATCG	SPC	-0.0043945846515826	0.9883720930232558	0.6317099182367579	360	5626.0
mouse2	default_TTCTCAAAGACAGAGA	RS	-0.0024416278453565	1.0	0.6408554572271387	282	4068.0
mouse2	default_AGTAGTCCATTTGCCC	SPC	-0.0008384704925438	1.0	0.6396052926665171	305	4459.0
mouse2	default_GACGTTATCACCTTAT	SPC	0.0034356212581742	1.0	0.6507853403141362	280	3820.0
mouse2	default_CGAGCCACAGCTGGCT	SPC	-0.0036268610778902	0.9402852049910874	0.6229523454951601	526	10744.0
mouse2	default_TCAGGTAGTTCCACAA	SPC	-0.0106680894810019	0.9473684210526316	0.6291842703932402	215	3077.0
mouse2	default_GTTCTCGGTTCGAATC	SPC	0.0033442760138601	0.9366399082568808	0.6226238703645995	380	6418.0
mouse2	default_CATCAAGGTCCAGTAT	RS	0.0100588015571421	1.0	0.6411791801013358	142	2171.0
mouse2	default_CGACCTTCAATTCCTT	SPC	-0.0105026040695411	0.9541666666666666	0.6251497005988024	100	1670.0
mouse2	default_CAGCAGCCACGACTCG	SPC	0.002540871794392	1.0	0.629736211031175	400	6255.0
mouse2	default_CACATTTAGGAGCGTT	SPC	0.0099355872336299	0.9291979949874688	0.6409907281333074	612	15423.0
mouse2	default_ACATACGCATTATCTC	SPC	-0.0099614558431061	1.0	0.6407495153995262	305	4643.0
mouse2	default_TAAGCGTGTTAAAGTG	SPC	0.0122476344781294	1.0	0.6466591166477916	420	7064.0
mouse2	default_GGGAATGCATGAAGTA	SPC	-0.0157086160345382	1.0	0.6673913043478261	81	1380.0
mouse2	default_GCGCAGTAGCCGGTAA	SPC	0.0141252023286784	1.0	0.6712287104622872	236	3288.0
mouse2	default_CGAATGTCAAGTCATC	SPC	-0.0016314815840331	0.9180602006688964	0.6120689655172413	394	6960.0
mouse2	default_CGTAGCGCACAAGACG	RS	0.0031067554393687	1.0	0.632969696969697	291	4125.0
mouse2	default_GCACTCTAGTTAACGA	SPC	-0.0189278845501839	0.8571428571428571	0.5895729339988908	345	5409.0
mouse2	default_GACTACACACCGTTGG	SPC	-0.0022032356572104	1.0	0.6380471380471381	205	2970.0
mouse2	default_CAACCTCAGGCTACGA	RS	-0.0060847326223443	0.9522222222222222	0.6363636363636364	264	3630.0
mouse2	default_CACACCTTCATGCAAC	SPC	-0.0077067996130405	0.9	0.6265796983285773	327	4906.0
mouse2	default_AACCATGTCTGCCAGG	SPC	0.0046613020104444	1.0	0.6412570006222775	486	9642.0
mouse2	default_ACATGGTCATGAGCGA	RS	-0.0009466820038456	1.0	0.6561523159988634	246	3519.0
mouse2	default_AGGTCCGCACGAAATA	SPC	0.0083434840544533	0.9333333333333332	0.629600316580926	661	17689.0
mouse2	default_ATTACTCGTAAACCTC	SPC	-0.0029688355808932	1.0	0.6347632537434237	327	4942.0
mouse2	default_GTGCATACACAGATTC	RS	-0.006773502862587	0.95	0.6488262910798122	230	3195.0
mouse2	default_GGGATGAGTCACTTCC	SPC	-0.0220480903436173	1.0	0.6722119531731362	93	1623.0
mouse2	default_GGACATTTCATCGCTC	RS	-0.011041905494238	1.0	0.6376564277588168	249	3516.0
mouse2	default_GCTGCAGTCACGCGGT	RS	0.0014901893855065	0.9444444444444444	0.6316397228637414	235	3464.0
mouse2	default_TATTACCGTTTGACAC	RS	-0.018199325453776	0.9047619047619048	0.6110423372121813	275	4039.0
mouse2	default_TTGCGTCAGAATAGGG	SPC	0.0161901281488665	0.9886348960351286	0.6650659569544087	650	17284.0
mouse2	default_CTCGGAGCAAGCTGTT	RS	-0.0042166631100586	1.0	0.6530082987551867	280	3856.0
mouse2	default_TGCCAAATCTGCAGTA	SPC	0.0030541789784066	1.0	0.6456071076011846	270	4052.0
mouse2	default_CTTAACTTCCAGGGCT	SPC	0.0046985217860227	0.945906432748538	0.6262696673969329	508	10042.0
mouse2	default_GGCGTGTTCGTTGACA	SPC	0.0043523076632599	0.95	0.6382041041178901	420	7261.0
mouse2	default_ATAACGCAGCTGTTCA	SPC	-0.0058309689807442	1.0	0.6366412213740458	262	3930.0
mouse2	default_CTTACCGCATAGAAAC	RS	-0.0043676725098561	0.9838709677419356	0.6293196544276458	260	3704.0
mouse2	default_TGGTTCCTCATCATTC	RS	-0.0082930024939599	1.0	0.6382978723404256	99	1645.0
mouse2	default_CTCGAAACAAGCGTAG	SPC	0.0243592008876782	0.898989898989899	0.6519546027742749	92	1586.0
mouse2	default_CGGGTCACAGAAGCAC	ES	0.0118932634970865	1.0	0.6685320705983642	126	2323.0
mouse2	default_CATCGGGGTACCGGCT	RS	0.0136314630601828	1.0	0.657258064516129	298	4216.0
mouse2	default_TAGTTGGCAAGCGTAG	RS	0.0024337846357049	0.9696969696969696	0.6456706884315118	383	5636.0
mouse2	default_CTGTGCTAGTGTACGG	RS	0.0020342580555072	1.0	0.6430362434465466	287	4387.0
mouse2	default_TCGCGTTAGTGAATTG	SPC	0.0075060811385645	1.0	0.6555891238670695	250	3641.0
mouse2	default_AGACGTTAGGCGTACA	ES	-0.016487792995246	1.0	0.6554809843400448	162	3129.0
mouse2	default_ACTTACTTCGCACTCT	RS	-0.003758201711515	0.98	0.6199629458082445	301	4318.0
mouse2	default_TGAGCCGGTCCTAGCG	RS	0.0087369537911123	1.0	0.6584287200832466	273	3844.0
mouse2	default_TTAGGACCATAAGACA	RS	0.0008570219894009	1.0	0.656702025072324	298	4148.0
mouse2	default_GGGATGACAACTGGCC	RS	0.0002931391744901	1.0	0.6419830561656731	240	3187.0
mouse2	default_GTTTCTAGTTCGTTGA	RS	0.0102084360801995	1.0	0.6281645569620253	114	1896.0
mouse2	default_CTGAAGTGTCAAAGAT	SPC	-0.0015587510022516	1.0	0.644277964350297	273	3871.0
mouse2	default_TAGTTGGTCAACTCTT	RS	-0.0148349484818303	0.8571428571428571	0.6325097529258777	261	3845.0
mouse2	default_GACCAATTCAGTCAGT	SPC	-0.0108129335903754	1.0	0.6293004587155964	242	3488.0
mouse2	default_GACGCGTGTTCGAATC	SPC	-0.00599094371375	1.0	0.6333968556455455	292	4198.0
mouse2	default_TCAGATGGTAGCGCAA	RS	0.010092850540443	1.0	0.6484606969839037	620	12798.0
mouse2	default_AATCCAGAGCGAAGGG	SPC	0.0079284016213814	0.9712127398938342	0.6515165921840829	524	10517.0
mouse2	default_TCTTTCCGTGGTCCGT	RS	0.0008144324070256	1.0	0.6273035887487876	288	4124.0
mouse2	default_CAGCATATCGGTCTAA	RS	-0.0046744102881732	1.0	0.6325445360276523	268	3761.0
mouse2	default_CCTCTGACACAGTCGC	SPC	0.0097327553352324	0.9510765550239234	0.6373448461953589	668	18530.0
mouse2	default_TCCCGATGTTTGGGCC	RS	0.0002208807576722	1.0	0.6408544726301736	152	2247.0
mouse2	default_GCACTCTTCGGACAAG	SPC	0.0014933934041411	1.0	0.667332485927002	353	5507.0
mouse2	default_GTGGGTCCACATCTTT	RS	0.0049979929134554	1.0	0.6437869822485207	347	5070.0
mouse2	default_TACACGAAGCGTCTAT	SPC	0.002180134420047	1.0	0.6567434636293037	275	3863.0
mouse2	default_CGATCGGAGACAAAGG	SPC	0.007687079736252	1.0	0.6505037783375315	226	3176.0
mouse2	default_AGAGCTTCAGTTCATG	RS	0.0007166426436181	1.0	0.6479470198675497	262	3775.0
mouse2	default_TGTGTTTTCAGGTTCA	RS	-0.0085789807190408	1.0	0.6390994716287618	311	4353.0
mouse2	default_GACTGCGAGTCACGCC	RS	-0.0068940929447031	1.0	0.6449356463346391	253	3574.0
mouse2	default_CAAGAAACAGTGACAG	RS	-0.0014584624971872	1.0	0.6475897435897436	327	4875.0
mouse2	default_CAGTAACGTTCCACGG	RS	-0.0011147502421977	1.0	0.6298119177359818	398	5689.0
mouse2	default_GTTACAGAGCTGAAAT	SPC	0.003279668195981	1.0	0.7206192821956369	194	2842.0
mouse2	default_TAAGAGACATGTCTCC	RS	-0.0022469809073005	0.9527310924369748	0.6102762966553563	302	4126.0
mouse2	default_ACGCAGCGTCGAATCT	RS	0.0075944901095463	0.9642857142857144	0.640387275242047	80	1446.0
mouse2	default_AACGTTGAGTTAAGTG	SPC	0.0070490162601459	1.0	0.6470820189274448	178	2536.0
mouse2	default_TGGACGCCAGACGCAA	RS	0.0076563323364016	1.0	0.6410509031198687	229	3045.0
mouse2	default_CGAGCACGTCGCATAT	SPC	6.19202680900791e-05	1.0	0.6559907834101383	288	4340.0
mouse2	default_CTAAGACCAATGCCAT	SPC	-0.0013581055855031	1.0	0.6353405725567621	326	5065.0
mouse2	default_TACGGGCTCTTACCGC	SPC	-0.0016947482178943	1.0	0.6310875991909133	394	6427.0
mouse2	default_CTGTTTAGTAGCTTGT	RS	-0.0044097170111248	1.0	0.6450662739322534	323	4753.0
mouse2	default_CTGATCCAGTGAATTG	RS	-0.0077360852776513	1.0	0.6382040489075967	347	4989.0
mouse2	default_CAGCTGGGTGCTCTTC	RS	-0.008313566605254	1.0	0.6263813778509287	309	4253.0
mouse2	default_TATGCCCGTAAACCTC	SPC	-0.008973050251467	0.9166666666666666	0.630978093181117	220	3241.0
mouse2	default_ACGGCCAGTCCATCCT	SPC	-0.005358980257667	1.0	0.6217504332755632	306	4616.0
mouse2	default_GGGATGAAGTTCGCAT	SPC	0.0134301537382912	0.8660714285714286	0.6339187705817783	112	1822.0
mouse2	default_GGGCACTCATCTACGA	RS	-0.0001061936952292	1.0	0.6273972602739726	345	5110.0
mouse2	default_TACACGAGTCCCTTGT	SPC	-0.0017571047921906	1.0	0.6294491525423729	310	4720.0
mouse2	default_GTTTCTAAGCTCCTTC	SPC	0.0005140272384781	0.9333333333333332	0.6339895540377661	167	2489.0
mouse2	default_GTACTCCGTTCTGTTT	RS	0.0040651417439577	1.0	0.6285923039454457	285	4106.0
mouse2	default_CTGAAACGTAAGTGGC	RS	-7.54808835065072e-05	1.0	0.6502654867256638	386	5650.0
mouse2	default_CACACTCCAAGCGTAG	RS	-0.0021839725750691	1.0	0.644332627118644	460	7552.0
mouse2	default_GATCTAGTCGCCTGAG	RS	-0.000508492618896	0.974291364535267	0.6355828220858896	380	5705.0
mouse2	default_GGCGTGTTCCAGATCA	RS	0.0040976750071932	1.0	0.6504499437570304	246	3556.0
mouse2	default_CGATGTAAGGGAACGG	SPC	0.0052105726139124	1.0	0.6552319842053307	266	4052.0
mouse2	default_GAATGAATCATCTGCC	RS	-0.0076792335553762	0.8888888888888888	0.618249075215783	285	4055.0
mouse2	default_ACATCAGAGGTAGCTG	RS	-0.0023959107404718	1.0	0.6465573770491804	325	4575.0
mouse2	default_CAACCAAGTTTAGCTG	RS	-3.0089035905210523e-05	1.0	0.6408811475409836	386	5856.0
mouse2	default_CCTAGCTAGTCAAGCG	RS	-0.0027020391321739	0.9	0.6378695208970439	274	3924.0
mouse2	default_GTAGGCCGTCCAAGTT	RS	0.0013016460898626	1.0	0.6360320933625091	314	4113.0
mouse2	default_AAAGTAGTCCACGAAT	RS	0.0074499639170321	1.0	0.6366599799398195	282	3988.0
mouse2	default_TGACGGCGTTGAGTTC	RS	-0.0062741927628857	1.0	0.6511082693947144	318	4692.0
mouse2	default_CGCTGGAGTGACGCCT	RS	-0.0124108456667949	1.0	0.6265347260399486	359	5457.0
mouse2	default_TAAGCGTTCAGTTAGC	RS	0.0107289191275718	1.0	0.641077441077441	208	2970.0
mouse2	default_GACTACATCGCTTGTC	RS	-0.0057601431149049	0.9285714285714286	0.6177190406265296	285	4086.0
mouse2	default_CATCAGATCAGGTTCA	SPC	0.0349362541980465	1.0	0.6427221172022685	123	2116.0
mouse2	default_TTTGCGCAGCGATTCT	RS	6.015832913362877e-05	1.0	0.6453629732546023	378	5758.0
mouse2	default_GTGCTTCTCTCTGAGA	RS	-9.078421848349709e-05	0.9411764705882352	0.6224302869936902	321	4913.0
mouse2	default_GTAGGCCGTTGACGTT	SPC	0.0109445265759316	1.0	0.6610219845513963	226	3366.0
mouse2	default_CATCGGGTCAAGGTAA	RS	-0.0018216496791656	0.9681818181818184	0.6323477648715241	378	5682.0
mouse2	default_GTCCTCATCGCCTGTT	RS	-0.0056451339644414	0.9	0.6309523809523809	215	3192.0
mouse2	default_CCGTGGAGTACATCCA	SPC	0.0049384880027862	0.971875	0.6285262325336145	248	3793.0
mouse2	default_GCGCAGTTCTTACCGC	RS	0.0017854904859281	1.0	0.6374022850270595	509	8315.0
mouse2	default_CAACTAGCAAGAAAGG	SPC	0.015361496058748	0.9230769230769232	0.63663776856389	177	2653.0
mouse2	default_ACACCGGCATATGCTG	RS	0.0070358721536309	1.0	0.6471816283924844	285	3832.0
mouse2	default_TGGTTCCAGGCTCAGA	SPC	0.0028008357751728	1.0	0.6468012648990513	285	4111.0
mouse2	default_CTGGTCTTCGACCAGC	RS	0.0024205480818534	1.0	0.6308074534161491	284	4025.0
mouse2	default_AGCGTCGCAATCCGAT	SPC	0.0047105470122592	1.0	0.6338998621956822	147	2177.0
mouse2	default_CGGGTCATCCTAGAAC	RS	0.0070252086940944	1.0	0.6378054007715388	317	4666.0
mouse2	default_ATAACGCAGCTAAACA	RS	-0.000499226416204	1.0	0.649247491638796	338	4784.0
mouse2	default_TTTGGTTTCTACTATC	RS	-0.0098165505557037	1.0	0.6255984679221194	218	3133.0
mouse2	default_CCGTACTGTCGGGTCT	RS	0.0014420268247565	1.0	0.633480825958702	348	5424.0
mouse2	default_GAGCAGAAGACTAGGC	SPC	0.005988942124374	0.9761904761904762	0.6402934241550956	255	3817.0
mouse2	default_GACAGAGAGTGTCCAT	RS	0.0085685471355163	1.0	0.6660736975857687	268	3935.0
mouse2	default_GCAGCCAAGTGGTAGC	RS	-0.0123953440597559	1.0	0.6322058122915674	295	4198.0
mouse2	default_GGAAAGCAGACAATAC	RS	3.581328522176291e-07	1.0	0.6427145708582834	322	4509.0
mouse2	default_GCACATATCTCGGACG	SPC	0.0040694501439941	1.0	0.6505695889053987	281	4038.0
mouse2	default_GTCATTTAGAGGTACC	RS	0.0034945193360216	1.0	0.6327019899304723	285	4171.0
mouse2	default_TGATTTCGTTATCACG	RS	-0.0027717379789449	1.0	0.6311239193083573	78	1388.0
mouse2	default_GACGTGCGTACCTACA	RS	0.022973612743531	1.0	0.6258154706430569	155	2146.0
mouse2	default_ACTATCTGTATGAAAC	SPC	0.0161270937918331	0.9347826086956522	0.6397273612463485	131	2054.0
mouse2	default_CTTGGCTTCACAACGT	RS	-0.0022873337583842	1.0	0.6249393498301795	281	4122.0
mouse2	default_GCACATAAGCTGCGAA	RS	-0.0039060001870514	1.0	0.6443661971830986	226	3124.0
mouse2	default_ATCACGAGTGTGCCTG	RS	-0.0019125032989363	1.0	0.6279491833030852	229	3306.0
mouse2	default_GCTCCTAGTTGTTTGG	SPC	-0.0109055387450632	0.9444444444444444	0.6270150083379655	242	3598.0
mouse2	default_AACCATGAGTAGGCCA	SPC	0.0055291809572582	1.0	0.6429373456097013	291	4453.0
mouse2	default_GCAATCAGTAGCGCAA	RS	-0.0072606361543051	0.9188311688311688	0.6138652207591014	180	2582.0
mouse2	default_CCTAGCTCATTACGAC	SPC	-0.0115090817035803	0.9630376344086022	0.6271446862996158	250	3905.0
mouse2	default_ACTGCTCCACGCATCG	SPC	0.0071446241080871	1.0	0.6588157605106758	307	4543.0
mouse2	default_CAGCTGGTCGGCGCTA	SPC	0.0117527289891546	1.0	0.6469910076089462	300	4337.0
mouse2	default_CTGTGCTCAAGTAGTA	RS	-0.0030540831625533	1.0	0.6281610358082136	335	4943.0
mouse2	default_ACCAGTAAGCCAGGAT	SPC	-0.0249091729649143	1.0	0.6717420510523959	161	2233.0
mouse2	default_AATCGGTGTACCGGCT	RS	0.0042189225056896	1.0	0.6463195691202872	311	4456.0
mouse2	default_TTAGGACAGCACAGGT	RS	0.0144187468639365	1.0	0.6501468428781204	188	2724.0
mouse2	default_GGCAATTGTCGAAAGC	RS	0.0021688216692558	1.0	0.6364158529580701	248	3482.0
mouse2	default_CTCGAAAAGTTCGCGC	RS	-0.0054827745743366	1.0	0.6349686622001297	307	4627.0
mouse2	default_CATTCGCAGGCTAGAC	RS	-0.0024847061547568	1.0	0.652459814905017	260	4106.0
mouse2	default_TTTGGTTGTGCAACTT	RS	0.0077605819279161	0.9761904761904762	0.635708344884946	258	3607.0
mouse2	default_TGAAAGAGTACATGTC	RS	0.0034297494886337	1.0	0.6540910162697477	312	4241.0
mouse2	default_ACGGGCTAGATATACG	RS	-0.0028129623990742	1.0	0.6570284697508897	513	8992.0
mouse2	default_GGGAATGCAGTCGTGC	RS	-0.0040726290786855	0.9375	0.6229086229086229	151	2331.0
mouse2	default_CCTACCAAGCTAGTTC	SPC	-0.004404339149766	1.0	0.6514050387596899	283	4128.0
mouse2	default_TAGAGCTGTTCTGAAC	SPC	0.004108427061499	1.0	0.6335781210433021	262	3949.0
mouse2	default_TCGCGTTAGATCCCAT	RS	0.0024517998328581	1.0	0.6496866787952295	351	4947.0
mouse2	default_TGGCGCACATGCAACT	ES	-0.0044798947143142	1.0	0.7018528916339135	92	1781.0
mouse2	default_TACTTACAGAGTAATC	RS	0.0169076008161633	1.0	0.659741458910434	143	2166.0
mouse2	default_CGATCGGAGTGGGTTG	RS	0.0098558578499553	1.0	0.6356370474847203	123	2127.0
mouse2	default_TCAGGATGTCTAAACC	RS	0.0102811003456896	0.8944444444444444	0.6492258408969568	122	1873.0
mouse2	default_ATTGGTGCAGAAGCAC	SPC	0.0098553906524488	1.0	0.6799826313504125	150	2303.0
mouse2	default_CTGGTCTGTGTAAGTA	RS	-0.0012230733757689	1.0	0.6369724025974026	345	4928.0
mouse2	default_GAACCTAGTTAGTGGG	RS	0.014377943815947	1.0	0.6476976542137272	138	2302.0
mouse2	default_ACGGAGAGTAGGCTGA	ES	0.0042275274353658	1.0	0.6760411032990806	85	1849.0
mouse2	default_GCAGCCACACTTAACG	SPC	0.0132081162986698	1.0	0.6860530773574252	117	1771.0
mouse2	default_ACGAGGAAGGTAGCTG	SPC	-0.0004661731105135	1.0	0.6538014415252267	284	4301.0
mouse2	default_GACGCGTGTTATCACG	RS	-0.0189586365832267	0.8333333333333334	0.6315483119906868	119	1718.0
mouse2	default_TGAGCCGCAGTTAACC	SPC	0.0080352856909353	1.0	0.6575449569976545	187	2558.0
mouse2	default_TCAGGTAAGAAGGTGA	RS	-0.015616130029804	1.0	0.6117259946156147	238	3343.0
mouse2	default_GCATGATGTACTCAAC	RS	0.0033581136837223	0.9198717948717948	0.6265033407572383	318	4490.0
mouse2	default_GTACTCCCAGAAGCAC	RS	0.0274015670993794	1.0	0.742671009771987	74	1535.0
mouse2	default_TATCAGGAGCAAATCA	RS	0.0032039342094254	1.0	0.6383202099737533	269	3810.0
mouse2	default_TGCGTGGCAATGCCAT	RS	-0.0020443339189414	1.0	0.6416447525699259	312	4183.0
mouse2	default_TGCGTGGCAAAGGAAG	RS	0.0056974993904027	1.0	0.6524349566377585	86	1499.0
mouse2	default_TAAGAGATCAGGCCCA	RS	0.0023712579774805	1.0	0.614824495892457	353	5356.0
mouse2	default_AGCGTATTCAGGATCT	ES	0.000144484257785	1.0	0.6635071090047393	83	1899.0
mouse2	default_ACCAGTAGTCGTTGTA	RS	-0.0045266616040692	1.0	0.6356516290726817	221	3192.0
mouse2	default_CTACCCATCCAGAAGG	ES	-0.0093761705836069	1.0	0.655002733734281	79	1829.0
mouse2	default_AAGGAGCAGACAAGCC	RS	-0.0030166811842802	1.0	0.6546349466776046	177	2438.0
mouse2	default_CACCAGGGTCCAGTGC	RS	0.0015863456913152	0.9444444444444444	0.650384744061559	221	2989.0
mouse2	default_TAGTGGTTCGTTTAGG	RS	-0.005578156033107	1.0	0.6139363774074875	326	4621.0
mouse2	default_ACTTTCAGTAGCACGA	RS	0.0006741967328034	1.0	0.6281961060286183	309	4263.0
mouse2	default_TTCGGTCCACAGGCCT	RS	-0.0019314086274977	0.8944444444444444	0.6279018350652222	328	4523.0
mouse2	default_TGCACCTCAATGGAGC	SPC	0.0036877291425521	1.0	0.6433480608738341	263	4074.0
mouse2	default_CCGGGATTCATCGGAT	RS	0.0045084078435937	1.0	0.6427007299270073	198	2740.0
mouse2	default_CTCTAATTCGTAGGAG	RS	-0.002745418578129	0.8869047619047619	0.6390214797136038	114	1676.0
mouse2	default_CAGCCGACAAAGGTGC	RS	0.0061054535063899	1.0	0.6505771248688352	329	4765.0
mouse2	default_TGATTTCGTCCAAGTT	ES	-0.0133172344512393	1.0	0.6677718832891246	81	1508.0
mouse2	default_TTCGGTCGTTATGCGT	SPC	-0.0099461064525264	0.9327586206896552	0.6334484459792797	134	2027.0
mouse2	default_GTTCGGGTCAGCTCTC	RS	0.025747321757025	1.0	0.7333952624245239	100	2153.0
mouse2	default_AACTCAGGTACATGTC	ES	-0.0069052584730547	1.0	0.7115761935905821	68	1529.0
mouse2	default_GCCAAATGTTGCCTCT	RS	0.0297379227585555	1.0	0.7330222913426646	122	1929.0
mouse2	default_GCGAGAATCTTGTACT	ES	0.0005012952710174	1.0	0.6929592376919005	82	1889.0
mouse2	default_ATCCGAATCTTTAGTC	SPC	0.0361977814634034	1.0	0.7075208913649025	112	1795.0
mouse2	default_ACGGGCTTCTTCCTTC	RS	-0.0226132700559957	0.8074074074074074	0.6108202443280978	98	1719.0
mouse2	default_GACGCGTAGCACCGCT	RS	0.0042466310638758	1.0	0.6412459720730398	122	1862.0
mouse2	default_CAACTAGGTCTCACCT	ES	-0.0071028628654924	1.0	0.706059303824667	102	2327.0
mouse2	default_CCCAGTTTCGCGCCAA	ES	-0.0165942152904724	1.0	0.7006024096385542	78	1660.0
mouse2	default_CGCTATCGTCGCGTGT	RS	0.0037363559762005	1.0	0.6550324675324676	265	3696.0
mouse2	default_AGCCTAACACTTAACG	RS	-0.0038979618973426	1.0	0.6360134809821858	136	2077.0
mouse2	default_CATCAGAGTTCGCTAA	RS	-0.013055259802589	0.6	0.5689373297002724	112	1835.0
mouse2	default_GTCTCGTCAGCGTTCG	ES	-0.0086827233017019	1.0	0.7094175960346965	78	1614.0
mouse2	default_GGAGCAACATGTTGAC	ES	0.0195939153939621	1.0	0.6938616938616938	116	2574.0
mouse2	default_GTGCTTCGTCATGCAT	ES	-0.0040477280802451	1.0	0.6593886462882096	84	1603.0
mouse2	default_ATCATCTGTGACCAAG	ES	-0.0009425891161085	1.0	0.6807329261521377	90	1801.0
mouse2	default_ATCCGAAGTGCCTTGG	ES	-0.0031610500839795	1.0	0.675418444371513	163	3047.0
mouse2	default_CCCATACGTCGTCTTC	ES	-0.0114955764948632	0.9285714285714286	0.6382978723404256	87	1833.0
