pas_id	chrom	start	end	strand	assigned_gene_id	context	n_samestrand_gene_bodies	utr3_gene_ids	in_own_gene_body	exonic_any_gene	panel	gtf
82600	11	67435509	67435643	-	ENSG00000172725	own-gene 3' UTR	2	ENSG00000172725,ENSG00000213402	True	True	d	/home/sharedFolder/humanSTARindex/Homo_sapiens.GRCh38.99.gtf
82605	11	67437997	67438051	-	ENSG00000172725	own-gene 3' UTR	1	ENSG00000172725	True	True	d	/home/sharedFolder/humanSTARindex/Homo_sapiens.GRCh38.99.gtf
29519	1	153535223	153535435	-	ENSG00000197956	exonic, not 3' UTR	1		True	True	d	/home/sharedFolder/humanSTARindex/Homo_sapiens.GRCh38.99.gtf
249270	2	85658467	85658498	-	ENSG00000168878	own-gene 3' UTR	1	ENSG00000168878	True	True	d	/home/sharedFolder/humanSTARindex/Homo_sapiens.GRCh38.99.gtf
434696	7	99366075	99366268	+	ENSG00000284292	other-gene 3' UTR	2	ENSG00000241685	True	True	d	/home/sharedFolder/humanSTARindex/Homo_sapiens.GRCh38.99.gtf
158718	15	65772084	65772922	+	ENSG00000103769	intronic (same-strand gene body)	1		True	False	d	/home/sharedFolder/humanSTARindex/Homo_sapiens.GRCh38.99.gtf
368177	5	59766971	59767998	-	ENSG00000113448	intronic (same-strand gene body)	1		True	False	d	/home/sharedFolder/humanSTARindex/Homo_sapiens.GRCh38.99.gtf
14666	1	54031662	54031769	-	ENSG00000116209	own-gene 3' UTR	1	ENSG00000116209	True	True	d	/home/sharedFolder/humanSTARindex/Homo_sapiens.GRCh38.99.gtf
79587	11	57818027	57818447	+	ENSG00000288534	own-gene 3' UTR	2	ENSG00000198561,ENSG00000288534	True	True	d	/home/sharedFolder/humanSTARindex/Homo_sapiens.GRCh38.99.gtf
30214	1	155134853	155134935	+	ENSG00000169242	own-gene 3' UTR	1	ENSG00000169242	True	True	d	/home/sharedFolder/humanSTARindex/Homo_sapiens.GRCh38.99.gtf
286744	20	58911028	58911192	+	ENSG00000087460	own-gene 3' UTR	1	ENSG00000087460	True	True	d	/home/sharedFolder/humanSTARindex/Homo_sapiens.GRCh38.99.gtf
328022	3	150542177	150542178	-	ENSG00000120742	own-gene 3' UTR	1	ENSG00000120742	True	True	d	/home/sharedFolder/humanSTARindex/Homo_sapiens.GRCh38.99.gtf
158782	15	65889447	65889456	+	ENSG00000103769	own-gene 3' UTR	1	ENSG00000103769	True	True	d	/home/sharedFolder/humanSTARindex/Homo_sapiens.GRCh38.99.gtf
231743	19	48965349	48966070	+	ENSG00000087088	exonic, not 3' UTR	1		False	True	d	/home/sharedFolder/humanSTARindex/Homo_sapiens.GRCh38.99.gtf
419546	7	6403866	6404006	+	ENSG00000136238	own-gene 3' UTR	1	ENSG00000136238	True	True	d	/home/sharedFolder/humanSTARindex/Homo_sapiens.GRCh38.99.gtf
470750	9	33110641	33110642	-	ENSG00000086062	own-gene 3' UTR	1	ENSG00000086062	True	True	d	/home/sharedFolder/humanSTARindex/Homo_sapiens.GRCh38.99.gtf
190176	17	27313206	27313501	+	ENSG00000109046	own-gene 3' UTR	1	ENSG00000109046	True	True	d	/home/sharedFolder/humanSTARindex/Homo_sapiens.GRCh38.99.gtf
45588	1	235109340	235109341	-	ENSG00000173726	own-gene 3' UTR	1	ENSG00000173726	True	True	d	/home/sharedFolder/humanSTARindex/Homo_sapiens.GRCh38.99.gtf
81392	11	65115920	65116230	+	ENSG00000149823	other-gene 3' UTR	1	ENSG00000149809	False	True	d	/home/sharedFolder/humanSTARindex/Homo_sapiens.GRCh38.99.gtf
312133	3	49357175	49357335	-	ENSG00000067560	other-gene 3' UTR	1	ENSG00000233276	False	True	d	/home/sharedFolder/humanSTARindex/Homo_sapiens.GRCh38.99.gtf
299522	22	38483437	38483438	-	ENSG00000100201	own-gene 3' UTR	1	ENSG00000100201	True	True	d	/home/sharedFolder/humanSTARindex/Homo_sapiens.GRCh38.99.gtf
431170	7	76302664	76303436	+	ENSG00000106211	own-gene 3' UTR	1	ENSG00000106211	True	True	d	/home/sharedFolder/humanSTARindex/Homo_sapiens.GRCh38.99.gtf
74347	11	10509598	10509671	-	ENSG00000110315	outside any same-strand gene	0		False	False	d	/home/sharedFolder/humanSTARindex/Homo_sapiens.GRCh38.99.gtf
362061	5	10679229	10679316	-	ENSG00000112977	own-gene 3' UTR	1	ENSG00000112977	True	True	d	/home/sharedFolder/humanSTARindex/Homo_sapiens.GRCh38.99.gtf
204500	17	75168072	75168248	-	ENSG00000189159	other-gene 3' UTR	2	ENSG00000188612	True	True	d	/home/sharedFolder/humanSTARindex/Homo_sapiens.GRCh38.99.gtf
328023	3	150542494	150542649	-	ENSG00000120742	own-gene 3' UTR	1	ENSG00000120742	True	True	d	/home/sharedFolder/humanSTARindex/Homo_sapiens.GRCh38.99.gtf
158780	15	65887922	65888084	+	ENSG00000103769	own-gene 3' UTR	1	ENSG00000103769	True	True	d	/home/sharedFolder/humanSTARindex/Homo_sapiens.GRCh38.99.gtf
419590	7	6461020	6461089	-	ENSG00000164535	other-gene 3' UTR	2	ENSG00000136240	True	True	d	/home/sharedFolder/humanSTARindex/Homo_sapiens.GRCh38.99.gtf
93226	11	130144719	130144805	+	ENSG00000084234	own-gene 3' UTR	1	ENSG00000084234	True	True	d	/home/sharedFolder/humanSTARindex/Homo_sapiens.GRCh38.99.gtf
238700	2	27444007	27444297	+	ENSG00000115216	other-gene 3' UTR	1	ENSG00000157992	False	True	d	/home/sharedFolder/humanSTARindex/Homo_sapiens.GRCh38.99.gtf
269359	2	203049749	203050504	+	ENSG00000144426	exonic, not 3' UTR	1		True	True	d	/home/sharedFolder/humanSTARindex/Homo_sapiens.GRCh38.99.gtf
83716	11	72754728	72755089	-	ENSG00000186635	other-gene 3' UTR	2	ENSG00000214530	True	True	d	/home/sharedFolder/humanSTARindex/Homo_sapiens.GRCh38.99.gtf
635	1	1785285	1785290	-	ENSG00000078369	own-gene 3' UTR	1	ENSG00000078369	True	True	d	/home/sharedFolder/humanSTARindex/Homo_sapiens.GRCh38.99.gtf
74345	11	10509257	10509357	-	ENSG00000110315	outside any same-strand gene	0		False	False	d	/home/sharedFolder/humanSTARindex/Homo_sapiens.GRCh38.99.gtf
461893	8	109343540	109343671	+	ENSG00000120533	own-gene 3' UTR	1	ENSG00000120533	True	True	d	/home/sharedFolder/humanSTARindex/Homo_sapiens.GRCh38.99.gtf
219852	19	6677834	6677840	-	ENSG00000125730	own-gene 3' UTR	1	ENSG00000125730	True	True	d	/home/sharedFolder/humanSTARindex/Homo_sapiens.GRCh38.99.gtf
85315	11	77733656	77734847	-	ENSG00000048649	exonic, not 3' UTR	2		True	True	d	/home/sharedFolder/humanSTARindex/Homo_sapiens.GRCh38.99.gtf
362082	5	10746173	10746926	-	ENSG00000112977	intronic (same-strand gene body)	1		True	False	d	/home/sharedFolder/humanSTARindex/Homo_sapiens.GRCh38.99.gtf
112474	12	95771089	95771544	-	ENSG00000074527	intronic (same-strand gene body)	1		True	False	d	/home/sharedFolder/humanSTARindex/Homo_sapiens.GRCh38.99.gtf
391549	6	14136185	14136232	+	ENSG00000112149	own-gene 3' UTR	1	ENSG00000112149	True	True	d	/home/sharedFolder/humanSTARindex/Homo_sapiens.GRCh38.99.gtf
390911	6	11296608	11297594	-	ENSG00000111859	intronic (same-strand gene body)	1		True	False	d	/home/sharedFolder/humanSTARindex/Homo_sapiens.GRCh38.99.gtf
117167	12	118145492	118145584	+	ENSG00000089220	own-gene 3' UTR	1	ENSG00000089220	True	True	d	/home/sharedFolder/humanSTARindex/Homo_sapiens.GRCh38.99.gtf
40273	1	205712942	205713801	-	ENSG00000069275	own-gene 3' UTR	1	ENSG00000069275	True	True	d	/home/sharedFolder/humanSTARindex/Homo_sapiens.GRCh38.99.gtf
308303	3	32475454	32477640	+	ENSG00000153551	intronic (same-strand gene body)	1		True	False	d	/home/sharedFolder/humanSTARindex/Homo_sapiens.GRCh38.99.gtf
476748	9	83968082	83968474	-	ENSG00000165119	own-gene 3' UTR	1	ENSG00000165119	True	True	d	/home/sharedFolder/humanSTARindex/Homo_sapiens.GRCh38.99.gtf
199997	17	59841886	59842008	+	ENSG00000062716	own-gene 3' UTR	1	ENSG00000062716	True	True	d	/home/sharedFolder/humanSTARindex/Homo_sapiens.GRCh38.99.gtf
222302	19	12796822	12796823	-	ENSG00000095066	other-gene 3' UTR	2	ENSG00000167815	True	True	d	/home/sharedFolder/humanSTARindex/Homo_sapiens.GRCh38.99.gtf
452106	8	37858889	37859295	-	ENSG00000156675	own-gene 3' UTR	1	ENSG00000156675	True	True	d	/home/sharedFolder/humanSTARindex/Homo_sapiens.GRCh38.99.gtf
8356	1	30733078	30733575	-	ENSG00000162511	own-gene 3' UTR	1	ENSG00000162511	True	True	d	/home/sharedFolder/humanSTARindex/Homo_sapiens.GRCh38.99.gtf
141186	14	68788079	68788408	-	ENSG00000185650	own-gene 3' UTR	1	ENSG00000185650	True	True	d	/home/sharedFolder/humanSTARindex/Homo_sapiens.GRCh38.99.gtf
40896	1	207340473	207340766	+	ENSG00000196352	own-gene 3' UTR	1	ENSG00000196352	True	True	d	/home/sharedFolder/humanSTARindex/Homo_sapiens.GRCh38.99.gtf
153322	15	43801867	43801879	+	ENSG00000140264	own-gene 3' UTR	2	ENSG00000140264,ENSG00000242028	True	True	d	/home/sharedFolder/humanSTARindex/Homo_sapiens.GRCh38.99.gtf
174969	16	31191530	31191605	+	ENSG00000089280	own-gene 3' UTR	1	ENSG00000089280	True	True	d	/home/sharedFolder/humanSTARindex/Homo_sapiens.GRCh38.99.gtf
396252	6	32637450	32638779	+	ENSG00000196735	exonic, not 3' UTR	1		True	True	d	/home/sharedFolder/humanSTARindex/Homo_sapiens.GRCh38.99.gtf
328392	3	152328293	152329543	+	ENSG00000152601	intronic (same-strand gene body)	1		True	False	d	/home/sharedFolder/humanSTARindex/Homo_sapiens.GRCh38.99.gtf
112414	12	95657806	95658731	-	ENSG00000074527	own-gene 3' UTR	1	ENSG00000074527	True	True	d	/home/sharedFolder/humanSTARindex/Homo_sapiens.GRCh38.99.gtf
279157	20	17608241	17608242	+	ENSG00000125868	own-gene 3' UTR	1	ENSG00000125868	True	True	d	/home/sharedFolder/humanSTARindex/Homo_sapiens.GRCh38.99.gtf
55836	10	35206878	35208259	+	ENSG00000095794	own-gene 3' UTR	1	ENSG00000095794	True	True	d	/home/sharedFolder/humanSTARindex/Homo_sapiens.GRCh38.99.gtf
145080	14	90404962	90405004	+	ENSG00000198668	own-gene 3' UTR	1	ENSG00000198668	True	True	d	/home/sharedFolder/humanSTARindex/Homo_sapiens.GRCh38.99.gtf
380427	5	134156864	134156925	-	ENSG00000113558	own-gene 3' UTR	1	ENSG00000113558	True	True	d	/home/sharedFolder/humanSTARindex/Homo_sapiens.GRCh38.99.gtf
244873	2	60928849	60930257	+	ENSG00000162924	own-gene 3' UTR	2	ENSG00000162924	True	True	d	/home/sharedFolder/humanSTARindex/Homo_sapiens.GRCh38.99.gtf
143248	14	75278903	75280668	+	ENSG00000170345	own-gene 3' UTR	1	ENSG00000170345	True	True	d	/home/sharedFolder/humanSTARindex/Homo_sapiens.GRCh38.99.gtf
486351	9	133361463	133361491	-	ENSG00000148248	own-gene 3' UTR	1	ENSG00000148248	True	True	d	/home/sharedFolder/humanSTARindex/Homo_sapiens.GRCh38.99.gtf
391551	6	14136550	14136680	+	ENSG00000112149	own-gene 3' UTR	1	ENSG00000112149	True	True	d	/home/sharedFolder/humanSTARindex/Homo_sapiens.GRCh38.99.gtf
279156	20	17607920	17608069	+	ENSG00000125868	own-gene 3' UTR	1	ENSG00000125868	True	True	d	/home/sharedFolder/humanSTARindex/Homo_sapiens.GRCh38.99.gtf
34513	1	173488801	173488815	+	ENSG00000117592	own-gene 3' UTR	1	ENSG00000117592	True	True	d	/home/sharedFolder/humanSTARindex/Homo_sapiens.GRCh38.99.gtf
111373	12	92143124	92143359	-	ENSG00000133639	own-gene 3' UTR	1	ENSG00000133639	True	True	d	/home/sharedFolder/humanSTARindex/Homo_sapiens.GRCh38.99.gtf
41767	1	212620774	212620806	+	ENSG00000162772	own-gene 3' UTR	1	ENSG00000162772	True	True	d	/home/sharedFolder/humanSTARindex/Homo_sapiens.GRCh38.99.gtf
290970	21	33427837	33428654	-	ENSG00000142188	outside any same-strand gene	0		False	False	d	/home/sharedFolder/humanSTARindex/Homo_sapiens.GRCh38.99.gtf
138147	14	55683945	55684579	+	ENSG00000126777	own-gene 3' UTR	1	ENSG00000126777	True	True	d	/home/sharedFolder/humanSTARindex/Homo_sapiens.GRCh38.99.gtf
184465	17	1344485	1344590	-	ENSG00000108953	own-gene 3' UTR	1	ENSG00000108953	True	True	d	/home/sharedFolder/humanSTARindex/Homo_sapiens.GRCh38.99.gtf
495145	X	56817570	56817696	+	ENSG00000204272	own-gene 3' UTR	1	ENSG00000204272	True	True	d	/home/sharedFolder/humanSTARindex/Homo_sapiens.GRCh38.99.gtf
31880	1	160358910	160358952	+	ENSG00000162736	own-gene 3' UTR	1	ENSG00000162736	True	True	d	/home/sharedFolder/humanSTARindex/Homo_sapiens.GRCh38.99.gtf
219874	19	6730054	6730055	-	ENSG00000125730	other-gene 3' UTR	2	ENSG00000125734	True	True	d	/home/sharedFolder/humanSTARindex/Homo_sapiens.GRCh38.99.gtf
244865	2	60921863	60923522	+	ENSG00000162924	own-gene 3' UTR	1	ENSG00000162924	True	True	d	/home/sharedFolder/humanSTARindex/Homo_sapiens.GRCh38.99.gtf
368473	5	61335485	61337206	+	ENSG00000130449	intronic (same-strand gene body)	1		True	False	d	/home/sharedFolder/humanSTARindex/Homo_sapiens.GRCh38.99.gtf
437186	7	106090504	106090656	-	ENSG00000008282	own-gene 3' UTR	1	ENSG00000008282	True	True	d	/home/sharedFolder/humanSTARindex/Homo_sapiens.GRCh38.99.gtf
368522	5	61378556	61380148	+	ENSG00000130449	intronic (same-strand gene body)	1		True	False	d	/home/sharedFolder/humanSTARindex/Homo_sapiens.GRCh38.99.gtf
122168	13	27256547	27256629	+	ENSG00000122026	own-gene 3' UTR	1	ENSG00000122026	True	True	d	/home/sharedFolder/humanSTARindex/Homo_sapiens.GRCh38.99.gtf
148006	14	103344373	103345690	+	ENSG00000100664	own-gene 3' UTR	1	ENSG00000100664	True	True	d	/home/sharedFolder/humanSTARindex/Homo_sapiens.GRCh38.99.gtf
384069	5	150405743	150406300	-	ENSG00000019582	own-gene 3' UTR	1	ENSG00000019582	True	True	d	/home/sharedFolder/humanSTARindex/Homo_sapiens.GRCh38.99.gtf
368091	5	59587046	59587778	-	ENSG00000113448	intronic (same-strand gene body)	1		True	False	d	/home/sharedFolder/humanSTARindex/Homo_sapiens.GRCh38.99.gtf
166833	16	2771295	2771412	+	ENSG00000167978	own-gene 3' UTR	1	ENSG00000167978	True	True	d	/home/sharedFolder/humanSTARindex/Homo_sapiens.GRCh38.99.gtf
344569	4	56678556	56681091	-	ENSG00000171476	exonic, not 3' UTR	1		True	True	d	/home/sharedFolder/humanSTARindex/Homo_sapiens.GRCh38.99.gtf
434386	7	98293133	98293543	-	ENSG00000006453	own-gene 3' UTR	1	ENSG00000006453	True	True	d	/home/sharedFolder/humanSTARindex/Homo_sapiens.GRCh38.99.gtf
169715	16	15037684	15037695	+	ENSG00000179889	own-gene 3' UTR	1	ENSG00000179889	True	True	d	/home/sharedFolder/humanSTARindex/Homo_sapiens.GRCh38.99.gtf
350790	4	102631487	102631502	-	ENSG00000109323	own-gene 3' UTR	1	ENSG00000109323	True	True	d	/home/sharedFolder/humanSTARindex/Homo_sapiens.GRCh38.99.gtf
166148	16	717110	717480	+	ENSG00000103260	own-gene 3' UTR	1	ENSG00000103260	True	True	d	/home/sharedFolder/humanSTARindex/Homo_sapiens.GRCh38.99.gtf
455160	8	60621998	60622001	+	ENSG00000104388	own-gene 3' UTR	1	ENSG00000104388	True	True	d	/home/sharedFolder/humanSTARindex/Homo_sapiens.GRCh38.99.gtf
49091	10	3776552	3776738	-	ENSG00000067082	own-gene 3' UTR	1	ENSG00000067082	True	True	d	/home/sharedFolder/humanSTARindex/Homo_sapiens.GRCh38.99.gtf
330330	3	169083506	169083941	-	ENSG00000085276	own-gene 3' UTR	1	ENSG00000085276	True	True	d	/home/sharedFolder/humanSTARindex/Homo_sapiens.GRCh38.99.gtf
95538	12	6964188	6964447	+	ENSG00000111679	exonic, not 3' UTR	2		False	True	d	/home/sharedFolder/humanSTARindex/Homo_sapiens.GRCh38.99.gtf
79553	11	57769592	57771499	+	ENSG00000288534	intronic (same-strand gene body)	3		True	False	d	/home/sharedFolder/humanSTARindex/Homo_sapiens.GRCh38.99.gtf
31819	1	160289272	160289373	-	ENSG00000122218	own-gene 3' UTR	1	ENSG00000122218	True	True	d	/home/sharedFolder/humanSTARindex/Homo_sapiens.GRCh38.99.gtf
249272	2	85658848	85659254	-	ENSG00000168878	own-gene 3' UTR	1	ENSG00000168878	True	True	d	/home/sharedFolder/humanSTARindex/Homo_sapiens.GRCh38.99.gtf
434383	7	98291648	98292031	-	ENSG00000006453	own-gene 3' UTR	1	ENSG00000006453	True	True	d	/home/sharedFolder/humanSTARindex/Homo_sapiens.GRCh38.99.gtf
487227	9	137738657	137739265	+	ENSG00000181090	exonic, not 3' UTR	1		True	True	d	/home/sharedFolder/humanSTARindex/Homo_sapiens.GRCh38.99.gtf
285334	20	50123882	50124571	-	ENSG00000124208	other-gene 3' UTR	2	ENSG00000240849	True	True	d	/home/sharedFolder/humanSTARindex/Homo_sapiens.GRCh38.99.gtf
499347	X	103675497	103675498	-	ENSG00000123562	own-gene 3' UTR	1	ENSG00000123562	True	True	d	/home/sharedFolder/humanSTARindex/Homo_sapiens.GRCh38.99.gtf
184690	17	1650628	1650631	-	ENSG00000174231	own-gene 3' UTR	1	ENSG00000174231	True	True	d	/home/sharedFolder/humanSTARindex/Homo_sapiens.GRCh38.99.gtf
211473	18	23531436	23532058	-	ENSG00000141458	own-gene 3' UTR	1	ENSG00000141458	True	True	d	/home/sharedFolder/humanSTARindex/Homo_sapiens.GRCh38.99.gtf
485921	9	131648944	131649809	-	ENSG00000107263	intronic (same-strand gene body)	1		True	False	d	/home/sharedFolder/humanSTARindex/Homo_sapiens.GRCh38.99.gtf
312833	3	51957453	51957460	-	ENSG00000090097	own-gene 3' UTR	1	ENSG00000090097	True	True	d	/home/sharedFolder/humanSTARindex/Homo_sapiens.GRCh38.99.gtf
377844	5	115613431	115613914	-	ENSG00000251201	other-gene 3' UTR	2	ENSG00000134970	True	True	d	/home/sharedFolder/humanSTARindex/Homo_sapiens.GRCh38.99.gtf
217867	19	1279227	1279228	+	ENSG00000099622	other-gene 3' UTR	1	ENSG00000228300	False	True	d	/home/sharedFolder/humanSTARindex/Homo_sapiens.GRCh38.99.gtf
470796	9	33164741	33165679	-	ENSG00000086062	intronic (same-strand gene body)	1		True	False	d	/home/sharedFolder/humanSTARindex/Homo_sapiens.GRCh38.99.gtf
95517	12	6941956	6942321	+	ENSG00000111676	own-gene 3' UTR	1	ENSG00000111676	True	True	d	/home/sharedFolder/humanSTARindex/Homo_sapiens.GRCh38.99.gtf
104725	12	51243765	51243790	+	ENSG00000183283	own-gene 3' UTR	1	ENSG00000183283	True	True	d	/home/sharedFolder/humanSTARindex/Homo_sapiens.GRCh38.99.gtf
222271	19	12762998	12763331	-	ENSG00000095066	own-gene 3' UTR	1	ENSG00000095066	True	True	d	/home/sharedFolder/humanSTARindex/Homo_sapiens.GRCh38.99.gtf
281789	20	35277262	35277432	-	ENSG00000126005	own-gene 3' UTR	2	ENSG00000126005	True	True	d	/home/sharedFolder/humanSTARindex/Homo_sapiens.GRCh38.99.gtf
171704	16	21834581	21834675	-	ENSG00000185864	own-gene 3' UTR	1	ENSG00000185864	True	True	d	/home/sharedFolder/humanSTARindex/Homo_sapiens.GRCh38.99.gtf
330843	3	170359447	170359510	+	ENSG00000136603	intronic (same-strand gene body)	1		True	False	d	/home/sharedFolder/humanSTARindex/Homo_sapiens.GRCh38.99.gtf
138483	14	58273471	58274319	+	ENSG00000100567	outside any same-strand gene	0		False	False	d	/home/sharedFolder/humanSTARindex/Homo_sapiens.GRCh38.99.gtf
32638	1	161958505	161959526	+	ENSG00000118217	own-gene 3' UTR	1	ENSG00000118217	True	True	d	/home/sharedFolder/humanSTARindex/Homo_sapiens.GRCh38.99.gtf
77249	11	33709995	33710033	-	ENSG00000284969	own-gene 3' UTR	2	ENSG00000085063,ENSG00000284969	True	True	d	/home/sharedFolder/humanSTARindex/Homo_sapiens.GRCh38.99.gtf
292139	21	37202346	37203107	+	ENSG00000182670	own-gene 3' UTR	1	ENSG00000182670	True	True	d	/home/sharedFolder/humanSTARindex/Homo_sapiens.GRCh38.99.gtf
138480	14	58271935	58272004	+	ENSG00000100567	own-gene 3' UTR	1	ENSG00000100567	True	True	d	/home/sharedFolder/humanSTARindex/Homo_sapiens.GRCh38.99.gtf
28677	1	150574555	150574558	-	ENSG00000143384	own-gene 3' UTR	1	ENSG00000143384	True	True	d	/home/sharedFolder/humanSTARindex/Homo_sapiens.GRCh38.99.gtf
299679	22	38778506	38778508	-	ENSG00000100242	other-gene 3' UTR	2	ENSG00000100246	True	True	d	/home/sharedFolder/humanSTARindex/Homo_sapiens.GRCh38.99.gtf
113759	12	103947768	103947962	+	ENSG00000166598	own-gene 3' UTR	1	ENSG00000166598	True	True	d	/home/sharedFolder/humanSTARindex/Homo_sapiens.GRCh38.99.gtf
85136	11	77321550	77322392	-	ENSG00000149269	own-gene 3' UTR	1	ENSG00000149269	True	True	d	/home/sharedFolder/humanSTARindex/Homo_sapiens.GRCh38.99.gtf
77240	11	33705282	33705680	-	ENSG00000284969	other-gene 3' UTR	2	ENSG00000085063	True	True	d	/home/sharedFolder/humanSTARindex/Homo_sapiens.GRCh38.99.gtf
44704	1	230281771	230282124	+	ENSG00000143641	own-gene 3' UTR	1	ENSG00000143641	True	True	d	/home/sharedFolder/humanSTARindex/Homo_sapiens.GRCh38.99.gtf
419591	7	6461741	6462106	-	ENSG00000164535	other-gene 3' UTR	2	ENSG00000136240	True	True	d	/home/sharedFolder/humanSTARindex/Homo_sapiens.GRCh38.99.gtf
281482	20	34540955	34540996	+	ENSG00000078747	other-gene 3' UTR	1	ENSG00000125971	False	True	d	/home/sharedFolder/humanSTARindex/Homo_sapiens.GRCh38.99.gtf
300465	22	40824440	40824840	-	ENSG00000100380	own-gene 3' UTR	1	ENSG00000100380	True	True	d	/home/sharedFolder/humanSTARindex/Homo_sapiens.GRCh38.99.gtf
446575	7	158730996	158731002	-	ENSG00000117868	own-gene 3' UTR	1	ENSG00000117868	True	True	d	/home/sharedFolder/humanSTARindex/Homo_sapiens.GRCh38.99.gtf
80536	11	62515901	62515971	-	ENSG00000124942	own-gene 3' UTR	1	ENSG00000124942	True	True	d	/home/sharedFolder/humanSTARindex/Homo_sapiens.GRCh38.99.gtf
318820	3	105576897	105576911	+	ENSG00000170017	own-gene 3' UTR	1	ENSG00000170017	True	True	d	/home/sharedFolder/humanSTARindex/Homo_sapiens.GRCh38.99.gtf
449135	8	18056414	18056581	-	ENSG00000104763	own-gene 3' UTR	1	ENSG00000104763	True	True	d	/home/sharedFolder/humanSTARindex/Homo_sapiens.GRCh38.99.gtf
451743	8	30785615	30785616	-	ENSG00000104695	own-gene 3' UTR	1	ENSG00000104695	True	True	d	/home/sharedFolder/humanSTARindex/Homo_sapiens.GRCh38.99.gtf
309254	3	37366358	37366749	+	ENSG00000144674	own-gene 3' UTR	1	ENSG00000144674	True	True	d	/home/sharedFolder/humanSTARindex/Homo_sapiens.GRCh38.99.gtf
222277	19	12773223	12774733	-	ENSG00000095066	exonic, not 3' UTR	1		True	True	d	/home/sharedFolder/humanSTARindex/Homo_sapiens.GRCh38.99.gtf
171458	16	21402147	21402241	-	ENSG00000169246	own-gene 3' UTR	1	ENSG00000169246	True	True	d	/home/sharedFolder/humanSTARindex/Homo_sapiens.GRCh38.99.gtf
145088	14	90408242	90408268	+	ENSG00000198668	own-gene 3' UTR	1	ENSG00000198668	True	True	d	/home/sharedFolder/humanSTARindex/Homo_sapiens.GRCh38.99.gtf
105733	12	55725389	55725535	-	ENSG00000135404	own-gene 3' UTR	1	ENSG00000135404	True	True	d	/home/sharedFolder/humanSTARindex/Homo_sapiens.GRCh38.99.gtf
370747	5	71071238	71072035	-	ENSG00000145736	outside any same-strand gene	0		False	False	d	/home/sharedFolder/humanSTARindex/Homo_sapiens.GRCh38.99.gtf
96456	12	9752890	9753507	-	ENSG00000110848	own-gene 3' UTR	1	ENSG00000110848	True	True	d	/home/sharedFolder/humanSTARindex/Homo_sapiens.GRCh38.99.gtf
242460	2	44318762	44318765	-	ENSG00000138078	own-gene 3' UTR	1	ENSG00000138078	True	True	d	/home/sharedFolder/humanSTARindex/Homo_sapiens.GRCh38.99.gtf
186615	17	7354329	7354944	+	ENSG00000072818	other-gene 3' UTR	1	ENSG00000213859	False	True	d	/home/sharedFolder/humanSTARindex/Homo_sapiens.GRCh38.99.gtf
245463	2	62136017	62136058	+	ENSG00000173163	own-gene 3' UTR	1	ENSG00000173163	True	True	d	/home/sharedFolder/humanSTARindex/Homo_sapiens.GRCh38.99.gtf
147197	14	101766131	101767049	+	ENSG00000078304	own-gene 3' UTR	1	ENSG00000078304	True	True	d	/home/sharedFolder/humanSTARindex/Homo_sapiens.GRCh38.99.gtf
199998	17	59842142	59842255	+	ENSG00000062716	own-gene 3' UTR	1	ENSG00000062716	True	True	d	/home/sharedFolder/humanSTARindex/Homo_sapiens.GRCh38.99.gtf
133855	14	31100111	31100449	-	ENSG00000092148	own-gene 3' UTR	1	ENSG00000092148	True	True	d	/home/sharedFolder/humanSTARindex/Homo_sapiens.GRCh38.99.gtf
71292	10	129767106	129767107	+	ENSG00000170430	own-gene 3' UTR	1	ENSG00000170430	True	True	d	/home/sharedFolder/humanSTARindex/Homo_sapiens.GRCh38.99.gtf
217575	19	582865	582909	+	ENSG00000172270	own-gene 3' UTR	1	ENSG00000172270	True	True	d	/home/sharedFolder/humanSTARindex/Homo_sapiens.GRCh38.99.gtf
71839	11	315072	315272	+	ENSG00000185201	own-gene 3' UTR	2	ENSG00000185201,ENSG00000185885	True	True	d	/home/sharedFolder/humanSTARindex/Homo_sapiens.GRCh38.99.gtf
161574	15	78283234	78283235	-	ENSG00000140395	own-gene 3' UTR	1	ENSG00000140395	True	True	d	/home/sharedFolder/humanSTARindex/Homo_sapiens.GRCh38.99.gtf
308286	3	32454833	32454847	+	ENSG00000153551	own-gene 3' UTR	1	ENSG00000153551	True	True	d	/home/sharedFolder/humanSTARindex/Homo_sapiens.GRCh38.99.gtf
377819	5	115578371	115579461	-	ENSG00000251201	own-gene 3' UTR	2	ENSG00000243414,ENSG00000251201	True	True	d	/home/sharedFolder/humanSTARindex/Homo_sapiens.GRCh38.99.gtf
41760	1	212614903	212616527	+	ENSG00000162772	exonic, not 3' UTR	1		True	True	d	/home/sharedFolder/humanSTARindex/Homo_sapiens.GRCh38.99.gtf
241910	2	42332153	42332548	+	ENSG00000143924	own-gene 3' UTR	1	ENSG00000143924	True	True	d	/home/sharedFolder/humanSTARindex/Homo_sapiens.GRCh38.99.gtf
75872	11	18407236	18407452	+	ENSG00000134333	own-gene 3' UTR	1	ENSG00000134333	True	True	d	/home/sharedFolder/humanSTARindex/Homo_sapiens.GRCh38.99.gtf
219478	19	5685246	5685600	+	ENSG00000130255	other-gene 3' UTR	2	ENSG00000167733	True	True	d	/home/sharedFolder/humanSTARindex/Homo_sapiens.GRCh38.99.gtf
79566	11	57788907	57789709	+	ENSG00000288534	own-gene 3' UTR	3	ENSG00000288534	True	True	d	/home/sharedFolder/humanSTARindex/Homo_sapiens.GRCh38.99.gtf
324566	3	131001321	131002239	+	ENSG00000017260	own-gene 3' UTR	1	ENSG00000017260	True	True	d	/home/sharedFolder/humanSTARindex/Homo_sapiens.GRCh38.99.gtf
195020	17	42313381	42313819	-	ENSG00000168610	own-gene 3' UTR	1	ENSG00000168610	True	True	d	/home/sharedFolder/humanSTARindex/Homo_sapiens.GRCh38.99.gtf
350694	4	102538648	102539271	+	ENSG00000109320	intronic (same-strand gene body)	1		True	False	d	/home/sharedFolder/humanSTARindex/Homo_sapiens.GRCh38.99.gtf
386410	5	171406733	171406734	+	ENSG00000181163	own-gene 3' UTR	1	ENSG00000181163	True	True	d	/home/sharedFolder/humanSTARindex/Homo_sapiens.GRCh38.99.gtf
81228	11	64349828	64350778	+	ENSG00000168071	exonic, not 3' UTR	1		True	True	d	/home/sharedFolder/humanSTARindex/Homo_sapiens.GRCh38.99.gtf
157008	15	60361893	60362448	-	ENSG00000182718	intronic (same-strand gene body)	1		True	False	d	/home/sharedFolder/humanSTARindex/Homo_sapiens.GRCh38.99.gtf
157036	15	60388405	60389315	-	ENSG00000182718	intronic (same-strand gene body)	1		True	False	d	/home/sharedFolder/humanSTARindex/Homo_sapiens.GRCh38.99.gtf
384401	5	151742821	151742822	-	ENSG00000177556	own-gene 3' UTR	1	ENSG00000177556	True	True	d	/home/sharedFolder/humanSTARindex/Homo_sapiens.GRCh38.99.gtf
462424	8	117799362	117799850	-	ENSG00000182197	own-gene 3' UTR	1	ENSG00000182197	True	True	d	/home/sharedFolder/humanSTARindex/Homo_sapiens.GRCh38.99.gtf
80643	11	62672372	62672380	+	ENSG00000214756	other-gene 3' UTR	1	ENSG00000204922	False	True	d	/home/sharedFolder/humanSTARindex/Homo_sapiens.GRCh38.99.gtf
375632	5	96774682	96774683	+	ENSG00000153113	own-gene 3' UTR	1	ENSG00000153113	True	True	d	/home/sharedFolder/humanSTARindex/Homo_sapiens.GRCh38.99.gtf
125961	13	48261231	48261388	+	ENSG00000136156	own-gene 3' UTR	1	ENSG00000136156	True	True	d	/home/sharedFolder/humanSTARindex/Homo_sapiens.GRCh38.99.gtf
201367	17	63702831	63703233	-	ENSG00000266173	own-gene 3' UTR	2	ENSG00000125695,ENSG00000266173	True	True	d	/home/sharedFolder/humanSTARindex/Homo_sapiens.GRCh38.99.gtf
388365	5	179842047	179843695	+	ENSG00000161011	outside any same-strand gene	0		False	False	d	/home/sharedFolder/humanSTARindex/Homo_sapiens.GRCh38.99.gtf
155456	15	52547100	52547244	-	ENSG00000128989	own-gene 3' UTR	1	ENSG00000128989	True	True	d	/home/sharedFolder/humanSTARindex/Homo_sapiens.GRCh38.99.gtf
375622	5	96773052	96773055	+	ENSG00000153113	own-gene 3' UTR	1	ENSG00000153113	True	True	d	/home/sharedFolder/humanSTARindex/Homo_sapiens.GRCh38.99.gtf
347596	4	82818660	82818719	-	ENSG00000138674	own-gene 3' UTR	1	ENSG00000138674	True	True	d	/home/sharedFolder/humanSTARindex/Homo_sapiens.GRCh38.99.gtf
30079	1	154582056	154582103	-	ENSG00000160710	own-gene 3' UTR	1	ENSG00000160710	True	True	d	/home/sharedFolder/humanSTARindex/Homo_sapiens.GRCh38.99.gtf
239235	2	28800940	28801037	+	ENSG00000213639	own-gene 3' UTR	2	ENSG00000213639	True	True	d	/home/sharedFolder/humanSTARindex/Homo_sapiens.GRCh38.99.gtf
368577	5	61430652	61431672	+	ENSG00000130449	intronic (same-strand gene body)	1		True	False	d	/home/sharedFolder/humanSTARindex/Homo_sapiens.GRCh38.99.gtf
279146	20	17600618	17601109	+	ENSG00000125868	exonic, not 3' UTR	1		True	True	d	/home/sharedFolder/humanSTARindex/Homo_sapiens.GRCh38.99.gtf
346591	4	77047154	77047260	-	ENSG00000118816	own-gene 3' UTR	1	ENSG00000118816	True	True	d	/home/sharedFolder/humanSTARindex/Homo_sapiens.GRCh38.99.gtf
79588	11	57818777	57819405	+	ENSG00000288534	other-gene 3' UTR	1	ENSG00000198561	False	True	d	/home/sharedFolder/humanSTARindex/Homo_sapiens.GRCh38.99.gtf
388345	5	179829090	179830020	+	ENSG00000161011	intronic (same-strand gene body)	1		True	False	d	/home/sharedFolder/humanSTARindex/Homo_sapiens.GRCh38.99.gtf
80995	11	63759645	63759891	+	ENSG00000133318	own-gene 3' UTR	1	ENSG00000133318	True	True	d	/home/sharedFolder/humanSTARindex/Homo_sapiens.GRCh38.99.gtf
81230	11	64357524	64357534	+	ENSG00000168071	own-gene 3' UTR	1	ENSG00000168071	True	True	d	/home/sharedFolder/humanSTARindex/Homo_sapiens.GRCh38.99.gtf
237617	2	24357775	24358564	-	ENSG00000198399	intronic (same-strand gene body)	1		True	False	d	/home/sharedFolder/humanSTARindex/Homo_sapiens.GRCh38.99.gtf
318817	3	105576060	105576223	+	ENSG00000170017	own-gene 3' UTR	1	ENSG00000170017	True	True	d	/home/sharedFolder/humanSTARindex/Homo_sapiens.GRCh38.99.gtf
344226	4	55425949	55426175	+	ENSG00000134851	own-gene 3' UTR	1	ENSG00000134851	True	True	d	/home/sharedFolder/humanSTARindex/Homo_sapiens.GRCh38.99.gtf
297225	22	28794832	28795186	-	ENSG00000100219	own-gene 3' UTR	1	ENSG00000100219	True	True	d	/home/sharedFolder/humanSTARindex/Homo_sapiens.GRCh38.99.gtf
129669	13	97393610	97394120	+	ENSG00000139793	own-gene 3' UTR	1	ENSG00000139793	True	True	d	/home/sharedFolder/humanSTARindex/Homo_sapiens.GRCh38.99.gtf
401923	6	63583276	63583385	+	ENSG00000112245	own-gene 3' UTR	2	ENSG00000112245,ENSG00000285976	True	True	d	/home/sharedFolder/humanSTARindex/Homo_sapiens.GRCh38.99.gtf
157022	15	60372687	60373306	-	ENSG00000182718	intronic (same-strand gene body)	1		True	False	d	/home/sharedFolder/humanSTARindex/Homo_sapiens.GRCh38.99.gtf
322917	3	122879359	122880144	+	ENSG00000138463	own-gene 3' UTR	1	ENSG00000138463	True	True	d	/home/sharedFolder/humanSTARindex/Homo_sapiens.GRCh38.99.gtf
204466	17	75135987	75135988	-	ENSG00000189159	own-gene 3' UTR	1	ENSG00000189159	True	True	d	/home/sharedFolder/humanSTARindex/Homo_sapiens.GRCh38.99.gtf
111374	12	92143461	92144437	-	ENSG00000133639	own-gene 3' UTR	1	ENSG00000133639	True	True	d	/home/sharedFolder/humanSTARindex/Homo_sapiens.GRCh38.99.gtf
156996	15	60347325	60347549	-	ENSG00000182718	own-gene 3' UTR	1	ENSG00000182718	True	True	d	/home/sharedFolder/humanSTARindex/Homo_sapiens.GRCh38.99.gtf
380428	5	134157040	134157119	-	ENSG00000113558	own-gene 3' UTR	1	ENSG00000113558	True	True	d	/home/sharedFolder/humanSTARindex/Homo_sapiens.GRCh38.99.gtf
21173	1	100026371	100026892	+	ENSG00000117620	own-gene 3' UTR	2	ENSG00000117620	True	True	d	/home/sharedFolder/humanSTARindex/Homo_sapiens.GRCh38.99.gtf
231237	19	47784685	47784686	+	ENSG00000178980	exonic, not 3' UTR	1		True	True	d	/home/sharedFolder/humanSTARindex/Homo_sapiens.GRCh38.99.gtf
72329	11	1837520	1837521	+	ENSG00000149043	own-gene 3' UTR	1	ENSG00000149043	True	True	d	/home/sharedFolder/humanSTARindex/Homo_sapiens.GRCh38.99.gtf
89116	11	108147523	108147603	+	ENSG00000075239	own-gene 3' UTR	1	ENSG00000075239	True	True	d	/home/sharedFolder/humanSTARindex/Homo_sapiens.GRCh38.99.gtf
440693	7	129830731	129830739	-	ENSG00000186591	own-gene 3' UTR	1	ENSG00000186591	True	True	d	/home/sharedFolder/humanSTARindex/Homo_sapiens.GRCh38.99.gtf
387818	5	177596078	177596116	+	ENSG00000184840	own-gene 3' UTR	1	ENSG00000184840	True	True	d	/home/sharedFolder/humanSTARindex/Homo_sapiens.GRCh38.99.gtf
34211	1	171593103	171594240	+	ENSG00000117523	own-gene 3' UTR	1	ENSG00000117523	True	True	d	/home/sharedFolder/humanSTARindex/Homo_sapiens.GRCh38.99.gtf
166924	16	3022235	3022383	+	ENSG00000006327	own-gene 3' UTR	1	ENSG00000006327	True	True	d	/home/sharedFolder/humanSTARindex/Homo_sapiens.GRCh38.99.gtf
249539	2	86503429	86503506	-	ENSG00000115561	own-gene 3' UTR	1	ENSG00000115561	True	True	d	/home/sharedFolder/humanSTARindex/Homo_sapiens.GRCh38.99.gtf
78451	11	46383640	46383806	+	ENSG00000149091	other-gene 3' UTR	1	ENSG00000110492	False	True	d	/home/sharedFolder/humanSTARindex/Homo_sapiens.GRCh38.99.gtf
266783	2	190969263	190969388	-	ENSG00000115415	own-gene 3' UTR	1	ENSG00000115415	True	True	d	/home/sharedFolder/humanSTARindex/Homo_sapiens.GRCh38.99.gtf
294224	21	46664607	46665124	+	ENSG00000160310	own-gene 3' UTR	1	ENSG00000160310	True	True	d	/home/sharedFolder/humanSTARindex/Homo_sapiens.GRCh38.99.gtf
328506	3	152465723	152465780	+	ENSG00000152601	own-gene 3' UTR	1	ENSG00000152601	True	True	d	/home/sharedFolder/humanSTARindex/Homo_sapiens.GRCh38.99.gtf
132323	14	21210519	21210730	-	ENSG00000092199	own-gene 3' UTR	1	ENSG00000092199	True	True	d	/home/sharedFolder/humanSTARindex/Homo_sapiens.GRCh38.99.gtf
286814	20	59028684	59028741	-	ENSG00000124172	own-gene 3' UTR	1	ENSG00000124172	True	True	d	/home/sharedFolder/humanSTARindex/Homo_sapiens.GRCh38.99.gtf
231739	19	48961674	48961798	+	ENSG00000087088	own-gene 3' UTR	1	ENSG00000087088	True	True	d	/home/sharedFolder/humanSTARindex/Homo_sapiens.GRCh38.99.gtf
199991	17	59840238	59840682	+	ENSG00000062716	own-gene 3' UTR	1	ENSG00000062716	True	True	d	/home/sharedFolder/humanSTARindex/Homo_sapiens.GRCh38.99.gtf
129588	13	97224116	97225480	+	ENSG00000139793	intronic (same-strand gene body)	1		True	False	d	/home/sharedFolder/humanSTARindex/Homo_sapiens.GRCh38.99.gtf
457048	8	73984266	73984746	+	ENSG00000175606	exonic, not 3' UTR	1		False	True	d	/home/sharedFolder/humanSTARindex/Homo_sapiens.GRCh38.99.gtf
484869	9	128695968	128696396	+	ENSG00000119335	own-gene 3' UTR	1	ENSG00000119335	True	True	d	/home/sharedFolder/humanSTARindex/Homo_sapiens.GRCh38.99.gtf
475421	9	73165028	73165578	+	ENSG00000135046	exonic, not 3' UTR	1		True	True	d	/home/sharedFolder/humanSTARindex/Homo_sapiens.GRCh38.99.gtf
5197	1	21217246	21217730	-	ENSG00000117298	own-gene 3' UTR	1	ENSG00000117298	True	True	d	/home/sharedFolder/humanSTARindex/Homo_sapiens.GRCh38.99.gtf
328021	3	150541992	150542046	-	ENSG00000120742	own-gene 3' UTR	1	ENSG00000120742	True	True	d	/home/sharedFolder/humanSTARindex/Homo_sapiens.GRCh38.99.gtf
39832	1	203853529	203854312	+	ENSG00000058673	own-gene 3' UTR	2	ENSG00000058673,ENSG00000257315	True	True	d	/home/sharedFolder/humanSTARindex/Homo_sapiens.GRCh38.99.gtf
228689	19	40378482	40378483	+	ENSG00000105223	own-gene 3' UTR	1	ENSG00000105223	True	True	d	/home/sharedFolder/humanSTARindex/Homo_sapiens.GRCh38.99.gtf
230382	19	45471704	45472089	+	ENSG00000125740	own-gene 3' UTR	1	ENSG00000125740	True	True	d	/home/sharedFolder/humanSTARindex/Homo_sapiens.GRCh38.99.gtf
4761	1	19626465	19626629	+	ENSG00000173436	own-gene 3' UTR	3	ENSG00000173436,ENSG00000270136	True	True	d	/home/sharedFolder/humanSTARindex/Homo_sapiens.GRCh38.99.gtf
393220	6	21595613	21597164	+	ENSG00000124766	own-gene 3' UTR	1	ENSG00000124766	True	True	d	/home/sharedFolder/humanSTARindex/Homo_sapiens.GRCh38.99.gtf
77246	11	33709349	33709470	-	ENSG00000284969	other-gene 3' UTR	2	ENSG00000085063	True	True	d	/home/sharedFolder/humanSTARindex/Homo_sapiens.GRCh38.99.gtf
192843	17	35846937	35847242	+	ENSG00000270647	own-gene 3' UTR	1	ENSG00000270647	True	True	d	/home/sharedFolder/humanSTARindex/Homo_sapiens.GRCh38.99.gtf
159061	15	67194774	67195195	+	ENSG00000166949	own-gene 3' UTR	1	ENSG00000166949	True	True	d	/home/sharedFolder/humanSTARindex/Homo_sapiens.GRCh38.99.gtf
434166	7	96688761	96688876	-	ENSG00000127922	own-gene 3' UTR	1	ENSG00000127922	True	True	d	/home/sharedFolder/humanSTARindex/Homo_sapiens.GRCh38.99.gtf
485871	9	131576769	131576775	-	ENSG00000107263	own-gene 3' UTR	1	ENSG00000107263	True	True	d	/home/sharedFolder/humanSTARindex/Homo_sapiens.GRCh38.99.gtf
221021	19	10221432	10221843	-	ENSG00000130816	other-gene 3' UTR	2	ENSG00000267534	True	True	d	/home/sharedFolder/humanSTARindex/Homo_sapiens.GRCh38.99.gtf
80422	11	61966250	61967019	-	ENSG00000167996	exonic, not 3' UTR	1		True	True	d	/home/sharedFolder/humanSTARindex/Homo_sapiens.GRCh38.99.gtf
157030	15	60383075	60383994	-	ENSG00000182718	exonic, not 3' UTR	1		True	True	d	/home/sharedFolder/humanSTARindex/Homo_sapiens.GRCh38.99.gtf
383856	5	149495893	149496155	-	ENSG00000113712	own-gene 3' UTR	2	ENSG00000113712	True	True	d	/home/sharedFolder/humanSTARindex/Homo_sapiens.GRCh38.99.gtf
157032	15	60384966	60385867	-	ENSG00000182718	exonic, not 3' UTR	1		True	True	d	/home/sharedFolder/humanSTARindex/Homo_sapiens.GRCh38.99.gtf
224253	19	18169634	18170615	+	ENSG00000268173	own-gene 3' UTR	2	ENSG00000105647,ENSG00000268173	True	True	d	/home/sharedFolder/humanSTARindex/Homo_sapiens.GRCh38.99.gtf
219479	19	5688135	5688522	+	ENSG00000130255	other-gene 3' UTR	2	ENSG00000167733	True	True	d	/home/sharedFolder/humanSTARindex/Homo_sapiens.GRCh38.99.gtf
60568	10	71816297	71816408	-	ENSG00000197746	own-gene 3' UTR	1	ENSG00000197746	True	True	d	/home/sharedFolder/humanSTARindex/Homo_sapiens.GRCh38.99.gtf
317366	3	88051949	88052475	-	ENSG00000163320	own-gene 3' UTR	1	ENSG00000163320	True	True	d	/home/sharedFolder/humanSTARindex/Homo_sapiens.GRCh38.99.gtf
33731	1	169132500	169132749	+	ENSG00000143153	own-gene 3' UTR	1	ENSG00000143153	True	True	d	/home/sharedFolder/humanSTARindex/Homo_sapiens.GRCh38.99.gtf
232391	19	50483124	50483901	+	ENSG00000161671	own-gene 3' UTR	1	ENSG00000161671	True	True	d	/home/sharedFolder/humanSTARindex/Homo_sapiens.GRCh38.99.gtf
419317	7	5925728	5925976	+	ENSG00000122674	own-gene 3' UTR	1	ENSG00000122674	True	True	d	/home/sharedFolder/humanSTARindex/Homo_sapiens.GRCh38.99.gtf
272780	2	224473898	224473979	-	ENSG00000036257	own-gene 3' UTR	1	ENSG00000036257	True	True	d	/home/sharedFolder/humanSTARindex/Homo_sapiens.GRCh38.99.gtf
33728	1	169131308	169131910	+	ENSG00000143153	own-gene 3' UTR	1	ENSG00000143153	True	True	d	/home/sharedFolder/humanSTARindex/Homo_sapiens.GRCh38.99.gtf
186734	17	7578917	7579006	+	ENSG00000277957	other-gene 3' UTR	2	ENSG00000161960	False	True	d	/home/sharedFolder/humanSTARindex/Homo_sapiens.GRCh38.99.gtf
391547	6	14135721	14135890	+	ENSG00000112149	own-gene 3' UTR	1	ENSG00000112149	True	True	d	/home/sharedFolder/humanSTARindex/Homo_sapiens.GRCh38.99.gtf
211071	18	21700297	21700865	+	ENSG00000101752	outside any same-strand gene	0		False	False	d	/home/sharedFolder/humanSTARindex/Homo_sapiens.GRCh38.99.gtf
285333	20	50123765	50123778	-	ENSG00000124208	other-gene 3' UTR	2	ENSG00000240849	True	True	d	/home/sharedFolder/humanSTARindex/Homo_sapiens.GRCh38.99.gtf
174749	16	30744280	30744281	+	ENSG00000080603	other-gene 3' UTR	3	ENSG00000281991,ENSG00000282034	False	True	d	/home/sharedFolder/humanSTARindex/Homo_sapiens.GRCh38.99.gtf
400594	6	47626507	47627141	+	ENSG00000198087	own-gene 3' UTR	1	ENSG00000198087	True	True	d	/home/sharedFolder/humanSTARindex/Homo_sapiens.GRCh38.99.gtf
348641	4	87140528	87141050	+	ENSG00000172493	own-gene 3' UTR	1	ENSG00000172493	True	True	d	/home/sharedFolder/humanSTARindex/Homo_sapiens.GRCh38.99.gtf
312272	3	49724293	49724890	-	ENSG00000176095	own-gene 3' UTR	1	ENSG00000176095	True	True	d	/home/sharedFolder/humanSTARindex/Homo_sapiens.GRCh38.99.gtf
179345	16	69704220	69704664	+	ENSG00000102908	own-gene 3' UTR	2	ENSG00000102908	True	True	d	/home/sharedFolder/humanSTARindex/Homo_sapiens.GRCh38.99.gtf
206768	17	81241141	81241310	+	ENSG00000224877	own-gene 3' UTR	1	ENSG00000224877	True	True	d	/home/sharedFolder/humanSTARindex/Homo_sapiens.GRCh38.99.gtf
231122	19	47487636	47487642	-	ENSG00000105402	own-gene 3' UTR	2	ENSG00000105402	True	True	d	/home/sharedFolder/humanSTARindex/Homo_sapiens.GRCh38.99.gtf
318524	3	101860818	101860871	+	ENSG00000144802	own-gene 3' UTR	1	ENSG00000144802	True	True	d	/home/sharedFolder/humanSTARindex/Homo_sapiens.GRCh38.99.gtf
47556	1	244853380	244853397	-	ENSG00000153187	own-gene 3' UTR	1	ENSG00000153187	True	True	d	/home/sharedFolder/humanSTARindex/Homo_sapiens.GRCh38.99.gtf
304391	3	10127189	10127190	+	ENSG00000254999	own-gene 3' UTR	1	ENSG00000254999	True	True	d	/home/sharedFolder/humanSTARindex/Homo_sapiens.GRCh38.99.gtf
336529	3	197952136	197953227	-	ENSG00000114473	intronic (same-strand gene body)	1		True	False	d	/home/sharedFolder/humanSTARindex/Homo_sapiens.GRCh38.99.gtf
220984	19	10133344	10133419	-	ENSG00000130816	own-gene 3' UTR	1	ENSG00000130816	True	True	d	/home/sharedFolder/humanSTARindex/Homo_sapiens.GRCh38.99.gtf
375466	5	95954112	95955277	-	ENSG00000118985	intronic (same-strand gene body)	1		True	False	d	/home/sharedFolder/humanSTARindex/Homo_sapiens.GRCh38.99.gtf
232139	19	49860739	49860742	+	ENSG00000104960	own-gene 3' UTR	1	ENSG00000104960	True	True	d	/home/sharedFolder/humanSTARindex/Homo_sapiens.GRCh38.99.gtf
63264	10	84153050	84153323	+	ENSG00000165678	own-gene 3' UTR	1	ENSG00000165678	True	True	d	/home/sharedFolder/humanSTARindex/Homo_sapiens.GRCh38.99.gtf
279155	20	17607125	17607538	+	ENSG00000125868	own-gene 3' UTR	1	ENSG00000125868	True	True	d	/home/sharedFolder/humanSTARindex/Homo_sapiens.GRCh38.99.gtf
109161	12	71609598	71610073	-	ENSG00000133858	own-gene 3' UTR	1	ENSG00000133858	True	True	d	/home/sharedFolder/humanSTARindex/Homo_sapiens.GRCh38.99.gtf
256998	2	130370143	130370444	+	ENSG00000072135	own-gene 3' UTR	1	ENSG00000072135	True	True	d	/home/sharedFolder/humanSTARindex/Homo_sapiens.GRCh38.99.gtf
44628	1	230069136	230069933	+	ENSG00000143641	intronic (same-strand gene body)	1		True	False	d	/home/sharedFolder/humanSTARindex/Homo_sapiens.GRCh38.99.gtf
376874	5	109334703	109336286	-	ENSG00000198961	own-gene 3' UTR	1	ENSG00000198961	True	True	d	/home/sharedFolder/humanSTARindex/Homo_sapiens.GRCh38.99.gtf
123007	13	31143783	31144138	-	ENSG00000120694	own-gene 3' UTR	1	ENSG00000120694	True	True	d	/home/sharedFolder/humanSTARindex/Homo_sapiens.GRCh38.99.gtf
72594	11	3000926	3000933	-	ENSG00000110619	own-gene 3' UTR	1	ENSG00000110619	True	True	d	/home/sharedFolder/humanSTARindex/Homo_sapiens.GRCh38.99.gtf
336486	3	197889064	197889425	-	ENSG00000114473	own-gene 3' UTR	1	ENSG00000114473	True	True	d	/home/sharedFolder/humanSTARindex/Homo_sapiens.GRCh38.99.gtf
186566	17	7254679	7254913	+	ENSG00000170291	own-gene 3' UTR	1	ENSG00000170291	True	True	d	/home/sharedFolder/humanSTARindex/Homo_sapiens.GRCh38.99.gtf
347736	4	83086101	83086126	-	ENSG00000145287	outside any same-strand gene	0		False	False	d	/home/sharedFolder/humanSTARindex/Homo_sapiens.GRCh38.99.gtf
415864	6	158797853	158799278	-	ENSG00000092820	intronic (same-strand gene body)	1		True	False	d	/home/sharedFolder/humanSTARindex/Homo_sapiens.GRCh38.99.gtf
432691	7	88205112	88205448	-	ENSG00000075142	own-gene 3' UTR	1	ENSG00000075142	True	True	d	/home/sharedFolder/humanSTARindex/Homo_sapiens.GRCh38.99.gtf
301072	22	41906957	41907305	+	ENSG00000198911	own-gene 3' UTR	1	ENSG00000198911	True	True	d	/home/sharedFolder/humanSTARindex/Homo_sapiens.GRCh38.99.gtf
30218	1	155138849	155138853	+	ENSG00000169242	other-gene 3' UTR	1	ENSG00000169241	False	True	d	/home/sharedFolder/humanSTARindex/Homo_sapiens.GRCh38.99.gtf
91278	11	118747762	118749033	-	ENSG00000110367	own-gene 3' UTR	1	ENSG00000110367	True	True	d	/home/sharedFolder/humanSTARindex/Homo_sapiens.GRCh38.99.gtf
377488	5	112876384	112876734	-	ENSG00000129625	own-gene 3' UTR	1	ENSG00000129625	True	True	d	/home/sharedFolder/humanSTARindex/Homo_sapiens.GRCh38.99.gtf
236981	2	20249694	20250766	-	ENSG00000055917	own-gene 3' UTR	1	ENSG00000055917	True	True	d	/home/sharedFolder/humanSTARindex/Homo_sapiens.GRCh38.99.gtf
47537	1	244843151	244843297	+	ENSG00000203667	own-gene 3' UTR	1	ENSG00000203667	True	True	d	/home/sharedFolder/humanSTARindex/Homo_sapiens.GRCh38.99.gtf
72616	11	3055271	3055948	-	ENSG00000110619	intronic (same-strand gene body)	1		True	False	d	/home/sharedFolder/humanSTARindex/Homo_sapiens.GRCh38.99.gtf
223547	19	16550845	16550850	-	ENSG00000141979	other-gene 3' UTR	2	ENSG00000127526	True	True	d	/home/sharedFolder/humanSTARindex/Homo_sapiens.GRCh38.99.gtf
246347	2	65086852	65086856	-	ENSG00000138069	own-gene 3' UTR	1	ENSG00000138069	True	True	d	/home/sharedFolder/humanSTARindex/Homo_sapiens.GRCh38.99.gtf
106028	12	56159564	56160717	+	ENSG00000196465	other-gene 3' UTR	2	ENSG00000092841	True	True	d	/home/sharedFolder/humanSTARindex/Homo_sapiens.GRCh38.99.gtf
80658	11	62690238	62690280	-	ENSG00000234857	own-gene 3' UTR	2	ENSG00000168000,ENSG00000234857	True	True	d	/home/sharedFolder/humanSTARindex/Homo_sapiens.GRCh38.99.gtf
499135	X	101626843	101627843	+	ENSG00000102401	own-gene 3' UTR	1	ENSG00000102401	True	True	d	/home/sharedFolder/humanSTARindex/Homo_sapiens.GRCh38.99.gtf
373133	5	80650499	80650897	-	ENSG00000228716	intronic (same-strand gene body)	1		True	False	d	/home/sharedFolder/humanSTARindex/Homo_sapiens.GRCh38.99.gtf
436986	7	105565107	105565510	-	ENSG00000185055	own-gene 3' UTR	1	ENSG00000185055	True	True	d	/home/sharedFolder/humanSTARindex/Homo_sapiens.GRCh38.99.gtf
376272	5	103029712	103029716	+	ENSG00000145730	own-gene 3' UTR	1	ENSG00000145730	True	True	d	/home/sharedFolder/humanSTARindex/Homo_sapiens.GRCh38.99.gtf
84704	11	75421822	75422302	+	ENSG00000149273	own-gene 3' UTR	1	ENSG00000149273	True	True	d	/home/sharedFolder/humanSTARindex/Homo_sapiens.GRCh38.99.gtf
98446	12	15881628	15882221	-	ENSG00000151491	exonic, not 3' UTR	1		True	True	d	/home/sharedFolder/humanSTARindex/Homo_sapiens.GRCh38.99.gtf
28746	1	150626704	150627490	-	ENSG00000143420	own-gene 3' UTR	1	ENSG00000143420	True	True	d	/home/sharedFolder/humanSTARindex/Homo_sapiens.GRCh38.99.gtf
199843	17	59693825	59695004	+	ENSG00000141367	own-gene 3' UTR	1	ENSG00000141367	True	True	d	/home/sharedFolder/humanSTARindex/Homo_sapiens.GRCh38.99.gtf
371578	5	75371807	75372864	-	ENSG00000113163	own-gene 3' UTR	1	ENSG00000113163	True	True	d	/home/sharedFolder/humanSTARindex/Homo_sapiens.GRCh38.99.gtf
485831	9	131499722	131500197	+	ENSG00000130723	own-gene 3' UTR	1	ENSG00000130723	True	True	d	/home/sharedFolder/humanSTARindex/Homo_sapiens.GRCh38.99.gtf
32641	1	161963686	161964137	+	ENSG00000118217	own-gene 3' UTR	1	ENSG00000118217	True	True	d	/home/sharedFolder/humanSTARindex/Homo_sapiens.GRCh38.99.gtf
276145	2	241042221	241044153	+	ENSG00000162804	intronic (same-strand gene body)	1		True	False	d	/home/sharedFolder/humanSTARindex/Homo_sapiens.GRCh38.99.gtf
200003	17	59844203	59845075	+	ENSG00000062716	outside any same-strand gene	0		False	False	d	/home/sharedFolder/humanSTARindex/Homo_sapiens.GRCh38.99.gtf
113555	12	101923124	101923623	+	ENSG00000136048	own-gene 3' UTR	1	ENSG00000136048	True	True	d	/home/sharedFolder/humanSTARindex/Homo_sapiens.GRCh38.99.gtf
160338	15	73560013	73560018	-	ENSG00000156642	own-gene 3' UTR	1	ENSG00000156642	True	True	d	/home/sharedFolder/humanSTARindex/Homo_sapiens.GRCh38.99.gtf
388265	5	179730637	179730656	+	ENSG00000127022	own-gene 3' UTR	1	ENSG00000127022	True	True	d	/home/sharedFolder/humanSTARindex/Homo_sapiens.GRCh38.99.gtf
271493	2	216206280	216206281	+	ENSG00000079246	own-gene 3' UTR	1	ENSG00000079246	True	True	d	/home/sharedFolder/humanSTARindex/Homo_sapiens.GRCh38.99.gtf
282206	20	35955324	35955368	+	ENSG00000025293	other-gene 3' UTR	1	ENSG00000149646	False	True	d	/home/sharedFolder/humanSTARindex/Homo_sapiens.GRCh38.99.gtf
125963	13	48261572	48262091	+	ENSG00000136156	own-gene 3' UTR	1	ENSG00000136156	True	True	d	/home/sharedFolder/humanSTARindex/Homo_sapiens.GRCh38.99.gtf
81958	11	66068891	66068892	+	ENSG00000087365	own-gene 3' UTR	1	ENSG00000087365	True	True	d	/home/sharedFolder/humanSTARindex/Homo_sapiens.GRCh38.99.gtf
234081	19	55487203	55487570	+	ENSG00000197483	other-gene 3' UTR	1	ENSG00000090971	False	True	d	/home/sharedFolder/humanSTARindex/Homo_sapiens.GRCh38.99.gtf
157024	15	60377399	60378822	-	ENSG00000182718	intronic (same-strand gene body)	1		True	False	d	/home/sharedFolder/humanSTARindex/Homo_sapiens.GRCh38.99.gtf
381014	5	137751570	137751573	-	ENSG00000177733	own-gene 3' UTR	1	ENSG00000177733	True	True	d	/home/sharedFolder/humanSTARindex/Homo_sapiens.GRCh38.99.gtf
121071	13	20086036	20086745	+	ENSG00000121741	own-gene 3' UTR	1	ENSG00000121741	True	True	d	/home/sharedFolder/humanSTARindex/Homo_sapiens.GRCh38.99.gtf
256601	2	127480806	127480865	-	ENSG00000163166	own-gene 3' UTR	1	ENSG00000163166	True	True	d	/home/sharedFolder/humanSTARindex/Homo_sapiens.GRCh38.99.gtf
79532	11	57740969	57740973	+	ENSG00000288534	other-gene 3' UTR	2	ENSG00000213593	True	True	d	/home/sharedFolder/humanSTARindex/Homo_sapiens.GRCh38.99.gtf
416378	6	160106546	160106551	+	ENSG00000197081	own-gene 3' UTR	1	ENSG00000197081	True	True	d	/home/sharedFolder/humanSTARindex/Homo_sapiens.GRCh38.99.gtf
198526	17	50964738	50966283	-	ENSG00000008294	own-gene 3' UTR	1	ENSG00000008294	True	True	d	/home/sharedFolder/humanSTARindex/Homo_sapiens.GRCh38.99.gtf
152594	15	42210527	42210532	-	ENSG00000103978	own-gene 3' UTR	1	ENSG00000103978	True	True	d	/home/sharedFolder/humanSTARindex/Homo_sapiens.GRCh38.99.gtf
162501	15	82848969	82849346	-	ENSG00000103942	own-gene 3' UTR	1	ENSG00000103942	True	True	d	/home/sharedFolder/humanSTARindex/Homo_sapiens.GRCh38.99.gtf
406209	6	106969735	106970810	-	ENSG00000272398	own-gene 3' UTR	1	ENSG00000272398	True	True	d	/home/sharedFolder/humanSTARindex/Homo_sapiens.GRCh38.99.gtf
186596	17	7311956	7312488	-	ENSG00000132522	intronic (same-strand gene body)	1		True	False	d	/home/sharedFolder/humanSTARindex/Homo_sapiens.GRCh38.99.gtf
221198	19	10469629	10469631	+	ENSG00000065989	own-gene 3' UTR	1	ENSG00000065989	True	True	d	/home/sharedFolder/humanSTARindex/Homo_sapiens.GRCh38.99.gtf
238832	2	27781446	27781739	-	ENSG00000171174	own-gene 3' UTR	1	ENSG00000171174	True	True	d	/home/sharedFolder/humanSTARindex/Homo_sapiens.GRCh38.99.gtf
138105	14	55612211	55612254	+	ENSG00000126777	exonic, not 3' UTR	1		True	True	d	/home/sharedFolder/humanSTARindex/Homo_sapiens.GRCh38.99.gtf
36517	1	182382764	182383096	-	ENSG00000135821	own-gene 3' UTR	1	ENSG00000135821	True	True	d	/home/sharedFolder/humanSTARindex/Homo_sapiens.GRCh38.99.gtf
132918	14	23058563	23058611	-	ENSG00000100813	own-gene 3' UTR	1	ENSG00000100813	True	True	d	/home/sharedFolder/humanSTARindex/Homo_sapiens.GRCh38.99.gtf
396933	6	34587282	34587288	-	ENSG00000196821	own-gene 3' UTR	1	ENSG00000196821	True	True	d	/home/sharedFolder/humanSTARindex/Homo_sapiens.GRCh38.99.gtf
480651	9	107330741	107330893	+	ENSG00000119318	own-gene 3' UTR	1	ENSG00000119318	True	True	d	/home/sharedFolder/humanSTARindex/Homo_sapiens.GRCh38.99.gtf
172748	16	24549044	24549407	+	ENSG00000122257	own-gene 3' UTR	1	ENSG00000122257	True	True	d	/home/sharedFolder/humanSTARindex/Homo_sapiens.GRCh38.99.gtf
375830	5	98855203	98856592	-	ENSG00000153922	own-gene 3' UTR	1	ENSG00000153922	True	True	d	/home/sharedFolder/humanSTARindex/Homo_sapiens.GRCh38.99.gtf
162488	15	82824154	82825089	-	ENSG00000103942	outside any same-strand gene	0		False	False	d	/home/sharedFolder/humanSTARindex/Homo_sapiens.GRCh38.99.gtf
291060	21	33554109	33554978	+	ENSG00000159140	exonic, not 3' UTR	1		True	True	d	/home/sharedFolder/humanSTARindex/Homo_sapiens.GRCh38.99.gtf
318698	3	105378963	105379889	+	ENSG00000170017	intronic (same-strand gene body)	1		True	False	d	/home/sharedFolder/humanSTARindex/Homo_sapiens.GRCh38.99.gtf
467471	9	2193576	2193625	+	ENSG00000080503	own-gene 3' UTR	1	ENSG00000080503	True	True	d	/home/sharedFolder/humanSTARindex/Homo_sapiens.GRCh38.99.gtf
186717	17	7561596	7561601	+	ENSG00000239697	other-gene 3' UTR	2	ENSG00000161955,ENSG00000248871	False	True	d	/home/sharedFolder/humanSTARindex/Homo_sapiens.GRCh38.99.gtf
425852	7	43625113	43625398	+	ENSG00000164543	own-gene 3' UTR	1	ENSG00000164543	True	True	d	/home/sharedFolder/humanSTARindex/Homo_sapiens.GRCh38.99.gtf
368632	5	61544050	61545341	+	ENSG00000130449	own-gene 3' UTR	1	ENSG00000130449	True	True	d	/home/sharedFolder/humanSTARindex/Homo_sapiens.GRCh38.99.gtf
491258	X	20125484	20126493	-	ENSG00000173674	own-gene 3' UTR	1	ENSG00000173674	True	True	d	/home/sharedFolder/humanSTARindex/Homo_sapiens.GRCh38.99.gtf
65774	10	96520984	96520985	-	ENSG00000077147	own-gene 3' UTR	1	ENSG00000077147	True	True	d	/home/sharedFolder/humanSTARindex/Homo_sapiens.GRCh38.99.gtf
59345	10	63463704	63464430	-	ENSG00000171988	intronic (same-strand gene body)	1		True	False	d	/home/sharedFolder/humanSTARindex/Homo_sapiens.GRCh38.99.gtf
495122	X	56756044	56758260	+	ENSG00000204272	intronic (same-strand gene body)	1		True	False	d	/home/sharedFolder/humanSTARindex/Homo_sapiens.GRCh38.99.gtf
208324	18	2916993	2917063	-	ENSG00000101577	own-gene 3' UTR	1	ENSG00000101577	True	True	d	/home/sharedFolder/humanSTARindex/Homo_sapiens.GRCh38.99.gtf
276307	2	241353863	241354027	+	ENSG00000168385	own-gene 3' UTR	1	ENSG00000168385	True	True	d	/home/sharedFolder/humanSTARindex/Homo_sapiens.GRCh38.99.gtf
403652	6	81745728	81746132	-	ENSG00000112773	own-gene 3' UTR	1	ENSG00000112773	True	True	d	/home/sharedFolder/humanSTARindex/Homo_sapiens.GRCh38.99.gtf
309234	3	37324189	37328033	+	ENSG00000144674	exonic, not 3' UTR	1		True	True	d	/home/sharedFolder/humanSTARindex/Homo_sapiens.GRCh38.99.gtf
221068	19	10288082	10288589	+	ENSG00000090339	other-gene 3' UTR	1	ENSG00000105371	False	True	d	/home/sharedFolder/humanSTARindex/Homo_sapiens.GRCh38.99.gtf
166272	16	1352281	1352967	+	ENSG00000007516	other-gene 3' UTR	1	ENSG00000090581	False	True	d	/home/sharedFolder/humanSTARindex/Homo_sapiens.GRCh38.99.gtf
72331	11	1841550	1841679	+	ENSG00000149043	other-gene 3' UTR	1	ENSG00000130598	False	True	d	/home/sharedFolder/humanSTARindex/Homo_sapiens.GRCh38.99.gtf
346947	4	77952578	77952785	+	ENSG00000169288	own-gene 3' UTR	1	ENSG00000169288	True	True	d	/home/sharedFolder/humanSTARindex/Homo_sapiens.GRCh38.99.gtf
30892	1	156141294	156142003	+	ENSG00000160789	outside any same-strand gene	0		False	False	d	/home/sharedFolder/humanSTARindex/Homo_sapiens.GRCh38.99.gtf
422485	7	26167637	26169042	-	ENSG00000122566	outside any same-strand gene	0		False	False	d	/home/sharedFolder/humanSTARindex/Homo_sapiens.GRCh38.99.gtf
222282	19	12781399	12782404	-	ENSG00000095066	intronic (same-strand gene body)	1		True	False	d	/home/sharedFolder/humanSTARindex/Homo_sapiens.GRCh38.99.gtf
16755	1	67411016	67411053	-	ENSG00000142864	own-gene 3' UTR	1	ENSG00000142864	True	True	d	/home/sharedFolder/humanSTARindex/Homo_sapiens.GRCh38.99.gtf
308841	3	33869138	33869703	+	ENSG00000170248	own-gene 3' UTR	1	ENSG00000170248	True	True	d	/home/sharedFolder/humanSTARindex/Homo_sapiens.GRCh38.99.gtf
52409	10	18681079	18681639	+	ENSG00000165997	own-gene 3' UTR	1	ENSG00000165997	True	True	d	/home/sharedFolder/humanSTARindex/Homo_sapiens.GRCh38.99.gtf
435779	7	102283632	102283958	+	ENSG00000257923	own-gene 3' UTR	1	ENSG00000257923	True	True	d	/home/sharedFolder/humanSTARindex/Homo_sapiens.GRCh38.99.gtf
373134	5	80651116	80651236	-	ENSG00000228716	intronic (same-strand gene body)	1		True	False	d	/home/sharedFolder/humanSTARindex/Homo_sapiens.GRCh38.99.gtf
291316	21	34105810	34106262	+	ENSG00000243927	other-gene 3' UTR	3	ENSG00000198743	True	True	d	/home/sharedFolder/humanSTARindex/Homo_sapiens.GRCh38.99.gtf
239458	2	30159142	30159285	+	ENSG00000119801	own-gene 3' UTR	1	ENSG00000119801	True	True	d	/home/sharedFolder/humanSTARindex/Homo_sapiens.GRCh38.99.gtf
238303	2	26135215	26135473	+	ENSG00000084733	own-gene 3' UTR	1	ENSG00000084733	True	True	d	/home/sharedFolder/humanSTARindex/Homo_sapiens.GRCh38.99.gtf
276144	2	241041060	241041721	+	ENSG00000162804	own-gene 3' UTR	1	ENSG00000162804	True	True	d	/home/sharedFolder/humanSTARindex/Homo_sapiens.GRCh38.99.gtf
211015	18	21650896	21650901	-	ENSG00000158201	own-gene 3' UTR	1	ENSG00000158201	True	True	d	/home/sharedFolder/humanSTARindex/Homo_sapiens.GRCh38.99.gtf
31878	1	160350026	160350516	+	ENSG00000162736	own-gene 3' UTR	1	ENSG00000162736	True	True	d	/home/sharedFolder/humanSTARindex/Homo_sapiens.GRCh38.99.gtf
311033	3	46921725	46921741	-	ENSG00000160799	own-gene 3' UTR	1	ENSG00000160799	True	True	d	/home/sharedFolder/humanSTARindex/Homo_sapiens.GRCh38.99.gtf
141183	14	68787661	68787719	-	ENSG00000185650	own-gene 3' UTR	1	ENSG00000185650	True	True	d	/home/sharedFolder/humanSTARindex/Homo_sapiens.GRCh38.99.gtf
245251	2	61477933	61478035	-	ENSG00000082898	own-gene 3' UTR	1	ENSG00000082898	True	True	d	/home/sharedFolder/humanSTARindex/Homo_sapiens.GRCh38.99.gtf
246350	2	65087807	65088013	-	ENSG00000138069	own-gene 3' UTR	1	ENSG00000138069	True	True	d	/home/sharedFolder/humanSTARindex/Homo_sapiens.GRCh38.99.gtf
422522	7	26191843	26192150	-	ENSG00000122566	own-gene 3' UTR	1	ENSG00000122566	True	True	d	/home/sharedFolder/humanSTARindex/Homo_sapiens.GRCh38.99.gtf
121888	13	25247231	25247279	-	ENSG00000139505	own-gene 3' UTR	1	ENSG00000139505	True	True	d	/home/sharedFolder/humanSTARindex/Homo_sapiens.GRCh38.99.gtf
383867	5	149508639	149510962	-	ENSG00000113712	own-gene 3' UTR	1	ENSG00000113712	True	True	d	/home/sharedFolder/humanSTARindex/Homo_sapiens.GRCh38.99.gtf
204563	17	75265991	75266376	+	ENSG00000125445	own-gene 3' UTR	1	ENSG00000125445	True	True	d	/home/sharedFolder/humanSTARindex/Homo_sapiens.GRCh38.99.gtf
255420	2	113943794	113944799	+	ENSG00000115091	intronic (same-strand gene body)	1		True	False	d	/home/sharedFolder/humanSTARindex/Homo_sapiens.GRCh38.99.gtf
495318	X	57488851	57489196	+	ENSG00000165591	own-gene 3' UTR	1	ENSG00000165591	True	True	d	/home/sharedFolder/humanSTARindex/Homo_sapiens.GRCh38.99.gtf
232133	19	49852687	49853637	+	ENSG00000104960	exonic, not 3' UTR	1		True	True	d	/home/sharedFolder/humanSTARindex/Homo_sapiens.GRCh38.99.gtf
445543	7	152121799	152122347	+	ENSG00000178234	own-gene 3' UTR	1	ENSG00000178234	True	True	d	/home/sharedFolder/humanSTARindex/Homo_sapiens.GRCh38.99.gtf
199788	17	59607954	59608355	+	ENSG00000108406	own-gene 3' UTR	1	ENSG00000108406	True	True	d	/home/sharedFolder/humanSTARindex/Homo_sapiens.GRCh38.99.gtf
78898	11	47465936	47466170	-	ENSG00000149187	own-gene 3' UTR	1	ENSG00000149187	True	True	d	/home/sharedFolder/humanSTARindex/Homo_sapiens.GRCh38.99.gtf
70854	10	125836416	125836551	+	ENSG00000107949	own-gene 3' UTR	1	ENSG00000107949	True	True	d	/home/sharedFolder/humanSTARindex/Homo_sapiens.GRCh38.99.gtf
261815	2	161188891	161190064	+	ENSG00000136560	intronic (same-strand gene body)	1		True	False	d	/home/sharedFolder/humanSTARindex/Homo_sapiens.GRCh38.99.gtf
446580	7	158733441	158733617	-	ENSG00000117868	own-gene 3' UTR	1	ENSG00000117868	True	True	d	/home/sharedFolder/humanSTARindex/Homo_sapiens.GRCh38.99.gtf
89474	11	110229436	110230033	-	ENSG00000137710	own-gene 3' UTR	1	ENSG00000137710	True	True	d	/home/sharedFolder/humanSTARindex/Homo_sapiens.GRCh38.99.gtf
135682	14	39182009	39182114	+	ENSG00000100941	own-gene 3' UTR	1	ENSG00000100941	True	True	d	/home/sharedFolder/humanSTARindex/Homo_sapiens.GRCh38.99.gtf
123014	13	31147856	31150105	-	ENSG00000120694	own-gene 3' UTR	1	ENSG00000120694	True	True	d	/home/sharedFolder/humanSTARindex/Homo_sapiens.GRCh38.99.gtf
497389	X	77826267	77826364	-	ENSG00000102158	own-gene 3' UTR	1	ENSG00000102158	True	True	d	/home/sharedFolder/humanSTARindex/Homo_sapiens.GRCh38.99.gtf
382602	5	142152583	142152775	+	ENSG00000131507	own-gene 3' UTR	1	ENSG00000131507	True	True	d	/home/sharedFolder/humanSTARindex/Homo_sapiens.GRCh38.99.gtf
249271	2	85658643	85658724	-	ENSG00000168878	own-gene 3' UTR	1	ENSG00000168878	True	True	d	/home/sharedFolder/humanSTARindex/Homo_sapiens.GRCh38.99.gtf
249269	2	85658211	85658314	-	ENSG00000168878	own-gene 3' UTR	1	ENSG00000168878	True	True	d	/home/sharedFolder/humanSTARindex/Homo_sapiens.GRCh38.99.gtf
249266	2	85657678	85657935	-	ENSG00000168878	own-gene 3' UTR	1	ENSG00000168878	True	True	d	/home/sharedFolder/humanSTARindex/Homo_sapiens.GRCh38.99.gtf
249277	2	85660258	85660893	-	ENSG00000168878	intronic (same-strand gene body)	1		True	False	d	/home/sharedFolder/humanSTARindex/Homo_sapiens.GRCh38.99.gtf
396150	6	32443741	32443945	+	ENSG00000204287	own-gene 3' UTR	1	ENSG00000204287	True	True	d	/home/sharedFolder/humanSTARindex/Homo_sapiens.GRCh38.99.gtf
396265	6	32643424	32643776	+	ENSG00000196735	own-gene 3' UTR	1	ENSG00000196735	True	True	d	/home/sharedFolder/humanSTARindex/Homo_sapiens.GRCh38.99.gtf
194665	17	41526106	41527179	-	ENSG00000171345	intronic (same-strand gene body)	1		True	False	d	/home/sharedFolder/humanSTARindex/Homo_sapiens.GRCh38.99.gtf
134798	14	35081167	35081360	+	ENSG00000151327	own-gene 3' UTR	1	ENSG00000151327	True	True	d	/home/sharedFolder/humanSTARindex/Homo_sapiens.GRCh38.99.gtf
72308	11	1753148	1753304	-	ENSG00000250644	other-gene 3' UTR	2	ENSG00000117984	True	True	d	/home/sharedFolder/humanSTARindex/Homo_sapiens.GRCh38.99.gtf
341842	4	39547295	39547639	-	ENSG00000163683	own-gene 3' UTR	1	ENSG00000163683	True	True	d	/home/sharedFolder/humanSTARindex/Homo_sapiens.GRCh38.99.gtf
134772	14	35052524	35054126	+	ENSG00000151327	own-gene 3' UTR	1	ENSG00000151327	True	True	d	/home/sharedFolder/humanSTARindex/Homo_sapiens.GRCh38.99.gtf
195536	17	43254766	43255477	-	ENSG00000236383	intronic (same-strand gene body)	1		True	False	d	/home/sharedFolder/humanSTARindex/Homo_sapiens.GRCh38.99.gtf
216675	18	74253295	74253296	-	ENSG00000166347	own-gene 3' UTR	1	ENSG00000166347	True	True	d	/home/sharedFolder/humanSTARindex/Homo_sapiens.GRCh38.99.gtf
195544	17	43260651	43261289	-	ENSG00000236383	intronic (same-strand gene body)	1		True	False	d	/home/sharedFolder/humanSTARindex/Homo_sapiens.GRCh38.99.gtf
195570	17	43281630	43282194	-	ENSG00000236383	intronic (same-strand gene body)	1		True	False	d	/home/sharedFolder/humanSTARindex/Homo_sapiens.GRCh38.99.gtf
317374	3	88057326	88058429	-	ENSG00000163320	exonic, not 3' UTR	1		True	True	d	/home/sharedFolder/humanSTARindex/Homo_sapiens.GRCh38.99.gtf
95534	12	6961313	6961381	+	ENSG00000111679	own-gene 3' UTR	1	ENSG00000111679	True	True	d	/home/sharedFolder/humanSTARindex/Homo_sapiens.GRCh38.99.gtf
396575	6	33278416	33278825	+	ENSG00000231500	other-gene 3' UTR	1	ENSG00000235863	False	True	d	/home/sharedFolder/humanSTARindex/Homo_sapiens.GRCh38.99.gtf
195539	17	43256907	43257077	-	ENSG00000236383	intronic (same-strand gene body)	1		True	False	d	/home/sharedFolder/humanSTARindex/Homo_sapiens.GRCh38.99.gtf
381270	5	138468216	138468602	+	ENSG00000120738	own-gene 3' UTR	1	ENSG00000120738	True	True	d	/home/sharedFolder/humanSTARindex/Homo_sapiens.GRCh38.99.gtf
195511	17	43237435	43237739	-	ENSG00000236383	intronic (same-strand gene body)	1		True	False	d	/home/sharedFolder/humanSTARindex/Homo_sapiens.GRCh38.99.gtf
134800	14	35081632	35081725	+	ENSG00000151327	own-gene 3' UTR	1	ENSG00000151327	True	True	d	/home/sharedFolder/humanSTARindex/Homo_sapiens.GRCh38.99.gtf
461262	8	103382554	103383021	+	ENSG00000164932	own-gene 3' UTR	1	ENSG00000164932	True	True	d	/home/sharedFolder/humanSTARindex/Homo_sapiens.GRCh38.99.gtf
31713	1	159918587	159918588	-	ENSG00000158710	own-gene 3' UTR	1	ENSG00000158710	True	True	d	/home/sharedFolder/humanSTARindex/Homo_sapiens.GRCh38.99.gtf
381950	5	140243544	140243789	+	ENSG00000120306	own-gene 3' UTR	1	ENSG00000120306	True	True	d	/home/sharedFolder/humanSTARindex/Homo_sapiens.GRCh38.99.gtf
191079	17	29758868	29760544	-	ENSG00000141298	intronic (same-strand gene body)	1		True	False	d	/home/sharedFolder/humanSTARindex/Homo_sapiens.GRCh38.99.gtf
55815	10	35196843	35196885	+	ENSG00000095794	intronic (same-strand gene body)	1		True	False	d	/home/sharedFolder/humanSTARindex/Homo_sapiens.GRCh38.99.gtf
319194	3	108043036	108044015	-	ENSG00000196776	own-gene 3' UTR	1	ENSG00000196776	True	True	d	/home/sharedFolder/humanSTARindex/Homo_sapiens.GRCh38.99.gtf
190456	17	28553382	28553478	-	ENSG00000258472	other-gene 3' UTR	2	ENSG00000087111	True	True	d	/home/sharedFolder/humanSTARindex/Homo_sapiens.GRCh38.99.gtf
191184	17	29925215	29925218	-	ENSG00000141298	own-gene 3' UTR	1	ENSG00000141298	True	True	d	/home/sharedFolder/humanSTARindex/Homo_sapiens.GRCh38.99.gtf
195543	17	43259671	43259773	-	ENSG00000236383	intronic (same-strand gene body)	1		True	False	d	/home/sharedFolder/humanSTARindex/Homo_sapiens.GRCh38.99.gtf
201364	17	63697804	63698480	-	ENSG00000266173	other-gene 3' UTR	2	ENSG00000136490	True	True	d	/home/sharedFolder/humanSTARindex/Homo_sapiens.GRCh38.99.gtf
195580	17	43287792	43288358	-	ENSG00000236383	intronic (same-strand gene body)	1		True	False	d	/home/sharedFolder/humanSTARindex/Homo_sapiens.GRCh38.99.gtf
174402	16	30222892	30222966	-	ENSG00000198064	own-gene 3' UTR	1	ENSG00000198064	True	True	d	/home/sharedFolder/humanSTARindex/Homo_sapiens.GRCh38.99.gtf
74346	11	10509474	10509497	-	ENSG00000110315	outside any same-strand gene	0		False	False	d	/home/sharedFolder/humanSTARindex/Homo_sapiens.GRCh38.99.gtf
350576	4	102025277	102025439	+	ENSG00000153064	exonic, not 3' UTR	1		True	True	d	/home/sharedFolder/humanSTARindex/Homo_sapiens.GRCh38.99.gtf
283195	20	41047184	41048149	+	ENSG00000198900	intronic (same-strand gene body)	1		True	False	d	/home/sharedFolder/humanSTARindex/Homo_sapiens.GRCh38.99.gtf
291082	21	33576985	33577518	+	ENSG00000159140	own-gene 3' UTR	1	ENSG00000159140	True	True	d	/home/sharedFolder/humanSTARindex/Homo_sapiens.GRCh38.99.gtf
94014	12	908972	909987	+	ENSG00000060237	own-gene 3' UTR	1	ENSG00000060237	True	True	d	/home/sharedFolder/humanSTARindex/Homo_sapiens.GRCh38.99.gtf
470679	9	33032977	33032978	+	ENSG00000086061	intronic (same-strand gene body)	1		True	False	d	/home/sharedFolder/humanSTARindex/Homo_sapiens.GRCh38.99.gtf
639	1	1786748	1786901	-	ENSG00000078369	own-gene 3' UTR	1	ENSG00000078369	True	True	d	/home/sharedFolder/humanSTARindex/Homo_sapiens.GRCh38.99.gtf
183628	16	89557761	89557821	+	ENSG00000197912	own-gene 3' UTR	1	ENSG00000197912	True	True	d	/home/sharedFolder/humanSTARindex/Homo_sapiens.GRCh38.99.gtf
251125	2	96262788	96263931	-	ENSG00000135956	intronic (same-strand gene body)	1		True	False	d	/home/sharedFolder/humanSTARindex/Homo_sapiens.GRCh38.99.gtf
195587	17	43293932	43294150	-	ENSG00000236383	intronic (same-strand gene body)	1		True	False	d	/home/sharedFolder/humanSTARindex/Homo_sapiens.GRCh38.99.gtf
283799	20	44908386	44908532	+	ENSG00000166913	own-gene 3' UTR	1	ENSG00000166913	True	True	d	/home/sharedFolder/humanSTARindex/Homo_sapiens.GRCh38.99.gtf
147442	14	102050791	102050792	+	ENSG00000197102	own-gene 3' UTR	1	ENSG00000197102	True	True	d	/home/sharedFolder/humanSTARindex/Homo_sapiens.GRCh38.99.gtf
248318	2	74461061	74461071	-	ENSG00000115275	own-gene 3' UTR	1	ENSG00000115275	True	True	d	/home/sharedFolder/humanSTARindex/Homo_sapiens.GRCh38.99.gtf
384148	5	150708741	150708751	-	ENSG00000132912	own-gene 3' UTR	1	ENSG00000132912	True	True	d	/home/sharedFolder/humanSTARindex/Homo_sapiens.GRCh38.99.gtf
125942	13	48233228	48235410	+	ENSG00000136156	exonic, not 3' UTR	1		True	True	d	/home/sharedFolder/humanSTARindex/Homo_sapiens.GRCh38.99.gtf
396477	6	33068467	33068812	-	ENSG00000231389	own-gene 3' UTR	1	ENSG00000231389	True	True	d	/home/sharedFolder/humanSTARindex/Homo_sapiens.GRCh38.99.gtf
105736	12	55726149	55726842	-	ENSG00000135404	own-gene 3' UTR	1	ENSG00000135404	True	True	d	/home/sharedFolder/humanSTARindex/Homo_sapiens.GRCh38.99.gtf
1680	1	8016503	8017744	-	ENSG00000116285	intronic (same-strand gene body)	1		True	False	d	/home/sharedFolder/humanSTARindex/Homo_sapiens.GRCh38.99.gtf
217025	18	77012778	77012793	-	ENSG00000197971	own-gene 3' UTR	1	ENSG00000197971	True	True	d	/home/sharedFolder/humanSTARindex/Homo_sapiens.GRCh38.99.gtf
434416	7	98340948	98341353	-	ENSG00000006453	intronic (same-strand gene body)	1		True	False	d	/home/sharedFolder/humanSTARindex/Homo_sapiens.GRCh38.99.gtf
172206	16	22536427	22536521	+	ENSG00000243716	own-gene 3' UTR	1	ENSG00000243716	True	True	d	/home/sharedFolder/humanSTARindex/Homo_sapiens.GRCh38.99.gtf
346154	4	75642785	75642789	-	ENSG00000138757	own-gene 3' UTR	1	ENSG00000138757	True	True	d	/home/sharedFolder/humanSTARindex/Homo_sapiens.GRCh38.99.gtf
95523	12	6947074	6947692	+	ENSG00000111676	intronic (same-strand gene body)	1		False	False	d	/home/sharedFolder/humanSTARindex/Homo_sapiens.GRCh38.99.gtf
487281	9	137835221	137836127	+	ENSG00000181090	own-gene 3' UTR	1	ENSG00000181090	True	True	d	/home/sharedFolder/humanSTARindex/Homo_sapiens.GRCh38.99.gtf
329197	3	157147654	157148153	-	ENSG00000163660	own-gene 3' UTR	1	ENSG00000163660	True	True	d	/home/sharedFolder/humanSTARindex/Homo_sapiens.GRCh38.99.gtf
185185	17	2685153	2685615	+	ENSG00000007168	own-gene 3' UTR	1	ENSG00000007168	True	True	d	/home/sharedFolder/humanSTARindex/Homo_sapiens.GRCh38.99.gtf
60570	10	71816541	71816549	-	ENSG00000197746	own-gene 3' UTR	1	ENSG00000197746	True	True	d	/home/sharedFolder/humanSTARindex/Homo_sapiens.GRCh38.99.gtf
197069	17	46757463	46757464	+	ENSG00000073969	own-gene 3' UTR	1	ENSG00000073969	True	True	d	/home/sharedFolder/humanSTARindex/Homo_sapiens.GRCh38.99.gtf
434381	7	98291295	98291325	+	ENSG00000164713	own-gene 3' UTR	1	ENSG00000164713	True	True	d	/home/sharedFolder/humanSTARindex/Homo_sapiens.GRCh38.99.gtf
376271	5	103029417	103029602	+	ENSG00000145730	own-gene 3' UTR	1	ENSG00000145730	True	True	d	/home/sharedFolder/humanSTARindex/Homo_sapiens.GRCh38.99.gtf
334315	3	188890222	188890671	+	ENSG00000145012	own-gene 3' UTR	1	ENSG00000145012	True	True	d	/home/sharedFolder/humanSTARindex/Homo_sapiens.GRCh38.99.gtf
253503	2	108509032	108509398	+	ENSG00000135968	own-gene 3' UTR	1	ENSG00000135968	True	True	d	/home/sharedFolder/humanSTARindex/Homo_sapiens.GRCh38.99.gtf
194386	17	40172166	40172172	+	ENSG00000108349	own-gene 3' UTR	1	ENSG00000108349	True	True	d	/home/sharedFolder/humanSTARindex/Homo_sapiens.GRCh38.99.gtf
106460	12	57095403	57095430	-	ENSG00000166888	own-gene 3' UTR	1	ENSG00000166888	True	True	d	/home/sharedFolder/humanSTARindex/Homo_sapiens.GRCh38.99.gtf
435966	7	102537918	102538431	-	ENSG00000168255	own-gene 3' UTR	2	ENSG00000168255	True	True	d	/home/sharedFolder/humanSTARindex/Homo_sapiens.GRCh38.99.gtf
461266	8	103386568	103387292	+	ENSG00000164932	outside any same-strand gene	0		False	False	d	/home/sharedFolder/humanSTARindex/Homo_sapiens.GRCh38.99.gtf
269465	2	203224619	203225297	+	ENSG00000144426	intronic (same-strand gene body)	1		True	False	d	/home/sharedFolder/humanSTARindex/Homo_sapiens.GRCh38.99.gtf
383851	5	149494299	149494418	-	ENSG00000113712	own-gene 3' UTR	2	ENSG00000113712	True	True	d	/home/sharedFolder/humanSTARindex/Homo_sapiens.GRCh38.99.gtf
173594	16	28837220	28837237	+	ENSG00000168488	own-gene 3' UTR	1	ENSG00000168488	True	True	d	/home/sharedFolder/humanSTARindex/Homo_sapiens.GRCh38.99.gtf
91093	11	118399204	118399211	+	ENSG00000110344	own-gene 3' UTR	1	ENSG00000110344	True	True	d	/home/sharedFolder/humanSTARindex/Homo_sapiens.GRCh38.99.gtf
264418	2	177220781	177224046	+	ENSG00000170144	own-gene 3' UTR	1	ENSG00000170144	True	True	d	/home/sharedFolder/humanSTARindex/Homo_sapiens.GRCh38.99.gtf
312444	3	50077005	50077249	+	ENSG00000004534	own-gene 3' UTR	1	ENSG00000004534	True	True	d	/home/sharedFolder/humanSTARindex/Homo_sapiens.GRCh38.99.gtf
151087	15	34525206	34526205	-	ENSG00000215252	own-gene 3' UTR	1	ENSG00000215252	True	True	d	/home/sharedFolder/humanSTARindex/Homo_sapiens.GRCh38.99.gtf
50313	10	11048705	11049595	+	ENSG00000048740	intronic (same-strand gene body)	1		True	False	d	/home/sharedFolder/humanSTARindex/Homo_sapiens.GRCh38.99.gtf
81266	11	64764605	64764614	-	ENSG00000168066	own-gene 3' UTR	1	ENSG00000168066	True	True	d	/home/sharedFolder/humanSTARindex/Homo_sapiens.GRCh38.99.gtf
318508	3	101849866	101851598	+	ENSG00000144802	exonic, not 3' UTR	1		True	True	d	/home/sharedFolder/humanSTARindex/Homo_sapiens.GRCh38.99.gtf
448093	8	11842523	11842630	-	ENSG00000164733	own-gene 3' UTR	1	ENSG00000164733	True	True	d	/home/sharedFolder/humanSTARindex/Homo_sapiens.GRCh38.99.gtf
427728	7	64990355	64990750	-	ENSG00000152926	other-gene 3' UTR	2	ENSG00000213462	True	True	d	/home/sharedFolder/humanSTARindex/Homo_sapiens.GRCh38.99.gtf
134865	14	35121901	35122547	-	ENSG00000092020	exonic, not 3' UTR	1		True	True	d	/home/sharedFolder/humanSTARindex/Homo_sapiens.GRCh38.99.gtf
455851	8	66668070	66668696	+	ENSG00000104205	intronic (same-strand gene body)	1		True	False	d	/home/sharedFolder/humanSTARindex/Homo_sapiens.GRCh38.99.gtf
8353	1	30732468	30732502	-	ENSG00000162511	own-gene 3' UTR	1	ENSG00000162511	True	True	d	/home/sharedFolder/humanSTARindex/Homo_sapiens.GRCh38.99.gtf
168957	16	11872674	11872679	-	ENSG00000103342	own-gene 3' UTR	1	ENSG00000103342	True	True	d	/home/sharedFolder/humanSTARindex/Homo_sapiens.GRCh38.99.gtf
228137	19	38730439	38730531	+	ENSG00000130402	own-gene 3' UTR	1	ENSG00000130402	True	True	d	/home/sharedFolder/humanSTARindex/Homo_sapiens.GRCh38.99.gtf
499348	X	103675742	103675743	-	ENSG00000123562	own-gene 3' UTR	1	ENSG00000123562	True	True	d	/home/sharedFolder/humanSTARindex/Homo_sapiens.GRCh38.99.gtf
135070	14	35538353	35539602	-	ENSG00000174373	own-gene 3' UTR	1	ENSG00000174373	True	True	d	/home/sharedFolder/humanSTARindex/Homo_sapiens.GRCh38.99.gtf
269394	2	203116052	203117266	+	ENSG00000144426	exonic, not 3' UTR	1		True	True	d	/home/sharedFolder/humanSTARindex/Homo_sapiens.GRCh38.99.gtf
212788	18	35332211	35332763	-	ENSG00000172466	own-gene 3' UTR	1	ENSG00000172466	True	True	d	/home/sharedFolder/humanSTARindex/Homo_sapiens.GRCh38.99.gtf
260663	2	156341301	156341941	-	ENSG00000153234	intronic (same-strand gene body)	1		True	False	d	/home/sharedFolder/humanSTARindex/Homo_sapiens.GRCh38.99.gtf
67200	10	102382838	102382896	+	ENSG00000107862	own-gene 3' UTR	1	ENSG00000107862	True	True	d	/home/sharedFolder/humanSTARindex/Homo_sapiens.GRCh38.99.gtf
28739	1	150622124	150622125	-	ENSG00000143420	own-gene 3' UTR	1	ENSG00000143420	True	True	d	/home/sharedFolder/humanSTARindex/Homo_sapiens.GRCh38.99.gtf
55797	10	35179664	35179968	+	ENSG00000095794	own-gene 3' UTR	1	ENSG00000095794	True	True	d	/home/sharedFolder/humanSTARindex/Homo_sapiens.GRCh38.99.gtf
14039	1	51789191	51789222	-	ENSG00000078618	own-gene 3' UTR	1	ENSG00000078618	True	True	d	/home/sharedFolder/humanSTARindex/Homo_sapiens.GRCh38.99.gtf
109036	12	70353614	70354993	+	ENSG00000111596	own-gene 3' UTR	1	ENSG00000111596	True	True	d	/home/sharedFolder/humanSTARindex/Homo_sapiens.GRCh38.99.gtf
414086	6	151101621	151101887	+	ENSG00000120254	own-gene 3' UTR	1	ENSG00000120254	True	True	d	/home/sharedFolder/humanSTARindex/Homo_sapiens.GRCh38.99.gtf
242487	2	44358921	44359942	-	ENSG00000138078	exonic, not 3' UTR	1		True	True	d	/home/sharedFolder/humanSTARindex/Homo_sapiens.GRCh38.99.gtf
134166	14	32155035	32157467	+	ENSG00000100852	own-gene 3' UTR	1	ENSG00000100852	True	True	d	/home/sharedFolder/humanSTARindex/Homo_sapiens.GRCh38.99.gtf
350851	4	102758122	102759667	-	ENSG00000109323	intronic (same-strand gene body)	1		True	False	d	/home/sharedFolder/humanSTARindex/Homo_sapiens.GRCh38.99.gtf
126248	13	49209155	49209783	+	ENSG00000102531	own-gene 3' UTR	1	ENSG00000102531	True	True	d	/home/sharedFolder/humanSTARindex/Homo_sapiens.GRCh38.99.gtf
60488	10	70883509	70883692	-	ENSG00000166228	own-gene 3' UTR	1	ENSG00000166228	True	True	d	/home/sharedFolder/humanSTARindex/Homo_sapiens.GRCh38.99.gtf
266740	2	190934664	190935400	+	ENSG00000115419	own-gene 3' UTR	1	ENSG00000115419	True	True	d	/home/sharedFolder/humanSTARindex/Homo_sapiens.GRCh38.99.gtf
224707	19	19145566	19145569	-	ENSG00000213999	own-gene 3' UTR	2	ENSG00000064489,ENSG00000213999	True	True	d	/home/sharedFolder/humanSTARindex/Homo_sapiens.GRCh38.99.gtf
369662	5	69123676	69124486	+	ENSG00000145740	intronic (same-strand gene body)	1		True	False	d	/home/sharedFolder/humanSTARindex/Homo_sapiens.GRCh38.99.gtf
395947	6	31827881	31829311	+	ENSG00000204388	exonic, not 3' UTR	2		True	True	d	/home/sharedFolder/humanSTARindex/Homo_sapiens.GRCh38.99.gtf
310195	3	42648223	42648741	+	ENSG00000114857	own-gene 3' UTR	1	ENSG00000114857	True	True	d	/home/sharedFolder/humanSTARindex/Homo_sapiens.GRCh38.99.gtf
113757	12	103946639	103947446	+	ENSG00000166598	own-gene 3' UTR	1	ENSG00000166598	True	True	d	/home/sharedFolder/humanSTARindex/Homo_sapiens.GRCh38.99.gtf
257207	2	131483959	131483974	-	ENSG00000173272	own-gene 3' UTR	1	ENSG00000173272	True	True	d	/home/sharedFolder/humanSTARindex/Homo_sapiens.GRCh38.99.gtf
395929	6	31815636	31817117	+	ENSG00000204389	exonic, not 3' UTR	1		True	True	d	/home/sharedFolder/humanSTARindex/Homo_sapiens.GRCh38.99.gtf
388358	5	179838070	179838117	+	ENSG00000161011	own-gene 3' UTR	1	ENSG00000161011	True	True	d	/home/sharedFolder/humanSTARindex/Homo_sapiens.GRCh38.99.gtf
55839	10	35209413	35210634	+	ENSG00000095794	exonic, not 3' UTR	2		True	True	d	/home/sharedFolder/humanSTARindex/Homo_sapiens.GRCh38.99.gtf
134517	14	34752730	34753097	-	ENSG00000198604	own-gene 3' UTR	1	ENSG00000198604	True	True	d	/home/sharedFolder/humanSTARindex/Homo_sapiens.GRCh38.99.gtf
117868	12	120576845	120576888	+	ENSG00000022840	own-gene 3' UTR	1	ENSG00000022840	True	True	d	/home/sharedFolder/humanSTARindex/Homo_sapiens.GRCh38.99.gtf
395863	6	31727039	31727183	-	ENSG00000213722	own-gene 3' UTR	1	ENSG00000213722	True	True	d	/home/sharedFolder/humanSTARindex/Homo_sapiens.GRCh38.99.gtf
30890	1	156140080	156140081	+	ENSG00000160789	own-gene 3' UTR	1	ENSG00000160789	True	True	d	/home/sharedFolder/humanSTARindex/Homo_sapiens.GRCh38.99.gtf
24074	1	116404589	116404774	+	ENSG00000163399	own-gene 3' UTR	1	ENSG00000163399	True	True	d	/home/sharedFolder/humanSTARindex/Homo_sapiens.GRCh38.99.gtf
166743	16	2603185	2603188	+	ENSG00000140992	own-gene 3' UTR	1	ENSG00000140992	True	True	d	/home/sharedFolder/humanSTARindex/Homo_sapiens.GRCh38.99.gtf
415824	6	158765747	158765748	-	ENSG00000092820	own-gene 3' UTR	1	ENSG00000092820	True	True	d	/home/sharedFolder/humanSTARindex/Homo_sapiens.GRCh38.99.gtf
390868	6	11225580	11227318	-	ENSG00000111859	intronic (same-strand gene body)	1		True	False	d	/home/sharedFolder/humanSTARindex/Homo_sapiens.GRCh38.99.gtf
22599	1	110362847	110363151	-	ENSG00000168679	own-gene 3' UTR	1	ENSG00000168679	True	True	d	/home/sharedFolder/humanSTARindex/Homo_sapiens.GRCh38.99.gtf
74349	11	10511672	10512361	-	ENSG00000110315	own-gene 3' UTR	1	ENSG00000110315	True	True	d	/home/sharedFolder/humanSTARindex/Homo_sapiens.GRCh38.99.gtf
406211	6	106971235	106971713	-	ENSG00000272398	own-gene 3' UTR	1	ENSG00000272398	True	True	d	/home/sharedFolder/humanSTARindex/Homo_sapiens.GRCh38.99.gtf
252802	2	101891198	101892127	+	ENSG00000071054	own-gene 3' UTR	1	ENSG00000071054	True	True	d	/home/sharedFolder/humanSTARindex/Homo_sapiens.GRCh38.99.gtf
147343	14	101926793	101927853	+	ENSG00000078304	own-gene 3' UTR	1	ENSG00000078304	True	True	d	/home/sharedFolder/humanSTARindex/Homo_sapiens.GRCh38.99.gtf
49110	10	3783332	3784496	-	ENSG00000067082	intronic (same-strand gene body)	1		True	False	d	/home/sharedFolder/humanSTARindex/Homo_sapiens.GRCh38.99.gtf
60700	10	72219899	72220890	+	ENSG00000166295	exonic, not 3' UTR	2		True	True	d	/home/sharedFolder/humanSTARindex/Homo_sapiens.GRCh38.99.gtf
322383	3	121664097	121664480	-	ENSG00000173230	own-gene 3' UTR	1	ENSG00000173230	True	True	d	/home/sharedFolder/humanSTARindex/Homo_sapiens.GRCh38.99.gtf
227176	19	36238672	36238774	+	ENSG00000167635	own-gene 3' UTR	1	ENSG00000167635	True	True	d	/home/sharedFolder/humanSTARindex/Homo_sapiens.GRCh38.99.gtf
226946	19	35716598	35717048	+	ENSG00000011590	own-gene 3' UTR	1	ENSG00000011590	True	True	d	/home/sharedFolder/humanSTARindex/Homo_sapiens.GRCh38.99.gtf
219868	19	6708091	6709718	-	ENSG00000125730	exonic, not 3' UTR	1		True	True	d	/home/sharedFolder/humanSTARindex/Homo_sapiens.GRCh38.99.gtf
195547	17	43264119	43264640	-	ENSG00000236383	intronic (same-strand gene body)	1		True	False	d	/home/sharedFolder/humanSTARindex/Homo_sapiens.GRCh38.99.gtf
99908	12	25205245	25205729	-	ENSG00000133703	own-gene 3' UTR	1	ENSG00000133703	True	True	d	/home/sharedFolder/humanSTARindex/Homo_sapiens.GRCh38.99.gtf
10147	1	36304896	36305357	+	ENSG00000054118	own-gene 3' UTR	1	ENSG00000054118	True	True	d	/home/sharedFolder/humanSTARindex/Homo_sapiens.GRCh38.99.gtf
298883	22	36281618	36281698	-	ENSG00000100345	own-gene 3' UTR	1	ENSG00000100345	True	True	d	/home/sharedFolder/humanSTARindex/Homo_sapiens.GRCh38.99.gtf
106462	12	57095829	57095830	-	ENSG00000166888	own-gene 3' UTR	1	ENSG00000166888	True	True	d	/home/sharedFolder/humanSTARindex/Homo_sapiens.GRCh38.99.gtf
106324	12	56663348	56663398	-	ENSG00000110958	own-gene 3' UTR	1	ENSG00000110958	True	True	d	/home/sharedFolder/humanSTARindex/Homo_sapiens.GRCh38.99.gtf
419126	7	5527663	5527757	-	ENSG00000075624	own-gene 3' UTR	1	ENSG00000075624	True	True	d	/home/sharedFolder/humanSTARindex/Homo_sapiens.GRCh38.99.gtf
399740	6	43620484	43620862	-	ENSG00000172432	own-gene 3' UTR	1	ENSG00000172432	True	True	d	/home/sharedFolder/humanSTARindex/Homo_sapiens.GRCh38.99.gtf
142407	14	73223315	73223691	+	ENSG00000080815	own-gene 3' UTR	1	ENSG00000080815	True	True	d	/home/sharedFolder/humanSTARindex/Homo_sapiens.GRCh38.99.gtf
280663	20	32111501	32112721	+	ENSG00000101337	intronic (same-strand gene body)	1		True	False	d	/home/sharedFolder/humanSTARindex/Homo_sapiens.GRCh38.99.gtf
22609	1	110375095	110375588	-	ENSG00000168679	own-gene 3' UTR	1	ENSG00000168679	True	True	d	/home/sharedFolder/humanSTARindex/Homo_sapiens.GRCh38.99.gtf
308308	3	32481311	32481837	-	ENSG00000091317	own-gene 3' UTR	1	ENSG00000091317	True	True	d	/home/sharedFolder/humanSTARindex/Homo_sapiens.GRCh38.99.gtf
376912	5	109408936	109409571	-	ENSG00000198961	exonic, not 3' UTR	1		True	True	d	/home/sharedFolder/humanSTARindex/Homo_sapiens.GRCh38.99.gtf
237073	2	20448563	20448664	+	ENSG00000143878	own-gene 3' UTR	1	ENSG00000143878	True	True	d	/home/sharedFolder/humanSTARindex/Homo_sapiens.GRCh38.99.gtf
368498	5	61359201	61360199	+	ENSG00000130449	intronic (same-strand gene body)	1		True	False	d	/home/sharedFolder/humanSTARindex/Homo_sapiens.GRCh38.99.gtf
470682	9	33033554	33033555	+	ENSG00000086061	intronic (same-strand gene body)	1		True	False	d	/home/sharedFolder/humanSTARindex/Homo_sapiens.GRCh38.99.gtf
380431	5	134158052	134158508	-	ENSG00000113558	own-gene 3' UTR	1	ENSG00000113558	True	True	d	/home/sharedFolder/humanSTARindex/Homo_sapiens.GRCh38.99.gtf
195859	17	44189496	44190280	+	ENSG00000168591	own-gene 3' UTR	1	ENSG00000168591	True	True	d	/home/sharedFolder/humanSTARindex/Homo_sapiens.GRCh38.99.gtf
72048	11	727407	727727	+	ENSG00000177106	own-gene 3' UTR	1	ENSG00000177106	True	True	d	/home/sharedFolder/humanSTARindex/Homo_sapiens.GRCh38.99.gtf
360190	4	184755594	184755776	-	ENSG00000151726	own-gene 3' UTR	1	ENSG00000151726	True	True	d	/home/sharedFolder/humanSTARindex/Homo_sapiens.GRCh38.99.gtf
26768	1	146207913	146208461	-	ENSG00000271425	intronic (same-strand gene body)	2		True	False	d	/home/sharedFolder/humanSTARindex/Homo_sapiens.GRCh38.99.gtf
491869	X	24078779	24078810	+	ENSG00000130741	own-gene 3' UTR	1	ENSG00000130741	True	True	d	/home/sharedFolder/humanSTARindex/Homo_sapiens.GRCh38.99.gtf
138855	14	60134186	60134812	+	ENSG00000126773	own-gene 3' UTR	1	ENSG00000126773	True	True	d	/home/sharedFolder/humanSTARindex/Homo_sapiens.GRCh38.99.gtf
186247	17	5499424	5499789	-	ENSG00000091592	own-gene 3' UTR	2	ENSG00000091592,ENSG00000286190	True	True	d	/home/sharedFolder/humanSTARindex/Homo_sapiens.GRCh38.99.gtf
239236	2	28801265	28801656	+	ENSG00000213639	own-gene 3' UTR	2	ENSG00000213639	True	True	d	/home/sharedFolder/humanSTARindex/Homo_sapiens.GRCh38.99.gtf
62747	10	78040696	78040697	+	ENSG00000138326	own-gene 3' UTR	1	ENSG00000138326	True	True	d	/home/sharedFolder/humanSTARindex/Homo_sapiens.GRCh38.99.gtf
226948	19	35719965	35720474	+	ENSG00000011590	exonic, not 3' UTR	1		False	True	d	/home/sharedFolder/humanSTARindex/Homo_sapiens.GRCh38.99.gtf
217918	19	1435683	1435684	+	ENSG00000071626	own-gene 3' UTR	1	ENSG00000071626	True	True	d	/home/sharedFolder/humanSTARindex/Homo_sapiens.GRCh38.99.gtf
47558	1	244853653	244853658	-	ENSG00000153187	own-gene 3' UTR	1	ENSG00000153187	True	True	d	/home/sharedFolder/humanSTARindex/Homo_sapiens.GRCh38.99.gtf
36992	1	184690500	184690835	-	ENSG00000116406	own-gene 3' UTR	1	ENSG00000116406	True	True	d	/home/sharedFolder/humanSTARindex/Homo_sapiens.GRCh38.99.gtf
29918	1	154206719	154206852	-	ENSG00000143612	own-gene 3' UTR	1	ENSG00000143612	True	True	d	/home/sharedFolder/humanSTARindex/Homo_sapiens.GRCh38.99.gtf
295109	22	19440995	19441747	-	ENSG00000100084	other-gene 3' UTR	2	ENSG00000242259	True	True	d	/home/sharedFolder/humanSTARindex/Homo_sapiens.GRCh38.99.gtf
214025	18	48919852	48920456	-	ENSG00000101665	own-gene 3' UTR	1	ENSG00000101665	True	True	d	/home/sharedFolder/humanSTARindex/Homo_sapiens.GRCh38.99.gtf
145087	14	90408021	90408054	+	ENSG00000198668	own-gene 3' UTR	1	ENSG00000198668	True	True	d	/home/sharedFolder/humanSTARindex/Homo_sapiens.GRCh38.99.gtf
379515	5	131394587	131394672	+	ENSG00000158985	own-gene 3' UTR	1	ENSG00000158985	True	True	d	/home/sharedFolder/humanSTARindex/Homo_sapiens.GRCh38.99.gtf
244132	2	54972188	54972347	-	ENSG00000115310	own-gene 3' UTR	1	ENSG00000115310	True	True	d	/home/sharedFolder/humanSTARindex/Homo_sapiens.GRCh38.99.gtf
238698	2	27442258	27442259	+	ENSG00000115216	own-gene 3' UTR	1	ENSG00000115216	True	True	d	/home/sharedFolder/humanSTARindex/Homo_sapiens.GRCh38.99.gtf
415676	6	158650044	158650867	+	ENSG00000164674	exonic, not 3' UTR	1		True	True	d	/home/sharedFolder/humanSTARindex/Homo_sapiens.GRCh38.99.gtf
167710	16	4803202	4803207	-	ENSG00000140632	own-gene 3' UTR	1	ENSG00000140632	True	True	d	/home/sharedFolder/humanSTARindex/Homo_sapiens.GRCh38.99.gtf
97620	12	12465766	12467146	+	ENSG00000165714	own-gene 3' UTR	1	ENSG00000165714	True	True	d	/home/sharedFolder/humanSTARindex/Homo_sapiens.GRCh38.99.gtf
253995	2	109857237	109857705	+	ENSG00000015568	own-gene 3' UTR	1	ENSG00000015568	True	True	d	/home/sharedFolder/humanSTARindex/Homo_sapiens.GRCh38.99.gtf
186614	17	7351291	7351477	+	ENSG00000072818	own-gene 3' UTR	1	ENSG00000072818	True	True	d	/home/sharedFolder/humanSTARindex/Homo_sapiens.GRCh38.99.gtf
145081	14	90405106	90405251	+	ENSG00000198668	own-gene 3' UTR	1	ENSG00000198668	True	True	d	/home/sharedFolder/humanSTARindex/Homo_sapiens.GRCh38.99.gtf
192115	17	32370340	32370343	+	ENSG00000010244	own-gene 3' UTR	1	ENSG00000010244	True	True	d	/home/sharedFolder/humanSTARindex/Homo_sapiens.GRCh38.99.gtf
164617	15	92733576	92733850	-	ENSG00000185442	exonic, not 3' UTR	2		True	True	d	/home/sharedFolder/humanSTARindex/Homo_sapiens.GRCh38.99.gtf
48740	10	809496	810381	-	ENSG00000107929	own-gene 3' UTR	1	ENSG00000107929	True	True	d	/home/sharedFolder/humanSTARindex/Homo_sapiens.GRCh38.99.gtf
7797	1	28238067	28238100	+	ENSG00000130770	own-gene 3' UTR	1	ENSG00000130770	True	True	d	/home/sharedFolder/humanSTARindex/Homo_sapiens.GRCh38.99.gtf
79029	11	47716516	47717038	-	ENSG00000109920	own-gene 3' UTR	1	ENSG00000109920	True	True	d	/home/sharedFolder/humanSTARindex/Homo_sapiens.GRCh38.99.gtf
215476	18	59155396	59156077	+	ENSG00000166562	own-gene 3' UTR	1	ENSG00000166562	True	True	d	/home/sharedFolder/humanSTARindex/Homo_sapiens.GRCh38.99.gtf
69750	10	119653733	119654439	+	ENSG00000151929	intronic (same-strand gene body)	1		True	False	d	/home/sharedFolder/humanSTARindex/Homo_sapiens.GRCh38.99.gtf
433234	7	92110620	92110673	+	ENSG00000127914	own-gene 3' UTR	1	ENSG00000127914	True	True	d	/home/sharedFolder/humanSTARindex/Homo_sapiens.GRCh38.99.gtf
24127	1	116514533	116514666	-	ENSG00000116815	own-gene 3' UTR	1	ENSG00000116815	True	True	d	/home/sharedFolder/humanSTARindex/Homo_sapiens.GRCh38.99.gtf
415823	6	158764577	158764881	+	ENSG00000164674	own-gene 3' UTR	1	ENSG00000164674	True	True	d	/home/sharedFolder/humanSTARindex/Homo_sapiens.GRCh38.99.gtf
372917	5	80138834	80139533	-	ENSG00000164300	own-gene 3' UTR	1	ENSG00000164300	True	True	d	/home/sharedFolder/humanSTARindex/Homo_sapiens.GRCh38.99.gtf
427739	7	65004723	65005409	-	ENSG00000152926	exonic, not 3' UTR	2		True	True	d	/home/sharedFolder/humanSTARindex/Homo_sapiens.GRCh38.99.gtf
158118	15	64522512	64522991	+	ENSG00000180357	intronic (same-strand gene body)	1		True	False	d	/home/sharedFolder/humanSTARindex/Homo_sapiens.GRCh38.99.gtf
375580	5	96729723	96729724	+	ENSG00000153113	own-gene 3' UTR	1	ENSG00000153113	True	True	d	/home/sharedFolder/humanSTARindex/Homo_sapiens.GRCh38.99.gtf
164597	15	92617447	92617882	-	ENSG00000185442	own-gene 3' UTR	1	ENSG00000185442	True	True	d	/home/sharedFolder/humanSTARindex/Homo_sapiens.GRCh38.99.gtf
135035	14	35396833	35397667	-	ENSG00000100906	outside any same-strand gene	0		False	False	d	/home/sharedFolder/humanSTARindex/Homo_sapiens.GRCh38.99.gtf
371577	5	75371102	75371398	-	ENSG00000113163	own-gene 3' UTR	1	ENSG00000113163	True	True	d	/home/sharedFolder/humanSTARindex/Homo_sapiens.GRCh38.99.gtf
21182	1	100038692	100039549	+	ENSG00000117620	intronic (same-strand gene body)	2		False	False	d	/home/sharedFolder/humanSTARindex/Homo_sapiens.GRCh38.99.gtf
210510	18	13468241	13469901	+	ENSG00000168675	intronic (same-strand gene body)	1		True	False	d	/home/sharedFolder/humanSTARindex/Homo_sapiens.GRCh38.99.gtf
94385	12	1788242	1788674	+	ENSG00000006831	own-gene 3' UTR	1	ENSG00000006831	True	True	d	/home/sharedFolder/humanSTARindex/Homo_sapiens.GRCh38.99.gtf
416159	6	159679058	159679223	-	ENSG00000112096	own-gene 3' UTR	2	ENSG00000112096,ENSG00000285441	True	True	d	/home/sharedFolder/humanSTARindex/Homo_sapiens.GRCh38.99.gtf
173104	16	27364773	27364810	+	ENSG00000077238	own-gene 3' UTR	1	ENSG00000077238	True	True	d	/home/sharedFolder/humanSTARindex/Homo_sapiens.GRCh38.99.gtf
247462	2	70292015	70292868	-	ENSG00000143977	exonic, not 3' UTR	1		True	True	d	/home/sharedFolder/humanSTARindex/Homo_sapiens.GRCh38.99.gtf
396295	6	32662734	32663322	-	ENSG00000179344	exonic, not 3' UTR	1		True	True	d	/home/sharedFolder/humanSTARindex/Homo_sapiens.GRCh38.99.gtf
426277	7	44708522	44709070	+	ENSG00000105953	own-gene 3' UTR	1	ENSG00000105953	True	True	d	/home/sharedFolder/humanSTARindex/Homo_sapiens.GRCh38.99.gtf
281984	20	35703460	35704160	-	ENSG00000131051	own-gene 3' UTR	1	ENSG00000131051	True	True	d	/home/sharedFolder/humanSTARindex/Homo_sapiens.GRCh38.99.gtf
126066	13	48481487	48481981	+	ENSG00000139687	own-gene 3' UTR	1	ENSG00000139687	True	True	d	/home/sharedFolder/humanSTARindex/Homo_sapiens.GRCh38.99.gtf
450295	8	24335648	24336632	+	ENSG00000042980	own-gene 3' UTR	1	ENSG00000042980	True	True	d	/home/sharedFolder/humanSTARindex/Homo_sapiens.GRCh38.99.gtf
30296	1	155262867	155263296	-	ENSG00000176444	own-gene 3' UTR	1	ENSG00000176444	True	True	d	/home/sharedFolder/humanSTARindex/Homo_sapiens.GRCh38.99.gtf
142733	14	73887267	73889559	+	ENSG00000140043	exonic, not 3' UTR	2		False	True	d	/home/sharedFolder/humanSTARindex/Homo_sapiens.GRCh38.99.gtf
69419	10	118681497	118681914	-	ENSG00000151893	own-gene 3' UTR	1	ENSG00000151893	True	True	d	/home/sharedFolder/humanSTARindex/Homo_sapiens.GRCh38.99.gtf
241156	2	38743598	38744393	-	ENSG00000115875	own-gene 3' UTR	1	ENSG00000115875	True	True	d	/home/sharedFolder/humanSTARindex/Homo_sapiens.GRCh38.99.gtf
104102	12	49764844	49764934	+	ENSG00000139644	own-gene 3' UTR	1	ENSG00000139644	True	True	d	/home/sharedFolder/humanSTARindex/Homo_sapiens.GRCh38.99.gtf
428526	7	66958550	66958551	+	ENSG00000106609	own-gene 3' UTR	1	ENSG00000106609	True	True	d	/home/sharedFolder/humanSTARindex/Homo_sapiens.GRCh38.99.gtf
221164	19	10428566	10429328	+	ENSG00000065989	intronic (same-strand gene body)	1		True	False	d	/home/sharedFolder/humanSTARindex/Homo_sapiens.GRCh38.99.gtf
161954	15	80071291	80071768	+	ENSG00000086666	intronic (same-strand gene body)	1		True	False	d	/home/sharedFolder/humanSTARindex/Homo_sapiens.GRCh38.99.gtf
315908	3	69104829	69105036	+	ENSG00000144746	own-gene 3' UTR	1	ENSG00000144746	True	True	d	/home/sharedFolder/humanSTARindex/Homo_sapiens.GRCh38.99.gtf
284921	20	49113522	49113559	-	ENSG00000124214	own-gene 3' UTR	1	ENSG00000124214	True	True	d	/home/sharedFolder/humanSTARindex/Homo_sapiens.GRCh38.99.gtf
396234	6	32587423	32588371	-	ENSG00000196126	intronic (same-strand gene body)	1		True	False	d	/home/sharedFolder/humanSTARindex/Homo_sapiens.GRCh38.99.gtf
32760	1	162529609	162529610	+	ENSG00000152332	own-gene 3' UTR	1	ENSG00000152332	True	True	d	/home/sharedFolder/humanSTARindex/Homo_sapiens.GRCh38.99.gtf
34509	1	173486331	173486569	+	ENSG00000117592	exonic, not 3' UTR	1		True	True	d	/home/sharedFolder/humanSTARindex/Homo_sapiens.GRCh38.99.gtf
164267	15	90502236	90502239	+	ENSG00000140575	own-gene 3' UTR	1	ENSG00000140575	True	True	d	/home/sharedFolder/humanSTARindex/Homo_sapiens.GRCh38.99.gtf
261468	2	159776007	159776556	-	ENSG00000241399	intronic (same-strand gene body)	2		True	False	d	/home/sharedFolder/humanSTARindex/Homo_sapiens.GRCh38.99.gtf
77575	11	35140870	35140871	+	ENSG00000026508	intronic (same-strand gene body)	1		True	False	d	/home/sharedFolder/humanSTARindex/Homo_sapiens.GRCh38.99.gtf
42894	1	222737913	222738592	+	ENSG00000162819	exonic, not 3' UTR	1		False	True	d	/home/sharedFolder/humanSTARindex/Homo_sapiens.GRCh38.99.gtf
395936	6	31818747	31819969	+	ENSG00000204389	outside any same-strand gene	0		False	False	d	/home/sharedFolder/humanSTARindex/Homo_sapiens.GRCh38.99.gtf
208359	18	2945563	2946533	-	ENSG00000101577	exonic, not 3' UTR	2		True	True	d	/home/sharedFolder/humanSTARindex/Homo_sapiens.GRCh38.99.gtf
154792	15	50702265	50702675	-	ENSG00000138600	own-gene 3' UTR	1	ENSG00000138600	True	True	d	/home/sharedFolder/humanSTARindex/Homo_sapiens.GRCh38.99.gtf
209781	18	9956323	9956837	+	ENSG00000101558	own-gene 3' UTR	1	ENSG00000101558	True	True	d	/home/sharedFolder/humanSTARindex/Homo_sapiens.GRCh38.99.gtf
210509	18	13466693	13468138	+	ENSG00000168675	intronic (same-strand gene body)	1		True	False	d	/home/sharedFolder/humanSTARindex/Homo_sapiens.GRCh38.99.gtf
78453	11	46396413	46396802	-	ENSG00000110497	own-gene 3' UTR	1	ENSG00000110497	True	True	d	/home/sharedFolder/humanSTARindex/Homo_sapiens.GRCh38.99.gtf
351185	4	105279395	105279803	+	ENSG00000168769	own-gene 3' UTR	1	ENSG00000168769	True	True	d	/home/sharedFolder/humanSTARindex/Homo_sapiens.GRCh38.99.gtf
380114	5	132875378	132875773	-	ENSG00000072364	own-gene 3' UTR	1	ENSG00000072364	True	True	d	/home/sharedFolder/humanSTARindex/Homo_sapiens.GRCh38.99.gtf
271801	2	218346382	218346793	+	ENSG00000127838	own-gene 3' UTR	1	ENSG00000127838	True	True	d	/home/sharedFolder/humanSTARindex/Homo_sapiens.GRCh38.99.gtf
437241	7	106248572	106248576	-	ENSG00000105835	own-gene 3' UTR	1	ENSG00000105835	True	True	d	/home/sharedFolder/humanSTARindex/Homo_sapiens.GRCh38.99.gtf
493796	X	47233726	47235040	+	ENSG00000102225	exonic, not 3' UTR	1		False	True	d	/home/sharedFolder/humanSTARindex/Homo_sapiens.GRCh38.99.gtf
300466	22	40825137	40825328	-	ENSG00000100380	own-gene 3' UTR	1	ENSG00000100380	True	True	d	/home/sharedFolder/humanSTARindex/Homo_sapiens.GRCh38.99.gtf
35172	1	174994915	174995308	+	ENSG00000152061	own-gene 3' UTR	1	ENSG00000152061	True	True	d	/home/sharedFolder/humanSTARindex/Homo_sapiens.GRCh38.99.gtf
285640	20	50890342	50890354	-	ENSG00000101126	own-gene 3' UTR	1	ENSG00000101126	True	True	d	/home/sharedFolder/humanSTARindex/Homo_sapiens.GRCh38.99.gtf
282023	20	35738967	35739646	-	ENSG00000131051	own-gene 3' UTR	1	ENSG00000131051	True	True	d	/home/sharedFolder/humanSTARindex/Homo_sapiens.GRCh38.99.gtf
384420	5	151769779	151770169	-	ENSG00000177556	intronic (same-strand gene body)	1		True	False	d	/home/sharedFolder/humanSTARindex/Homo_sapiens.GRCh38.99.gtf
46852	1	241628850	241630804	-	ENSG00000054277	other-gene 3' UTR	2	ENSG00000203668	True	True	d	/home/sharedFolder/humanSTARindex/Homo_sapiens.GRCh38.99.gtf
233385	19	53554900	53556362	+	ENSG00000130844	exonic, not 3' UTR	1		True	True	d	/home/sharedFolder/humanSTARindex/Homo_sapiens.GRCh38.99.gtf
248320	2	74463745	74464704	-	ENSG00000115275	own-gene 3' UTR	1	ENSG00000115275	True	True	d	/home/sharedFolder/humanSTARindex/Homo_sapiens.GRCh38.99.gtf
266355	2	189924760	189924915	+	ENSG00000187699	intronic (same-strand gene body)	1		True	False	d	/home/sharedFolder/humanSTARindex/Homo_sapiens.GRCh38.99.gtf
53972	10	27110453	27110454	-	ENSG00000136758	own-gene 3' UTR	1	ENSG00000136758	True	True	d	/home/sharedFolder/humanSTARindex/Homo_sapiens.GRCh38.99.gtf
42892	1	222735186	222735187	+	ENSG00000162819	own-gene 3' UTR	1	ENSG00000162819	True	True	d	/home/sharedFolder/humanSTARindex/Homo_sapiens.GRCh38.99.gtf
223546	19	16549813	16550367	-	ENSG00000141979	other-gene 3' UTR	2	ENSG00000127526	True	True	d	/home/sharedFolder/humanSTARindex/Homo_sapiens.GRCh38.99.gtf
81081	11	63998406	63998415	+	ENSG00000167770	own-gene 3' UTR	1	ENSG00000167770	True	True	d	/home/sharedFolder/humanSTARindex/Homo_sapiens.GRCh38.99.gtf
382142	5	140539837	140539856	+	ENSG00000131503	own-gene 3' UTR	2	ENSG00000131503	True	True	d	/home/sharedFolder/humanSTARindex/Homo_sapiens.GRCh38.99.gtf
388264	5	179730449	179730460	+	ENSG00000127022	own-gene 3' UTR	1	ENSG00000127022	True	True	d	/home/sharedFolder/humanSTARindex/Homo_sapiens.GRCh38.99.gtf
301459	22	42796526	42796737	-	ENSG00000242247	own-gene 3' UTR	1	ENSG00000242247	True	True	d	/home/sharedFolder/humanSTARindex/Homo_sapiens.GRCh38.99.gtf
109803	12	76059809	76060466	-	ENSG00000187109	exonic, not 3' UTR	1		True	True	d	/home/sharedFolder/humanSTARindex/Homo_sapiens.GRCh38.99.gtf
34681	1	173931213	173932264	-	ENSG00000135870	own-gene 3' UTR	1	ENSG00000135870	True	True	d	/home/sharedFolder/humanSTARindex/Homo_sapiens.GRCh38.99.gtf
228714	19	40423833	40424689	-	ENSG00000197019	intronic (same-strand gene body)	1		True	False	d	/home/sharedFolder/humanSTARindex/Homo_sapiens.GRCh38.99.gtf
170729	16	18804852	18805275	-	ENSG00000157106	own-gene 3' UTR	1	ENSG00000157106	True	True	d	/home/sharedFolder/humanSTARindex/Homo_sapiens.GRCh38.99.gtf
374039	5	86620734	86620962	+	ENSG00000127184	own-gene 3' UTR	1	ENSG00000127184	True	True	d	/home/sharedFolder/humanSTARindex/Homo_sapiens.GRCh38.99.gtf
251136	2	96274730	96274734	-	ENSG00000144028	own-gene 3' UTR	1	ENSG00000144028	True	True	d	/home/sharedFolder/humanSTARindex/Homo_sapiens.GRCh38.99.gtf
248198	2	74152527	74152594	-	ENSG00000114978	own-gene 3' UTR	1	ENSG00000114978	True	True	d	/home/sharedFolder/humanSTARindex/Homo_sapiens.GRCh38.99.gtf
193802	17	38850080	38850081	-	ENSG00000125691	own-gene 3' UTR	1	ENSG00000125691	True	True	d	/home/sharedFolder/humanSTARindex/Homo_sapiens.GRCh38.99.gtf
390326	6	7287569	7287570	-	ENSG00000124783	own-gene 3' UTR	1	ENSG00000124783	True	True	d	/home/sharedFolder/humanSTARindex/Homo_sapiens.GRCh38.99.gtf
69477	10	119035028	119035567	-	ENSG00000107581	own-gene 3' UTR	1	ENSG00000107581	True	True	d	/home/sharedFolder/humanSTARindex/Homo_sapiens.GRCh38.99.gtf
223213	19	15357526	15358831	-	ENSG00000105127	intronic (same-strand gene body)	1		True	False	d	/home/sharedFolder/humanSTARindex/Homo_sapiens.GRCh38.99.gtf
10019	1	36087983	36088278	+	ENSG00000092850	own-gene 3' UTR	1	ENSG00000092850	True	True	d	/home/sharedFolder/humanSTARindex/Homo_sapiens.GRCh38.99.gtf
184717	17	1683827	1684426	-	ENSG00000174231	intronic (same-strand gene body)	1		True	False	d	/home/sharedFolder/humanSTARindex/Homo_sapiens.GRCh38.99.gtf
366235	5	50396191	50396365	-	ENSG00000170571	own-gene 3' UTR	1	ENSG00000170571	True	True	d	/home/sharedFolder/humanSTARindex/Homo_sapiens.GRCh38.99.gtf
287600	20	63526215	63527481	+	ENSG00000125534	outside any same-strand gene	0		False	False	d	/home/sharedFolder/humanSTARindex/Homo_sapiens.GRCh38.99.gtf
9149	1	32775237	32775242	-	ENSG00000134684	own-gene 3' UTR	1	ENSG00000134684	True	True	d	/home/sharedFolder/humanSTARindex/Homo_sapiens.GRCh38.99.gtf
329017	3	156540067	156540514	-	ENSG00000114850	own-gene 3' UTR	1	ENSG00000114850	True	True	d	/home/sharedFolder/humanSTARindex/Homo_sapiens.GRCh38.99.gtf
169729	16	15060021	15060574	-	ENSG00000085721	own-gene 3' UTR	1	ENSG00000085721	True	True	d	/home/sharedFolder/humanSTARindex/Homo_sapiens.GRCh38.99.gtf
58824	10	61943171	61944858	+	ENSG00000150347	intronic (same-strand gene body)	1		True	False	d	/home/sharedFolder/humanSTARindex/Homo_sapiens.GRCh38.99.gtf
382960	5	143277898	143278548	-	ENSG00000113580	own-gene 3' UTR	1	ENSG00000113580	True	True	d	/home/sharedFolder/humanSTARindex/Homo_sapiens.GRCh38.99.gtf
224720	19	19176903	19176960	-	ENSG00000213999	other-gene 3' UTR	3	ENSG00000254901	True	True	d	/home/sharedFolder/humanSTARindex/Homo_sapiens.GRCh38.99.gtf
157044	15	60396044	60396757	-	ENSG00000182718	exonic, not 3' UTR	1		True	True	d	/home/sharedFolder/humanSTARindex/Homo_sapiens.GRCh38.99.gtf
287703	20	63736135	63736146	+	ENSG00000197114	own-gene 3' UTR	2	ENSG00000197114,ENSG00000273154	True	True	d	/home/sharedFolder/humanSTARindex/Homo_sapiens.GRCh38.99.gtf
81110	11	64187008	64189381	+	ENSG00000168439	intronic (same-strand gene body)	1		True	False	d	/home/sharedFolder/humanSTARindex/Homo_sapiens.GRCh38.99.gtf
345037	4	67616801	67617955	-	ENSG00000033178	own-gene 3' UTR	1	ENSG00000033178	True	True	d	/home/sharedFolder/humanSTARindex/Homo_sapiens.GRCh38.99.gtf
380807	5	134859731	134859735	+	ENSG00000145833	other-gene 3' UTR	1	ENSG00000181904	False	True	d	/home/sharedFolder/humanSTARindex/Homo_sapiens.GRCh38.99.gtf
284284	20	46349540	46350397	-	ENSG00000080189	own-gene 3' UTR	1	ENSG00000080189	True	True	d	/home/sharedFolder/humanSTARindex/Homo_sapiens.GRCh38.99.gtf
331467	3	172399895	172400703	+	ENSG00000075420	own-gene 3' UTR	1	ENSG00000075420	True	True	d	/home/sharedFolder/humanSTARindex/Homo_sapiens.GRCh38.99.gtf
50308	10	11031709	11032548	+	ENSG00000048740	intronic (same-strand gene body)	1		True	False	d	/home/sharedFolder/humanSTARindex/Homo_sapiens.GRCh38.99.gtf
275551	2	237765858	237765915	+	ENSG00000124831	own-gene 3' UTR	1	ENSG00000124831	True	True	d	/home/sharedFolder/humanSTARindex/Homo_sapiens.GRCh38.99.gtf
185937	17	4897603	4898072	+	ENSG00000141503	own-gene 3' UTR	1	ENSG00000141503	True	True	d	/home/sharedFolder/humanSTARindex/Homo_sapiens.GRCh38.99.gtf
173587	16	28824572	28825112	+	ENSG00000168488	exonic, not 3' UTR	1		True	True	d	/home/sharedFolder/humanSTARindex/Homo_sapiens.GRCh38.99.gtf
395736	6	31530242	31530243	-	ENSG00000198563	own-gene 3' UTR	2	ENSG00000198563,ENSG00000254870	True	True	d	/home/sharedFolder/humanSTARindex/Homo_sapiens.GRCh38.99.gtf
342023	4	39822862	39823303	-	ENSG00000121892	own-gene 3' UTR	1	ENSG00000121892	True	True	d	/home/sharedFolder/humanSTARindex/Homo_sapiens.GRCh38.99.gtf
154673	15	50499238	50499783	+	ENSG00000138592	own-gene 3' UTR	1	ENSG00000138592	True	True	d	/home/sharedFolder/humanSTARindex/Homo_sapiens.GRCh38.99.gtf
472387	9	37919131	37919916	-	ENSG00000255872	other-gene 3' UTR	2	ENSG00000107338	True	True	d	/home/sharedFolder/humanSTARindex/Homo_sapiens.GRCh38.99.gtf
209728	18	9862208	9862551	+	ENSG00000168461	own-gene 3' UTR	1	ENSG00000168461	True	True	d	/home/sharedFolder/humanSTARindex/Homo_sapiens.GRCh38.99.gtf
206771	17	81244998	81245004	-	ENSG00000157637	own-gene 3' UTR	1	ENSG00000157637	True	True	d	/home/sharedFolder/humanSTARindex/Homo_sapiens.GRCh38.99.gtf
318519	3	101859489	101859541	+	ENSG00000144802	own-gene 3' UTR	1	ENSG00000144802	True	True	d	/home/sharedFolder/humanSTARindex/Homo_sapiens.GRCh38.99.gtf
390840	6	11183200	11183949	-	ENSG00000111859	own-gene 3' UTR	1	ENSG00000111859	True	True	d	/home/sharedFolder/humanSTARindex/Homo_sapiens.GRCh38.99.gtf
276176	2	241092555	241093069	+	ENSG00000162804	own-gene 3' UTR	1	ENSG00000162804	True	True	d	/home/sharedFolder/humanSTARindex/Homo_sapiens.GRCh38.99.gtf
322841	3	122730837	122730840	+	ENSG00000173193	own-gene 3' UTR	1	ENSG00000173193	True	True	d	/home/sharedFolder/humanSTARindex/Homo_sapiens.GRCh38.99.gtf
524	1	1635586	1635587	-	ENSG00000248333	own-gene 3' UTR	1	ENSG00000248333	True	True	d	/home/sharedFolder/humanSTARindex/Homo_sapiens.GRCh38.99.gtf
122792	13	30459580	30460413	-	ENSG00000189403	own-gene 3' UTR	1	ENSG00000189403	True	True	d	/home/sharedFolder/humanSTARindex/Homo_sapiens.GRCh38.99.gtf
28743	1	150623280	150624046	-	ENSG00000143420	own-gene 3' UTR	1	ENSG00000143420	True	True	d	/home/sharedFolder/humanSTARindex/Homo_sapiens.GRCh38.99.gtf
107857	12	66136934	66136937	-	ENSG00000228144	other-gene 3' UTR	2	ENSG00000155957	True	True	d	/home/sharedFolder/humanSTARindex/Homo_sapiens.GRCh38.99.gtf
311731	3	48692960	48694097	-	ENSG00000068745	own-gene 3' UTR	1	ENSG00000068745	True	True	d	/home/sharedFolder/humanSTARindex/Homo_sapiens.GRCh38.99.gtf
309841	3	41240413	41240443	+	ENSG00000168036	own-gene 3' UTR	1	ENSG00000168036	True	True	d	/home/sharedFolder/humanSTARindex/Homo_sapiens.GRCh38.99.gtf
164801	15	93027610	93028019	+	ENSG00000173575	own-gene 3' UTR	1	ENSG00000173575	True	True	d	/home/sharedFolder/humanSTARindex/Homo_sapiens.GRCh38.99.gtf
79552	11	57768709	57769198	+	ENSG00000288534	intronic (same-strand gene body)	3		True	False	d	/home/sharedFolder/humanSTARindex/Homo_sapiens.GRCh38.99.gtf
436751	7	105113717	105114175	+	ENSG00000005483	own-gene 3' UTR	1	ENSG00000005483	True	True	d	/home/sharedFolder/humanSTARindex/Homo_sapiens.GRCh38.99.gtf
228381	19	39397775	39397776	+	ENSG00000063322	own-gene 3' UTR	1	ENSG00000063322	True	True	d	/home/sharedFolder/humanSTARindex/Homo_sapiens.GRCh38.99.gtf
132324	14	21210932	21210937	-	ENSG00000092199	own-gene 3' UTR	1	ENSG00000092199	True	True	d	/home/sharedFolder/humanSTARindex/Homo_sapiens.GRCh38.99.gtf
86918	11	88293591	88293850	-	ENSG00000109861	own-gene 3' UTR	1	ENSG00000109861	True	True	d	/home/sharedFolder/humanSTARindex/Homo_sapiens.GRCh38.99.gtf
408662	6	119177200	119177548	-	ENSG00000111885	own-gene 3' UTR	1	ENSG00000111885	True	True	d	/home/sharedFolder/humanSTARindex/Homo_sapiens.GRCh38.99.gtf
26684	1	146064697	146065236	-	ENSG00000271425	own-gene 3' UTR	1	ENSG00000271425	True	True	d	/home/sharedFolder/humanSTARindex/Homo_sapiens.GRCh38.99.gtf
164264	15	90501554	90501555	+	ENSG00000140575	own-gene 3' UTR	1	ENSG00000140575	True	True	d	/home/sharedFolder/humanSTARindex/Homo_sapiens.GRCh38.99.gtf
201744	17	64498253	64498660	-	ENSG00000108654	own-gene 3' UTR	1	ENSG00000108654	True	True	d	/home/sharedFolder/humanSTARindex/Homo_sapiens.GRCh38.99.gtf
82981	11	68614925	68615334	+	ENSG00000110075	own-gene 3' UTR	1	ENSG00000110075	True	True	d	/home/sharedFolder/humanSTARindex/Homo_sapiens.GRCh38.99.gtf
379849	5	132192609	132192983	-	ENSG00000072682	own-gene 3' UTR	1	ENSG00000072682	True	True	d	/home/sharedFolder/humanSTARindex/Homo_sapiens.GRCh38.99.gtf
94017	12	911241	911319	+	ENSG00000060237	own-gene 3' UTR	1	ENSG00000060237	True	True	d	/home/sharedFolder/humanSTARindex/Homo_sapiens.GRCh38.99.gtf
149647	15	25437054	25437860	-	ENSG00000114062	intronic (same-strand gene body)	1		True	False	d	/home/sharedFolder/humanSTARindex/Homo_sapiens.GRCh38.99.gtf
276831	20	1167013	1167321	+	ENSG00000125818	own-gene 3' UTR	1	ENSG00000125818	True	True	d	/home/sharedFolder/humanSTARindex/Homo_sapiens.GRCh38.99.gtf
234129	19	55642944	55643470	+	ENSG00000213015	own-gene 3' UTR	3	ENSG00000213015	True	True	d	/home/sharedFolder/humanSTARindex/Homo_sapiens.GRCh38.99.gtf
244100	2	54669672	54669675	+	ENSG00000115306	own-gene 3' UTR	1	ENSG00000115306	True	True	d	/home/sharedFolder/humanSTARindex/Homo_sapiens.GRCh38.99.gtf
192789	17	35726412	35726417	+	ENSG00000006125	own-gene 3' UTR	2	ENSG00000006125	True	True	d	/home/sharedFolder/humanSTARindex/Homo_sapiens.GRCh38.99.gtf
183440	16	89298867	89299263	-	ENSG00000167522	own-gene 3' UTR	1	ENSG00000167522	True	True	d	/home/sharedFolder/humanSTARindex/Homo_sapiens.GRCh38.99.gtf
123009	13	31144499	31146204	-	ENSG00000120694	own-gene 3' UTR	1	ENSG00000120694	True	True	d	/home/sharedFolder/humanSTARindex/Homo_sapiens.GRCh38.99.gtf
147790	14	102730113	102730576	+	ENSG00000089902	own-gene 3' UTR	1	ENSG00000089902	True	True	d	/home/sharedFolder/humanSTARindex/Homo_sapiens.GRCh38.99.gtf
266731	2	190928488	190929478	-	ENSG00000115415	intronic (same-strand gene body)	1		True	False	d	/home/sharedFolder/humanSTARindex/Homo_sapiens.GRCh38.99.gtf
419770	7	7184633	7185171	+	ENSG00000106392	intronic (same-strand gene body)	1		True	False	d	/home/sharedFolder/humanSTARindex/Homo_sapiens.GRCh38.99.gtf
179690	16	70252294	70252435	-	ENSG00000090861	own-gene 3' UTR	1	ENSG00000090861	True	True	d	/home/sharedFolder/humanSTARindex/Homo_sapiens.GRCh38.99.gtf
395954	6	31832253	31833920	+	ENSG00000204388	intronic (same-strand gene body)	1		False	False	d	/home/sharedFolder/humanSTARindex/Homo_sapiens.GRCh38.99.gtf
60717	10	72233219	72233295	+	ENSG00000166295	own-gene 3' UTR	1	ENSG00000166295	True	True	d	/home/sharedFolder/humanSTARindex/Homo_sapiens.GRCh38.99.gtf
461034	8	102826305	102826402	-	ENSG00000155096	own-gene 3' UTR	1	ENSG00000155096	True	True	d	/home/sharedFolder/humanSTARindex/Homo_sapiens.GRCh38.99.gtf
426329	7	44826788	44826791	-	ENSG00000105968	own-gene 3' UTR	1	ENSG00000105968	True	True	d	/home/sharedFolder/humanSTARindex/Homo_sapiens.GRCh38.99.gtf
143167	14	75124711	75126125	-	ENSG00000119638	intronic (same-strand gene body)	1		True	False	d	/home/sharedFolder/humanSTARindex/Homo_sapiens.GRCh38.99.gtf
119099	12	122979435	122979451	+	ENSG00000111325	own-gene 3' UTR	2	ENSG00000111325	True	True	d	/home/sharedFolder/humanSTARindex/Homo_sapiens.GRCh38.99.gtf
303671	3	4984943	4985050	+	ENSG00000134107	own-gene 3' UTR	1	ENSG00000134107	True	True	d	/home/sharedFolder/humanSTARindex/Homo_sapiens.GRCh38.99.gtf
489176	X	2733453	2733810	+	ENSG00000002586	own-gene 3' UTR	1	ENSG00000002586	True	True	d	/home/sharedFolder/humanSTARindex/Homo_sapiens.GRCh38.99.gtf
175377	16	46659674	46659789	-	ENSG00000069329	own-gene 3' UTR	1	ENSG00000069329	True	True	d	/home/sharedFolder/humanSTARindex/Homo_sapiens.GRCh38.99.gtf
193061	17	36489756	36490416	-	ENSG00000278259	outside any same-strand gene	0		False	False	d	/home/sharedFolder/humanSTARindex/Homo_sapiens.GRCh38.99.gtf
485248	9	129881431	129881842	+	ENSG00000136878	own-gene 3' UTR	1	ENSG00000136878	True	True	d	/home/sharedFolder/humanSTARindex/Homo_sapiens.GRCh38.99.gtf
178313	16	67519557	67520721	+	ENSG00000039523	intronic (same-strand gene body)	1		True	False	d	/home/sharedFolder/humanSTARindex/Homo_sapiens.GRCh38.99.gtf
43800	1	226063543	226065394	+	ENSG00000163041	exonic, not 3' UTR	1		True	True	d	/home/sharedFolder/humanSTARindex/Homo_sapiens.GRCh38.99.gtf
117831	12	120535174	120536479	+	ENSG00000022840	exonic, not 3' UTR	1		True	True	d	/home/sharedFolder/humanSTARindex/Homo_sapiens.GRCh38.99.gtf
65387	10	95237571	95237572	-	ENSG00000107438	own-gene 3' UTR	1	ENSG00000107438	True	True	d	/home/sharedFolder/humanSTARindex/Homo_sapiens.GRCh38.99.gtf
416885	6	163572669	163573873	+	ENSG00000112531	own-gene 3' UTR	1	ENSG00000112531	True	True	d	/home/sharedFolder/humanSTARindex/Homo_sapiens.GRCh38.99.gtf
185944	17	4902060	4902934	+	ENSG00000141503	other-gene 3' UTR	1	ENSG00000205710	False	True	d	/home/sharedFolder/humanSTARindex/Homo_sapiens.GRCh38.99.gtf
210979	18	21613197	21614123	+	ENSG00000167088	intronic (same-strand gene body)	1		True	False	d	/home/sharedFolder/humanSTARindex/Homo_sapiens.GRCh38.99.gtf
301144	22	42079019	42079441	+	ENSG00000177096	own-gene 3' UTR	1	ENSG00000177096	True	True	d	/home/sharedFolder/humanSTARindex/Homo_sapiens.GRCh38.99.gtf
494658	X	53532789	53532794	-	ENSG00000086758	own-gene 3' UTR	1	ENSG00000086758	True	True	d	/home/sharedFolder/humanSTARindex/Homo_sapiens.GRCh38.99.gtf
36623	1	182887624	182887749	+	ENSG00000135829	own-gene 3' UTR	1	ENSG00000135829	True	True	d	/home/sharedFolder/humanSTARindex/Homo_sapiens.GRCh38.99.gtf
195862	17	44191410	44191731	+	ENSG00000168591	own-gene 3' UTR	1	ENSG00000168591	True	True	d	/home/sharedFolder/humanSTARindex/Homo_sapiens.GRCh38.99.gtf
211426	18	23482697	23483140	+	ENSG00000101782	own-gene 3' UTR	1	ENSG00000101782	True	True	d	/home/sharedFolder/humanSTARindex/Homo_sapiens.GRCh38.99.gtf
6522	1	25243569	25245272	-	ENSG00000117616	own-gene 3' UTR	1	ENSG00000117616	True	True	d	/home/sharedFolder/humanSTARindex/Homo_sapiens.GRCh38.99.gtf
370719	5	71035342	71035638	-	ENSG00000145736	own-gene 3' UTR	1	ENSG00000145736	True	True	d	/home/sharedFolder/humanSTARindex/Homo_sapiens.GRCh38.99.gtf
280698	20	32166806	32167256	+	ENSG00000101337	own-gene 3' UTR	1	ENSG00000101337	True	True	d	/home/sharedFolder/humanSTARindex/Homo_sapiens.GRCh38.99.gtf
247452	2	70281306	70281504	-	ENSG00000143977	own-gene 3' UTR	1	ENSG00000143977	True	True	d	/home/sharedFolder/humanSTARindex/Homo_sapiens.GRCh38.99.gtf
236978	2	20248678	20248764	-	ENSG00000055917	own-gene 3' UTR	1	ENSG00000055917	True	True	d	/home/sharedFolder/humanSTARindex/Homo_sapiens.GRCh38.99.gtf
54427	10	28620978	28620996	+	ENSG00000095787	own-gene 3' UTR	1	ENSG00000095787	True	True	d	/home/sharedFolder/humanSTARindex/Homo_sapiens.GRCh38.99.gtf
223529	19	16517887	16518290	-	ENSG00000141979	other-gene 3' UTR	2	ENSG00000085872	True	True	d	/home/sharedFolder/humanSTARindex/Homo_sapiens.GRCh38.99.gtf
81941	11	66052950	66054327	+	ENSG00000087365	exonic, not 3' UTR	1		True	True	d	/home/sharedFolder/humanSTARindex/Homo_sapiens.GRCh38.99.gtf
243015	2	46582953	46583121	+	ENSG00000119729	own-gene 3' UTR	1	ENSG00000119729	True	True	d	/home/sharedFolder/humanSTARindex/Homo_sapiens.GRCh38.99.gtf
66906	10	101784444	101784450	-	ENSG00000198408	own-gene 3' UTR	1	ENSG00000198408	True	True	d	/home/sharedFolder/humanSTARindex/Homo_sapiens.GRCh38.99.gtf
227976	19	38292081	38292097	+	ENSG00000167642	own-gene 3' UTR	2	ENSG00000167642	True	True	d	/home/sharedFolder/humanSTARindex/Homo_sapiens.GRCh38.99.gtf
217933	19	1474167	1474174	-	ENSG00000119559	own-gene 3' UTR	1	ENSG00000119559	True	True	d	/home/sharedFolder/humanSTARindex/Homo_sapiens.GRCh38.99.gtf
12355	1	44810692	44811640	+	ENSG00000173846	exonic, not 3' UTR	1		False	True	d	/home/sharedFolder/humanSTARindex/Homo_sapiens.GRCh38.99.gtf
386801	5	172766988	172767866	-	ENSG00000120129	outside any same-strand gene	0		False	False	d	/home/sharedFolder/humanSTARindex/Homo_sapiens.GRCh38.99.gtf
408945	6	122443350	122443467	-	ENSG00000111897	own-gene 3' UTR	1	ENSG00000111897	True	True	d	/home/sharedFolder/humanSTARindex/Homo_sapiens.GRCh38.99.gtf
130738	13	106543326	106543327	-	ENSG00000134884	own-gene 3' UTR	1	ENSG00000134884	True	True	d	/home/sharedFolder/humanSTARindex/Homo_sapiens.GRCh38.99.gtf
399680	6	43522333	43522752	-	ENSG00000124571	own-gene 3' UTR	1	ENSG00000124571	True	True	d	/home/sharedFolder/humanSTARindex/Homo_sapiens.GRCh38.99.gtf
306647	3	19984896	19984933	+	ENSG00000144566	own-gene 3' UTR	1	ENSG00000144566	True	True	d	/home/sharedFolder/humanSTARindex/Homo_sapiens.GRCh38.99.gtf
299414	22	38219290	38219690	-	ENSG00000198792	own-gene 3' UTR	1	ENSG00000198792	True	True	d	/home/sharedFolder/humanSTARindex/Homo_sapiens.GRCh38.99.gtf
59291	10	63375144	63376086	-	ENSG00000171988	intronic (same-strand gene body)	1		True	False	d	/home/sharedFolder/humanSTARindex/Homo_sapiens.GRCh38.99.gtf
396052	6	31969319	31969842	+	ENSG00000204351	own-gene 3' UTR	1	ENSG00000204351	True	True	d	/home/sharedFolder/humanSTARindex/Homo_sapiens.GRCh38.99.gtf
143171	14	75131451	75132192	-	ENSG00000170348	own-gene 3' UTR	1	ENSG00000170348	True	True	d	/home/sharedFolder/humanSTARindex/Homo_sapiens.GRCh38.99.gtf
272411	2	222562126	222562621	+	ENSG00000163082	own-gene 3' UTR	1	ENSG00000163082	True	True	d	/home/sharedFolder/humanSTARindex/Homo_sapiens.GRCh38.99.gtf
437256	7	106258075	106258638	-	ENSG00000105835	intronic (same-strand gene body)	1		True	False	d	/home/sharedFolder/humanSTARindex/Homo_sapiens.GRCh38.99.gtf
544	1	1661477	1661480	-	ENSG00000189339	own-gene 3' UTR	1	ENSG00000189339	True	True	d	/home/sharedFolder/humanSTARindex/Homo_sapiens.GRCh38.99.gtf
221194	19	10467367	10467931	+	ENSG00000065989	own-gene 3' UTR	1	ENSG00000065989	True	True	d	/home/sharedFolder/humanSTARindex/Homo_sapiens.GRCh38.99.gtf
158210	15	64674314	64674947	+	ENSG00000180357	exonic, not 3' UTR	1		True	True	d	/home/sharedFolder/humanSTARindex/Homo_sapiens.GRCh38.99.gtf
470693	9	33039901	33039907	+	ENSG00000086061	own-gene 3' UTR	1	ENSG00000086061	True	True	d	/home/sharedFolder/humanSTARindex/Homo_sapiens.GRCh38.99.gtf
238875	2	27887988	27889826	-	ENSG00000171174	intronic (same-strand gene body)	1		True	False	d	/home/sharedFolder/humanSTARindex/Homo_sapiens.GRCh38.99.gtf
284929	20	49124386	49124846	-	ENSG00000124214	exonic, not 3' UTR	1		True	True	d	/home/sharedFolder/humanSTARindex/Homo_sapiens.GRCh38.99.gtf
281652	20	35002403	35002781	-	ENSG00000100991	own-gene 3' UTR	1	ENSG00000100991	True	True	d	/home/sharedFolder/humanSTARindex/Homo_sapiens.GRCh38.99.gtf
455630	8	65765532	65765986	+	ENSG00000066855	intronic (same-strand gene body)	1		True	False	d	/home/sharedFolder/humanSTARindex/Homo_sapiens.GRCh38.99.gtf
383857	5	149496498	149496689	-	ENSG00000113712	own-gene 3' UTR	2	ENSG00000113712	True	True	d	/home/sharedFolder/humanSTARindex/Homo_sapiens.GRCh38.99.gtf
241164	2	38748751	38748828	-	ENSG00000115875	own-gene 3' UTR	1	ENSG00000115875	True	True	d	/home/sharedFolder/humanSTARindex/Homo_sapiens.GRCh38.99.gtf
330647	3	169995709	169996496	+	ENSG00000008952	own-gene 3' UTR	1	ENSG00000008952	True	True	d	/home/sharedFolder/humanSTARindex/Homo_sapiens.GRCh38.99.gtf
471416	9	35056556	35056612	-	ENSG00000165280	own-gene 3' UTR	1	ENSG00000165280	True	True	d	/home/sharedFolder/humanSTARindex/Homo_sapiens.GRCh38.99.gtf
166417	16	1755317	1755878	+	ENSG00000138834	intronic (same-strand gene body)	1		True	False	d	/home/sharedFolder/humanSTARindex/Homo_sapiens.GRCh38.99.gtf
344679	4	57030993	57031258	+	ENSG00000047315	own-gene 3' UTR	1	ENSG00000047315	True	True	d	/home/sharedFolder/humanSTARindex/Homo_sapiens.GRCh38.99.gtf
289723	21	25880805	25880912	-	ENSG00000142192	own-gene 3' UTR	1	ENSG00000142192	True	True	d	/home/sharedFolder/humanSTARindex/Homo_sapiens.GRCh38.99.gtf
480491	9	105526807	105527727	+	ENSG00000106701	intronic (same-strand gene body)	1		True	False	d	/home/sharedFolder/humanSTARindex/Homo_sapiens.GRCh38.99.gtf
377848	5	115614946	115616346	-	ENSG00000251201	other-gene 3' UTR	2	ENSG00000134970	True	True	d	/home/sharedFolder/humanSTARindex/Homo_sapiens.GRCh38.99.gtf
361700	5	6724548	6725346	+	ENSG00000112941	intronic (same-strand gene body)	1		True	False	d	/home/sharedFolder/humanSTARindex/Homo_sapiens.GRCh38.99.gtf
182211	16	83811535	83811669	+	ENSG00000230989	own-gene 3' UTR	1	ENSG00000230989	True	True	d	/home/sharedFolder/humanSTARindex/Homo_sapiens.GRCh38.99.gtf
89611	11	111396797	111396805	-	ENSG00000110777	exonic, not 3' UTR	1		True	True	d	/home/sharedFolder/humanSTARindex/Homo_sapiens.GRCh38.99.gtf
390841	6	11184812	11185505	-	ENSG00000111859	own-gene 3' UTR	1	ENSG00000111859	True	True	d	/home/sharedFolder/humanSTARindex/Homo_sapiens.GRCh38.99.gtf
169651	16	14951682	14952074	+	ENSG00000183426	own-gene 3' UTR	1	ENSG00000183426	True	True	d	/home/sharedFolder/humanSTARindex/Homo_sapiens.GRCh38.99.gtf
291276	21	34076205	34077337	+	ENSG00000243927	intronic (same-strand gene body)	3		True	False	d	/home/sharedFolder/humanSTARindex/Homo_sapiens.GRCh38.99.gtf
71251	10	129536476	129537495	+	ENSG00000170430	exonic, not 3' UTR	1		True	True	d	/home/sharedFolder/humanSTARindex/Homo_sapiens.GRCh38.99.gtf
383850	5	149494093	149494115	-	ENSG00000113712	own-gene 3' UTR	1	ENSG00000113712	True	True	d	/home/sharedFolder/humanSTARindex/Homo_sapiens.GRCh38.99.gtf
246468	2	65270898	65271253	+	ENSG00000138071	own-gene 3' UTR	1	ENSG00000138071	True	True	d	/home/sharedFolder/humanSTARindex/Homo_sapiens.GRCh38.99.gtf
37392	1	186313821	186313950	-	ENSG00000047410	own-gene 3' UTR	1	ENSG00000047410	True	True	d	/home/sharedFolder/humanSTARindex/Homo_sapiens.GRCh38.99.gtf
219343	19	5146424	5146968	+	ENSG00000127663	intronic (same-strand gene body)	1		True	False	d	/home/sharedFolder/humanSTARindex/Homo_sapiens.GRCh38.99.gtf
393547	6	24822502	24822977	-	ENSG00000111913	intronic (same-strand gene body)	1		True	False	d	/home/sharedFolder/humanSTARindex/Homo_sapiens.GRCh38.99.gtf
6304	1	24673217	24673271	+	ENSG00000133226	own-gene 3' UTR	1	ENSG00000133226	True	True	d	/home/sharedFolder/humanSTARindex/Homo_sapiens.GRCh38.99.gtf
322840	3	122730644	122730674	+	ENSG00000173193	own-gene 3' UTR	1	ENSG00000173193	True	True	d	/home/sharedFolder/humanSTARindex/Homo_sapiens.GRCh38.99.gtf
203488	17	68532680	68532762	+	ENSG00000108946	own-gene 3' UTR	1	ENSG00000108946	True	True	d	/home/sharedFolder/humanSTARindex/Homo_sapiens.GRCh38.99.gtf
271769	2	218274196	218274197	-	ENSG00000135926	own-gene 3' UTR	1	ENSG00000135926	True	True	d	/home/sharedFolder/humanSTARindex/Homo_sapiens.GRCh38.99.gtf
459579	8	97729801	97730260	+	ENSG00000147649	own-gene 3' UTR	1	ENSG00000147649	True	True	d	/home/sharedFolder/humanSTARindex/Homo_sapiens.GRCh38.99.gtf
286817	20	59030305	59031136	-	ENSG00000124172	exonic, not 3' UTR	1		True	True	d	/home/sharedFolder/humanSTARindex/Homo_sapiens.GRCh38.99.gtf
303758	3	5180742	5180751	+	ENSG00000134108	own-gene 3' UTR	1	ENSG00000134108	True	True	d	/home/sharedFolder/humanSTARindex/Homo_sapiens.GRCh38.99.gtf
485202	9	129810788	129811290	+	ENSG00000136816	own-gene 3' UTR	1	ENSG00000136816	True	True	d	/home/sharedFolder/humanSTARindex/Homo_sapiens.GRCh38.99.gtf
316764	3	73066624	73067193	+	ENSG00000163605	own-gene 3' UTR	1	ENSG00000163605	True	True	d	/home/sharedFolder/humanSTARindex/Homo_sapiens.GRCh38.99.gtf
456569	8	70574169	70574977	-	ENSG00000067167	own-gene 3' UTR	1	ENSG00000067167	True	True	d	/home/sharedFolder/humanSTARindex/Homo_sapiens.GRCh38.99.gtf
60704	10	72224119	72224154	+	ENSG00000166295	intronic (same-strand gene body)	1		True	False	d	/home/sharedFolder/humanSTARindex/Homo_sapiens.GRCh38.99.gtf
283923	20	45079847	45080019	+	ENSG00000101109	own-gene 3' UTR	1	ENSG00000101109	True	True	d	/home/sharedFolder/humanSTARindex/Homo_sapiens.GRCh38.99.gtf
452133	8	37884154	37885989	-	ENSG00000156675	intronic (same-strand gene body)	1		True	False	d	/home/sharedFolder/humanSTARindex/Homo_sapiens.GRCh38.99.gtf
206131	17	78795651	78795962	-	ENSG00000055483	own-gene 3' UTR	1	ENSG00000055483	True	True	d	/home/sharedFolder/humanSTARindex/Homo_sapiens.GRCh38.99.gtf
12959	1	46278399	46278798	-	ENSG00000132128	own-gene 3' UTR	1	ENSG00000132128	True	True	d	/home/sharedFolder/humanSTARindex/Homo_sapiens.GRCh38.99.gtf
214444	18	51079222	51079945	+	ENSG00000141646	own-gene 3' UTR	1	ENSG00000141646	True	True	d	/home/sharedFolder/humanSTARindex/Homo_sapiens.GRCh38.99.gtf
131323	13	110878539	110878795	-	ENSG00000088448	own-gene 3' UTR	1	ENSG00000088448	True	True	d	/home/sharedFolder/humanSTARindex/Homo_sapiens.GRCh38.99.gtf
61089	10	72887391	72887694	+	ENSG00000156026	own-gene 3' UTR	1	ENSG00000156026	True	True	d	/home/sharedFolder/humanSTARindex/Homo_sapiens.GRCh38.99.gtf
313383	3	53283422	53283853	-	ENSG00000272886	own-gene 3' UTR	1	ENSG00000272886	True	True	d	/home/sharedFolder/humanSTARindex/Homo_sapiens.GRCh38.99.gtf
194356	17	40142137	40143683	+	ENSG00000108349	intronic (same-strand gene body)	1		True	False	d	/home/sharedFolder/humanSTARindex/Homo_sapiens.GRCh38.99.gtf
406748	6	108683040	108684851	+	ENSG00000118689	own-gene 3' UTR	1	ENSG00000118689	True	True	d	/home/sharedFolder/humanSTARindex/Homo_sapiens.GRCh38.99.gtf
186785	17	7668420	7668746	-	ENSG00000141510	own-gene 3' UTR	1	ENSG00000141510	True	True	d	/home/sharedFolder/humanSTARindex/Homo_sapiens.GRCh38.99.gtf
268631	2	201133211	201134703	+	ENSG00000003402	intronic (same-strand gene body)	1		True	False	d	/home/sharedFolder/humanSTARindex/Homo_sapiens.GRCh38.99.gtf
27346	1	148531384	148531923	-	ENSG00000270629	own-gene 3' UTR	1	ENSG00000270629	True	True	d	/home/sharedFolder/humanSTARindex/Homo_sapiens.GRCh38.99.gtf
10722	1	39181641	39182374	+	ENSG00000127603	intronic (same-strand gene body)	1		True	False	d	/home/sharedFolder/humanSTARindex/Homo_sapiens.GRCh38.99.gtf
442743	7	139043511	139043928	-	ENSG00000105939	own-gene 3' UTR	1	ENSG00000105939	True	True	d	/home/sharedFolder/humanSTARindex/Homo_sapiens.GRCh38.99.gtf
857	1	2310118	2310214	+	ENSG00000157933	own-gene 3' UTR	1	ENSG00000157933	True	True	d	/home/sharedFolder/humanSTARindex/Homo_sapiens.GRCh38.99.gtf
16112	1	64833225	64833229	-	ENSG00000162434	own-gene 3' UTR	1	ENSG00000162434	True	True	d	/home/sharedFolder/humanSTARindex/Homo_sapiens.GRCh38.99.gtf
359607	4	176331715	176332376	+	ENSG00000129128	own-gene 3' UTR	1	ENSG00000129128	True	True	d	/home/sharedFolder/humanSTARindex/Homo_sapiens.GRCh38.99.gtf
233382	19	53551866	53553317	+	ENSG00000130844	intronic (same-strand gene body)	1		True	False	d	/home/sharedFolder/humanSTARindex/Homo_sapiens.GRCh38.99.gtf
240657	2	37204691	37204743	+	ENSG00000218739	own-gene 3' UTR	1	ENSG00000218739	True	True	d	/home/sharedFolder/humanSTARindex/Homo_sapiens.GRCh38.99.gtf
282200	20	35949675	35950431	+	ENSG00000025293	own-gene 3' UTR	1	ENSG00000025293	True	True	d	/home/sharedFolder/humanSTARindex/Homo_sapiens.GRCh38.99.gtf
342326	4	40423266	40423280	-	ENSG00000163694	own-gene 3' UTR	1	ENSG00000163694	True	True	d	/home/sharedFolder/humanSTARindex/Homo_sapiens.GRCh38.99.gtf
475409	9	73153641	73155391	+	ENSG00000135046	exonic, not 3' UTR	1		True	True	d	/home/sharedFolder/humanSTARindex/Homo_sapiens.GRCh38.99.gtf
460512	8	100918547	100918930	-	ENSG00000164924	own-gene 3' UTR	1	ENSG00000164924	True	True	d	/home/sharedFolder/humanSTARindex/Homo_sapiens.GRCh38.99.gtf
184327	17	1003518	1003578	-	ENSG00000159842	own-gene 3' UTR	1	ENSG00000159842	True	True	d	/home/sharedFolder/humanSTARindex/Homo_sapiens.GRCh38.99.gtf
267275	2	195737279	195737702	+	ENSG00000196950	own-gene 3' UTR	1	ENSG00000196950	True	True	d	/home/sharedFolder/humanSTARindex/Homo_sapiens.GRCh38.99.gtf
252598	2	101276536	101276537	-	ENSG00000163162	own-gene 3' UTR	1	ENSG00000163162	True	True	d	/home/sharedFolder/humanSTARindex/Homo_sapiens.GRCh38.99.gtf
231135	19	47512816	47514503	-	ENSG00000105402	intronic (same-strand gene body)	1		True	False	d	/home/sharedFolder/humanSTARindex/Homo_sapiens.GRCh38.99.gtf
183423	16	89267624	89268055	-	ENSG00000167522	own-gene 3' UTR	1	ENSG00000167522	True	True	d	/home/sharedFolder/humanSTARindex/Homo_sapiens.GRCh38.99.gtf
147882	14	102910868	102911500	+	ENSG00000131323	own-gene 3' UTR	1	ENSG00000131323	True	True	d	/home/sharedFolder/humanSTARindex/Homo_sapiens.GRCh38.99.gtf
209825	18	10552312	10552769	+	ENSG00000134265	own-gene 3' UTR	1	ENSG00000134265	True	True	d	/home/sharedFolder/humanSTARindex/Homo_sapiens.GRCh38.99.gtf
39542	1	202880779	202880922	-	ENSG00000183155	own-gene 3' UTR	1	ENSG00000183155	True	True	d	/home/sharedFolder/humanSTARindex/Homo_sapiens.GRCh38.99.gtf
195529	17	43250169	43251023	-	ENSG00000236383	intronic (same-strand gene body)	1		True	False	d	/home/sharedFolder/humanSTARindex/Homo_sapiens.GRCh38.99.gtf
234078	19	55484074	55484488	+	ENSG00000197483	own-gene 3' UTR	1	ENSG00000197483	True	True	d	/home/sharedFolder/humanSTARindex/Homo_sapiens.GRCh38.99.gtf
195581	17	43288468	43289503	-	ENSG00000236383	intronic (same-strand gene body)	1		True	False	d	/home/sharedFolder/humanSTARindex/Homo_sapiens.GRCh38.99.gtf
313022	3	52545366	52546474	-	ENSG00000163939	own-gene 3' UTR	1	ENSG00000163939	True	True	d	/home/sharedFolder/humanSTARindex/Homo_sapiens.GRCh38.99.gtf
166154	16	722589	722590	+	ENSG00000103260	other-gene 3' UTR	1	ENSG00000103254	False	True	d	/home/sharedFolder/humanSTARindex/Homo_sapiens.GRCh38.99.gtf
54189	10	28051103	28051720	-	ENSG00000150054	own-gene 3' UTR	1	ENSG00000150054	True	True	d	/home/sharedFolder/humanSTARindex/Homo_sapiens.GRCh38.99.gtf
218187	19	2100993	2101349	-	ENSG00000065000	own-gene 3' UTR	1	ENSG00000065000	True	True	d	/home/sharedFolder/humanSTARindex/Homo_sapiens.GRCh38.99.gtf
60046	10	69089386	69089957	+	ENSG00000122862	intronic (same-strand gene body)	1		True	False	d	/home/sharedFolder/humanSTARindex/Homo_sapiens.GRCh38.99.gtf
468210	9	5775698	5776557	+	ENSG00000107036	own-gene 3' UTR	1	ENSG00000107036	True	True	d	/home/sharedFolder/humanSTARindex/Homo_sapiens.GRCh38.99.gtf
18949	1	88835110	88835922	+	ENSG00000065243	own-gene 3' UTR	1	ENSG00000065243	True	True	d	/home/sharedFolder/humanSTARindex/Homo_sapiens.GRCh38.99.gtf
63607	10	87050485	87050583	-	ENSG00000148672	own-gene 3' UTR	1	ENSG00000148672	True	True	d	/home/sharedFolder/humanSTARindex/Homo_sapiens.GRCh38.99.gtf
103770	12	48936208	48936209	-	ENSG00000272822	other-gene 3' UTR	2	ENSG00000134287	True	True	d	/home/sharedFolder/humanSTARindex/Homo_sapiens.GRCh38.99.gtf
361716	5	6756630	6757045	+	ENSG00000112941	own-gene 3' UTR	1	ENSG00000112941	True	True	d	/home/sharedFolder/humanSTARindex/Homo_sapiens.GRCh38.99.gtf
47560	1	244854132	244854277	-	ENSG00000153187	own-gene 3' UTR	1	ENSG00000153187	True	True	d	/home/sharedFolder/humanSTARindex/Homo_sapiens.GRCh38.99.gtf
310115	3	42547966	42547969	-	ENSG00000093183	own-gene 3' UTR	1	ENSG00000093183	True	True	d	/home/sharedFolder/humanSTARindex/Homo_sapiens.GRCh38.99.gtf
28978	1	151050984	151051062	-	ENSG00000197622	own-gene 3' UTR	1	ENSG00000197622	True	True	d	/home/sharedFolder/humanSTARindex/Homo_sapiens.GRCh38.99.gtf
186601	17	7314461	7315381	-	ENSG00000132522	other-gene 3' UTR	2	ENSG00000261915	True	True	d	/home/sharedFolder/humanSTARindex/Homo_sapiens.GRCh38.99.gtf
186578	17	7259604	7260030	+	ENSG00000170291	own-gene 3' UTR	1	ENSG00000170291	True	True	d	/home/sharedFolder/humanSTARindex/Homo_sapiens.GRCh38.99.gtf
54126	10	27539756	27539830	+	ENSG00000099246	own-gene 3' UTR	1	ENSG00000099246	True	True	d	/home/sharedFolder/humanSTARindex/Homo_sapiens.GRCh38.99.gtf
5537	1	22092945	22092946	+	ENSG00000070831	own-gene 3' UTR	1	ENSG00000070831	True	True	d	/home/sharedFolder/humanSTARindex/Homo_sapiens.GRCh38.99.gtf
40590	1	206464024	206464443	+	ENSG00000266028	own-gene 3' UTR	1	ENSG00000266028	True	True	d	/home/sharedFolder/humanSTARindex/Homo_sapiens.GRCh38.99.gtf
156455	15	58595393	58595472	-	ENSG00000137845	own-gene 3' UTR	1	ENSG00000137845	True	True	d	/home/sharedFolder/humanSTARindex/Homo_sapiens.GRCh38.99.gtf
254170	2	110515519	110516432	-	ENSG00000183054	own-gene 3' UTR	1	ENSG00000183054	True	True	d	/home/sharedFolder/humanSTARindex/Homo_sapiens.GRCh38.99.gtf
281358	20	34369490	34371097	+	ENSG00000078747	exonic, not 3' UTR	1		True	True	d	/home/sharedFolder/humanSTARindex/Homo_sapiens.GRCh38.99.gtf
419707	7	6798936	6799231	-	ENSG00000146574	own-gene 3' UTR	1	ENSG00000146574	True	True	d	/home/sharedFolder/humanSTARindex/Homo_sapiens.GRCh38.99.gtf
195548	17	43264818	43265819	-	ENSG00000236383	intronic (same-strand gene body)	1		True	False	d	/home/sharedFolder/humanSTARindex/Homo_sapiens.GRCh38.99.gtf
195572	17	43282496	43283339	-	ENSG00000236383	intronic (same-strand gene body)	1		True	False	d	/home/sharedFolder/humanSTARindex/Homo_sapiens.GRCh38.99.gtf
9004	1	32365102	32365274	-	ENSG00000160058	own-gene 3' UTR	1	ENSG00000160058	True	True	d	/home/sharedFolder/humanSTARindex/Homo_sapiens.GRCh38.99.gtf
306439	3	18347938	18349426	-	ENSG00000131374	other-gene 3' UTR	2	ENSG00000182568	True	True	d	/home/sharedFolder/humanSTARindex/Homo_sapiens.GRCh38.99.gtf
154239	15	48988637	48989458	-	ENSG00000138593	own-gene 3' UTR	1	ENSG00000138593	True	True	d	/home/sharedFolder/humanSTARindex/Homo_sapiens.GRCh38.99.gtf
134750	14	35029338	35029567	+	ENSG00000100883	own-gene 3' UTR	1	ENSG00000100883	True	True	d	/home/sharedFolder/humanSTARindex/Homo_sapiens.GRCh38.99.gtf
460844	8	102204455	102205037	-	ENSG00000048392	own-gene 3' UTR	1	ENSG00000048392	True	True	d	/home/sharedFolder/humanSTARindex/Homo_sapiens.GRCh38.99.gtf
152266	15	41281802	41281890	+	ENSG00000187446	own-gene 3' UTR	1	ENSG00000187446	True	True	d	/home/sharedFolder/humanSTARindex/Homo_sapiens.GRCh38.99.gtf
333001	3	183684062	183684656	+	ENSG00000114796	own-gene 3' UTR	1	ENSG00000114796	True	True	d	/home/sharedFolder/humanSTARindex/Homo_sapiens.GRCh38.99.gtf
462454	8	117901542	117902478	-	ENSG00000182197	intronic (same-strand gene body)	1		True	False	d	/home/sharedFolder/humanSTARindex/Homo_sapiens.GRCh38.99.gtf
46818	1	241588310	241589198	-	ENSG00000054277	outside any same-strand gene	0		False	False	d	/home/sharedFolder/humanSTARindex/Homo_sapiens.GRCh38.99.gtf
158740	15	65787752	65788884	+	ENSG00000103769	intronic (same-strand gene body)	1		True	False	d	/home/sharedFolder/humanSTARindex/Homo_sapiens.GRCh38.99.gtf
210776	18	20949739	20951173	-	ENSG00000067900	own-gene 3' UTR	1	ENSG00000067900	True	True	d	/home/sharedFolder/humanSTARindex/Homo_sapiens.GRCh38.99.gtf
229068	19	41307590	41307787	+	ENSG00000105323	own-gene 3' UTR	1	ENSG00000105323	True	True	d	/home/sharedFolder/humanSTARindex/Homo_sapiens.GRCh38.99.gtf
131412	13	111305349	111305737	+	ENSG00000102606	own-gene 3' UTR	1	ENSG00000102606	True	True	d	/home/sharedFolder/humanSTARindex/Homo_sapiens.GRCh38.99.gtf
416785	6	163416152	163417264	+	ENSG00000112531	exonic, not 3' UTR	1		True	True	d	/home/sharedFolder/humanSTARindex/Homo_sapiens.GRCh38.99.gtf
77964	11	43344524	43344529	+	ENSG00000166181	own-gene 3' UTR	1	ENSG00000166181	True	True	d	/home/sharedFolder/humanSTARindex/Homo_sapiens.GRCh38.99.gtf
422101	7	23505137	23505156	-	ENSG00000164548	own-gene 3' UTR	1	ENSG00000164548	True	True	d	/home/sharedFolder/humanSTARindex/Homo_sapiens.GRCh38.99.gtf
571	1	1698621	1698994	-	ENSG00000008128	outside any same-strand gene	0		False	False	d	/home/sharedFolder/humanSTARindex/Homo_sapiens.GRCh38.99.gtf
318739	3	105442093	105442803	+	ENSG00000170017	intronic (same-strand gene body)	1		True	False	d	/home/sharedFolder/humanSTARindex/Homo_sapiens.GRCh38.99.gtf
178330	16	67546774	67546786	+	ENSG00000039523	own-gene 3' UTR	1	ENSG00000039523	True	True	d	/home/sharedFolder/humanSTARindex/Homo_sapiens.GRCh38.99.gtf
59691	10	68070077	68070501	-	ENSG00000148634	own-gene 3' UTR	1	ENSG00000148634	True	True	d	/home/sharedFolder/humanSTARindex/Homo_sapiens.GRCh38.99.gtf
142729	14	73884775	73885465	+	ENSG00000140043	own-gene 3' UTR	2	ENSG00000140043	True	True	d	/home/sharedFolder/humanSTARindex/Homo_sapiens.GRCh38.99.gtf
493789	X	47215127	47215168	+	ENSG00000130985	own-gene 3' UTR	1	ENSG00000130985	True	True	d	/home/sharedFolder/humanSTARindex/Homo_sapiens.GRCh38.99.gtf
317974	3	99828545	99829050	-	ENSG00000168386	outside any same-strand gene	0		False	False	d	/home/sharedFolder/humanSTARindex/Homo_sapiens.GRCh38.99.gtf
253992	2	109855072	109855987	+	ENSG00000015568	own-gene 3' UTR	1	ENSG00000015568	True	True	d	/home/sharedFolder/humanSTARindex/Homo_sapiens.GRCh38.99.gtf
171756	16	21877377	21880314	-	ENSG00000185864	exonic, not 3' UTR	2		True	True	d	/home/sharedFolder/humanSTARindex/Homo_sapiens.GRCh38.99.gtf
79581	11	57803469	57803885	+	ENSG00000288534	own-gene 3' UTR	3	ENSG00000288534	True	True	d	/home/sharedFolder/humanSTARindex/Homo_sapiens.GRCh38.99.gtf
413509	6	149411133	149411611	+	ENSG00000055208	own-gene 3' UTR	1	ENSG00000055208	True	True	d	/home/sharedFolder/humanSTARindex/Homo_sapiens.GRCh38.99.gtf
443427	7	140719333	140719770	-	ENSG00000157764	own-gene 3' UTR	1	ENSG00000157764	True	True	d	/home/sharedFolder/humanSTARindex/Homo_sapiens.GRCh38.99.gtf
180567	16	74305604	74305786	+	ENSG00000103035	own-gene 3' UTR	1	ENSG00000103035	True	True	d	/home/sharedFolder/humanSTARindex/Homo_sapiens.GRCh38.99.gtf
485257	9	129886077	129886703	+	ENSG00000136878	outside any same-strand gene	0		False	False	d	/home/sharedFolder/humanSTARindex/Homo_sapiens.GRCh38.99.gtf
260837	2	157415014	157415174	-	ENSG00000115165	own-gene 3' UTR	1	ENSG00000115165	True	True	d	/home/sharedFolder/humanSTARindex/Homo_sapiens.GRCh38.99.gtf
19909	1	92840304	92840657	+	ENSG00000122406	exonic, not 3' UTR	1		True	True	d	/home/sharedFolder/humanSTARindex/Homo_sapiens.GRCh38.99.gtf
417108	6	166411123	166411720	-	ENSG00000071242	own-gene 3' UTR	1	ENSG00000071242	True	True	d	/home/sharedFolder/humanSTARindex/Homo_sapiens.GRCh38.99.gtf
412001	6	139372868	139373069	-	ENSG00000164442	own-gene 3' UTR	1	ENSG00000164442	True	True	d	/home/sharedFolder/humanSTARindex/Homo_sapiens.GRCh38.99.gtf
344605	4	56935425	56936029	+	ENSG00000084093	own-gene 3' UTR	1	ENSG00000084093	True	True	d	/home/sharedFolder/humanSTARindex/Homo_sapiens.GRCh38.99.gtf
351765	4	108630348	108630484	+	ENSG00000109475	own-gene 3' UTR	1	ENSG00000109475	True	True	d	/home/sharedFolder/humanSTARindex/Homo_sapiens.GRCh38.99.gtf
228099	19	38652591	38654689	+	ENSG00000130402	intronic (same-strand gene body)	1		True	False	d	/home/sharedFolder/humanSTARindex/Homo_sapiens.GRCh38.99.gtf
380552	5	134391524	134392028	+	ENSG00000119048	own-gene 3' UTR	1	ENSG00000119048	True	True	d	/home/sharedFolder/humanSTARindex/Homo_sapiens.GRCh38.99.gtf
16420	1	66332261	66335247	+	ENSG00000184588	exonic, not 3' UTR	1		True	True	d	/home/sharedFolder/humanSTARindex/Homo_sapiens.GRCh38.99.gtf
167779	16	4881973	4882360	+	ENSG00000118900	own-gene 3' UTR	1	ENSG00000118900	True	True	d	/home/sharedFolder/humanSTARindex/Homo_sapiens.GRCh38.99.gtf
398187	6	37869322	37870673	+	ENSG00000156639	intronic (same-strand gene body)	1		True	False	d	/home/sharedFolder/humanSTARindex/Homo_sapiens.GRCh38.99.gtf
454774	8	58558611	58559653	+	ENSG00000137575	intronic (same-strand gene body)	1		True	False	d	/home/sharedFolder/humanSTARindex/Homo_sapiens.GRCh38.99.gtf
29192	1	151404204	151404962	-	ENSG00000143442	own-gene 3' UTR	1	ENSG00000143442	True	True	d	/home/sharedFolder/humanSTARindex/Homo_sapiens.GRCh38.99.gtf
393223	6	21598112	21598619	+	ENSG00000124766	own-gene 3' UTR	1	ENSG00000124766	True	True	d	/home/sharedFolder/humanSTARindex/Homo_sapiens.GRCh38.99.gtf
409183	6	125854626	125855223	+	ENSG00000111912	exonic, not 3' UTR	1		True	True	d	/home/sharedFolder/humanSTARindex/Homo_sapiens.GRCh38.99.gtf
496421	X	71573931	71574521	+	ENSG00000147162	own-gene 3' UTR	1	ENSG00000147162	True	True	d	/home/sharedFolder/humanSTARindex/Homo_sapiens.GRCh38.99.gtf
322382	3	121663200	121663636	-	ENSG00000173230	own-gene 3' UTR	1	ENSG00000173230	True	True	d	/home/sharedFolder/humanSTARindex/Homo_sapiens.GRCh38.99.gtf
190167	17	27307781	27308744	+	ENSG00000109046	own-gene 3' UTR	1	ENSG00000109046	True	True	d	/home/sharedFolder/humanSTARindex/Homo_sapiens.GRCh38.99.gtf
40918	1	207360696	207360966	+	ENSG00000196352	own-gene 3' UTR	1	ENSG00000196352	True	True	d	/home/sharedFolder/humanSTARindex/Homo_sapiens.GRCh38.99.gtf
308838	3	33866781	33867009	+	ENSG00000170248	own-gene 3' UTR	1	ENSG00000170248	True	True	d	/home/sharedFolder/humanSTARindex/Homo_sapiens.GRCh38.99.gtf
370751	5	71073324	71073985	-	ENSG00000145736	outside any same-strand gene	0		False	False	d	/home/sharedFolder/humanSTARindex/Homo_sapiens.GRCh38.99.gtf
123351	13	32517613	32517906	-	ENSG00000244754	own-gene 3' UTR	1	ENSG00000244754	True	True	d	/home/sharedFolder/humanSTARindex/Homo_sapiens.GRCh38.99.gtf
422634	7	26667049	26667486	-	ENSG00000005020	own-gene 3' UTR	1	ENSG00000005020	True	True	d	/home/sharedFolder/humanSTARindex/Homo_sapiens.GRCh38.99.gtf
436758	7	105116373	105116770	-	ENSG00000135250	own-gene 3' UTR	1	ENSG00000135250	True	True	d	/home/sharedFolder/humanSTARindex/Homo_sapiens.GRCh38.99.gtf
115379	12	110347235	110347326	+	ENSG00000174437	own-gene 3' UTR	1	ENSG00000174437	True	True	d	/home/sharedFolder/humanSTARindex/Homo_sapiens.GRCh38.99.gtf
170580	16	18358071	18358518	-	ENSG00000233024	own-gene 3' UTR	1	ENSG00000233024	True	True	d	/home/sharedFolder/humanSTARindex/Homo_sapiens.GRCh38.99.gtf
89102	11	108133852	108134883	+	ENSG00000075239	exonic, not 3' UTR	1		True	True	d	/home/sharedFolder/humanSTARindex/Homo_sapiens.GRCh38.99.gtf
319173	3	107810614	107811339	+	ENSG00000114439	own-gene 3' UTR	1	ENSG00000114439	True	True	d	/home/sharedFolder/humanSTARindex/Homo_sapiens.GRCh38.99.gtf
47553	1	244850952	244852167	-	ENSG00000153187	own-gene 3' UTR	1	ENSG00000153187	True	True	d	/home/sharedFolder/humanSTARindex/Homo_sapiens.GRCh38.99.gtf
142830	14	74065514	74066149	+	ENSG00000119636	own-gene 3' UTR	1	ENSG00000119636	True	True	d	/home/sharedFolder/humanSTARindex/Homo_sapiens.GRCh38.99.gtf
243215	2	47162314	47162824	-	ENSG00000273269	other-gene 3' UTR	2	ENSG00000143933	True	True	d	/home/sharedFolder/humanSTARindex/Homo_sapiens.GRCh38.99.gtf
97862	12	12829978	12829983	+	ENSG00000178878	other-gene 3' UTR	1	ENSG00000213782	False	True	d	/home/sharedFolder/humanSTARindex/Homo_sapiens.GRCh38.99.gtf
198417	17	50694148	50694149	+	ENSG00000108846	intronic (same-strand gene body)	1		False	False	d	/home/sharedFolder/humanSTARindex/Homo_sapiens.GRCh38.99.gtf
10720	1	39175544	39176160	+	ENSG00000127603	intronic (same-strand gene body)	1		True	False	d	/home/sharedFolder/humanSTARindex/Homo_sapiens.GRCh38.99.gtf
32399	1	161519487	161519570	+	ENSG00000143226	own-gene 3' UTR	2	ENSG00000143226	True	True	d	/home/sharedFolder/humanSTARindex/Homo_sapiens.GRCh38.99.gtf
4940	1	20742672	20742682	-	ENSG00000127483	own-gene 3' UTR	1	ENSG00000127483	True	True	d	/home/sharedFolder/humanSTARindex/Homo_sapiens.GRCh38.99.gtf
470836	9	33281450	33281565	+	ENSG00000086065	own-gene 3' UTR	1	ENSG00000086065	True	True	d	/home/sharedFolder/humanSTARindex/Homo_sapiens.GRCh38.99.gtf
30080	1	154582287	154582295	-	ENSG00000160710	own-gene 3' UTR	1	ENSG00000160710	True	True	d	/home/sharedFolder/humanSTARindex/Homo_sapiens.GRCh38.99.gtf
422099	7	23504936	23505013	-	ENSG00000164548	own-gene 3' UTR	1	ENSG00000164548	True	True	d	/home/sharedFolder/humanSTARindex/Homo_sapiens.GRCh38.99.gtf
88406	11	102426442	102426836	-	ENSG00000152558	intronic (same-strand gene body)	1		True	False	d	/home/sharedFolder/humanSTARindex/Homo_sapiens.GRCh38.99.gtf
435490	7	101205983	101206337	-	ENSG00000106397	own-gene 3' UTR	1	ENSG00000106397	True	True	d	/home/sharedFolder/humanSTARindex/Homo_sapiens.GRCh38.99.gtf
311697	3	48599001	48599002	-	ENSG00000010256	own-gene 3' UTR	1	ENSG00000010256	True	True	d	/home/sharedFolder/humanSTARindex/Homo_sapiens.GRCh38.99.gtf
112322	12	95300270	95301172	+	ENSG00000028203	own-gene 3' UTR	1	ENSG00000028203	True	True	d	/home/sharedFolder/humanSTARindex/Homo_sapiens.GRCh38.99.gtf
239238	2	28801893	28802947	+	ENSG00000213639	own-gene 3' UTR	2	ENSG00000213639	True	True	d	/home/sharedFolder/humanSTARindex/Homo_sapiens.GRCh38.99.gtf
105984	12	56107469	56108249	+	ENSG00000065361	exonic, not 3' UTR	2		False	True	d	/home/sharedFolder/humanSTARindex/Homo_sapiens.GRCh38.99.gtf
195512	17	43238097	43238597	-	ENSG00000236383	intronic (same-strand gene body)	1		True	False	d	/home/sharedFolder/humanSTARindex/Homo_sapiens.GRCh38.99.gtf
195590	17	43294769	43295638	-	ENSG00000236383	intronic (same-strand gene body)	1		True	False	d	/home/sharedFolder/humanSTARindex/Homo_sapiens.GRCh38.99.gtf
419550	7	6409115	6409506	-	ENSG00000164535	own-gene 3' UTR	1	ENSG00000164535	True	True	d	/home/sharedFolder/humanSTARindex/Homo_sapiens.GRCh38.99.gtf
452140	8	37892504	37893614	-	ENSG00000156675	intronic (same-strand gene body)	1		True	False	d	/home/sharedFolder/humanSTARindex/Homo_sapiens.GRCh38.99.gtf
190158	17	27297602	27298948	+	ENSG00000109046	intronic (same-strand gene body)	1		True	False	d	/home/sharedFolder/humanSTARindex/Homo_sapiens.GRCh38.99.gtf
448098	8	11844048	11844068	-	ENSG00000164733	own-gene 3' UTR	1	ENSG00000164733	True	True	d	/home/sharedFolder/humanSTARindex/Homo_sapiens.GRCh38.99.gtf
493786	X	47206854	47207530	+	ENSG00000130985	intronic (same-strand gene body)	1		True	False	d	/home/sharedFolder/humanSTARindex/Homo_sapiens.GRCh38.99.gtf
111862	12	93782145	93782752	+	ENSG00000169372	intronic (same-strand gene body)	1		True	False	d	/home/sharedFolder/humanSTARindex/Homo_sapiens.GRCh38.99.gtf
452123	8	37877806	37878442	-	ENSG00000156675	exonic, not 3' UTR	1		True	True	d	/home/sharedFolder/humanSTARindex/Homo_sapiens.GRCh38.99.gtf
211251	18	22950094	22950593	+	ENSG00000101773	intronic (same-strand gene body)	1		True	False	d	/home/sharedFolder/humanSTARindex/Homo_sapiens.GRCh38.99.gtf
79038	11	47728345	47729384	-	ENSG00000109920	intronic (same-strand gene body)	1		True	False	d	/home/sharedFolder/humanSTARindex/Homo_sapiens.GRCh38.99.gtf
198520	17	50962173	50962558	-	ENSG00000008294	own-gene 3' UTR	1	ENSG00000008294	True	True	d	/home/sharedFolder/humanSTARindex/Homo_sapiens.GRCh38.99.gtf
73966	11	9446616	9446750	+	ENSG00000205339	own-gene 3' UTR	1	ENSG00000205339	True	True	d	/home/sharedFolder/humanSTARindex/Homo_sapiens.GRCh38.99.gtf
221065	19	10286526	10286650	+	ENSG00000090339	own-gene 3' UTR	1	ENSG00000090339	True	True	d	/home/sharedFolder/humanSTARindex/Homo_sapiens.GRCh38.99.gtf
192197	17	32492600	32493021	-	ENSG00000176658	own-gene 3' UTR	1	ENSG00000176658	True	True	d	/home/sharedFolder/humanSTARindex/Homo_sapiens.GRCh38.99.gtf
166591	16	2253119	2253655	-	ENSG00000205937	own-gene 3' UTR	1	ENSG00000205937	True	True	d	/home/sharedFolder/humanSTARindex/Homo_sapiens.GRCh38.99.gtf
260838	2	157415307	157415627	-	ENSG00000115165	own-gene 3' UTR	1	ENSG00000115165	True	True	d	/home/sharedFolder/humanSTARindex/Homo_sapiens.GRCh38.99.gtf
30950	1	156212791	156212796	+	ENSG00000160785	own-gene 3' UTR	1	ENSG00000160785	True	True	d	/home/sharedFolder/humanSTARindex/Homo_sapiens.GRCh38.99.gtf
244374	2	55547291	55547720	-	ENSG00000275052	own-gene 3' UTR	1	ENSG00000275052	True	True	d	/home/sharedFolder/humanSTARindex/Homo_sapiens.GRCh38.99.gtf
10021	1	36089683	36091097	+	ENSG00000092850	intronic (same-strand gene body)	1		False	False	d	/home/sharedFolder/humanSTARindex/Homo_sapiens.GRCh38.99.gtf
409227	6	125931019	125931111	+	ENSG00000111912	own-gene 3' UTR	1	ENSG00000111912	True	True	d	/home/sharedFolder/humanSTARindex/Homo_sapiens.GRCh38.99.gtf
442667	7	138584787	138585588	+	ENSG00000122779	own-gene 3' UTR	1	ENSG00000122779	True	True	d	/home/sharedFolder/humanSTARindex/Homo_sapiens.GRCh38.99.gtf
104719	12	51238903	51239828	+	ENSG00000183283	exonic, not 3' UTR	1		True	True	d	/home/sharedFolder/humanSTARindex/Homo_sapiens.GRCh38.99.gtf
319197	3	108045336	108046757	-	ENSG00000196776	own-gene 3' UTR	1	ENSG00000196776	True	True	d	/home/sharedFolder/humanSTARindex/Homo_sapiens.GRCh38.99.gtf
217861	19	1273023	1273172	+	ENSG00000099622	own-gene 3' UTR	1	ENSG00000099622	True	True	d	/home/sharedFolder/humanSTARindex/Homo_sapiens.GRCh38.99.gtf
455438	8	63212066	63212786	+	ENSG00000185728	own-gene 3' UTR	1	ENSG00000185728	True	True	d	/home/sharedFolder/humanSTARindex/Homo_sapiens.GRCh38.99.gtf
49429	10	5763323	5763745	+	ENSG00000108021	own-gene 3' UTR	1	ENSG00000108021	True	True	d	/home/sharedFolder/humanSTARindex/Homo_sapiens.GRCh38.99.gtf
166009	16	370787	371234	-	ENSG00000086504	other-gene 3' UTR	2	ENSG00000129925	True	True	d	/home/sharedFolder/humanSTARindex/Homo_sapiens.GRCh38.99.gtf
167754	16	4848523	4849853	+	ENSG00000118900	intronic (same-strand gene body)	1		True	False	d	/home/sharedFolder/humanSTARindex/Homo_sapiens.GRCh38.99.gtf
398503	6	38482401	38482905	-	ENSG00000183826	intronic (same-strand gene body)	1		True	False	d	/home/sharedFolder/humanSTARindex/Homo_sapiens.GRCh38.99.gtf
402151	6	69675792	69675944	-	ENSG00000168216	own-gene 3' UTR	1	ENSG00000168216	True	True	d	/home/sharedFolder/humanSTARindex/Homo_sapiens.GRCh38.99.gtf
186188	17	5385436	5385812	+	ENSG00000029725	own-gene 3' UTR	1	ENSG00000029725	True	True	d	/home/sharedFolder/humanSTARindex/Homo_sapiens.GRCh38.99.gtf
161567	15	78278818	78279384	-	ENSG00000140395	intronic (same-strand gene body)	1		True	False	d	/home/sharedFolder/humanSTARindex/Homo_sapiens.GRCh38.99.gtf
349714	4	94668147	94668226	+	ENSG00000163110	own-gene 3' UTR	1	ENSG00000163110	True	True	d	/home/sharedFolder/humanSTARindex/Homo_sapiens.GRCh38.99.gtf
275542	2	237762634	237764090	+	ENSG00000124831	exonic, not 3' UTR	1		True	True	d	/home/sharedFolder/humanSTARindex/Homo_sapiens.GRCh38.99.gtf
26586	1	145921555	145921974	-	ENSG00000265241	own-gene 3' UTR	1	ENSG00000265241	True	True	d	/home/sharedFolder/humanSTARindex/Homo_sapiens.GRCh38.99.gtf
344506	4	56502641	56503107	+	ENSG00000174780	own-gene 3' UTR	1	ENSG00000174780	True	True	d	/home/sharedFolder/humanSTARindex/Homo_sapiens.GRCh38.99.gtf
136443	14	49896605	49897054	+	ENSG00000165527	own-gene 3' UTR	1	ENSG00000165527	True	True	d	/home/sharedFolder/humanSTARindex/Homo_sapiens.GRCh38.99.gtf
401024	6	53339929	53341405	-	ENSG00000012660	intronic (same-strand gene body)	1		True	False	d	/home/sharedFolder/humanSTARindex/Homo_sapiens.GRCh38.99.gtf
437275	7	106275025	106277904	-	ENSG00000105835	exonic, not 3' UTR	1		True	True	d	/home/sharedFolder/humanSTARindex/Homo_sapiens.GRCh38.99.gtf
299759	22	39066350	39067653	+	ENSG00000128394	outside any same-strand gene	0		False	False	d	/home/sharedFolder/humanSTARindex/Homo_sapiens.GRCh38.99.gtf
85165	11	77389647	77391427	-	ENSG00000149269	intronic (same-strand gene body)	1		True	False	d	/home/sharedFolder/humanSTARindex/Homo_sapiens.GRCh38.99.gtf
207396	17	82602020	82602417	+	ENSG00000141568	own-gene 3' UTR	1	ENSG00000141568	True	True	d	/home/sharedFolder/humanSTARindex/Homo_sapiens.GRCh38.99.gtf
351009	4	103079434	103079570	-	ENSG00000164038	other-gene 3' UTR	2	ENSG00000164039	True	True	d	/home/sharedFolder/humanSTARindex/Homo_sapiens.GRCh38.99.gtf
50468	10	11334020	11334358	+	ENSG00000048740	own-gene 3' UTR	1	ENSG00000048740	True	True	d	/home/sharedFolder/humanSTARindex/Homo_sapiens.GRCh38.99.gtf
13085	1	46674924	46675551	-	ENSG00000159658	own-gene 3' UTR	1	ENSG00000159658	True	True	d	/home/sharedFolder/humanSTARindex/Homo_sapiens.GRCh38.99.gtf
228704	19	40416677	40417490	-	ENSG00000197019	outside any same-strand gene	0		False	False	d	/home/sharedFolder/humanSTARindex/Homo_sapiens.GRCh38.99.gtf
150475	15	31377362	31377899	+	ENSG00000169926	own-gene 3' UTR	1	ENSG00000169926	True	True	d	/home/sharedFolder/humanSTARindex/Homo_sapiens.GRCh38.99.gtf
292254	21	37514504	37515260	+	ENSG00000157540	own-gene 3' UTR	1	ENSG00000157540	True	True	d	/home/sharedFolder/humanSTARindex/Homo_sapiens.GRCh38.99.gtf
450625	8	26413123	26413128	+	ENSG00000104765	own-gene 3' UTR	1	ENSG00000104765	True	True	d	/home/sharedFolder/humanSTARindex/Homo_sapiens.GRCh38.99.gtf
304735	3	11556068	11556493	-	ENSG00000144560	own-gene 3' UTR	1	ENSG00000144560	True	True	d	/home/sharedFolder/humanSTARindex/Homo_sapiens.GRCh38.99.gtf
283985	20	45325287	45325288	-	ENSG00000124145	own-gene 3' UTR	1	ENSG00000124145	True	True	d	/home/sharedFolder/humanSTARindex/Homo_sapiens.GRCh38.99.gtf
6616	1	25360817	25361211	+	ENSG00000183726	own-gene 3' UTR	1	ENSG00000183726	True	True	d	/home/sharedFolder/humanSTARindex/Homo_sapiens.GRCh38.99.gtf
79572	11	57794341	57794922	+	ENSG00000288534	intronic (same-strand gene body)	3		True	False	d	/home/sharedFolder/humanSTARindex/Homo_sapiens.GRCh38.99.gtf
227037	19	35897369	35897777	-	ENSG00000167604	exonic, not 3' UTR	1		True	True	d	/home/sharedFolder/humanSTARindex/Homo_sapiens.GRCh38.99.gtf
66595	10	100266297	100267378	-	ENSG00000095485	intronic (same-strand gene body)	1		True	False	d	/home/sharedFolder/humanSTARindex/Homo_sapiens.GRCh38.99.gtf
360394	4	185363552	185363971	+	ENSG00000109762	own-gene 3' UTR	1	ENSG00000109762	True	True	d	/home/sharedFolder/humanSTARindex/Homo_sapiens.GRCh38.99.gtf
453451	8	43201398	43201866	+	ENSG00000165102	own-gene 3' UTR	1	ENSG00000165102	True	True	d	/home/sharedFolder/humanSTARindex/Homo_sapiens.GRCh38.99.gtf
146564	14	96567102	96567116	+	ENSG00000090060	own-gene 3' UTR	1	ENSG00000090060	True	True	d	/home/sharedFolder/humanSTARindex/Homo_sapiens.GRCh38.99.gtf
381373	5	138555334	138555341	-	ENSG00000113013	own-gene 3' UTR	1	ENSG00000113013	True	True	d	/home/sharedFolder/humanSTARindex/Homo_sapiens.GRCh38.99.gtf
387737	5	177331561	177331567	-	ENSG00000169223	own-gene 3' UTR	1	ENSG00000169223	True	True	d	/home/sharedFolder/humanSTARindex/Homo_sapiens.GRCh38.99.gtf
283247	20	41123202	41124487	+	ENSG00000198900	own-gene 3' UTR	1	ENSG00000198900	True	True	d	/home/sharedFolder/humanSTARindex/Homo_sapiens.GRCh38.99.gtf
180561	16	74297279	74298740	+	ENSG00000103035	intronic (same-strand gene body)	1		True	False	d	/home/sharedFolder/humanSTARindex/Homo_sapiens.GRCh38.99.gtf
350877	4	102794381	102794737	-	ENSG00000109332	own-gene 3' UTR	1	ENSG00000109332	True	True	d	/home/sharedFolder/humanSTARindex/Homo_sapiens.GRCh38.99.gtf
10716	1	39162902	39163472	+	ENSG00000127603	intronic (same-strand gene body)	1		True	False	d	/home/sharedFolder/humanSTARindex/Homo_sapiens.GRCh38.99.gtf
238302	2	26135095	26135110	+	ENSG00000084733	own-gene 3' UTR	1	ENSG00000084733	True	True	d	/home/sharedFolder/humanSTARindex/Homo_sapiens.GRCh38.99.gtf
336536	3	197955850	197955851	+	ENSG00000182899	own-gene 3' UTR	1	ENSG00000182899	True	True	d	/home/sharedFolder/humanSTARindex/Homo_sapiens.GRCh38.99.gtf
430277	7	74760683	74760692	+	ENSG00000263001	own-gene 3' UTR	1	ENSG00000263001	True	True	d	/home/sharedFolder/humanSTARindex/Homo_sapiens.GRCh38.99.gtf
20069	1	93151839	93151850	-	ENSG00000117500	own-gene 3' UTR	1	ENSG00000117500	True	True	d	/home/sharedFolder/humanSTARindex/Homo_sapiens.GRCh38.99.gtf
483810	9	125234810	125235687	-	ENSG00000044574	own-gene 3' UTR	1	ENSG00000044574	True	True	d	/home/sharedFolder/humanSTARindex/Homo_sapiens.GRCh38.99.gtf
390849	6	11197247	11197756	-	ENSG00000111859	intronic (same-strand gene body)	1		True	False	d	/home/sharedFolder/humanSTARindex/Homo_sapiens.GRCh38.99.gtf
87857	11	96222884	96224153	-	ENSG00000184384	intronic (same-strand gene body)	1		True	False	d	/home/sharedFolder/humanSTARindex/Homo_sapiens.GRCh38.99.gtf
34510	1	173487862	173488075	+	ENSG00000117592	own-gene 3' UTR	1	ENSG00000117592	True	True	d	/home/sharedFolder/humanSTARindex/Homo_sapiens.GRCh38.99.gtf
422882	7	27829554	27829767	+	ENSG00000106052	own-gene 3' UTR	1	ENSG00000106052	True	True	d	/home/sharedFolder/humanSTARindex/Homo_sapiens.GRCh38.99.gtf
450316	8	24354483	24355267	+	ENSG00000042980	own-gene 3' UTR	1	ENSG00000042980	True	True	d	/home/sharedFolder/humanSTARindex/Homo_sapiens.GRCh38.99.gtf
156951	15	59678884	59679342	-	ENSG00000140299	exonic, not 3' UTR	1		True	True	d	/home/sharedFolder/humanSTARindex/Homo_sapiens.GRCh38.99.gtf
66045	10	97356700	97356980	-	ENSG00000052749	own-gene 3' UTR	1	ENSG00000052749	True	True	d	/home/sharedFolder/humanSTARindex/Homo_sapiens.GRCh38.99.gtf
255327	2	113706762	113707213	-	ENSG00000115084	own-gene 3' UTR	1	ENSG00000115084	True	True	d	/home/sharedFolder/humanSTARindex/Homo_sapiens.GRCh38.99.gtf
44969	1	231566202	231566524	+	ENSG00000116918	own-gene 3' UTR	2	ENSG00000116918	True	True	d	/home/sharedFolder/humanSTARindex/Homo_sapiens.GRCh38.99.gtf
143144	14	75082114	75082517	-	ENSG00000119638	own-gene 3' UTR	1	ENSG00000119638	True	True	d	/home/sharedFolder/humanSTARindex/Homo_sapiens.GRCh38.99.gtf
159321	15	68193801	68194045	-	ENSG00000260007	own-gene 3' UTR	2	ENSG00000129007,ENSG00000260007	True	True	d	/home/sharedFolder/humanSTARindex/Homo_sapiens.GRCh38.99.gtf
217577	19	583424	583487	+	ENSG00000172270	own-gene 3' UTR	1	ENSG00000172270	True	True	d	/home/sharedFolder/humanSTARindex/Homo_sapiens.GRCh38.99.gtf
226580	19	34401624	34402413	+	ENSG00000105220	own-gene 3' UTR	2	ENSG00000105220	True	True	d	/home/sharedFolder/humanSTARindex/Homo_sapiens.GRCh38.99.gtf
240425	2	36550187	36551135	+	ENSG00000150938	own-gene 3' UTR	1	ENSG00000150938	True	True	d	/home/sharedFolder/humanSTARindex/Homo_sapiens.GRCh38.99.gtf
409225	6	125929107	125930015	+	ENSG00000111912	own-gene 3' UTR	1	ENSG00000111912	True	True	d	/home/sharedFolder/humanSTARindex/Homo_sapiens.GRCh38.99.gtf
31030	1	156308963	156309045	-	ENSG00000163468	own-gene 3' UTR	1	ENSG00000163468	True	True	d	/home/sharedFolder/humanSTARindex/Homo_sapiens.GRCh38.99.gtf
254834	2	112370210	112370989	-	ENSG00000169629	exonic, not 3' UTR	1		True	True	d	/home/sharedFolder/humanSTARindex/Homo_sapiens.GRCh38.99.gtf
302979	22	50443905	50444391	+	ENSG00000100239	own-gene 3' UTR	1	ENSG00000100239	True	True	d	/home/sharedFolder/humanSTARindex/Homo_sapiens.GRCh38.99.gtf
66105	10	97457365	97457370	+	ENSG00000171307	own-gene 3' UTR	1	ENSG00000171307	True	True	d	/home/sharedFolder/humanSTARindex/Homo_sapiens.GRCh38.99.gtf
205190	17	76470890	76471315	-	ENSG00000129667	own-gene 3' UTR	1	ENSG00000129667	True	True	d	/home/sharedFolder/humanSTARindex/Homo_sapiens.GRCh38.99.gtf
467037	9	121041	121089	-	ENSG00000172785	own-gene 3' UTR	1	ENSG00000172785	True	True	d	/home/sharedFolder/humanSTARindex/Homo_sapiens.GRCh38.99.gtf
368502	5	61363718	61364462	+	ENSG00000130449	intronic (same-strand gene body)	1		True	False	d	/home/sharedFolder/humanSTARindex/Homo_sapiens.GRCh38.99.gtf
442349	7	135674444	135674501	+	ENSG00000243317	own-gene 3' UTR	1	ENSG00000243317	True	True	d	/home/sharedFolder/humanSTARindex/Homo_sapiens.GRCh38.99.gtf
138017	14	55353080	55353611	+	ENSG00000178974	own-gene 3' UTR	1	ENSG00000178974	True	True	d	/home/sharedFolder/humanSTARindex/Homo_sapiens.GRCh38.99.gtf
218132	19	2037469	2037473	-	ENSG00000099875	own-gene 3' UTR	1	ENSG00000099875	True	True	d	/home/sharedFolder/humanSTARindex/Homo_sapiens.GRCh38.99.gtf
437189	7	106091638	106091800	-	ENSG00000008282	own-gene 3' UTR	1	ENSG00000008282	True	True	d	/home/sharedFolder/humanSTARindex/Homo_sapiens.GRCh38.99.gtf
24050	1	116375944	116377032	+	ENSG00000163399	intronic (same-strand gene body)	1		True	False	d	/home/sharedFolder/humanSTARindex/Homo_sapiens.GRCh38.99.gtf
170302	16	16350159	16350608	+	ENSG00000183889	own-gene 3' UTR	1	ENSG00000183889	True	True	d	/home/sharedFolder/humanSTARindex/Homo_sapiens.GRCh38.99.gtf
347759	4	83114027	83114808	-	ENSG00000145287	exonic, not 3' UTR	1		True	True	d	/home/sharedFolder/humanSTARindex/Homo_sapiens.GRCh38.99.gtf
223615	19	16646147	16646632	-	ENSG00000268790	other-gene 3' UTR	2	ENSG00000214046	True	True	d	/home/sharedFolder/humanSTARindex/Homo_sapiens.GRCh38.99.gtf
60122	10	69172766	69172904	+	ENSG00000122958	own-gene 3' UTR	1	ENSG00000122958	True	True	d	/home/sharedFolder/humanSTARindex/Homo_sapiens.GRCh38.99.gtf
434382	7	98291456	98291524	+	ENSG00000164713	own-gene 3' UTR	1	ENSG00000164713	True	True	d	/home/sharedFolder/humanSTARindex/Homo_sapiens.GRCh38.99.gtf
417983	7	1149842	1150353	-	ENSG00000178381	outside any same-strand gene	0		False	False	d	/home/sharedFolder/humanSTARindex/Homo_sapiens.GRCh38.99.gtf
231661	19	48882136	48883441	+	ENSG00000087074	outside any same-strand gene	0		False	False	d	/home/sharedFolder/humanSTARindex/Homo_sapiens.GRCh38.99.gtf
483256	9	123104114	123104866	+	ENSG00000011454	own-gene 3' UTR	1	ENSG00000011454	True	True	d	/home/sharedFolder/humanSTARindex/Homo_sapiens.GRCh38.99.gtf
300787	22	41433478	41434394	-	ENSG00000183864	own-gene 3' UTR	1	ENSG00000183864	True	True	d	/home/sharedFolder/humanSTARindex/Homo_sapiens.GRCh38.99.gtf
389083	6	1723406	1724035	-	ENSG00000112699	intronic (same-strand gene body)	1		True	False	d	/home/sharedFolder/humanSTARindex/Homo_sapiens.GRCh38.99.gtf
64510	10	91227941	91227956	+	ENSG00000180628	exonic, not 3' UTR	1		True	True	d	/home/sharedFolder/humanSTARindex/Homo_sapiens.GRCh38.99.gtf
260690	2	156438946	156439758	+	ENSG00000115159	intronic (same-strand gene body)	1		True	False	d	/home/sharedFolder/humanSTARindex/Homo_sapiens.GRCh38.99.gtf
171515	16	21445115	21445974	-	ENSG00000169246	intronic (same-strand gene body)	1		True	False	d	/home/sharedFolder/humanSTARindex/Homo_sapiens.GRCh38.99.gtf
141184	14	68787822	68787948	-	ENSG00000185650	own-gene 3' UTR	1	ENSG00000185650	True	True	d	/home/sharedFolder/humanSTARindex/Homo_sapiens.GRCh38.99.gtf
229150	19	41383671	41384083	+	ENSG00000255730	other-gene 3' UTR	2	ENSG00000142046	True	True	d	/home/sharedFolder/humanSTARindex/Homo_sapiens.GRCh38.99.gtf
100467	12	27324598	27325094	+	ENSG00000211455	own-gene 3' UTR	1	ENSG00000211455	True	True	d	/home/sharedFolder/humanSTARindex/Homo_sapiens.GRCh38.99.gtf
248276	2	74306644	74306901	-	ENSG00000264324	exonic, not 3' UTR	3		True	True	d	/home/sharedFolder/humanSTARindex/Homo_sapiens.GRCh38.99.gtf
452059	8	37699606	37700019	+	ENSG00000183779	own-gene 3' UTR	1	ENSG00000183779	True	True	d	/home/sharedFolder/humanSTARindex/Homo_sapiens.GRCh38.99.gtf
108146	12	67312784	67313238	+	ENSG00000111530	own-gene 3' UTR	1	ENSG00000111530	True	True	d	/home/sharedFolder/humanSTARindex/Homo_sapiens.GRCh38.99.gtf
80549	11	62530798	62532875	-	ENSG00000124942	exonic, not 3' UTR	1		True	True	d	/home/sharedFolder/humanSTARindex/Homo_sapiens.GRCh38.99.gtf
405541	6	99542386	99542475	-	ENSG00000112237	own-gene 3' UTR	1	ENSG00000112237	True	True	d	/home/sharedFolder/humanSTARindex/Homo_sapiens.GRCh38.99.gtf
419736	7	6825350	6826242	-	ENSG00000146574	exonic, not 3' UTR	1		True	True	d	/home/sharedFolder/humanSTARindex/Homo_sapiens.GRCh38.99.gtf
235847	2	9605043	9606267	-	ENSG00000134308	intronic (same-strand gene body)	1		True	False	d	/home/sharedFolder/humanSTARindex/Homo_sapiens.GRCh38.99.gtf
208318	18	2914065	2914087	+	ENSG00000132205	own-gene 3' UTR	1	ENSG00000132205	True	True	d	/home/sharedFolder/humanSTARindex/Homo_sapiens.GRCh38.99.gtf
290989	21	33449022	33449145	-	ENSG00000142188	own-gene 3' UTR	1	ENSG00000142188	True	True	d	/home/sharedFolder/humanSTARindex/Homo_sapiens.GRCh38.99.gtf
285032	20	49245467	49246420	-	ENSG00000124201	own-gene 3' UTR	1	ENSG00000124201	True	True	d	/home/sharedFolder/humanSTARindex/Homo_sapiens.GRCh38.99.gtf
166411	16	1729589	1731091	+	ENSG00000138834	intronic (same-strand gene body)	1		True	False	d	/home/sharedFolder/humanSTARindex/Homo_sapiens.GRCh38.99.gtf
307158	3	23920771	23920847	+	ENSG00000174748	own-gene 3' UTR	1	ENSG00000174748	True	True	d	/home/sharedFolder/humanSTARindex/Homo_sapiens.GRCh38.99.gtf
16977	1	70251790	70251820	+	ENSG00000116754	own-gene 3' UTR	1	ENSG00000116754	True	True	d	/home/sharedFolder/humanSTARindex/Homo_sapiens.GRCh38.99.gtf
66572	10	100232292	100232690	-	ENSG00000095485	own-gene 3' UTR	1	ENSG00000095485	True	True	d	/home/sharedFolder/humanSTARindex/Homo_sapiens.GRCh38.99.gtf
228726	19	40447788	40447840	-	ENSG00000090013	own-gene 3' UTR	1	ENSG00000090013	True	True	d	/home/sharedFolder/humanSTARindex/Homo_sapiens.GRCh38.99.gtf
442344	7	135662556	135663084	+	ENSG00000243317	exonic, not 3' UTR	1		True	True	d	/home/sharedFolder/humanSTARindex/Homo_sapiens.GRCh38.99.gtf
364760	5	37064625	37065651	+	ENSG00000164190	own-gene 3' UTR	1	ENSG00000164190	True	True	d	/home/sharedFolder/humanSTARindex/Homo_sapiens.GRCh38.99.gtf
246929	2	69324855	69326104	-	ENSG00000198380	own-gene 3' UTR	1	ENSG00000198380	True	True	d	/home/sharedFolder/humanSTARindex/Homo_sapiens.GRCh38.99.gtf
91102	11	118409752	118409847	+	ENSG00000285827	other-gene 3' UTR	2	ENSG00000167283	True	True	d	/home/sharedFolder/humanSTARindex/Homo_sapiens.GRCh38.99.gtf
388266	5	179730924	179730953	+	ENSG00000127022	own-gene 3' UTR	1	ENSG00000127022	True	True	d	/home/sharedFolder/humanSTARindex/Homo_sapiens.GRCh38.99.gtf
312541	3	50325960	50325993	-	ENSG00000114383	own-gene 3' UTR	1	ENSG00000114383	True	True	d	/home/sharedFolder/humanSTARindex/Homo_sapiens.GRCh38.99.gtf
31871	1	160339488	160339695	-	ENSG00000122218	exonic, not 3' UTR	1		True	True	d	/home/sharedFolder/humanSTARindex/Homo_sapiens.GRCh38.99.gtf
166476	16	1961974	1961975	+	ENSG00000140990	own-gene 3' UTR	1	ENSG00000140990	True	True	d	/home/sharedFolder/humanSTARindex/Homo_sapiens.GRCh38.99.gtf
350949	4	102887608	102887681	+	ENSG00000145354	own-gene 3' UTR	1	ENSG00000145354	True	True	d	/home/sharedFolder/humanSTARindex/Homo_sapiens.GRCh38.99.gtf
457045	8	73981691	73981863	+	ENSG00000175606	own-gene 3' UTR	1	ENSG00000175606	True	True	d	/home/sharedFolder/humanSTARindex/Homo_sapiens.GRCh38.99.gtf
188380	17	16031526	16032372	-	ENSG00000141027	own-gene 3' UTR	1	ENSG00000141027	True	True	d	/home/sharedFolder/humanSTARindex/Homo_sapiens.GRCh38.99.gtf
30885	1	156137865	156137866	+	ENSG00000160789	exonic, not 3' UTR	1		True	True	d	/home/sharedFolder/humanSTARindex/Homo_sapiens.GRCh38.99.gtf
43432	1	224389130	224389141	-	ENSG00000162923	own-gene 3' UTR	1	ENSG00000162923	True	True	d	/home/sharedFolder/humanSTARindex/Homo_sapiens.GRCh38.99.gtf
452136	8	37888598	37889295	-	ENSG00000156675	intronic (same-strand gene body)	1		True	False	d	/home/sharedFolder/humanSTARindex/Homo_sapiens.GRCh38.99.gtf
377081	5	110764451	110765179	+	ENSG00000164209	own-gene 3' UTR	1	ENSG00000164209	True	True	d	/home/sharedFolder/humanSTARindex/Homo_sapiens.GRCh38.99.gtf
98365	12	15620157	15620369	-	ENSG00000151491	own-gene 3' UTR	1	ENSG00000151491	True	True	d	/home/sharedFolder/humanSTARindex/Homo_sapiens.GRCh38.99.gtf
213668	18	46266565	46266992	+	ENSG00000152242	own-gene 3' UTR	1	ENSG00000152242	True	True	d	/home/sharedFolder/humanSTARindex/Homo_sapiens.GRCh38.99.gtf
109783	12	76046015	76046767	-	ENSG00000187109	own-gene 3' UTR	1	ENSG00000187109	True	True	d	/home/sharedFolder/humanSTARindex/Homo_sapiens.GRCh38.99.gtf
463375	8	122974043	122974514	+	ENSG00000178764	own-gene 3' UTR	1	ENSG00000178764	True	True	d	/home/sharedFolder/humanSTARindex/Homo_sapiens.GRCh38.99.gtf
23537	1	113697206	113697618	-	ENSG00000116793	own-gene 3' UTR	1	ENSG00000116793	True	True	d	/home/sharedFolder/humanSTARindex/Homo_sapiens.GRCh38.99.gtf
246091	2	64526860	64527603	+	ENSG00000119844	intronic (same-strand gene body)	1		True	False	d	/home/sharedFolder/humanSTARindex/Homo_sapiens.GRCh38.99.gtf
168952	16	11870137	11870765	-	ENSG00000103342	own-gene 3' UTR	1	ENSG00000103342	True	True	d	/home/sharedFolder/humanSTARindex/Homo_sapiens.GRCh38.99.gtf
45642	1	235166894	235167724	-	ENSG00000054267	own-gene 3' UTR	1	ENSG00000054267	True	True	d	/home/sharedFolder/humanSTARindex/Homo_sapiens.GRCh38.99.gtf
474156	9	65733597	65733674	+	ENSG00000147996	own-gene 3' UTR	1	ENSG00000147996	True	True	d	/home/sharedFolder/humanSTARindex/Homo_sapiens.GRCh38.99.gtf
136824	14	50719765	50720281	-	ENSG00000100503	own-gene 3' UTR	1	ENSG00000100503	True	True	d	/home/sharedFolder/humanSTARindex/Homo_sapiens.GRCh38.99.gtf
159248	15	68086418	68087692	+	ENSG00000033800	own-gene 3' UTR	1	ENSG00000033800	True	True	d	/home/sharedFolder/humanSTARindex/Homo_sapiens.GRCh38.99.gtf
246925	2	69321517	69322062	-	ENSG00000198380	own-gene 3' UTR	1	ENSG00000198380	True	True	d	/home/sharedFolder/humanSTARindex/Homo_sapiens.GRCh38.99.gtf
405286	6	96554788	96555276	+	ENSG00000014123	own-gene 3' UTR	1	ENSG00000014123	True	True	d	/home/sharedFolder/humanSTARindex/Homo_sapiens.GRCh38.99.gtf
173088	16	27345153	27346123	+	ENSG00000077238	own-gene 3' UTR	1	ENSG00000077238	True	True	d	/home/sharedFolder/humanSTARindex/Homo_sapiens.GRCh38.99.gtf
8860	1	32176536	32176568	+	ENSG00000025800	own-gene 3' UTR	2	ENSG00000025800	True	True	d	/home/sharedFolder/humanSTARindex/Homo_sapiens.GRCh38.99.gtf
404683	6	89085610	89087195	+	ENSG00000146278	outside any same-strand gene	0		False	False	d	/home/sharedFolder/humanSTARindex/Homo_sapiens.GRCh38.99.gtf
77657	11	35232110	35232402	+	ENSG00000026508	own-gene 3' UTR	1	ENSG00000026508	True	True	d	/home/sharedFolder/humanSTARindex/Homo_sapiens.GRCh38.99.gtf
142325	14	73120955	73121398	+	ENSG00000119707	own-gene 3' UTR	1	ENSG00000119707	True	True	d	/home/sharedFolder/humanSTARindex/Homo_sapiens.GRCh38.99.gtf
129918	13	98793486	98793931	-	ENSG00000088387	own-gene 3' UTR	1	ENSG00000088387	True	True	d	/home/sharedFolder/humanSTARindex/Homo_sapiens.GRCh38.99.gtf
415825	6	158765797	158766437	+	ENSG00000164674	outside any same-strand gene	0		False	False	d	/home/sharedFolder/humanSTARindex/Homo_sapiens.GRCh38.99.gtf
143176	14	75134243	75134281	-	ENSG00000170348	own-gene 3' UTR	1	ENSG00000170348	True	True	d	/home/sharedFolder/humanSTARindex/Homo_sapiens.GRCh38.99.gtf
357222	4	152453855	152454882	-	ENSG00000109670	intronic (same-strand gene body)	1		True	False	d	/home/sharedFolder/humanSTARindex/Homo_sapiens.GRCh38.99.gtf
219409	19	5586998	5587366	-	ENSG00000130254	own-gene 3' UTR	1	ENSG00000130254	True	True	d	/home/sharedFolder/humanSTARindex/Homo_sapiens.GRCh38.99.gtf
93258	11	130226676	130227092	-	ENSG00000196323	own-gene 3' UTR	1	ENSG00000196323	True	True	d	/home/sharedFolder/humanSTARindex/Homo_sapiens.GRCh38.99.gtf
148190	14	103590526	103590527	+	ENSG00000126214	other-gene 3' UTR	3	ENSG00000256053	True	True	d	/home/sharedFolder/humanSTARindex/Homo_sapiens.GRCh38.99.gtf
440695	7	129833687	129833714	-	ENSG00000186591	own-gene 3' UTR	1	ENSG00000186591	True	True	d	/home/sharedFolder/humanSTARindex/Homo_sapiens.GRCh38.99.gtf
161773	15	78897638	78897739	+	ENSG00000185787	own-gene 3' UTR	1	ENSG00000185787	True	True	d	/home/sharedFolder/humanSTARindex/Homo_sapiens.GRCh38.99.gtf
124021	13	38362797	38363003	+	ENSG00000120686	own-gene 3' UTR	1	ENSG00000120686	True	True	d	/home/sharedFolder/humanSTARindex/Homo_sapiens.GRCh38.99.gtf
469563	9	19378340	19378440	-	ENSG00000137154	exonic, not 3' UTR	1		True	True	d	/home/sharedFolder/humanSTARindex/Homo_sapiens.GRCh38.99.gtf
186908	17	7912203	7912205	+	ENSG00000170004	own-gene 3' UTR	1	ENSG00000170004	True	True	d	/home/sharedFolder/humanSTARindex/Homo_sapiens.GRCh38.99.gtf
206389	17	80135213	80135411	-	ENSG00000141543	own-gene 3' UTR	1	ENSG00000141543	True	True	d	/home/sharedFolder/humanSTARindex/Homo_sapiens.GRCh38.99.gtf
124563	13	41051913	41052423	-	ENSG00000120690	intronic (same-strand gene body)	1		True	False	d	/home/sharedFolder/humanSTARindex/Homo_sapiens.GRCh38.99.gtf
172150	16	22492956	22493787	+	ENSG00000243716	intronic (same-strand gene body)	1		True	False	d	/home/sharedFolder/humanSTARindex/Homo_sapiens.GRCh38.99.gtf
440712	7	129854046	129854693	-	ENSG00000186591	intronic (same-strand gene body)	1		True	False	d	/home/sharedFolder/humanSTARindex/Homo_sapiens.GRCh38.99.gtf
408953	6	122448341	122449440	-	ENSG00000111897	intronic (same-strand gene body)	1		True	False	d	/home/sharedFolder/humanSTARindex/Homo_sapiens.GRCh38.99.gtf
326106	3	139357459	139357689	-	ENSG00000184432	own-gene 3' UTR	1	ENSG00000184432	True	True	d	/home/sharedFolder/humanSTARindex/Homo_sapiens.GRCh38.99.gtf
322895	3	122834133	122834768	+	ENSG00000138463	intronic (same-strand gene body)	1		True	False	d	/home/sharedFolder/humanSTARindex/Homo_sapiens.GRCh38.99.gtf
156960	15	59687343	59688033	-	ENSG00000140299	intronic (same-strand gene body)	1		True	False	d	/home/sharedFolder/humanSTARindex/Homo_sapiens.GRCh38.99.gtf
29188	1	151402722	151403162	-	ENSG00000143442	own-gene 3' UTR	1	ENSG00000143442	True	True	d	/home/sharedFolder/humanSTARindex/Homo_sapiens.GRCh38.99.gtf
95549	12	6976175	6976605	-	ENSG00000111684	own-gene 3' UTR	1	ENSG00000111684	True	True	d	/home/sharedFolder/humanSTARindex/Homo_sapiens.GRCh38.99.gtf
336139	3	196936313	196937104	-	ENSG00000114503	own-gene 3' UTR	1	ENSG00000114503	True	True	d	/home/sharedFolder/humanSTARindex/Homo_sapiens.GRCh38.99.gtf
207322	17	82488258	82488267	+	ENSG00000141562	own-gene 3' UTR	1	ENSG00000141562	True	True	d	/home/sharedFolder/humanSTARindex/Homo_sapiens.GRCh38.99.gtf
401017	6	53329380	53331588	-	ENSG00000012660	intronic (same-strand gene body)	1		True	False	d	/home/sharedFolder/humanSTARindex/Homo_sapiens.GRCh38.99.gtf
243346	2	47805286	47808268	-	ENSG00000138081	own-gene 3' UTR	1	ENSG00000138081	True	True	d	/home/sharedFolder/humanSTARindex/Homo_sapiens.GRCh38.99.gtf
320153	3	113811516	113812056	+	ENSG00000114573	own-gene 3' UTR	1	ENSG00000114573	True	True	d	/home/sharedFolder/humanSTARindex/Homo_sapiens.GRCh38.99.gtf
374768	5	93618068	93618467	-	ENSG00000113391	own-gene 3' UTR	1	ENSG00000113391	True	True	d	/home/sharedFolder/humanSTARindex/Homo_sapiens.GRCh38.99.gtf
501030	X	120436493	120436589	-	ENSG00000005893	own-gene 3' UTR	1	ENSG00000005893	True	True	d	/home/sharedFolder/humanSTARindex/Homo_sapiens.GRCh38.99.gtf
478293	9	93446362	93446505	-	ENSG00000188938	own-gene 3' UTR	1	ENSG00000188938	True	True	d	/home/sharedFolder/humanSTARindex/Homo_sapiens.GRCh38.99.gtf
10228	1	36455717	36455839	-	ENSG00000116898	own-gene 3' UTR	1	ENSG00000116898	True	True	d	/home/sharedFolder/humanSTARindex/Homo_sapiens.GRCh38.99.gtf
168029	16	8854912	8854913	-	ENSG00000153048	own-gene 3' UTR	1	ENSG00000153048	True	True	d	/home/sharedFolder/humanSTARindex/Homo_sapiens.GRCh38.99.gtf
198324	17	50381236	50381245	-	ENSG00000108829	own-gene 3' UTR	1	ENSG00000108829	True	True	d	/home/sharedFolder/humanSTARindex/Homo_sapiens.GRCh38.99.gtf
375990	5	100807197	100807689	-	ENSG00000113532	own-gene 3' UTR	1	ENSG00000113532	True	True	d	/home/sharedFolder/humanSTARindex/Homo_sapiens.GRCh38.99.gtf
195195	17	42579503	42579515	-	ENSG00000141699	own-gene 3' UTR	1	ENSG00000141699	True	True	d	/home/sharedFolder/humanSTARindex/Homo_sapiens.GRCh38.99.gtf
188649	17	16445022	16445679	-	ENSG00000181350	intronic (same-strand gene body)	1		True	False	d	/home/sharedFolder/humanSTARindex/Homo_sapiens.GRCh38.99.gtf
375587	5	96735354	96736700	+	ENSG00000153113	own-gene 3' UTR	1	ENSG00000153113	True	True	d	/home/sharedFolder/humanSTARindex/Homo_sapiens.GRCh38.99.gtf
39585	1	202961868	202961873	-	ENSG00000159348	own-gene 3' UTR	1	ENSG00000159348	True	True	d	/home/sharedFolder/humanSTARindex/Homo_sapiens.GRCh38.99.gtf
16749	1	67407809	67408627	-	ENSG00000142864	own-gene 3' UTR	1	ENSG00000142864	True	True	d	/home/sharedFolder/humanSTARindex/Homo_sapiens.GRCh38.99.gtf
267791	2	197391826	197392130	-	ENSG00000115524	own-gene 3' UTR	1	ENSG00000115524	True	True	d	/home/sharedFolder/humanSTARindex/Homo_sapiens.GRCh38.99.gtf
180207	16	71856711	71857333	+	ENSG00000224470	own-gene 3' UTR	2	ENSG00000224470	True	True	d	/home/sharedFolder/humanSTARindex/Homo_sapiens.GRCh38.99.gtf
213083	18	36796058	36796529	-	ENSG00000134779	own-gene 3' UTR	1	ENSG00000134779	True	True	d	/home/sharedFolder/humanSTARindex/Homo_sapiens.GRCh38.99.gtf
288882	21	14485706	14485822	-	ENSG00000155307	own-gene 3' UTR	1	ENSG00000155307	True	True	d	/home/sharedFolder/humanSTARindex/Homo_sapiens.GRCh38.99.gtf
228035	19	38383777	38383824	+	ENSG00000099341	own-gene 3' UTR	1	ENSG00000099341	True	True	d	/home/sharedFolder/humanSTARindex/Homo_sapiens.GRCh38.99.gtf
132836	14	22900644	22901130	-	ENSG00000100461	own-gene 3' UTR	1	ENSG00000100461	True	True	d	/home/sharedFolder/humanSTARindex/Homo_sapiens.GRCh38.99.gtf
384459	5	151811347	151811356	+	ENSG00000145907	own-gene 3' UTR	1	ENSG00000145907	True	True	d	/home/sharedFolder/humanSTARindex/Homo_sapiens.GRCh38.99.gtf
18704	1	86747578	86748184	+	ENSG00000097033	own-gene 3' UTR	1	ENSG00000097033	True	True	d	/home/sharedFolder/humanSTARindex/Homo_sapiens.GRCh38.99.gtf
380624	5	134601132	134601551	-	ENSG00000152700	own-gene 3' UTR	1	ENSG00000152700	True	True	d	/home/sharedFolder/humanSTARindex/Homo_sapiens.GRCh38.99.gtf
151850	15	40038281	40038592	-	ENSG00000140319	exonic, not 3' UTR	1		True	True	d	/home/sharedFolder/humanSTARindex/Homo_sapiens.GRCh38.99.gtf
326195	3	140979574	140979943	+	ENSG00000114120	own-gene 3' UTR	1	ENSG00000114120	True	True	d	/home/sharedFolder/humanSTARindex/Homo_sapiens.GRCh38.99.gtf
221339	19	10692383	10692419	+	ENSG00000129351	own-gene 3' UTR	1	ENSG00000129351	True	True	d	/home/sharedFolder/humanSTARindex/Homo_sapiens.GRCh38.99.gtf
80195	11	61299450	61299451	-	ENSG00000167986	own-gene 3' UTR	1	ENSG00000167986	True	True	d	/home/sharedFolder/humanSTARindex/Homo_sapiens.GRCh38.99.gtf
59341	10	63453859	63455018	-	ENSG00000171988	intronic (same-strand gene body)	1		True	False	d	/home/sharedFolder/humanSTARindex/Homo_sapiens.GRCh38.99.gtf
218445	19	2645199	2645993	-	ENSG00000176533	intronic (same-strand gene body)	1		True	False	d	/home/sharedFolder/humanSTARindex/Homo_sapiens.GRCh38.99.gtf
320023	3	113629057	113629578	+	ENSG00000072858	own-gene 3' UTR	1	ENSG00000072858	True	True	d	/home/sharedFolder/humanSTARindex/Homo_sapiens.GRCh38.99.gtf
77322	11	34100726	34102101	+	ENSG00000135387	own-gene 3' UTR	1	ENSG00000135387	True	True	d	/home/sharedFolder/humanSTARindex/Homo_sapiens.GRCh38.99.gtf
368543	5	61395871	61396664	+	ENSG00000130449	intronic (same-strand gene body)	1		True	False	d	/home/sharedFolder/humanSTARindex/Homo_sapiens.GRCh38.99.gtf
469558	9	19376184	19376314	-	ENSG00000137154	own-gene 3' UTR	1	ENSG00000137154	True	True	d	/home/sharedFolder/humanSTARindex/Homo_sapiens.GRCh38.99.gtf
266387	2	190204626	190204644	-	ENSG00000198130	own-gene 3' UTR	1	ENSG00000198130	True	True	d	/home/sharedFolder/humanSTARindex/Homo_sapiens.GRCh38.99.gtf
459575	8	97726309	97726314	+	ENSG00000147649	own-gene 3' UTR	1	ENSG00000147649	True	True	d	/home/sharedFolder/humanSTARindex/Homo_sapiens.GRCh38.99.gtf
28678	1	150574664	150574759	-	ENSG00000143384	own-gene 3' UTR	1	ENSG00000143384	True	True	d	/home/sharedFolder/humanSTARindex/Homo_sapiens.GRCh38.99.gtf
268730	2	201240272	201242109	+	ENSG00000064012	exonic, not 3' UTR	1		True	True	d	/home/sharedFolder/humanSTARindex/Homo_sapiens.GRCh38.99.gtf
199760	17	59567222	59568131	+	ENSG00000108406	intronic (same-strand gene body)	1		True	False	d	/home/sharedFolder/humanSTARindex/Homo_sapiens.GRCh38.99.gtf
260081	2	151800978	151801053	-	ENSG00000162980	own-gene 3' UTR	1	ENSG00000162980	True	True	d	/home/sharedFolder/humanSTARindex/Homo_sapiens.GRCh38.99.gtf
463693	8	124311382	124312613	-	ENSG00000164983	own-gene 3' UTR	1	ENSG00000164983	True	True	d	/home/sharedFolder/humanSTARindex/Homo_sapiens.GRCh38.99.gtf
174959	16	31186072	31186138	+	ENSG00000089280	exonic, not 3' UTR	1		True	True	d	/home/sharedFolder/humanSTARindex/Homo_sapiens.GRCh38.99.gtf
165915	16	188967	189217	-	ENSG00000007392	own-gene 3' UTR	1	ENSG00000007392	True	True	d	/home/sharedFolder/humanSTARindex/Homo_sapiens.GRCh38.99.gtf
82223	11	66646403	66646560	+	ENSG00000248643	own-gene 3' UTR	2	ENSG00000173933,ENSG00000248643	True	True	d	/home/sharedFolder/humanSTARindex/Homo_sapiens.GRCh38.99.gtf
494567	X	53191972	53192696	-	ENSG00000126012	own-gene 3' UTR	1	ENSG00000126012	True	True	d	/home/sharedFolder/humanSTARindex/Homo_sapiens.GRCh38.99.gtf
151843	15	40035739	40035740	-	ENSG00000140319	own-gene 3' UTR	1	ENSG00000140319	True	True	d	/home/sharedFolder/humanSTARindex/Homo_sapiens.GRCh38.99.gtf
61383	10	73375780	73375889	-	ENSG00000138279	own-gene 3' UTR	1	ENSG00000138279	True	True	d	/home/sharedFolder/humanSTARindex/Homo_sapiens.GRCh38.99.gtf
416883	6	163571029	163571802	+	ENSG00000112531	own-gene 3' UTR	1	ENSG00000112531	True	True	d	/home/sharedFolder/humanSTARindex/Homo_sapiens.GRCh38.99.gtf
471191	9	34187432	34188167	+	ENSG00000165006	intronic (same-strand gene body)	1		True	False	d	/home/sharedFolder/humanSTARindex/Homo_sapiens.GRCh38.99.gtf
47532	1	244840636	244840812	-	ENSG00000153187	own-gene 3' UTR	1	ENSG00000153187	True	True	d	/home/sharedFolder/humanSTARindex/Homo_sapiens.GRCh38.99.gtf
459634	8	98044937	98045001	-	ENSG00000156482	own-gene 3' UTR	1	ENSG00000156482	True	True	d	/home/sharedFolder/humanSTARindex/Homo_sapiens.GRCh38.99.gtf
194020	17	39404284	39404705	-	ENSG00000125686	own-gene 3' UTR	1	ENSG00000125686	True	True	d	/home/sharedFolder/humanSTARindex/Homo_sapiens.GRCh38.99.gtf
107609	12	64713441	64713449	-	ENSG00000135677	own-gene 3' UTR	1	ENSG00000135677	True	True	d	/home/sharedFolder/humanSTARindex/Homo_sapiens.GRCh38.99.gtf
477900	9	92210206	92210803	-	ENSG00000196305	own-gene 3' UTR	1	ENSG00000196305	True	True	d	/home/sharedFolder/humanSTARindex/Homo_sapiens.GRCh38.99.gtf
462315	8	116749622	116749623	-	ENSG00000147677	intronic (same-strand gene body)	1		True	False	d	/home/sharedFolder/humanSTARindex/Homo_sapiens.GRCh38.99.gtf
380291	5	133106231	133106449	+	ENSG00000170606	own-gene 3' UTR	1	ENSG00000170606	True	True	d	/home/sharedFolder/humanSTARindex/Homo_sapiens.GRCh38.99.gtf
170274	16	16294805	16294811	+	ENSG00000103226	own-gene 3' UTR	1	ENSG00000103226	True	True	d	/home/sharedFolder/humanSTARindex/Homo_sapiens.GRCh38.99.gtf
223744	19	17102230	17103098	+	ENSG00000099331	exonic, not 3' UTR	1		True	True	d	/home/sharedFolder/humanSTARindex/Homo_sapiens.GRCh38.99.gtf
391532	6	14123183	14123850	+	ENSG00000112149	intronic (same-strand gene body)	1		True	False	d	/home/sharedFolder/humanSTARindex/Homo_sapiens.GRCh38.99.gtf
204483	17	75150368	75151179	-	ENSG00000189159	intronic (same-strand gene body)	1		True	False	d	/home/sharedFolder/humanSTARindex/Homo_sapiens.GRCh38.99.gtf
281788	20	35276933	35276951	-	ENSG00000126005	own-gene 3' UTR	2	ENSG00000126005	True	True	d	/home/sharedFolder/humanSTARindex/Homo_sapiens.GRCh38.99.gtf
31130	1	156600175	156601118	-	ENSG00000160818	intronic (same-strand gene body)	1		True	False	d	/home/sharedFolder/humanSTARindex/Homo_sapiens.GRCh38.99.gtf
396442	6	32981309	32981310	+	ENSG00000204256	own-gene 3' UTR	1	ENSG00000204256	True	True	d	/home/sharedFolder/humanSTARindex/Homo_sapiens.GRCh38.99.gtf
391939	6	16130533	16131586	+	ENSG00000007944	exonic, not 3' UTR	1		True	True	d	/home/sharedFolder/humanSTARindex/Homo_sapiens.GRCh38.99.gtf
267917	2	197511066	197511978	+	ENSG00000270757	intronic (same-strand gene body)	1		True	False	d	/home/sharedFolder/humanSTARindex/Homo_sapiens.GRCh38.99.gtf
167276	16	3752439	3753011	-	ENSG00000005339	intronic (same-strand gene body)	1		True	False	d	/home/sharedFolder/humanSTARindex/Homo_sapiens.GRCh38.99.gtf
190761	17	29257270	29257961	-	ENSG00000108256	own-gene 3' UTR	1	ENSG00000108256	True	True	d	/home/sharedFolder/humanSTARindex/Homo_sapiens.GRCh38.99.gtf
311329	3	47585887	47586020	-	ENSG00000173473	own-gene 3' UTR	1	ENSG00000173473	True	True	d	/home/sharedFolder/humanSTARindex/Homo_sapiens.GRCh38.99.gtf
267890	2	197492295	197493975	-	ENSG00000144381	exonic, not 3' UTR	1		True	True	d	/home/sharedFolder/humanSTARindex/Homo_sapiens.GRCh38.99.gtf
247396	2	70210203	70211134	-	ENSG00000115998	other-gene 3' UTR	2	ENSG00000116001	True	True	d	/home/sharedFolder/humanSTARindex/Homo_sapiens.GRCh38.99.gtf
103016	12	46183054	46183847	-	ENSG00000111371	own-gene 3' UTR	1	ENSG00000111371	True	True	d	/home/sharedFolder/humanSTARindex/Homo_sapiens.GRCh38.99.gtf
251115	2	96250494	96251287	-	ENSG00000135956	own-gene 3' UTR	1	ENSG00000135956	True	True	d	/home/sharedFolder/humanSTARindex/Homo_sapiens.GRCh38.99.gtf
188644	17	16441464	16442387	-	ENSG00000181350	own-gene 3' UTR	1	ENSG00000181350	True	True	d	/home/sharedFolder/humanSTARindex/Homo_sapiens.GRCh38.99.gtf
287705	20	63739099	63739103	+	ENSG00000197114	other-gene 3' UTR	3	ENSG00000203896,ENSG00000273154	False	True	d	/home/sharedFolder/humanSTARindex/Homo_sapiens.GRCh38.99.gtf
142728	14	73884197	73884639	+	ENSG00000140043	own-gene 3' UTR	2	ENSG00000140043	True	True	d	/home/sharedFolder/humanSTARindex/Homo_sapiens.GRCh38.99.gtf
201365	17	63701364	63701997	+	ENSG00000198909	exonic, not 3' UTR	1		False	True	d	/home/sharedFolder/humanSTARindex/Homo_sapiens.GRCh38.99.gtf
499841	X	109641329	109641449	-	ENSG00000068366	own-gene 3' UTR	1	ENSG00000068366	True	True	d	/home/sharedFolder/humanSTARindex/Homo_sapiens.GRCh38.99.gtf
367010	5	55256244	55256515	-	ENSG00000067248	own-gene 3' UTR	1	ENSG00000067248	True	True	d	/home/sharedFolder/humanSTARindex/Homo_sapiens.GRCh38.99.gtf
474518	9	68299954	68300012	+	ENSG00000196873	own-gene 3' UTR	1	ENSG00000196873	True	True	d	/home/sharedFolder/humanSTARindex/Homo_sapiens.GRCh38.99.gtf
427420	7	56080664	56080670	+	ENSG00000129103	own-gene 3' UTR	1	ENSG00000129103	True	True	d	/home/sharedFolder/humanSTARindex/Homo_sapiens.GRCh38.99.gtf
326516	3	141923831	141925327	+	ENSG00000069849	intronic (same-strand gene body)	1		True	False	d	/home/sharedFolder/humanSTARindex/Homo_sapiens.GRCh38.99.gtf
30149	1	154944079	154944080	-	ENSG00000163346	own-gene 3' UTR	1	ENSG00000163346	True	True	d	/home/sharedFolder/humanSTARindex/Homo_sapiens.GRCh38.99.gtf
397950	6	37012053	37012746	+	ENSG00000146192	intronic (same-strand gene body)	1		True	False	d	/home/sharedFolder/humanSTARindex/Homo_sapiens.GRCh38.99.gtf
195154	17	42522251	42522582	+	ENSG00000033627	own-gene 3' UTR	1	ENSG00000033627	True	True	d	/home/sharedFolder/humanSTARindex/Homo_sapiens.GRCh38.99.gtf
497253	X	77506407	77507503	-	ENSG00000085224	own-gene 3' UTR	1	ENSG00000085224	True	True	d	/home/sharedFolder/humanSTARindex/Homo_sapiens.GRCh38.99.gtf
74105	11	9749600	9750505	+	ENSG00000133789	own-gene 3' UTR	1	ENSG00000133789	True	True	d	/home/sharedFolder/humanSTARindex/Homo_sapiens.GRCh38.99.gtf
427402	7	56063185	56063579	+	ENSG00000146731	own-gene 3' UTR	1	ENSG00000146731	True	True	d	/home/sharedFolder/humanSTARindex/Homo_sapiens.GRCh38.99.gtf
311759	3	48746578	48746637	-	ENSG00000114302	own-gene 3' UTR	1	ENSG00000114302	True	True	d	/home/sharedFolder/humanSTARindex/Homo_sapiens.GRCh38.99.gtf
9628	1	35183599	35183756	-	ENSG00000116560	own-gene 3' UTR	1	ENSG00000116560	True	True	d	/home/sharedFolder/humanSTARindex/Homo_sapiens.GRCh38.99.gtf
379672	5	131641713	131642386	-	ENSG00000273217	other-gene 3' UTR	2	ENSG00000217128	True	True	d	/home/sharedFolder/humanSTARindex/Homo_sapiens.GRCh38.99.gtf
191786	17	31317922	31318107	-	ENSG00000265118	other-gene 3' UTR	2	ENSG00000126860	True	True	d	/home/sharedFolder/humanSTARindex/Homo_sapiens.GRCh38.99.gtf
361634	5	5489847	5490220	+	ENSG00000164151	own-gene 3' UTR	1	ENSG00000164151	True	True	d	/home/sharedFolder/humanSTARindex/Homo_sapiens.GRCh38.99.gtf
328093	3	150630432	150630447	+	ENSG00000198843	own-gene 3' UTR	1	ENSG00000198843	True	True	d	/home/sharedFolder/humanSTARindex/Homo_sapiens.GRCh38.99.gtf
80833	11	63546243	63546261	+	ENSG00000133321	own-gene 3' UTR	1	ENSG00000133321	True	True	d	/home/sharedFolder/humanSTARindex/Homo_sapiens.GRCh38.99.gtf
340381	4	25747422	25747854	-	ENSG00000091490	own-gene 3' UTR	1	ENSG00000091490	True	True	d	/home/sharedFolder/humanSTARindex/Homo_sapiens.GRCh38.99.gtf
166271	16	1349436	1349439	+	ENSG00000007516	own-gene 3' UTR	1	ENSG00000007516	True	True	d	/home/sharedFolder/humanSTARindex/Homo_sapiens.GRCh38.99.gtf
484696	9	128361213	128361223	+	ENSG00000167114	own-gene 3' UTR	1	ENSG00000167114	True	True	d	/home/sharedFolder/humanSTARindex/Homo_sapiens.GRCh38.99.gtf
73968	11	9447035	9447113	+	ENSG00000205339	own-gene 3' UTR	1	ENSG00000205339	True	True	d	/home/sharedFolder/humanSTARindex/Homo_sapiens.GRCh38.99.gtf
209343	18	9134334	9134341	+	ENSG00000178127	own-gene 3' UTR	2	ENSG00000178127	True	True	d	/home/sharedFolder/humanSTARindex/Homo_sapiens.GRCh38.99.gtf
178679	16	68284849	68285342	-	ENSG00000103061	intronic (same-strand gene body)	1		True	False	d	/home/sharedFolder/humanSTARindex/Homo_sapiens.GRCh38.99.gtf
195068	17	42358817	42359433	-	ENSG00000168610	intronic (same-strand gene body)	1		True	False	d	/home/sharedFolder/humanSTARindex/Homo_sapiens.GRCh38.99.gtf
309040	3	36987863	36988286	-	ENSG00000178567	own-gene 3' UTR	1	ENSG00000178567	True	True	d	/home/sharedFolder/humanSTARindex/Homo_sapiens.GRCh38.99.gtf
36408	1	181034075	181035291	+	ENSG00000153029	intronic (same-strand gene body)	1		True	False	d	/home/sharedFolder/humanSTARindex/Homo_sapiens.GRCh38.99.gtf
386444	5	171861462	171862103	-	ENSG00000072803	own-gene 3' UTR	1	ENSG00000072803	True	True	d	/home/sharedFolder/humanSTARindex/Homo_sapiens.GRCh38.99.gtf
137623	14	54482891	54483587	-	ENSG00000197045	exonic, not 3' UTR	1		True	True	d	/home/sharedFolder/humanSTARindex/Homo_sapiens.GRCh38.99.gtf
183832	16	89911378	89911382	+	ENSG00000141002	own-gene 3' UTR	2	ENSG00000141002	True	True	d	/home/sharedFolder/humanSTARindex/Homo_sapiens.GRCh38.99.gtf
93288	11	130276530	130277565	-	ENSG00000196323	intronic (same-strand gene body)	1		True	False	d	/home/sharedFolder/humanSTARindex/Homo_sapiens.GRCh38.99.gtf
208183	18	2734316	2738116	+	ENSG00000101596	intronic (same-strand gene body)	1		True	False	d	/home/sharedFolder/humanSTARindex/Homo_sapiens.GRCh38.99.gtf
381304	5	138506094	138506095	-	ENSG00000120705	own-gene 3' UTR	1	ENSG00000120705	True	True	d	/home/sharedFolder/humanSTARindex/Homo_sapiens.GRCh38.99.gtf
134388	14	34515937	34516107	-	ENSG00000129518	own-gene 3' UTR	1	ENSG00000129518	True	True	d	/home/sharedFolder/humanSTARindex/Homo_sapiens.GRCh38.99.gtf
355882	4	145174113	145174688	-	ENSG00000164164	exonic, not 3' UTR	1		True	True	d	/home/sharedFolder/humanSTARindex/Homo_sapiens.GRCh38.99.gtf
290993	21	33450596	33450701	-	ENSG00000142188	own-gene 3' UTR	1	ENSG00000142188	True	True	d	/home/sharedFolder/humanSTARindex/Homo_sapiens.GRCh38.99.gtf
398345	6	38154151	38154624	+	ENSG00000156639	own-gene 3' UTR	1	ENSG00000156639	True	True	d	/home/sharedFolder/humanSTARindex/Homo_sapiens.GRCh38.99.gtf
175521	16	47155556	47155646	-	ENSG00000129636	own-gene 3' UTR	1	ENSG00000129636	True	True	d	/home/sharedFolder/humanSTARindex/Homo_sapiens.GRCh38.99.gtf
394027	6	26138951	26138963	+	ENSG00000180573	own-gene 3' UTR	1	ENSG00000180573	True	True	d	/home/sharedFolder/humanSTARindex/Homo_sapiens.GRCh38.99.gtf
328361	3	152303476	152303629	+	ENSG00000152601	intronic (same-strand gene body)	1		True	False	d	/home/sharedFolder/humanSTARindex/Homo_sapiens.GRCh38.99.gtf
312087	3	49277535	49278363	-	ENSG00000114316	own-gene 3' UTR	1	ENSG00000114316	True	True	d	/home/sharedFolder/humanSTARindex/Homo_sapiens.GRCh38.99.gtf
471417	9	35056877	35056954	-	ENSG00000165280	own-gene 3' UTR	1	ENSG00000165280	True	True	d	/home/sharedFolder/humanSTARindex/Homo_sapiens.GRCh38.99.gtf
475324	9	72350920	72352002	-	ENSG00000107372	own-gene 3' UTR	1	ENSG00000107372	True	True	d	/home/sharedFolder/humanSTARindex/Homo_sapiens.GRCh38.99.gtf
495785	X	65741930	65741931	+	ENSG00000147065	own-gene 3' UTR	1	ENSG00000147065	True	True	d	/home/sharedFolder/humanSTARindex/Homo_sapiens.GRCh38.99.gtf
87908	11	96290934	96291964	-	ENSG00000184384	intronic (same-strand gene body)	1		True	False	d	/home/sharedFolder/humanSTARindex/Homo_sapiens.GRCh38.99.gtf
170609	16	18417324	18417330	-	ENSG00000185164	own-gene 3' UTR	1	ENSG00000185164	True	True	d	/home/sharedFolder/humanSTARindex/Homo_sapiens.GRCh38.99.gtf
170635	16	18499923	18499929	-	ENSG00000185164	own-gene 3' UTR	1	ENSG00000185164	True	True	d	/home/sharedFolder/humanSTARindex/Homo_sapiens.GRCh38.99.gtf
331350	3	172186910	172187311	+	ENSG00000075420	own-gene 3' UTR	1	ENSG00000075420	True	True	d	/home/sharedFolder/humanSTARindex/Homo_sapiens.GRCh38.99.gtf
158930	15	66491531	66491544	+	ENSG00000169032	own-gene 3' UTR	1	ENSG00000169032	True	True	d	/home/sharedFolder/humanSTARindex/Homo_sapiens.GRCh38.99.gtf
28013	1	149556226	149556256	+	ENSG00000286185	own-gene 3' UTR	2	ENSG00000271383,ENSG00000286185	True	True	d	/home/sharedFolder/humanSTARindex/Homo_sapiens.GRCh38.99.gtf
105233	12	53293366	53293638	+	ENSG00000135476	own-gene 3' UTR	1	ENSG00000135476	True	True	d	/home/sharedFolder/humanSTARindex/Homo_sapiens.GRCh38.99.gtf
436658	7	105029321	105031235	+	ENSG00000005483	intronic (same-strand gene body)	1		True	False	d	/home/sharedFolder/humanSTARindex/Homo_sapiens.GRCh38.99.gtf
318721	3	105413470	105414679	+	ENSG00000170017	intronic (same-strand gene body)	1		True	False	d	/home/sharedFolder/humanSTARindex/Homo_sapiens.GRCh38.99.gtf
31050	1	156335022	156335592	-	ENSG00000163468	exonic, not 3' UTR	1		True	True	d	/home/sharedFolder/humanSTARindex/Homo_sapiens.GRCh38.99.gtf
122265	13	27623448	27623449	+	ENSG00000186184	own-gene 3' UTR	1	ENSG00000186184	True	True	d	/home/sharedFolder/humanSTARindex/Homo_sapiens.GRCh38.99.gtf
156918	15	59638858	59639041	-	ENSG00000140307	own-gene 3' UTR	1	ENSG00000140307	True	True	d	/home/sharedFolder/humanSTARindex/Homo_sapiens.GRCh38.99.gtf
329659	3	160500159	160500582	-	ENSG00000186432	own-gene 3' UTR	1	ENSG00000186432	True	True	d	/home/sharedFolder/humanSTARindex/Homo_sapiens.GRCh38.99.gtf
384525	5	154040711	154041254	+	ENSG00000037749	intronic (same-strand gene body)	1		True	False	d	/home/sharedFolder/humanSTARindex/Homo_sapiens.GRCh38.99.gtf
14518	1	53051536	53051693	+	ENSG00000116171	own-gene 3' UTR	1	ENSG00000116171	True	True	d	/home/sharedFolder/humanSTARindex/Homo_sapiens.GRCh38.99.gtf
147016	14	100278452	100278589	+	ENSG00000100811	own-gene 3' UTR	1	ENSG00000100811	True	True	d	/home/sharedFolder/humanSTARindex/Homo_sapiens.GRCh38.99.gtf
47535	1	244841688	244846300	-	ENSG00000153187	own-gene 3' UTR	1	ENSG00000153187	True	True	d	/home/sharedFolder/humanSTARindex/Homo_sapiens.GRCh38.99.gtf
173671	16	28976716	28977347	+	ENSG00000169682	intronic (same-strand gene body)	2		True	False	d	/home/sharedFolder/humanSTARindex/Homo_sapiens.GRCh38.99.gtf
111001	12	89519411	89519874	-	ENSG00000139323	other-gene 3' UTR	3	ENSG00000257594,ENSG00000259075	True	True	d	/home/sharedFolder/humanSTARindex/Homo_sapiens.GRCh38.99.gtf
115675	12	111452398	111452430	-	ENSG00000204842	own-gene 3' UTR	1	ENSG00000204842	True	True	d	/home/sharedFolder/humanSTARindex/Homo_sapiens.GRCh38.99.gtf
75467	11	16755773	16755892	+	ENSG00000110696	own-gene 3' UTR	1	ENSG00000110696	True	True	d	/home/sharedFolder/humanSTARindex/Homo_sapiens.GRCh38.99.gtf
40709	1	206734246	206734281	+	ENSG00000162889	own-gene 3' UTR	1	ENSG00000162889	True	True	d	/home/sharedFolder/humanSTARindex/Homo_sapiens.GRCh38.99.gtf
6939	1	26470935	26471324	+	ENSG00000117682	own-gene 3' UTR	1	ENSG00000117682	True	True	d	/home/sharedFolder/humanSTARindex/Homo_sapiens.GRCh38.99.gtf
332639	3	182921237	182921654	+	ENSG00000058063	own-gene 3' UTR	1	ENSG00000058063	True	True	d	/home/sharedFolder/humanSTARindex/Homo_sapiens.GRCh38.99.gtf
173979	16	29458218	29458219	+	ENSG00000181625	own-gene 3' UTR	2	ENSG00000181625	True	True	d	/home/sharedFolder/humanSTARindex/Homo_sapiens.GRCh38.99.gtf
359079	4	169610114	169610850	-	ENSG00000137601	intronic (same-strand gene body)	1		True	False	d	/home/sharedFolder/humanSTARindex/Homo_sapiens.GRCh38.99.gtf
76589	11	27494417	27495237	-	ENSG00000148943	own-gene 3' UTR	1	ENSG00000148943	True	True	d	/home/sharedFolder/humanSTARindex/Homo_sapiens.GRCh38.99.gtf
143790	14	77505897	77506509	-	ENSG00000100596	own-gene 3' UTR	1	ENSG00000100596	True	True	d	/home/sharedFolder/humanSTARindex/Homo_sapiens.GRCh38.99.gtf
41479	1	211571562	211571952	-	ENSG00000170385	own-gene 3' UTR	1	ENSG00000170385	True	True	d	/home/sharedFolder/humanSTARindex/Homo_sapiens.GRCh38.99.gtf
460230	8	100267539	100268572	-	ENSG00000034677	intronic (same-strand gene body)	1		True	False	d	/home/sharedFolder/humanSTARindex/Homo_sapiens.GRCh38.99.gtf
43801	1	226065638	226066296	+	ENSG00000163041	own-gene 3' UTR	1	ENSG00000163041	True	True	d	/home/sharedFolder/humanSTARindex/Homo_sapiens.GRCh38.99.gtf
435961	7	102531128	102532162	-	ENSG00000168255	outside any same-strand gene	0		False	False	d	/home/sharedFolder/humanSTARindex/Homo_sapiens.GRCh38.99.gtf
430867	7	75533231	75533757	-	ENSG00000127946	own-gene 3' UTR	1	ENSG00000127946	True	True	d	/home/sharedFolder/humanSTARindex/Homo_sapiens.GRCh38.99.gtf
141503	14	69771667	69772005	+	ENSG00000100650	own-gene 3' UTR	1	ENSG00000100650	True	True	d	/home/sharedFolder/humanSTARindex/Homo_sapiens.GRCh38.99.gtf
51253	10	13630682	13630922	+	ENSG00000165630	own-gene 3' UTR	2	ENSG00000165630	True	True	d	/home/sharedFolder/humanSTARindex/Homo_sapiens.GRCh38.99.gtf
121947	13	25341860	25342457	+	ENSG00000139496	own-gene 3' UTR	1	ENSG00000139496	True	True	d	/home/sharedFolder/humanSTARindex/Homo_sapiens.GRCh38.99.gtf
483529	9	124353464	124353477	-	ENSG00000136930	own-gene 3' UTR	1	ENSG00000136930	True	True	d	/home/sharedFolder/humanSTARindex/Homo_sapiens.GRCh38.99.gtf
145078	14	90404778	90404847	+	ENSG00000198668	own-gene 3' UTR	1	ENSG00000198668	True	True	d	/home/sharedFolder/humanSTARindex/Homo_sapiens.GRCh38.99.gtf
106122	12	56284995	56286046	-	ENSG00000062485	own-gene 3' UTR	2	ENSG00000062485	True	True	d	/home/sharedFolder/humanSTARindex/Homo_sapiens.GRCh38.99.gtf
217742	19	1065365	1065572	+	ENSG00000064687	own-gene 3' UTR	1	ENSG00000064687	True	True	d	/home/sharedFolder/humanSTARindex/Homo_sapiens.GRCh38.99.gtf
575	1	1702729	1702730	-	ENSG00000008128	own-gene 3' UTR	1	ENSG00000008128	True	True	d	/home/sharedFolder/humanSTARindex/Homo_sapiens.GRCh38.99.gtf
225999	19	29207265	29207422	-	ENSG00000169021	own-gene 3' UTR	1	ENSG00000169021	True	True	d	/home/sharedFolder/humanSTARindex/Homo_sapiens.GRCh38.99.gtf
484880	9	128729785	128730240	-	ENSG00000160445	own-gene 3' UTR	1	ENSG00000160445	True	True	d	/home/sharedFolder/humanSTARindex/Homo_sapiens.GRCh38.99.gtf
77262	11	33740892	33741353	-	ENSG00000110429	own-gene 3' UTR	1	ENSG00000110429	True	True	d	/home/sharedFolder/humanSTARindex/Homo_sapiens.GRCh38.99.gtf
142833	14	74086150	74087441	+	ENSG00000119636	intronic (same-strand gene body)	1		False	False	d	/home/sharedFolder/humanSTARindex/Homo_sapiens.GRCh38.99.gtf
367238	5	55936645	55936706	-	ENSG00000134352	own-gene 3' UTR	1	ENSG00000134352	True	True	d	/home/sharedFolder/humanSTARindex/Homo_sapiens.GRCh38.99.gtf
367798	5	59124966	59125457	-	ENSG00000113448	intronic (same-strand gene body)	1		True	False	d	/home/sharedFolder/humanSTARindex/Homo_sapiens.GRCh38.99.gtf
104939	12	52054068	52055938	+	ENSG00000123358	exonic, not 3' UTR	1		True	True	d	/home/sharedFolder/humanSTARindex/Homo_sapiens.GRCh38.99.gtf
391865	6	15520622	15522057	+	ENSG00000008083	own-gene 3' UTR	1	ENSG00000008083	True	True	d	/home/sharedFolder/humanSTARindex/Homo_sapiens.GRCh38.99.gtf
417870	7	874581	874902	+	ENSG00000164828	own-gene 3' UTR	1	ENSG00000164828	True	True	d	/home/sharedFolder/humanSTARindex/Homo_sapiens.GRCh38.99.gtf
21492	1	100981369	100981757	+	ENSG00000162695	own-gene 3' UTR	1	ENSG00000162695	True	True	d	/home/sharedFolder/humanSTARindex/Homo_sapiens.GRCh38.99.gtf
193733	17	38733553	38733692	+	ENSG00000275023	other-gene 3' UTR	1	ENSG00000277972	False	True	d	/home/sharedFolder/humanSTARindex/Homo_sapiens.GRCh38.99.gtf
27394	1	148589784	148590913	-	ENSG00000270629	exonic, not 3' UTR	1		True	True	d	/home/sharedFolder/humanSTARindex/Homo_sapiens.GRCh38.99.gtf
309647	3	39412390	39412542	+	ENSG00000168028	own-gene 3' UTR	1	ENSG00000168028	True	True	d	/home/sharedFolder/humanSTARindex/Homo_sapiens.GRCh38.99.gtf
494709	X	53643350	53643739	-	ENSG00000086758	intronic (same-strand gene body)	1		True	False	d	/home/sharedFolder/humanSTARindex/Homo_sapiens.GRCh38.99.gtf
160140	15	72585918	72586560	+	ENSG00000166233	own-gene 3' UTR	1	ENSG00000166233	True	True	d	/home/sharedFolder/humanSTARindex/Homo_sapiens.GRCh38.99.gtf
451117	8	29067277	29067724	-	ENSG00000197892	own-gene 3' UTR	1	ENSG00000197892	True	True	d	/home/sharedFolder/humanSTARindex/Homo_sapiens.GRCh38.99.gtf
426702	7	47955339	47955803	-	ENSG00000136273	outside any same-strand gene	0		False	False	d	/home/sharedFolder/humanSTARindex/Homo_sapiens.GRCh38.99.gtf
317991	3	99847854	99848338	-	ENSG00000168386	own-gene 3' UTR	1	ENSG00000168386	True	True	d	/home/sharedFolder/humanSTARindex/Homo_sapiens.GRCh38.99.gtf
233413	19	53577605	53578442	+	ENSG00000130844	own-gene 3' UTR	1	ENSG00000130844	True	True	d	/home/sharedFolder/humanSTARindex/Homo_sapiens.GRCh38.99.gtf
203202	17	67982834	67983157	+	ENSG00000171634	own-gene 3' UTR	1	ENSG00000171634	True	True	d	/home/sharedFolder/humanSTARindex/Homo_sapiens.GRCh38.99.gtf
31079	1	156463720	156464160	-	ENSG00000116604	own-gene 3' UTR	1	ENSG00000116604	True	True	d	/home/sharedFolder/humanSTARindex/Homo_sapiens.GRCh38.99.gtf
231904	19	49339811	49340027	+	ENSG00000104894	own-gene 3' UTR	1	ENSG00000104894	True	True	d	/home/sharedFolder/humanSTARindex/Homo_sapiens.GRCh38.99.gtf
381686	5	139330399	139330477	+	ENSG00000280987	own-gene 3' UTR	2	ENSG00000015479,ENSG00000280987	True	True	d	/home/sharedFolder/humanSTARindex/Homo_sapiens.GRCh38.99.gtf
269368	2	203062824	203063813	+	ENSG00000144426	intronic (same-strand gene body)	1		True	False	d	/home/sharedFolder/humanSTARindex/Homo_sapiens.GRCh38.99.gtf
418378	7	2728210	2728973	-	ENSG00000146535	own-gene 3' UTR	1	ENSG00000146535	True	True	d	/home/sharedFolder/humanSTARindex/Homo_sapiens.GRCh38.99.gtf
255629	2	117832305	117832379	+	ENSG00000088205	own-gene 3' UTR	1	ENSG00000088205	True	True	d	/home/sharedFolder/humanSTARindex/Homo_sapiens.GRCh38.99.gtf
23899	1	114717291	114717292	-	ENSG00000009307	own-gene 3' UTR	1	ENSG00000009307	True	True	d	/home/sharedFolder/humanSTARindex/Homo_sapiens.GRCh38.99.gtf
356622	4	150264540	150265140	-	ENSG00000198589	own-gene 3' UTR	1	ENSG00000198589	True	True	d	/home/sharedFolder/humanSTARindex/Homo_sapiens.GRCh38.99.gtf
69479	10	119035756	119036424	-	ENSG00000107581	own-gene 3' UTR	1	ENSG00000107581	True	True	d	/home/sharedFolder/humanSTARindex/Homo_sapiens.GRCh38.99.gtf
179683	16	70246777	70247163	-	ENSG00000223496	own-gene 3' UTR	1	ENSG00000223496	True	True	d	/home/sharedFolder/humanSTARindex/Homo_sapiens.GRCh38.99.gtf
483749	9	125149126	125149128	-	ENSG00000119414	own-gene 3' UTR	1	ENSG00000119414	True	True	d	/home/sharedFolder/humanSTARindex/Homo_sapiens.GRCh38.99.gtf
248114	2	73958906	73958961	+	ENSG00000114956	own-gene 3' UTR	1	ENSG00000114956	True	True	d	/home/sharedFolder/humanSTARindex/Homo_sapiens.GRCh38.99.gtf
288910	21	14520636	14521345	-	ENSG00000155307	exonic, not 3' UTR	1		True	True	d	/home/sharedFolder/humanSTARindex/Homo_sapiens.GRCh38.99.gtf
399458	6	42888998	42889889	+	ENSG00000146223	own-gene 3' UTR	1	ENSG00000146223	True	True	d	/home/sharedFolder/humanSTARindex/Homo_sapiens.GRCh38.99.gtf
74342	11	10508251	10508352	-	ENSG00000255823	exonic, not 3' UTR	2		True	True	d	/home/sharedFolder/humanSTARindex/Homo_sapiens.GRCh38.99.gtf
411124	6	136258585	136258586	-	ENSG00000029363	own-gene 3' UTR	1	ENSG00000029363	True	True	d	/home/sharedFolder/humanSTARindex/Homo_sapiens.GRCh38.99.gtf
180204	16	71847882	71849169	+	ENSG00000224470	exonic, not 3' UTR	2		True	True	d	/home/sharedFolder/humanSTARindex/Homo_sapiens.GRCh38.99.gtf
45472	1	234606746	234606783	-	ENSG00000168264	own-gene 3' UTR	1	ENSG00000168264	True	True	d	/home/sharedFolder/humanSTARindex/Homo_sapiens.GRCh38.99.gtf
69857	10	119828467	119829151	+	ENSG00000198825	own-gene 3' UTR	1	ENSG00000198825	True	True	d	/home/sharedFolder/humanSTARindex/Homo_sapiens.GRCh38.99.gtf
116228	12	112408299	112409522	-	ENSG00000089009	exonic, not 3' UTR	1		True	True	d	/home/sharedFolder/humanSTARindex/Homo_sapiens.GRCh38.99.gtf
44274	1	228097946	228098432	+	ENSG00000143761	own-gene 3' UTR	1	ENSG00000143761	True	True	d	/home/sharedFolder/humanSTARindex/Homo_sapiens.GRCh38.99.gtf
195054	17	42343384	42346336	-	ENSG00000168610	exonic, not 3' UTR	1		True	True	d	/home/sharedFolder/humanSTARindex/Homo_sapiens.GRCh38.99.gtf
90488	11	116843409	116843908	-	ENSG00000160584	own-gene 3' UTR	1	ENSG00000160584	True	True	d	/home/sharedFolder/humanSTARindex/Homo_sapiens.GRCh38.99.gtf
231649	19	48873335	48874828	+	ENSG00000087074	exonic, not 3' UTR	1		True	True	d	/home/sharedFolder/humanSTARindex/Homo_sapiens.GRCh38.99.gtf
267920	2	197512496	197513559	-	ENSG00000144381	intronic (same-strand gene body)	1		True	False	d	/home/sharedFolder/humanSTARindex/Homo_sapiens.GRCh38.99.gtf
37847	1	193069130	193070293	+	ENSG00000116747	exonic, not 3' UTR	1		True	True	d	/home/sharedFolder/humanSTARindex/Homo_sapiens.GRCh38.99.gtf
184853	17	2059842	2060170	-	ENSG00000070366	own-gene 3' UTR	1	ENSG00000070366	True	True	d	/home/sharedFolder/humanSTARindex/Homo_sapiens.GRCh38.99.gtf
199849	17	59697303	59697882	-	ENSG00000141378	own-gene 3' UTR	1	ENSG00000141378	True	True	d	/home/sharedFolder/humanSTARindex/Homo_sapiens.GRCh38.99.gtf
219538	19	5894674	5894675	-	ENSG00000267740	other-gene 3' UTR	2	ENSG00000174886	True	True	d	/home/sharedFolder/humanSTARindex/Homo_sapiens.GRCh38.99.gtf
320438	3	114639460	114639970	-	ENSG00000181722	intronic (same-strand gene body)	1		True	False	d	/home/sharedFolder/humanSTARindex/Homo_sapiens.GRCh38.99.gtf
12964	1	46290590	46291963	-	ENSG00000132128	intronic (same-strand gene body)	1		True	False	d	/home/sharedFolder/humanSTARindex/Homo_sapiens.GRCh38.99.gtf
446317	7	157268759	157269370	+	ENSG00000009335	own-gene 3' UTR	1	ENSG00000009335	True	True	d	/home/sharedFolder/humanSTARindex/Homo_sapiens.GRCh38.99.gtf
358239	4	159359681	159360150	+	ENSG00000109756	own-gene 3' UTR	1	ENSG00000109756	True	True	d	/home/sharedFolder/humanSTARindex/Homo_sapiens.GRCh38.99.gtf
455581	8	65710076	65710562	+	ENSG00000066855	own-gene 3' UTR	1	ENSG00000066855	True	True	d	/home/sharedFolder/humanSTARindex/Homo_sapiens.GRCh38.99.gtf
166928	16	3027266	3027734	+	ENSG00000006327	other-gene 3' UTR	1	ENSG00000131652	False	True	d	/home/sharedFolder/humanSTARindex/Homo_sapiens.GRCh38.99.gtf
300477	22	40835219	40835860	-	ENSG00000100380	own-gene 3' UTR	1	ENSG00000100380	True	True	d	/home/sharedFolder/humanSTARindex/Homo_sapiens.GRCh38.99.gtf
344055	4	54009788	54009996	-	ENSG00000109220	own-gene 3' UTR	1	ENSG00000109220	True	True	d	/home/sharedFolder/humanSTARindex/Homo_sapiens.GRCh38.99.gtf
433208	7	92079163	92080126	+	ENSG00000127914	exonic, not 3' UTR	1		True	True	d	/home/sharedFolder/humanSTARindex/Homo_sapiens.GRCh38.99.gtf
174373	16	30197560	30197561	+	ENSG00000132207	own-gene 3' UTR	2	ENSG00000132207	True	True	d	/home/sharedFolder/humanSTARindex/Homo_sapiens.GRCh38.99.gtf
310118	3	42550755	42552061	-	ENSG00000093183	own-gene 3' UTR	1	ENSG00000093183	True	True	d	/home/sharedFolder/humanSTARindex/Homo_sapiens.GRCh38.99.gtf
157043	15	60395083	60395749	-	ENSG00000182718	exonic, not 3' UTR	1		True	True	d	/home/sharedFolder/humanSTARindex/Homo_sapiens.GRCh38.99.gtf
173872	16	29381309	29381383	-	ENSG00000254206	own-gene 3' UTR	1	ENSG00000254206	True	True	d	/home/sharedFolder/humanSTARindex/Homo_sapiens.GRCh38.99.gtf
233364	19	53541239	53542362	+	ENSG00000130844	intronic (same-strand gene body)	1		True	False	d	/home/sharedFolder/humanSTARindex/Homo_sapiens.GRCh38.99.gtf
280072	20	25300213	25300217	-	ENSG00000100997	own-gene 3' UTR	1	ENSG00000100997	True	True	d	/home/sharedFolder/humanSTARindex/Homo_sapiens.GRCh38.99.gtf
135940	14	44924316	44924326	-	ENSG00000179454	own-gene 3' UTR	1	ENSG00000179454	True	True	d	/home/sharedFolder/humanSTARindex/Homo_sapiens.GRCh38.99.gtf
243006	2	46577694	46578719	+	ENSG00000119729	intronic (same-strand gene body)	1		True	False	d	/home/sharedFolder/humanSTARindex/Homo_sapiens.GRCh38.99.gtf
8776	1	32051718	32053202	+	ENSG00000121774	intronic (same-strand gene body)	1		True	False	d	/home/sharedFolder/humanSTARindex/Homo_sapiens.GRCh38.99.gtf
312326	3	49785255	49786074	-	ENSG00000176095	exonic, not 3' UTR	1		True	True	d	/home/sharedFolder/humanSTARindex/Homo_sapiens.GRCh38.99.gtf
29963	1	154263498	154263504	+	ENSG00000143569	own-gene 3' UTR	1	ENSG00000143569	True	True	d	/home/sharedFolder/humanSTARindex/Homo_sapiens.GRCh38.99.gtf
190506	17	28648588	28648595	-	ENSG00000132581	own-gene 3' UTR	1	ENSG00000132581	True	True	d	/home/sharedFolder/humanSTARindex/Homo_sapiens.GRCh38.99.gtf
9306	1	33013043	33013086	-	ENSG00000004455	own-gene 3' UTR	1	ENSG00000004455	True	True	d	/home/sharedFolder/humanSTARindex/Homo_sapiens.GRCh38.99.gtf
25274	1	120841615	120842215	+	ENSG00000273136	own-gene 3' UTR	1	ENSG00000273136	True	True	d	/home/sharedFolder/humanSTARindex/Homo_sapiens.GRCh38.99.gtf
359140	4	169722823	169723187	+	ENSG00000109572	own-gene 3' UTR	1	ENSG00000109572	True	True	d	/home/sharedFolder/humanSTARindex/Homo_sapiens.GRCh38.99.gtf
371158	5	72909941	72910645	+	ENSG00000083312	own-gene 3' UTR	1	ENSG00000083312	True	True	d	/home/sharedFolder/humanSTARindex/Homo_sapiens.GRCh38.99.gtf
588	1	1718742	1719922	-	ENSG00000008128	exonic, not 3' UTR	2		True	True	d	/home/sharedFolder/humanSTARindex/Homo_sapiens.GRCh38.99.gtf
121924	13	25309044	25309878	+	ENSG00000139496	own-gene 3' UTR	1	ENSG00000139496	True	True	d	/home/sharedFolder/humanSTARindex/Homo_sapiens.GRCh38.99.gtf
266388	2	190204905	190204915	-	ENSG00000198130	own-gene 3' UTR	1	ENSG00000198130	True	True	d	/home/sharedFolder/humanSTARindex/Homo_sapiens.GRCh38.99.gtf
284291	20	46362770	46364322	-	ENSG00000080189	exonic, not 3' UTR	1		True	True	d	/home/sharedFolder/humanSTARindex/Homo_sapiens.GRCh38.99.gtf
361191	5	1050383	1050762	-	ENSG00000113504	own-gene 3' UTR	1	ENSG00000113504	True	True	d	/home/sharedFolder/humanSTARindex/Homo_sapiens.GRCh38.99.gtf
206394	17	80140307	80141430	-	ENSG00000141543	exonic, not 3' UTR	1		True	True	d	/home/sharedFolder/humanSTARindex/Homo_sapiens.GRCh38.99.gtf
313003	3	52493065	52493068	+	ENSG00000010322	own-gene 3' UTR	1	ENSG00000010322	True	True	d	/home/sharedFolder/humanSTARindex/Homo_sapiens.GRCh38.99.gtf
69454	10	118752619	118753425	-	ENSG00000151893	intronic (same-strand gene body)	1		True	False	d	/home/sharedFolder/humanSTARindex/Homo_sapiens.GRCh38.99.gtf
232147	19	49869038	49869039	-	ENSG00000039650	other-gene 3' UTR	2	ENSG00000204673	True	True	d	/home/sharedFolder/humanSTARindex/Homo_sapiens.GRCh38.99.gtf
285025	20	49238621	49239357	-	ENSG00000124201	own-gene 3' UTR	1	ENSG00000124201	True	True	d	/home/sharedFolder/humanSTARindex/Homo_sapiens.GRCh38.99.gtf
280990	20	33358824	33358845	-	ENSG00000101391	own-gene 3' UTR	1	ENSG00000101391	True	True	d	/home/sharedFolder/humanSTARindex/Homo_sapiens.GRCh38.99.gtf
317959	3	99818907	99819586	+	ENSG00000184220	intronic (same-strand gene body)	1		True	False	d	/home/sharedFolder/humanSTARindex/Homo_sapiens.GRCh38.99.gtf
103091	12	46358187	46358188	-	ENSG00000134294	own-gene 3' UTR	1	ENSG00000134294	True	True	d	/home/sharedFolder/humanSTARindex/Homo_sapiens.GRCh38.99.gtf
413972	6	150843308	150843809	+	ENSG00000120278	own-gene 3' UTR	1	ENSG00000120278	True	True	d	/home/sharedFolder/humanSTARindex/Homo_sapiens.GRCh38.99.gtf
281014	20	33399157	33399671	-	ENSG00000101391	intronic (same-strand gene body)	1		True	False	d	/home/sharedFolder/humanSTARindex/Homo_sapiens.GRCh38.99.gtf
500903	X	119833976	119834433	-	ENSG00000125351	own-gene 3' UTR	1	ENSG00000125351	True	True	d	/home/sharedFolder/humanSTARindex/Homo_sapiens.GRCh38.99.gtf
106030	12	56161477	56161575	+	ENSG00000196465	other-gene 3' UTR	1	ENSG00000092841	False	True	d	/home/sharedFolder/humanSTARindex/Homo_sapiens.GRCh38.99.gtf
384536	5	154056971	154057434	+	ENSG00000037749	intronic (same-strand gene body)	1		True	False	d	/home/sharedFolder/humanSTARindex/Homo_sapiens.GRCh38.99.gtf
274066	2	230821069	230821075	+	ENSG00000135932	own-gene 3' UTR	1	ENSG00000135932	True	True	d	/home/sharedFolder/humanSTARindex/Homo_sapiens.GRCh38.99.gtf
367616	5	57263528	57263585	+	ENSG00000062194	own-gene 3' UTR	1	ENSG00000062194	True	True	d	/home/sharedFolder/humanSTARindex/Homo_sapiens.GRCh38.99.gtf
55949	10	35569723	35569743	+	ENSG00000108100	own-gene 3' UTR	1	ENSG00000108100	True	True	d	/home/sharedFolder/humanSTARindex/Homo_sapiens.GRCh38.99.gtf
267898	2	197496882	197499954	-	ENSG00000144381	own-gene 3' UTR	1	ENSG00000144381	True	True	d	/home/sharedFolder/humanSTARindex/Homo_sapiens.GRCh38.99.gtf
503994	X	155277126	155277961	-	ENSG00000155962	own-gene 3' UTR	1	ENSG00000155962	True	True	d	/home/sharedFolder/humanSTARindex/Homo_sapiens.GRCh38.99.gtf
200011	17	59850082	59851309	+	ENSG00000062716	outside any same-strand gene	0		False	False	d	/home/sharedFolder/humanSTARindex/Homo_sapiens.GRCh38.99.gtf
55952	10	35570800	35571802	+	ENSG00000108100	own-gene 3' UTR	1	ENSG00000108100	True	True	d	/home/sharedFolder/humanSTARindex/Homo_sapiens.GRCh38.99.gtf
388388	5	179862065	179862502	-	ENSG00000161010	other-gene 3' UTR	2	ENSG00000197226	True	True	d	/home/sharedFolder/humanSTARindex/Homo_sapiens.GRCh38.99.gtf
87541	11	95132158	95132645	+	ENSG00000149218	own-gene 3' UTR	1	ENSG00000149218	True	True	d	/home/sharedFolder/humanSTARindex/Homo_sapiens.GRCh38.99.gtf
174005	16	29483552	29483646	-	ENSG00000169203	own-gene 3' UTR	1	ENSG00000169203	True	True	d	/home/sharedFolder/humanSTARindex/Homo_sapiens.GRCh38.99.gtf
167264	16	3726565	3727144	-	ENSG00000005339	own-gene 3' UTR	1	ENSG00000005339	True	True	d	/home/sharedFolder/humanSTARindex/Homo_sapiens.GRCh38.99.gtf
406893	6	109366513	109366731	-	ENSG00000135535	own-gene 3' UTR	1	ENSG00000135535	True	True	d	/home/sharedFolder/humanSTARindex/Homo_sapiens.GRCh38.99.gtf
66100	10	97447453	97447943	+	ENSG00000171307	intronic (same-strand gene body)	1		True	False	d	/home/sharedFolder/humanSTARindex/Homo_sapiens.GRCh38.99.gtf
395132	6	30184445	30184455	-	ENSG00000234127	own-gene 3' UTR	1	ENSG00000234127	True	True	d	/home/sharedFolder/humanSTARindex/Homo_sapiens.GRCh38.99.gtf
222453	19	13153162	13153630	+	ENSG00000160888	exonic, not 3' UTR	1		True	True	d	/home/sharedFolder/humanSTARindex/Homo_sapiens.GRCh38.99.gtf
134749	14	35029171	35029193	+	ENSG00000100883	own-gene 3' UTR	1	ENSG00000100883	True	True	d	/home/sharedFolder/humanSTARindex/Homo_sapiens.GRCh38.99.gtf
135742	14	39350418	39350428	+	ENSG00000150527	own-gene 3' UTR	1	ENSG00000150527	True	True	d	/home/sharedFolder/humanSTARindex/Homo_sapiens.GRCh38.99.gtf
109848	12	76353112	76354045	-	ENSG00000091039	own-gene 3' UTR	1	ENSG00000091039	True	True	d	/home/sharedFolder/humanSTARindex/Homo_sapiens.GRCh38.99.gtf
206382	17	80130239	80132026	-	ENSG00000141543	outside any same-strand gene	0		False	False	d	/home/sharedFolder/humanSTARindex/Homo_sapiens.GRCh38.99.gtf
441963	7	134065444	134065761	+	ENSG00000131558	own-gene 3' UTR	1	ENSG00000131558	True	True	d	/home/sharedFolder/humanSTARindex/Homo_sapiens.GRCh38.99.gtf
461772	8	108233363	108233394	-	ENSG00000104408	own-gene 3' UTR	1	ENSG00000104408	True	True	d	/home/sharedFolder/humanSTARindex/Homo_sapiens.GRCh38.99.gtf
483101	9	122849436	122849822	-	ENSG00000056586	own-gene 3' UTR	1	ENSG00000056586	True	True	d	/home/sharedFolder/humanSTARindex/Homo_sapiens.GRCh38.99.gtf
491729	X	23783327	23783391	+	ENSG00000130066	exonic, not 3' UTR	1		True	True	d	/home/sharedFolder/humanSTARindex/Homo_sapiens.GRCh38.99.gtf
365544	5	40827582	40828290	-	ENSG00000145592	own-gene 3' UTR	1	ENSG00000145592	True	True	d	/home/sharedFolder/humanSTARindex/Homo_sapiens.GRCh38.99.gtf
360296	4	185160096	185160522	-	ENSG00000164323	own-gene 3' UTR	1	ENSG00000164323	True	True	d	/home/sharedFolder/humanSTARindex/Homo_sapiens.GRCh38.99.gtf
129492	13	95794505	95794988	+	ENSG00000102580	own-gene 3' UTR	1	ENSG00000102580	True	True	d	/home/sharedFolder/humanSTARindex/Homo_sapiens.GRCh38.99.gtf
237507	2	24202863	24203333	-	ENSG00000198399	own-gene 3' UTR	1	ENSG00000198399	True	True	d	/home/sharedFolder/humanSTARindex/Homo_sapiens.GRCh38.99.gtf
340813	4	26858435	26858919	+	ENSG00000109689	exonic, not 3' UTR	1		True	True	d	/home/sharedFolder/humanSTARindex/Homo_sapiens.GRCh38.99.gtf
258156	2	135784146	135785063	+	ENSG00000144224	own-gene 3' UTR	1	ENSG00000144224	True	True	d	/home/sharedFolder/humanSTARindex/Homo_sapiens.GRCh38.99.gtf
146776	14	99397745	99397752	-	ENSG00000183576	own-gene 3' UTR	1	ENSG00000183576	True	True	d	/home/sharedFolder/humanSTARindex/Homo_sapiens.GRCh38.99.gtf
217935	19	1477814	1478932	-	ENSG00000119559	exonic, not 3' UTR	1		True	True	d	/home/sharedFolder/humanSTARindex/Homo_sapiens.GRCh38.99.gtf
484683	9	128334030	128334072	+	ENSG00000167113	own-gene 3' UTR	1	ENSG00000167113	True	True	d	/home/sharedFolder/humanSTARindex/Homo_sapiens.GRCh38.99.gtf
30764	1	155946850	155947329	-	ENSG00000116584	own-gene 3' UTR	1	ENSG00000116584	True	True	d	/home/sharedFolder/humanSTARindex/Homo_sapiens.GRCh38.99.gtf
350879	4	102795970	102796204	-	ENSG00000109332	own-gene 3' UTR	1	ENSG00000109332	True	True	d	/home/sharedFolder/humanSTARindex/Homo_sapiens.GRCh38.99.gtf
413871	6	150652852	150653695	+	ENSG00000120278	intronic (same-strand gene body)	1		True	False	d	/home/sharedFolder/humanSTARindex/Homo_sapiens.GRCh38.99.gtf
209525	18	9401973	9402424	+	ENSG00000128791	own-gene 3' UTR	1	ENSG00000128791	True	True	d	/home/sharedFolder/humanSTARindex/Homo_sapiens.GRCh38.99.gtf
107129	12	62404058	62404809	+	ENSG00000135655	own-gene 3' UTR	1	ENSG00000135655	True	True	d	/home/sharedFolder/humanSTARindex/Homo_sapiens.GRCh38.99.gtf
474940	9	70354430	70354873	+	ENSG00000198887	own-gene 3' UTR	1	ENSG00000198887	True	True	d	/home/sharedFolder/humanSTARindex/Homo_sapiens.GRCh38.99.gtf
320358	3	114479165	114479985	-	ENSG00000181722	intronic (same-strand gene body)	1		True	False	d	/home/sharedFolder/humanSTARindex/Homo_sapiens.GRCh38.99.gtf
142937	14	74484416	74484585	-	ENSG00000119655	exonic, not 3' UTR	1		True	True	d	/home/sharedFolder/humanSTARindex/Homo_sapiens.GRCh38.99.gtf
330642	3	169993824	169993825	+	ENSG00000008952	own-gene 3' UTR	1	ENSG00000008952	True	True	d	/home/sharedFolder/humanSTARindex/Homo_sapiens.GRCh38.99.gtf
435464	7	101097423	101097967	+	ENSG00000169871	own-gene 3' UTR	1	ENSG00000169871	True	True	d	/home/sharedFolder/humanSTARindex/Homo_sapiens.GRCh38.99.gtf
37875	1	193091324	193091780	+	ENSG00000116747	own-gene 3' UTR	1	ENSG00000116747	True	True	d	/home/sharedFolder/humanSTARindex/Homo_sapiens.GRCh38.99.gtf
472353	9	37866584	37867669	+	ENSG00000122741	own-gene 3' UTR	1	ENSG00000122741	True	True	d	/home/sharedFolder/humanSTARindex/Homo_sapiens.GRCh38.99.gtf
8365	1	30752960	30753507	-	ENSG00000162511	intronic (same-strand gene body)	1		True	False	d	/home/sharedFolder/humanSTARindex/Homo_sapiens.GRCh38.99.gtf
480866	9	109116640	109118091	-	ENSG00000106771	intronic (same-strand gene body)	1		True	False	d	/home/sharedFolder/humanSTARindex/Homo_sapiens.GRCh38.99.gtf
115380	12	110350609	110351094	+	ENSG00000174437	own-gene 3' UTR	1	ENSG00000174437	True	True	d	/home/sharedFolder/humanSTARindex/Homo_sapiens.GRCh38.99.gtf
418233	7	2380744	2380745	+	ENSG00000106263	own-gene 3' UTR	1	ENSG00000106263	True	True	d	/home/sharedFolder/humanSTARindex/Homo_sapiens.GRCh38.99.gtf
12641	1	45570017	45570049	+	ENSG00000117448	own-gene 3' UTR	1	ENSG00000117448	True	True	d	/home/sharedFolder/humanSTARindex/Homo_sapiens.GRCh38.99.gtf
27149	1	147992841	147993519	+	ENSG00000188092	own-gene 3' UTR	1	ENSG00000188092	True	True	d	/home/sharedFolder/humanSTARindex/Homo_sapiens.GRCh38.99.gtf
159319	15	68191015	68191464	+	ENSG00000033800	own-gene 3' UTR	1	ENSG00000033800	True	True	d	/home/sharedFolder/humanSTARindex/Homo_sapiens.GRCh38.99.gtf
82980	11	68614078	68614595	+	ENSG00000110075	own-gene 3' UTR	1	ENSG00000110075	True	True	d	/home/sharedFolder/humanSTARindex/Homo_sapiens.GRCh38.99.gtf
483180	9	122958017	122959406	+	ENSG00000011454	intronic (same-strand gene body)	1		True	False	d	/home/sharedFolder/humanSTARindex/Homo_sapiens.GRCh38.99.gtf
345136	4	68313317	68313325	-	ENSG00000083896	own-gene 3' UTR	1	ENSG00000083896	True	True	d	/home/sharedFolder/humanSTARindex/Homo_sapiens.GRCh38.99.gtf
60364	10	70225485	70226058	-	ENSG00000180817	intronic (same-strand gene body)	1		True	False	d	/home/sharedFolder/humanSTARindex/Homo_sapiens.GRCh38.99.gtf
33349	1	167541012	167541013	-	ENSG00000143162	own-gene 3' UTR	1	ENSG00000143162	True	True	d	/home/sharedFolder/humanSTARindex/Homo_sapiens.GRCh38.99.gtf
167580	16	4509899	4509902	+	ENSG00000103415	own-gene 3' UTR	1	ENSG00000103415	True	True	d	/home/sharedFolder/humanSTARindex/Homo_sapiens.GRCh38.99.gtf
449909	8	22620526	22621100	-	ENSG00000147439	own-gene 3' UTR	1	ENSG00000147439	True	True	d	/home/sharedFolder/humanSTARindex/Homo_sapiens.GRCh38.99.gtf
375449	5	95934545	95936399	-	ENSG00000118985	intronic (same-strand gene body)	1		True	False	d	/home/sharedFolder/humanSTARindex/Homo_sapiens.GRCh38.99.gtf
26442	1	145669964	145670585	+	ENSG00000117262	own-gene 3' UTR	1	ENSG00000117262	True	True	d	/home/sharedFolder/humanSTARindex/Homo_sapiens.GRCh38.99.gtf
342002	4	39782063	39782792	+	ENSG00000078140	own-gene 3' UTR	1	ENSG00000078140	True	True	d	/home/sharedFolder/humanSTARindex/Homo_sapiens.GRCh38.99.gtf
123024	13	31156714	31158125	-	ENSG00000120694	intronic (same-strand gene body)	1		True	False	d	/home/sharedFolder/humanSTARindex/Homo_sapiens.GRCh38.99.gtf
3282	1	13711568	13712787	+	ENSG00000116731	intronic (same-strand gene body)	1		True	False	d	/home/sharedFolder/humanSTARindex/Homo_sapiens.GRCh38.99.gtf
255998	2	120043057	120044051	+	ENSG00000115109	intronic (same-strand gene body)	1		True	False	d	/home/sharedFolder/humanSTARindex/Homo_sapiens.GRCh38.99.gtf
440555	7	129429835	129430211	+	ENSG00000158467	own-gene 3' UTR	1	ENSG00000158467	True	True	d	/home/sharedFolder/humanSTARindex/Homo_sapiens.GRCh38.99.gtf
455162	8	60622781	60623096	+	ENSG00000104388	own-gene 3' UTR	1	ENSG00000104388	True	True	d	/home/sharedFolder/humanSTARindex/Homo_sapiens.GRCh38.99.gtf
121910	13	25285489	25286495	-	ENSG00000139505	intronic (same-strand gene body)	1		True	False	d	/home/sharedFolder/humanSTARindex/Homo_sapiens.GRCh38.99.gtf
75083	11	14457507	14457566	-	ENSG00000129083	own-gene 3' UTR	1	ENSG00000129083	True	True	d	/home/sharedFolder/humanSTARindex/Homo_sapiens.GRCh38.99.gtf
32011	1	160739596	160741559	+	ENSG00000026751	exonic, not 3' UTR	1		True	True	d	/home/sharedFolder/humanSTARindex/Homo_sapiens.GRCh38.99.gtf
23898	1	114716912	114716923	-	ENSG00000009307	own-gene 3' UTR	1	ENSG00000009307	True	True	d	/home/sharedFolder/humanSTARindex/Homo_sapiens.GRCh38.99.gtf
276851	20	1309974	1310338	-	ENSG00000125775	own-gene 3' UTR	1	ENSG00000125775	True	True	d	/home/sharedFolder/humanSTARindex/Homo_sapiens.GRCh38.99.gtf
456568	8	70573217	70573488	-	ENSG00000067167	own-gene 3' UTR	1	ENSG00000067167	True	True	d	/home/sharedFolder/humanSTARindex/Homo_sapiens.GRCh38.99.gtf
333436	3	185482437	185482927	+	ENSG00000073803	own-gene 3' UTR	1	ENSG00000073803	True	True	d	/home/sharedFolder/humanSTARindex/Homo_sapiens.GRCh38.99.gtf
269017	2	202302980	202302986	+	ENSG00000055044	exonic, not 3' UTR	1		True	True	d	/home/sharedFolder/humanSTARindex/Homo_sapiens.GRCh38.99.gtf
173676	16	28984540	28984548	+	ENSG00000169682	own-gene 3' UTR	2	ENSG00000169682	True	True	d	/home/sharedFolder/humanSTARindex/Homo_sapiens.GRCh38.99.gtf
404688	6	89091392	89092583	+	ENSG00000146278	outside any same-strand gene	0		False	False	d	/home/sharedFolder/humanSTARindex/Homo_sapiens.GRCh38.99.gtf
133212	14	24192706	24192897	-	ENSG00000100926	exonic, not 3' UTR	2		True	True	d	/home/sharedFolder/humanSTARindex/Homo_sapiens.GRCh38.99.gtf
280812	20	32420485	32421175	+	ENSG00000171456	intronic (same-strand gene body)	1		True	False	d	/home/sharedFolder/humanSTARindex/Homo_sapiens.GRCh38.99.gtf
103342	12	47216504	47217717	+	ENSG00000179715	exonic, not 3' UTR	1		True	True	d	/home/sharedFolder/humanSTARindex/Homo_sapiens.GRCh38.99.gtf
285638	20	50889047	50889450	-	ENSG00000101126	own-gene 3' UTR	1	ENSG00000101126	True	True	d	/home/sharedFolder/humanSTARindex/Homo_sapiens.GRCh38.99.gtf
203487	17	68532460	68532526	+	ENSG00000108946	own-gene 3' UTR	1	ENSG00000108946	True	True	d	/home/sharedFolder/humanSTARindex/Homo_sapiens.GRCh38.99.gtf
368489	5	61347261	61348257	+	ENSG00000130449	exonic, not 3' UTR	2		True	True	d	/home/sharedFolder/humanSTARindex/Homo_sapiens.GRCh38.99.gtf
170189	16	16142618	16143077	+	ENSG00000103222	own-gene 3' UTR	1	ENSG00000103222	True	True	d	/home/sharedFolder/humanSTARindex/Homo_sapiens.GRCh38.99.gtf
43303	1	224161630	224162047	+	ENSG00000143756	own-gene 3' UTR	1	ENSG00000143756	True	True	d	/home/sharedFolder/humanSTARindex/Homo_sapiens.GRCh38.99.gtf
177210	16	57461266	57461275	+	ENSG00000088682	own-gene 3' UTR	2	ENSG00000088682	True	True	d	/home/sharedFolder/humanSTARindex/Homo_sapiens.GRCh38.99.gtf
40281	1	205717205	205717497	-	ENSG00000069275	own-gene 3' UTR	1	ENSG00000069275	True	True	d	/home/sharedFolder/humanSTARindex/Homo_sapiens.GRCh38.99.gtf
230736	19	46609259	46609305	+	ENSG00000160014	own-gene 3' UTR	1	ENSG00000160014	True	True	d	/home/sharedFolder/humanSTARindex/Homo_sapiens.GRCh38.99.gtf
5536	1	22092649	22092813	+	ENSG00000070831	own-gene 3' UTR	1	ENSG00000070831	True	True	d	/home/sharedFolder/humanSTARindex/Homo_sapiens.GRCh38.99.gtf
433560	7	93099515	93101636	-	ENSG00000205413	own-gene 3' UTR	1	ENSG00000205413	True	True	d	/home/sharedFolder/humanSTARindex/Homo_sapiens.GRCh38.99.gtf
370637	5	70953011	70953015	+	ENSG00000172062	own-gene 3' UTR	1	ENSG00000172062	True	True	d	/home/sharedFolder/humanSTARindex/Homo_sapiens.GRCh38.99.gtf
146826	14	99511303	99511515	+	ENSG00000090061	own-gene 3' UTR	1	ENSG00000090061	True	True	d	/home/sharedFolder/humanSTARindex/Homo_sapiens.GRCh38.99.gtf
374214	5	87391261	87391989	+	ENSG00000145715	own-gene 3' UTR	1	ENSG00000145715	True	True	d	/home/sharedFolder/humanSTARindex/Homo_sapiens.GRCh38.99.gtf
215547	18	59902937	59903033	+	ENSG00000141682	own-gene 3' UTR	1	ENSG00000141682	True	True	d	/home/sharedFolder/humanSTARindex/Homo_sapiens.GRCh38.99.gtf
491261	X	20127217	20127405	-	ENSG00000173674	own-gene 3' UTR	1	ENSG00000173674	True	True	d	/home/sharedFolder/humanSTARindex/Homo_sapiens.GRCh38.99.gtf
220250	19	7647842	7647873	+	ENSG00000268400	other-gene 3' UTR	1	ENSG00000076944	False	True	d	/home/sharedFolder/humanSTARindex/Homo_sapiens.GRCh38.99.gtf
17845	1	78018122	78018727	+	ENSG00000162616	intronic (same-strand gene body)	1		False	False	d	/home/sharedFolder/humanSTARindex/Homo_sapiens.GRCh38.99.gtf
231921	19	49449915	49451649	-	ENSG00000104872	exonic, not 3' UTR	1		True	True	d	/home/sharedFolder/humanSTARindex/Homo_sapiens.GRCh38.99.gtf
233336	19	53457951	53458253	+	ENSG00000286261	other-gene 3' UTR	2	ENSG00000160336	True	True	d	/home/sharedFolder/humanSTARindex/Homo_sapiens.GRCh38.99.gtf
86578	11	86344448	86344751	+	ENSG00000149196	own-gene 3' UTR	1	ENSG00000149196	True	True	d	/home/sharedFolder/humanSTARindex/Homo_sapiens.GRCh38.99.gtf
74989	11	13730997	13731500	+	ENSG00000197601	own-gene 3' UTR	1	ENSG00000197601	True	True	d	/home/sharedFolder/humanSTARindex/Homo_sapiens.GRCh38.99.gtf
80365	11	61789129	61789130	-	ENSG00000134825	own-gene 3' UTR	1	ENSG00000134825	True	True	d	/home/sharedFolder/humanSTARindex/Homo_sapiens.GRCh38.99.gtf
35758	1	179086023	179086688	+	ENSG00000186283	intronic (same-strand gene body)	1		True	False	d	/home/sharedFolder/humanSTARindex/Homo_sapiens.GRCh38.99.gtf
22729	1	110899399	110900041	+	ENSG00000143119	own-gene 3' UTR	1	ENSG00000143119	True	True	d	/home/sharedFolder/humanSTARindex/Homo_sapiens.GRCh38.99.gtf
160430	15	74046279	74046771	+	ENSG00000140464	own-gene 3' UTR	1	ENSG00000140464	True	True	d	/home/sharedFolder/humanSTARindex/Homo_sapiens.GRCh38.99.gtf
452309	8	38319747	38320174	-	ENSG00000147548	own-gene 3' UTR	1	ENSG00000147548	True	True	d	/home/sharedFolder/humanSTARindex/Homo_sapiens.GRCh38.99.gtf
331470	3	172408295	172409528	+	ENSG00000075420	outside any same-strand gene	0		False	False	d	/home/sharedFolder/humanSTARindex/Homo_sapiens.GRCh38.99.gtf
387982	5	178216167	178218160	+	ENSG00000197451	outside any same-strand gene	0		False	False	d	/home/sharedFolder/humanSTARindex/Homo_sapiens.GRCh38.99.gtf
150474	15	31372102	31372515	+	ENSG00000169926	own-gene 3' UTR	1	ENSG00000169926	True	True	d	/home/sharedFolder/humanSTARindex/Homo_sapiens.GRCh38.99.gtf
375388	5	95885089	95885720	-	ENSG00000118985	own-gene 3' UTR	1	ENSG00000118985	True	True	d	/home/sharedFolder/humanSTARindex/Homo_sapiens.GRCh38.99.gtf
114524	12	106973983	106974035	+	ENSG00000151135	own-gene 3' UTR	1	ENSG00000151135	True	True	d	/home/sharedFolder/humanSTARindex/Homo_sapiens.GRCh38.99.gtf
179186	16	69463801	69463808	+	ENSG00000103018	own-gene 3' UTR	1	ENSG00000103018	True	True	d	/home/sharedFolder/humanSTARindex/Homo_sapiens.GRCh38.99.gtf
68285	10	110604312	110604636	+	ENSG00000108055	own-gene 3' UTR	1	ENSG00000108055	True	True	d	/home/sharedFolder/humanSTARindex/Homo_sapiens.GRCh38.99.gtf
203480	17	68530660	68530667	+	ENSG00000108946	own-gene 3' UTR	1	ENSG00000108946	True	True	d	/home/sharedFolder/humanSTARindex/Homo_sapiens.GRCh38.99.gtf
138435	14	58234699	58234790	+	ENSG00000131966	own-gene 3' UTR	1	ENSG00000131966	True	True	d	/home/sharedFolder/humanSTARindex/Homo_sapiens.GRCh38.99.gtf
324166	3	129277390	129277773	+	ENSG00000181789	own-gene 3' UTR	1	ENSG00000181789	True	True	d	/home/sharedFolder/humanSTARindex/Homo_sapiens.GRCh38.99.gtf
343508	4	48497344	48498925	-	ENSG00000075539	own-gene 3' UTR	1	ENSG00000075539	True	True	d	/home/sharedFolder/humanSTARindex/Homo_sapiens.GRCh38.99.gtf
110319	12	79773803	79773863	-	ENSG00000058272	own-gene 3' UTR	1	ENSG00000058272	True	True	d	/home/sharedFolder/humanSTARindex/Homo_sapiens.GRCh38.99.gtf
204564	17	75266227	75266228	-	ENSG00000125457	own-gene 3' UTR	1	ENSG00000125457	True	True	d	/home/sharedFolder/humanSTARindex/Homo_sapiens.GRCh38.99.gtf
283240	20	41112764	41113807	+	ENSG00000198900	exonic, not 3' UTR	1		True	True	d	/home/sharedFolder/humanSTARindex/Homo_sapiens.GRCh38.99.gtf
414016	6	150935696	150935753	+	ENSG00000120254	intronic (same-strand gene body)	1		True	False	d	/home/sharedFolder/humanSTARindex/Homo_sapiens.GRCh38.99.gtf
220787	19	9560314	9560722	-	ENSG00000197961	own-gene 3' UTR	1	ENSG00000197961	True	True	d	/home/sharedFolder/humanSTARindex/Homo_sapiens.GRCh38.99.gtf
256647	2	127705913	127706354	-	ENSG00000136709	own-gene 3' UTR	1	ENSG00000136709	True	True	d	/home/sharedFolder/humanSTARindex/Homo_sapiens.GRCh38.99.gtf
66469	10	99875207	99875978	-	ENSG00000107554	own-gene 3' UTR	1	ENSG00000107554	True	True	d	/home/sharedFolder/humanSTARindex/Homo_sapiens.GRCh38.99.gtf
66521	10	99971327	99972171	-	ENSG00000107554	exonic, not 3' UTR	1		True	True	d	/home/sharedFolder/humanSTARindex/Homo_sapiens.GRCh38.99.gtf
108981	12	70252262	70256763	+	ENSG00000111596	intronic (same-strand gene body)	1		True	False	d	/home/sharedFolder/humanSTARindex/Homo_sapiens.GRCh38.99.gtf
454590	8	56217468	56217569	+	ENSG00000170791	own-gene 3' UTR	1	ENSG00000170791	True	True	d	/home/sharedFolder/humanSTARindex/Homo_sapiens.GRCh38.99.gtf
490605	X	16756506	16757703	+	ENSG00000169895	exonic, not 3' UTR	1		True	True	d	/home/sharedFolder/humanSTARindex/Homo_sapiens.GRCh38.99.gtf
52922	10	21696610	21697401	+	ENSG00000078403	intronic (same-strand gene body)	1		True	False	d	/home/sharedFolder/humanSTARindex/Homo_sapiens.GRCh38.99.gtf
53817	10	26746852	26747076	-	ENSG00000136754	own-gene 3' UTR	1	ENSG00000136754	True	True	d	/home/sharedFolder/humanSTARindex/Homo_sapiens.GRCh38.99.gtf
251832	2	98725938	98726379	-	ENSG00000071073	own-gene 3' UTR	1	ENSG00000071073	True	True	d	/home/sharedFolder/humanSTARindex/Homo_sapiens.GRCh38.99.gtf
316627	3	72377977	72378533	-	ENSG00000163602	own-gene 3' UTR	1	ENSG00000163602	True	True	d	/home/sharedFolder/humanSTARindex/Homo_sapiens.GRCh38.99.gtf
343672	4	48861046	48861248	+	ENSG00000109180	own-gene 3' UTR	1	ENSG00000109180	True	True	d	/home/sharedFolder/humanSTARindex/Homo_sapiens.GRCh38.99.gtf
106748	12	57721493	57721557	+	ENSG00000135506	own-gene 3' UTR	1	ENSG00000135506	True	True	d	/home/sharedFolder/humanSTARindex/Homo_sapiens.GRCh38.99.gtf
319770	3	112562409	112563128	+	ENSG00000138459	intronic (same-strand gene body)	1		True	False	d	/home/sharedFolder/humanSTARindex/Homo_sapiens.GRCh38.99.gtf
370158	5	70077591	70077595	+	ENSG00000205571	own-gene 3' UTR	1	ENSG00000205571	True	True	d	/home/sharedFolder/humanSTARindex/Homo_sapiens.GRCh38.99.gtf
10294	1	37492574	37493018	-	ENSG00000163875	own-gene 3' UTR	1	ENSG00000163875	True	True	d	/home/sharedFolder/humanSTARindex/Homo_sapiens.GRCh38.99.gtf
395867	6	31730598	31730760	-	ENSG00000213722	other-gene 3' UTR	2	ENSG00000213719	True	True	d	/home/sharedFolder/humanSTARindex/Homo_sapiens.GRCh38.99.gtf
316483	3	71472435	71472841	-	ENSG00000114861	intronic (same-strand gene body)	2		True	False	d	/home/sharedFolder/humanSTARindex/Homo_sapiens.GRCh38.99.gtf
330644	3	169994177	169994183	+	ENSG00000008952	own-gene 3' UTR	1	ENSG00000008952	True	True	d	/home/sharedFolder/humanSTARindex/Homo_sapiens.GRCh38.99.gtf
11338	1	40416875	40419183	+	ENSG00000084070	exonic, not 3' UTR	1		True	True	d	/home/sharedFolder/humanSTARindex/Homo_sapiens.GRCh38.99.gtf
479541	9	98082965	98083077	+	ENSG00000095380	own-gene 3' UTR	1	ENSG00000095380	True	True	d	/home/sharedFolder/humanSTARindex/Homo_sapiens.GRCh38.99.gtf
336335	3	197671977	197672516	-	ENSG00000145016	own-gene 3' UTR	1	ENSG00000145016	True	True	d	/home/sharedFolder/humanSTARindex/Homo_sapiens.GRCh38.99.gtf
336365	3	197721471	197722051	-	ENSG00000145016	intronic (same-strand gene body)	1		True	False	d	/home/sharedFolder/humanSTARindex/Homo_sapiens.GRCh38.99.gtf
125888	13	48053322	48053510	-	ENSG00000136146	exonic, not 3' UTR	1		True	True	d	/home/sharedFolder/humanSTARindex/Homo_sapiens.GRCh38.99.gtf
391543	6	14130019	14131246	+	ENSG00000112149	intronic (same-strand gene body)	1		True	False	d	/home/sharedFolder/humanSTARindex/Homo_sapiens.GRCh38.99.gtf
112618	12	96278382	96278603	-	ENSG00000059758	own-gene 3' UTR	1	ENSG00000059758	True	True	d	/home/sharedFolder/humanSTARindex/Homo_sapiens.GRCh38.99.gtf
465966	8	140632864	140633472	-	ENSG00000123908	intronic (same-strand gene body)	1		True	False	d	/home/sharedFolder/humanSTARindex/Homo_sapiens.GRCh38.99.gtf
154795	15	50704521	50705033	-	ENSG00000138600	own-gene 3' UTR	1	ENSG00000138600	True	True	d	/home/sharedFolder/humanSTARindex/Homo_sapiens.GRCh38.99.gtf
12335	1	44778661	44778740	+	ENSG00000142937	own-gene 3' UTR	1	ENSG00000142937	True	True	d	/home/sharedFolder/humanSTARindex/Homo_sapiens.GRCh38.99.gtf
365975	5	43445221	43445779	-	ENSG00000151881	own-gene 3' UTR	1	ENSG00000151881	True	True	d	/home/sharedFolder/humanSTARindex/Homo_sapiens.GRCh38.99.gtf
58405	10	59788639	59789288	-	ENSG00000108091	own-gene 3' UTR	1	ENSG00000108091	True	True	d	/home/sharedFolder/humanSTARindex/Homo_sapiens.GRCh38.99.gtf
431198	7	76326798	76326849	-	ENSG00000170027	own-gene 3' UTR	1	ENSG00000170027	True	True	d	/home/sharedFolder/humanSTARindex/Homo_sapiens.GRCh38.99.gtf
180855	16	74873569	74874058	-	ENSG00000103091	own-gene 3' UTR	1	ENSG00000103091	True	True	d	/home/sharedFolder/humanSTARindex/Homo_sapiens.GRCh38.99.gtf
83758	11	72829341	72829638	+	ENSG00000168010	own-gene 3' UTR	1	ENSG00000168010	True	True	d	/home/sharedFolder/humanSTARindex/Homo_sapiens.GRCh38.99.gtf
145082	14	90405409	90405610	+	ENSG00000198668	own-gene 3' UTR	1	ENSG00000198668	True	True	d	/home/sharedFolder/humanSTARindex/Homo_sapiens.GRCh38.99.gtf
90556	11	116949409	116950455	-	ENSG00000160584	exonic, not 3' UTR	1		True	True	d	/home/sharedFolder/humanSTARindex/Homo_sapiens.GRCh38.99.gtf
361688	5	6668889	6669565	+	ENSG00000145545	own-gene 3' UTR	1	ENSG00000145545	True	True	d	/home/sharedFolder/humanSTARindex/Homo_sapiens.GRCh38.99.gtf
108618	12	68853998	68854836	-	ENSG00000135678	own-gene 3' UTR	1	ENSG00000135678	True	True	d	/home/sharedFolder/humanSTARindex/Homo_sapiens.GRCh38.99.gtf
157508	15	63153759	63153971	-	ENSG00000185088	own-gene 3' UTR	1	ENSG00000185088	True	True	d	/home/sharedFolder/humanSTARindex/Homo_sapiens.GRCh38.99.gtf
264224	2	175176257	175176693	-	ENSG00000154518	own-gene 3' UTR	2	ENSG00000154518	True	True	d	/home/sharedFolder/humanSTARindex/Homo_sapiens.GRCh38.99.gtf
250362	2	88623931	88625840	-	ENSG00000172071	exonic, not 3' UTR	1		True	True	d	/home/sharedFolder/humanSTARindex/Homo_sapiens.GRCh38.99.gtf
11807	1	42457245	42458828	+	ENSG00000127125	own-gene 3' UTR	1	ENSG00000127125	True	True	d	/home/sharedFolder/humanSTARindex/Homo_sapiens.GRCh38.99.gtf
228225	19	38897509	38898332	-	ENSG00000068903	intronic (same-strand gene body)	1		True	False	d	/home/sharedFolder/humanSTARindex/Homo_sapiens.GRCh38.99.gtf
430528	7	75112481	75112824	+	ENSG00000174428	own-gene 3' UTR	1	ENSG00000174428	True	True	d	/home/sharedFolder/humanSTARindex/Homo_sapiens.GRCh38.99.gtf
40916	1	207359641	207360079	+	ENSG00000196352	own-gene 3' UTR	1	ENSG00000196352	True	True	d	/home/sharedFolder/humanSTARindex/Homo_sapiens.GRCh38.99.gtf
149519	15	24967070	24968829	+	ENSG00000128739	other-gene 3' UTR	3	ENSG00000214265,ENSG00000273173	True	True	d	/home/sharedFolder/humanSTARindex/Homo_sapiens.GRCh38.99.gtf
361606	5	5425407	5426593	+	ENSG00000164151	intronic (same-strand gene body)	1		True	False	d	/home/sharedFolder/humanSTARindex/Homo_sapiens.GRCh38.99.gtf
197028	17	46677725	46679750	+	ENSG00000073969	intronic (same-strand gene body)	1		True	False	d	/home/sharedFolder/humanSTARindex/Homo_sapiens.GRCh38.99.gtf
280470	20	31540473	31541737	+	ENSG00000101294	own-gene 3' UTR	1	ENSG00000101294	True	True	d	/home/sharedFolder/humanSTARindex/Homo_sapiens.GRCh38.99.gtf
368525	5	61380473	61381284	+	ENSG00000130449	intronic (same-strand gene body)	1		True	False	d	/home/sharedFolder/humanSTARindex/Homo_sapiens.GRCh38.99.gtf
341299	4	37610633	37610968	-	ENSG00000181826	own-gene 3' UTR	1	ENSG00000181826	True	True	d	/home/sharedFolder/humanSTARindex/Homo_sapiens.GRCh38.99.gtf
485839	9	131523340	131523799	+	ENSG00000130714	own-gene 3' UTR	1	ENSG00000130714	True	True	d	/home/sharedFolder/humanSTARindex/Homo_sapiens.GRCh38.99.gtf
433201	7	92070425	92071006	+	ENSG00000127914	exonic, not 3' UTR	1		True	True	d	/home/sharedFolder/humanSTARindex/Homo_sapiens.GRCh38.99.gtf
496411	X	71559684	71560227	+	ENSG00000147162	intronic (same-strand gene body)	1		True	False	d	/home/sharedFolder/humanSTARindex/Homo_sapiens.GRCh38.99.gtf
93253	11	130209912	130210362	+	ENSG00000149418	own-gene 3' UTR	1	ENSG00000149418	True	True	d	/home/sharedFolder/humanSTARindex/Homo_sapiens.GRCh38.99.gtf
369668	5	69130582	69131072	+	ENSG00000145740	own-gene 3' UTR	1	ENSG00000145740	True	True	d	/home/sharedFolder/humanSTARindex/Homo_sapiens.GRCh38.99.gtf
256022	2	120104595	120105117	+	ENSG00000115109	own-gene 3' UTR	1	ENSG00000115109	True	True	d	/home/sharedFolder/humanSTARindex/Homo_sapiens.GRCh38.99.gtf
496294	X	71301051	71301168	+	ENSG00000147140	own-gene 3' UTR	1	ENSG00000147140	True	True	d	/home/sharedFolder/humanSTARindex/Homo_sapiens.GRCh38.99.gtf
122886	13	30614793	30615412	-	ENSG00000189403	intronic (same-strand gene body)	1		True	False	d	/home/sharedFolder/humanSTARindex/Homo_sapiens.GRCh38.99.gtf
205207	17	76496672	76497338	-	ENSG00000129667	intronic (same-strand gene body)	1		True	False	d	/home/sharedFolder/humanSTARindex/Homo_sapiens.GRCh38.99.gtf
124568	13	41055799	41056745	-	ENSG00000120690	intronic (same-strand gene body)	1		True	False	d	/home/sharedFolder/humanSTARindex/Homo_sapiens.GRCh38.99.gtf
462620	8	118301784	118302562	-	ENSG00000177570	intronic (same-strand gene body)	1		True	False	d	/home/sharedFolder/humanSTARindex/Homo_sapiens.GRCh38.99.gtf
315849	3	69021655	69022961	-	ENSG00000144747	own-gene 3' UTR	1	ENSG00000144747	True	True	d	/home/sharedFolder/humanSTARindex/Homo_sapiens.GRCh38.99.gtf
311064	3	47009700	47009701	+	ENSG00000160796	own-gene 3' UTR	1	ENSG00000160796	True	True	d	/home/sharedFolder/humanSTARindex/Homo_sapiens.GRCh38.99.gtf
108138	12	67293103	67293900	+	ENSG00000111530	exonic, not 3' UTR	1		True	True	d	/home/sharedFolder/humanSTARindex/Homo_sapiens.GRCh38.99.gtf
244831	2	60893939	60894786	+	ENSG00000162924	exonic, not 3' UTR	1		True	True	d	/home/sharedFolder/humanSTARindex/Homo_sapiens.GRCh38.99.gtf
204559	17	75262455	75263104	+	ENSG00000125445	own-gene 3' UTR	1	ENSG00000125445	True	True	d	/home/sharedFolder/humanSTARindex/Homo_sapiens.GRCh38.99.gtf
88950	11	107456467	107457339	-	ENSG00000152404	intronic (same-strand gene body)	1		True	False	d	/home/sharedFolder/humanSTARindex/Homo_sapiens.GRCh38.99.gtf
196237	17	45236312	45237035	+	ENSG00000184922	exonic, not 3' UTR	1		True	True	d	/home/sharedFolder/humanSTARindex/Homo_sapiens.GRCh38.99.gtf
263435	2	171952979	171953889	+	ENSG00000128708	own-gene 3' UTR	1	ENSG00000128708	True	True	d	/home/sharedFolder/humanSTARindex/Homo_sapiens.GRCh38.99.gtf
453149	8	42416474	42416902	-	ENSG00000168575	own-gene 3' UTR	1	ENSG00000168575	True	True	d	/home/sharedFolder/humanSTARindex/Homo_sapiens.GRCh38.99.gtf
220795	19	9565901	9566779	-	ENSG00000197961	own-gene 3' UTR	1	ENSG00000197961	True	True	d	/home/sharedFolder/humanSTARindex/Homo_sapiens.GRCh38.99.gtf
240383	2	36398751	36400556	+	ENSG00000150938	intronic (same-strand gene body)	1		True	False	d	/home/sharedFolder/humanSTARindex/Homo_sapiens.GRCh38.99.gtf
482121	9	114598287	114598598	+	ENSG00000136888	own-gene 3' UTR	1	ENSG00000136888	True	True	d	/home/sharedFolder/humanSTARindex/Homo_sapiens.GRCh38.99.gtf
485833	9	131506432	131507095	+	ENSG00000130714	exonic, not 3' UTR	1		True	True	d	/home/sharedFolder/humanSTARindex/Homo_sapiens.GRCh38.99.gtf
219470	19	5668102	5668478	+	ENSG00000160633	own-gene 3' UTR	1	ENSG00000160633	True	True	d	/home/sharedFolder/humanSTARindex/Homo_sapiens.GRCh38.99.gtf
195488	17	43214472	43215321	+	ENSG00000188554	intronic (same-strand gene body)	1		False	False	d	/home/sharedFolder/humanSTARindex/Homo_sapiens.GRCh38.99.gtf
37878	1	193096412	193096471	-	ENSG00000023572	own-gene 3' UTR	1	ENSG00000023572	True	True	d	/home/sharedFolder/humanSTARindex/Homo_sapiens.GRCh38.99.gtf
452107	8	37860267	37860994	-	ENSG00000156675	own-gene 3' UTR	1	ENSG00000156675	True	True	d	/home/sharedFolder/humanSTARindex/Homo_sapiens.GRCh38.99.gtf
23741	1	113981710	113982253	+	ENSG00000163349	other-gene 3' UTR	1	ENSG00000116774	False	True	d	/home/sharedFolder/humanSTARindex/Homo_sapiens.GRCh38.99.gtf
416177	6	159687337	159688921	-	ENSG00000112096	own-gene 3' UTR	2	ENSG00000112096	True	True	d	/home/sharedFolder/humanSTARindex/Homo_sapiens.GRCh38.99.gtf
249204	2	85593392	85593420	+	ENSG00000168899	own-gene 3' UTR	1	ENSG00000168899	True	True	d	/home/sharedFolder/humanSTARindex/Homo_sapiens.GRCh38.99.gtf
230388	19	45474282	45474672	+	ENSG00000125740	own-gene 3' UTR	1	ENSG00000125740	True	True	d	/home/sharedFolder/humanSTARindex/Homo_sapiens.GRCh38.99.gtf
353066	4	119297051	119297054	-	ENSG00000164096	own-gene 3' UTR	1	ENSG00000164096	True	True	d	/home/sharedFolder/humanSTARindex/Homo_sapiens.GRCh38.99.gtf
104941	12	52056269	52056856	+	ENSG00000123358	exonic, not 3' UTR	1		True	True	d	/home/sharedFolder/humanSTARindex/Homo_sapiens.GRCh38.99.gtf
69746	10	119652321	119652609	+	ENSG00000151929	intronic (same-strand gene body)	1		True	False	d	/home/sharedFolder/humanSTARindex/Homo_sapiens.GRCh38.99.gtf
39644	1	203307934	203308062	+	ENSG00000159388	own-gene 3' UTR	1	ENSG00000159388	True	True	d	/home/sharedFolder/humanSTARindex/Homo_sapiens.GRCh38.99.gtf
522	1	1634236	1634683	+	ENSG00000197530	other-gene 3' UTR	1	ENSG00000189409	False	True	d	/home/sharedFolder/humanSTARindex/Homo_sapiens.GRCh38.99.gtf
333630	3	185920202	185921077	-	ENSG00000136527	intronic (same-strand gene body)	1		True	False	d	/home/sharedFolder/humanSTARindex/Homo_sapiens.GRCh38.99.gtf
478003	9	92450300	92450425	-	ENSG00000106819	outside any same-strand gene	0		False	False	d	/home/sharedFolder/humanSTARindex/Homo_sapiens.GRCh38.99.gtf
478006	9	92456204	92456577	-	ENSG00000106819	own-gene 3' UTR	1	ENSG00000106819	True	True	d	/home/sharedFolder/humanSTARindex/Homo_sapiens.GRCh38.99.gtf
318515	3	101857133	101858254	+	ENSG00000144802	exonic, not 3' UTR	1		True	True	d	/home/sharedFolder/humanSTARindex/Homo_sapiens.GRCh38.99.gtf
221043	19	10272940	10274035	+	ENSG00000090339	intronic (same-strand gene body)	1		True	False	d	/home/sharedFolder/humanSTARindex/Homo_sapiens.GRCh38.99.gtf
267905	2	197502011	197502649	+	ENSG00000115541	intronic (same-strand gene body)	2		True	False	d	/home/sharedFolder/humanSTARindex/Homo_sapiens.GRCh38.99.gtf
416161	6	159679538	159679593	-	ENSG00000112096	own-gene 3' UTR	2	ENSG00000112096	True	True	d	/home/sharedFolder/humanSTARindex/Homo_sapiens.GRCh38.99.gtf
4636	1	19338774	19338901	-	ENSG00000077549	own-gene 3' UTR	1	ENSG00000077549	True	True	d	/home/sharedFolder/humanSTARindex/Homo_sapiens.GRCh38.99.gtf
230387	19	45473871	45473984	+	ENSG00000125740	own-gene 3' UTR	1	ENSG00000125740	True	True	d	/home/sharedFolder/humanSTARindex/Homo_sapiens.GRCh38.99.gtf
323910	3	128738950	128740089	+	ENSG00000075785	intronic (same-strand gene body)	1		True	False	d	/home/sharedFolder/humanSTARindex/Homo_sapiens.GRCh38.99.gtf
182216	16	83812987	83812993	+	ENSG00000230989	own-gene 3' UTR	1	ENSG00000230989	True	True	d	/home/sharedFolder/humanSTARindex/Homo_sapiens.GRCh38.99.gtf
415827	6	158766120	158766293	-	ENSG00000092820	own-gene 3' UTR	1	ENSG00000092820	True	True	d	/home/sharedFolder/humanSTARindex/Homo_sapiens.GRCh38.99.gtf
276163	2	241078542	241080084	+	ENSG00000162804	intronic (same-strand gene body)	1		True	False	d	/home/sharedFolder/humanSTARindex/Homo_sapiens.GRCh38.99.gtf
411396	6	137201954	137202548	-	ENSG00000027697	intronic (same-strand gene body)	1		True	False	d	/home/sharedFolder/humanSTARindex/Homo_sapiens.GRCh38.99.gtf
104905	12	52007343	52008379	+	ENSG00000161835	intronic (same-strand gene body)	1		True	False	d	/home/sharedFolder/humanSTARindex/Homo_sapiens.GRCh38.99.gtf
186740	17	7581951	7582111	+	ENSG00000277957	other-gene 3' UTR	2	ENSG00000129226	False	True	d	/home/sharedFolder/humanSTARindex/Homo_sapiens.GRCh38.99.gtf
220264	19	7679813	7679829	+	ENSG00000183019	own-gene 3' UTR	2	ENSG00000183019	True	True	d	/home/sharedFolder/humanSTARindex/Homo_sapiens.GRCh38.99.gtf
188638	17	16436733	16437003	+	ENSG00000187688	own-gene 3' UTR	1	ENSG00000187688	True	True	d	/home/sharedFolder/humanSTARindex/Homo_sapiens.GRCh38.99.gtf
32258	1	161218987	161219245	+	ENSG00000158864	other-gene 3' UTR	1	ENSG00000158869	False	True	d	/home/sharedFolder/humanSTARindex/Homo_sapiens.GRCh38.99.gtf
230119	19	44915885	44916864	+	ENSG00000130208	own-gene 3' UTR	1	ENSG00000130208	True	True	d	/home/sharedFolder/humanSTARindex/Homo_sapiens.GRCh38.99.gtf
222191	19	12646507	12646516	-	ENSG00000269242	own-gene 3' UTR	2	ENSG00000104774,ENSG00000269242	True	True	d	/home/sharedFolder/humanSTARindex/Homo_sapiens.GRCh38.99.gtf
28816	1	150730184	150730278	-	ENSG00000163131	own-gene 3' UTR	1	ENSG00000163131	True	True	d	/home/sharedFolder/humanSTARindex/Homo_sapiens.GRCh38.99.gtf
28823	1	150732918	150733078	-	ENSG00000163131	own-gene 3' UTR	1	ENSG00000163131	True	True	d	/home/sharedFolder/humanSTARindex/Homo_sapiens.GRCh38.99.gtf
227055	19	35906372	35907663	-	ENSG00000011600	own-gene 3' UTR	1	ENSG00000011600	True	True	d	/home/sharedFolder/humanSTARindex/Homo_sapiens.GRCh38.99.gtf
238667	2	27392375	27392959	-	ENSG00000115241	exonic, not 3' UTR	2		True	True	d	/home/sharedFolder/humanSTARindex/Homo_sapiens.GRCh38.99.gtf
122939	13	30764420	30764421	+	ENSG00000132965	own-gene 3' UTR	1	ENSG00000132965	True	True	d	/home/sharedFolder/humanSTARindex/Homo_sapiens.GRCh38.99.gtf
443211	7	140020158	140020349	+	ENSG00000059377	own-gene 3' UTR	1	ENSG00000059377	True	True	d	/home/sharedFolder/humanSTARindex/Homo_sapiens.GRCh38.99.gtf
326521	3	141926070	141926200	+	ENSG00000069849	own-gene 3' UTR	1	ENSG00000069849	True	True	d	/home/sharedFolder/humanSTARindex/Homo_sapiens.GRCh38.99.gtf
497933	X	81297313	81297769	+	ENSG00000131171	own-gene 3' UTR	1	ENSG00000131171	True	True	d	/home/sharedFolder/humanSTARindex/Homo_sapiens.GRCh38.99.gtf
210556	18	13564020	13565085	+	ENSG00000168675	intronic (same-strand gene body)	1		True	False	d	/home/sharedFolder/humanSTARindex/Homo_sapiens.GRCh38.99.gtf
32396	1	161518486	161518586	+	ENSG00000143226	own-gene 3' UTR	2	ENSG00000143226	True	True	d	/home/sharedFolder/humanSTARindex/Homo_sapiens.GRCh38.99.gtf
11879	1	42696697	42696877	+	ENSG00000065978	exonic, not 3' UTR	1		True	True	d	/home/sharedFolder/humanSTARindex/Homo_sapiens.GRCh38.99.gtf
204464	17	75135247	75135248	-	ENSG00000189159	own-gene 3' UTR	1	ENSG00000189159	True	True	d	/home/sharedFolder/humanSTARindex/Homo_sapiens.GRCh38.99.gtf
375379	5	95871181	95873607	-	ENSG00000118985	outside any same-strand gene	0		False	False	d	/home/sharedFolder/humanSTARindex/Homo_sapiens.GRCh38.99.gtf
11883	1	42700254	42701021	+	ENSG00000065978	own-gene 3' UTR	1	ENSG00000065978	True	True	d	/home/sharedFolder/humanSTARindex/Homo_sapiens.GRCh38.99.gtf
475332	9	72355542	72356003	-	ENSG00000107372	own-gene 3' UTR	1	ENSG00000107372	True	True	d	/home/sharedFolder/humanSTARindex/Homo_sapiens.GRCh38.99.gtf
168692	16	11547868	11548177	-	ENSG00000189067	own-gene 3' UTR	1	ENSG00000189067	True	True	d	/home/sharedFolder/humanSTARindex/Homo_sapiens.GRCh38.99.gtf
396288	6	32659425	32659499	-	ENSG00000179344	own-gene 3' UTR	1	ENSG00000179344	True	True	d	/home/sharedFolder/humanSTARindex/Homo_sapiens.GRCh38.99.gtf
95694	12	7471170	7471279	-	ENSG00000177675	other-gene 3' UTR	2	ENSG00000177575	True	True	d	/home/sharedFolder/humanSTARindex/Homo_sapiens.GRCh38.99.gtf
60572	10	71817315	71817373	-	ENSG00000197746	own-gene 3' UTR	1	ENSG00000197746	True	True	d	/home/sharedFolder/humanSTARindex/Homo_sapiens.GRCh38.99.gtf
230114	19	44914215	44914969	+	ENSG00000130203	exonic, not 3' UTR	2		False	True	d	/home/sharedFolder/humanSTARindex/Homo_sapiens.GRCh38.99.gtf
79974	11	60393948	60394081	+	ENSG00000166926	other-gene 3' UTR	3	ENSG00000166927	True	True	d	/home/sharedFolder/humanSTARindex/Homo_sapiens.GRCh38.99.gtf
36522	1	182384207	182384280	-	ENSG00000135821	own-gene 3' UTR	1	ENSG00000135821	True	True	d	/home/sharedFolder/humanSTARindex/Homo_sapiens.GRCh38.99.gtf
395795	6	31616369	31616505	+	ENSG00000204472	exonic, not 3' UTR	1		True	True	d	/home/sharedFolder/humanSTARindex/Homo_sapiens.GRCh38.99.gtf
36818	1	183627071	183627485	-	ENSG00000162704	own-gene 3' UTR	1	ENSG00000162704	True	True	d	/home/sharedFolder/humanSTARindex/Homo_sapiens.GRCh38.99.gtf
222859	19	14408686	14408723	+	ENSG00000123146	own-gene 3' UTR	1	ENSG00000123146	True	True	d	/home/sharedFolder/humanSTARindex/Homo_sapiens.GRCh38.99.gtf
451449	8	30106063	30106309	+	ENSG00000104660	own-gene 3' UTR	1	ENSG00000104660	True	True	d	/home/sharedFolder/humanSTARindex/Homo_sapiens.GRCh38.99.gtf
449137	8	18057188	18057359	-	ENSG00000104763	own-gene 3' UTR	1	ENSG00000104763	True	True	d	/home/sharedFolder/humanSTARindex/Homo_sapiens.GRCh38.99.gtf
299216	22	37679443	37679488	+	ENSG00000100097	intronic (same-strand gene body)	1		True	False	d	/home/sharedFolder/humanSTARindex/Homo_sapiens.GRCh38.99.gtf
95679	12	7439227	7439992	-	ENSG00000177675	exonic, not 3' UTR	2		True	True	d	/home/sharedFolder/humanSTARindex/Homo_sapiens.GRCh38.99.gtf
147478	14	102076932	102078204	-	ENSG00000080824	exonic, not 3' UTR	1		False	True	d	/home/sharedFolder/humanSTARindex/Homo_sapiens.GRCh38.99.gtf
335671	3	196049283	196049371	-	ENSG00000072274	own-gene 3' UTR	1	ENSG00000072274	True	True	d	/home/sharedFolder/humanSTARindex/Homo_sapiens.GRCh38.99.gtf
77654	11	35229932	35230027	+	ENSG00000026508	own-gene 3' UTR	1	ENSG00000026508	True	True	d	/home/sharedFolder/humanSTARindex/Homo_sapiens.GRCh38.99.gtf
326524	3	141926518	141926552	+	ENSG00000069849	own-gene 3' UTR	1	ENSG00000069849	True	True	d	/home/sharedFolder/humanSTARindex/Homo_sapiens.GRCh38.99.gtf
77611	11	35190018	35190114	+	ENSG00000026508	own-gene 3' UTR	1	ENSG00000026508	True	True	d	/home/sharedFolder/humanSTARindex/Homo_sapiens.GRCh38.99.gtf
28833	1	150749734	150750491	-	ENSG00000163131	exonic, not 3' UTR	1		True	True	d	/home/sharedFolder/humanSTARindex/Homo_sapiens.GRCh38.99.gtf
326531	3	141930937	141932827	+	ENSG00000069849	outside any same-strand gene	0		False	False	d	/home/sharedFolder/humanSTARindex/Homo_sapiens.GRCh38.99.gtf
312137	3	49359144	49359145	-	ENSG00000067560	own-gene 3' UTR	1	ENSG00000067560	True	True	d	/home/sharedFolder/humanSTARindex/Homo_sapiens.GRCh38.99.gtf
28820	1	150732381	150732607	-	ENSG00000163131	own-gene 3' UTR	1	ENSG00000163131	True	True	d	/home/sharedFolder/humanSTARindex/Homo_sapiens.GRCh38.99.gtf
259175	2	144388003	144388591	-	ENSG00000169554	own-gene 3' UTR	1	ENSG00000169554	True	True	d	/home/sharedFolder/humanSTARindex/Homo_sapiens.GRCh38.99.gtf
347339	4	81409986	81410609	-	ENSG00000138670	outside any same-strand gene	0		False	False	d	/home/sharedFolder/humanSTARindex/Homo_sapiens.GRCh38.99.gtf
426308	7	44799613	44800023	+	ENSG00000196262	own-gene 3' UTR	1	ENSG00000196262	True	True	d	/home/sharedFolder/humanSTARindex/Homo_sapiens.GRCh38.99.gtf
419544	7	6402539	6402762	+	ENSG00000136238	own-gene 3' UTR	1	ENSG00000136238	True	True	d	/home/sharedFolder/humanSTARindex/Homo_sapiens.GRCh38.99.gtf
229702	19	43646271	43646451	-	ENSG00000011422	own-gene 3' UTR	1	ENSG00000011422	True	True	d	/home/sharedFolder/humanSTARindex/Homo_sapiens.GRCh38.99.gtf
226853	19	35319251	35320096	+	ENSG00000012124	exonic, not 3' UTR	1		True	True	d	/home/sharedFolder/humanSTARindex/Homo_sapiens.GRCh38.99.gtf
397358	6	35573589	35573644	-	ENSG00000096060	own-gene 3' UTR	1	ENSG00000096060	True	True	d	/home/sharedFolder/humanSTARindex/Homo_sapiens.GRCh38.99.gtf
499058	X	101397800	101397807	-	ENSG00000102393	own-gene 3' UTR	1	ENSG00000102393	True	True	d	/home/sharedFolder/humanSTARindex/Homo_sapiens.GRCh38.99.gtf
323982	3	128814053	128814194	+	ENSG00000075785	own-gene 3' UTR	1	ENSG00000075785	True	True	d	/home/sharedFolder/humanSTARindex/Homo_sapiens.GRCh38.99.gtf
229719	19	43659145	43660804	-	ENSG00000011422	exonic, not 3' UTR	2		True	True	d	/home/sharedFolder/humanSTARindex/Homo_sapiens.GRCh38.99.gtf
395665	6	31355102	31355779	-	ENSG00000234745	exonic, not 3' UTR	2		True	True	d	/home/sharedFolder/humanSTARindex/Homo_sapiens.GRCh38.99.gtf
454801	8	58582159	58582275	+	ENSG00000137575	own-gene 3' UTR	1	ENSG00000137575	True	True	d	/home/sharedFolder/humanSTARindex/Homo_sapiens.GRCh38.99.gtf
459286	8	96231772	96231857	-	ENSG00000156467	own-gene 3' UTR	1	ENSG00000156467	True	True	d	/home/sharedFolder/humanSTARindex/Homo_sapiens.GRCh38.99.gtf
396147	6	32442453	32443550	+	ENSG00000204287	exonic, not 3' UTR	1		True	True	d	/home/sharedFolder/humanSTARindex/Homo_sapiens.GRCh38.99.gtf
271754	2	218249376	218249917	+	ENSG00000163466	exonic, not 3' UTR	1		True	True	d	/home/sharedFolder/humanSTARindex/Homo_sapiens.GRCh38.99.gtf
77653	11	35229286	35229572	+	ENSG00000026508	own-gene 3' UTR	1	ENSG00000026508	True	True	d	/home/sharedFolder/humanSTARindex/Homo_sapiens.GRCh38.99.gtf
449143	8	18066882	18066938	-	ENSG00000104763	own-gene 3' UTR	1	ENSG00000104763	True	True	d	/home/sharedFolder/humanSTARindex/Homo_sapiens.GRCh38.99.gtf
209724	18	9859240	9859794	+	ENSG00000168461	own-gene 3' UTR	1	ENSG00000168461	True	True	d	/home/sharedFolder/humanSTARindex/Homo_sapiens.GRCh38.99.gtf
115474	12	110491444	110491710	-	ENSG00000111237	own-gene 3' UTR	1	ENSG00000111237	True	True	d	/home/sharedFolder/humanSTARindex/Homo_sapiens.GRCh38.99.gtf
122797	13	30462538	30462625	-	ENSG00000189403	exonic, not 3' UTR	1		True	True	d	/home/sharedFolder/humanSTARindex/Homo_sapiens.GRCh38.99.gtf
75465	11	16754989	16755347	+	ENSG00000110696	own-gene 3' UTR	1	ENSG00000110696	True	True	d	/home/sharedFolder/humanSTARindex/Homo_sapiens.GRCh38.99.gtf
223360	19	16102791	16103005	+	ENSG00000167460	own-gene 3' UTR	1	ENSG00000167460	True	True	d	/home/sharedFolder/humanSTARindex/Homo_sapiens.GRCh38.99.gtf
229723	19	43662291	43663212	-	ENSG00000011422	intronic (same-strand gene body)	1		True	False	d	/home/sharedFolder/humanSTARindex/Homo_sapiens.GRCh38.99.gtf
115673	12	111451271	111451623	+	ENSG00000111252	own-gene 3' UTR	1	ENSG00000111252	True	True	d	/home/sharedFolder/humanSTARindex/Homo_sapiens.GRCh38.99.gtf
131692	13	113323663	113323674	+	ENSG00000185896	own-gene 3' UTR	1	ENSG00000185896	True	True	d	/home/sharedFolder/humanSTARindex/Homo_sapiens.GRCh38.99.gtf
323983	3	128814333	128814470	+	ENSG00000075785	own-gene 3' UTR	1	ENSG00000075785	True	True	d	/home/sharedFolder/humanSTARindex/Homo_sapiens.GRCh38.99.gtf
186472	17	7012648	7013220	+	ENSG00000108839	exonic, not 3' UTR	2		False	True	d	/home/sharedFolder/humanSTARindex/Homo_sapiens.GRCh38.99.gtf
202095	17	65010714	65010760	-	ENSG00000120063	own-gene 3' UTR	1	ENSG00000120063	True	True	d	/home/sharedFolder/humanSTARindex/Homo_sapiens.GRCh38.99.gtf
406570	6	108211825	108212033	-	ENSG00000112335	own-gene 3' UTR	1	ENSG00000112335	True	True	d	/home/sharedFolder/humanSTARindex/Homo_sapiens.GRCh38.99.gtf
36520	1	182383593	182383797	-	ENSG00000135821	own-gene 3' UTR	1	ENSG00000135821	True	True	d	/home/sharedFolder/humanSTARindex/Homo_sapiens.GRCh38.99.gtf
396496	6	33084345	33085164	+	ENSG00000223865	exonic, not 3' UTR	1		True	True	d	/home/sharedFolder/humanSTARindex/Homo_sapiens.GRCh38.99.gtf
428010	7	66092953	66092954	+	ENSG00000126522	own-gene 3' UTR	2	ENSG00000126522	True	True	d	/home/sharedFolder/humanSTARindex/Homo_sapiens.GRCh38.99.gtf
279965	20	23636945	23638009	-	ENSG00000101439	exonic, not 3' UTR	1		True	True	d	/home/sharedFolder/humanSTARindex/Homo_sapiens.GRCh38.99.gtf
290983	21	33437504	33437516	+	ENSG00000159128	own-gene 3' UTR	1	ENSG00000159128	True	True	d	/home/sharedFolder/humanSTARindex/Homo_sapiens.GRCh38.99.gtf
194890	17	42124975	42125029	-	ENSG00000267261	other-gene 3' UTR	2	ENSG00000108774	True	True	d	/home/sharedFolder/humanSTARindex/Homo_sapiens.GRCh38.99.gtf
341440	4	38137250	38137624	+	ENSG00000065882	own-gene 3' UTR	1	ENSG00000065882	True	True	d	/home/sharedFolder/humanSTARindex/Homo_sapiens.GRCh38.99.gtf
60592	10	71849346	71850984	-	ENSG00000197746	intronic (same-strand gene body)	1		True	False	d	/home/sharedFolder/humanSTARindex/Homo_sapiens.GRCh38.99.gtf
79639	11	58526870	58526944	-	ENSG00000110031	own-gene 3' UTR	1	ENSG00000110031	True	True	d	/home/sharedFolder/humanSTARindex/Homo_sapiens.GRCh38.99.gtf
182732	16	85805006	85805511	+	ENSG00000131143	own-gene 3' UTR	1	ENSG00000131143	True	True	d	/home/sharedFolder/humanSTARindex/Homo_sapiens.GRCh38.99.gtf
229711	19	43651127	43652288	-	ENSG00000011422	own-gene 3' UTR	1	ENSG00000011422	True	True	d	/home/sharedFolder/humanSTARindex/Homo_sapiens.GRCh38.99.gtf
396502	6	33087603	33088287	+	ENSG00000223865	own-gene 3' UTR	1	ENSG00000223865	True	True	d	/home/sharedFolder/humanSTARindex/Homo_sapiens.GRCh38.99.gtf
428404	7	66741292	66743373	+	ENSG00000284461	intronic (same-strand gene body)	2		True	False	d	/home/sharedFolder/humanSTARindex/Homo_sapiens.GRCh38.99.gtf
125604	13	46125922	46126055	-	ENSG00000136167	own-gene 3' UTR	1	ENSG00000136167	True	True	d	/home/sharedFolder/humanSTARindex/Homo_sapiens.GRCh38.99.gtf
157574	15	63267775	63267776	+	ENSG00000166128	own-gene 3' UTR	1	ENSG00000166128	True	True	d	/home/sharedFolder/humanSTARindex/Homo_sapiens.GRCh38.99.gtf
166263	16	1325349	1325350	+	ENSG00000103275	own-gene 3' UTR	1	ENSG00000103275	True	True	d	/home/sharedFolder/humanSTARindex/Homo_sapiens.GRCh38.99.gtf
298636	22	35300457	35301077	+	ENSG00000100281	intronic (same-strand gene body)	1		False	False	d	/home/sharedFolder/humanSTARindex/Homo_sapiens.GRCh38.99.gtf
145867	14	92653445	92654226	+	ENSG00000100599	intronic (same-strand gene body)	1		True	False	d	/home/sharedFolder/humanSTARindex/Homo_sapiens.GRCh38.99.gtf
253628	2	108684150	108684458	+	ENSG00000169756	own-gene 3' UTR	1	ENSG00000169756	True	True	d	/home/sharedFolder/humanSTARindex/Homo_sapiens.GRCh38.99.gtf
492265	X	30729299	30729961	+	ENSG00000198814	own-gene 3' UTR	1	ENSG00000198814	True	True	d	/home/sharedFolder/humanSTARindex/Homo_sapiens.GRCh38.99.gtf
318525	3	101860974	101861079	+	ENSG00000144802	own-gene 3' UTR	1	ENSG00000144802	True	True	d	/home/sharedFolder/humanSTARindex/Homo_sapiens.GRCh38.99.gtf
184530	17	1421953	1422740	-	ENSG00000167193	own-gene 3' UTR	1	ENSG00000167193	True	True	d	/home/sharedFolder/humanSTARindex/Homo_sapiens.GRCh38.99.gtf
395640	6	31270262	31270481	-	ENSG00000204525	own-gene 3' UTR	2	ENSG00000204525	True	True	d	/home/sharedFolder/humanSTARindex/Homo_sapiens.GRCh38.99.gtf
125956	13	48256290	48256291	+	ENSG00000136156	own-gene 3' UTR	1	ENSG00000136156	True	True	d	/home/sharedFolder/humanSTARindex/Homo_sapiens.GRCh38.99.gtf
80419	11	61965262	61965666	-	ENSG00000167996	own-gene 3' UTR	1	ENSG00000167996	True	True	d	/home/sharedFolder/humanSTARindex/Homo_sapiens.GRCh38.99.gtf
224264	19	18177148	18177580	+	ENSG00000268173	own-gene 3' UTR	2	ENSG00000268173	True	True	d	/home/sharedFolder/humanSTARindex/Homo_sapiens.GRCh38.99.gtf
153758	15	44715519	44715698	+	ENSG00000166710	own-gene 3' UTR	1	ENSG00000166710	True	True	d	/home/sharedFolder/humanSTARindex/Homo_sapiens.GRCh38.99.gtf
375391	5	95887193	95887900	-	ENSG00000118985	own-gene 3' UTR	1	ENSG00000118985	True	True	d	/home/sharedFolder/humanSTARindex/Homo_sapiens.GRCh38.99.gtf
5608	1	22639607	22639682	+	ENSG00000173372	own-gene 3' UTR	1	ENSG00000173372	True	True	d	/home/sharedFolder/humanSTARindex/Homo_sapiens.GRCh38.99.gtf
490096	X	12975759	12976681	+	ENSG00000205542	exonic, not 3' UTR	1		True	True	d	/home/sharedFolder/humanSTARindex/Homo_sapiens.GRCh38.99.gtf
396219	6	32577854	32578550	-	ENSG00000196126	outside any same-strand gene	0		False	False	d	/home/sharedFolder/humanSTARindex/Homo_sapiens.GRCh38.99.gtf
312141	3	49359912	49359913	-	ENSG00000067560	own-gene 3' UTR	1	ENSG00000067560	True	True	d	/home/sharedFolder/humanSTARindex/Homo_sapiens.GRCh38.99.gtf
86942	11	88325963	88326172	-	ENSG00000109861	own-gene 3' UTR	1	ENSG00000109861	True	True	d	/home/sharedFolder/humanSTARindex/Homo_sapiens.GRCh38.99.gtf
79975	11	60394291	60395954	+	ENSG00000166926	other-gene 3' UTR	3	ENSG00000166927	True	True	d	/home/sharedFolder/humanSTARindex/Homo_sapiens.GRCh38.99.gtf
455941	8	66861866	66861867	+	ENSG00000104205	own-gene 3' UTR	1	ENSG00000104205	True	True	d	/home/sharedFolder/humanSTARindex/Homo_sapiens.GRCh38.99.gtf
303015	22	50525708	50525752	-	ENSG00000284194	other-gene 3' UTR	2	ENSG00000025708	True	True	d	/home/sharedFolder/humanSTARindex/Homo_sapiens.GRCh38.99.gtf
6862	1	26281521	26281522	+	ENSG00000130695	other-gene 3' UTR	1	ENSG00000142669	False	True	d	/home/sharedFolder/humanSTARindex/Homo_sapiens.GRCh38.99.gtf
79968	11	60389471	60389799	+	ENSG00000166926	exonic, not 3' UTR	3		True	True	d	/home/sharedFolder/humanSTARindex/Homo_sapiens.GRCh38.99.gtf
396473	6	33067659	33067667	-	ENSG00000231389	own-gene 3' UTR	1	ENSG00000231389	True	True	d	/home/sharedFolder/humanSTARindex/Homo_sapiens.GRCh38.99.gtf
39936	1	204372906	204373689	-	ENSG00000143850	intronic (same-strand gene body)	1		True	False	d	/home/sharedFolder/humanSTARindex/Homo_sapiens.GRCh38.99.gtf
204622	17	75320130	75320159	-	ENSG00000177885	own-gene 3' UTR	1	ENSG00000177885	True	True	d	/home/sharedFolder/humanSTARindex/Homo_sapiens.GRCh38.99.gtf
7564	1	27823191	27823770	+	ENSG00000117758	own-gene 3' UTR	1	ENSG00000117758	True	True	d	/home/sharedFolder/humanSTARindex/Homo_sapiens.GRCh38.99.gtf
36519	1	182383291	182383292	-	ENSG00000135821	own-gene 3' UTR	1	ENSG00000135821	True	True	d	/home/sharedFolder/humanSTARindex/Homo_sapiens.GRCh38.99.gtf
79971	11	60392623	60393381	+	ENSG00000166926	exonic, not 3' UTR	3		True	True	d	/home/sharedFolder/humanSTARindex/Homo_sapiens.GRCh38.99.gtf
501024	X	120431141	120431276	-	ENSG00000005893	own-gene 3' UTR	1	ENSG00000005893	True	True	d	/home/sharedFolder/humanSTARindex/Homo_sapiens.GRCh38.99.gtf
454532	8	56011019	56011381	+	ENSG00000254087	own-gene 3' UTR	1	ENSG00000254087	True	True	d	/home/sharedFolder/humanSTARindex/Homo_sapiens.GRCh38.99.gtf
204616	17	75318075	75318180	-	ENSG00000177885	own-gene 3' UTR	1	ENSG00000177885	True	True	d	/home/sharedFolder/humanSTARindex/Homo_sapiens.GRCh38.99.gtf
249056	2	85318026	85318275	-	ENSG00000152291	own-gene 3' UTR	1	ENSG00000152291	True	True	d	/home/sharedFolder/humanSTARindex/Homo_sapiens.GRCh38.99.gtf
56669	10	45446116	45446117	+	ENSG00000012779	own-gene 3' UTR	1	ENSG00000012779	True	True	d	/home/sharedFolder/humanSTARindex/Homo_sapiens.GRCh38.99.gtf
397958	6	37028721	37029083	+	ENSG00000146192	own-gene 3' UTR	1	ENSG00000146192	True	True	d	/home/sharedFolder/humanSTARindex/Homo_sapiens.GRCh38.99.gtf
312140	3	49359392	49359740	-	ENSG00000067560	own-gene 3' UTR	1	ENSG00000067560	True	True	d	/home/sharedFolder/humanSTARindex/Homo_sapiens.GRCh38.99.gtf
406898	6	109368790	109368867	-	ENSG00000135535	own-gene 3' UTR	1	ENSG00000135535	True	True	d	/home/sharedFolder/humanSTARindex/Homo_sapiens.GRCh38.99.gtf
481261	9	111670225	111670242	+	ENSG00000244115	own-gene 3' UTR	2	ENSG00000242616,ENSG00000244115	True	True	d	/home/sharedFolder/humanSTARindex/Homo_sapiens.GRCh38.99.gtf
87339	11	93761594	93763084	+	ENSG00000182919	own-gene 3' UTR	2	ENSG00000182919	True	True	d	/home/sharedFolder/humanSTARindex/Homo_sapiens.GRCh38.99.gtf
122942	13	30765060	30765072	+	ENSG00000132965	outside any same-strand gene	0		False	False	d	/home/sharedFolder/humanSTARindex/Homo_sapiens.GRCh38.99.gtf
396225	6	32580602	32581008	-	ENSG00000196126	exonic, not 3' UTR	1		True	True	d	/home/sharedFolder/humanSTARindex/Homo_sapiens.GRCh38.99.gtf
28679	1	150575067	150575150	-	ENSG00000143384	own-gene 3' UTR	1	ENSG00000143384	True	True	d	/home/sharedFolder/humanSTARindex/Homo_sapiens.GRCh38.99.gtf
406568	6	108211221	108211222	-	ENSG00000112335	own-gene 3' UTR	1	ENSG00000112335	True	True	d	/home/sharedFolder/humanSTARindex/Homo_sapiens.GRCh38.99.gtf
124075	13	39049677	39050109	+	ENSG00000188811	own-gene 3' UTR	1	ENSG00000188811	True	True	d	/home/sharedFolder/humanSTARindex/Homo_sapiens.GRCh38.99.gtf
133226	14	24209536	24209691	-	ENSG00000254692	other-gene 3' UTR	3	ENSG00000254505	True	True	d	/home/sharedFolder/humanSTARindex/Homo_sapiens.GRCh38.99.gtf
38690	1	198756271	198757373	+	ENSG00000081237	own-gene 3' UTR	1	ENSG00000081237	True	True	d	/home/sharedFolder/humanSTARindex/Homo_sapiens.GRCh38.99.gtf
395039	6	29942771	29945005	+	ENSG00000206503	exonic, not 3' UTR	1		True	True	d	/home/sharedFolder/humanSTARindex/Homo_sapiens.GRCh38.99.gtf
115476	12	110492709	110493218	-	ENSG00000111237	exonic, not 3' UTR	1		True	True	d	/home/sharedFolder/humanSTARindex/Homo_sapiens.GRCh38.99.gtf
301783	22	44168686	44169123	+	ENSG00000188677	own-gene 3' UTR	1	ENSG00000188677	True	True	d	/home/sharedFolder/humanSTARindex/Homo_sapiens.GRCh38.99.gtf
416881	6	163569395	163570145	+	ENSG00000112531	own-gene 3' UTR	1	ENSG00000112531	True	True	d	/home/sharedFolder/humanSTARindex/Homo_sapiens.GRCh38.99.gtf
182870	16	87403108	87403465	+	ENSG00000140941	own-gene 3' UTR	1	ENSG00000140941	True	True	d	/home/sharedFolder/humanSTARindex/Homo_sapiens.GRCh38.99.gtf
32386	1	161507309	161508681	+	ENSG00000143226	intronic (same-strand gene body)	1		True	False	d	/home/sharedFolder/humanSTARindex/Homo_sapiens.GRCh38.99.gtf
186716	17	7560819	7560997	+	ENSG00000239697	other-gene 3' UTR	2	ENSG00000161955,ENSG00000248871	False	True	d	/home/sharedFolder/humanSTARindex/Homo_sapiens.GRCh38.99.gtf
323984	3	128814796	128814797	+	ENSG00000075785	own-gene 3' UTR	1	ENSG00000075785	True	True	d	/home/sharedFolder/humanSTARindex/Homo_sapiens.GRCh38.99.gtf
108456	12	68660147	68660605	+	ENSG00000127314	own-gene 3' UTR	1	ENSG00000127314	True	True	d	/home/sharedFolder/humanSTARindex/Homo_sapiens.GRCh38.99.gtf
87321	11	93739472	93740482	+	ENSG00000182919	outside any same-strand gene	0		False	False	d	/home/sharedFolder/humanSTARindex/Homo_sapiens.GRCh38.99.gtf
277952	20	5546641	5546644	-	ENSG00000125772	own-gene 3' UTR	1	ENSG00000125772	True	True	d	/home/sharedFolder/humanSTARindex/Homo_sapiens.GRCh38.99.gtf
81277	11	64775527	64776544	-	ENSG00000168066	own-gene 3' UTR	1	ENSG00000168066	True	True	d	/home/sharedFolder/humanSTARindex/Homo_sapiens.GRCh38.99.gtf
293404	21	43775471	43775972	-	ENSG00000160213	exonic, not 3' UTR	1		True	True	d	/home/sharedFolder/humanSTARindex/Homo_sapiens.GRCh38.99.gtf
432534	7	87197501	87198187	-	ENSG00000135185	own-gene 3' UTR	1	ENSG00000135185	True	True	d	/home/sharedFolder/humanSTARindex/Homo_sapiens.GRCh38.99.gtf
244134	2	54972721	54972828	-	ENSG00000115310	own-gene 3' UTR	1	ENSG00000115310	True	True	d	/home/sharedFolder/humanSTARindex/Homo_sapiens.GRCh38.99.gtf
253635	2	108687245	108687246	+	ENSG00000169756	own-gene 3' UTR	1	ENSG00000169756	True	True	d	/home/sharedFolder/humanSTARindex/Homo_sapiens.GRCh38.99.gtf
469421	9	19120880	19120884	-	ENSG00000147872	exonic, not 3' UTR	1		True	True	d	/home/sharedFolder/humanSTARindex/Homo_sapiens.GRCh38.99.gtf
375332	5	95813977	95813978	-	ENSG00000173221	own-gene 3' UTR	1	ENSG00000173221	True	True	d	/home/sharedFolder/humanSTARindex/Homo_sapiens.GRCh38.99.gtf
67863	10	104259597	104259918	+	ENSG00000148834	exonic, not 3' UTR	1		True	True	d	/home/sharedFolder/humanSTARindex/Homo_sapiens.GRCh38.99.gtf
500923	X	119876661	119876699	+	ENSG00000125356	own-gene 3' UTR	1	ENSG00000125356	True	True	d	/home/sharedFolder/humanSTARindex/Homo_sapiens.GRCh38.99.gtf
377493	5	112878479	112878480	-	ENSG00000129625	own-gene 3' UTR	1	ENSG00000129625	True	True	d	/home/sharedFolder/humanSTARindex/Homo_sapiens.GRCh38.99.gtf
134808	14	35085466	35085535	-	ENSG00000092020	own-gene 3' UTR	1	ENSG00000092020	True	True	d	/home/sharedFolder/humanSTARindex/Homo_sapiens.GRCh38.99.gtf
80993	11	63759037	63759122	+	ENSG00000133318	own-gene 3' UTR	1	ENSG00000133318	True	True	d	/home/sharedFolder/humanSTARindex/Homo_sapiens.GRCh38.99.gtf
23231	1	112671297	112671616	+	ENSG00000116489	own-gene 3' UTR	1	ENSG00000116489	True	True	d	/home/sharedFolder/humanSTARindex/Homo_sapiens.GRCh38.99.gtf
464631	8	129841469	129842000	-	ENSG00000153310	own-gene 3' UTR	1	ENSG00000153310	True	True	d	/home/sharedFolder/humanSTARindex/Homo_sapiens.GRCh38.99.gtf
415882	6	158814507	158815130	-	ENSG00000092820	intronic (same-strand gene body)	1		True	False	d	/home/sharedFolder/humanSTARindex/Homo_sapiens.GRCh38.99.gtf
255431	2	113958554	113958590	+	ENSG00000115091	own-gene 3' UTR	1	ENSG00000115091	True	True	d	/home/sharedFolder/humanSTARindex/Homo_sapiens.GRCh38.99.gtf
437258	7	106259430	106260906	-	ENSG00000105835	intronic (same-strand gene body)	1		True	False	d	/home/sharedFolder/humanSTARindex/Homo_sapiens.GRCh38.99.gtf
125978	13	48307068	48308604	+	ENSG00000139687	exonic, not 3' UTR	1		True	True	d	/home/sharedFolder/humanSTARindex/Homo_sapiens.GRCh38.99.gtf
492768	X	40605871	40605884	+	ENSG00000182220	own-gene 3' UTR	1	ENSG00000182220	True	True	d	/home/sharedFolder/humanSTARindex/Homo_sapiens.GRCh38.99.gtf
427236	7	55472663	55472676	-	ENSG00000154978	own-gene 3' UTR	1	ENSG00000154978	True	True	d	/home/sharedFolder/humanSTARindex/Homo_sapiens.GRCh38.99.gtf
29876	1	154156834	154156835	-	ENSG00000143549	own-gene 3' UTR	1	ENSG00000143549	True	True	d	/home/sharedFolder/humanSTARindex/Homo_sapiens.GRCh38.99.gtf
181123	16	75577448	75577552	+	ENSG00000034713	own-gene 3' UTR	1	ENSG00000034713	True	True	d	/home/sharedFolder/humanSTARindex/Homo_sapiens.GRCh38.99.gtf
258669	2	143042310	143042311	+	ENSG00000115919	own-gene 3' UTR	1	ENSG00000115919	True	True	d	/home/sharedFolder/humanSTARindex/Homo_sapiens.GRCh38.99.gtf
46169	1	236208096	236208909	+	ENSG00000077585	own-gene 3' UTR	1	ENSG00000077585	True	True	d	/home/sharedFolder/humanSTARindex/Homo_sapiens.GRCh38.99.gtf
384918	5	157085830	157086202	-	ENSG00000135077	own-gene 3' UTR	1	ENSG00000135077	True	True	d	/home/sharedFolder/humanSTARindex/Homo_sapiens.GRCh38.99.gtf
4114	1	16460017	16460078	+	ENSG00000157191	own-gene 3' UTR	1	ENSG00000157191	True	True	d	/home/sharedFolder/humanSTARindex/Homo_sapiens.GRCh38.99.gtf
84565	11	74977396	74977422	+	ENSG00000118363	own-gene 3' UTR	1	ENSG00000118363	True	True	d	/home/sharedFolder/humanSTARindex/Homo_sapiens.GRCh38.99.gtf
3630	1	15428842	15428853	+	ENSG00000142634	own-gene 3' UTR	1	ENSG00000142634	True	True	d	/home/sharedFolder/humanSTARindex/Homo_sapiens.GRCh38.99.gtf
439087	7	116918457	116918735	+	ENSG00000198898	own-gene 3' UTR	1	ENSG00000198898	True	True	d	/home/sharedFolder/humanSTARindex/Homo_sapiens.GRCh38.99.gtf
122547	13	28678492	28678496	+	ENSG00000132963	own-gene 3' UTR	1	ENSG00000132963	True	True	d	/home/sharedFolder/humanSTARindex/Homo_sapiens.GRCh38.99.gtf
60051	10	69093096	69093764	+	ENSG00000122862	intronic (same-strand gene body)	1		True	False	d	/home/sharedFolder/humanSTARindex/Homo_sapiens.GRCh38.99.gtf
394258	6	26538993	26539658	+	ENSG00000182952	intronic (same-strand gene body)	1		True	False	d	/home/sharedFolder/humanSTARindex/Homo_sapiens.GRCh38.99.gtf
54700	10	30438994	30439481	+	ENSG00000107968	own-gene 3' UTR	1	ENSG00000107968	True	True	d	/home/sharedFolder/humanSTARindex/Homo_sapiens.GRCh38.99.gtf
417982	7	1148227	1149414	-	ENSG00000178381	outside any same-strand gene	0		False	False	d	/home/sharedFolder/humanSTARindex/Homo_sapiens.GRCh38.99.gtf
194891	17	42125527	42125644	-	ENSG00000267261	own-gene 3' UTR	2	ENSG00000108774,ENSG00000267261	True	True	d	/home/sharedFolder/humanSTARindex/Homo_sapiens.GRCh38.99.gtf
451445	8	30104015	30104565	+	ENSG00000104660	exonic, not 3' UTR	1		True	True	d	/home/sharedFolder/humanSTARindex/Homo_sapiens.GRCh38.99.gtf
211464	18	23524526	23526094	-	ENSG00000141458	intronic (same-strand gene body)	1		True	False	d	/home/sharedFolder/humanSTARindex/Homo_sapiens.GRCh38.99.gtf
497514	X	78126761	78126949	+	ENSG00000102144	own-gene 3' UTR	1	ENSG00000102144	True	True	d	/home/sharedFolder/humanSTARindex/Homo_sapiens.GRCh38.99.gtf
85137	11	77322885	77323041	-	ENSG00000149269	own-gene 3' UTR	1	ENSG00000149269	True	True	d	/home/sharedFolder/humanSTARindex/Homo_sapiens.GRCh38.99.gtf
439089	7	116919017	116919386	+	ENSG00000198898	own-gene 3' UTR	1	ENSG00000198898	True	True	d	/home/sharedFolder/humanSTARindex/Homo_sapiens.GRCh38.99.gtf
37865	1	193087867	193088713	-	ENSG00000023572	outside any same-strand gene	0		False	False	d	/home/sharedFolder/humanSTARindex/Homo_sapiens.GRCh38.99.gtf
475135	9	71765604	71768690	-	ENSG00000135048	exonic, not 3' UTR	1		True	True	d	/home/sharedFolder/humanSTARindex/Homo_sapiens.GRCh38.99.gtf
501023	X	120430821	120430984	-	ENSG00000005893	own-gene 3' UTR	1	ENSG00000005893	True	True	d	/home/sharedFolder/humanSTARindex/Homo_sapiens.GRCh38.99.gtf
315909	3	69105218	69105399	+	ENSG00000144746	own-gene 3' UTR	1	ENSG00000144746	True	True	d	/home/sharedFolder/humanSTARindex/Homo_sapiens.GRCh38.99.gtf
308677	3	33496983	33497497	-	ENSG00000163539	own-gene 3' UTR	1	ENSG00000163539	True	True	d	/home/sharedFolder/humanSTARindex/Homo_sapiens.GRCh38.99.gtf
475322	9	72349756	72350725	-	ENSG00000107372	outside any same-strand gene	0		False	False	d	/home/sharedFolder/humanSTARindex/Homo_sapiens.GRCh38.99.gtf
229728	19	43665932	43667773	-	ENSG00000011422	exonic, not 3' UTR	1		True	True	d	/home/sharedFolder/humanSTARindex/Homo_sapiens.GRCh38.99.gtf
497934	X	81298249	81298547	+	ENSG00000131171	own-gene 3' UTR	1	ENSG00000131171	True	True	d	/home/sharedFolder/humanSTARindex/Homo_sapiens.GRCh38.99.gtf
417058	6	166319727	166319860	-	ENSG00000198818	own-gene 3' UTR	1	ENSG00000198818	True	True	d	/home/sharedFolder/humanSTARindex/Homo_sapiens.GRCh38.99.gtf
210592	18	13613747	13614738	+	ENSG00000168675	exonic, not 3' UTR	1		True	True	d	/home/sharedFolder/humanSTARindex/Homo_sapiens.GRCh38.99.gtf
191767	17	31304987	31305126	-	ENSG00000185862	exonic, not 3' UTR	1		True	True	d	/home/sharedFolder/humanSTARindex/Homo_sapiens.GRCh38.99.gtf
475315	9	72345635	72346662	-	ENSG00000107372	outside any same-strand gene	0		False	False	d	/home/sharedFolder/humanSTARindex/Homo_sapiens.GRCh38.99.gtf
223833	19	17212937	17213289	+	ENSG00000099331	own-gene 3' UTR	1	ENSG00000099331	True	True	d	/home/sharedFolder/humanSTARindex/Homo_sapiens.GRCh38.99.gtf
271747	2	218238758	218239197	+	ENSG00000163466	own-gene 3' UTR	1	ENSG00000163466	True	True	d	/home/sharedFolder/humanSTARindex/Homo_sapiens.GRCh38.99.gtf
191765	17	31304668	31304823	-	ENSG00000185862	exonic, not 3' UTR	1		True	True	d	/home/sharedFolder/humanSTARindex/Homo_sapiens.GRCh38.99.gtf
404679	6	89083765	89084045	+	ENSG00000146278	exonic, not 3' UTR	1		True	True	d	/home/sharedFolder/humanSTARindex/Homo_sapiens.GRCh38.99.gtf
475329	9	72354233	72354503	-	ENSG00000107372	own-gene 3' UTR	1	ENSG00000107372	True	True	d	/home/sharedFolder/humanSTARindex/Homo_sapiens.GRCh38.99.gtf
147483	14	102080713	102080744	-	ENSG00000080824	own-gene 3' UTR	1	ENSG00000080824	True	True	d	/home/sharedFolder/humanSTARindex/Homo_sapiens.GRCh38.99.gtf
437246	7	106250551	106250786	-	ENSG00000105835	own-gene 3' UTR	1	ENSG00000105835	True	True	d	/home/sharedFolder/humanSTARindex/Homo_sapiens.GRCh38.99.gtf
293399	21	43772478	43773173	-	ENSG00000160213	own-gene 3' UTR	1	ENSG00000160213	True	True	d	/home/sharedFolder/humanSTARindex/Homo_sapiens.GRCh38.99.gtf
33352	1	167541640	167542228	-	ENSG00000143162	own-gene 3' UTR	1	ENSG00000143162	True	True	d	/home/sharedFolder/humanSTARindex/Homo_sapiens.GRCh38.99.gtf
275547	2	237765112	237765157	+	ENSG00000124831	own-gene 3' UTR	1	ENSG00000124831	True	True	d	/home/sharedFolder/humanSTARindex/Homo_sapiens.GRCh38.99.gtf
115475	12	110491860	110492000	-	ENSG00000111237	own-gene 3' UTR	1	ENSG00000111237	True	True	d	/home/sharedFolder/humanSTARindex/Homo_sapiens.GRCh38.99.gtf
237521	2	24238932	24239557	-	ENSG00000198399	own-gene 3' UTR	1	ENSG00000198399	True	True	d	/home/sharedFolder/humanSTARindex/Homo_sapiens.GRCh38.99.gtf
466621	8	143993371	143993416	+	ENSG00000178719	own-gene 3' UTR	1	ENSG00000178719	True	True	d	/home/sharedFolder/humanSTARindex/Homo_sapiens.GRCh38.99.gtf
312142	3	49360036	49360299	-	ENSG00000067560	own-gene 3' UTR	1	ENSG00000067560	True	True	d	/home/sharedFolder/humanSTARindex/Homo_sapiens.GRCh38.99.gtf
96103	12	8941211	8941922	-	ENSG00000003056	own-gene 3' UTR	1	ENSG00000003056	True	True	d	/home/sharedFolder/humanSTARindex/Homo_sapiens.GRCh38.99.gtf
49455	10	5783421	5784866	-	ENSG00000057608	intronic (same-strand gene body)	1		True	False	d	/home/sharedFolder/humanSTARindex/Homo_sapiens.GRCh38.99.gtf
27629	1	148932723	148932728	+	ENSG00000178104	own-gene 3' UTR	1	ENSG00000178104	True	True	d	/home/sharedFolder/humanSTARindex/Homo_sapiens.GRCh38.99.gtf
188591	17	16381151	16381860	+	ENSG00000170315	exonic, not 3' UTR	1		True	True	d	/home/sharedFolder/humanSTARindex/Homo_sapiens.GRCh38.99.gtf
461885	8	109334391	109335146	+	ENSG00000120533	exonic, not 3' UTR	1		True	True	d	/home/sharedFolder/humanSTARindex/Homo_sapiens.GRCh38.99.gtf
348888	4	87982821	87983008	+	ENSG00000118785	own-gene 3' UTR	1	ENSG00000118785	True	True	d	/home/sharedFolder/humanSTARindex/Homo_sapiens.GRCh38.99.gtf
455156	8	60620940	60620941	+	ENSG00000104388	own-gene 3' UTR	1	ENSG00000104388	True	True	d	/home/sharedFolder/humanSTARindex/Homo_sapiens.GRCh38.99.gtf
246464	2	65269892	65269987	+	ENSG00000138071	own-gene 3' UTR	1	ENSG00000138071	True	True	d	/home/sharedFolder/humanSTARindex/Homo_sapiens.GRCh38.99.gtf
220599	19	8521111	8521515	-	ENSG00000142347	own-gene 3' UTR	1	ENSG00000142347	True	True	d	/home/sharedFolder/humanSTARindex/Homo_sapiens.GRCh38.99.gtf
217576	19	583098	583300	+	ENSG00000172270	own-gene 3' UTR	1	ENSG00000172270	True	True	d	/home/sharedFolder/humanSTARindex/Homo_sapiens.GRCh38.99.gtf
133227	14	24209848	24209854	-	ENSG00000254692	other-gene 3' UTR	3	ENSG00000254505	True	True	d	/home/sharedFolder/humanSTARindex/Homo_sapiens.GRCh38.99.gtf
81830	11	65816524	65817205	-	ENSG00000172757	outside any same-strand gene	0		False	False	d	/home/sharedFolder/humanSTARindex/Homo_sapiens.GRCh38.99.gtf
182027	16	81711755	81711762	+	ENSG00000153815	own-gene 3' UTR	1	ENSG00000153815	True	True	d	/home/sharedFolder/humanSTARindex/Homo_sapiens.GRCh38.99.gtf
419288	7	5898793	5899836	+	ENSG00000122674	exonic, not 3' UTR	1		True	True	d	/home/sharedFolder/humanSTARindex/Homo_sapiens.GRCh38.99.gtf
298307	22	31957566	31957603	+	ENSG00000285404	other-gene 3' UTR	1	ENSG00000128245	False	True	d	/home/sharedFolder/humanSTARindex/Homo_sapiens.GRCh38.99.gtf
246465	2	65270117	65270269	+	ENSG00000138071	own-gene 3' UTR	1	ENSG00000138071	True	True	d	/home/sharedFolder/humanSTARindex/Homo_sapiens.GRCh38.99.gtf
290981	21	33437157	33437214	+	ENSG00000159128	own-gene 3' UTR	1	ENSG00000159128	True	True	d	/home/sharedFolder/humanSTARindex/Homo_sapiens.GRCh38.99.gtf
428460	7	66813189	66814895	+	ENSG00000284461	outside any same-strand gene	0		False	False	d	/home/sharedFolder/humanSTARindex/Homo_sapiens.GRCh38.99.gtf
191788	17	31318565	31318596	-	ENSG00000265118	exonic, not 3' UTR	2		True	True	d	/home/sharedFolder/humanSTARindex/Homo_sapiens.GRCh38.99.gtf
281985	20	35704277	35704396	-	ENSG00000131051	own-gene 3' UTR	1	ENSG00000131051	True	True	d	/home/sharedFolder/humanSTARindex/Homo_sapiens.GRCh38.99.gtf
492553	X	37813459	37813515	+	ENSG00000250349	other-gene 3' UTR	2	ENSG00000165168	True	True	d	/home/sharedFolder/humanSTARindex/Homo_sapiens.GRCh38.99.gtf
168691	16	11547721	11547722	-	ENSG00000189067	own-gene 3' UTR	1	ENSG00000189067	True	True	d	/home/sharedFolder/humanSTARindex/Homo_sapiens.GRCh38.99.gtf
91100	11	118406970	118408076	+	ENSG00000285827	other-gene 3' UTR	2	ENSG00000167283	True	True	d	/home/sharedFolder/humanSTARindex/Homo_sapiens.GRCh38.99.gtf
191787	17	31318229	31318414	-	ENSG00000265118	other-gene 3' UTR	2	ENSG00000126860	True	True	d	/home/sharedFolder/humanSTARindex/Homo_sapiens.GRCh38.99.gtf
389413	6	2833022	2833029	-	ENSG00000021355	own-gene 3' UTR	1	ENSG00000021355	True	True	d	/home/sharedFolder/humanSTARindex/Homo_sapiens.GRCh38.99.gtf
23015	1	111712945	111713170	+	ENSG00000116473	own-gene 3' UTR	1	ENSG00000116473	True	True	d	/home/sharedFolder/humanSTARindex/Homo_sapiens.GRCh38.99.gtf
229706	19	43648575	43648711	-	ENSG00000011422	own-gene 3' UTR	1	ENSG00000011422	True	True	d	/home/sharedFolder/humanSTARindex/Homo_sapiens.GRCh38.99.gtf
100340	12	26960750	26960751	+	ENSG00000111790	own-gene 3' UTR	1	ENSG00000111790	True	True	d	/home/sharedFolder/humanSTARindex/Homo_sapiens.GRCh38.99.gtf
326518	3	141925445	141925446	+	ENSG00000069849	intronic (same-strand gene body)	1		True	False	d	/home/sharedFolder/humanSTARindex/Homo_sapiens.GRCh38.99.gtf
460420	8	100695763	100697219	-	ENSG00000070756	intronic (same-strand gene body)	1		True	False	d	/home/sharedFolder/humanSTARindex/Homo_sapiens.GRCh38.99.gtf
415383	6	157944018	157944536	+	ENSG00000130340	own-gene 3' UTR	1	ENSG00000130340	True	True	d	/home/sharedFolder/humanSTARindex/Homo_sapiens.GRCh38.99.gtf
31769	1	160215188	160215407	+	ENSG00000162734	own-gene 3' UTR	1	ENSG00000162734	True	True	d	/home/sharedFolder/humanSTARindex/Homo_sapiens.GRCh38.99.gtf
79012	11	47632477	47635341	-	ENSG00000109919	exonic, not 3' UTR	1		True	True	d	/home/sharedFolder/humanSTARindex/Homo_sapiens.GRCh38.99.gtf
344193	4	55398356	55398996	+	ENSG00000134851	exonic, not 3' UTR	1		True	True	d	/home/sharedFolder/humanSTARindex/Homo_sapiens.GRCh38.99.gtf
340733	4	26434431	26435018	+	ENSG00000168214	own-gene 3' UTR	1	ENSG00000168214	True	True	d	/home/sharedFolder/humanSTARindex/Homo_sapiens.GRCh38.99.gtf
36815	1	183626196	183626502	-	ENSG00000162704	own-gene 3' UTR	1	ENSG00000162704	True	True	d	/home/sharedFolder/humanSTARindex/Homo_sapiens.GRCh38.99.gtf
308250	3	32392656	32393802	+	ENSG00000153551	intronic (same-strand gene body)	1		True	False	d	/home/sharedFolder/humanSTARindex/Homo_sapiens.GRCh38.99.gtf
251512	2	97646078	97646790	+	ENSG00000135940	exonic, not 3' UTR	1		True	True	d	/home/sharedFolder/humanSTARindex/Homo_sapiens.GRCh38.99.gtf
475331	9	72354982	72355185	-	ENSG00000107372	own-gene 3' UTR	1	ENSG00000107372	True	True	d	/home/sharedFolder/humanSTARindex/Homo_sapiens.GRCh38.99.gtf
232389	19	50482621	50482622	+	ENSG00000161671	own-gene 3' UTR	1	ENSG00000161671	True	True	d	/home/sharedFolder/humanSTARindex/Homo_sapiens.GRCh38.99.gtf
31592	1	159054960	159055151	+	ENSG00000163565	own-gene 3' UTR	1	ENSG00000163565	True	True	d	/home/sharedFolder/humanSTARindex/Homo_sapiens.GRCh38.99.gtf
144651	14	89156174	89157084	-	ENSG00000053254	own-gene 3' UTR	1	ENSG00000053254	True	True	d	/home/sharedFolder/humanSTARindex/Homo_sapiens.GRCh38.99.gtf
105570	12	54350876	54350877	+	ENSG00000111481	own-gene 3' UTR	1	ENSG00000111481	True	True	d	/home/sharedFolder/humanSTARindex/Homo_sapiens.GRCh38.99.gtf
80687	11	62738600	62738636	+	ENSG00000162222	own-gene 3' UTR	1	ENSG00000162222	True	True	d	/home/sharedFolder/humanSTARindex/Homo_sapiens.GRCh38.99.gtf
419127	7	5528004	5528643	-	ENSG00000075624	own-gene 3' UTR	1	ENSG00000075624	True	True	d	/home/sharedFolder/humanSTARindex/Homo_sapiens.GRCh38.99.gtf
350674	4	102511239	102512330	+	ENSG00000109320	intronic (same-strand gene body)	1		True	False	d	/home/sharedFolder/humanSTARindex/Homo_sapiens.GRCh38.99.gtf
388689	5	180814205	180815553	-	ENSG00000131446	exonic, not 3' UTR	1		True	True	d	/home/sharedFolder/humanSTARindex/Homo_sapiens.GRCh38.99.gtf
104721	12	51241402	51242017	+	ENSG00000183283	intronic (same-strand gene body)	1		True	False	d	/home/sharedFolder/humanSTARindex/Homo_sapiens.GRCh38.99.gtf
413759	6	149802526	149802531	+	ENSG00000120265	own-gene 3' UTR	1	ENSG00000120265	True	True	d	/home/sharedFolder/humanSTARindex/Homo_sapiens.GRCh38.99.gtf
142405	14	73220391	73220402	+	ENSG00000080815	own-gene 3' UTR	1	ENSG00000080815	True	True	d	/home/sharedFolder/humanSTARindex/Homo_sapiens.GRCh38.99.gtf
157951	15	64156557	64156840	-	ENSG00000166794	exonic, not 3' UTR	1		True	True	d	/home/sharedFolder/humanSTARindex/Homo_sapiens.GRCh38.99.gtf
106468	12	57101134	57102199	-	ENSG00000166888	intronic (same-strand gene body)	1		True	False	d	/home/sharedFolder/humanSTARindex/Homo_sapiens.GRCh38.99.gtf
163492	15	85749139	85749212	+	ENSG00000170776	own-gene 3' UTR	1	ENSG00000170776	True	True	d	/home/sharedFolder/humanSTARindex/Homo_sapiens.GRCh38.99.gtf
100136	12	26336619	26337343	-	ENSG00000123104	own-gene 3' UTR	2	ENSG00000123104	True	True	d	/home/sharedFolder/humanSTARindex/Homo_sapiens.GRCh38.99.gtf
238306	2	26136584	26137454	+	ENSG00000084733	own-gene 3' UTR	1	ENSG00000084733	True	True	d	/home/sharedFolder/humanSTARindex/Homo_sapiens.GRCh38.99.gtf
93213	11	130121741	130121809	+	ENSG00000084234	own-gene 3' UTR	1	ENSG00000084234	True	True	d	/home/sharedFolder/humanSTARindex/Homo_sapiens.GRCh38.99.gtf
499063	X	101400807	101401800	-	ENSG00000102393	exonic, not 3' UTR	1		True	True	d	/home/sharedFolder/humanSTARindex/Homo_sapiens.GRCh38.99.gtf
467038	9	121406	121411	-	ENSG00000172785	own-gene 3' UTR	1	ENSG00000172785	True	True	d	/home/sharedFolder/humanSTARindex/Homo_sapiens.GRCh38.99.gtf
406894	6	109367180	109367402	-	ENSG00000135535	own-gene 3' UTR	1	ENSG00000135535	True	True	d	/home/sharedFolder/humanSTARindex/Homo_sapiens.GRCh38.99.gtf
486365	9	133374800	133374801	-	ENSG00000148248	intronic (same-strand gene body)	1		True	False	d	/home/sharedFolder/humanSTARindex/Homo_sapiens.GRCh38.99.gtf
186074	17	5210409	5210886	-	ENSG00000161929	own-gene 3' UTR	1	ENSG00000161929	True	True	d	/home/sharedFolder/humanSTARindex/Homo_sapiens.GRCh38.99.gtf
475337	9	72360063	72361014	-	ENSG00000107372	exonic, not 3' UTR	1		True	True	d	/home/sharedFolder/humanSTARindex/Homo_sapiens.GRCh38.99.gtf
475307	9	72340620	72341128	-	ENSG00000107372	outside any same-strand gene	0		False	False	d	/home/sharedFolder/humanSTARindex/Homo_sapiens.GRCh38.99.gtf
290893	21	33296948	33297005	+	ENSG00000249624	own-gene 3' UTR	2	ENSG00000243646,ENSG00000249624	True	True	d	/home/sharedFolder/humanSTARindex/Homo_sapiens.GRCh38.99.gtf
384417	5	151765857	151766210	-	ENSG00000177556	exonic, not 3' UTR	2		True	True	d	/home/sharedFolder/humanSTARindex/Homo_sapiens.GRCh38.99.gtf
86400	11	85957451	85957800	-	ENSG00000073921	own-gene 3' UTR	1	ENSG00000073921	True	True	d	/home/sharedFolder/humanSTARindex/Homo_sapiens.GRCh38.99.gtf
22926	1	111478018	111478208	+	ENSG00000143110	own-gene 3' UTR	1	ENSG00000143110	True	True	d	/home/sharedFolder/humanSTARindex/Homo_sapiens.GRCh38.99.gtf
46826	1	241593119	241594364	-	ENSG00000054277	own-gene 3' UTR	1	ENSG00000054277	True	True	d	/home/sharedFolder/humanSTARindex/Homo_sapiens.GRCh38.99.gtf
368633	5	61545678	61546412	+	ENSG00000130449	own-gene 3' UTR	1	ENSG00000130449	True	True	d	/home/sharedFolder/humanSTARindex/Homo_sapiens.GRCh38.99.gtf
299217	22	37679711	37679802	+	ENSG00000100097	own-gene 3' UTR	1	ENSG00000100097	True	True	d	/home/sharedFolder/humanSTARindex/Homo_sapiens.GRCh38.99.gtf
190463	17	28573114	28573509	-	ENSG00000258472	other-gene 3' UTR	2	ENSG00000109107	True	True	d	/home/sharedFolder/humanSTARindex/Homo_sapiens.GRCh38.99.gtf
301329	22	42512546	42512574	-	ENSG00000189306	own-gene 3' UTR	1	ENSG00000189306	True	True	d	/home/sharedFolder/humanSTARindex/Homo_sapiens.GRCh38.99.gtf
5530	1	22091567	22091628	+	ENSG00000070831	own-gene 3' UTR	1	ENSG00000070831	True	True	d	/home/sharedFolder/humanSTARindex/Homo_sapiens.GRCh38.99.gtf
499359	X	103685757	103686326	-	ENSG00000123562	intronic (same-strand gene body)	1		True	False	d	/home/sharedFolder/humanSTARindex/Homo_sapiens.GRCh38.99.gtf
113744	12	103933987	103934734	+	ENSG00000166598	own-gene 3' UTR	1	ENSG00000166598	True	True	d	/home/sharedFolder/humanSTARindex/Homo_sapiens.GRCh38.99.gtf
22470	1	109661334	109661705	+	ENSG00000168765	own-gene 3' UTR	1	ENSG00000168765	True	True	d	/home/sharedFolder/humanSTARindex/Homo_sapiens.GRCh38.99.gtf
492548	X	37809640	37809917	+	ENSG00000250349	exonic, not 3' UTR	2		True	True	d	/home/sharedFolder/humanSTARindex/Homo_sapiens.GRCh38.99.gtf
338748	4	10074338	10074511	-	ENSG00000071127	own-gene 3' UTR	1	ENSG00000071127	True	True	d	/home/sharedFolder/humanSTARindex/Homo_sapiens.GRCh38.99.gtf
388357	5	179837265	179837290	-	ENSG00000161010	own-gene 3' UTR	1	ENSG00000161010	True	True	d	/home/sharedFolder/humanSTARindex/Homo_sapiens.GRCh38.99.gtf
452522	8	38852980	38853028	+	ENSG00000147526	own-gene 3' UTR	1	ENSG00000147526	True	True	d	/home/sharedFolder/humanSTARindex/Homo_sapiens.GRCh38.99.gtf
206788	17	81289147	81289779	-	ENSG00000157637	exonic, not 3' UTR	1		True	True	d	/home/sharedFolder/humanSTARindex/Homo_sapiens.GRCh38.99.gtf
229718	19	43656932	43658313	-	ENSG00000011422	intronic (same-strand gene body)	1		True	False	d	/home/sharedFolder/humanSTARindex/Homo_sapiens.GRCh38.99.gtf
4637	1	19339102	19339427	-	ENSG00000077549	own-gene 3' UTR	1	ENSG00000077549	True	True	d	/home/sharedFolder/humanSTARindex/Homo_sapiens.GRCh38.99.gtf
459494	8	97644276	97645114	+	ENSG00000147649	exonic, not 3' UTR	1		True	True	d	/home/sharedFolder/humanSTARindex/Homo_sapiens.GRCh38.99.gtf
6323	1	24746212	24748121	+	ENSG00000169504	intronic (same-strand gene body)	1		True	False	d	/home/sharedFolder/humanSTARindex/Homo_sapiens.GRCh38.99.gtf
148551	14	105069292	105069853	-	ENSG00000183484	outside any same-strand gene	0		False	False	d	/home/sharedFolder/humanSTARindex/Homo_sapiens.GRCh38.99.gtf
437247	7	106250892	106251123	-	ENSG00000105835	own-gene 3' UTR	1	ENSG00000105835	True	True	d	/home/sharedFolder/humanSTARindex/Homo_sapiens.GRCh38.99.gtf
482120	9	114597852	114598153	+	ENSG00000136888	own-gene 3' UTR	1	ENSG00000136888	True	True	d	/home/sharedFolder/humanSTARindex/Homo_sapiens.GRCh38.99.gtf
293728	21	44806623	44806758	-	ENSG00000184900	own-gene 3' UTR	1	ENSG00000184900	True	True	d	/home/sharedFolder/humanSTARindex/Homo_sapiens.GRCh38.99.gtf
173982	16	29460654	29461318	+	ENSG00000181625	intronic (same-strand gene body)	2		False	False	d	/home/sharedFolder/humanSTARindex/Homo_sapiens.GRCh38.99.gtf
326530	3	141929736	141930671	+	ENSG00000069849	outside any same-strand gene	0		False	False	d	/home/sharedFolder/humanSTARindex/Homo_sapiens.GRCh38.99.gtf
226864	19	35346997	35347361	+	ENSG00000012124	own-gene 3' UTR	1	ENSG00000012124	True	True	d	/home/sharedFolder/humanSTARindex/Homo_sapiens.GRCh38.99.gtf
422492	7	26172743	26173538	-	ENSG00000122566	own-gene 3' UTR	1	ENSG00000122566	True	True	d	/home/sharedFolder/humanSTARindex/Homo_sapiens.GRCh38.99.gtf
195485	17	43211419	43211471	+	ENSG00000188554	own-gene 3' UTR	1	ENSG00000188554	True	True	d	/home/sharedFolder/humanSTARindex/Homo_sapiens.GRCh38.99.gtf
11121	1	40073463	40074100	-	ENSG00000131238	own-gene 3' UTR	1	ENSG00000131238	True	True	d	/home/sharedFolder/humanSTARindex/Homo_sapiens.GRCh38.99.gtf
311222	3	47287342	47287457	+	ENSG00000114648	exonic, not 3' UTR	1		True	True	d	/home/sharedFolder/humanSTARindex/Homo_sapiens.GRCh38.99.gtf
157938	15	64138003	64138006	+	ENSG00000028528	own-gene 3' UTR	1	ENSG00000028528	True	True	d	/home/sharedFolder/humanSTARindex/Homo_sapiens.GRCh38.99.gtf
224956	19	19629473	19629869	-	ENSG00000089639	own-gene 3' UTR	1	ENSG00000089639	True	True	d	/home/sharedFolder/humanSTARindex/Homo_sapiens.GRCh38.99.gtf
400985	6	53294087	53295454	-	ENSG00000012660	own-gene 3' UTR	1	ENSG00000012660	True	True	d	/home/sharedFolder/humanSTARindex/Homo_sapiens.GRCh38.99.gtf
106166	12	56341596	56341698	-	ENSG00000170581	own-gene 3' UTR	1	ENSG00000170581	True	True	d	/home/sharedFolder/humanSTARindex/Homo_sapiens.GRCh38.99.gtf
382382	5	141515015	141515148	-	ENSG00000131504	own-gene 3' UTR	1	ENSG00000131504	True	True	d	/home/sharedFolder/humanSTARindex/Homo_sapiens.GRCh38.99.gtf
469415	9	19116185	19116256	-	ENSG00000147872	own-gene 3' UTR	1	ENSG00000147872	True	True	d	/home/sharedFolder/humanSTARindex/Homo_sapiens.GRCh38.99.gtf
303057	22	50580883	50581680	-	ENSG00000254413	exonic, not 3' UTR	2		True	True	d	/home/sharedFolder/humanSTARindex/Homo_sapiens.GRCh38.99.gtf
14104	1	52020130	52020170	-	ENSG00000117862	own-gene 3' UTR	2	ENSG00000117862,ENSG00000285839	True	True	d	/home/sharedFolder/humanSTARindex/Homo_sapiens.GRCh38.99.gtf
186886	17	7880737	7882780	+	ENSG00000170004	outside any same-strand gene	0		False	False	d	/home/sharedFolder/humanSTARindex/Homo_sapiens.GRCh38.99.gtf
306087	3	16492758	16493860	-	ENSG00000131378	exonic, not 3' UTR	1		True	True	d	/home/sharedFolder/humanSTARindex/Homo_sapiens.GRCh38.99.gtf
155741	15	55317183	55317312	-	ENSG00000069974	other-gene 3' UTR	2	ENSG00000225973	True	True	d	/home/sharedFolder/humanSTARindex/Homo_sapiens.GRCh38.99.gtf
448105	8	11846060	11846514	-	ENSG00000164733	exonic, not 3' UTR	2		True	True	d	/home/sharedFolder/humanSTARindex/Homo_sapiens.GRCh38.99.gtf
60064	10	69099763	69100462	+	ENSG00000122862	intronic (same-strand gene body)	1		True	False	d	/home/sharedFolder/humanSTARindex/Homo_sapiens.GRCh38.99.gtf
14681	1	54050099	54051370	-	ENSG00000116209	intronic (same-strand gene body)	1		True	False	d	/home/sharedFolder/humanSTARindex/Homo_sapiens.GRCh38.99.gtf
375215	5	95463893	95464735	-	ENSG00000198677	own-gene 3' UTR	1	ENSG00000198677	True	True	d	/home/sharedFolder/humanSTARindex/Homo_sapiens.GRCh38.99.gtf
105756	12	55757266	55757300	-	ENSG00000205323	own-gene 3' UTR	2	ENSG00000205323,ENSG00000257390	True	True	d	/home/sharedFolder/humanSTARindex/Homo_sapiens.GRCh38.99.gtf
416171	6	159682215	159682533	-	ENSG00000112096	own-gene 3' UTR	2	ENSG00000112096,ENSG00000285441	True	True	d	/home/sharedFolder/humanSTARindex/Homo_sapiens.GRCh38.99.gtf
293400	21	43773619	43773697	-	ENSG00000160213	own-gene 3' UTR	1	ENSG00000160213	True	True	d	/home/sharedFolder/humanSTARindex/Homo_sapiens.GRCh38.99.gtf
223354	19	16101356	16101590	+	ENSG00000167460	own-gene 3' UTR	1	ENSG00000167460	True	True	d	/home/sharedFolder/humanSTARindex/Homo_sapiens.GRCh38.99.gtf
31870	1	160339040	160339358	-	ENSG00000122218	intronic (same-strand gene body)	1		True	False	d	/home/sharedFolder/humanSTARindex/Homo_sapiens.GRCh38.99.gtf
66089	10	97436141	97436228	-	ENSG00000171311	own-gene 3' UTR	1	ENSG00000171311	True	True	d	/home/sharedFolder/humanSTARindex/Homo_sapiens.GRCh38.99.gtf
186848	17	7855700	7856112	+	ENSG00000132510	other-gene 3' UTR	1	ENSG00000167874	False	True	d	/home/sharedFolder/humanSTARindex/Homo_sapiens.GRCh38.99.gtf
50467	10	11333185	11333919	+	ENSG00000048740	own-gene 3' UTR	1	ENSG00000048740	True	True	d	/home/sharedFolder/humanSTARindex/Homo_sapiens.GRCh38.99.gtf
286791	20	58996578	58997051	-	ENSG00000101160	exonic, not 3' UTR	1		True	True	d	/home/sharedFolder/humanSTARindex/Homo_sapiens.GRCh38.99.gtf
371987	5	76707223	76708132	+	ENSG00000145703	own-gene 3' UTR	1	ENSG00000145703	True	True	d	/home/sharedFolder/humanSTARindex/Homo_sapiens.GRCh38.99.gtf
145891	14	92688661	92688994	+	ENSG00000100599	own-gene 3' UTR	1	ENSG00000100599	True	True	d	/home/sharedFolder/humanSTARindex/Homo_sapiens.GRCh38.99.gtf
233377	19	53549238	53549859	+	ENSG00000130844	intronic (same-strand gene body)	1		True	False	d	/home/sharedFolder/humanSTARindex/Homo_sapiens.GRCh38.99.gtf
106079	12	56208622	56210400	-	ENSG00000181852	own-gene 3' UTR	1	ENSG00000181852	True	True	d	/home/sharedFolder/humanSTARindex/Homo_sapiens.GRCh38.99.gtf
228211	19	38878559	38878605	-	ENSG00000068903	own-gene 3' UTR	1	ENSG00000068903	True	True	d	/home/sharedFolder/humanSTARindex/Homo_sapiens.GRCh38.99.gtf
106681	12	57516582	57516655	+	ENSG00000166986	own-gene 3' UTR	1	ENSG00000166986	True	True	d	/home/sharedFolder/humanSTARindex/Homo_sapiens.GRCh38.99.gtf
96414	12	9688924	9689933	+	ENSG00000069493	intronic (same-strand gene body)	1		True	False	d	/home/sharedFolder/humanSTARindex/Homo_sapiens.GRCh38.99.gtf
14106	1	52020648	52020654	-	ENSG00000117862	own-gene 3' UTR	2	ENSG00000117862,ENSG00000285839	True	True	d	/home/sharedFolder/humanSTARindex/Homo_sapiens.GRCh38.99.gtf
417084	6	166364880	166364919	-	ENSG00000060762	own-gene 3' UTR	1	ENSG00000060762	True	True	d	/home/sharedFolder/humanSTARindex/Homo_sapiens.GRCh38.99.gtf
262066	2	162361115	162361122	+	ENSG00000115271	own-gene 3' UTR	1	ENSG00000115271	True	True	d	/home/sharedFolder/humanSTARindex/Homo_sapiens.GRCh38.99.gtf
417059	6	166319990	166320028	-	ENSG00000198818	own-gene 3' UTR	1	ENSG00000198818	True	True	d	/home/sharedFolder/humanSTARindex/Homo_sapiens.GRCh38.99.gtf
276286	2	241326687	241328676	+	ENSG00000168385	intronic (same-strand gene body)	1		True	False	d	/home/sharedFolder/humanSTARindex/Homo_sapiens.GRCh38.99.gtf
303056	22	50578962	50578966	-	ENSG00000254413	other-gene 3' UTR	2	ENSG00000100288	True	True	d	/home/sharedFolder/humanSTARindex/Homo_sapiens.GRCh38.99.gtf
163399	15	85664474	85665354	+	ENSG00000170776	exonic, not 3' UTR	1		True	True	d	/home/sharedFolder/humanSTARindex/Homo_sapiens.GRCh38.99.gtf
64307	10	89214300	89214961	-	ENSG00000107798	own-gene 3' UTR	1	ENSG00000107798	True	True	d	/home/sharedFolder/humanSTARindex/Homo_sapiens.GRCh38.99.gtf
220967	19	10114965	10115389	+	ENSG00000243207	other-gene 3' UTR	1	ENSG00000244165	False	True	d	/home/sharedFolder/humanSTARindex/Homo_sapiens.GRCh38.99.gtf
304232	3	9806477	9806534	+	ENSG00000241553	own-gene 3' UTR	2	ENSG00000241553	True	True	d	/home/sharedFolder/humanSTARindex/Homo_sapiens.GRCh38.99.gtf
1207	1	6197661	6198132	-	ENSG00000285629	exonic, not 3' UTR	2		True	True	d	/home/sharedFolder/humanSTARindex/Homo_sapiens.GRCh38.99.gtf
179714	16	70287709	70289130	-	ENSG00000090861	intronic (same-strand gene body)	1		True	False	d	/home/sharedFolder/humanSTARindex/Homo_sapiens.GRCh38.99.gtf
37706	1	192575771	192577270	+	ENSG00000090104	exonic, not 3' UTR	1		True	True	d	/home/sharedFolder/humanSTARindex/Homo_sapiens.GRCh38.99.gtf
485	1	1541672	1541673	-	ENSG00000160075	own-gene 3' UTR	1	ENSG00000160075	True	True	d	/home/sharedFolder/humanSTARindex/Homo_sapiens.GRCh38.99.gtf
60056	10	69096169	69097238	+	ENSG00000122862	exonic, not 3' UTR	1		True	True	d	/home/sharedFolder/humanSTARindex/Homo_sapiens.GRCh38.99.gtf
435495	7	101215326	101216213	-	ENSG00000106397	own-gene 3' UTR	1	ENSG00000106397	True	True	d	/home/sharedFolder/humanSTARindex/Homo_sapiens.GRCh38.99.gtf
388421	5	179955450	179955569	-	ENSG00000113269	own-gene 3' UTR	1	ENSG00000113269	True	True	d	/home/sharedFolder/humanSTARindex/Homo_sapiens.GRCh38.99.gtf
142323	14	73119802	73120808	+	ENSG00000119707	own-gene 3' UTR	1	ENSG00000119707	True	True	d	/home/sharedFolder/humanSTARindex/Homo_sapiens.GRCh38.99.gtf
398343	6	38152329	38152860	+	ENSG00000156639	own-gene 3' UTR	1	ENSG00000156639	True	True	d	/home/sharedFolder/humanSTARindex/Homo_sapiens.GRCh38.99.gtf
363995	5	32601836	32601957	+	ENSG00000113387	own-gene 3' UTR	1	ENSG00000113387	True	True	d	/home/sharedFolder/humanSTARindex/Homo_sapiens.GRCh38.99.gtf
10034	1	36137030	36137044	-	ENSG00000054116	own-gene 3' UTR	1	ENSG00000054116	True	True	d	/home/sharedFolder/humanSTARindex/Homo_sapiens.GRCh38.99.gtf
422599	7	26371685	26372009	+	ENSG00000086300	exonic, not 3' UTR	1		True	True	d	/home/sharedFolder/humanSTARindex/Homo_sapiens.GRCh38.99.gtf
260394	2	152718871	152719869	+	ENSG00000177917	exonic, not 3' UTR	1		True	True	d	/home/sharedFolder/humanSTARindex/Homo_sapiens.GRCh38.99.gtf
431088	7	75986854	75986855	+	ENSG00000127948	own-gene 3' UTR	1	ENSG00000127948	True	True	d	/home/sharedFolder/humanSTARindex/Homo_sapiens.GRCh38.99.gtf
60055	10	69095478	69095944	+	ENSG00000122862	intronic (same-strand gene body)	1		True	False	d	/home/sharedFolder/humanSTARindex/Homo_sapiens.GRCh38.99.gtf
292146	21	37223419	37224025	-	ENSG00000157538	own-gene 3' UTR	1	ENSG00000157538	True	True	d	/home/sharedFolder/humanSTARindex/Homo_sapiens.GRCh38.99.gtf
232157	19	49889653	49889654	-	ENSG00000104951	own-gene 3' UTR	1	ENSG00000104951	True	True	d	/home/sharedFolder/humanSTARindex/Homo_sapiens.GRCh38.99.gtf
375172	5	95061080	95061939	-	ENSG00000175471	intronic (same-strand gene body)	1		True	False	d	/home/sharedFolder/humanSTARindex/Homo_sapiens.GRCh38.99.gtf
168789	16	11679079	11679160	-	ENSG00000153066	own-gene 3' UTR	1	ENSG00000153066	True	True	d	/home/sharedFolder/humanSTARindex/Homo_sapiens.GRCh38.99.gtf
377494	5	112878591	112878722	-	ENSG00000129625	own-gene 3' UTR	1	ENSG00000129625	True	True	d	/home/sharedFolder/humanSTARindex/Homo_sapiens.GRCh38.99.gtf
411545	6	137882581	137882598	+	ENSG00000118503	own-gene 3' UTR	1	ENSG00000118503	True	True	d	/home/sharedFolder/humanSTARindex/Homo_sapiens.GRCh38.99.gtf
11113	1	40072063	40072080	+	ENSG00000131236	own-gene 3' UTR	1	ENSG00000131236	True	True	d	/home/sharedFolder/humanSTARindex/Homo_sapiens.GRCh38.99.gtf
123004	13	31139564	31142021	-	ENSG00000120694	own-gene 3' UTR	1	ENSG00000120694	True	True	d	/home/sharedFolder/humanSTARindex/Homo_sapiens.GRCh38.99.gtf
196249	17	45247317	45247318	+	ENSG00000184922	own-gene 3' UTR	1	ENSG00000184922	True	True	d	/home/sharedFolder/humanSTARindex/Homo_sapiens.GRCh38.99.gtf
435228	7	100399876	100400096	+	ENSG00000085514	own-gene 3' UTR	1	ENSG00000085514	True	True	d	/home/sharedFolder/humanSTARindex/Homo_sapiens.GRCh38.99.gtf
292529	21	39342682	39342793	-	ENSG00000205581	own-gene 3' UTR	1	ENSG00000205581	True	True	d	/home/sharedFolder/humanSTARindex/Homo_sapiens.GRCh38.99.gtf
85093	11	77020299	77020850	+	ENSG00000078124	own-gene 3' UTR	1	ENSG00000078124	True	True	d	/home/sharedFolder/humanSTARindex/Homo_sapiens.GRCh38.99.gtf
252057	2	99399212	99400069	+	ENSG00000158417	own-gene 3' UTR	1	ENSG00000158417	True	True	d	/home/sharedFolder/humanSTARindex/Homo_sapiens.GRCh38.99.gtf
158219	15	64688444	64688501	-	ENSG00000180304	own-gene 3' UTR	1	ENSG00000180304	True	True	d	/home/sharedFolder/humanSTARindex/Homo_sapiens.GRCh38.99.gtf
180658	16	74451946	74452330	-	ENSG00000090863	own-gene 3' UTR	1	ENSG00000090863	True	True	d	/home/sharedFolder/humanSTARindex/Homo_sapiens.GRCh38.99.gtf
500918	X	119871763	119872642	+	ENSG00000125356	exonic, not 3' UTR	1		True	True	d	/home/sharedFolder/humanSTARindex/Homo_sapiens.GRCh38.99.gtf
152550	15	41941634	41942898	-	ENSG00000103966	exonic, not 3' UTR	1		True	True	d	/home/sharedFolder/humanSTARindex/Homo_sapiens.GRCh38.99.gtf
358370	4	163525474	163526373	-	ENSG00000145416	own-gene 3' UTR	1	ENSG00000145416	True	True	d	/home/sharedFolder/humanSTARindex/Homo_sapiens.GRCh38.99.gtf
497512	X	78126181	78126273	+	ENSG00000102144	own-gene 3' UTR	1	ENSG00000102144	True	True	d	/home/sharedFolder/humanSTARindex/Homo_sapiens.GRCh38.99.gtf
139646	14	63684212	63684667	-	ENSG00000126821	own-gene 3' UTR	1	ENSG00000126821	True	True	d	/home/sharedFolder/humanSTARindex/Homo_sapiens.GRCh38.99.gtf
111090	12	89633377	89633956	-	ENSG00000070961	intronic (same-strand gene body)	1		True	False	d	/home/sharedFolder/humanSTARindex/Homo_sapiens.GRCh38.99.gtf
87261	11	93478832	93478927	-	ENSG00000166002	own-gene 3' UTR	1	ENSG00000166002	True	True	d	/home/sharedFolder/humanSTARindex/Homo_sapiens.GRCh38.99.gtf
478578	9	94460762	94460920	+	ENSG00000148110	own-gene 3' UTR	1	ENSG00000148110	True	True	d	/home/sharedFolder/humanSTARindex/Homo_sapiens.GRCh38.99.gtf
46186	1	236219509	236220466	+	ENSG00000077585	intronic (same-strand gene body)	1		True	False	d	/home/sharedFolder/humanSTARindex/Homo_sapiens.GRCh38.99.gtf
249542	2	86505401	86505604	-	ENSG00000115561	own-gene 3' UTR	1	ENSG00000115561	True	True	d	/home/sharedFolder/humanSTARindex/Homo_sapiens.GRCh38.99.gtf
469425	9	19123197	19123683	-	ENSG00000147872	own-gene 3' UTR	1	ENSG00000147872	True	True	d	/home/sharedFolder/humanSTARindex/Homo_sapiens.GRCh38.99.gtf
448099	8	11844273	11844601	-	ENSG00000164733	own-gene 3' UTR	1	ENSG00000164733	True	True	d	/home/sharedFolder/humanSTARindex/Homo_sapiens.GRCh38.99.gtf
166601	16	2264617	2267402	-	ENSG00000205937	exonic, not 3' UTR	1		True	True	d	/home/sharedFolder/humanSTARindex/Homo_sapiens.GRCh38.99.gtf
96415	12	9690275	9691809	+	ENSG00000069493	intronic (same-strand gene body)	1		True	False	d	/home/sharedFolder/humanSTARindex/Homo_sapiens.GRCh38.99.gtf
388267	5	179731079	179731641	+	ENSG00000127022	own-gene 3' UTR	1	ENSG00000127022	True	True	d	/home/sharedFolder/humanSTARindex/Homo_sapiens.GRCh38.99.gtf
322589	3	122119813	122120299	+	ENSG00000114013	own-gene 3' UTR	1	ENSG00000114013	True	True	d	/home/sharedFolder/humanSTARindex/Homo_sapiens.GRCh38.99.gtf
24701	1	119912053	119912701	-	ENSG00000134250	own-gene 3' UTR	1	ENSG00000134250	True	True	d	/home/sharedFolder/humanSTARindex/Homo_sapiens.GRCh38.99.gtf
159990	15	72345226	72345823	-	ENSG00000260729	other-gene 3' UTR	2	ENSG00000213614	True	True	d	/home/sharedFolder/humanSTARindex/Homo_sapiens.GRCh38.99.gtf
262911	2	169811874	169812064	+	ENSG00000138385	own-gene 3' UTR	1	ENSG00000138385	True	True	d	/home/sharedFolder/humanSTARindex/Homo_sapiens.GRCh38.99.gtf
206182	17	78853233	78853244	-	ENSG00000035862	own-gene 3' UTR	1	ENSG00000035862	True	True	d	/home/sharedFolder/humanSTARindex/Homo_sapiens.GRCh38.99.gtf
395796	6	31616907	31617015	+	ENSG00000204472	own-gene 3' UTR	1	ENSG00000204472	True	True	d	/home/sharedFolder/humanSTARindex/Homo_sapiens.GRCh38.99.gtf
202094	17	65009283	65009751	-	ENSG00000120063	own-gene 3' UTR	1	ENSG00000120063	True	True	d	/home/sharedFolder/humanSTARindex/Homo_sapiens.GRCh38.99.gtf
95692	12	7470806	7470813	-	ENSG00000177675	other-gene 3' UTR	2	ENSG00000177575	True	True	d	/home/sharedFolder/humanSTARindex/Homo_sapiens.GRCh38.99.gtf
201325	17	63593768	63594461	+	ENSG00000136485	own-gene 3' UTR	1	ENSG00000136485	True	True	d	/home/sharedFolder/humanSTARindex/Homo_sapiens.GRCh38.99.gtf
490222	X	13738826	13739640	+	ENSG00000046651	exonic, not 3' UTR	1		True	True	d	/home/sharedFolder/humanSTARindex/Homo_sapiens.GRCh38.99.gtf
479844	9	99870590	99871206	+	ENSG00000119508	outside any same-strand gene	0		False	False	d	/home/sharedFolder/humanSTARindex/Homo_sapiens.GRCh38.99.gtf
209302	18	9103591	9105057	+	ENSG00000178127	own-gene 3' UTR	2	ENSG00000178127	True	True	d	/home/sharedFolder/humanSTARindex/Homo_sapiens.GRCh38.99.gtf
130124	13	99312874	99314181	+	ENSG00000134882	exonic, not 3' UTR	1		True	True	d	/home/sharedFolder/humanSTARindex/Homo_sapiens.GRCh38.99.gtf
495722	X	65669242	65669854	+	ENSG00000147065	intronic (same-strand gene body)	1		True	False	d	/home/sharedFolder/humanSTARindex/Homo_sapiens.GRCh38.99.gtf
396457	6	33006554	33006766	-	ENSG00000204252	own-gene 3' UTR	1	ENSG00000204252	True	True	d	/home/sharedFolder/humanSTARindex/Homo_sapiens.GRCh38.99.gtf
229701	19	43646093	43646104	-	ENSG00000011422	own-gene 3' UTR	1	ENSG00000011422	True	True	d	/home/sharedFolder/humanSTARindex/Homo_sapiens.GRCh38.99.gtf
395642	6	31270652	31271874	-	ENSG00000204525	own-gene 3' UTR	2	ENSG00000204525	True	True	d	/home/sharedFolder/humanSTARindex/Homo_sapiens.GRCh38.99.gtf
18210	1	84237967	84238498	+	ENSG00000142875	own-gene 3' UTR	1	ENSG00000142875	True	True	d	/home/sharedFolder/humanSTARindex/Homo_sapiens.GRCh38.99.gtf
426314	7	44802664	44803117	+	ENSG00000196262	own-gene 3' UTR	1	ENSG00000196262	True	True	d	/home/sharedFolder/humanSTARindex/Homo_sapiens.GRCh38.99.gtf
438877	7	116158658	116159228	-	ENSG00000105967	intronic (same-strand gene body)	1		True	False	d	/home/sharedFolder/humanSTARindex/Homo_sapiens.GRCh38.99.gtf
281270	20	34089430	34089467	-	ENSG00000125977	own-gene 3' UTR	1	ENSG00000125977	True	True	d	/home/sharedFolder/humanSTARindex/Homo_sapiens.GRCh38.99.gtf
232388	19	50476608	50477417	+	ENSG00000161671	own-gene 3' UTR	1	ENSG00000161671	True	True	d	/home/sharedFolder/humanSTARindex/Homo_sapiens.GRCh38.99.gtf
477321	9	87726135	87727137	+	ENSG00000135047	exonic, not 3' UTR	1		True	True	d	/home/sharedFolder/humanSTARindex/Homo_sapiens.GRCh38.99.gtf
335265	3	195274735	195275094	-	ENSG00000114331	own-gene 3' UTR	1	ENSG00000114331	True	True	d	/home/sharedFolder/humanSTARindex/Homo_sapiens.GRCh38.99.gtf
29877	1	154156947	154157105	-	ENSG00000143549	own-gene 3' UTR	1	ENSG00000143549	True	True	d	/home/sharedFolder/humanSTARindex/Homo_sapiens.GRCh38.99.gtf
374142	5	87341788	87342849	-	ENSG00000134480	intronic (same-strand gene body)	1		True	False	d	/home/sharedFolder/humanSTARindex/Homo_sapiens.GRCh38.99.gtf
303756	3	5178677	5180088	+	ENSG00000134108	own-gene 3' UTR	1	ENSG00000134108	True	True	d	/home/sharedFolder/humanSTARindex/Homo_sapiens.GRCh38.99.gtf
196526	17	46029915	46030678	-	ENSG00000120071	own-gene 3' UTR	1	ENSG00000120071	True	True	d	/home/sharedFolder/humanSTARindex/Homo_sapiens.GRCh38.99.gtf
480955	9	110074374	110075487	+	ENSG00000157654	intronic (same-strand gene body)	1		True	False	d	/home/sharedFolder/humanSTARindex/Homo_sapiens.GRCh38.99.gtf
210994	18	21629234	21629235	+	ENSG00000167088	own-gene 3' UTR	1	ENSG00000167088	True	True	d	/home/sharedFolder/humanSTARindex/Homo_sapiens.GRCh38.99.gtf
344225	4	55425543	55425640	+	ENSG00000134851	own-gene 3' UTR	1	ENSG00000134851	True	True	d	/home/sharedFolder/humanSTARindex/Homo_sapiens.GRCh38.99.gtf
211073	18	21701118	21702471	-	ENSG00000158201	own-gene 3' UTR	1	ENSG00000158201	True	True	d	/home/sharedFolder/humanSTARindex/Homo_sapiens.GRCh38.99.gtf
419543	7	6402409	6402418	+	ENSG00000136238	exonic, not 3' UTR	1		True	True	d	/home/sharedFolder/humanSTARindex/Homo_sapiens.GRCh38.99.gtf
94866	12	4322680	4323323	+	ENSG00000285901	intronic (same-strand gene body)	2		True	False	d	/home/sharedFolder/humanSTARindex/Homo_sapiens.GRCh38.99.gtf
437250	7	106254121	106254722	-	ENSG00000105835	exonic, not 3' UTR	1		True	True	d	/home/sharedFolder/humanSTARindex/Homo_sapiens.GRCh38.99.gtf
437264	7	106266648	106267402	-	ENSG00000105835	intronic (same-strand gene body)	1		True	False	d	/home/sharedFolder/humanSTARindex/Homo_sapiens.GRCh38.99.gtf
141501	14	69771029	69771079	+	ENSG00000100650	own-gene 3' UTR	1	ENSG00000100650	True	True	d	/home/sharedFolder/humanSTARindex/Homo_sapiens.GRCh38.99.gtf
274315	2	231711099	231711990	+	ENSG00000187514	own-gene 3' UTR	2	ENSG00000187514	True	True	d	/home/sharedFolder/humanSTARindex/Homo_sapiens.GRCh38.99.gtf
354239	4	129105235	129105867	+	ENSG00000151470	intronic (same-strand gene body)	1		True	False	d	/home/sharedFolder/humanSTARindex/Homo_sapiens.GRCh38.99.gtf
40924	1	207366942	207370124	+	ENSG00000196352	exonic, not 3' UTR	1		True	True	d	/home/sharedFolder/humanSTARindex/Homo_sapiens.GRCh38.99.gtf
115140	12	109929791	109930374	-	ENSG00000139436	own-gene 3' UTR	1	ENSG00000139436	True	True	d	/home/sharedFolder/humanSTARindex/Homo_sapiens.GRCh38.99.gtf
115641	12	111419885	111420676	+	ENSG00000111252	intronic (same-strand gene body)	1		True	False	d	/home/sharedFolder/humanSTARindex/Homo_sapiens.GRCh38.99.gtf
422482	7	26163471	26164087	-	ENSG00000122566	outside any same-strand gene	0		False	False	d	/home/sharedFolder/humanSTARindex/Homo_sapiens.GRCh38.99.gtf
485539	9	130637966	130638352	+	ENSG00000107164	own-gene 3' UTR	1	ENSG00000107164	True	True	d	/home/sharedFolder/humanSTARindex/Homo_sapiens.GRCh38.99.gtf
4658	1	19374172	19374178	-	ENSG00000077549	exonic, not 3' UTR	1		True	True	d	/home/sharedFolder/humanSTARindex/Homo_sapiens.GRCh38.99.gtf
103355	12	47236327	47236660	+	ENSG00000179715	own-gene 3' UTR	1	ENSG00000179715	True	True	d	/home/sharedFolder/humanSTARindex/Homo_sapiens.GRCh38.99.gtf
395249	6	30491096	30492292	+	ENSG00000204592	exonic, not 3' UTR	1		True	True	d	/home/sharedFolder/humanSTARindex/Homo_sapiens.GRCh38.99.gtf
495115	X	56731985	56732471	+	ENSG00000204272	own-gene 3' UTR	1	ENSG00000204272	True	True	d	/home/sharedFolder/humanSTARindex/Homo_sapiens.GRCh38.99.gtf
93248	11	130194606	130196075	+	ENSG00000149418	exonic, not 3' UTR	1		True	True	d	/home/sharedFolder/humanSTARindex/Homo_sapiens.GRCh38.99.gtf
336073	3	196829495	196830860	+	ENSG00000180370	own-gene 3' UTR	1	ENSG00000180370	True	True	d	/home/sharedFolder/humanSTARindex/Homo_sapiens.GRCh38.99.gtf
122548	13	28678776	28678960	+	ENSG00000132963	own-gene 3' UTR	1	ENSG00000132963	True	True	d	/home/sharedFolder/humanSTARindex/Homo_sapiens.GRCh38.99.gtf
169622	16	14896114	14896157	+	ENSG00000103512	own-gene 3' UTR	1	ENSG00000103512	True	True	d	/home/sharedFolder/humanSTARindex/Homo_sapiens.GRCh38.99.gtf
298617	22	35264686	35265608	+	ENSG00000100281	own-gene 3' UTR	1	ENSG00000100281	True	True	d	/home/sharedFolder/humanSTARindex/Homo_sapiens.GRCh38.99.gtf
228446	19	39476669	39476670	+	ENSG00000196235	own-gene 3' UTR	1	ENSG00000196235	True	True	d	/home/sharedFolder/humanSTARindex/Homo_sapiens.GRCh38.99.gtf
236623	2	16549190	16550507	-	ENSG00000197872	own-gene 3' UTR	1	ENSG00000197872	True	True	d	/home/sharedFolder/humanSTARindex/Homo_sapiens.GRCh38.99.gtf
92523	11	125088840	125089235	+	ENSG00000134955	own-gene 3' UTR	1	ENSG00000134955	True	True	d	/home/sharedFolder/humanSTARindex/Homo_sapiens.GRCh38.99.gtf
122282	13	27666252	27666327	+	ENSG00000186184	own-gene 3' UTR	1	ENSG00000186184	True	True	d	/home/sharedFolder/humanSTARindex/Homo_sapiens.GRCh38.99.gtf
173972	16	29453589	29453593	-	ENSG00000183336	own-gene 3' UTR	2	ENSG00000183336,ENSG00000261740	True	True	d	/home/sharedFolder/humanSTARindex/Homo_sapiens.GRCh38.99.gtf
73303	11	6610869	6610872	+	ENSG00000166333	own-gene 3' UTR	1	ENSG00000166333	True	True	d	/home/sharedFolder/humanSTARindex/Homo_sapiens.GRCh38.99.gtf
282509	20	36890388	36890465	-	ENSG00000101347	own-gene 3' UTR	1	ENSG00000101347	True	True	d	/home/sharedFolder/humanSTARindex/Homo_sapiens.GRCh38.99.gtf
259172	2	144384298	144385121	-	ENSG00000169554	own-gene 3' UTR	1	ENSG00000169554	True	True	d	/home/sharedFolder/humanSTARindex/Homo_sapiens.GRCh38.99.gtf
315912	3	69105949	69106066	+	ENSG00000144746	own-gene 3' UTR	1	ENSG00000144746	True	True	d	/home/sharedFolder/humanSTARindex/Homo_sapiens.GRCh38.99.gtf
152812	15	42533056	42533061	+	ENSG00000092531	own-gene 3' UTR	1	ENSG00000092531	True	True	d	/home/sharedFolder/humanSTARindex/Homo_sapiens.GRCh38.99.gtf
397561	6	35886023	35887008	-	ENSG00000096063	own-gene 3' UTR	1	ENSG00000096063	True	True	d	/home/sharedFolder/humanSTARindex/Homo_sapiens.GRCh38.99.gtf
186735	17	7579636	7580313	+	ENSG00000277957	exonic, not 3' UTR	2		False	True	d	/home/sharedFolder/humanSTARindex/Homo_sapiens.GRCh38.99.gtf
115152	12	109948061	109948747	-	ENSG00000139436	own-gene 3' UTR	1	ENSG00000139436	True	True	d	/home/sharedFolder/humanSTARindex/Homo_sapiens.GRCh38.99.gtf
327434	3	146515177	146515250	-	ENSG00000188313	own-gene 3' UTR	1	ENSG00000188313	True	True	d	/home/sharedFolder/humanSTARindex/Homo_sapiens.GRCh38.99.gtf
409887	6	129577094	129577191	-	ENSG00000146376	own-gene 3' UTR	1	ENSG00000146376	True	True	d	/home/sharedFolder/humanSTARindex/Homo_sapiens.GRCh38.99.gtf
140204	14	65075544	65075616	-	ENSG00000125952	own-gene 3' UTR	1	ENSG00000125952	True	True	d	/home/sharedFolder/humanSTARindex/Homo_sapiens.GRCh38.99.gtf
298063	22	31434157	31434186	+	ENSG00000185721	own-gene 3' UTR	1	ENSG00000185721	True	True	d	/home/sharedFolder/humanSTARindex/Homo_sapiens.GRCh38.99.gtf
114138	12	104757562	104758114	+	ENSG00000171310	own-gene 3' UTR	1	ENSG00000171310	True	True	d	/home/sharedFolder/humanSTARindex/Homo_sapiens.GRCh38.99.gtf
264023	2	174559570	174560421	-	ENSG00000115935	own-gene 3' UTR	1	ENSG00000115935	True	True	d	/home/sharedFolder/humanSTARindex/Homo_sapiens.GRCh38.99.gtf
299194	22	37633563	37633564	+	ENSG00000100083	own-gene 3' UTR	1	ENSG00000100083	True	True	d	/home/sharedFolder/humanSTARindex/Homo_sapiens.GRCh38.99.gtf
134982	14	35312706	35313616	+	ENSG00000258790	own-gene 3' UTR	2	ENSG00000100902,ENSG00000258790	True	True	d	/home/sharedFolder/humanSTARindex/Homo_sapiens.GRCh38.99.gtf
178695	16	68300575	68301508	-	ENSG00000103061	own-gene 3' UTR	1	ENSG00000103061	True	True	d	/home/sharedFolder/humanSTARindex/Homo_sapiens.GRCh38.99.gtf
247683	2	71422948	71424193	+	ENSG00000075292	exonic, not 3' UTR	1		True	True	d	/home/sharedFolder/humanSTARindex/Homo_sapiens.GRCh38.99.gtf
315911	3	69105614	69105842	+	ENSG00000144746	own-gene 3' UTR	1	ENSG00000144746	True	True	d	/home/sharedFolder/humanSTARindex/Homo_sapiens.GRCh38.99.gtf
171623	16	21639844	21640694	+	ENSG00000197006	intronic (same-strand gene body)	1		True	False	d	/home/sharedFolder/humanSTARindex/Homo_sapiens.GRCh38.99.gtf
93196	11	130083699	130085565	+	ENSG00000084234	intronic (same-strand gene body)	1		True	False	d	/home/sharedFolder/humanSTARindex/Homo_sapiens.GRCh38.99.gtf
132327	14	21211292	21211424	-	ENSG00000092199	own-gene 3' UTR	1	ENSG00000092199	True	True	d	/home/sharedFolder/humanSTARindex/Homo_sapiens.GRCh38.99.gtf
140065	14	64533029	64533693	+	ENSG00000126804	own-gene 3' UTR	1	ENSG00000126804	True	True	d	/home/sharedFolder/humanSTARindex/Homo_sapiens.GRCh38.99.gtf
255260	2	113495724	113495803	+	ENSG00000136682	own-gene 3' UTR	1	ENSG00000136682	True	True	d	/home/sharedFolder/humanSTARindex/Homo_sapiens.GRCh38.99.gtf
183634	16	89563200	89563330	+	ENSG00000167526	own-gene 3' UTR	1	ENSG00000167526	True	True	d	/home/sharedFolder/humanSTARindex/Homo_sapiens.GRCh38.99.gtf
142008	14	71495487	71496198	+	ENSG00000197555	intronic (same-strand gene body)	1		True	False	d	/home/sharedFolder/humanSTARindex/Homo_sapiens.GRCh38.99.gtf
438465	7	112483998	112484474	+	ENSG00000006652	intronic (same-strand gene body)	1		False	False	d	/home/sharedFolder/humanSTARindex/Homo_sapiens.GRCh38.99.gtf
141962	14	71416219	71417433	+	ENSG00000197555	exonic, not 3' UTR	1		True	True	d	/home/sharedFolder/humanSTARindex/Homo_sapiens.GRCh38.99.gtf
475562	9	75146835	75146847	+	ENSG00000134996	own-gene 3' UTR	1	ENSG00000134996	True	True	d	/home/sharedFolder/humanSTARindex/Homo_sapiens.GRCh38.99.gtf
154701	15	50560291	50560934	-	ENSG00000092439	own-gene 3' UTR	1	ENSG00000092439	True	True	d	/home/sharedFolder/humanSTARindex/Homo_sapiens.GRCh38.99.gtf
122284	13	27667344	27667411	+	ENSG00000186184	own-gene 3' UTR	1	ENSG00000186184	True	True	d	/home/sharedFolder/humanSTARindex/Homo_sapiens.GRCh38.99.gtf
451451	8	30107715	30108066	+	ENSG00000104660	own-gene 3' UTR	1	ENSG00000104660	True	True	d	/home/sharedFolder/humanSTARindex/Homo_sapiens.GRCh38.99.gtf
387789	5	177503747	177504132	-	ENSG00000146094	own-gene 3' UTR	1	ENSG00000146094	True	True	d	/home/sharedFolder/humanSTARindex/Homo_sapiens.GRCh38.99.gtf
156737	15	59136350	59136918	-	ENSG00000157483	own-gene 3' UTR	1	ENSG00000157483	True	True	d	/home/sharedFolder/humanSTARindex/Homo_sapiens.GRCh38.99.gtf
222948	19	14516568	14516782	-	ENSG00000132002	exonic, not 3' UTR	1		True	True	d	/home/sharedFolder/humanSTARindex/Homo_sapiens.GRCh38.99.gtf
483012	9	122241503	122241667	-	ENSG00000119446	own-gene 3' UTR	1	ENSG00000119446	True	True	d	/home/sharedFolder/humanSTARindex/Homo_sapiens.GRCh38.99.gtf
415828	6	158766492	158766647	-	ENSG00000092820	own-gene 3' UTR	1	ENSG00000092820	True	True	d	/home/sharedFolder/humanSTARindex/Homo_sapiens.GRCh38.99.gtf
132156	14	20446967	20447069	-	ENSG00000092094	own-gene 3' UTR	1	ENSG00000092094	True	True	d	/home/sharedFolder/humanSTARindex/Homo_sapiens.GRCh38.99.gtf
316712	3	72929145	72929719	+	ENSG00000172986	exonic, not 3' UTR	2		True	True	d	/home/sharedFolder/humanSTARindex/Homo_sapiens.GRCh38.99.gtf
370700	5	71002009	71003488	-	ENSG00000249437	own-gene 3' UTR	1	ENSG00000249437	True	True	d	/home/sharedFolder/humanSTARindex/Homo_sapiens.GRCh38.99.gtf
109847	12	76351796	76352507	-	ENSG00000091039	own-gene 3' UTR	1	ENSG00000091039	True	True	d	/home/sharedFolder/humanSTARindex/Homo_sapiens.GRCh38.99.gtf
224272	19	18181930	18183026	+	ENSG00000268173	outside any same-strand gene	0		False	False	d	/home/sharedFolder/humanSTARindex/Homo_sapiens.GRCh38.99.gtf
31935	1	160541093	160541440	-	ENSG00000066294	own-gene 3' UTR	1	ENSG00000066294	True	True	d	/home/sharedFolder/humanSTARindex/Homo_sapiens.GRCh38.99.gtf
61403	10	73412588	73413282	-	ENSG00000138279	intronic (same-strand gene body)	1		True	False	d	/home/sharedFolder/humanSTARindex/Homo_sapiens.GRCh38.99.gtf
37448	1	186419099	186419750	+	ENSG00000157181	own-gene 3' UTR	1	ENSG00000157181	True	True	d	/home/sharedFolder/humanSTARindex/Homo_sapiens.GRCh38.99.gtf
457025	8	73946093	73946149	-	ENSG00000154582	own-gene 3' UTR	1	ENSG00000154582	True	True	d	/home/sharedFolder/humanSTARindex/Homo_sapiens.GRCh38.99.gtf
38650	1	198707426	198708746	+	ENSG00000081237	exonic, not 3' UTR	1		True	True	d	/home/sharedFolder/humanSTARindex/Homo_sapiens.GRCh38.99.gtf
243333	2	47795299	47796017	-	ENSG00000138081	intronic (same-strand gene body)	1		True	False	d	/home/sharedFolder/humanSTARindex/Homo_sapiens.GRCh38.99.gtf
132158	14	20451283	20452323	-	ENSG00000092094	exonic, not 3' UTR	1		True	True	d	/home/sharedFolder/humanSTARindex/Homo_sapiens.GRCh38.99.gtf
90640	11	117027420	117028027	-	ENSG00000160584	intronic (same-strand gene body)	1		True	False	d	/home/sharedFolder/humanSTARindex/Homo_sapiens.GRCh38.99.gtf
324568	3	131002757	131003153	+	ENSG00000017260	own-gene 3' UTR	1	ENSG00000017260	True	True	d	/home/sharedFolder/humanSTARindex/Homo_sapiens.GRCh38.99.gtf
87068	11	90194509	90195212	-	ENSG00000110172	outside any same-strand gene	0		False	False	d	/home/sharedFolder/humanSTARindex/Homo_sapiens.GRCh38.99.gtf
397471	6	35668049	35669192	-	ENSG00000096060	intronic (same-strand gene body)	1		True	False	d	/home/sharedFolder/humanSTARindex/Homo_sapiens.GRCh38.99.gtf
296077	22	22895472	22895834	+	ENSG00000254709	own-gene 3' UTR	2	ENSG00000211675,ENSG00000254709	True	True	d	/home/sharedFolder/humanSTARindex/Homo_sapiens.GRCh38.99.gtf
84564	11	74976972	74977154	+	ENSG00000118363	own-gene 3' UTR	1	ENSG00000118363	True	True	d	/home/sharedFolder/humanSTARindex/Homo_sapiens.GRCh38.99.gtf
39643	1	203307479	203307659	+	ENSG00000159388	own-gene 3' UTR	1	ENSG00000159388	True	True	d	/home/sharedFolder/humanSTARindex/Homo_sapiens.GRCh38.99.gtf
104099	12	49762965	49763071	+	ENSG00000139644	own-gene 3' UTR	1	ENSG00000139644	True	True	d	/home/sharedFolder/humanSTARindex/Homo_sapiens.GRCh38.99.gtf
290860	21	33261936	33262757	+	ENSG00000249624	other-gene 3' UTR	2	ENSG00000159110	True	True	d	/home/sharedFolder/humanSTARindex/Homo_sapiens.GRCh38.99.gtf
176981	16	56939780	56940302	+	ENSG00000051108	own-gene 3' UTR	2	ENSG00000051108	True	True	d	/home/sharedFolder/humanSTARindex/Homo_sapiens.GRCh38.99.gtf
103754	12	48922556	48923043	-	ENSG00000272822	other-gene 3' UTR	2	ENSG00000134285	True	True	d	/home/sharedFolder/humanSTARindex/Homo_sapiens.GRCh38.99.gtf
296251	22	23836733	23837078	-	ENSG00000099958	own-gene 3' UTR	1	ENSG00000099958	True	True	d	/home/sharedFolder/humanSTARindex/Homo_sapiens.GRCh38.99.gtf
406017	6	106108393	106109003	-	ENSG00000057663	intronic (same-strand gene body)	1		True	False	d	/home/sharedFolder/humanSTARindex/Homo_sapiens.GRCh38.99.gtf
396433	6	32971690	32973478	+	ENSG00000204256	own-gene 3' UTR	1	ENSG00000204256	True	True	d	/home/sharedFolder/humanSTARindex/Homo_sapiens.GRCh38.99.gtf
218370	19	2514449	2515049	-	ENSG00000176533	own-gene 3' UTR	1	ENSG00000176533	True	True	d	/home/sharedFolder/humanSTARindex/Homo_sapiens.GRCh38.99.gtf
32020	1	160754304	160754821	+	ENSG00000026751	own-gene 3' UTR	1	ENSG00000026751	True	True	d	/home/sharedFolder/humanSTARindex/Homo_sapiens.GRCh38.99.gtf
194699	17	41691453	41691644	+	ENSG00000173812	own-gene 3' UTR	1	ENSG00000173812	True	True	d	/home/sharedFolder/humanSTARindex/Homo_sapiens.GRCh38.99.gtf
305874	3	15796437	15798062	-	ENSG00000206560	exonic, not 3' UTR	1		True	True	d	/home/sharedFolder/humanSTARindex/Homo_sapiens.GRCh38.99.gtf
459627	8	98041720	98041770	-	ENSG00000156482	own-gene 3' UTR	1	ENSG00000156482	True	True	d	/home/sharedFolder/humanSTARindex/Homo_sapiens.GRCh38.99.gtf
387738	5	177331951	177332025	-	ENSG00000169223	own-gene 3' UTR	1	ENSG00000169223	True	True	d	/home/sharedFolder/humanSTARindex/Homo_sapiens.GRCh38.99.gtf
71829	11	309226	309555	+	ENSG00000185201	own-gene 3' UTR	1	ENSG00000185201	True	True	d	/home/sharedFolder/humanSTARindex/Homo_sapiens.GRCh38.99.gtf
60748	10	72275294	72275480	+	ENSG00000168209	own-gene 3' UTR	1	ENSG00000168209	True	True	d	/home/sharedFolder/humanSTARindex/Homo_sapiens.GRCh38.99.gtf
147488	14	102081936	102082442	-	ENSG00000080824	exonic, not 3' UTR	1		True	True	d	/home/sharedFolder/humanSTARindex/Homo_sapiens.GRCh38.99.gtf
485899	9	131625833	131626303	-	ENSG00000107263	exonic, not 3' UTR	1		True	True	d	/home/sharedFolder/humanSTARindex/Homo_sapiens.GRCh38.99.gtf
122165	13	27254559	27255423	+	ENSG00000122026	exonic, not 3' UTR	3		True	True	d	/home/sharedFolder/humanSTARindex/Homo_sapiens.GRCh38.99.gtf
234045	19	55386417	55386952	+	ENSG00000108107	own-gene 3' UTR	1	ENSG00000108107	True	True	d	/home/sharedFolder/humanSTARindex/Homo_sapiens.GRCh38.99.gtf
147480	14	102078958	102080050	-	ENSG00000080824	outside any same-strand gene	0		False	False	d	/home/sharedFolder/humanSTARindex/Homo_sapiens.GRCh38.99.gtf
28724	1	150610804	150611512	-	ENSG00000143420	intronic (same-strand gene body)	1		True	False	d	/home/sharedFolder/humanSTARindex/Homo_sapiens.GRCh38.99.gtf
176974	16	56932211	56934575	+	ENSG00000051108	exonic, not 3' UTR	1		True	True	d	/home/sharedFolder/humanSTARindex/Homo_sapiens.GRCh38.99.gtf
125422	13	45336651	45337023	-	ENSG00000133112	own-gene 3' UTR	1	ENSG00000133112	True	True	d	/home/sharedFolder/humanSTARindex/Homo_sapiens.GRCh38.99.gtf
39645	1	203308258	203308376	+	ENSG00000159388	own-gene 3' UTR	1	ENSG00000159388	True	True	d	/home/sharedFolder/humanSTARindex/Homo_sapiens.GRCh38.99.gtf
422335	7	24916342	24916837	-	ENSG00000070882	intronic (same-strand gene body)	1		True	False	d	/home/sharedFolder/humanSTARindex/Homo_sapiens.GRCh38.99.gtf
7728	1	28095630	28095812	-	ENSG00000158161	exonic, not 3' UTR	1		False	True	d	/home/sharedFolder/humanSTARindex/Homo_sapiens.GRCh38.99.gtf
119690	12	124905576	124906789	-	ENSG00000150991	outside any same-strand gene	0		False	False	d	/home/sharedFolder/humanSTARindex/Homo_sapiens.GRCh38.99.gtf
215550	18	59904188	59904305	+	ENSG00000141682	own-gene 3' UTR	1	ENSG00000141682	True	True	d	/home/sharedFolder/humanSTARindex/Homo_sapiens.GRCh38.99.gtf
51994	10	17230330	17232047	+	ENSG00000026025	exonic, not 3' UTR	1		True	True	d	/home/sharedFolder/humanSTARindex/Homo_sapiens.GRCh38.99.gtf
346595	4	77047880	77048185	-	ENSG00000118816	own-gene 3' UTR	1	ENSG00000118816	True	True	d	/home/sharedFolder/humanSTARindex/Homo_sapiens.GRCh38.99.gtf
15195	1	58782765	58783489	-	ENSG00000177606	exonic, not 3' UTR	1		True	True	d	/home/sharedFolder/humanSTARindex/Homo_sapiens.GRCh38.99.gtf
322941	3	123161855	123162104	+	ENSG00000065485	own-gene 3' UTR	2	ENSG00000065485	True	True	d	/home/sharedFolder/humanSTARindex/Homo_sapiens.GRCh38.99.gtf
201556	17	64128697	64128857	-	ENSG00000178607	own-gene 3' UTR	1	ENSG00000178607	True	True	d	/home/sharedFolder/humanSTARindex/Homo_sapiens.GRCh38.99.gtf
395942	6	31822308	31823467	+	ENSG00000204389	outside any same-strand gene	0		False	False	d	/home/sharedFolder/humanSTARindex/Homo_sapiens.GRCh38.99.gtf
194566	17	40553768	40554246	-	ENSG00000126353	own-gene 3' UTR	1	ENSG00000126353	True	True	d	/home/sharedFolder/humanSTARindex/Homo_sapiens.GRCh38.99.gtf
373527	5	82276396	82276437	-	ENSG00000186468	exonic, not 3' UTR	1		True	True	d	/home/sharedFolder/humanSTARindex/Homo_sapiens.GRCh38.99.gtf
330470	3	169483182	169483183	-	ENSG00000085276	intronic (same-strand gene body)	1		True	False	d	/home/sharedFolder/humanSTARindex/Homo_sapiens.GRCh38.99.gtf
356942	4	151103971	151104314	+	ENSG00000145425	own-gene 3' UTR	1	ENSG00000145425	True	True	d	/home/sharedFolder/humanSTARindex/Homo_sapiens.GRCh38.99.gtf
329025	3	156542895	156543083	-	ENSG00000114850	own-gene 3' UTR	1	ENSG00000114850	True	True	d	/home/sharedFolder/humanSTARindex/Homo_sapiens.GRCh38.99.gtf
147482	14	102080423	102080574	-	ENSG00000080824	outside any same-strand gene	0		False	False	d	/home/sharedFolder/humanSTARindex/Homo_sapiens.GRCh38.99.gtf
417986	7	1151857	1152315	-	ENSG00000178381	own-gene 3' UTR	1	ENSG00000178381	True	True	d	/home/sharedFolder/humanSTARindex/Homo_sapiens.GRCh38.99.gtf
326514	3	141923290	141923346	+	ENSG00000069849	intronic (same-strand gene body)	1		True	False	d	/home/sharedFolder/humanSTARindex/Homo_sapiens.GRCh38.99.gtf
81322	11	64877626	64878278	-	ENSG00000110047	exonic, not 3' UTR	1		True	True	d	/home/sharedFolder/humanSTARindex/Homo_sapiens.GRCh38.99.gtf
463384	8	123015199	123015287	-	ENSG00000136986	own-gene 3' UTR	1	ENSG00000136986	True	True	d	/home/sharedFolder/humanSTARindex/Homo_sapiens.GRCh38.99.gtf
397298	6	35470290	35470351	+	ENSG00000112039	exonic, not 3' UTR	1		False	True	d	/home/sharedFolder/humanSTARindex/Homo_sapiens.GRCh38.99.gtf
404779	6	89329520	89329703	-	ENSG00000198833	own-gene 3' UTR	1	ENSG00000198833	True	True	d	/home/sharedFolder/humanSTARindex/Homo_sapiens.GRCh38.99.gtf
215501	18	59330923	59331038	-	ENSG00000074695	own-gene 3' UTR	1	ENSG00000074695	True	True	d	/home/sharedFolder/humanSTARindex/Homo_sapiens.GRCh38.99.gtf
437807	7	108574844	108574850	+	ENSG00000128590	own-gene 3' UTR	1	ENSG00000128590	True	True	d	/home/sharedFolder/humanSTARindex/Homo_sapiens.GRCh38.99.gtf
426185	7	44579162	44579405	-	ENSG00000158604	own-gene 3' UTR	1	ENSG00000158604	True	True	d	/home/sharedFolder/humanSTARindex/Homo_sapiens.GRCh38.99.gtf
357156	4	152321884	152323155	-	ENSG00000109670	own-gene 3' UTR	1	ENSG00000109670	True	True	d	/home/sharedFolder/humanSTARindex/Homo_sapiens.GRCh38.99.gtf
246045	2	64141121	64141655	-	ENSG00000197329	intronic (same-strand gene body)	1		True	False	d	/home/sharedFolder/humanSTARindex/Homo_sapiens.GRCh38.99.gtf
396264	6	32643106	32643299	+	ENSG00000196735	own-gene 3' UTR	1	ENSG00000196735	True	True	d	/home/sharedFolder/humanSTARindex/Homo_sapiens.GRCh38.99.gtf
400961	6	53267403	53267502	-	ENSG00000012660	own-gene 3' UTR	1	ENSG00000012660	True	True	d	/home/sharedFolder/humanSTARindex/Homo_sapiens.GRCh38.99.gtf
107579	12	64665783	64666884	+	ENSG00000153179	intronic (same-strand gene body)	1		True	False	d	/home/sharedFolder/humanSTARindex/Homo_sapiens.GRCh38.99.gtf
435093	7	100214102	100214388	+	ENSG00000066923	own-gene 3' UTR	1	ENSG00000066923	True	True	d	/home/sharedFolder/humanSTARindex/Homo_sapiens.GRCh38.99.gtf
229342	19	41881369	41881372	+	ENSG00000105369	own-gene 3' UTR	1	ENSG00000105369	True	True	d	/home/sharedFolder/humanSTARindex/Homo_sapiens.GRCh38.99.gtf
451422	8	30081681	30081957	-	ENSG00000133872	intronic (same-strand gene body)	1		True	False	d	/home/sharedFolder/humanSTARindex/Homo_sapiens.GRCh38.99.gtf
364508	5	35876266	35877454	+	ENSG00000168685	own-gene 3' UTR	1	ENSG00000168685	True	True	d	/home/sharedFolder/humanSTARindex/Homo_sapiens.GRCh38.99.gtf
460277	8	100310724	100311577	-	ENSG00000034677	intronic (same-strand gene body)	1		True	False	d	/home/sharedFolder/humanSTARindex/Homo_sapiens.GRCh38.99.gtf
384072	5	150407808	150408739	-	ENSG00000019582	intronic (same-strand gene body)	1		True	False	d	/home/sharedFolder/humanSTARindex/Homo_sapiens.GRCh38.99.gtf
80396	11	61873525	61873526	-	ENSG00000221968	own-gene 3' UTR	1	ENSG00000221968	True	True	d	/home/sharedFolder/humanSTARindex/Homo_sapiens.GRCh38.99.gtf
411547	6	137882877	137882901	+	ENSG00000118503	own-gene 3' UTR	1	ENSG00000118503	True	True	d	/home/sharedFolder/humanSTARindex/Homo_sapiens.GRCh38.99.gtf
80401	11	61890116	61890696	-	ENSG00000221968	exonic, not 3' UTR	1		True	True	d	/home/sharedFolder/humanSTARindex/Homo_sapiens.GRCh38.99.gtf
391552	6	14136851	14136955	+	ENSG00000112149	own-gene 3' UTR	1	ENSG00000112149	True	True	d	/home/sharedFolder/humanSTARindex/Homo_sapiens.GRCh38.99.gtf
134761	14	35046324	35047940	+	ENSG00000151327	own-gene 3' UTR	1	ENSG00000151327	True	True	d	/home/sharedFolder/humanSTARindex/Homo_sapiens.GRCh38.99.gtf
391525	6	14117793	14120293	+	ENSG00000112149	exonic, not 3' UTR	1		True	True	d	/home/sharedFolder/humanSTARindex/Homo_sapiens.GRCh38.99.gtf
396143	6	32439967	32440721	+	ENSG00000204287	exonic, not 3' UTR	1		True	True	d	/home/sharedFolder/humanSTARindex/Homo_sapiens.GRCh38.99.gtf
96418	12	9695000	9695129	+	ENSG00000069493	own-gene 3' UTR	1	ENSG00000069493	True	True	d	/home/sharedFolder/humanSTARindex/Homo_sapiens.GRCh38.99.gtf
176977	16	56935836	56937055	+	ENSG00000051108	own-gene 3' UTR	1	ENSG00000051108	True	True	d	/home/sharedFolder/humanSTARindex/Homo_sapiens.GRCh38.99.gtf
367722	5	59023737	59024959	-	ENSG00000113448	intronic (same-strand gene body)	1		True	False	d	/home/sharedFolder/humanSTARindex/Homo_sapiens.GRCh38.99.gtf
166977	16	3081659	3082211	+	ENSG00000008517	own-gene 3' UTR	1	ENSG00000008517	True	True	d	/home/sharedFolder/humanSTARindex/Homo_sapiens.GRCh38.99.gtf
411548	6	137883068	137883405	+	ENSG00000118503	own-gene 3' UTR	1	ENSG00000118503	True	True	d	/home/sharedFolder/humanSTARindex/Homo_sapiens.GRCh38.99.gtf
367967	5	59380793	59382104	-	ENSG00000113448	intronic (same-strand gene body)	1		True	False	d	/home/sharedFolder/humanSTARindex/Homo_sapiens.GRCh38.99.gtf
305983	3	16310493	16311225	+	ENSG00000154814	intronic (same-strand gene body)	1		True	False	d	/home/sharedFolder/humanSTARindex/Homo_sapiens.GRCh38.99.gtf
19968	1	92942622	92943157	-	ENSG00000154511	intronic (same-strand gene body)	1		True	False	d	/home/sharedFolder/humanSTARindex/Homo_sapiens.GRCh38.99.gtf
147239	14	101824062	101825285	+	ENSG00000078304	own-gene 3' UTR	1	ENSG00000078304	True	True	d	/home/sharedFolder/humanSTARindex/Homo_sapiens.GRCh38.99.gtf
451401	8	30063586	30063817	-	ENSG00000133872	own-gene 3' UTR	1	ENSG00000133872	True	True	d	/home/sharedFolder/humanSTARindex/Homo_sapiens.GRCh38.99.gtf
451406	8	30068940	30069993	-	ENSG00000133872	own-gene 3' UTR	1	ENSG00000133872	True	True	d	/home/sharedFolder/humanSTARindex/Homo_sapiens.GRCh38.99.gtf
501437	X	124372760	124373245	+	ENSG00000101972	other-gene 3' UTR	2	ENSG00000183918	True	True	d	/home/sharedFolder/humanSTARindex/Homo_sapiens.GRCh38.99.gtf
38632	1	198692584	198693481	+	ENSG00000081237	own-gene 3' UTR	1	ENSG00000081237	True	True	d	/home/sharedFolder/humanSTARindex/Homo_sapiens.GRCh38.99.gtf
220435	19	8266115	8267340	+	ENSG00000090661	outside any same-strand gene	0		False	False	d	/home/sharedFolder/humanSTARindex/Homo_sapiens.GRCh38.99.gtf
147233	14	101819930	101821375	+	ENSG00000078304	exonic, not 3' UTR	1		True	True	d	/home/sharedFolder/humanSTARindex/Homo_sapiens.GRCh38.99.gtf
501435	X	124371432	124371730	+	ENSG00000101972	other-gene 3' UTR	2	ENSG00000183918	True	True	d	/home/sharedFolder/humanSTARindex/Homo_sapiens.GRCh38.99.gtf
451436	8	30095882	30097579	+	ENSG00000104660	exonic, not 3' UTR	1		True	True	d	/home/sharedFolder/humanSTARindex/Homo_sapiens.GRCh38.99.gtf
32059	1	160825339	160826042	+	ENSG00000122224	intronic (same-strand gene body)	1		True	False	d	/home/sharedFolder/humanSTARindex/Homo_sapiens.GRCh38.99.gtf
488725	X	1386137	1386310	-	ENSG00000169100	own-gene 3' UTR	1	ENSG00000169100	True	True	d	/home/sharedFolder/humanSTARindex/Homo_sapiens.GRCh38.99.gtf
283034	20	38922386	38923024	+	ENSG00000101445	own-gene 3' UTR	1	ENSG00000101445	True	True	d	/home/sharedFolder/humanSTARindex/Homo_sapiens.GRCh38.99.gtf
251157	2	96320003	96321419	-	ENSG00000144028	exonic, not 3' UTR	2		True	True	d	/home/sharedFolder/humanSTARindex/Homo_sapiens.GRCh38.99.gtf
205547	17	77326564	77327093	+	ENSG00000184640	intronic (same-strand gene body)	1		True	False	d	/home/sharedFolder/humanSTARindex/Homo_sapiens.GRCh38.99.gtf
231901	19	49336983	49337713	+	ENSG00000104894	exonic, not 3' UTR	1		True	True	d	/home/sharedFolder/humanSTARindex/Homo_sapiens.GRCh38.99.gtf
346777	4	77755121	77756799	-	ENSG00000138767	intronic (same-strand gene body)	1		True	False	d	/home/sharedFolder/humanSTARindex/Homo_sapiens.GRCh38.99.gtf
220432	19	8262420	8262421	+	ENSG00000090661	own-gene 3' UTR	1	ENSG00000090661	True	True	d	/home/sharedFolder/humanSTARindex/Homo_sapiens.GRCh38.99.gtf
38591	1	198658225	198659097	+	ENSG00000081237	intronic (same-strand gene body)	1		True	False	d	/home/sharedFolder/humanSTARindex/Homo_sapiens.GRCh38.99.gtf
8351	1	30726749	30727634	-	ENSG00000162511	outside any same-strand gene	0		False	False	d	/home/sharedFolder/humanSTARindex/Homo_sapiens.GRCh38.99.gtf
219704	19	6368901	6368939	+	ENSG00000125656	own-gene 3' UTR	1	ENSG00000125656	True	True	d	/home/sharedFolder/humanSTARindex/Homo_sapiens.GRCh38.99.gtf
320337	3	114449012	114449583	-	ENSG00000181722	intronic (same-strand gene body)	1		True	False	d	/home/sharedFolder/humanSTARindex/Homo_sapiens.GRCh38.99.gtf
219710	19	6375030	6375031	+	ENSG00000125656	other-gene 3' UTR	1	ENSG00000125652	False	True	d	/home/sharedFolder/humanSTARindex/Homo_sapiens.GRCh38.99.gtf
330894	3	170396370	170397075	+	ENSG00000136603	own-gene 3' UTR	1	ENSG00000136603	True	True	d	/home/sharedFolder/humanSTARindex/Homo_sapiens.GRCh38.99.gtf
244844	2	60902710	60904938	+	ENSG00000162924	intronic (same-strand gene body)	1		True	False	d	/home/sharedFolder/humanSTARindex/Homo_sapiens.GRCh38.99.gtf
406035	6	106185911	106186184	-	ENSG00000057663	own-gene 3' UTR	1	ENSG00000057663	True	True	d	/home/sharedFolder/humanSTARindex/Homo_sapiens.GRCh38.99.gtf
479840	9	99866888	99866891	+	ENSG00000119508	own-gene 3' UTR	1	ENSG00000119508	True	True	d	/home/sharedFolder/humanSTARindex/Homo_sapiens.GRCh38.99.gtf
55223	10	32363858	32365442	-	ENSG00000120616	intronic (same-strand gene body)	1		True	False	d	/home/sharedFolder/humanSTARindex/Homo_sapiens.GRCh38.99.gtf
308320	3	32488808	32489558	+	ENSG00000153551	outside any same-strand gene	0		False	False	d	/home/sharedFolder/humanSTARindex/Homo_sapiens.GRCh38.99.gtf
365449	5	40693070	40693740	+	ENSG00000171522	own-gene 3' UTR	1	ENSG00000171522	True	True	d	/home/sharedFolder/humanSTARindex/Homo_sapiens.GRCh38.99.gtf
249822	2	87012549	87012808	+	ENSG00000187627	own-gene 3' UTR	1	ENSG00000187627	True	True	d	/home/sharedFolder/humanSTARindex/Homo_sapiens.GRCh38.99.gtf
244872	2	60927440	60928176	+	ENSG00000162924	own-gene 3' UTR	2	ENSG00000162924	True	True	d	/home/sharedFolder/humanSTARindex/Homo_sapiens.GRCh38.99.gtf
74069	11	9694130	9695670	+	ENSG00000133789	exonic, not 3' UTR	1		True	True	d	/home/sharedFolder/humanSTARindex/Homo_sapiens.GRCh38.99.gtf
74107	11	9752495	9753139	+	ENSG00000133789	own-gene 3' UTR	1	ENSG00000133789	True	True	d	/home/sharedFolder/humanSTARindex/Homo_sapiens.GRCh38.99.gtf
415835	6	158770774	158771591	-	ENSG00000092820	exonic, not 3' UTR	1		True	True	d	/home/sharedFolder/humanSTARindex/Homo_sapiens.GRCh38.99.gtf
194567	17	40554463	40555115	-	ENSG00000126353	own-gene 3' UTR	1	ENSG00000126353	True	True	d	/home/sharedFolder/humanSTARindex/Homo_sapiens.GRCh38.99.gtf
38623	1	198679940	198680843	+	ENSG00000081237	intronic (same-strand gene body)	1		True	False	d	/home/sharedFolder/humanSTARindex/Homo_sapiens.GRCh38.99.gtf
380288	5	133103786	133104477	+	ENSG00000170606	own-gene 3' UTR	1	ENSG00000170606	True	True	d	/home/sharedFolder/humanSTARindex/Homo_sapiens.GRCh38.99.gtf
384077	5	150410745	150412795	-	ENSG00000019582	exonic, not 3' UTR	1		True	True	d	/home/sharedFolder/humanSTARindex/Homo_sapiens.GRCh38.99.gtf
411525	6	137868391	137868782	+	ENSG00000118503	intronic (same-strand gene body)	1		True	False	d	/home/sharedFolder/humanSTARindex/Homo_sapiens.GRCh38.99.gtf
422516	7	26190234	26190304	-	ENSG00000122566	own-gene 3' UTR	1	ENSG00000122566	True	True	d	/home/sharedFolder/humanSTARindex/Homo_sapiens.GRCh38.99.gtf
435101	7	100221482	100221490	+	ENSG00000066923	own-gene 3' UTR	2	ENSG00000066923,ENSG00000213413	True	True	d	/home/sharedFolder/humanSTARindex/Homo_sapiens.GRCh38.99.gtf
38603	1	198665530	198668478	+	ENSG00000081237	intronic (same-strand gene body)	1		True	False	d	/home/sharedFolder/humanSTARindex/Homo_sapiens.GRCh38.99.gtf
229346	19	41883294	41884032	+	ENSG00000105369	intronic (same-strand gene body)	1		False	False	d	/home/sharedFolder/humanSTARindex/Homo_sapiens.GRCh38.99.gtf
274711	2	233207555	233207903	+	ENSG00000168918	own-gene 3' UTR	1	ENSG00000168918	True	True	d	/home/sharedFolder/humanSTARindex/Homo_sapiens.GRCh38.99.gtf
11345	1	40423217	40423326	+	ENSG00000084070	own-gene 3' UTR	1	ENSG00000084070	True	True	d	/home/sharedFolder/humanSTARindex/Homo_sapiens.GRCh38.99.gtf
145646	14	91864894	91867478	-	ENSG00000165929	exonic, not 3' UTR	1		True	True	d	/home/sharedFolder/humanSTARindex/Homo_sapiens.GRCh38.99.gtf
229458	19	42195414	42196279	-	ENSG00000028277	intronic (same-strand gene body)	1		True	False	d	/home/sharedFolder/humanSTARindex/Homo_sapiens.GRCh38.99.gtf
451421	8	30081491	30081509	-	ENSG00000133872	intronic (same-strand gene body)	1		True	False	d	/home/sharedFolder/humanSTARindex/Homo_sapiens.GRCh38.99.gtf
346873	4	77862153	77863101	+	ENSG00000169288	exonic, not 3' UTR	1		True	True	d	/home/sharedFolder/humanSTARindex/Homo_sapiens.GRCh38.99.gtf
244876	2	60931549	60931622	+	ENSG00000162924	own-gene 3' UTR	2	ENSG00000162924	True	True	d	/home/sharedFolder/humanSTARindex/Homo_sapiens.GRCh38.99.gtf
346813	4	77784364	77785217	-	ENSG00000138767	intronic (same-strand gene body)	1		True	False	d	/home/sharedFolder/humanSTARindex/Homo_sapiens.GRCh38.99.gtf
216042	18	63306342	63307349	-	ENSG00000171791	intronic (same-strand gene body)	1		True	False	d	/home/sharedFolder/humanSTARindex/Homo_sapiens.GRCh38.99.gtf
215549	18	59903952	59904065	+	ENSG00000141682	own-gene 3' UTR	1	ENSG00000141682	True	True	d	/home/sharedFolder/humanSTARindex/Homo_sapiens.GRCh38.99.gtf
326464	3	141892050	141892722	+	ENSG00000069849	intronic (same-strand gene body)	1		True	False	d	/home/sharedFolder/humanSTARindex/Homo_sapiens.GRCh38.99.gtf
466881	8	144791341	144791456	-	ENSG00000161016	exonic, not 3' UTR	1		True	True	d	/home/sharedFolder/humanSTARindex/Homo_sapiens.GRCh38.99.gtf
176979	16	56937558	56938791	+	ENSG00000051108	intronic (same-strand gene body)	1		True	False	d	/home/sharedFolder/humanSTARindex/Homo_sapiens.GRCh38.99.gtf
231410	19	48327355	48329507	+	ENSG00000142227	own-gene 3' UTR	1	ENSG00000142227	True	True	d	/home/sharedFolder/humanSTARindex/Homo_sapiens.GRCh38.99.gtf
242114	2	43222973	43223476	-	ENSG00000152518	own-gene 3' UTR	1	ENSG00000152518	True	True	d	/home/sharedFolder/humanSTARindex/Homo_sapiens.GRCh38.99.gtf
418400	7	2753734	2753845	-	ENSG00000146535	intronic (same-strand gene body)	1		True	False	d	/home/sharedFolder/humanSTARindex/Homo_sapiens.GRCh38.99.gtf
231940	19	49486065	49486231	+	ENSG00000269469	own-gene 3' UTR	3	ENSG00000090554,ENSG00000269469	True	True	d	/home/sharedFolder/humanSTARindex/Homo_sapiens.GRCh38.99.gtf
250316	2	88565127	88568595	-	ENSG00000172071	intronic (same-strand gene body)	1		True	False	d	/home/sharedFolder/humanSTARindex/Homo_sapiens.GRCh38.99.gtf
368123	5	59638807	59639616	-	ENSG00000113448	intronic (same-strand gene body)	1		True	False	d	/home/sharedFolder/humanSTARindex/Homo_sapiens.GRCh38.99.gtf
158717	15	65769648	65772513	-	ENSG00000174485	exonic, not 3' UTR	2		True	True	d	/home/sharedFolder/humanSTARindex/Homo_sapiens.GRCh38.99.gtf
11315	1	40390216	40390660	+	ENSG00000084070	intronic (same-strand gene body)	1		True	False	d	/home/sharedFolder/humanSTARindex/Homo_sapiens.GRCh38.99.gtf
60049	10	69091398	69092061	+	ENSG00000122862	intronic (same-strand gene body)	1		True	False	d	/home/sharedFolder/humanSTARindex/Homo_sapiens.GRCh38.99.gtf
185477	17	3793740	3794747	-	ENSG00000083457	intronic (same-strand gene body)	1		True	False	d	/home/sharedFolder/humanSTARindex/Homo_sapiens.GRCh38.99.gtf
415698	6	158663981	158664774	+	ENSG00000164674	intronic (same-strand gene body)	1		True	False	d	/home/sharedFolder/humanSTARindex/Homo_sapiens.GRCh38.99.gtf
500881	X	119789890	119790240	-	ENSG00000198918	exonic, not 3' UTR	1		True	True	d	/home/sharedFolder/humanSTARindex/Homo_sapiens.GRCh38.99.gtf
40917	1	207360244	207360502	+	ENSG00000196352	own-gene 3' UTR	1	ENSG00000196352	True	True	d	/home/sharedFolder/humanSTARindex/Homo_sapiens.GRCh38.99.gtf
244880	2	60935218	60936170	-	ENSG00000162927	outside any same-strand gene	0		False	False	d	/home/sharedFolder/humanSTARindex/Homo_sapiens.GRCh38.99.gtf
316485	3	71476267	71477128	-	ENSG00000114861	intronic (same-strand gene body)	2		True	False	d	/home/sharedFolder/humanSTARindex/Homo_sapiens.GRCh38.99.gtf
455605	8	65731628	65733417	-	ENSG00000205268	exonic, not 3' UTR	1		True	True	d	/home/sharedFolder/humanSTARindex/Homo_sapiens.GRCh38.99.gtf
451443	8	30101045	30102688	+	ENSG00000104660	exonic, not 3' UTR	1		True	True	d	/home/sharedFolder/humanSTARindex/Homo_sapiens.GRCh38.99.gtf
158639	15	65687256	65688697	-	ENSG00000174485	intronic (same-strand gene body)	1		True	False	d	/home/sharedFolder/humanSTARindex/Homo_sapiens.GRCh38.99.gtf
411544	6	137882277	137882365	+	ENSG00000118503	own-gene 3' UTR	1	ENSG00000118503	True	True	d	/home/sharedFolder/humanSTARindex/Homo_sapiens.GRCh38.99.gtf
158716	15	65768161	65768997	-	ENSG00000174485	intronic (same-strand gene body)	1		True	False	d	/home/sharedFolder/humanSTARindex/Homo_sapiens.GRCh38.99.gtf
219292	19	4973206	4974647	+	ENSG00000127663	intronic (same-strand gene body)	1		True	False	d	/home/sharedFolder/humanSTARindex/Homo_sapiens.GRCh38.99.gtf
95806	12	7934881	7935502	-	ENSG00000059804	intronic (same-strand gene body)	1		True	False	d	/home/sharedFolder/humanSTARindex/Homo_sapiens.GRCh38.99.gtf
241144	2	38733840	38734768	+	ENSG00000143891	own-gene 3' UTR	1	ENSG00000143891	True	True	d	/home/sharedFolder/humanSTARindex/Homo_sapiens.GRCh38.99.gtf
367689	5	58973806	58974373	-	ENSG00000113448	own-gene 3' UTR	1	ENSG00000113448	True	True	d	/home/sharedFolder/humanSTARindex/Homo_sapiens.GRCh38.99.gtf
346768	4	77743327	77744194	-	ENSG00000138767	intronic (same-strand gene body)	1		True	False	d	/home/sharedFolder/humanSTARindex/Homo_sapiens.GRCh38.99.gtf
312166	3	49385131	49386591	-	ENSG00000067560	intronic (same-strand gene body)	1		True	False	d	/home/sharedFolder/humanSTARindex/Homo_sapiens.GRCh38.99.gtf
346762	4	77737128	77738158	-	ENSG00000138767	intronic (same-strand gene body)	1		True	False	d	/home/sharedFolder/humanSTARindex/Homo_sapiens.GRCh38.99.gtf
38584	1	198648575	198651141	+	ENSG00000081237	intronic (same-strand gene body)	1		True	False	d	/home/sharedFolder/humanSTARindex/Homo_sapiens.GRCh38.99.gtf
71840	11	316393	317171	+	ENSG00000185201	outside any same-strand gene	0		False	False	d	/home/sharedFolder/humanSTARindex/Homo_sapiens.GRCh38.99.gtf
367720	5	59022275	59023031	-	ENSG00000113448	intronic (same-strand gene body)	1		True	False	d	/home/sharedFolder/humanSTARindex/Homo_sapiens.GRCh38.99.gtf
276156	2	241059509	241061269	+	ENSG00000162804	intronic (same-strand gene body)	1		True	False	d	/home/sharedFolder/humanSTARindex/Homo_sapiens.GRCh38.99.gtf
27967	1	149463925	149463926	+	ENSG00000286219	intronic (same-strand gene body)	2		True	False	d	/home/sharedFolder/humanSTARindex/Homo_sapiens.GRCh38.99.gtf
219807	19	6588910	6590651	-	ENSG00000125726	exonic, not 3' UTR	1		True	True	d	/home/sharedFolder/humanSTARindex/Homo_sapiens.GRCh38.99.gtf
5909	1	23693426	23694396	+	ENSG00000142676	own-gene 3' UTR	1	ENSG00000142676	True	True	d	/home/sharedFolder/humanSTARindex/Homo_sapiens.GRCh38.99.gtf
460258	8	100291846	100292499	-	ENSG00000034677	intronic (same-strand gene body)	1		True	False	d	/home/sharedFolder/humanSTARindex/Homo_sapiens.GRCh38.99.gtf
273852	2	230312611	230313217	+	ENSG00000079263	own-gene 3' UTR	1	ENSG00000079263	True	True	d	/home/sharedFolder/humanSTARindex/Homo_sapiens.GRCh38.99.gtf
501393	X	124102293	124102499	+	ENSG00000101972	own-gene 3' UTR	1	ENSG00000101972	True	True	d	/home/sharedFolder/humanSTARindex/Homo_sapiens.GRCh38.99.gtf
396154	6	32444739	32445193	+	ENSG00000204287	own-gene 3' UTR	1	ENSG00000204287	True	True	d	/home/sharedFolder/humanSTARindex/Homo_sapiens.GRCh38.99.gtf
44703	1	230279568	230280219	+	ENSG00000143641	own-gene 3' UTR	1	ENSG00000143641	True	True	d	/home/sharedFolder/humanSTARindex/Homo_sapiens.GRCh38.99.gtf
346822	4	77790099	77792495	-	ENSG00000138767	intronic (same-strand gene body)	1		True	False	d	/home/sharedFolder/humanSTARindex/Homo_sapiens.GRCh38.99.gtf
396572	6	33276465	33276504	+	ENSG00000231500	own-gene 3' UTR	1	ENSG00000231500	True	True	d	/home/sharedFolder/humanSTARindex/Homo_sapiens.GRCh38.99.gtf
210492	18	13438308	13439081	+	ENSG00000168675	exonic, not 3' UTR	1		True	True	d	/home/sharedFolder/humanSTARindex/Homo_sapiens.GRCh38.99.gtf
90684	11	117065146	117067143	-	ENSG00000160584	intronic (same-strand gene body)	1		True	False	d	/home/sharedFolder/humanSTARindex/Homo_sapiens.GRCh38.99.gtf
210470	18	13398754	13399384	+	ENSG00000168675	intronic (same-strand gene body)	1		True	False	d	/home/sharedFolder/humanSTARindex/Homo_sapiens.GRCh38.99.gtf
231932	19	49474513	49475377	+	ENSG00000161618	other-gene 3' UTR	3	ENSG00000269469	False	True	d	/home/sharedFolder/humanSTARindex/Homo_sapiens.GRCh38.99.gtf
242119	2	43224964	43226537	-	ENSG00000152518	exonic, not 3' UTR	1		True	True	d	/home/sharedFolder/humanSTARindex/Homo_sapiens.GRCh38.99.gtf
500841	X	119683804	119684992	-	ENSG00000125354	intronic (same-strand gene body)	1		True	False	d	/home/sharedFolder/humanSTARindex/Homo_sapiens.GRCh38.99.gtf
501334	X	123972522	123973684	+	ENSG00000101972	intronic (same-strand gene body)	1		True	False	d	/home/sharedFolder/humanSTARindex/Homo_sapiens.GRCh38.99.gtf
141914	14	71356161	71356890	+	ENSG00000197555	intronic (same-strand gene body)	1		True	False	d	/home/sharedFolder/humanSTARindex/Homo_sapiens.GRCh38.99.gtf
413525	6	149458092	149459558	-	ENSG00000178199	own-gene 3' UTR	1	ENSG00000178199	True	True	d	/home/sharedFolder/humanSTARindex/Homo_sapiens.GRCh38.99.gtf
19976	1	92959557	92960588	-	ENSG00000154511	intronic (same-strand gene body)	1		True	False	d	/home/sharedFolder/humanSTARindex/Homo_sapiens.GRCh38.99.gtf
146921	14	100097575	100099334	+	ENSG00000196405	exonic, not 3' UTR	1		True	True	d	/home/sharedFolder/humanSTARindex/Homo_sapiens.GRCh38.99.gtf
38679	1	198746702	198747794	+	ENSG00000081237	intronic (same-strand gene body)	1		True	False	d	/home/sharedFolder/humanSTARindex/Homo_sapiens.GRCh38.99.gtf
266869	2	191066822	191069751	-	ENSG00000138378	own-gene 3' UTR	1	ENSG00000138378	True	True	d	/home/sharedFolder/humanSTARindex/Homo_sapiens.GRCh38.99.gtf
460263	8	100295830	100296590	-	ENSG00000034677	intronic (same-strand gene body)	1		True	False	d	/home/sharedFolder/humanSTARindex/Homo_sapiens.GRCh38.99.gtf
485266	9	129895260	129896151	-	ENSG00000187239	own-gene 3' UTR	1	ENSG00000187239	True	True	d	/home/sharedFolder/humanSTARindex/Homo_sapiens.GRCh38.99.gtf
134835	14	35104711	35105690	+	ENSG00000151327	intronic (same-strand gene body)	1		True	False	d	/home/sharedFolder/humanSTARindex/Homo_sapiens.GRCh38.99.gtf
426845	7	50327725	50329570	+	ENSG00000185811	exonic, not 3' UTR	1		True	True	d	/home/sharedFolder/humanSTARindex/Homo_sapiens.GRCh38.99.gtf
451419	8	30081288	30081348	-	ENSG00000133872	intronic (same-strand gene body)	1		True	False	d	/home/sharedFolder/humanSTARindex/Homo_sapiens.GRCh38.99.gtf
231902	19	49338728	49338997	+	ENSG00000104894	own-gene 3' UTR	1	ENSG00000104894	True	True	d	/home/sharedFolder/humanSTARindex/Homo_sapiens.GRCh38.99.gtf
232164	19	49906824	49907206	-	ENSG00000104951	other-gene 3' UTR	2	ENSG00000213024	True	True	d	/home/sharedFolder/humanSTARindex/Homo_sapiens.GRCh38.99.gtf
241162	2	38747473	38748532	-	ENSG00000115875	own-gene 3' UTR	1	ENSG00000115875	True	True	d	/home/sharedFolder/humanSTARindex/Homo_sapiens.GRCh38.99.gtf
183234	16	88643288	88643434	-	ENSG00000051523	own-gene 3' UTR	1	ENSG00000051523	True	True	d	/home/sharedFolder/humanSTARindex/Homo_sapiens.GRCh38.99.gtf
31997	1	160683356	160684043	-	ENSG00000117091	own-gene 3' UTR	1	ENSG00000117091	True	True	d	/home/sharedFolder/humanSTARindex/Homo_sapiens.GRCh38.99.gtf
491155	X	19827689	19828623	-	ENSG00000147010	intronic (same-strand gene body)	1		True	False	d	/home/sharedFolder/humanSTARindex/Homo_sapiens.GRCh38.99.gtf
22733	1	110901894	110902547	+	ENSG00000143119	outside any same-strand gene	0		False	False	d	/home/sharedFolder/humanSTARindex/Homo_sapiens.GRCh38.99.gtf
396500	6	33087185	33087206	+	ENSG00000223865	own-gene 3' UTR	1	ENSG00000223865	True	True	d	/home/sharedFolder/humanSTARindex/Homo_sapiens.GRCh38.99.gtf
145625	14	91834448	91835689	-	ENSG00000165929	intronic (same-strand gene body)	1		True	False	d	/home/sharedFolder/humanSTARindex/Homo_sapiens.GRCh38.99.gtf
383056	5	143398131	143400735	-	ENSG00000113580	exonic, not 3' UTR	1		True	True	d	/home/sharedFolder/humanSTARindex/Homo_sapiens.GRCh38.99.gtf
451409	8	30071011	30073515	-	ENSG00000133872	intronic (same-strand gene body)	1		True	False	d	/home/sharedFolder/humanSTARindex/Homo_sapiens.GRCh38.99.gtf
3278	1	13705450	13705918	+	ENSG00000116731	exonic, not 3' UTR	1		True	True	d	/home/sharedFolder/humanSTARindex/Homo_sapiens.GRCh38.99.gtf
415780	6	158730627	158731636	+	ENSG00000164674	intronic (same-strand gene body)	1		True	False	d	/home/sharedFolder/humanSTARindex/Homo_sapiens.GRCh38.99.gtf
306261	3	17363091	17364705	-	ENSG00000131374	intronic (same-strand gene body)	1		True	False	d	/home/sharedFolder/humanSTARindex/Homo_sapiens.GRCh38.99.gtf
341850	4	39551417	39551560	-	ENSG00000163683	own-gene 3' UTR	1	ENSG00000163683	True	True	d	/home/sharedFolder/humanSTARindex/Homo_sapiens.GRCh38.99.gtf
190569	17	28724350	28724359	+	ENSG00000198242	own-gene 3' UTR	1	ENSG00000198242	True	True	d	/home/sharedFolder/humanSTARindex/Homo_sapiens.GRCh38.99.gtf
346796	4	77772443	77772900	-	ENSG00000138767	intronic (same-strand gene body)	1		True	False	d	/home/sharedFolder/humanSTARindex/Homo_sapiens.GRCh38.99.gtf
491139	X	19798078	19798713	-	ENSG00000147010	intronic (same-strand gene body)	1		True	False	d	/home/sharedFolder/humanSTARindex/Homo_sapiens.GRCh38.99.gtf
195003	17	42291226	42291743	+	ENSG00000126561	intronic (same-strand gene body)	1		True	False	d	/home/sharedFolder/humanSTARindex/Homo_sapiens.GRCh38.99.gtf
122790	13	30458402	30459228	-	ENSG00000189403	own-gene 3' UTR	1	ENSG00000189403	True	True	d	/home/sharedFolder/humanSTARindex/Homo_sapiens.GRCh38.99.gtf
346907	4	77899334	77899856	+	ENSG00000169288	intronic (same-strand gene body)	1		True	False	d	/home/sharedFolder/humanSTARindex/Homo_sapiens.GRCh38.99.gtf
171485	16	21426958	21429659	-	ENSG00000169246	intronic (same-strand gene body)	1		True	False	d	/home/sharedFolder/humanSTARindex/Homo_sapiens.GRCh38.99.gtf
99878	12	25107944	25108339	+	ENSG00000118308	own-gene 3' UTR	1	ENSG00000118308	True	True	d	/home/sharedFolder/humanSTARindex/Homo_sapiens.GRCh38.99.gtf
316501	3	71501288	71502015	-	ENSG00000114861	intronic (same-strand gene body)	2		True	False	d	/home/sharedFolder/humanSTARindex/Homo_sapiens.GRCh38.99.gtf
492229	X	30694413	30694675	+	ENSG00000198814	own-gene 3' UTR	1	ENSG00000198814	True	True	d	/home/sharedFolder/humanSTARindex/Homo_sapiens.GRCh38.99.gtf
210469	18	13398007	13398464	+	ENSG00000168675	intronic (same-strand gene body)	1		True	False	d	/home/sharedFolder/humanSTARindex/Homo_sapiens.GRCh38.99.gtf
90650	11	117035721	117035850	-	ENSG00000160584	exonic, not 3' UTR	2		True	True	d	/home/sharedFolder/humanSTARindex/Homo_sapiens.GRCh38.99.gtf
218953	19	4231287	4232466	+	ENSG00000105246	exonic, not 3' UTR	1		True	True	d	/home/sharedFolder/humanSTARindex/Homo_sapiens.GRCh38.99.gtf
415291	6	157824541	157826523	+	ENSG00000130340	intronic (same-strand gene body)	1		True	False	d	/home/sharedFolder/humanSTARindex/Homo_sapiens.GRCh38.99.gtf
310642	3	45036063	45036071	+	ENSG00000075914	other-gene 3' UTR	2	ENSG00000163815	True	True	d	/home/sharedFolder/humanSTARindex/Homo_sapiens.GRCh38.99.gtf
97844	12	12790842	12791466	+	ENSG00000178878	own-gene 3' UTR	1	ENSG00000178878	True	True	d	/home/sharedFolder/humanSTARindex/Homo_sapiens.GRCh38.99.gtf
310640	3	45011467	45011473	+	ENSG00000075914	own-gene 3' UTR	2	ENSG00000075914	True	True	d	/home/sharedFolder/humanSTARindex/Homo_sapiens.GRCh38.99.gtf
249209	2	85597579	85597628	+	ENSG00000168899	other-gene 3' UTR	1	ENSG00000168894	False	True	d	/home/sharedFolder/humanSTARindex/Homo_sapiens.GRCh38.99.gtf
276869	20	1352152	1353798	-	ENSG00000274322	intronic (same-strand gene body)	1		True	False	d	/home/sharedFolder/humanSTARindex/Homo_sapiens.GRCh38.99.gtf
105074	12	52897186	52897224	-	ENSG00000170421	own-gene 3' UTR	1	ENSG00000170421	True	True	d	/home/sharedFolder/humanSTARindex/Homo_sapiens.GRCh38.99.gtf
275566	2	237779982	237780315	+	ENSG00000124831	own-gene 3' UTR	1	ENSG00000124831	True	True	d	/home/sharedFolder/humanSTARindex/Homo_sapiens.GRCh38.99.gtf
201620	17	64322500	64322879	-	ENSG00000261371	own-gene 3' UTR	1	ENSG00000261371	True	True	d	/home/sharedFolder/humanSTARindex/Homo_sapiens.GRCh38.99.gtf
344677	4	57030772	57030775	-	ENSG00000163453	own-gene 3' UTR	1	ENSG00000163453	True	True	d	/home/sharedFolder/humanSTARindex/Homo_sapiens.GRCh38.99.gtf
195110	17	42403621	42404315	-	ENSG00000177469	own-gene 3' UTR	1	ENSG00000177469	True	True	d	/home/sharedFolder/humanSTARindex/Homo_sapiens.GRCh38.99.gtf
396121	6	32194842	32195195	-	ENSG00000213654	other-gene 3' UTR	2	ENSG00000204301	True	True	d	/home/sharedFolder/humanSTARindex/Homo_sapiens.GRCh38.99.gtf
297958	22	31235812	31238031	+	ENSG00000182541	intronic (same-strand gene body)	1		True	False	d	/home/sharedFolder/humanSTARindex/Homo_sapiens.GRCh38.99.gtf
442352	7	135674975	135675238	+	ENSG00000243317	own-gene 3' UTR	1	ENSG00000243317	True	True	d	/home/sharedFolder/humanSTARindex/Homo_sapiens.GRCh38.99.gtf
186714	17	7557843	7557890	+	ENSG00000239697	own-gene 3' UTR	2	ENSG00000239697	True	True	d	/home/sharedFolder/humanSTARindex/Homo_sapiens.GRCh38.99.gtf
475134	9	71764910	71765466	-	ENSG00000135048	intronic (same-strand gene body)	1		True	False	d	/home/sharedFolder/humanSTARindex/Homo_sapiens.GRCh38.99.gtf
232069	19	49690218	49690575	+	ENSG00000126457	other-gene 3' UTR	1	ENSG00000224420	False	True	d	/home/sharedFolder/humanSTARindex/Homo_sapiens.GRCh38.99.gtf
203033	17	67680944	67682381	+	ENSG00000154217	intronic (same-strand gene body)	1		True	False	d	/home/sharedFolder/humanSTARindex/Homo_sapiens.GRCh38.99.gtf
242948	2	46386696	46386697	+	ENSG00000116016	own-gene 3' UTR	1	ENSG00000116016	True	True	d	/home/sharedFolder/humanSTARindex/Homo_sapiens.GRCh38.99.gtf
442121	7	134970191	134970729	+	ENSG00000122786	own-gene 3' UTR	1	ENSG00000122786	True	True	d	/home/sharedFolder/humanSTARindex/Homo_sapiens.GRCh38.99.gtf
433799	7	94429284	94429430	+	ENSG00000164692	exonic, not 3' UTR	1		True	True	d	/home/sharedFolder/humanSTARindex/Homo_sapiens.GRCh38.99.gtf
53508	10	24547196	24547674	+	ENSG00000120549	own-gene 3' UTR	1	ENSG00000120549	True	True	d	/home/sharedFolder/humanSTARindex/Homo_sapiens.GRCh38.99.gtf
242932	2	46358513	46359288	+	ENSG00000116016	intronic (same-strand gene body)	1		True	False	d	/home/sharedFolder/humanSTARindex/Homo_sapiens.GRCh38.99.gtf
327674	3	149369373	149369673	-	ENSG00000169908	own-gene 3' UTR	1	ENSG00000169908	True	True	d	/home/sharedFolder/humanSTARindex/Homo_sapiens.GRCh38.99.gtf
220037	19	7144808	7145406	-	ENSG00000171105	intronic (same-strand gene body)	1		True	False	d	/home/sharedFolder/humanSTARindex/Homo_sapiens.GRCh38.99.gtf
492617	X	38688491	38688918	+	ENSG00000250349	other-gene 3' UTR	1	ENSG00000156298	False	True	d	/home/sharedFolder/humanSTARindex/Homo_sapiens.GRCh38.99.gtf
114931	12	108852025	108852810	-	ENSG00000084112	exonic, not 3' UTR	1		True	True	d	/home/sharedFolder/humanSTARindex/Homo_sapiens.GRCh38.99.gtf
186738	17	7581601	7581672	+	ENSG00000277957	other-gene 3' UTR	2	ENSG00000129226	False	True	d	/home/sharedFolder/humanSTARindex/Homo_sapiens.GRCh38.99.gtf
384381	5	151661446	151661839	-	ENSG00000113140	own-gene 3' UTR	1	ENSG00000113140	True	True	d	/home/sharedFolder/humanSTARindex/Homo_sapiens.GRCh38.99.gtf
344682	4	57032394	57032559	-	ENSG00000163453	own-gene 3' UTR	1	ENSG00000163453	True	True	d	/home/sharedFolder/humanSTARindex/Homo_sapiens.GRCh38.99.gtf
201618	17	64319414	64319415	-	ENSG00000261371	own-gene 3' UTR	1	ENSG00000261371	True	True	d	/home/sharedFolder/humanSTARindex/Homo_sapiens.GRCh38.99.gtf
503321	X	151405058	151405161	+	ENSG00000160131	own-gene 3' UTR	1	ENSG00000160131	True	True	d	/home/sharedFolder/humanSTARindex/Homo_sapiens.GRCh38.99.gtf
489166	X	2724212	2725252	+	ENSG00000002586	intronic (same-strand gene body)	1		True	False	d	/home/sharedFolder/humanSTARindex/Homo_sapiens.GRCh38.99.gtf
452429	8	38729352	38729893	+	ENSG00000147526	intronic (same-strand gene body)	1		True	False	d	/home/sharedFolder/humanSTARindex/Homo_sapiens.GRCh38.99.gtf
131210	13	110512599	110513027	+	ENSG00000134871	own-gene 3' UTR	1	ENSG00000134871	True	True	d	/home/sharedFolder/humanSTARindex/Homo_sapiens.GRCh38.99.gtf
131216	13	110521325	110522506	+	ENSG00000134871	outside any same-strand gene	0		False	False	d	/home/sharedFolder/humanSTARindex/Homo_sapiens.GRCh38.99.gtf
195099	17	42386400	42386541	-	ENSG00000168610	intronic (same-strand gene body)	1		True	False	d	/home/sharedFolder/humanSTARindex/Homo_sapiens.GRCh38.99.gtf
435945	7	102508320	102509387	-	ENSG00000170667	intronic (same-strand gene body)	1		True	False	d	/home/sharedFolder/humanSTARindex/Homo_sapiens.GRCh38.99.gtf
344712	4	57108627	57110319	-	ENSG00000163453	exonic, not 3' UTR	1		True	True	d	/home/sharedFolder/humanSTARindex/Homo_sapiens.GRCh38.99.gtf
242933	2	46363936	46364397	+	ENSG00000116016	intronic (same-strand gene body)	1		True	False	d	/home/sharedFolder/humanSTARindex/Homo_sapiens.GRCh38.99.gtf
289721	21	25880549	25880553	-	ENSG00000142192	own-gene 3' UTR	1	ENSG00000142192	True	True	d	/home/sharedFolder/humanSTARindex/Homo_sapiens.GRCh38.99.gtf
299474	22	38344349	38344815	-	ENSG00000283900	exonic, not 3' UTR	2		True	True	d	/home/sharedFolder/humanSTARindex/Homo_sapiens.GRCh38.99.gtf
489165	X	2723408	2724019	+	ENSG00000002586	exonic, not 3' UTR	1		True	True	d	/home/sharedFolder/humanSTARindex/Homo_sapiens.GRCh38.99.gtf
122938	13	30764303	30764315	+	ENSG00000132965	own-gene 3' UTR	1	ENSG00000132965	True	True	d	/home/sharedFolder/humanSTARindex/Homo_sapiens.GRCh38.99.gtf
327771	3	149651922	149652460	-	ENSG00000018408	intronic (same-strand gene body)	1		True	False	d	/home/sharedFolder/humanSTARindex/Homo_sapiens.GRCh38.99.gtf
166233	16	1228656	1228665	-	ENSG00000197253	exonic, not 3' UTR	1		True	True	d	/home/sharedFolder/humanSTARindex/Homo_sapiens.GRCh38.99.gtf
32250	1	161214348	161214395	+	ENSG00000158864	own-gene 3' UTR	1	ENSG00000158864	True	True	d	/home/sharedFolder/humanSTARindex/Homo_sapiens.GRCh38.99.gtf
242913	2	46302241	46303213	+	ENSG00000116016	intronic (same-strand gene body)	1		True	False	d	/home/sharedFolder/humanSTARindex/Homo_sapiens.GRCh38.99.gtf
95794	12	7928296	7929126	-	ENSG00000059804	intronic (same-strand gene body)	1		True	False	d	/home/sharedFolder/humanSTARindex/Homo_sapiens.GRCh38.99.gtf
208535	18	3277861	3277870	+	ENSG00000118680	exonic, not 3' UTR	1		True	True	d	/home/sharedFolder/humanSTARindex/Homo_sapiens.GRCh38.99.gtf
77245	11	33708670	33709081	-	ENSG00000284969	other-gene 3' UTR	2	ENSG00000085063	True	True	d	/home/sharedFolder/humanSTARindex/Homo_sapiens.GRCh38.99.gtf
396118	6	32190764	32191309	-	ENSG00000213654	own-gene 3' UTR	1	ENSG00000213654	True	True	d	/home/sharedFolder/humanSTARindex/Homo_sapiens.GRCh38.99.gtf
317992	3	99849411	99851293	-	ENSG00000168386	exonic, not 3' UTR	1		True	True	d	/home/sharedFolder/humanSTARindex/Homo_sapiens.GRCh38.99.gtf
413608	6	149591141	149591151	+	ENSG00000055211	own-gene 3' UTR	1	ENSG00000055211	True	True	d	/home/sharedFolder/humanSTARindex/Homo_sapiens.GRCh38.99.gtf
333638	3	185931539	185932211	-	ENSG00000136527	own-gene 3' UTR	1	ENSG00000136527	True	True	d	/home/sharedFolder/humanSTARindex/Homo_sapiens.GRCh38.99.gtf
417107	6	166409363	166410125	-	ENSG00000071242	own-gene 3' UTR	1	ENSG00000071242	True	True	d	/home/sharedFolder/humanSTARindex/Homo_sapiens.GRCh38.99.gtf
194700	17	41692067	41692668	+	ENSG00000173812	own-gene 3' UTR	1	ENSG00000173812	True	True	d	/home/sharedFolder/humanSTARindex/Homo_sapiens.GRCh38.99.gtf
475046	9	71683365	71684079	-	ENSG00000135048	own-gene 3' UTR	1	ENSG00000135048	True	True	d	/home/sharedFolder/humanSTARindex/Homo_sapiens.GRCh38.99.gtf
24060	1	116385590	116386633	+	ENSG00000163399	exonic, not 3' UTR	1		True	True	d	/home/sharedFolder/humanSTARindex/Homo_sapiens.GRCh38.99.gtf
1198	1	6185019	6185193	-	ENSG00000285629	other-gene 3' UTR	2	ENSG00000116251	True	True	d	/home/sharedFolder/humanSTARindex/Homo_sapiens.GRCh38.99.gtf
367244	5	55940036	55941295	-	ENSG00000134352	own-gene 3' UTR	1	ENSG00000134352	True	True	d	/home/sharedFolder/humanSTARindex/Homo_sapiens.GRCh38.99.gtf
413607	6	149590842	149590991	+	ENSG00000055211	own-gene 3' UTR	1	ENSG00000055211	True	True	d	/home/sharedFolder/humanSTARindex/Homo_sapiens.GRCh38.99.gtf
318128	3	100178599	100178603	+	ENSG00000184220	own-gene 3' UTR	1	ENSG00000184220	True	True	d	/home/sharedFolder/humanSTARindex/Homo_sapiens.GRCh38.99.gtf
446407	7	157417434	157417439	+	ENSG00000105993	own-gene 3' UTR	1	ENSG00000105993	True	True	d	/home/sharedFolder/humanSTARindex/Homo_sapiens.GRCh38.99.gtf
318976	3	105861474	105862981	-	ENSG00000114423	intronic (same-strand gene body)	1		True	False	d	/home/sharedFolder/humanSTARindex/Homo_sapiens.GRCh38.99.gtf
299215	22	37678483	37679329	+	ENSG00000100097	own-gene 3' UTR	1	ENSG00000100097	True	True	d	/home/sharedFolder/humanSTARindex/Homo_sapiens.GRCh38.99.gtf
434720	7	99394555	99394832	+	ENSG00000284292	own-gene 3' UTR	2	ENSG00000130429,ENSG00000284292	True	True	d	/home/sharedFolder/humanSTARindex/Homo_sapiens.GRCh38.99.gtf
231745	19	48966386	48966477	+	ENSG00000087088	exonic, not 3' UTR	1		False	True	d	/home/sharedFolder/humanSTARindex/Homo_sapiens.GRCh38.99.gtf
169732	16	15062851	15062854	+	ENSG00000179889	intronic (same-strand gene body)	1		True	False	d	/home/sharedFolder/humanSTARindex/Homo_sapiens.GRCh38.99.gtf
327704	3	149520244	149520918	-	ENSG00000018408	own-gene 3' UTR	1	ENSG00000018408	True	True	d	/home/sharedFolder/humanSTARindex/Homo_sapiens.GRCh38.99.gtf
83695	11	72685068	72685074	-	ENSG00000186635	own-gene 3' UTR	1	ENSG00000186635	True	True	d	/home/sharedFolder/humanSTARindex/Homo_sapiens.GRCh38.99.gtf
475412	9	73156927	73158536	+	ENSG00000135046	exonic, not 3' UTR	1		True	True	d	/home/sharedFolder/humanSTARindex/Homo_sapiens.GRCh38.99.gtf
185852	17	4735174	4735500	-	ENSG00000161921	exonic, not 3' UTR	1		True	True	d	/home/sharedFolder/humanSTARindex/Homo_sapiens.GRCh38.99.gtf
26657	1	145995189	145995264	-	ENSG00000265972	exonic, not 3' UTR	1		True	True	d	/home/sharedFolder/humanSTARindex/Homo_sapiens.GRCh38.99.gtf
449550	8	19965410	19966166	+	ENSG00000175445	own-gene 3' UTR	1	ENSG00000175445	True	True	d	/home/sharedFolder/humanSTARindex/Homo_sapiens.GRCh38.99.gtf
79533	11	57741529	57742439	+	ENSG00000288534	other-gene 3' UTR	3	ENSG00000211450,ENSG00000254732	True	True	d	/home/sharedFolder/humanSTARindex/Homo_sapiens.GRCh38.99.gtf
350881	4	102796589	102796874	-	ENSG00000109332	own-gene 3' UTR	1	ENSG00000109332	True	True	d	/home/sharedFolder/humanSTARindex/Homo_sapiens.GRCh38.99.gtf
81389	11	65111665	65111862	+	ENSG00000149823	own-gene 3' UTR	2	ENSG00000149823	True	True	d	/home/sharedFolder/humanSTARindex/Homo_sapiens.GRCh38.99.gtf
419592	7	6462556	6463044	-	ENSG00000164535	other-gene 3' UTR	2	ENSG00000136240	True	True	d	/home/sharedFolder/humanSTARindex/Homo_sapiens.GRCh38.99.gtf
388259	5	179728829	179729152	+	ENSG00000127022	own-gene 3' UTR	1	ENSG00000127022	True	True	d	/home/sharedFolder/humanSTARindex/Homo_sapiens.GRCh38.99.gtf
28684	1	150577184	150577254	-	ENSG00000143384	own-gene 3' UTR	1	ENSG00000143384	True	True	d	/home/sharedFolder/humanSTARindex/Homo_sapiens.GRCh38.99.gtf
204623	17	75320306	75320354	-	ENSG00000177885	own-gene 3' UTR	1	ENSG00000177885	True	True	d	/home/sharedFolder/humanSTARindex/Homo_sapiens.GRCh38.99.gtf
230125	19	44919274	44919346	+	ENSG00000130208	own-gene 3' UTR	1	ENSG00000130208	True	True	d	/home/sharedFolder/humanSTARindex/Homo_sapiens.GRCh38.99.gtf
200313	17	60421207	60421453	-	ENSG00000170832	own-gene 3' UTR	1	ENSG00000170832	True	True	d	/home/sharedFolder/humanSTARindex/Homo_sapiens.GRCh38.99.gtf
469417	9	19117130	19118438	-	ENSG00000147872	exonic, not 3' UTR	1		True	True	d	/home/sharedFolder/humanSTARindex/Homo_sapiens.GRCh38.99.gtf
406897	6	109368543	109368679	-	ENSG00000135535	own-gene 3' UTR	1	ENSG00000135535	True	True	d	/home/sharedFolder/humanSTARindex/Homo_sapiens.GRCh38.99.gtf
460515	8	100919688	100920005	-	ENSG00000164924	own-gene 3' UTR	1	ENSG00000164924	True	True	d	/home/sharedFolder/humanSTARindex/Homo_sapiens.GRCh38.99.gtf
79535	11	57742913	57743038	+	ENSG00000288534	other-gene 3' UTR	3	ENSG00000211450,ENSG00000254732	True	True	d	/home/sharedFolder/humanSTARindex/Homo_sapiens.GRCh38.99.gtf
220265	19	7682763	7682854	+	ENSG00000183019	other-gene 3' UTR	2	ENSG00000181029,ENSG00000269711	False	True	d	/home/sharedFolder/humanSTARindex/Homo_sapiens.GRCh38.99.gtf
331523	3	172630644	172631737	-	ENSG00000144959	own-gene 3' UTR	1	ENSG00000144959	True	True	d	/home/sharedFolder/humanSTARindex/Homo_sapiens.GRCh38.99.gtf
275521	2	237742457	237743208	+	ENSG00000124831	intronic (same-strand gene body)	1		True	False	d	/home/sharedFolder/humanSTARindex/Homo_sapiens.GRCh38.99.gtf
456412	8	70103384	70103798	-	ENSG00000140396	exonic, not 3' UTR	1		False	True	d	/home/sharedFolder/humanSTARindex/Homo_sapiens.GRCh38.99.gtf
66601	10	100274699	100274700	-	ENSG00000196072	own-gene 3' UTR	1	ENSG00000196072	True	True	d	/home/sharedFolder/humanSTARindex/Homo_sapiens.GRCh38.99.gtf
220263	19	7679599	7679642	+	ENSG00000183019	own-gene 3' UTR	2	ENSG00000183019	True	True	d	/home/sharedFolder/humanSTARindex/Homo_sapiens.GRCh38.99.gtf
457890	8	81479437	81479535	-	ENSG00000170323	own-gene 3' UTR	1	ENSG00000170323	True	True	d	/home/sharedFolder/humanSTARindex/Homo_sapiens.GRCh38.99.gtf
457888	8	81477778	81478504	-	ENSG00000170323	own-gene 3' UTR	1	ENSG00000170323	True	True	d	/home/sharedFolder/humanSTARindex/Homo_sapiens.GRCh38.99.gtf
299657	22	38734713	38734736	-	ENSG00000100242	own-gene 3' UTR	1	ENSG00000100242	True	True	d	/home/sharedFolder/humanSTARindex/Homo_sapiens.GRCh38.99.gtf
176612	16	54039787	54040226	+	ENSG00000140718	own-gene 3' UTR	1	ENSG00000140718	True	True	d	/home/sharedFolder/humanSTARindex/Homo_sapiens.GRCh38.99.gtf
449717	8	22163494	22163570	+	ENSG00000168484	own-gene 3' UTR	1	ENSG00000168484	True	True	d	/home/sharedFolder/humanSTARindex/Homo_sapiens.GRCh38.99.gtf
126558	13	50020309	50020918	+	ENSG00000204977	other-gene 3' UTR	2	ENSG00000198553	True	True	d	/home/sharedFolder/humanSTARindex/Homo_sapiens.GRCh38.99.gtf
159330	15	68206991	68207399	-	ENSG00000260007	other-gene 3' UTR	2	ENSG00000128973	True	True	d	/home/sharedFolder/humanSTARindex/Homo_sapiens.GRCh38.99.gtf
453750	8	47735633	47736039	-	ENSG00000221869	outside any same-strand gene	0		False	False	d	/home/sharedFolder/humanSTARindex/Homo_sapiens.GRCh38.99.gtf
28681	1	150575884	150576220	-	ENSG00000143384	own-gene 3' UTR	1	ENSG00000143384	True	True	d	/home/sharedFolder/humanSTARindex/Homo_sapiens.GRCh38.99.gtf
124719	13	41470574	41470579	+	ENSG00000102760	own-gene 3' UTR	1	ENSG00000102760	True	True	d	/home/sharedFolder/humanSTARindex/Homo_sapiens.GRCh38.99.gtf
129932	13	98812080	98812808	-	ENSG00000088387	intronic (same-strand gene body)	1		True	False	d	/home/sharedFolder/humanSTARindex/Homo_sapiens.GRCh38.99.gtf
327702	3	149517234	149517821	-	ENSG00000018408	own-gene 3' UTR	1	ENSG00000018408	True	True	d	/home/sharedFolder/humanSTARindex/Homo_sapiens.GRCh38.99.gtf
436995	7	105582171	105582197	-	ENSG00000185055	intronic (same-strand gene body)	1		True	False	d	/home/sharedFolder/humanSTARindex/Homo_sapiens.GRCh38.99.gtf
339433	4	15968227	15968691	-	ENSG00000137441	other-gene 3' UTR	2	ENSG00000007062	True	True	d	/home/sharedFolder/humanSTARindex/Homo_sapiens.GRCh38.99.gtf
430564	7	75149394	75149820	+	ENSG00000174428	own-gene 3' UTR	1	ENSG00000174428	True	True	d	/home/sharedFolder/humanSTARindex/Homo_sapiens.GRCh38.99.gtf
457868	8	81283345	81284126	+	ENSG00000164687	exonic, not 3' UTR	1		True	True	d	/home/sharedFolder/humanSTARindex/Homo_sapiens.GRCh38.99.gtf
181817	16	81053192	81053967	-	ENSG00000284512	other-gene 3' UTR	3	ENSG00000166455,ENSG00000260643	True	True	d	/home/sharedFolder/humanSTARindex/Homo_sapiens.GRCh38.99.gtf
36128	1	180197945	180198034	+	ENSG00000116260	own-gene 3' UTR	1	ENSG00000116260	True	True	d	/home/sharedFolder/humanSTARindex/Homo_sapiens.GRCh38.99.gtf
310392	3	43718412	43718893	+	ENSG00000011198	own-gene 3' UTR	1	ENSG00000011198	True	True	d	/home/sharedFolder/humanSTARindex/Homo_sapiens.GRCh38.99.gtf
21646	1	103664397	103664554	+	ENSG00000237763	own-gene 3' UTR	1	ENSG00000237763	True	True	d	/home/sharedFolder/humanSTARindex/Homo_sapiens.GRCh38.99.gtf
396590	6	33298163	33298442	+	ENSG00000204220	own-gene 3' UTR	1	ENSG00000204220	True	True	d	/home/sharedFolder/humanSTARindex/Homo_sapiens.GRCh38.99.gtf
21647	1	103687414	103687421	-	ENSG00000174876	own-gene 3' UTR	1	ENSG00000174876	True	True	d	/home/sharedFolder/humanSTARindex/Homo_sapiens.GRCh38.99.gtf
169731	16	15062563	15062725	+	ENSG00000179889	intronic (same-strand gene body)	1		True	False	d	/home/sharedFolder/humanSTARindex/Homo_sapiens.GRCh38.99.gtf
220261	19	7679176	7679259	+	ENSG00000183019	own-gene 3' UTR	2	ENSG00000183019	True	True	d	/home/sharedFolder/humanSTARindex/Homo_sapiens.GRCh38.99.gtf
430307	7	74796140	74796544	-	ENSG00000196275	own-gene 3' UTR	1	ENSG00000196275	True	True	d	/home/sharedFolder/humanSTARindex/Homo_sapiens.GRCh38.99.gtf
26998	1	147183981	147184674	-	ENSG00000131781	own-gene 3' UTR	1	ENSG00000131781	True	True	d	/home/sharedFolder/humanSTARindex/Homo_sapiens.GRCh38.99.gtf
415871	6	158805013	158805682	-	ENSG00000092820	intronic (same-strand gene body)	1		True	False	d	/home/sharedFolder/humanSTARindex/Homo_sapiens.GRCh38.99.gtf
249289	2	85667268	85668220	-	ENSG00000168878	exonic, not 3' UTR	1		True	True	d	/home/sharedFolder/humanSTARindex/Homo_sapiens.GRCh38.99.gtf
166486	16	1965503	1965504	+	ENSG00000140990	exonic, not 3' UTR	1		False	True	d	/home/sharedFolder/humanSTARindex/Homo_sapiens.GRCh38.99.gtf
339430	4	15960239	15960510	-	ENSG00000137441	own-gene 3' UTR	1	ENSG00000137441	True	True	d	/home/sharedFolder/humanSTARindex/Homo_sapiens.GRCh38.99.gtf
276168	2	241085068	241086376	-	ENSG00000122085	intronic (same-strand gene body)	1		True	False	d	/home/sharedFolder/humanSTARindex/Homo_sapiens.GRCh38.99.gtf
430335	7	74832515	74832847	-	ENSG00000196275	own-gene 3' UTR	1	ENSG00000196275	True	True	d	/home/sharedFolder/humanSTARindex/Homo_sapiens.GRCh38.99.gtf
21649	1	103695850	103695860	-	ENSG00000174876	intronic (same-strand gene body)	1		True	False	d	/home/sharedFolder/humanSTARindex/Homo_sapiens.GRCh38.99.gtf
393218	6	21593793	21594203	+	ENSG00000124766	exonic, not 3' UTR	1		True	True	d	/home/sharedFolder/humanSTARindex/Homo_sapiens.GRCh38.99.gtf
415838	6	158774319	158776072	-	ENSG00000092820	intronic (same-strand gene body)	1		True	False	d	/home/sharedFolder/humanSTARindex/Homo_sapiens.GRCh38.99.gtf
125427	13	45339500	45339821	-	ENSG00000133112	exonic, not 3' UTR	1		True	True	d	/home/sharedFolder/humanSTARindex/Homo_sapiens.GRCh38.99.gtf
21644	1	103656109	103656119	+	ENSG00000237763	intronic (same-strand gene body)	1		True	False	d	/home/sharedFolder/humanSTARindex/Homo_sapiens.GRCh38.99.gtf
471767	9	36162589	36162590	+	ENSG00000122694	own-gene 3' UTR	1	ENSG00000122694	True	True	d	/home/sharedFolder/humanSTARindex/Homo_sapiens.GRCh38.99.gtf
368447	5	61164861	61165702	-	ENSG00000188725	outside any same-strand gene	0		False	False	d	/home/sharedFolder/humanSTARindex/Homo_sapiens.GRCh38.99.gtf
252601	2	101277013	101277138	-	ENSG00000163162	own-gene 3' UTR	1	ENSG00000163162	True	True	d	/home/sharedFolder/humanSTARindex/Homo_sapiens.GRCh38.99.gtf
188593	17	16382208	16382209	+	ENSG00000170315	exonic, not 3' UTR	1		True	True	d	/home/sharedFolder/humanSTARindex/Homo_sapiens.GRCh38.99.gtf
72035	11	704119	704129	+	ENSG00000177106	other-gene 3' UTR	2	ENSG00000177042	True	True	d	/home/sharedFolder/humanSTARindex/Homo_sapiens.GRCh38.99.gtf
398975	6	41934951	41934952	-	ENSG00000112576	own-gene 3' UTR	1	ENSG00000112576	True	True	d	/home/sharedFolder/humanSTARindex/Homo_sapiens.GRCh38.99.gtf
271825	2	218388822	218388823	+	ENSG00000018280	intronic (same-strand gene body)	1		True	False	d	/home/sharedFolder/humanSTARindex/Homo_sapiens.GRCh38.99.gtf
255430	2	113958400	113958401	+	ENSG00000115091	own-gene 3' UTR	1	ENSG00000115091	True	True	d	/home/sharedFolder/humanSTARindex/Homo_sapiens.GRCh38.99.gtf
342559	4	40809576	40809985	+	ENSG00000179299	own-gene 3' UTR	1	ENSG00000179299	True	True	d	/home/sharedFolder/humanSTARindex/Homo_sapiens.GRCh38.99.gtf
457895	8	81481438	81481439	-	ENSG00000170323	intronic (same-strand gene body)	1		True	False	d	/home/sharedFolder/humanSTARindex/Homo_sapiens.GRCh38.99.gtf
471770	9	36163908	36163909	+	ENSG00000122694	own-gene 3' UTR	1	ENSG00000122694	True	True	d	/home/sharedFolder/humanSTARindex/Homo_sapiens.GRCh38.99.gtf
486232	9	132889685	132890108	+	ENSG00000165698	own-gene 3' UTR	1	ENSG00000165698	True	True	d	/home/sharedFolder/humanSTARindex/Homo_sapiens.GRCh38.99.gtf
294061	21	46323385	46323872	-	ENSG00000160298	exonic, not 3' UTR	1		True	True	d	/home/sharedFolder/humanSTARindex/Homo_sapiens.GRCh38.99.gtf
469401	9	19108528	19108612	-	ENSG00000147872	exonic, not 3' UTR	1		True	True	d	/home/sharedFolder/humanSTARindex/Homo_sapiens.GRCh38.99.gtf
294057	21	46301129	46301605	-	ENSG00000160298	own-gene 3' UTR	1	ENSG00000160298	True	True	d	/home/sharedFolder/humanSTARindex/Homo_sapiens.GRCh38.99.gtf
448552	8	16107307	16108965	-	ENSG00000038945	own-gene 3' UTR	1	ENSG00000038945	True	True	d	/home/sharedFolder/humanSTARindex/Homo_sapiens.GRCh38.99.gtf
398843	6	41273597	41274093	-	ENSG00000124731	own-gene 3' UTR	1	ENSG00000124731	True	True	d	/home/sharedFolder/humanSTARindex/Homo_sapiens.GRCh38.99.gtf
61413	10	73436536	73437202	-	ENSG00000107758	own-gene 3' UTR	1	ENSG00000107758	True	True	d	/home/sharedFolder/humanSTARindex/Homo_sapiens.GRCh38.99.gtf
244135	2	54972997	54973117	-	ENSG00000115310	own-gene 3' UTR	1	ENSG00000115310	True	True	d	/home/sharedFolder/humanSTARindex/Homo_sapiens.GRCh38.99.gtf
455971	8	66988218	66988418	-	ENSG00000178125	own-gene 3' UTR	1	ENSG00000178125	True	True	d	/home/sharedFolder/humanSTARindex/Homo_sapiens.GRCh38.99.gtf
188198	17	15529666	15532154	-	ENSG00000259024	exonic, not 3' UTR	3		True	True	d	/home/sharedFolder/humanSTARindex/Homo_sapiens.GRCh38.99.gtf
503325	X	151408937	151409364	+	ENSG00000160131	own-gene 3' UTR	1	ENSG00000160131	True	True	d	/home/sharedFolder/humanSTARindex/Homo_sapiens.GRCh38.99.gtf
155666	15	55202965	55203034	-	ENSG00000069974	own-gene 3' UTR	1	ENSG00000069974	True	True	d	/home/sharedFolder/humanSTARindex/Homo_sapiens.GRCh38.99.gtf
298305	22	31957288	31957438	+	ENSG00000285404	other-gene 3' UTR	1	ENSG00000128245	False	True	d	/home/sharedFolder/humanSTARindex/Homo_sapiens.GRCh38.99.gtf
474642	9	69008714	69009176	+	ENSG00000107242	own-gene 3' UTR	1	ENSG00000107242	True	True	d	/home/sharedFolder/humanSTARindex/Homo_sapiens.GRCh38.99.gtf
108453	12	68659512	68659666	+	ENSG00000127314	own-gene 3' UTR	1	ENSG00000127314	True	True	d	/home/sharedFolder/humanSTARindex/Homo_sapiens.GRCh38.99.gtf
390318	6	7281142	7281532	-	ENSG00000124783	own-gene 3' UTR	1	ENSG00000124783	True	True	d	/home/sharedFolder/humanSTARindex/Homo_sapiens.GRCh38.99.gtf
185848	17	4733525	4734370	-	ENSG00000161921	own-gene 3' UTR	1	ENSG00000161921	True	True	d	/home/sharedFolder/humanSTARindex/Homo_sapiens.GRCh38.99.gtf
27013	1	147203109	147203110	-	ENSG00000131781	intronic (same-strand gene body)	1		True	False	d	/home/sharedFolder/humanSTARindex/Homo_sapiens.GRCh38.99.gtf
39300	1	202016711	202017188	+	ENSG00000163435	own-gene 3' UTR	1	ENSG00000163435	True	True	d	/home/sharedFolder/humanSTARindex/Homo_sapiens.GRCh38.99.gtf
123000	13	31136956	31137019	-	ENSG00000120694	own-gene 3' UTR	1	ENSG00000120694	True	True	d	/home/sharedFolder/humanSTARindex/Homo_sapiens.GRCh38.99.gtf
335386	3	195516247	195516497	-	ENSG00000184203	own-gene 3' UTR	1	ENSG00000184203	True	True	d	/home/sharedFolder/humanSTARindex/Homo_sapiens.GRCh38.99.gtf
204621	17	75319983	75320011	-	ENSG00000177885	own-gene 3' UTR	1	ENSG00000177885	True	True	d	/home/sharedFolder/humanSTARindex/Homo_sapiens.GRCh38.99.gtf
252592	2	101275105	101275106	-	ENSG00000163162	intronic (same-strand gene body)	1		True	False	d	/home/sharedFolder/humanSTARindex/Homo_sapiens.GRCh38.99.gtf
6861	1	26281250	26281323	+	ENSG00000130695	other-gene 3' UTR	1	ENSG00000142669	False	True	d	/home/sharedFolder/humanSTARindex/Homo_sapiens.GRCh38.99.gtf
448614	8	16168314	16168828	-	ENSG00000038945	exonic, not 3' UTR	1		True	True	d	/home/sharedFolder/humanSTARindex/Homo_sapiens.GRCh38.99.gtf
460140	8	100153517	100153669	+	ENSG00000147669	own-gene 3' UTR	1	ENSG00000147669	True	True	d	/home/sharedFolder/humanSTARindex/Homo_sapiens.GRCh38.99.gtf
396584	6	33290871	33290933	+	ENSG00000204220	own-gene 3' UTR	1	ENSG00000204220	True	True	d	/home/sharedFolder/humanSTARindex/Homo_sapiens.GRCh38.99.gtf
275533	2	237753412	237753479	+	ENSG00000124831	exonic, not 3' UTR	1		True	True	d	/home/sharedFolder/humanSTARindex/Homo_sapiens.GRCh38.99.gtf
219555	19	5915773	5915882	+	ENSG00000267314	other-gene 3' UTR	1	ENSG00000105519	False	True	d	/home/sharedFolder/humanSTARindex/Homo_sapiens.GRCh38.99.gtf
91101	11	118409098	118409312	+	ENSG00000285827	other-gene 3' UTR	2	ENSG00000167283	True	True	d	/home/sharedFolder/humanSTARindex/Homo_sapiens.GRCh38.99.gtf
204765	17	75566480	75568057	+	ENSG00000073350	exonic, not 3' UTR	1		True	True	d	/home/sharedFolder/humanSTARindex/Homo_sapiens.GRCh38.99.gtf
275487	2	237710371	237710994	+	ENSG00000124831	intronic (same-strand gene body)	1		True	False	d	/home/sharedFolder/humanSTARindex/Homo_sapiens.GRCh38.99.gtf
347748	4	83092530	83093232	-	ENSG00000145287	own-gene 3' UTR	1	ENSG00000145287	True	True	d	/home/sharedFolder/humanSTARindex/Homo_sapiens.GRCh38.99.gtf
206515	17	80359001	80359632	+	ENSG00000173821	intronic (same-strand gene body)	1		True	False	d	/home/sharedFolder/humanSTARindex/Homo_sapiens.GRCh38.99.gtf
414218	6	151620465	151621204	+	ENSG00000120262	own-gene 3' UTR	1	ENSG00000120262	True	True	d	/home/sharedFolder/humanSTARindex/Homo_sapiens.GRCh38.99.gtf
68794	10	113166905	113167678	+	ENSG00000148737	own-gene 3' UTR	1	ENSG00000148737	True	True	d	/home/sharedFolder/humanSTARindex/Homo_sapiens.GRCh38.99.gtf
122281	13	27666101	27666137	+	ENSG00000186184	own-gene 3' UTR	1	ENSG00000186184	True	True	d	/home/sharedFolder/humanSTARindex/Homo_sapiens.GRCh38.99.gtf
475563	9	75146990	75147198	+	ENSG00000134996	own-gene 3' UTR	1	ENSG00000134996	True	True	d	/home/sharedFolder/humanSTARindex/Homo_sapiens.GRCh38.99.gtf
488719	X	1382487	1382689	+	ENSG00000185291	own-gene 3' UTR	1	ENSG00000185291	True	True	d	/home/sharedFolder/humanSTARindex/Homo_sapiens.GRCh38.99.gtf
448602	8	16158548	16159626	-	ENSG00000038945	intronic (same-strand gene body)	1		True	False	d	/home/sharedFolder/humanSTARindex/Homo_sapiens.GRCh38.99.gtf
209780	18	9954813	9954826	+	ENSG00000101558	own-gene 3' UTR	1	ENSG00000101558	True	True	d	/home/sharedFolder/humanSTARindex/Homo_sapiens.GRCh38.99.gtf
52155	10	17823167	17823563	+	ENSG00000260314	exonic, not 3' UTR	1		True	True	d	/home/sharedFolder/humanSTARindex/Homo_sapiens.GRCh38.99.gtf
154800	15	50707512	50707719	-	ENSG00000138600	own-gene 3' UTR	1	ENSG00000138600	True	True	d	/home/sharedFolder/humanSTARindex/Homo_sapiens.GRCh38.99.gtf
448554	8	16109430	16110140	-	ENSG00000038945	own-gene 3' UTR	1	ENSG00000038945	True	True	d	/home/sharedFolder/humanSTARindex/Homo_sapiens.GRCh38.99.gtf
36131	1	180202281	180202998	+	ENSG00000116260	own-gene 3' UTR	1	ENSG00000116260	True	True	d	/home/sharedFolder/humanSTARindex/Homo_sapiens.GRCh38.99.gtf
2717	1	10636658	10637575	-	ENSG00000130940	own-gene 3' UTR	1	ENSG00000130940	True	True	d	/home/sharedFolder/humanSTARindex/Homo_sapiens.GRCh38.99.gtf
36129	1	180199890	180200570	+	ENSG00000116260	own-gene 3' UTR	1	ENSG00000116260	True	True	d	/home/sharedFolder/humanSTARindex/Homo_sapiens.GRCh38.99.gtf
457887	8	81477650	81477660	-	ENSG00000170323	outside any same-strand gene	0		False	False	d	/home/sharedFolder/humanSTARindex/Homo_sapiens.GRCh38.99.gtf
258338	2	137967128	137967444	+	ENSG00000150540	own-gene 3' UTR	1	ENSG00000150540	True	True	d	/home/sharedFolder/humanSTARindex/Homo_sapiens.GRCh38.99.gtf
103773	12	48938705	48938748	-	ENSG00000272822	other-gene 3' UTR	2	ENSG00000134287	True	True	d	/home/sharedFolder/humanSTARindex/Homo_sapiens.GRCh38.99.gtf
285304	20	50082754	50082807	-	ENSG00000124208	own-gene 3' UTR	2	ENSG00000124208,ENSG00000244687	True	True	d	/home/sharedFolder/humanSTARindex/Homo_sapiens.GRCh38.99.gtf
105980	12	56103190	56103505	+	ENSG00000065361	own-gene 3' UTR	2	ENSG00000065361	True	True	d	/home/sharedFolder/humanSTARindex/Homo_sapiens.GRCh38.99.gtf
176313	16	53121751	53122339	+	ENSG00000177200	exonic, not 3' UTR	1		True	True	d	/home/sharedFolder/humanSTARindex/Homo_sapiens.GRCh38.99.gtf
271820	2	218388217	218388218	+	ENSG00000018280	exonic, not 3' UTR	1		True	True	d	/home/sharedFolder/humanSTARindex/Homo_sapiens.GRCh38.99.gtf
72089	11	809904	811058	+	ENSG00000177600	exonic, not 3' UTR	1		True	True	d	/home/sharedFolder/humanSTARindex/Homo_sapiens.GRCh38.99.gtf
230433	19	45526784	45526989	+	ENSG00000125753	own-gene 3' UTR	1	ENSG00000125753	True	True	d	/home/sharedFolder/humanSTARindex/Homo_sapiens.GRCh38.99.gtf
248205	2	74155931	74156267	-	ENSG00000114978	own-gene 3' UTR	1	ENSG00000114978	True	True	d	/home/sharedFolder/humanSTARindex/Homo_sapiens.GRCh38.99.gtf
97927	12	12917657	12917944	+	ENSG00000013588	own-gene 3' UTR	1	ENSG00000013588	True	True	d	/home/sharedFolder/humanSTARindex/Homo_sapiens.GRCh38.99.gtf
283790	20	44906531	44906532	+	ENSG00000166913	own-gene 3' UTR	1	ENSG00000166913	True	True	d	/home/sharedFolder/humanSTARindex/Homo_sapiens.GRCh38.99.gtf
18253	1	84501847	84501950	-	ENSG00000174021	exonic, not 3' UTR	2		True	True	d	/home/sharedFolder/humanSTARindex/Homo_sapiens.GRCh38.99.gtf
181830	16	81082252	81082842	-	ENSG00000284512	other-gene 3' UTR	3	ENSG00000140905	True	True	d	/home/sharedFolder/humanSTARindex/Homo_sapiens.GRCh38.99.gtf
415855	6	158788671	158790495	-	ENSG00000092820	exonic, not 3' UTR	1		True	True	d	/home/sharedFolder/humanSTARindex/Homo_sapiens.GRCh38.99.gtf
80992	11	63758794	63758821	+	ENSG00000133318	own-gene 3' UTR	1	ENSG00000133318	True	True	d	/home/sharedFolder/humanSTARindex/Homo_sapiens.GRCh38.99.gtf
448102	8	11844813	11844814	-	ENSG00000164733	own-gene 3' UTR	1	ENSG00000164733	True	True	d	/home/sharedFolder/humanSTARindex/Homo_sapiens.GRCh38.99.gtf
176586	16	53986746	53987525	+	ENSG00000140718	intronic (same-strand gene body)	1		True	False	d	/home/sharedFolder/humanSTARindex/Homo_sapiens.GRCh38.99.gtf
241158	2	38744892	38745080	-	ENSG00000115875	own-gene 3' UTR	1	ENSG00000115875	True	True	d	/home/sharedFolder/humanSTARindex/Homo_sapiens.GRCh38.99.gtf
333623	3	185916743	185916809	-	ENSG00000136527	own-gene 3' UTR	1	ENSG00000136527	True	True	d	/home/sharedFolder/humanSTARindex/Homo_sapiens.GRCh38.99.gtf
374221	5	87394266	87394368	-	ENSG00000134480	own-gene 3' UTR	1	ENSG00000134480	True	True	d	/home/sharedFolder/humanSTARindex/Homo_sapiens.GRCh38.99.gtf
6618	1	25362252	25362361	+	ENSG00000183726	own-gene 3' UTR	1	ENSG00000183726	True	True	d	/home/sharedFolder/humanSTARindex/Homo_sapiens.GRCh38.99.gtf
147484	14	102080948	102081633	-	ENSG00000080824	own-gene 3' UTR	1	ENSG00000080824	True	True	d	/home/sharedFolder/humanSTARindex/Homo_sapiens.GRCh38.99.gtf
152838	15	42549112	42550189	+	ENSG00000092531	intronic (same-strand gene body)	1		False	False	d	/home/sharedFolder/humanSTARindex/Homo_sapiens.GRCh38.99.gtf
134797	14	35080661	35081600	-	ENSG00000092020	outside any same-strand gene	0		False	False	d	/home/sharedFolder/humanSTARindex/Homo_sapiens.GRCh38.99.gtf
168694	16	11548578	11548644	-	ENSG00000189067	own-gene 3' UTR	1	ENSG00000189067	True	True	d	/home/sharedFolder/humanSTARindex/Homo_sapiens.GRCh38.99.gtf
373128	5	80628730	80629064	-	ENSG00000228716	own-gene 3' UTR	1	ENSG00000228716	True	True	d	/home/sharedFolder/humanSTARindex/Homo_sapiens.GRCh38.99.gtf
221128	19	10391462	10391479	-	ENSG00000105401	own-gene 3' UTR	1	ENSG00000105401	True	True	d	/home/sharedFolder/humanSTARindex/Homo_sapiens.GRCh38.99.gtf
353314	4	121685804	121686527	-	ENSG00000164111	exonic, not 3' UTR	1		True	True	d	/home/sharedFolder/humanSTARindex/Homo_sapiens.GRCh38.99.gtf
390331	6	7289534	7289675	-	ENSG00000124783	own-gene 3' UTR	1	ENSG00000124783	True	True	d	/home/sharedFolder/humanSTARindex/Homo_sapiens.GRCh38.99.gtf
459632	8	98044653	98044658	-	ENSG00000156482	exonic, not 3' UTR	1		True	True	d	/home/sharedFolder/humanSTARindex/Homo_sapiens.GRCh38.99.gtf
488706	X	1361245	1361782	+	ENSG00000185291	intronic (same-strand gene body)	1		True	False	d	/home/sharedFolder/humanSTARindex/Homo_sapiens.GRCh38.99.gtf
290589	21	32411311	32411737	-	ENSG00000265590	intronic (same-strand gene body)	1		True	False	d	/home/sharedFolder/humanSTARindex/Homo_sapiens.GRCh38.99.gtf
426339	7	44834160	44834440	-	ENSG00000105968	own-gene 3' UTR	1	ENSG00000105968	True	True	d	/home/sharedFolder/humanSTARindex/Homo_sapiens.GRCh38.99.gtf
440547	7	129415177	129417160	+	ENSG00000158467	intronic (same-strand gene body)	1		True	False	d	/home/sharedFolder/humanSTARindex/Homo_sapiens.GRCh38.99.gtf
167168	16	3537079	3538547	+	ENSG00000103351	own-gene 3' UTR	1	ENSG00000103351	True	True	d	/home/sharedFolder/humanSTARindex/Homo_sapiens.GRCh38.99.gtf
434856	7	99564431	99564705	+	ENSG00000197343	own-gene 3' UTR	2	ENSG00000197343	True	True	d	/home/sharedFolder/humanSTARindex/Homo_sapiens.GRCh38.99.gtf
474566	9	68780943	68781759	+	ENSG00000107242	other-gene 3' UTR	2	ENSG00000187866	True	True	d	/home/sharedFolder/humanSTARindex/Homo_sapiens.GRCh38.99.gtf
146239	14	94380874	94381068	-	ENSG00000197249	exonic, not 3' UTR	1		True	True	d	/home/sharedFolder/humanSTARindex/Homo_sapiens.GRCh38.99.gtf
193243	17	37143826	37143827	-	ENSG00000278540	exonic, not 3' UTR	2		True	True	d	/home/sharedFolder/humanSTARindex/Homo_sapiens.GRCh38.99.gtf
422011	7	23256974	23258048	+	ENSG00000136235	own-gene 3' UTR	1	ENSG00000136235	True	True	d	/home/sharedFolder/humanSTARindex/Homo_sapiens.GRCh38.99.gtf
66629	10	100362980	100363621	+	ENSG00000099194	own-gene 3' UTR	1	ENSG00000099194	True	True	d	/home/sharedFolder/humanSTARindex/Homo_sapiens.GRCh38.99.gtf
484685	9	128342480	128342522	+	ENSG00000167114	exonic, not 3' UTR	2		True	True	d	/home/sharedFolder/humanSTARindex/Homo_sapiens.GRCh38.99.gtf
406896	6	109368276	109368389	-	ENSG00000135535	own-gene 3' UTR	1	ENSG00000135535	True	True	d	/home/sharedFolder/humanSTARindex/Homo_sapiens.GRCh38.99.gtf
219550	19	5909516	5910107	+	ENSG00000267314	other-gene 3' UTR	2	ENSG00000187650	True	True	d	/home/sharedFolder/humanSTARindex/Homo_sapiens.GRCh38.99.gtf
29495	1	153390394	153390396	-	ENSG00000143546	exonic, not 3' UTR	1		True	True	d	/home/sharedFolder/humanSTARindex/Homo_sapiens.GRCh38.99.gtf
36817	1	183626734	183626854	-	ENSG00000162704	own-gene 3' UTR	1	ENSG00000162704	True	True	d	/home/sharedFolder/humanSTARindex/Homo_sapiens.GRCh38.99.gtf
267885	2	197489049	197489185	-	ENSG00000144381	exonic, not 3' UTR	1		True	True	d	/home/sharedFolder/humanSTARindex/Homo_sapiens.GRCh38.99.gtf
27558	1	148869125	148869813	+	ENSG00000178104	intronic (same-strand gene body)	1		True	False	d	/home/sharedFolder/humanSTARindex/Homo_sapiens.GRCh38.99.gtf
422395	7	25123457	25123778	-	ENSG00000172115	own-gene 3' UTR	1	ENSG00000172115	True	True	d	/home/sharedFolder/humanSTARindex/Homo_sapiens.GRCh38.99.gtf
13601	1	50640420	50641550	-	ENSG00000185104	intronic (same-strand gene body)	1		True	False	d	/home/sharedFolder/humanSTARindex/Homo_sapiens.GRCh38.99.gtf
105783	12	55787584	55788716	-	ENSG00000205323	intronic (same-strand gene body)	2		True	False	d	/home/sharedFolder/humanSTARindex/Homo_sapiens.GRCh38.99.gtf
324672	3	131388490	131388825	+	ENSG00000198585	own-gene 3' UTR	1	ENSG00000198585	True	True	d	/home/sharedFolder/humanSTARindex/Homo_sapiens.GRCh38.99.gtf
391267	6	13272928	13273703	+	ENSG00000112137	own-gene 3' UTR	1	ENSG00000112137	True	True	d	/home/sharedFolder/humanSTARindex/Homo_sapiens.GRCh38.99.gtf
378524	5	122829750	122829757	+	ENSG00000205302	own-gene 3' UTR	1	ENSG00000205302	True	True	d	/home/sharedFolder/humanSTARindex/Homo_sapiens.GRCh38.99.gtf
248288	2	74361154	74361158	-	ENSG00000264324	own-gene 3' UTR	2	ENSG00000204843,ENSG00000264324	True	True	d	/home/sharedFolder/humanSTARindex/Homo_sapiens.GRCh38.99.gtf
290894	21	33297215	33297221	+	ENSG00000249624	other-gene 3' UTR	1	ENSG00000243646	False	True	d	/home/sharedFolder/humanSTARindex/Homo_sapiens.GRCh38.99.gtf
269592	2	203429205	203429687	+	ENSG00000138443	own-gene 3' UTR	1	ENSG00000138443	True	True	d	/home/sharedFolder/humanSTARindex/Homo_sapiens.GRCh38.99.gtf
136439	14	49894556	49894667	+	ENSG00000165527	own-gene 3' UTR	1	ENSG00000165527	True	True	d	/home/sharedFolder/humanSTARindex/Homo_sapiens.GRCh38.99.gtf
276886	20	1371715	1372162	-	ENSG00000274322	other-gene 3' UTR	2	ENSG00000088832	True	True	d	/home/sharedFolder/humanSTARindex/Homo_sapiens.GRCh38.99.gtf
411390	6	137197484	137197572	-	ENSG00000027697	own-gene 3' UTR	1	ENSG00000027697	True	True	d	/home/sharedFolder/humanSTARindex/Homo_sapiens.GRCh38.99.gtf
174939	16	31131358	31131417	+	ENSG00000103510	own-gene 3' UTR	1	ENSG00000103510	True	True	d	/home/sharedFolder/humanSTARindex/Homo_sapiens.GRCh38.99.gtf
450041	8	23059668	23063223	-	ENSG00000120889	intronic (same-strand gene body)	1		True	False	d	/home/sharedFolder/humanSTARindex/Homo_sapiens.GRCh38.99.gtf
252593	2	101275240	101275285	-	ENSG00000163162	intronic (same-strand gene body)	1		True	False	d	/home/sharedFolder/humanSTARindex/Homo_sapiens.GRCh38.99.gtf
75554	11	17075098	17075278	-	ENSG00000110700	exonic, not 3' UTR	1		True	True	d	/home/sharedFolder/humanSTARindex/Homo_sapiens.GRCh38.99.gtf
166262	16	1325038	1325077	+	ENSG00000103275	own-gene 3' UTR	1	ENSG00000103275	True	True	d	/home/sharedFolder/humanSTARindex/Homo_sapiens.GRCh38.99.gtf
233579	19	54206270	54206718	+	ENSG00000170889	own-gene 3' UTR	1	ENSG00000170889	True	True	d	/home/sharedFolder/humanSTARindex/Homo_sapiens.GRCh38.99.gtf
189644	17	19675663	19675744	+	ENSG00000072210	own-gene 3' UTR	1	ENSG00000072210	True	True	d	/home/sharedFolder/humanSTARindex/Homo_sapiens.GRCh38.99.gtf
3712	1	15571328	15572013	+	ENSG00000116138	own-gene 3' UTR	1	ENSG00000116138	True	True	d	/home/sharedFolder/humanSTARindex/Homo_sapiens.GRCh38.99.gtf
73727	11	8948051	8948182	-	ENSG00000175348	own-gene 3' UTR	1	ENSG00000175348	True	True	d	/home/sharedFolder/humanSTARindex/Homo_sapiens.GRCh38.99.gtf
168313	16	10532726	10533076	-	ENSG00000213853	own-gene 3' UTR	1	ENSG00000213853	True	True	d	/home/sharedFolder/humanSTARindex/Homo_sapiens.GRCh38.99.gtf
201621	17	64323045	64323723	-	ENSG00000261371	own-gene 3' UTR	1	ENSG00000261371	True	True	d	/home/sharedFolder/humanSTARindex/Homo_sapiens.GRCh38.99.gtf
275518	2	237739773	237740322	+	ENSG00000124831	intronic (same-strand gene body)	1		True	False	d	/home/sharedFolder/humanSTARindex/Homo_sapiens.GRCh38.99.gtf
417165	6	166585908	166586068	-	ENSG00000071242	other-gene 3' UTR	2	ENSG00000235272	True	True	d	/home/sharedFolder/humanSTARindex/Homo_sapiens.GRCh38.99.gtf
60409	10	70428019	70428618	+	ENSG00000148730	own-gene 3' UTR	1	ENSG00000148730	True	True	d	/home/sharedFolder/humanSTARindex/Homo_sapiens.GRCh38.99.gtf
207179	17	82239225	82239317	+	ENSG00000141526	own-gene 3' UTR	1	ENSG00000141526	True	True	d	/home/sharedFolder/humanSTARindex/Homo_sapiens.GRCh38.99.gtf
137969	14	55298955	55299709	+	ENSG00000178974	exonic, not 3' UTR	2		True	True	d	/home/sharedFolder/humanSTARindex/Homo_sapiens.GRCh38.99.gtf
246458	2	65268657	65268791	+	ENSG00000138071	own-gene 3' UTR	1	ENSG00000138071	True	True	d	/home/sharedFolder/humanSTARindex/Homo_sapiens.GRCh38.99.gtf
321324	3	117127754	117127775	-	ENSG00000185565	intronic (same-strand gene body)	1		True	False	d	/home/sharedFolder/humanSTARindex/Homo_sapiens.GRCh38.99.gtf
75477	11	16787652	16788016	-	ENSG00000166689	own-gene 3' UTR	1	ENSG00000166689	True	True	d	/home/sharedFolder/humanSTARindex/Homo_sapiens.GRCh38.99.gtf
466594	8	143915152	143915153	-	ENSG00000178209	own-gene 3' UTR	1	ENSG00000178209	True	True	d	/home/sharedFolder/humanSTARindex/Homo_sapiens.GRCh38.99.gtf
59208	10	63253486	63255867	-	ENSG00000171988	intronic (same-strand gene body)	1		True	False	d	/home/sharedFolder/humanSTARindex/Homo_sapiens.GRCh38.99.gtf
479489	9	98015437	98015658	+	ENSG00000136938	own-gene 3' UTR	1	ENSG00000136938	True	True	d	/home/sharedFolder/humanSTARindex/Homo_sapiens.GRCh38.99.gtf
422515	7	26189926	26190125	-	ENSG00000122566	own-gene 3' UTR	1	ENSG00000122566	True	True	d	/home/sharedFolder/humanSTARindex/Homo_sapiens.GRCh38.99.gtf
217570	19	573556	574469	+	ENSG00000172270	intronic (same-strand gene body)	1		True	False	d	/home/sharedFolder/humanSTARindex/Homo_sapiens.GRCh38.99.gtf
52226	10	17910315	17910571	+	ENSG00000260314	own-gene 3' UTR	1	ENSG00000260314	True	True	d	/home/sharedFolder/humanSTARindex/Homo_sapiens.GRCh38.99.gtf
223616	19	16646926	16647035	-	ENSG00000268790	other-gene 3' UTR	2	ENSG00000214046	True	True	d	/home/sharedFolder/humanSTARindex/Homo_sapiens.GRCh38.99.gtf
449144	8	18067139	18067179	-	ENSG00000104763	own-gene 3' UTR	1	ENSG00000104763	True	True	d	/home/sharedFolder/humanSTARindex/Homo_sapiens.GRCh38.99.gtf
341999	4	39778583	39778704	+	ENSG00000078140	own-gene 3' UTR	1	ENSG00000078140	True	True	d	/home/sharedFolder/humanSTARindex/Homo_sapiens.GRCh38.99.gtf
326510	3	141922680	141922681	+	ENSG00000069849	intronic (same-strand gene body)	1		True	False	d	/home/sharedFolder/humanSTARindex/Homo_sapiens.GRCh38.99.gtf
449139	8	18062681	18064016	-	ENSG00000104763	own-gene 3' UTR	1	ENSG00000104763	True	True	d	/home/sharedFolder/humanSTARindex/Homo_sapiens.GRCh38.99.gtf
437245	7	106250396	106250429	-	ENSG00000105835	own-gene 3' UTR	1	ENSG00000105835	True	True	d	/home/sharedFolder/humanSTARindex/Homo_sapiens.GRCh38.99.gtf
437272	7	106271045	106272020	-	ENSG00000105835	exonic, not 3' UTR	1		True	True	d	/home/sharedFolder/humanSTARindex/Homo_sapiens.GRCh38.99.gtf
95119	12	6237979	6237984	+	ENSG00000010278	own-gene 3' UTR	1	ENSG00000010278	True	True	d	/home/sharedFolder/humanSTARindex/Homo_sapiens.GRCh38.99.gtf
60069	10	69105445	69106602	+	ENSG00000122862	outside any same-strand gene	0		False	False	d	/home/sharedFolder/humanSTARindex/Homo_sapiens.GRCh38.99.gtf
195593	17	43299610	43299874	-	ENSG00000236383	intronic (same-strand gene body)	1		True	False	d	/home/sharedFolder/humanSTARindex/Homo_sapiens.GRCh38.99.gtf
195528	17	43249320	43249989	-	ENSG00000236383	intronic (same-strand gene body)	1		True	False	d	/home/sharedFolder/humanSTARindex/Homo_sapiens.GRCh38.99.gtf
303012	22	50523567	50523568	-	ENSG00000284194	own-gene 3' UTR	1	ENSG00000284194	True	True	d	/home/sharedFolder/humanSTARindex/Homo_sapiens.GRCh38.99.gtf
83711	11	72737610	72738120	-	ENSG00000186635	intronic (same-strand gene body)	1		True	False	d	/home/sharedFolder/humanSTARindex/Homo_sapiens.GRCh38.99.gtf
234130	19	55645620	55645623	+	ENSG00000213015	other-gene 3' UTR	2	ENSG00000171425	False	True	d	/home/sharedFolder/humanSTARindex/Homo_sapiens.GRCh38.99.gtf
286730	20	58896017	58897410	+	ENSG00000087460	intronic (same-strand gene body)	1		True	False	d	/home/sharedFolder/humanSTARindex/Homo_sapiens.GRCh38.99.gtf
158894	15	66447139	66449044	+	ENSG00000169032	intronic (same-strand gene body)	1		True	False	d	/home/sharedFolder/humanSTARindex/Homo_sapiens.GRCh38.99.gtf
455159	8	60621871	60621892	+	ENSG00000104388	own-gene 3' UTR	1	ENSG00000104388	True	True	d	/home/sharedFolder/humanSTARindex/Homo_sapiens.GRCh38.99.gtf
81722	11	65571765	65571768	+	ENSG00000173465	own-gene 3' UTR	1	ENSG00000173465	True	True	d	/home/sharedFolder/humanSTARindex/Homo_sapiens.GRCh38.99.gtf
50419	10	11260057	11260929	+	ENSG00000048740	intronic (same-strand gene body)	1		True	False	d	/home/sharedFolder/humanSTARindex/Homo_sapiens.GRCh38.99.gtf
7614	1	27888378	27889279	-	ENSG00000117748	outside any same-strand gene	0		False	False	d	/home/sharedFolder/humanSTARindex/Homo_sapiens.GRCh38.99.gtf
7617	1	27891523	27891538	-	ENSG00000117748	own-gene 3' UTR	1	ENSG00000117748	True	True	d	/home/sharedFolder/humanSTARindex/Homo_sapiens.GRCh38.99.gtf
326504	3	141919194	141920962	+	ENSG00000069849	intronic (same-strand gene body)	1		True	False	d	/home/sharedFolder/humanSTARindex/Homo_sapiens.GRCh38.99.gtf
326507	3	141922341	141922366	+	ENSG00000069849	intronic (same-strand gene body)	1		True	False	d	/home/sharedFolder/humanSTARindex/Homo_sapiens.GRCh38.99.gtf
356940	4	151102941	151103117	+	ENSG00000145425	own-gene 3' UTR	1	ENSG00000145425	True	True	d	/home/sharedFolder/humanSTARindex/Homo_sapiens.GRCh38.99.gtf
194696	17	41689443	41690189	+	ENSG00000173812	exonic, not 3' UTR	1		True	True	d	/home/sharedFolder/humanSTARindex/Homo_sapiens.GRCh38.99.gtf
437243	7	106249951	106250043	-	ENSG00000105835	own-gene 3' UTR	1	ENSG00000105835	True	True	d	/home/sharedFolder/humanSTARindex/Homo_sapiens.GRCh38.99.gtf
26749	1	146188682	146189274	-	ENSG00000271425	intronic (same-strand gene body)	2		True	False	d	/home/sharedFolder/humanSTARindex/Homo_sapiens.GRCh38.99.gtf
252587	2	101273794	101273867	-	ENSG00000163162	intronic (same-strand gene body)	1		True	False	d	/home/sharedFolder/humanSTARindex/Homo_sapiens.GRCh38.99.gtf
27945	1	149431035	149431805	+	ENSG00000286219	intronic (same-strand gene body)	2		True	False	d	/home/sharedFolder/humanSTARindex/Homo_sapiens.GRCh38.99.gtf
330479	3	169497328	169497887	-	ENSG00000085276	intronic (same-strand gene body)	1		True	False	d	/home/sharedFolder/humanSTARindex/Homo_sapiens.GRCh38.99.gtf
190961	17	29625781	29626276	-	ENSG00000141298	own-gene 3' UTR	1	ENSG00000141298	True	True	d	/home/sharedFolder/humanSTARindex/Homo_sapiens.GRCh38.99.gtf
27439	1	148639270	148639990	-	ENSG00000270629	intronic (same-strand gene body)	2		True	False	d	/home/sharedFolder/humanSTARindex/Homo_sapiens.GRCh38.99.gtf
221062	19	10285717	10285866	+	ENSG00000090339	own-gene 3' UTR	1	ENSG00000090339	True	True	d	/home/sharedFolder/humanSTARindex/Homo_sapiens.GRCh38.99.gtf
182292	16	84172939	84174271	+	ENSG00000154099	exonic, not 3' UTR	1		True	True	d	/home/sharedFolder/humanSTARindex/Homo_sapiens.GRCh38.99.gtf
330494	3	169540404	169541020	-	ENSG00000085276	intronic (same-strand gene body)	1		True	False	d	/home/sharedFolder/humanSTARindex/Homo_sapiens.GRCh38.99.gtf
427438	7	56104710	56105532	-	ENSG00000106153	intronic (same-strand gene body)	1		True	False	d	/home/sharedFolder/humanSTARindex/Homo_sapiens.GRCh38.99.gtf
137733	14	54789012	54789128	+	ENSG00000020577	own-gene 3' UTR	1	ENSG00000020577	True	True	d	/home/sharedFolder/humanSTARindex/Homo_sapiens.GRCh38.99.gtf
41236	1	209676041	209676050	+	ENSG00000123689	own-gene 3' UTR	1	ENSG00000123689	True	True	d	/home/sharedFolder/humanSTARindex/Homo_sapiens.GRCh38.99.gtf
391253	6	13251598	13252515	+	ENSG00000112137	intronic (same-strand gene body)	1		True	False	d	/home/sharedFolder/humanSTARindex/Homo_sapiens.GRCh38.99.gtf
190455	17	28546706	28546708	-	ENSG00000258472	other-gene 3' UTR	2	ENSG00000109103	True	True	d	/home/sharedFolder/humanSTARindex/Homo_sapiens.GRCh38.99.gtf
195573	17	43283624	43283972	-	ENSG00000236383	intronic (same-strand gene body)	1		True	False	d	/home/sharedFolder/humanSTARindex/Homo_sapiens.GRCh38.99.gtf
195549	17	43266104	43266408	-	ENSG00000236383	intronic (same-strand gene body)	1		True	False	d	/home/sharedFolder/humanSTARindex/Homo_sapiens.GRCh38.99.gtf
195556	17	43270938	43271190	-	ENSG00000236383	intronic (same-strand gene body)	1		True	False	d	/home/sharedFolder/humanSTARindex/Homo_sapiens.GRCh38.99.gtf
293392	21	43762295	43762300	+	ENSG00000160209	own-gene 3' UTR	1	ENSG00000160209	True	True	d	/home/sharedFolder/humanSTARindex/Homo_sapiens.GRCh38.99.gtf
195530	17	43251397	43251705	-	ENSG00000236383	intronic (same-strand gene body)	1		True	False	d	/home/sharedFolder/humanSTARindex/Homo_sapiens.GRCh38.99.gtf
229709	19	43649996	43650937	-	ENSG00000011422	intronic (same-strand gene body)	1		True	False	d	/home/sharedFolder/humanSTARindex/Homo_sapiens.GRCh38.99.gtf
388356	5	179837157	179837398	+	ENSG00000161011	own-gene 3' UTR	1	ENSG00000161011	True	True	d	/home/sharedFolder/humanSTARindex/Homo_sapiens.GRCh38.99.gtf
391170	6	12994749	12995281	+	ENSG00000112137	intronic (same-strand gene body)	1		True	False	d	/home/sharedFolder/humanSTARindex/Homo_sapiens.GRCh38.99.gtf
109787	12	76047595	76047596	-	ENSG00000187109	own-gene 3' UTR	1	ENSG00000187109	True	True	d	/home/sharedFolder/humanSTARindex/Homo_sapiens.GRCh38.99.gtf
143794	14	77512011	77512372	-	ENSG00000100596	own-gene 3' UTR	1	ENSG00000100596	True	True	d	/home/sharedFolder/humanSTARindex/Homo_sapiens.GRCh38.99.gtf
384955	5	157138404	157139028	-	ENSG00000135077	other-gene 3' UTR	2	ENSG00000155868	True	True	d	/home/sharedFolder/humanSTARindex/Homo_sapiens.GRCh38.99.gtf
258358	2	138014427	138014484	+	ENSG00000150540	own-gene 3' UTR	1	ENSG00000150540	True	True	d	/home/sharedFolder/humanSTARindex/Homo_sapiens.GRCh38.99.gtf
253590	2	108629620	108630229	+	ENSG00000169756	intronic (same-strand gene body)	1		True	False	d	/home/sharedFolder/humanSTARindex/Homo_sapiens.GRCh38.99.gtf
390880	6	11245938	11246341	-	ENSG00000111859	intronic (same-strand gene body)	1		True	False	d	/home/sharedFolder/humanSTARindex/Homo_sapiens.GRCh38.99.gtf
446851	8	664188	664553	-	ENSG00000104714	own-gene 3' UTR	1	ENSG00000104714	True	True	d	/home/sharedFolder/humanSTARindex/Homo_sapiens.GRCh38.99.gtf
59294	10	63379609	63380414	-	ENSG00000171988	exonic, not 3' UTR	1		True	True	d	/home/sharedFolder/humanSTARindex/Homo_sapiens.GRCh38.99.gtf
81724	11	65574189	65574190	+	ENSG00000173465	other-gene 3' UTR	1	ENSG00000176973	False	True	d	/home/sharedFolder/humanSTARindex/Homo_sapiens.GRCh38.99.gtf
229721	19	43661180	43662153	-	ENSG00000011422	own-gene 3' UTR	1	ENSG00000011422	True	True	d	/home/sharedFolder/humanSTARindex/Homo_sapiens.GRCh38.99.gtf
246005	2	64092855	64092856	-	ENSG00000197329	own-gene 3' UTR	1	ENSG00000197329	True	True	d	/home/sharedFolder/humanSTARindex/Homo_sapiens.GRCh38.99.gtf
229705	19	43647861	43648363	-	ENSG00000011422	intronic (same-strand gene body)	1		True	False	d	/home/sharedFolder/humanSTARindex/Homo_sapiens.GRCh38.99.gtf
297788	22	30576624	30576630	-	ENSG00000100029	own-gene 3' UTR	1	ENSG00000100029	True	True	d	/home/sharedFolder/humanSTARindex/Homo_sapiens.GRCh38.99.gtf
247268	2	69940275	69940649	+	ENSG00000059728	own-gene 3' UTR	1	ENSG00000059728	True	True	d	/home/sharedFolder/humanSTARindex/Homo_sapiens.GRCh38.99.gtf
141980	14	71450260	71452127	+	ENSG00000197555	intronic (same-strand gene body)	1		True	False	d	/home/sharedFolder/humanSTARindex/Homo_sapiens.GRCh38.99.gtf
157599	15	63308757	63309126	+	ENSG00000138613	own-gene 3' UTR	1	ENSG00000138613	True	True	d	/home/sharedFolder/humanSTARindex/Homo_sapiens.GRCh38.99.gtf
300960	22	41673929	41674001	-	ENSG00000100138	own-gene 3' UTR	1	ENSG00000100138	True	True	d	/home/sharedFolder/humanSTARindex/Homo_sapiens.GRCh38.99.gtf
183241	16	88648564	88649492	-	ENSG00000051523	intronic (same-strand gene body)	1		True	False	d	/home/sharedFolder/humanSTARindex/Homo_sapiens.GRCh38.99.gtf
195571	17	43282304	43282365	-	ENSG00000236383	intronic (same-strand gene body)	1		True	False	d	/home/sharedFolder/humanSTARindex/Homo_sapiens.GRCh38.99.gtf
478243	9	93117131	93118130	-	ENSG00000131669	outside any same-strand gene	0		False	False	d	/home/sharedFolder/humanSTARindex/Homo_sapiens.GRCh38.99.gtf
198091	17	49404051	49404460	-	ENSG00000167085	own-gene 3' UTR	1	ENSG00000167085	True	True	d	/home/sharedFolder/humanSTARindex/Homo_sapiens.GRCh38.99.gtf
90606	11	116999329	117000562	-	ENSG00000160584	intronic (same-strand gene body)	1		True	False	d	/home/sharedFolder/humanSTARindex/Homo_sapiens.GRCh38.99.gtf
60068	10	69104018	69104805	+	ENSG00000122862	own-gene 3' UTR	1	ENSG00000122862	True	True	d	/home/sharedFolder/humanSTARindex/Homo_sapiens.GRCh38.99.gtf
345961	4	74454838	74455005	+	ENSG00000109321	own-gene 3' UTR	1	ENSG00000109321	True	True	d	/home/sharedFolder/humanSTARindex/Homo_sapiens.GRCh38.99.gtf
234978	2	278098	278283	+	ENSG00000143727	own-gene 3' UTR	1	ENSG00000143727	True	True	d	/home/sharedFolder/humanSTARindex/Homo_sapiens.GRCh38.99.gtf
60483	10	70877799	70878355	-	ENSG00000166228	outside any same-strand gene	0		False	False	d	/home/sharedFolder/humanSTARindex/Homo_sapiens.GRCh38.99.gtf
437253	7	106256206	106256772	-	ENSG00000105835	intronic (same-strand gene body)	1		True	False	d	/home/sharedFolder/humanSTARindex/Homo_sapiens.GRCh38.99.gtf
29488	1	153358225	153358579	+	ENSG00000163220	exonic, not 3' UTR	1		True	True	d	/home/sharedFolder/humanSTARindex/Homo_sapiens.GRCh38.99.gtf
218051	19	1925657	1926013	+	ENSG00000227500	own-gene 3' UTR	1	ENSG00000227500	True	True	d	/home/sharedFolder/humanSTARindex/Homo_sapiens.GRCh38.99.gtf
294209	21	46649885	46649888	+	ENSG00000160310	own-gene 3' UTR	1	ENSG00000160310	True	True	d	/home/sharedFolder/humanSTARindex/Homo_sapiens.GRCh38.99.gtf
167493	16	4354541	4354544	-	ENSG00000217930	other-gene 3' UTR	3	ENSG00000262246	True	True	d	/home/sharedFolder/humanSTARindex/Homo_sapiens.GRCh38.99.gtf
27666	1	148981367	148981817	+	ENSG00000178104	own-gene 3' UTR	1	ENSG00000178104	True	True	d	/home/sharedFolder/humanSTARindex/Homo_sapiens.GRCh38.99.gtf
131090	13	109753836	109754319	-	ENSG00000185950	own-gene 3' UTR	1	ENSG00000185950	True	True	d	/home/sharedFolder/humanSTARindex/Homo_sapiens.GRCh38.99.gtf
397828	6	36603426	36603431	+	ENSG00000112081	own-gene 3' UTR	1	ENSG00000112081	True	True	d	/home/sharedFolder/humanSTARindex/Homo_sapiens.GRCh38.99.gtf
415847	6	158783401	158783936	-	ENSG00000092820	exonic, not 3' UTR	1		True	True	d	/home/sharedFolder/humanSTARindex/Homo_sapiens.GRCh38.99.gtf
333649	3	185937661	185938084	-	ENSG00000136527	exonic, not 3' UTR	1		True	True	d	/home/sharedFolder/humanSTARindex/Homo_sapiens.GRCh38.99.gtf
233596	19	54216241	54217192	-	ENSG00000204577	own-gene 3' UTR	1	ENSG00000204577	True	True	d	/home/sharedFolder/humanSTARindex/Homo_sapiens.GRCh38.99.gtf
119321	12	123421664	123424190	-	ENSG00000150977	exonic, not 3' UTR	1		True	True	d	/home/sharedFolder/humanSTARindex/Homo_sapiens.GRCh38.99.gtf
140046	14	64507979	64510859	+	ENSG00000126804	intronic (same-strand gene body)	1		True	False	d	/home/sharedFolder/humanSTARindex/Homo_sapiens.GRCh38.99.gtf
286727	20	58893960	58894523	+	ENSG00000087460	intronic (same-strand gene body)	1		True	False	d	/home/sharedFolder/humanSTARindex/Homo_sapiens.GRCh38.99.gtf
203499	17	68545673	68546105	+	ENSG00000108946	intronic (same-strand gene body)	1		True	False	d	/home/sharedFolder/humanSTARindex/Homo_sapiens.GRCh38.99.gtf
286740	20	58907903	58908839	+	ENSG00000087460	exonic, not 3' UTR	1		True	True	d	/home/sharedFolder/humanSTARindex/Homo_sapiens.GRCh38.99.gtf
60402	10	70423779	70423930	+	ENSG00000148730	own-gene 3' UTR	1	ENSG00000148730	True	True	d	/home/sharedFolder/humanSTARindex/Homo_sapiens.GRCh38.99.gtf
30921	1	156177322	156177744	+	ENSG00000196189	own-gene 3' UTR	1	ENSG00000196189	True	True	d	/home/sharedFolder/humanSTARindex/Homo_sapiens.GRCh38.99.gtf
29428	1	152030905	152031957	-	ENSG00000163191	outside any same-strand gene	0		False	False	d	/home/sharedFolder/humanSTARindex/Homo_sapiens.GRCh38.99.gtf
217864	19	1274809	1274810	+	ENSG00000099622	own-gene 3' UTR	1	ENSG00000099622	True	True	d	/home/sharedFolder/humanSTARindex/Homo_sapiens.GRCh38.99.gtf
428353	7	66687135	66689838	+	ENSG00000284461	intronic (same-strand gene body)	2		True	False	d	/home/sharedFolder/humanSTARindex/Homo_sapiens.GRCh38.99.gtf
223837	19	17218310	17219033	+	ENSG00000099331	other-gene 3' UTR	1	ENSG00000053501	False	True	d	/home/sharedFolder/humanSTARindex/Homo_sapiens.GRCh38.99.gtf
141472	14	69715134	69715144	+	ENSG00000100647	own-gene 3' UTR	1	ENSG00000100647	True	True	d	/home/sharedFolder/humanSTARindex/Homo_sapiens.GRCh38.99.gtf
209783	18	9959123	9960021	+	ENSG00000101558	own-gene 3' UTR	1	ENSG00000101558	True	True	d	/home/sharedFolder/humanSTARindex/Homo_sapiens.GRCh38.99.gtf
374187	5	87373989	87375758	-	ENSG00000134480	intronic (same-strand gene body)	1		True	False	d	/home/sharedFolder/humanSTARindex/Homo_sapiens.GRCh38.99.gtf
17829	1	78006933	78007611	+	ENSG00000162616	intronic (same-strand gene body)	2		True	False	d	/home/sharedFolder/humanSTARindex/Homo_sapiens.GRCh38.99.gtf
380884	5	135351526	135352328	-	ENSG00000113648	exonic, not 3' UTR	1		True	True	d	/home/sharedFolder/humanSTARindex/Homo_sapiens.GRCh38.99.gtf
71845	11	319675	319706	-	ENSG00000142089	own-gene 3' UTR	1	ENSG00000142089	True	True	d	/home/sharedFolder/humanSTARindex/Homo_sapiens.GRCh38.99.gtf
425012	7	37951445	37951941	+	ENSG00000086289	own-gene 3' UTR	1	ENSG00000086289	True	True	d	/home/sharedFolder/humanSTARindex/Homo_sapiens.GRCh38.99.gtf
60627	10	72059033	72059110	-	ENSG00000107742	own-gene 3' UTR	1	ENSG00000107742	True	True	d	/home/sharedFolder/humanSTARindex/Homo_sapiens.GRCh38.99.gtf
244223	2	55234792	55234962	+	ENSG00000143947	exonic, not 3' UTR	1		True	True	d	/home/sharedFolder/humanSTARindex/Homo_sapiens.GRCh38.99.gtf
424992	7	37849426	37849796	+	ENSG00000086289	intronic (same-strand gene body)	2		True	False	d	/home/sharedFolder/humanSTARindex/Homo_sapiens.GRCh38.99.gtf
78448	11	46380550	46380554	+	ENSG00000149091	own-gene 3' UTR	1	ENSG00000149091	True	True	d	/home/sharedFolder/humanSTARindex/Homo_sapiens.GRCh38.99.gtf
330392	3	169253180	169253758	-	ENSG00000085276	intronic (same-strand gene body)	1		True	False	d	/home/sharedFolder/humanSTARindex/Homo_sapiens.GRCh38.99.gtf
482009	9	114333248	114333256	+	ENSG00000228278	own-gene 3' UTR	1	ENSG00000228278	True	True	d	/home/sharedFolder/humanSTARindex/Homo_sapiens.GRCh38.99.gtf
482012	9	114335231	114335820	+	ENSG00000228278	outside any same-strand gene	0		False	False	d	/home/sharedFolder/humanSTARindex/Homo_sapiens.GRCh38.99.gtf
235535	2	8684156	8684157	+	ENSG00000115738	own-gene 3' UTR	1	ENSG00000115738	True	True	d	/home/sharedFolder/humanSTARindex/Homo_sapiens.GRCh38.99.gtf
163397	15	85662691	85663415	+	ENSG00000170776	intronic (same-strand gene body)	1		True	False	d	/home/sharedFolder/humanSTARindex/Homo_sapiens.GRCh38.99.gtf
281354	20	34364133	34365234	+	ENSG00000078747	intronic (same-strand gene body)	1		True	False	d	/home/sharedFolder/humanSTARindex/Homo_sapiens.GRCh38.99.gtf
270740	2	210028213	210028952	-	ENSG00000144445	exonic, not 3' UTR	1		True	True	d	/home/sharedFolder/humanSTARindex/Homo_sapiens.GRCh38.99.gtf
286743	20	58910897	58910906	+	ENSG00000087460	own-gene 3' UTR	1	ENSG00000087460	True	True	d	/home/sharedFolder/humanSTARindex/Homo_sapiens.GRCh38.99.gtf
268605	2	201119175	201119179	+	ENSG00000003402	exonic, not 3' UTR	1		True	True	d	/home/sharedFolder/humanSTARindex/Homo_sapiens.GRCh38.99.gtf
272111	2	219171896	219171897	-	ENSG00000115649	own-gene 3' UTR	1	ENSG00000115649	True	True	d	/home/sharedFolder/humanSTARindex/Homo_sapiens.GRCh38.99.gtf
399908	6	44253740	44253866	+	ENSG00000096384	own-gene 3' UTR	1	ENSG00000096384	True	True	d	/home/sharedFolder/humanSTARindex/Homo_sapiens.GRCh38.99.gtf
33272	1	167430639	167431084	-	ENSG00000198821	own-gene 3' UTR	1	ENSG00000198821	True	True	d	/home/sharedFolder/humanSTARindex/Homo_sapiens.GRCh38.99.gtf
402814	6	73519671	73520550	-	ENSG00000156508	exonic, not 3' UTR	1		True	True	d	/home/sharedFolder/humanSTARindex/Homo_sapiens.GRCh38.99.gtf
366970	5	55107805	55108411	+	ENSG00000145649	exonic, not 3' UTR	1		True	True	d	/home/sharedFolder/humanSTARindex/Homo_sapiens.GRCh38.99.gtf
330705	3	170084272	170085494	+	ENSG00000173890	own-gene 3' UTR	1	ENSG00000173890	True	True	d	/home/sharedFolder/humanSTARindex/Homo_sapiens.GRCh38.99.gtf
174746	16	30739745	30740110	+	ENSG00000080603	own-gene 3' UTR	2	ENSG00000080603,ENSG00000282034	True	True	d	/home/sharedFolder/humanSTARindex/Homo_sapiens.GRCh38.99.gtf
271771	2	218280800	218281794	-	ENSG00000135926	exonic, not 3' UTR	1		True	True	d	/home/sharedFolder/humanSTARindex/Homo_sapiens.GRCh38.99.gtf
270811	2	210140749	210141712	-	ENSG00000144445	intronic (same-strand gene body)	1		True	False	d	/home/sharedFolder/humanSTARindex/Homo_sapiens.GRCh38.99.gtf
343021	4	42408372	42408769	-	ENSG00000124406	own-gene 3' UTR	1	ENSG00000124406	True	True	d	/home/sharedFolder/humanSTARindex/Homo_sapiens.GRCh38.99.gtf
224379	19	18303830	18304416	-	ENSG00000130520	outside any same-strand gene	0		False	False	d	/home/sharedFolder/humanSTARindex/Homo_sapiens.GRCh38.99.gtf
68974	10	114431101	114431552	-	ENSG00000099204	own-gene 3' UTR	1	ENSG00000099204	True	True	d	/home/sharedFolder/humanSTARindex/Homo_sapiens.GRCh38.99.gtf
330711	3	170089303	170089952	+	ENSG00000173890	outside any same-strand gene	0		False	False	d	/home/sharedFolder/humanSTARindex/Homo_sapiens.GRCh38.99.gtf
272116	2	219177414	219178094	-	ENSG00000115649	exonic, not 3' UTR	1		True	True	d	/home/sharedFolder/humanSTARindex/Homo_sapiens.GRCh38.99.gtf
394014	6	26124303	26125465	+	ENSG00000180573	own-gene 3' UTR	1	ENSG00000180573	True	True	d	/home/sharedFolder/humanSTARindex/Homo_sapiens.GRCh38.99.gtf
429118	7	70740649	70741646	+	ENSG00000158321	intronic (same-strand gene body)	1		True	False	d	/home/sharedFolder/humanSTARindex/Homo_sapiens.GRCh38.99.gtf
163323	15	85578959	85579341	+	ENSG00000170776	exonic, not 3' UTR	1		True	True	d	/home/sharedFolder/humanSTARindex/Homo_sapiens.GRCh38.99.gtf
475759	9	76571806	76572087	+	ENSG00000187210	intronic (same-strand gene body)	1		True	False	d	/home/sharedFolder/humanSTARindex/Homo_sapiens.GRCh38.99.gtf
55843	10	35211574	35212526	+	ENSG00000095794	own-gene 3' UTR	1	ENSG00000095794	True	True	d	/home/sharedFolder/humanSTARindex/Homo_sapiens.GRCh38.99.gtf
254237	2	110576187	110576581	-	ENSG00000183054	exonic, not 3' UTR	1		True	True	d	/home/sharedFolder/humanSTARindex/Homo_sapiens.GRCh38.99.gtf
417070	6	166331643	166332059	-	ENSG00000198818	intronic (same-strand gene body)	1		True	False	d	/home/sharedFolder/humanSTARindex/Homo_sapiens.GRCh38.99.gtf
16129	1	64866866	64867215	-	ENSG00000162434	own-gene 3' UTR	1	ENSG00000162434	True	True	d	/home/sharedFolder/humanSTARindex/Homo_sapiens.GRCh38.99.gtf
270102	2	206159880	206161965	+	ENSG00000114942	own-gene 3' UTR	4	ENSG00000114942	True	True	d	/home/sharedFolder/humanSTARindex/Homo_sapiens.GRCh38.99.gtf
204863	17	75776428	75776439	-	ENSG00000132475	own-gene 3' UTR	1	ENSG00000132475	True	True	d	/home/sharedFolder/humanSTARindex/Homo_sapiens.GRCh38.99.gtf
279161	20	17613677	17613681	-	ENSG00000125844	own-gene 3' UTR	1	ENSG00000125844	True	True	d	/home/sharedFolder/humanSTARindex/Homo_sapiens.GRCh38.99.gtf
387482	5	176509613	176510077	+	ENSG00000113194	own-gene 3' UTR	1	ENSG00000113194	True	True	d	/home/sharedFolder/humanSTARindex/Homo_sapiens.GRCh38.99.gtf
397297	6	35469104	35469524	+	ENSG00000112039	exonic, not 3' UTR	1		False	True	d	/home/sharedFolder/humanSTARindex/Homo_sapiens.GRCh38.99.gtf
26649	1	145993317	145993415	-	ENSG00000265972	own-gene 3' UTR	1	ENSG00000265972	True	True	d	/home/sharedFolder/humanSTARindex/Homo_sapiens.GRCh38.99.gtf
369787	5	69351725	69351954	-	ENSG00000085231	own-gene 3' UTR	1	ENSG00000085231	True	True	d	/home/sharedFolder/humanSTARindex/Homo_sapiens.GRCh38.99.gtf
501392	X	124100524	124101498	+	ENSG00000101972	own-gene 3' UTR	1	ENSG00000101972	True	True	d	/home/sharedFolder/humanSTARindex/Homo_sapiens.GRCh38.99.gtf
229067	19	41307373	41307377	+	ENSG00000105323	own-gene 3' UTR	1	ENSG00000105323	True	True	d	/home/sharedFolder/humanSTARindex/Homo_sapiens.GRCh38.99.gtf
337020	4	1199027	1199440	-	ENSG00000159674	exonic, not 3' UTR	1		True	True	d	/home/sharedFolder/humanSTARindex/Homo_sapiens.GRCh38.99.gtf
502144	X	133344155	133344192	-	ENSG00000076716	intronic (same-strand gene body)	1		True	False	d	/home/sharedFolder/humanSTARindex/Homo_sapiens.GRCh38.99.gtf
139922	14	64226105	64226500	+	ENSG00000054654	own-gene 3' UTR	1	ENSG00000054654	True	True	d	/home/sharedFolder/humanSTARindex/Homo_sapiens.GRCh38.99.gtf
486283	9	133097719	133097814	-	ENSG00000160271	own-gene 3' UTR	1	ENSG00000160271	True	True	d	/home/sharedFolder/humanSTARindex/Homo_sapiens.GRCh38.99.gtf
224383	19	18306915	18306918	-	ENSG00000130520	own-gene 3' UTR	1	ENSG00000130520	True	True	d	/home/sharedFolder/humanSTARindex/Homo_sapiens.GRCh38.99.gtf
191790	17	31318933	31319777	+	ENSG00000196712	intronic (same-strand gene body)	1		True	False	d	/home/sharedFolder/humanSTARindex/Homo_sapiens.GRCh38.99.gtf
276512	2	241768427	241768811	+	ENSG00000180902	own-gene 3' UTR	1	ENSG00000180902	True	True	d	/home/sharedFolder/humanSTARindex/Homo_sapiens.GRCh38.99.gtf
291653	21	35026405	35026988	-	ENSG00000159216	intronic (same-strand gene body)	1		True	False	d	/home/sharedFolder/humanSTARindex/Homo_sapiens.GRCh38.99.gtf
333939	3	187721380	187721381	-	ENSG00000113916	own-gene 3' UTR	1	ENSG00000113916	True	True	d	/home/sharedFolder/humanSTARindex/Homo_sapiens.GRCh38.99.gtf
222985	19	14565918	14565980	+	ENSG00000099797	own-gene 3' UTR	1	ENSG00000099797	True	True	d	/home/sharedFolder/humanSTARindex/Homo_sapiens.GRCh38.99.gtf
486795	9	136539174	136539928	-	ENSG00000148400	intronic (same-strand gene body)	1		True	False	d	/home/sharedFolder/humanSTARindex/Homo_sapiens.GRCh38.99.gtf
245473	2	62146496	62147630	+	ENSG00000173163	own-gene 3' UTR	2	ENSG00000173163	True	True	d	/home/sharedFolder/humanSTARindex/Homo_sapiens.GRCh38.99.gtf
116224	12	112405133	112405305	-	ENSG00000089009	own-gene 3' UTR	1	ENSG00000089009	True	True	d	/home/sharedFolder/humanSTARindex/Homo_sapiens.GRCh38.99.gtf
5913	1	23696417	23696418	+	ENSG00000142676	own-gene 3' UTR	1	ENSG00000142676	True	True	d	/home/sharedFolder/humanSTARindex/Homo_sapiens.GRCh38.99.gtf
62737	10	78035569	78035718	+	ENSG00000138326	exonic, not 3' UTR	1		True	True	d	/home/sharedFolder/humanSTARindex/Homo_sapiens.GRCh38.99.gtf
356944	4	151104576	151104761	+	ENSG00000145425	own-gene 3' UTR	1	ENSG00000145425	True	True	d	/home/sharedFolder/humanSTARindex/Homo_sapiens.GRCh38.99.gtf
116225	12	112405760	112406159	-	ENSG00000089009	exonic, not 3' UTR	1		True	True	d	/home/sharedFolder/humanSTARindex/Homo_sapiens.GRCh38.99.gtf
496565	X	72272602	72272692	-	ENSG00000198034	own-gene 3' UTR	1	ENSG00000198034	True	True	d	/home/sharedFolder/humanSTARindex/Homo_sapiens.GRCh38.99.gtf
25281	1	120844930	120845495	+	ENSG00000273136	outside any same-strand gene	0		False	False	d	/home/sharedFolder/humanSTARindex/Homo_sapiens.GRCh38.99.gtf
72091	11	812873	812875	+	ENSG00000177600	own-gene 3' UTR	1	ENSG00000177600	True	True	d	/home/sharedFolder/humanSTARindex/Homo_sapiens.GRCh38.99.gtf
27340	1	148528101	148528535	-	ENSG00000270629	outside any same-strand gene	0		False	False	d	/home/sharedFolder/humanSTARindex/Homo_sapiens.GRCh38.99.gtf
79546	11	57761831	57763629	+	ENSG00000288534	exonic, not 3' UTR	3		True	True	d	/home/sharedFolder/humanSTARindex/Homo_sapiens.GRCh38.99.gtf
269382	2	203090247	203090976	+	ENSG00000144426	intronic (same-strand gene body)	1		True	False	d	/home/sharedFolder/humanSTARindex/Homo_sapiens.GRCh38.99.gtf
384091	5	150444237	150444238	-	ENSG00000164587	own-gene 3' UTR	1	ENSG00000164587	True	True	d	/home/sharedFolder/humanSTARindex/Homo_sapiens.GRCh38.99.gtf
28020	1	149559002	149559646	+	ENSG00000286185	outside any same-strand gene	0		False	False	d	/home/sharedFolder/humanSTARindex/Homo_sapiens.GRCh38.99.gtf
435398	7	100873451	100873516	+	ENSG00000087077	own-gene 3' UTR	1	ENSG00000087077	True	True	d	/home/sharedFolder/humanSTARindex/Homo_sapiens.GRCh38.99.gtf
167483	16	4340248	4340463	-	ENSG00000217930	own-gene 3' UTR	2	ENSG00000103426,ENSG00000217930	True	True	d	/home/sharedFolder/humanSTARindex/Homo_sapiens.GRCh38.99.gtf
435400	7	100876566	100877339	+	ENSG00000087077	intronic (same-strand gene body)	1		False	False	d	/home/sharedFolder/humanSTARindex/Homo_sapiens.GRCh38.99.gtf
305108	3	12838910	12839789	-	ENSG00000144713	exonic, not 3' UTR	1		True	True	d	/home/sharedFolder/humanSTARindex/Homo_sapiens.GRCh38.99.gtf
486293	9	133129798	133130921	-	ENSG00000160271	intronic (same-strand gene body)	2		True	False	d	/home/sharedFolder/humanSTARindex/Homo_sapiens.GRCh38.99.gtf
370997	5	71577907	71578288	+	ENSG00000145734	outside any same-strand gene	0		False	False	d	/home/sharedFolder/humanSTARindex/Homo_sapiens.GRCh38.99.gtf
482914	9	121338986	121339077	-	ENSG00000148175	own-gene 3' UTR	1	ENSG00000148175	True	True	d	/home/sharedFolder/humanSTARindex/Homo_sapiens.GRCh38.99.gtf
261459	2	159768627	159769219	-	ENSG00000241399	own-gene 3' UTR	1	ENSG00000241399	True	True	d	/home/sharedFolder/humanSTARindex/Homo_sapiens.GRCh38.99.gtf
469559	9	19376494	19376536	-	ENSG00000137154	exonic, not 3' UTR	1		True	True	d	/home/sharedFolder/humanSTARindex/Homo_sapiens.GRCh38.99.gtf
395941	6	31821248	31822033	+	ENSG00000204389	outside any same-strand gene	0		False	False	d	/home/sharedFolder/humanSTARindex/Homo_sapiens.GRCh38.99.gtf
279130	20	17578265	17579436	+	ENSG00000125868	intronic (same-strand gene body)	1		True	False	d	/home/sharedFolder/humanSTARindex/Homo_sapiens.GRCh38.99.gtf
152790	15	42522215	42522836	+	ENSG00000092531	intronic (same-strand gene body)	1		True	False	d	/home/sharedFolder/humanSTARindex/Homo_sapiens.GRCh38.99.gtf
402999	6	75252923	75253313	-	ENSG00000112697	own-gene 3' UTR	1	ENSG00000112697	True	True	d	/home/sharedFolder/humanSTARindex/Homo_sapiens.GRCh38.99.gtf
250178	2	87771476	87772619	-	ENSG00000185304	exonic, not 3' UTR	1		True	True	d	/home/sharedFolder/humanSTARindex/Homo_sapiens.GRCh38.99.gtf
305989	3	16315844	16316227	-	ENSG00000131378	own-gene 3' UTR	1	ENSG00000131378	True	True	d	/home/sharedFolder/humanSTARindex/Homo_sapiens.GRCh38.99.gtf
244954	2	61009847	61010195	-	ENSG00000162927	own-gene 3' UTR	1	ENSG00000162927	True	True	d	/home/sharedFolder/humanSTARindex/Homo_sapiens.GRCh38.99.gtf
29807	1	153991646	153991668	+	ENSG00000177954	own-gene 3' UTR	1	ENSG00000177954	True	True	d	/home/sharedFolder/humanSTARindex/Homo_sapiens.GRCh38.99.gtf
254167	2	110513801	110514245	-	ENSG00000183054	own-gene 3' UTR	1	ENSG00000183054	True	True	d	/home/sharedFolder/humanSTARindex/Homo_sapiens.GRCh38.99.gtf
236940	2	20033041	20033169	-	ENSG00000068697	own-gene 3' UTR	1	ENSG00000068697	True	True	d	/home/sharedFolder/humanSTARindex/Homo_sapiens.GRCh38.99.gtf
330768	3	170180550	170181210	-	ENSG00000173889	intronic (same-strand gene body)	1		True	False	d	/home/sharedFolder/humanSTARindex/Homo_sapiens.GRCh38.99.gtf
350616	4	102261665	102261766	-	ENSG00000138821	own-gene 3' UTR	1	ENSG00000138821	True	True	d	/home/sharedFolder/humanSTARindex/Homo_sapiens.GRCh38.99.gtf
385365	5	159157408	159157409	-	ENSG00000145860	own-gene 3' UTR	1	ENSG00000145860	True	True	d	/home/sharedFolder/humanSTARindex/Homo_sapiens.GRCh38.99.gtf
363062	5	16902158	16902609	-	ENSG00000145555	exonic, not 3' UTR	2		True	True	d	/home/sharedFolder/humanSTARindex/Homo_sapiens.GRCh38.99.gtf
434866	7	99576020	99576453	+	ENSG00000197343	own-gene 3' UTR	2	ENSG00000197343	True	True	d	/home/sharedFolder/humanSTARindex/Homo_sapiens.GRCh38.99.gtf
379723	5	131714344	131715058	-	ENSG00000273217	intronic (same-strand gene body)	2		True	False	d	/home/sharedFolder/humanSTARindex/Homo_sapiens.GRCh38.99.gtf
40922	1	207364825	207365670	+	ENSG00000196352	intronic (same-strand gene body)	1		True	False	d	/home/sharedFolder/humanSTARindex/Homo_sapiens.GRCh38.99.gtf
440436	7	129226209	129227556	+	ENSG00000158467	intronic (same-strand gene body)	1		True	False	d	/home/sharedFolder/humanSTARindex/Homo_sapiens.GRCh38.99.gtf
330471	3	169483310	169483861	-	ENSG00000085276	exonic, not 3' UTR	2		True	True	d	/home/sharedFolder/humanSTARindex/Homo_sapiens.GRCh38.99.gtf
261464	2	159771537	159771855	-	ENSG00000241399	own-gene 3' UTR	2	ENSG00000241399	True	True	d	/home/sharedFolder/humanSTARindex/Homo_sapiens.GRCh38.99.gtf
33734	1	169134477	169135052	+	ENSG00000143153	outside any same-strand gene	0		False	False	d	/home/sharedFolder/humanSTARindex/Homo_sapiens.GRCh38.99.gtf
254830	2	112368368	112368812	-	ENSG00000169629	own-gene 3' UTR	1	ENSG00000169629	True	True	d	/home/sharedFolder/humanSTARindex/Homo_sapiens.GRCh38.99.gtf
296563	22	25071180	25071596	+	ENSG00000197077	intronic (same-strand gene body)	1		True	False	d	/home/sharedFolder/humanSTARindex/Homo_sapiens.GRCh38.99.gtf
296590	22	25197052	25197448	+	ENSG00000197077	own-gene 3' UTR	1	ENSG00000197077	True	True	d	/home/sharedFolder/humanSTARindex/Homo_sapiens.GRCh38.99.gtf
71822	11	301550	302441	+	ENSG00000142102	outside any same-strand gene	0		False	False	d	/home/sharedFolder/humanSTARindex/Homo_sapiens.GRCh38.99.gtf
290979	21	33435137	33436758	+	ENSG00000159128	intronic (same-strand gene body)	1		True	False	d	/home/sharedFolder/humanSTARindex/Homo_sapiens.GRCh38.99.gtf
124482	13	40951272	40951454	-	ENSG00000120690	own-gene 3' UTR	1	ENSG00000120690	True	True	d	/home/sharedFolder/humanSTARindex/Homo_sapiens.GRCh38.99.gtf
254904	2	112431634	112432701	-	ENSG00000169629	intronic (same-strand gene body)	1		True	False	d	/home/sharedFolder/humanSTARindex/Homo_sapiens.GRCh38.99.gtf
223328	19	16078001	16079093	+	ENSG00000167460	own-gene 3' UTR	1	ENSG00000167460	True	True	d	/home/sharedFolder/humanSTARindex/Homo_sapiens.GRCh38.99.gtf
194524	17	40445724	40446546	+	ENSG00000141753	intronic (same-strand gene body)	1		True	False	d	/home/sharedFolder/humanSTARindex/Homo_sapiens.GRCh38.99.gtf
75455	11	16739365	16741279	+	ENSG00000110696	intronic (same-strand gene body)	1		True	False	d	/home/sharedFolder/humanSTARindex/Homo_sapiens.GRCh38.99.gtf
163493	15	85749340	85749355	+	ENSG00000170776	own-gene 3' UTR	1	ENSG00000170776	True	True	d	/home/sharedFolder/humanSTARindex/Homo_sapiens.GRCh38.99.gtf
218044	19	1913060	1913452	+	ENSG00000227500	other-gene 3' UTR	2	ENSG00000213638	True	True	d	/home/sharedFolder/humanSTARindex/Homo_sapiens.GRCh38.99.gtf
395338	6	30600399	30600982	-	ENSG00000204569	own-gene 3' UTR	1	ENSG00000204569	True	True	d	/home/sharedFolder/humanSTARindex/Homo_sapiens.GRCh38.99.gtf
244884	2	60938003	60938494	-	ENSG00000162927	exonic, not 3' UTR	2		False	True	d	/home/sharedFolder/humanSTARindex/Homo_sapiens.GRCh38.99.gtf
382149	5	140549575	140549576	+	ENSG00000254996	other-gene 3' UTR	1	ENSG00000243056	False	True	d	/home/sharedFolder/humanSTARindex/Homo_sapiens.GRCh38.99.gtf
82444	11	67181159	67181613	+	ENSG00000173120	exonic, not 3' UTR	1		True	True	d	/home/sharedFolder/humanSTARindex/Homo_sapiens.GRCh38.99.gtf
487017	9	137191615	137192025	-	ENSG00000176058	own-gene 3' UTR	1	ENSG00000176058	True	True	d	/home/sharedFolder/humanSTARindex/Homo_sapiens.GRCh38.99.gtf
194529	17	40457651	40457727	+	ENSG00000141753	own-gene 3' UTR	1	ENSG00000141753	True	True	d	/home/sharedFolder/humanSTARindex/Homo_sapiens.GRCh38.99.gtf
390961	6	11380703	11381382	-	ENSG00000111859	intronic (same-strand gene body)	1		True	False	d	/home/sharedFolder/humanSTARindex/Homo_sapiens.GRCh38.99.gtf
39590	1	202965625	202966231	-	ENSG00000159348	exonic, not 3' UTR	1		True	True	d	/home/sharedFolder/humanSTARindex/Homo_sapiens.GRCh38.99.gtf
482649	9	120759086	120759580	-	ENSG00000119402	own-gene 3' UTR	1	ENSG00000119402	True	True	d	/home/sharedFolder/humanSTARindex/Homo_sapiens.GRCh38.99.gtf
375589	5	96737648	96738985	+	ENSG00000153113	exonic, not 3' UTR	1		True	True	d	/home/sharedFolder/humanSTARindex/Homo_sapiens.GRCh38.99.gtf
398214	6	37908028	37908765	+	ENSG00000156639	intronic (same-strand gene body)	1		True	False	d	/home/sharedFolder/humanSTARindex/Homo_sapiens.GRCh38.99.gtf
482652	9	120764142	120764659	-	ENSG00000119402	own-gene 3' UTR	1	ENSG00000119402	True	True	d	/home/sharedFolder/humanSTARindex/Homo_sapiens.GRCh38.99.gtf
218344	19	2477629	2477716	+	ENSG00000099860	own-gene 3' UTR	1	ENSG00000099860	True	True	d	/home/sharedFolder/humanSTARindex/Homo_sapiens.GRCh38.99.gtf
389410	6	2832331	2832335	-	ENSG00000021355	own-gene 3' UTR	1	ENSG00000021355	True	True	d	/home/sharedFolder/humanSTARindex/Homo_sapiens.GRCh38.99.gtf
222965	19	14529998	14533324	+	ENSG00000099797	exonic, not 3' UTR	1		True	True	d	/home/sharedFolder/humanSTARindex/Homo_sapiens.GRCh38.99.gtf
336991	4	1166931	1167248	-	ENSG00000159674	own-gene 3' UTR	1	ENSG00000159674	True	True	d	/home/sharedFolder/humanSTARindex/Homo_sapiens.GRCh38.99.gtf
271764	2	218268059	218269491	-	ENSG00000127837	exonic, not 3' UTR	1		True	True	d	/home/sharedFolder/humanSTARindex/Homo_sapiens.GRCh38.99.gtf
207046	17	81918269	81918698	-	ENSG00000187531	other-gene 3' UTR	2	ENSG00000197063	True	True	d	/home/sharedFolder/humanSTARindex/Homo_sapiens.GRCh38.99.gtf
367941	5	59342964	59343411	-	ENSG00000113448	intronic (same-strand gene body)	1		True	False	d	/home/sharedFolder/humanSTARindex/Homo_sapiens.GRCh38.99.gtf
23638	1	113826820	113827762	-	ENSG00000134242	intronic (same-strand gene body)	1		True	False	d	/home/sharedFolder/humanSTARindex/Homo_sapiens.GRCh38.99.gtf
48011	1	246238027	246239326	-	ENSG00000185420	intronic (same-strand gene body)	1		True	False	d	/home/sharedFolder/humanSTARindex/Homo_sapiens.GRCh38.99.gtf
233551	19	54173411	54173416	-	ENSG00000125505	own-gene 3' UTR	1	ENSG00000125505	True	True	d	/home/sharedFolder/humanSTARindex/Homo_sapiens.GRCh38.99.gtf
190568	17	28724275	28724770	-	ENSG00000160606	own-gene 3' UTR	1	ENSG00000160606	True	True	d	/home/sharedFolder/humanSTARindex/Homo_sapiens.GRCh38.99.gtf
190571	17	28727611	28728158	-	ENSG00000160606	exonic, not 3' UTR	1		True	True	d	/home/sharedFolder/humanSTARindex/Homo_sapiens.GRCh38.99.gtf
194698	17	41690871	41691002	+	ENSG00000173812	own-gene 3' UTR	1	ENSG00000173812	True	True	d	/home/sharedFolder/humanSTARindex/Homo_sapiens.GRCh38.99.gtf
401424	6	57169804	57170353	+	ENSG00000112200	own-gene 3' UTR	1	ENSG00000112200	True	True	d	/home/sharedFolder/humanSTARindex/Homo_sapiens.GRCh38.99.gtf
279203	20	17941599	17941600	-	ENSG00000089006	own-gene 3' UTR	1	ENSG00000089006	True	True	d	/home/sharedFolder/humanSTARindex/Homo_sapiens.GRCh38.99.gtf
274319	2	231712886	231713556	+	ENSG00000187514	own-gene 3' UTR	2	ENSG00000187514	True	True	d	/home/sharedFolder/humanSTARindex/Homo_sapiens.GRCh38.99.gtf
228135	19	38730080	38730258	+	ENSG00000130402	own-gene 3' UTR	1	ENSG00000130402	True	True	d	/home/sharedFolder/humanSTARindex/Homo_sapiens.GRCh38.99.gtf
58479	10	60028400	60028816	-	ENSG00000151150	own-gene 3' UTR	1	ENSG00000151150	True	True	d	/home/sharedFolder/humanSTARindex/Homo_sapiens.GRCh38.99.gtf
182540	16	84974568	84974569	-	ENSG00000153786	own-gene 3' UTR	1	ENSG00000153786	True	True	d	/home/sharedFolder/humanSTARindex/Homo_sapiens.GRCh38.99.gtf
31774	1	160221287	160221845	+	ENSG00000162734	outside any same-strand gene	0		False	False	d	/home/sharedFolder/humanSTARindex/Homo_sapiens.GRCh38.99.gtf
324169	3	129279815	129281137	+	ENSG00000181789	exonic, not 3' UTR	1		False	True	d	/home/sharedFolder/humanSTARindex/Homo_sapiens.GRCh38.99.gtf
207044	17	81911938	81912425	-	ENSG00000187531	own-gene 3' UTR	1	ENSG00000187531	True	True	d	/home/sharedFolder/humanSTARindex/Homo_sapiens.GRCh38.99.gtf
310819	3	45706721	45708945	+	ENSG00000144791	exonic, not 3' UTR	1		False	True	d	/home/sharedFolder/humanSTARindex/Homo_sapiens.GRCh38.99.gtf
72028	11	696151	696986	+	ENSG00000177106	intronic (same-strand gene body)	2		True	False	d	/home/sharedFolder/humanSTARindex/Homo_sapiens.GRCh38.99.gtf
329394	3	158606014	158606473	+	ENSG00000178053	own-gene 3' UTR	1	ENSG00000178053	True	True	d	/home/sharedFolder/humanSTARindex/Homo_sapiens.GRCh38.99.gtf
382147	5	140544962	140545924	+	ENSG00000254996	intronic (same-strand gene body)	1		True	False	d	/home/sharedFolder/humanSTARindex/Homo_sapiens.GRCh38.99.gtf
40926	1	207372817	207373685	+	ENSG00000196352	own-gene 3' UTR	1	ENSG00000196352	True	True	d	/home/sharedFolder/humanSTARindex/Homo_sapiens.GRCh38.99.gtf
490620	X	16764909	16765430	+	ENSG00000169895	own-gene 3' UTR	1	ENSG00000169895	True	True	d	/home/sharedFolder/humanSTARindex/Homo_sapiens.GRCh38.99.gtf
188981	17	17843507	17843917	-	ENSG00000175662	own-gene 3' UTR	1	ENSG00000175662	True	True	d	/home/sharedFolder/humanSTARindex/Homo_sapiens.GRCh38.99.gtf
351680	4	108035027	108035171	+	ENSG00000138796	own-gene 3' UTR	1	ENSG00000138796	True	True	d	/home/sharedFolder/humanSTARindex/Homo_sapiens.GRCh38.99.gtf
195494	17	43222755	43223713	-	ENSG00000236383	own-gene 3' UTR	1	ENSG00000236383	True	True	d	/home/sharedFolder/humanSTARindex/Homo_sapiens.GRCh38.99.gtf
25241	1	120793873	120793884	+	ENSG00000286106	own-gene 3' UTR	2	ENSG00000286106	True	True	d	/home/sharedFolder/humanSTARindex/Homo_sapiens.GRCh38.99.gtf
475740	9	76503677	76504259	+	ENSG00000187210	own-gene 3' UTR	1	ENSG00000187210	True	True	d	/home/sharedFolder/humanSTARindex/Homo_sapiens.GRCh38.99.gtf
18950	1	88836959	88837428	+	ENSG00000065243	outside any same-strand gene	0		False	False	d	/home/sharedFolder/humanSTARindex/Homo_sapiens.GRCh38.99.gtf
217847	19	1259094	1259143	+	ENSG00000167470	own-gene 3' UTR	1	ENSG00000167470	True	True	d	/home/sharedFolder/humanSTARindex/Homo_sapiens.GRCh38.99.gtf
280069	20	25294742	25295020	-	ENSG00000100997	own-gene 3' UTR	1	ENSG00000100997	True	True	d	/home/sharedFolder/humanSTARindex/Homo_sapiens.GRCh38.99.gtf
106026	12	56157962	56157982	+	ENSG00000196465	own-gene 3' UTR	1	ENSG00000196465	True	True	d	/home/sharedFolder/humanSTARindex/Homo_sapiens.GRCh38.99.gtf
330635	3	169982492	169983066	+	ENSG00000008952	own-gene 3' UTR	1	ENSG00000008952	True	True	d	/home/sharedFolder/humanSTARindex/Homo_sapiens.GRCh38.99.gtf
371281	5	73509127	73509736	+	ENSG00000145741	exonic, not 3' UTR	1		False	True	d	/home/sharedFolder/humanSTARindex/Homo_sapiens.GRCh38.99.gtf
57733	10	50305701	50306120	-	ENSG00000198964	own-gene 3' UTR	1	ENSG00000198964	True	True	d	/home/sharedFolder/humanSTARindex/Homo_sapiens.GRCh38.99.gtf
391404	6	13621616	13621720	+	ENSG00000225921	own-gene 3' UTR	1	ENSG00000225921	True	True	d	/home/sharedFolder/humanSTARindex/Homo_sapiens.GRCh38.99.gtf
90188	11	114255348	114255983	+	ENSG00000109906	own-gene 3' UTR	1	ENSG00000109906	True	True	d	/home/sharedFolder/humanSTARindex/Homo_sapiens.GRCh38.99.gtf
8028	1	28577719	28577855	+	ENSG00000180098	own-gene 3' UTR	1	ENSG00000180098	True	True	d	/home/sharedFolder/humanSTARindex/Homo_sapiens.GRCh38.99.gtf
70748	10	124996040	124996548	-	ENSG00000175029	intronic (same-strand gene body)	1		True	False	d	/home/sharedFolder/humanSTARindex/Homo_sapiens.GRCh38.99.gtf
299675	22	38753049	38754091	-	ENSG00000100242	intronic (same-strand gene body)	1		True	False	d	/home/sharedFolder/humanSTARindex/Homo_sapiens.GRCh38.99.gtf
396061	6	31981445	31981448	+	ENSG00000204344	own-gene 3' UTR	1	ENSG00000204344	True	True	d	/home/sharedFolder/humanSTARindex/Homo_sapiens.GRCh38.99.gtf
217858	19	1272512	1272550	+	ENSG00000099622	own-gene 3' UTR	1	ENSG00000099622	True	True	d	/home/sharedFolder/humanSTARindex/Homo_sapiens.GRCh38.99.gtf
95120	12	6238092	6238261	+	ENSG00000010278	own-gene 3' UTR	1	ENSG00000010278	True	True	d	/home/sharedFolder/humanSTARindex/Homo_sapiens.GRCh38.99.gtf
30165	1	154962297	154962680	-	ENSG00000163348	other-gene 3' UTR	2	ENSG00000160691	True	True	d	/home/sharedFolder/humanSTARindex/Homo_sapiens.GRCh38.99.gtf
270104	2	206162878	206162928	+	ENSG00000114942	own-gene 3' UTR	1	ENSG00000114942	True	True	d	/home/sharedFolder/humanSTARindex/Homo_sapiens.GRCh38.99.gtf
396038	6	31952077	31952228	-	ENSG00000204356	own-gene 3' UTR	1	ENSG00000204356	True	True	d	/home/sharedFolder/humanSTARindex/Homo_sapiens.GRCh38.99.gtf
299533	22	38491917	38493751	-	ENSG00000100201	exonic, not 3' UTR	1		True	True	d	/home/sharedFolder/humanSTARindex/Homo_sapiens.GRCh38.99.gtf
82752	11	68052845	68053259	-	ENSG00000110721	own-gene 3' UTR	1	ENSG00000110721	True	True	d	/home/sharedFolder/humanSTARindex/Homo_sapiens.GRCh38.99.gtf
310146	3	42601530	42603412	+	ENSG00000114857	exonic, not 3' UTR	1		True	True	d	/home/sharedFolder/humanSTARindex/Homo_sapiens.GRCh38.99.gtf
429140	7	70792146	70792891	+	ENSG00000158321	own-gene 3' UTR	1	ENSG00000158321	True	True	d	/home/sharedFolder/humanSTARindex/Homo_sapiens.GRCh38.99.gtf
202716	17	67337915	67338341	-	ENSG00000197170	own-gene 3' UTR	1	ENSG00000197170	True	True	d	/home/sharedFolder/humanSTARindex/Homo_sapiens.GRCh38.99.gtf
105439	12	53711114	53711721	-	ENSG00000012822	own-gene 3' UTR	1	ENSG00000012822	True	True	d	/home/sharedFolder/humanSTARindex/Homo_sapiens.GRCh38.99.gtf
470688	9	33036610	33037786	+	ENSG00000086061	exonic, not 3' UTR	1		True	True	d	/home/sharedFolder/humanSTARindex/Homo_sapiens.GRCh38.99.gtf
39006	1	200863778	200864394	+	ENSG00000118200	exonic, not 3' UTR	1		False	True	d	/home/sharedFolder/humanSTARindex/Homo_sapiens.GRCh38.99.gtf
37711	1	192579242	192580277	+	ENSG00000090104	own-gene 3' UTR	1	ENSG00000090104	True	True	d	/home/sharedFolder/humanSTARindex/Homo_sapiens.GRCh38.99.gtf
244224	2	55235513	55235659	+	ENSG00000143947	own-gene 3' UTR	1	ENSG00000143947	True	True	d	/home/sharedFolder/humanSTARindex/Homo_sapiens.GRCh38.99.gtf
163770	15	89202350	89202360	+	ENSG00000140526	own-gene 3' UTR	1	ENSG00000140526	True	True	d	/home/sharedFolder/humanSTARindex/Homo_sapiens.GRCh38.99.gtf
299264	22	37830850	37831380	-	ENSG00000100124	own-gene 3' UTR	1	ENSG00000100124	True	True	d	/home/sharedFolder/humanSTARindex/Homo_sapiens.GRCh38.99.gtf
299275	22	37848129	37849106	-	ENSG00000100124	exonic, not 3' UTR	1		True	True	d	/home/sharedFolder/humanSTARindex/Homo_sapiens.GRCh38.99.gtf
486785	9	136494443	136495021	-	ENSG00000148400	own-gene 3' UTR	1	ENSG00000148400	True	True	d	/home/sharedFolder/humanSTARindex/Homo_sapiens.GRCh38.99.gtf
395742	6	31533864	31534405	-	ENSG00000198563	exonic, not 3' UTR	2		True	True	d	/home/sharedFolder/humanSTARindex/Homo_sapiens.GRCh38.99.gtf
205331	17	76734836	76734837	-	ENSG00000161547	own-gene 3' UTR	1	ENSG00000161547	True	True	d	/home/sharedFolder/humanSTARindex/Homo_sapiens.GRCh38.99.gtf
276497	2	241746207	241746936	+	ENSG00000180902	intronic (same-strand gene body)	1		True	False	d	/home/sharedFolder/humanSTARindex/Homo_sapiens.GRCh38.99.gtf
252618	2	101288107	101288978	-	ENSG00000163162	exonic, not 3' UTR	1		True	True	d	/home/sharedFolder/humanSTARindex/Homo_sapiens.GRCh38.99.gtf
362994	5	16780526	16781553	-	ENSG00000145555	exonic, not 3' UTR	1		True	True	d	/home/sharedFolder/humanSTARindex/Homo_sapiens.GRCh38.99.gtf
329199	3	157149485	157151294	-	ENSG00000163660	own-gene 3' UTR	1	ENSG00000163660	True	True	d	/home/sharedFolder/humanSTARindex/Homo_sapiens.GRCh38.99.gtf
105444	12	53723928	53725134	-	ENSG00000012822	exonic, not 3' UTR	1		True	True	d	/home/sharedFolder/humanSTARindex/Homo_sapiens.GRCh38.99.gtf
451250	8	29336433	29336677	-	ENSG00000120875	own-gene 3' UTR	1	ENSG00000120875	True	True	d	/home/sharedFolder/humanSTARindex/Homo_sapiens.GRCh38.99.gtf
448083	8	11838961	11839002	+	ENSG00000079459	own-gene 3' UTR	1	ENSG00000079459	True	True	d	/home/sharedFolder/humanSTARindex/Homo_sapiens.GRCh38.99.gtf
193272	17	37196810	37197460	-	ENSG00000278540	intronic (same-strand gene body)	1		True	False	d	/home/sharedFolder/humanSTARindex/Homo_sapiens.GRCh38.99.gtf
455093	8	60517918	60518779	+	ENSG00000104388	intronic (same-strand gene body)	1		True	False	d	/home/sharedFolder/humanSTARindex/Homo_sapiens.GRCh38.99.gtf
374190	5	87375945	87376493	-	ENSG00000134480	own-gene 3' UTR	1	ENSG00000134480	True	True	d	/home/sharedFolder/humanSTARindex/Homo_sapiens.GRCh38.99.gtf
358979	4	169393272	169393676	-	ENSG00000137601	own-gene 3' UTR	1	ENSG00000137601	True	True	d	/home/sharedFolder/humanSTARindex/Homo_sapiens.GRCh38.99.gtf
25215	1	120763778	120764457	+	ENSG00000286106	intronic (same-strand gene body)	2		True	False	d	/home/sharedFolder/humanSTARindex/Homo_sapiens.GRCh38.99.gtf
111201	12	91145247	91145269	-	ENSG00000011465	own-gene 3' UTR	1	ENSG00000011465	True	True	d	/home/sharedFolder/humanSTARindex/Homo_sapiens.GRCh38.99.gtf
111194	12	91102701	91103153	-	ENSG00000139329	own-gene 3' UTR	1	ENSG00000139329	True	True	d	/home/sharedFolder/humanSTARindex/Homo_sapiens.GRCh38.99.gtf
302061	22	45600662	45601135	+	ENSG00000077942	own-gene 3' UTR	1	ENSG00000077942	True	True	d	/home/sharedFolder/humanSTARindex/Homo_sapiens.GRCh38.99.gtf
486541	9	134844171	134844548	+	ENSG00000130635	own-gene 3' UTR	1	ENSG00000130635	True	True	d	/home/sharedFolder/humanSTARindex/Homo_sapiens.GRCh38.99.gtf
271279	2	215360436	215360495	-	ENSG00000115414	own-gene 3' UTR	1	ENSG00000115414	True	True	d	/home/sharedFolder/humanSTARindex/Homo_sapiens.GRCh38.99.gtf
266174	2	189011724	189012142	+	ENSG00000168542	own-gene 3' UTR	1	ENSG00000168542	True	True	d	/home/sharedFolder/humanSTARindex/Homo_sapiens.GRCh38.99.gtf
95608	12	7080198	7080219	-	ENSG00000159403	own-gene 3' UTR	1	ENSG00000159403	True	True	d	/home/sharedFolder/humanSTARindex/Homo_sapiens.GRCh38.99.gtf
433802	7	94430858	94431227	+	ENSG00000164692	own-gene 3' UTR	1	ENSG00000164692	True	True	d	/home/sharedFolder/humanSTARindex/Homo_sapiens.GRCh38.99.gtf
86341	11	85719603	85720329	-	ENSG00000137501	intronic (same-strand gene body)	1		True	False	d	/home/sharedFolder/humanSTARindex/Homo_sapiens.GRCh38.99.gtf
293983	21	46129408	46129801	+	ENSG00000142173	own-gene 3' UTR	1	ENSG00000142173	True	True	d	/home/sharedFolder/humanSTARindex/Homo_sapiens.GRCh38.99.gtf
298418	22	32859276	32859731	+	ENSG00000100234	own-gene 3' UTR	1	ENSG00000100234	True	True	d	/home/sharedFolder/humanSTARindex/Homo_sapiens.GRCh38.99.gtf
435053	7	100125081	100125508	+	ENSG00000166997	own-gene 3' UTR	1	ENSG00000166997	True	True	d	/home/sharedFolder/humanSTARindex/Homo_sapiens.GRCh38.99.gtf
433800	7	94430344	94430707	+	ENSG00000164692	own-gene 3' UTR	1	ENSG00000164692	True	True	d	/home/sharedFolder/humanSTARindex/Homo_sapiens.GRCh38.99.gtf
271346	2	215434540	215435998	-	ENSG00000115414	exonic, not 3' UTR	1		True	True	d	/home/sharedFolder/humanSTARindex/Homo_sapiens.GRCh38.99.gtf
266176	2	189012742	189012746	+	ENSG00000168542	own-gene 3' UTR	1	ENSG00000168542	True	True	d	/home/sharedFolder/humanSTARindex/Homo_sapiens.GRCh38.99.gtf
271328	2	215411738	215412585	-	ENSG00000115414	intronic (same-strand gene body)	1		True	False	d	/home/sharedFolder/humanSTARindex/Homo_sapiens.GRCh38.99.gtf
266166	2	188978368	188978963	+	ENSG00000168542	intronic (same-strand gene body)	1		True	False	d	/home/sharedFolder/humanSTARindex/Homo_sapiens.GRCh38.99.gtf
478797	9	95086755	95087437	+	ENSG00000148120	own-gene 3' UTR	1	ENSG00000148120	True	True	d	/home/sharedFolder/humanSTARindex/Homo_sapiens.GRCh38.99.gtf
48020	1	246248730	246250036	-	ENSG00000185420	intronic (same-strand gene body)	1		True	False	d	/home/sharedFolder/humanSTARindex/Homo_sapiens.GRCh38.99.gtf
172179	16	22509242	22511940	+	ENSG00000243716	intronic (same-strand gene body)	1		True	False	d	/home/sharedFolder/humanSTARindex/Homo_sapiens.GRCh38.99.gtf
171733	16	21860418	21861937	-	ENSG00000185864	intronic (same-strand gene body)	1		True	False	d	/home/sharedFolder/humanSTARindex/Homo_sapiens.GRCh38.99.gtf
171753	16	21873624	21877157	-	ENSG00000185864	intronic (same-strand gene body)	1		True	False	d	/home/sharedFolder/humanSTARindex/Homo_sapiens.GRCh38.99.gtf
521	1	1630388	1630605	+	ENSG00000197530	own-gene 3' UTR	1	ENSG00000197530	True	True	d	/home/sharedFolder/humanSTARindex/Homo_sapiens.GRCh38.99.gtf
396222	6	32578884	32579040	-	ENSG00000196126	own-gene 3' UTR	1	ENSG00000196126	True	True	d	/home/sharedFolder/humanSTARindex/Homo_sapiens.GRCh38.99.gtf
442094	7	134933929	134934212	+	ENSG00000122786	exonic, not 3' UTR	1		True	True	d	/home/sharedFolder/humanSTARindex/Homo_sapiens.GRCh38.99.gtf
384384	5	151663406	151663444	-	ENSG00000113140	own-gene 3' UTR	1	ENSG00000113140	True	True	d	/home/sharedFolder/humanSTARindex/Homo_sapiens.GRCh38.99.gtf
168308	16	10528576	10529074	-	ENSG00000213853	own-gene 3' UTR	1	ENSG00000213853	True	True	d	/home/sharedFolder/humanSTARindex/Homo_sapiens.GRCh38.99.gtf
358860	4	168928101	168928445	+	ENSG00000129116	own-gene 3' UTR	1	ENSG00000129116	True	True	d	/home/sharedFolder/humanSTARindex/Homo_sapiens.GRCh38.99.gtf
486540	9	134843665	134843671	+	ENSG00000130635	own-gene 3' UTR	1	ENSG00000130635	True	True	d	/home/sharedFolder/humanSTARindex/Homo_sapiens.GRCh38.99.gtf
460523	8	100925703	100927275	-	ENSG00000164924	intronic (same-strand gene body)	1		True	False	d	/home/sharedFolder/humanSTARindex/Homo_sapiens.GRCh38.99.gtf
204467	17	75136317	75136418	-	ENSG00000189159	intronic (same-strand gene body)	1		True	False	d	/home/sharedFolder/humanSTARindex/Homo_sapiens.GRCh38.99.gtf
396537	6	33206830	33206831	+	ENSG00000112473	other-gene 3' UTR	1	ENSG00000204228	False	True	d	/home/sharedFolder/humanSTARindex/Homo_sapiens.GRCh38.99.gtf
91588	11	119418804	119419420	-	ENSG00000154096	own-gene 3' UTR	1	ENSG00000154096	True	True	d	/home/sharedFolder/humanSTARindex/Homo_sapiens.GRCh38.99.gtf
47936	1	246086496	246087192	-	ENSG00000185420	intronic (same-strand gene body)	1		True	False	d	/home/sharedFolder/humanSTARindex/Homo_sapiens.GRCh38.99.gtf
249268	2	85658043	85658044	-	ENSG00000168878	own-gene 3' UTR	1	ENSG00000168878	True	True	d	/home/sharedFolder/humanSTARindex/Homo_sapiens.GRCh38.99.gtf
348792	4	87493516	87494510	-	ENSG00000152583	exonic, not 3' UTR	1		True	True	d	/home/sharedFolder/humanSTARindex/Homo_sapiens.GRCh38.99.gtf
123362	13	32529501	32530474	-	ENSG00000244754	intronic (same-strand gene body)	1		True	False	d	/home/sharedFolder/humanSTARindex/Homo_sapiens.GRCh38.99.gtf
23740	1	113977784	113977869	+	ENSG00000163349	own-gene 3' UTR	1	ENSG00000163349	True	True	d	/home/sharedFolder/humanSTARindex/Homo_sapiens.GRCh38.99.gtf
40892	1	207337244	207337736	+	ENSG00000196352	exonic, not 3' UTR	1		True	True	d	/home/sharedFolder/humanSTARindex/Homo_sapiens.GRCh38.99.gtf
47846	1	245749238	245749433	-	ENSG00000185420	own-gene 3' UTR	1	ENSG00000185420	True	True	d	/home/sharedFolder/humanSTARindex/Homo_sapiens.GRCh38.99.gtf
442092	7	134933081	134933807	+	ENSG00000122786	own-gene 3' UTR	1	ENSG00000122786	True	True	d	/home/sharedFolder/humanSTARindex/Homo_sapiens.GRCh38.99.gtf
396221	6	32578682	32578769	-	ENSG00000196126	own-gene 3' UTR	1	ENSG00000196126	True	True	d	/home/sharedFolder/humanSTARindex/Homo_sapiens.GRCh38.99.gtf
17753	1	77917403	77918559	+	ENSG00000162614	exonic, not 3' UTR	1		True	True	d	/home/sharedFolder/humanSTARindex/Homo_sapiens.GRCh38.99.gtf
271327	2	215410609	215411529	-	ENSG00000115414	intronic (same-strand gene body)	1		True	False	d	/home/sharedFolder/humanSTARindex/Homo_sapiens.GRCh38.99.gtf
28999	1	151069693	151070087	+	ENSG00000213190	outside any same-strand gene	0		False	False	d	/home/sharedFolder/humanSTARindex/Homo_sapiens.GRCh38.99.gtf
28997	1	151068064	151068494	+	ENSG00000213190	own-gene 3' UTR	1	ENSG00000213190	True	True	d	/home/sharedFolder/humanSTARindex/Homo_sapiens.GRCh38.99.gtf
1490	1	7767382	7768236	+	ENSG00000171735	own-gene 3' UTR	1	ENSG00000171735	True	True	d	/home/sharedFolder/humanSTARindex/Homo_sapiens.GRCh38.99.gtf
358862	4	168933821	168934321	+	ENSG00000129116	outside any same-strand gene	0		False	False	d	/home/sharedFolder/humanSTARindex/Homo_sapiens.GRCh38.99.gtf
58937	10	62085812	62085872	+	ENSG00000150347	exonic, not 3' UTR	1		True	True	d	/home/sharedFolder/humanSTARindex/Homo_sapiens.GRCh38.99.gtf
88253	11	102203601	102204278	+	ENSG00000137693	intronic (same-strand gene body)	1		True	False	d	/home/sharedFolder/humanSTARindex/Homo_sapiens.GRCh38.99.gtf
167554	16	4476877	4477858	+	ENSG00000103415	intronic (same-strand gene body)	1		True	False	d	/home/sharedFolder/humanSTARindex/Homo_sapiens.GRCh38.99.gtf
91244	11	118658027	118658028	+	ENSG00000019144	own-gene 3' UTR	1	ENSG00000019144	True	True	d	/home/sharedFolder/humanSTARindex/Homo_sapiens.GRCh38.99.gtf
134767	14	35050323	35050396	+	ENSG00000151327	own-gene 3' UTR	1	ENSG00000151327	True	True	d	/home/sharedFolder/humanSTARindex/Homo_sapiens.GRCh38.99.gtf
17777	1	77948217	77948648	+	ENSG00000162614	outside any same-strand gene	0		False	False	d	/home/sharedFolder/humanSTARindex/Homo_sapiens.GRCh38.99.gtf
91226	11	118616410	118617081	+	ENSG00000019144	intronic (same-strand gene body)	1		True	False	d	/home/sharedFolder/humanSTARindex/Homo_sapiens.GRCh38.99.gtf
48026	1	246258088	246259892	-	ENSG00000185420	intronic (same-strand gene body)	1		True	False	d	/home/sharedFolder/humanSTARindex/Homo_sapiens.GRCh38.99.gtf
384382	5	151662435	151662961	-	ENSG00000113140	own-gene 3' UTR	1	ENSG00000113140	True	True	d	/home/sharedFolder/humanSTARindex/Homo_sapiens.GRCh38.99.gtf
357613	4	153781172	153781467	-	ENSG00000145423	own-gene 3' UTR	1	ENSG00000145423	True	True	d	/home/sharedFolder/humanSTARindex/Homo_sapiens.GRCh38.99.gtf
218710	19	3462621	3463006	+	ENSG00000141905	own-gene 3' UTR	1	ENSG00000141905	True	True	d	/home/sharedFolder/humanSTARindex/Homo_sapiens.GRCh38.99.gtf
298419	22	32860006	32861084	+	ENSG00000100234	own-gene 3' UTR	1	ENSG00000100234	True	True	d	/home/sharedFolder/humanSTARindex/Homo_sapiens.GRCh38.99.gtf
4772	1	19656963	19657347	+	ENSG00000158747	own-gene 3' UTR	1	ENSG00000158747	True	True	d	/home/sharedFolder/humanSTARindex/Homo_sapiens.GRCh38.99.gtf
48041	1	246284494	246285639	-	ENSG00000185420	intronic (same-strand gene body)	1		True	False	d	/home/sharedFolder/humanSTARindex/Homo_sapiens.GRCh38.99.gtf
18537	1	85583079	85583116	+	ENSG00000142871	own-gene 3' UTR	1	ENSG00000142871	True	True	d	/home/sharedFolder/humanSTARindex/Homo_sapiens.GRCh38.99.gtf
346585	4	77039811	77040171	+	ENSG00000138758	own-gene 3' UTR	1	ENSG00000138758	True	True	d	/home/sharedFolder/humanSTARindex/Homo_sapiens.GRCh38.99.gtf
1675	1	8012478	8012489	-	ENSG00000116285	own-gene 3' UTR	1	ENSG00000116285	True	True	d	/home/sharedFolder/humanSTARindex/Homo_sapiens.GRCh38.99.gtf
1684	1	8021471	8022011	-	ENSG00000116285	intronic (same-strand gene body)	1		True	False	d	/home/sharedFolder/humanSTARindex/Homo_sapiens.GRCh38.99.gtf
1673	1	8011724	8011901	-	ENSG00000116285	own-gene 3' UTR	1	ENSG00000116285	True	True	d	/home/sharedFolder/humanSTARindex/Homo_sapiens.GRCh38.99.gtf
106031	12	56161888	56162420	+	ENSG00000196465	other-gene 3' UTR	1	ENSG00000092841	False	True	d	/home/sharedFolder/humanSTARindex/Homo_sapiens.GRCh38.99.gtf
166025	16	412060	412487	+	ENSG00000103202	other-gene 3' UTR	1	ENSG00000242612	False	True	d	/home/sharedFolder/humanSTARindex/Homo_sapiens.GRCh38.99.gtf
235997	2	10314670	10315502	+	ENSG00000115756	intronic (same-strand gene body)	1		True	False	d	/home/sharedFolder/humanSTARindex/Homo_sapiens.GRCh38.99.gtf
250936	2	95859750	95860505	-	ENSG00000174501	own-gene 3' UTR	1	ENSG00000174501	True	True	d	/home/sharedFolder/humanSTARindex/Homo_sapiens.GRCh38.99.gtf
48024	1	246255112	246256302	-	ENSG00000185420	intronic (same-strand gene body)	1		True	False	d	/home/sharedFolder/humanSTARindex/Homo_sapiens.GRCh38.99.gtf
28729	1	150614006	150616848	-	ENSG00000143420	intronic (same-strand gene body)	1		True	False	d	/home/sharedFolder/humanSTARindex/Homo_sapiens.GRCh38.99.gtf
104991	12	52239900	52240772	+	ENSG00000135480	intronic (same-strand gene body)	1		True	False	d	/home/sharedFolder/humanSTARindex/Homo_sapiens.GRCh38.99.gtf
151934	15	40467737	40468236	+	ENSG00000140320	own-gene 3' UTR	1	ENSG00000140320	True	True	d	/home/sharedFolder/humanSTARindex/Homo_sapiens.GRCh38.99.gtf
151935	15	40472629	40473158	+	ENSG00000140320	other-gene 3' UTR	1	ENSG00000169105	False	True	d	/home/sharedFolder/humanSTARindex/Homo_sapiens.GRCh38.99.gtf
47975	1	246173437	246174333	-	ENSG00000185420	intronic (same-strand gene body)	1		True	False	d	/home/sharedFolder/humanSTARindex/Homo_sapiens.GRCh38.99.gtf
105977	12	56102438	56102864	+	ENSG00000065361	own-gene 3' UTR	2	ENSG00000065361	True	True	d	/home/sharedFolder/humanSTARindex/Homo_sapiens.GRCh38.99.gtf
167656	16	4690593	4690972	+	ENSG00000102858	own-gene 3' UTR	1	ENSG00000102858	True	True	d	/home/sharedFolder/humanSTARindex/Homo_sapiens.GRCh38.99.gtf
119397	12	123584615	123585736	+	ENSG00000086598	exonic, not 3' UTR	1		True	True	d	/home/sharedFolder/humanSTARindex/Homo_sapiens.GRCh38.99.gtf
383862	5	149501931	149503620	-	ENSG00000113712	exonic, not 3' UTR	2		True	True	d	/home/sharedFolder/humanSTARindex/Homo_sapiens.GRCh38.99.gtf
298403	22	32813797	32814368	+	ENSG00000100234	intronic (same-strand gene body)	1		True	False	d	/home/sharedFolder/humanSTARindex/Homo_sapiens.GRCh38.99.gtf
204148	17	74209879	74209880	+	ENSG00000172809	own-gene 3' UTR	1	ENSG00000172809	True	True	d	/home/sharedFolder/humanSTARindex/Homo_sapiens.GRCh38.99.gtf
460465	8	100721481	100722295	-	ENSG00000070756	exonic, not 3' UTR	1		True	True	d	/home/sharedFolder/humanSTARindex/Homo_sapiens.GRCh38.99.gtf
95522	12	6946001	6946002	+	ENSG00000111676	other-gene 3' UTR	1	ENSG00000111678	False	True	d	/home/sharedFolder/humanSTARindex/Homo_sapiens.GRCh38.99.gtf
293969	21	46003784	46004106	+	ENSG00000142156	own-gene 3' UTR	1	ENSG00000142156	True	True	d	/home/sharedFolder/humanSTARindex/Homo_sapiens.GRCh38.99.gtf
231009	19	47275629	47275723	+	ENSG00000105321	other-gene 3' UTR	1	ENSG00000257704	False	True	d	/home/sharedFolder/humanSTARindex/Homo_sapiens.GRCh38.99.gtf
117889	12	120701492	120701859	+	ENSG00000110917	own-gene 3' UTR	1	ENSG00000110917	True	True	d	/home/sharedFolder/humanSTARindex/Homo_sapiens.GRCh38.99.gtf
19903	1	92837561	92837632	+	ENSG00000122406	exonic, not 3' UTR	1		True	True	d	/home/sharedFolder/humanSTARindex/Homo_sapiens.GRCh38.99.gtf
366018	5	43526266	43526608	-	ENSG00000172239	own-gene 3' UTR	1	ENSG00000172239	True	True	d	/home/sharedFolder/humanSTARindex/Homo_sapiens.GRCh38.99.gtf
500748	X	119583292	119583454	+	ENSG00000077721	own-gene 3' UTR	1	ENSG00000077721	True	True	d	/home/sharedFolder/humanSTARindex/Homo_sapiens.GRCh38.99.gtf
75866	11	18403710	18404702	+	ENSG00000134333	own-gene 3' UTR	1	ENSG00000134333	True	True	d	/home/sharedFolder/humanSTARindex/Homo_sapiens.GRCh38.99.gtf
249263	2	85655153	85655154	-	ENSG00000168878	outside any same-strand gene	0		False	False	d	/home/sharedFolder/humanSTARindex/Homo_sapiens.GRCh38.99.gtf
286348	20	56366166	56366487	+	ENSG00000124098	own-gene 3' UTR	1	ENSG00000124098	True	True	d	/home/sharedFolder/humanSTARindex/Homo_sapiens.GRCh38.99.gtf
435055	7	100128103	100128500	+	ENSG00000166997	other-gene 3' UTR	1	ENSG00000214309	False	True	d	/home/sharedFolder/humanSTARindex/Homo_sapiens.GRCh38.99.gtf
411584	6	138091700	138092179	-	ENSG00000112378	own-gene 3' UTR	1	ENSG00000112378	True	True	d	/home/sharedFolder/humanSTARindex/Homo_sapiens.GRCh38.99.gtf
344550	4	56648488	56648567	-	ENSG00000171476	own-gene 3' UTR	1	ENSG00000171476	True	True	d	/home/sharedFolder/humanSTARindex/Homo_sapiens.GRCh38.99.gtf
389421	6	2837218	2838018	-	ENSG00000021355	exonic, not 3' UTR	1		True	True	d	/home/sharedFolder/humanSTARindex/Homo_sapiens.GRCh38.99.gtf
83127	11	69653584	69654474	+	ENSG00000110092	own-gene 3' UTR	1	ENSG00000110092	True	True	d	/home/sharedFolder/humanSTARindex/Homo_sapiens.GRCh38.99.gtf
6856	1	26278426	26278809	+	ENSG00000130695	own-gene 3' UTR	1	ENSG00000130695	True	True	d	/home/sharedFolder/humanSTARindex/Homo_sapiens.GRCh38.99.gtf
47912	1	246036528	246037166	-	ENSG00000185420	intronic (same-strand gene body)	1		True	False	d	/home/sharedFolder/humanSTARindex/Homo_sapiens.GRCh38.99.gtf
290450	21	31663858	31665012	+	ENSG00000142168	exonic, not 3' UTR	2		True	True	d	/home/sharedFolder/humanSTARindex/Homo_sapiens.GRCh38.99.gtf
238281	2	26112274	26113908	+	ENSG00000084733	intronic (same-strand gene body)	1		True	False	d	/home/sharedFolder/humanSTARindex/Homo_sapiens.GRCh38.99.gtf
168311	16	10531183	10532090	-	ENSG00000213853	own-gene 3' UTR	1	ENSG00000213853	True	True	d	/home/sharedFolder/humanSTARindex/Homo_sapiens.GRCh38.99.gtf
10298	1	37493493	37493849	-	ENSG00000163875	own-gene 3' UTR	1	ENSG00000163875	True	True	d	/home/sharedFolder/humanSTARindex/Homo_sapiens.GRCh38.99.gtf
287597	20	63523528	63524902	+	ENSG00000125534	outside any same-strand gene	0		False	False	d	/home/sharedFolder/humanSTARindex/Homo_sapiens.GRCh38.99.gtf
786	1	2191899	2193132	-	ENSG00000162585	own-gene 3' UTR	1	ENSG00000162585	True	True	d	/home/sharedFolder/humanSTARindex/Homo_sapiens.GRCh38.99.gtf
394053	6	26170728	26171349	+	ENSG00000158373	own-gene 3' UTR	1	ENSG00000158373	True	True	d	/home/sharedFolder/humanSTARindex/Homo_sapiens.GRCh38.99.gtf
283194	20	41043733	41044645	+	ENSG00000198900	intronic (same-strand gene body)	1		True	False	d	/home/sharedFolder/humanSTARindex/Homo_sapiens.GRCh38.99.gtf
299456	22	38296205	38296584	-	ENSG00000213923	own-gene 3' UTR	2	ENSG00000213923	True	True	d	/home/sharedFolder/humanSTARindex/Homo_sapiens.GRCh38.99.gtf
58347	10	58715423	58716231	+	ENSG00000122870	exonic, not 3' UTR	2		True	True	d	/home/sharedFolder/humanSTARindex/Homo_sapiens.GRCh38.99.gtf
10816	1	39325911	39327006	+	ENSG00000127603	intronic (same-strand gene body)	1		True	False	d	/home/sharedFolder/humanSTARindex/Homo_sapiens.GRCh38.99.gtf
379844	5	132190143	132190521	-	ENSG00000072682	outside any same-strand gene	0		False	False	d	/home/sharedFolder/humanSTARindex/Homo_sapiens.GRCh38.99.gtf
348463	4	86814538	86815176	+	ENSG00000163629	own-gene 3' UTR	1	ENSG00000163629	True	True	d	/home/sharedFolder/humanSTARindex/Homo_sapiens.GRCh38.99.gtf
1681	1	8017923	8019428	-	ENSG00000116285	intronic (same-strand gene body)	1		True	False	d	/home/sharedFolder/humanSTARindex/Homo_sapiens.GRCh38.99.gtf
319156	3	107772419	107773176	+	ENSG00000114439	exonic, not 3' UTR	1		True	True	d	/home/sharedFolder/humanSTARindex/Homo_sapiens.GRCh38.99.gtf
480437	9	105390972	105391422	+	ENSG00000070214	own-gene 3' UTR	1	ENSG00000070214	True	True	d	/home/sharedFolder/humanSTARindex/Homo_sapiens.GRCh38.99.gtf
32414	1	161526670	161527244	+	ENSG00000143226	other-gene 3' UTR	2	ENSG00000173110	False	True	d	/home/sharedFolder/humanSTARindex/Homo_sapiens.GRCh38.99.gtf
258359	2	138014645	138014658	+	ENSG00000150540	own-gene 3' UTR	1	ENSG00000150540	True	True	d	/home/sharedFolder/humanSTARindex/Homo_sapiens.GRCh38.99.gtf
480464	9	105438377	105438504	+	ENSG00000070214	own-gene 3' UTR	1	ENSG00000070214	True	True	d	/home/sharedFolder/humanSTARindex/Homo_sapiens.GRCh38.99.gtf
36516	1	182381695	182382115	-	ENSG00000135821	own-gene 3' UTR	1	ENSG00000135821	True	True	d	/home/sharedFolder/humanSTARindex/Homo_sapiens.GRCh38.99.gtf
286783	20	58992108	58992743	-	ENSG00000101160	outside any same-strand gene	0		False	False	d	/home/sharedFolder/humanSTARindex/Homo_sapiens.GRCh38.99.gtf
36120	1	180162281	180163154	+	ENSG00000116260	intronic (same-strand gene body)	1		True	False	d	/home/sharedFolder/humanSTARindex/Homo_sapiens.GRCh38.99.gtf
283181	20	41032767	41033879	+	ENSG00000198900	intronic (same-strand gene body)	1		True	False	d	/home/sharedFolder/humanSTARindex/Homo_sapiens.GRCh38.99.gtf
79908	11	60172013	60172151	-	ENSG00000110077	own-gene 3' UTR	1	ENSG00000110077	True	True	d	/home/sharedFolder/humanSTARindex/Homo_sapiens.GRCh38.99.gtf
27539	1	148847361	148848529	+	ENSG00000178104	intronic (same-strand gene body)	1		True	False	d	/home/sharedFolder/humanSTARindex/Homo_sapiens.GRCh38.99.gtf
79640	11	58527297	58527305	-	ENSG00000110031	own-gene 3' UTR	1	ENSG00000110031	True	True	d	/home/sharedFolder/humanSTARindex/Homo_sapiens.GRCh38.99.gtf
5607	1	22639317	22639466	+	ENSG00000173372	own-gene 3' UTR	1	ENSG00000173372	True	True	d	/home/sharedFolder/humanSTARindex/Homo_sapiens.GRCh38.99.gtf
134803	14	35082895	35083769	+	ENSG00000151327	own-gene 3' UTR	1	ENSG00000151327	True	True	d	/home/sharedFolder/humanSTARindex/Homo_sapiens.GRCh38.99.gtf
227555	19	37165381	37165518	-	ENSG00000267360	own-gene 3' UTR	2	ENSG00000196967,ENSG00000267360	True	True	d	/home/sharedFolder/humanSTARindex/Homo_sapiens.GRCh38.99.gtf
448439	8	13356698	13357305	-	ENSG00000164741	intronic (same-strand gene body)	1		True	False	d	/home/sharedFolder/humanSTARindex/Homo_sapiens.GRCh38.99.gtf
229300	19	41771907	41771990	+	ENSG00000086548	own-gene 3' UTR	1	ENSG00000086548	True	True	d	/home/sharedFolder/humanSTARindex/Homo_sapiens.GRCh38.99.gtf
304965	3	12433993	12434348	+	ENSG00000132170	own-gene 3' UTR	1	ENSG00000132170	True	True	d	/home/sharedFolder/humanSTARindex/Homo_sapiens.GRCh38.99.gtf
72309	11	1753471	1753472	-	ENSG00000250644	other-gene 3' UTR	2	ENSG00000117984	True	True	d	/home/sharedFolder/humanSTARindex/Homo_sapiens.GRCh38.99.gtf
310678	3	45110238	45110717	-	ENSG00000163814	own-gene 3' UTR	1	ENSG00000163814	True	True	d	/home/sharedFolder/humanSTARindex/Homo_sapiens.GRCh38.99.gtf
188643	17	16440019	16441228	+	ENSG00000187688	exonic, not 3' UTR	3		False	True	d	/home/sharedFolder/humanSTARindex/Homo_sapiens.GRCh38.99.gtf
17111	1	71068751	71071207	-	ENSG00000132485	exonic, not 3' UTR	1		True	True	d	/home/sharedFolder/humanSTARindex/Homo_sapiens.GRCh38.99.gtf
224266	19	18177977	18178117	+	ENSG00000268173	own-gene 3' UTR	2	ENSG00000216490,ENSG00000268173	True	True	d	/home/sharedFolder/humanSTARindex/Homo_sapiens.GRCh38.99.gtf
310649	3	45082276	45082859	-	ENSG00000163814	own-gene 3' UTR	1	ENSG00000163814	True	True	d	/home/sharedFolder/humanSTARindex/Homo_sapiens.GRCh38.99.gtf
42375	1	219190232	219190649	+	ENSG00000143353	intronic (same-strand gene body)	1		True	False	d	/home/sharedFolder/humanSTARindex/Homo_sapiens.GRCh38.99.gtf
455316	8	61624534	61624542	-	ENSG00000198363	own-gene 3' UTR	1	ENSG00000198363	True	True	d	/home/sharedFolder/humanSTARindex/Homo_sapiens.GRCh38.99.gtf
1440	1	6888200	6888201	+	ENSG00000171735	exonic, not 3' UTR	1		True	True	d	/home/sharedFolder/humanSTARindex/Homo_sapiens.GRCh38.99.gtf
169704	16	15022420	15023586	+	ENSG00000179889	exonic, not 3' UTR	1		True	True	d	/home/sharedFolder/humanSTARindex/Homo_sapiens.GRCh38.99.gtf
190669	17	28897611	28898218	-	ENSG00000132589	other-gene 3' UTR	2	ENSG00000167536	True	True	d	/home/sharedFolder/humanSTARindex/Homo_sapiens.GRCh38.99.gtf
125429	13	45339995	45340166	-	ENSG00000133112	exonic, not 3' UTR	1		True	True	d	/home/sharedFolder/humanSTARindex/Homo_sapiens.GRCh38.99.gtf
435928	7	102483138	102483554	-	ENSG00000170667	own-gene 3' UTR	1	ENSG00000170667	True	True	d	/home/sharedFolder/humanSTARindex/Homo_sapiens.GRCh38.99.gtf
195039	17	42330103	42331201	-	ENSG00000168610	intronic (same-strand gene body)	1		True	False	d	/home/sharedFolder/humanSTARindex/Homo_sapiens.GRCh38.99.gtf
144472	14	87991078	87991858	-	ENSG00000054983	intronic (same-strand gene body)	1		True	False	d	/home/sharedFolder/humanSTARindex/Homo_sapiens.GRCh38.99.gtf
83538	11	72002197	72002531	+	ENSG00000137522	other-gene 3' UTR	1	ENSG00000137496	False	True	d	/home/sharedFolder/humanSTARindex/Homo_sapiens.GRCh38.99.gtf
174853	16	30984190	30984664	+	ENSG00000099381	own-gene 3' UTR	1	ENSG00000099381	True	True	d	/home/sharedFolder/humanSTARindex/Homo_sapiens.GRCh38.99.gtf
52669	10	20279776	20280357	+	ENSG00000120594	own-gene 3' UTR	1	ENSG00000120594	True	True	d	/home/sharedFolder/humanSTARindex/Homo_sapiens.GRCh38.99.gtf
447656	8	9100261	9100283	+	ENSG00000104626	intronic (same-strand gene body)	1		True	False	d	/home/sharedFolder/humanSTARindex/Homo_sapiens.GRCh38.99.gtf
378563	5	123002144	123002245	+	ENSG00000064652	exonic, not 3' UTR	1		True	True	d	/home/sharedFolder/humanSTARindex/Homo_sapiens.GRCh38.99.gtf
83537	11	71996982	71997601	+	ENSG00000137522	own-gene 3' UTR	1	ENSG00000137522	True	True	d	/home/sharedFolder/humanSTARindex/Homo_sapiens.GRCh38.99.gtf
229302	19	41772210	41772211	+	ENSG00000086548	own-gene 3' UTR	1	ENSG00000086548	True	True	d	/home/sharedFolder/humanSTARindex/Homo_sapiens.GRCh38.99.gtf
323687	3	127689063	127689066	-	ENSG00000074416	own-gene 3' UTR	1	ENSG00000074416	True	True	d	/home/sharedFolder/humanSTARindex/Homo_sapiens.GRCh38.99.gtf
27565	1	148872628	148873129	+	ENSG00000178104	intronic (same-strand gene body)	1		True	False	d	/home/sharedFolder/humanSTARindex/Homo_sapiens.GRCh38.99.gtf
243116	2	46905068	46905529	-	ENSG00000180398	own-gene 3' UTR	1	ENSG00000180398	True	True	d	/home/sharedFolder/humanSTARindex/Homo_sapiens.GRCh38.99.gtf
307058	3	23589901	23590675	+	ENSG00000182247	own-gene 3' UTR	1	ENSG00000182247	True	True	d	/home/sharedFolder/humanSTARindex/Homo_sapiens.GRCh38.99.gtf
283128	20	40685847	40686518	-	ENSG00000204103	own-gene 3' UTR	1	ENSG00000204103	True	True	d	/home/sharedFolder/humanSTARindex/Homo_sapiens.GRCh38.99.gtf
494083	X	48903182	48903189	-	ENSG00000102100	own-gene 3' UTR	1	ENSG00000102100	True	True	d	/home/sharedFolder/humanSTARindex/Homo_sapiens.GRCh38.99.gtf
169001	16	11905901	11907402	-	ENSG00000103342	intronic (same-strand gene body)	1		True	False	d	/home/sharedFolder/humanSTARindex/Homo_sapiens.GRCh38.99.gtf
326458	3	141886278	141887754	+	ENSG00000069849	intronic (same-strand gene body)	1		True	False	d	/home/sharedFolder/humanSTARindex/Homo_sapiens.GRCh38.99.gtf
280949	20	32849097	32849184	+	ENSG00000101367	own-gene 3' UTR	1	ENSG00000101367	True	True	d	/home/sharedFolder/humanSTARindex/Homo_sapiens.GRCh38.99.gtf
228857	19	40780201	40783409	+	ENSG00000268975	own-gene 3' UTR	3	ENSG00000268975	True	True	d	/home/sharedFolder/humanSTARindex/Homo_sapiens.GRCh38.99.gtf
286796	20	59000279	59001611	-	ENSG00000101160	exonic, not 3' UTR	1		True	True	d	/home/sharedFolder/humanSTARindex/Homo_sapiens.GRCh38.99.gtf
28172	1	149791339	149791357	+	ENSG00000150337	exonic, not 3' UTR	1		True	True	d	/home/sharedFolder/humanSTARindex/Homo_sapiens.GRCh38.99.gtf
316013	3	69334154	69334156	-	ENSG00000114541	exonic, not 3' UTR	1		True	True	d	/home/sharedFolder/humanSTARindex/Homo_sapiens.GRCh38.99.gtf
326449	3	141880322	141881229	+	ENSG00000069849	intronic (same-strand gene body)	1		True	False	d	/home/sharedFolder/humanSTARindex/Homo_sapiens.GRCh38.99.gtf
271826	2	218388973	218388992	+	ENSG00000018280	intronic (same-strand gene body)	1		True	False	d	/home/sharedFolder/humanSTARindex/Homo_sapiens.GRCh38.99.gtf
186579	17	7259868	7259903	-	ENSG00000262302	other-gene 3' UTR	2	ENSG00000181885	True	True	d	/home/sharedFolder/humanSTARindex/Homo_sapiens.GRCh38.99.gtf
394921	6	29602227	29602627	-	ENSG00000204681	own-gene 3' UTR	1	ENSG00000204681	True	True	d	/home/sharedFolder/humanSTARindex/Homo_sapiens.GRCh38.99.gtf
207084	17	82033837	82034204	+	ENSG00000169683	other-gene 3' UTR	1	ENSG00000169750	False	True	d	/home/sharedFolder/humanSTARindex/Homo_sapiens.GRCh38.99.gtf
30610	1	155738302	155738529	+	ENSG00000132676	own-gene 3' UTR	1	ENSG00000132676	True	True	d	/home/sharedFolder/humanSTARindex/Homo_sapiens.GRCh38.99.gtf
174884	16	31043344	31044149	+	ENSG00000103496	intronic (same-strand gene body)	1		False	False	d	/home/sharedFolder/humanSTARindex/Homo_sapiens.GRCh38.99.gtf
168696	16	11548913	11549134	-	ENSG00000189067	own-gene 3' UTR	1	ENSG00000189067	True	True	d	/home/sharedFolder/humanSTARindex/Homo_sapiens.GRCh38.99.gtf
448109	8	11849487	11850244	-	ENSG00000164733	exonic, not 3' UTR	1		True	True	d	/home/sharedFolder/humanSTARindex/Homo_sapiens.GRCh38.99.gtf
9066	1	32621764	32621858	-	ENSG00000176261	own-gene 3' UTR	1	ENSG00000176261	True	True	d	/home/sharedFolder/humanSTARindex/Homo_sapiens.GRCh38.99.gtf
404471	6	87675250	87675326	-	ENSG00000135334	own-gene 3' UTR	1	ENSG00000135334	True	True	d	/home/sharedFolder/humanSTARindex/Homo_sapiens.GRCh38.99.gtf
168975	16	11886996	11887692	-	ENSG00000103342	exonic, not 3' UTR	1		True	True	d	/home/sharedFolder/humanSTARindex/Homo_sapiens.GRCh38.99.gtf
135575	14	39031918	39032453	-	ENSG00000100934	own-gene 3' UTR	1	ENSG00000100934	True	True	d	/home/sharedFolder/humanSTARindex/Homo_sapiens.GRCh38.99.gtf
166561	16	2177620	2178129	+	ENSG00000131653	own-gene 3' UTR	1	ENSG00000131653	True	True	d	/home/sharedFolder/humanSTARindex/Homo_sapiens.GRCh38.99.gtf
122056	13	26688533	26688948	+	ENSG00000132970	own-gene 3' UTR	1	ENSG00000132970	True	True	d	/home/sharedFolder/humanSTARindex/Homo_sapiens.GRCh38.99.gtf
88373	11	102398277	102398291	-	ENSG00000152558	own-gene 3' UTR	1	ENSG00000152558	True	True	d	/home/sharedFolder/humanSTARindex/Homo_sapiens.GRCh38.99.gtf
233392	19	53560877	53563911	+	ENSG00000130844	exonic, not 3' UTR	1		True	True	d	/home/sharedFolder/humanSTARindex/Homo_sapiens.GRCh38.99.gtf
346375	4	76161451	76161452	-	ENSG00000138760	own-gene 3' UTR	1	ENSG00000138760	True	True	d	/home/sharedFolder/humanSTARindex/Homo_sapiens.GRCh38.99.gtf
460521	8	100922226	100923732	-	ENSG00000164924	exonic, not 3' UTR	1		True	True	d	/home/sharedFolder/humanSTARindex/Homo_sapiens.GRCh38.99.gtf
6582	1	25331664	25332488	-	ENSG00000117616	intronic (same-strand gene body)	1		True	False	d	/home/sharedFolder/humanSTARindex/Homo_sapiens.GRCh38.99.gtf
249265	2	85657309	85657327	-	ENSG00000168878	own-gene 3' UTR	1	ENSG00000168878	True	True	d	/home/sharedFolder/humanSTARindex/Homo_sapiens.GRCh38.99.gtf
27002	1	147186260	147186560	-	ENSG00000131781	own-gene 3' UTR	1	ENSG00000131781	True	True	d	/home/sharedFolder/humanSTARindex/Homo_sapiens.GRCh38.99.gtf
198412	17	50691217	50691597	+	ENSG00000108846	own-gene 3' UTR	1	ENSG00000108846	True	True	d	/home/sharedFolder/humanSTARindex/Homo_sapiens.GRCh38.99.gtf
399068	6	42033993	42036200	-	ENSG00000112576	intronic (same-strand gene body)	1		True	False	d	/home/sharedFolder/humanSTARindex/Homo_sapiens.GRCh38.99.gtf
101533	12	32409639	32410357	+	ENSG00000139132	intronic (same-strand gene body)	1		True	False	d	/home/sharedFolder/humanSTARindex/Homo_sapiens.GRCh38.99.gtf
290838	21	33231111	33234165	+	ENSG00000249624	intronic (same-strand gene body)	2		True	False	d	/home/sharedFolder/humanSTARindex/Homo_sapiens.GRCh38.99.gtf
171258	16	20796979	20797159	+	ENSG00000005187	own-gene 3' UTR	1	ENSG00000005187	True	True	d	/home/sharedFolder/humanSTARindex/Homo_sapiens.GRCh38.99.gtf
279126	20	17573441	17573927	+	ENSG00000125868	intronic (same-strand gene body)	1		True	False	d	/home/sharedFolder/humanSTARindex/Homo_sapiens.GRCh38.99.gtf
277322	20	3219329	3220622	+	ENSG00000125877	intronic (same-strand gene body)	1		True	False	d	/home/sharedFolder/humanSTARindex/Homo_sapiens.GRCh38.99.gtf
326519	3	141925595	141925729	+	ENSG00000069849	own-gene 3' UTR	1	ENSG00000069849	True	True	d	/home/sharedFolder/humanSTARindex/Homo_sapiens.GRCh38.99.gtf
432543	7	87213464	87214294	-	ENSG00000135185	intronic (same-strand gene body)	1		True	False	d	/home/sharedFolder/humanSTARindex/Homo_sapiens.GRCh38.99.gtf
28715	1	150602403	150603559	-	ENSG00000143420	intronic (same-strand gene body)	1		True	False	d	/home/sharedFolder/humanSTARindex/Homo_sapiens.GRCh38.99.gtf
433984	7	95413311	95413900	-	ENSG00000105854	intronic (same-strand gene body)	1		True	False	d	/home/sharedFolder/humanSTARindex/Homo_sapiens.GRCh38.99.gtf
321112	3	116599058	116599432	-	ENSG00000185565	intronic (same-strand gene body)	1		True	False	d	/home/sharedFolder/humanSTARindex/Homo_sapiens.GRCh38.99.gtf
28843	1	150765273	150765842	-	ENSG00000163131	exonic, not 3' UTR	1		True	True	d	/home/sharedFolder/humanSTARindex/Homo_sapiens.GRCh38.99.gtf
84636	11	75265441	75266180	-	ENSG00000137486	own-gene 3' UTR	1	ENSG00000137486	True	True	d	/home/sharedFolder/humanSTARindex/Homo_sapiens.GRCh38.99.gtf
85354	11	77813265	77813556	-	ENSG00000048649	exonic, not 3' UTR	2		True	True	d	/home/sharedFolder/humanSTARindex/Homo_sapiens.GRCh38.99.gtf
62871	10	79615235	79615305	+	ENSG00000122852	own-gene 3' UTR	1	ENSG00000122852	True	True	d	/home/sharedFolder/humanSTARindex/Homo_sapiens.GRCh38.99.gtf
28719	1	150605176	150606713	-	ENSG00000143420	intronic (same-strand gene body)	1		True	False	d	/home/sharedFolder/humanSTARindex/Homo_sapiens.GRCh38.99.gtf
246016	2	64103769	64105394	-	ENSG00000197329	exonic, not 3' UTR	1		True	True	d	/home/sharedFolder/humanSTARindex/Homo_sapiens.GRCh38.99.gtf
197852	17	48595733	48596097	-	ENSG00000120093	other-gene 3' UTR	2	ENSG00000108511	True	True	d	/home/sharedFolder/humanSTARindex/Homo_sapiens.GRCh38.99.gtf
105801	12	55812196	55813315	-	ENSG00000205323	intronic (same-strand gene body)	2		True	False	d	/home/sharedFolder/humanSTARindex/Homo_sapiens.GRCh38.99.gtf
422026	7	23274973	23275108	+	ENSG00000136235	own-gene 3' UTR	1	ENSG00000136235	True	True	d	/home/sharedFolder/humanSTARindex/Homo_sapiens.GRCh38.99.gtf
101556	12	32448074	32448678	+	ENSG00000139132	intronic (same-strand gene body)	1		True	False	d	/home/sharedFolder/humanSTARindex/Homo_sapiens.GRCh38.99.gtf
399021	6	41984122	41985643	-	ENSG00000112576	intronic (same-strand gene body)	1		True	False	d	/home/sharedFolder/humanSTARindex/Homo_sapiens.GRCh38.99.gtf
131525	13	112801635	112802760	+	ENSG00000068650	intronic (same-strand gene body)	1		True	False	d	/home/sharedFolder/humanSTARindex/Homo_sapiens.GRCh38.99.gtf
271835	2	218395022	218395652	+	ENSG00000018280	own-gene 3' UTR	1	ENSG00000018280	True	True	d	/home/sharedFolder/humanSTARindex/Homo_sapiens.GRCh38.99.gtf
197837	17	48548868	48549268	-	ENSG00000120093	own-gene 3' UTR	1	ENSG00000120093	True	True	d	/home/sharedFolder/humanSTARindex/Homo_sapiens.GRCh38.99.gtf
186887	17	7883053	7884048	+	ENSG00000170004	outside any same-strand gene	0		False	False	d	/home/sharedFolder/humanSTARindex/Homo_sapiens.GRCh38.99.gtf
29557	1	153614572	153614635	-	ENSG00000189334	own-gene 3' UTR	1	ENSG00000189334	True	True	d	/home/sharedFolder/humanSTARindex/Homo_sapiens.GRCh38.99.gtf
231232	19	47779138	47780137	+	ENSG00000178980	exonic, not 3' UTR	1		True	True	d	/home/sharedFolder/humanSTARindex/Homo_sapiens.GRCh38.99.gtf
174885	16	31044304	31045987	+	ENSG00000103496	intronic (same-strand gene body)	1		False	False	d	/home/sharedFolder/humanSTARindex/Homo_sapiens.GRCh38.99.gtf
40782	1	206928711	206928826	-	ENSG00000162896	own-gene 3' UTR	1	ENSG00000162896	True	True	d	/home/sharedFolder/humanSTARindex/Homo_sapiens.GRCh38.99.gtf
207185	17	82242665	82242672	-	ENSG00000141551	own-gene 3' UTR	1	ENSG00000141551	True	True	d	/home/sharedFolder/humanSTARindex/Homo_sapiens.GRCh38.99.gtf
375333	5	95814085	95814226	-	ENSG00000173221	own-gene 3' UTR	1	ENSG00000173221	True	True	d	/home/sharedFolder/humanSTARindex/Homo_sapiens.GRCh38.99.gtf
169693	16	15012374	15014162	+	ENSG00000179889	intronic (same-strand gene body)	1		True	False	d	/home/sharedFolder/humanSTARindex/Homo_sapiens.GRCh38.99.gtf
98584	12	16480620	16482559	+	ENSG00000008394	intronic (same-strand gene body)	1		True	False	d	/home/sharedFolder/humanSTARindex/Homo_sapiens.GRCh38.99.gtf
55561	10	34391037	34391674	-	ENSG00000148498	intronic (same-strand gene body)	1		True	False	d	/home/sharedFolder/humanSTARindex/Homo_sapiens.GRCh38.99.gtf
187368	17	9250470	9250503	-	ENSG00000170310	own-gene 3' UTR	1	ENSG00000170310	True	True	d	/home/sharedFolder/humanSTARindex/Homo_sapiens.GRCh38.99.gtf
321249	3	116949428	116950486	-	ENSG00000185565	intronic (same-strand gene body)	1		True	False	d	/home/sharedFolder/humanSTARindex/Homo_sapiens.GRCh38.99.gtf
96611	12	10150184	10152854	-	ENSG00000173391	outside any same-strand gene	0		False	False	d	/home/sharedFolder/humanSTARindex/Homo_sapiens.GRCh38.99.gtf
98580	12	16475545	16476011	+	ENSG00000008394	intronic (same-strand gene body)	1		True	False	d	/home/sharedFolder/humanSTARindex/Homo_sapiens.GRCh38.99.gtf
160616	15	74844851	74845134	-	ENSG00000140497	own-gene 3' UTR	1	ENSG00000140497	True	True	d	/home/sharedFolder/humanSTARindex/Homo_sapiens.GRCh38.99.gtf
195523	17	43245213	43245449	-	ENSG00000236383	intronic (same-strand gene body)	1		True	False	d	/home/sharedFolder/humanSTARindex/Homo_sapiens.GRCh38.99.gtf
186554	17	7240768	7240813	-	ENSG00000170296	own-gene 3' UTR	2	ENSG00000170296,ENSG00000262526	True	True	d	/home/sharedFolder/humanSTARindex/Homo_sapiens.GRCh38.99.gtf
190661	17	28879338	28879339	-	ENSG00000132589	own-gene 3' UTR	1	ENSG00000132589	True	True	d	/home/sharedFolder/humanSTARindex/Homo_sapiens.GRCh38.99.gtf
203830	17	72647340	72647573	-	ENSG00000133195	own-gene 3' UTR	1	ENSG00000133195	True	True	d	/home/sharedFolder/humanSTARindex/Homo_sapiens.GRCh38.99.gtf
484282	9	127447673	127447728	-	ENSG00000197958	own-gene 3' UTR	1	ENSG00000197958	True	True	d	/home/sharedFolder/humanSTARindex/Homo_sapiens.GRCh38.99.gtf
7490	1	27671189	27672122	-	ENSG00000126709	intronic (same-strand gene body)	1		True	False	d	/home/sharedFolder/humanSTARindex/Homo_sapiens.GRCh38.99.gtf
420102	7	8157212	8158296	-	ENSG00000003147	own-gene 3' UTR	1	ENSG00000003147	True	True	d	/home/sharedFolder/humanSTARindex/Homo_sapiens.GRCh38.99.gtf
135308	14	36305496	36306903	-	ENSG00000151332	intronic (same-strand gene body)	1		True	False	d	/home/sharedFolder/humanSTARindex/Homo_sapiens.GRCh38.99.gtf
347628	4	82861693	82862722	-	ENSG00000138674	exonic, not 3' UTR	1		True	True	d	/home/sharedFolder/humanSTARindex/Homo_sapiens.GRCh38.99.gtf
232411	19	50497676	50500035	+	ENSG00000161671	outside any same-strand gene	0		False	False	d	/home/sharedFolder/humanSTARindex/Homo_sapiens.GRCh38.99.gtf
189611	17	19578293	19578906	+	ENSG00000142494	own-gene 3' UTR	1	ENSG00000142494	True	True	d	/home/sharedFolder/humanSTARindex/Homo_sapiens.GRCh38.99.gtf
115901	12	111802042	111803642	+	ENSG00000111275	intronic (same-strand gene body)	1		True	False	d	/home/sharedFolder/humanSTARindex/Homo_sapiens.GRCh38.99.gtf
462812	8	119243520	119244618	+	ENSG00000147676	own-gene 3' UTR	1	ENSG00000147676	True	True	d	/home/sharedFolder/humanSTARindex/Homo_sapiens.GRCh38.99.gtf
249064	2	85326507	85327663	-	ENSG00000152291	exonic, not 3' UTR	1		True	True	d	/home/sharedFolder/humanSTARindex/Homo_sapiens.GRCh38.99.gtf
198413	17	50691698	50691702	+	ENSG00000108846	own-gene 3' UTR	1	ENSG00000108846	True	True	d	/home/sharedFolder/humanSTARindex/Homo_sapiens.GRCh38.99.gtf
195514	17	43239539	43239754	-	ENSG00000236383	intronic (same-strand gene body)	1		True	False	d	/home/sharedFolder/humanSTARindex/Homo_sapiens.GRCh38.99.gtf
175584	16	47295775	47298892	-	ENSG00000129636	intronic (same-strand gene body)	1		True	False	d	/home/sharedFolder/humanSTARindex/Homo_sapiens.GRCh38.99.gtf
236964	2	20201480	20201991	-	ENSG00000115884	own-gene 3' UTR	1	ENSG00000115884	True	True	d	/home/sharedFolder/humanSTARindex/Homo_sapiens.GRCh38.99.gtf
246015	2	64101650	64103557	-	ENSG00000197329	intronic (same-strand gene body)	1		True	False	d	/home/sharedFolder/humanSTARindex/Homo_sapiens.GRCh38.99.gtf
163220	15	85381717	85382239	+	ENSG00000170776	exonic, not 3' UTR	1		True	True	d	/home/sharedFolder/humanSTARindex/Homo_sapiens.GRCh38.99.gtf
14068	1	51838853	51839639	-	ENSG00000078618	intronic (same-strand gene body)	1		True	False	d	/home/sharedFolder/humanSTARindex/Homo_sapiens.GRCh38.99.gtf
243115	2	46901873	46902233	-	ENSG00000180398	own-gene 3' UTR	1	ENSG00000180398	True	True	d	/home/sharedFolder/humanSTARindex/Homo_sapiens.GRCh38.99.gtf
333368	3	185333009	185333933	+	ENSG00000073803	intronic (same-strand gene body)	1		True	False	d	/home/sharedFolder/humanSTARindex/Homo_sapiens.GRCh38.99.gtf
294955	22	18906653	18906934	+	ENSG00000183628	own-gene 3' UTR	2	ENSG00000183628	True	True	d	/home/sharedFolder/humanSTARindex/Homo_sapiens.GRCh38.99.gtf
244904	2	60954030	60955288	+	ENSG00000162924	outside any same-strand gene	0		False	False	d	/home/sharedFolder/humanSTARindex/Homo_sapiens.GRCh38.99.gtf
431179	7	76307641	76308420	+	ENSG00000106211	outside any same-strand gene	0		False	False	d	/home/sharedFolder/humanSTARindex/Homo_sapiens.GRCh38.99.gtf
72123	11	880865	881339	-	ENSG00000177830	intronic (same-strand gene body)	1		True	False	d	/home/sharedFolder/humanSTARindex/Homo_sapiens.GRCh38.99.gtf
341287	4	37591178	37592394	+	ENSG00000154274	own-gene 3' UTR	1	ENSG00000154274	True	True	d	/home/sharedFolder/humanSTARindex/Homo_sapiens.GRCh38.99.gtf
299477	22	38349502	38350240	-	ENSG00000283900	intronic (same-strand gene body)	2		True	False	d	/home/sharedFolder/humanSTARindex/Homo_sapiens.GRCh38.99.gtf
191580	17	30898496	30899525	-	ENSG00000172171	own-gene 3' UTR	1	ENSG00000172171	True	True	d	/home/sharedFolder/humanSTARindex/Homo_sapiens.GRCh38.99.gtf
41023	1	207791725	207792311	+	ENSG00000117335	intronic (same-strand gene body)	1		True	False	d	/home/sharedFolder/humanSTARindex/Homo_sapiens.GRCh38.99.gtf
488272	KI270734.1	131924	132594	+	ENSG00000278817	exonic, not 3' UTR	1		True	True	d	/home/sharedFolder/humanSTARindex/Homo_sapiens.GRCh38.99.gtf
448359	8	13085480	13085897	-	ENSG00000164741	own-gene 3' UTR	1	ENSG00000164741	True	True	d	/home/sharedFolder/humanSTARindex/Homo_sapiens.GRCh38.99.gtf
279851	20	23047061	23047731	-	ENSG00000178726	own-gene 3' UTR	1	ENSG00000178726	True	True	d	/home/sharedFolder/humanSTARindex/Homo_sapiens.GRCh38.99.gtf
10704	1	39137665	39138100	+	ENSG00000127603	intronic (same-strand gene body)	1		True	False	d	/home/sharedFolder/humanSTARindex/Homo_sapiens.GRCh38.99.gtf
407331	6	111198893	111199715	+	ENSG00000112394	intronic (same-strand gene body)	1		True	False	d	/home/sharedFolder/humanSTARindex/Homo_sapiens.GRCh38.99.gtf
195582	17	43289788	43290124	-	ENSG00000236383	intronic (same-strand gene body)	1		True	False	d	/home/sharedFolder/humanSTARindex/Homo_sapiens.GRCh38.99.gtf
467936	9	4738744	4739711	-	ENSG00000147853	intronic (same-strand gene body)	1		True	False	d	/home/sharedFolder/humanSTARindex/Homo_sapiens.GRCh38.99.gtf
79909	11	60172439	60172497	-	ENSG00000110077	own-gene 3' UTR	1	ENSG00000110077	True	True	d	/home/sharedFolder/humanSTARindex/Homo_sapiens.GRCh38.99.gtf
91116	11	118448999	118449995	+	ENSG00000285827	own-gene 3' UTR	2	ENSG00000118058,ENSG00000285827	True	True	d	/home/sharedFolder/humanSTARindex/Homo_sapiens.GRCh38.99.gtf
420879	7	17087042	17087452	+	ENSG00000106546	intronic (same-strand gene body)	1		True	False	d	/home/sharedFolder/humanSTARindex/Homo_sapiens.GRCh38.99.gtf
105797	12	55808045	55809114	-	ENSG00000205323	intronic (same-strand gene body)	2		True	False	d	/home/sharedFolder/humanSTARindex/Homo_sapiens.GRCh38.99.gtf
495744	X	65693541	65695546	+	ENSG00000147065	intronic (same-strand gene body)	1		True	False	d	/home/sharedFolder/humanSTARindex/Homo_sapiens.GRCh38.99.gtf
116226	12	112406771	112407302	-	ENSG00000089009	exonic, not 3' UTR	1		True	True	d	/home/sharedFolder/humanSTARindex/Homo_sapiens.GRCh38.99.gtf
195515	17	43240681	43241013	-	ENSG00000236383	intronic (same-strand gene body)	1		True	False	d	/home/sharedFolder/humanSTARindex/Homo_sapiens.GRCh38.99.gtf
340611	4	26276003	26277188	+	ENSG00000168214	intronic (same-strand gene body)	1		True	False	d	/home/sharedFolder/humanSTARindex/Homo_sapiens.GRCh38.99.gtf
206185	17	78855541	78855546	-	ENSG00000035862	own-gene 3' UTR	1	ENSG00000035862	True	True	d	/home/sharedFolder/humanSTARindex/Homo_sapiens.GRCh38.99.gtf
457540	8	80011211	80011746	-	ENSG00000147586	intronic (same-strand gene body)	2		True	False	d	/home/sharedFolder/humanSTARindex/Homo_sapiens.GRCh38.99.gtf
488646	X	1309542	1310578	+	ENSG00000198223	own-gene 3' UTR	1	ENSG00000198223	True	True	d	/home/sharedFolder/humanSTARindex/Homo_sapiens.GRCh38.99.gtf
98604	12	16530685	16531389	+	ENSG00000008394	intronic (same-strand gene body)	1		True	False	d	/home/sharedFolder/humanSTARindex/Homo_sapiens.GRCh38.99.gtf
430544	7	75123235	75124501	+	ENSG00000174428	exonic, not 3' UTR	1		True	True	d	/home/sharedFolder/humanSTARindex/Homo_sapiens.GRCh38.99.gtf
94877	12	4338234	4339085	+	ENSG00000285901	intronic (same-strand gene body)	2		True	False	d	/home/sharedFolder/humanSTARindex/Homo_sapiens.GRCh38.99.gtf
182385	16	84566103	84566179	-	ENSG00000103187	own-gene 3' UTR	1	ENSG00000103187	True	True	d	/home/sharedFolder/humanSTARindex/Homo_sapiens.GRCh38.99.gtf
469413	9	19115760	19116006	-	ENSG00000147872	own-gene 3' UTR	1	ENSG00000147872	True	True	d	/home/sharedFolder/humanSTARindex/Homo_sapiens.GRCh38.99.gtf
42386	1	219211724	219211827	+	ENSG00000143353	own-gene 3' UTR	1	ENSG00000143353	True	True	d	/home/sharedFolder/humanSTARindex/Homo_sapiens.GRCh38.99.gtf
350742	4	102587897	102588469	+	ENSG00000109320	intronic (same-strand gene body)	1		True	False	d	/home/sharedFolder/humanSTARindex/Homo_sapiens.GRCh38.99.gtf
309848	3	41254356	41255641	+	ENSG00000168036	intronic (same-strand gene body)	1		True	False	d	/home/sharedFolder/humanSTARindex/Homo_sapiens.GRCh38.99.gtf
305470	3	15042250	15042847	-	ENSG00000131368	exonic, not 3' UTR	1		True	True	d	/home/sharedFolder/humanSTARindex/Homo_sapiens.GRCh38.99.gtf
2340	1	9848275	9848769	-	ENSG00000178585	own-gene 3' UTR	1	ENSG00000178585	True	True	d	/home/sharedFolder/humanSTARindex/Homo_sapiens.GRCh38.99.gtf
199511	17	58556677	58556682	-	ENSG00000121101	own-gene 3' UTR	1	ENSG00000121101	True	True	d	/home/sharedFolder/humanSTARindex/Homo_sapiens.GRCh38.99.gtf
190152	17	27295558	27295622	+	ENSG00000109046	intronic (same-strand gene body)	1		True	False	d	/home/sharedFolder/humanSTARindex/Homo_sapiens.GRCh38.99.gtf
54015	10	27154273	27155169	-	ENSG00000136758	exonic, not 3' UTR	1		True	True	d	/home/sharedFolder/humanSTARindex/Homo_sapiens.GRCh38.99.gtf
313514	3	53865101	53865795	+	ENSG00000056736	own-gene 3' UTR	1	ENSG00000056736	True	True	d	/home/sharedFolder/humanSTARindex/Homo_sapiens.GRCh38.99.gtf
328472	3	152424037	152425525	+	ENSG00000152601	intronic (same-strand gene body)	1		True	False	d	/home/sharedFolder/humanSTARindex/Homo_sapiens.GRCh38.99.gtf
60213	10	69401809	69401882	+	ENSG00000156515	own-gene 3' UTR	1	ENSG00000156515	True	True	d	/home/sharedFolder/humanSTARindex/Homo_sapiens.GRCh38.99.gtf
218641	19	3180331	3180337	+	ENSG00000125910	own-gene 3' UTR	1	ENSG00000125910	True	True	d	/home/sharedFolder/humanSTARindex/Homo_sapiens.GRCh38.99.gtf
318715	3	105403373	105405507	+	ENSG00000170017	intronic (same-strand gene body)	1		True	False	d	/home/sharedFolder/humanSTARindex/Homo_sapiens.GRCh38.99.gtf
228712	19	40422398	40422501	-	ENSG00000197019	own-gene 3' UTR	1	ENSG00000197019	True	True	d	/home/sharedFolder/humanSTARindex/Homo_sapiens.GRCh38.99.gtf
430324	7	74821436	74822697	-	ENSG00000196275	exonic, not 3' UTR	1		True	True	d	/home/sharedFolder/humanSTARindex/Homo_sapiens.GRCh38.99.gtf
95505	12	6913971	6914229	+	ENSG00000010626	own-gene 3' UTR	2	ENSG00000010626	True	True	d	/home/sharedFolder/humanSTARindex/Homo_sapiens.GRCh38.99.gtf
195591	17	43296056	43296258	-	ENSG00000236383	intronic (same-strand gene body)	1		True	False	d	/home/sharedFolder/humanSTARindex/Homo_sapiens.GRCh38.99.gtf
1674	1	8012201	8012261	-	ENSG00000116285	own-gene 3' UTR	1	ENSG00000116285	True	True	d	/home/sharedFolder/humanSTARindex/Homo_sapiens.GRCh38.99.gtf
224334	19	18255944	18256953	-	ENSG00000130518	outside any same-strand gene	0		False	False	d	/home/sharedFolder/humanSTARindex/Homo_sapiens.GRCh38.99.gtf
115729	12	111510840	111512997	-	ENSG00000204842	exonic, not 3' UTR	1		True	True	d	/home/sharedFolder/humanSTARindex/Homo_sapiens.GRCh38.99.gtf
269440	2	203191267	203191343	+	ENSG00000144426	exonic, not 3' UTR	2		True	True	d	/home/sharedFolder/humanSTARindex/Homo_sapiens.GRCh38.99.gtf
266697	2	190894975	190895458	+	ENSG00000115419	exonic, not 3' UTR	1		True	True	d	/home/sharedFolder/humanSTARindex/Homo_sapiens.GRCh38.99.gtf
195563	17	43277627	43277811	-	ENSG00000236383	intronic (same-strand gene body)	1		True	False	d	/home/sharedFolder/humanSTARindex/Homo_sapiens.GRCh38.99.gtf
281787	20	35276656	35276998	+	ENSG00000125966	own-gene 3' UTR	1	ENSG00000125966	True	True	d	/home/sharedFolder/humanSTARindex/Homo_sapiens.GRCh38.99.gtf
325689	3	136949058	136949126	+	ENSG00000158092	own-gene 3' UTR	2	ENSG00000158092	True	True	d	/home/sharedFolder/humanSTARindex/Homo_sapiens.GRCh38.99.gtf
341300	4	37611430	37612546	+	ENSG00000154274	intronic (same-strand gene body)	1		True	False	d	/home/sharedFolder/humanSTARindex/Homo_sapiens.GRCh38.99.gtf
105807	12	55816760	55817199	-	ENSG00000205323	intronic (same-strand gene body)	2		True	False	d	/home/sharedFolder/humanSTARindex/Homo_sapiens.GRCh38.99.gtf
415851	6	158786699	158787139	-	ENSG00000092820	exonic, not 3' UTR	1		True	True	d	/home/sharedFolder/humanSTARindex/Homo_sapiens.GRCh38.99.gtf
336060	3	196814670	196815703	+	ENSG00000180370	intronic (same-strand gene body)	1		True	False	d	/home/sharedFolder/humanSTARindex/Homo_sapiens.GRCh38.99.gtf
85264	11	77659998	77660371	-	ENSG00000048649	own-gene 3' UTR	1	ENSG00000048649	True	True	d	/home/sharedFolder/humanSTARindex/Homo_sapiens.GRCh38.99.gtf
253600	2	108644351	108647520	+	ENSG00000169756	intronic (same-strand gene body)	1		True	False	d	/home/sharedFolder/humanSTARindex/Homo_sapiens.GRCh38.99.gtf
72119	11	869757	869767	-	ENSG00000177830	own-gene 3' UTR	1	ENSG00000177830	True	True	d	/home/sharedFolder/humanSTARindex/Homo_sapiens.GRCh38.99.gtf
239068	2	28338448	28338901	+	ENSG00000158019	own-gene 3' UTR	1	ENSG00000158019	True	True	d	/home/sharedFolder/humanSTARindex/Homo_sapiens.GRCh38.99.gtf
485469	9	130135121	130135405	+	ENSG00000148358	own-gene 3' UTR	1	ENSG00000148358	True	True	d	/home/sharedFolder/humanSTARindex/Homo_sapiens.GRCh38.99.gtf
95501	12	6908018	6908843	+	ENSG00000010626	intronic (same-strand gene body)	1		True	False	d	/home/sharedFolder/humanSTARindex/Homo_sapiens.GRCh38.99.gtf
195558	17	43272764	43272934	-	ENSG00000236383	intronic (same-strand gene body)	1		True	False	d	/home/sharedFolder/humanSTARindex/Homo_sapiens.GRCh38.99.gtf
499452	X	104195461	104195902	+	ENSG00000123575	own-gene 3' UTR	1	ENSG00000123575	True	True	d	/home/sharedFolder/humanSTARindex/Homo_sapiens.GRCh38.99.gtf
147501	14	102084698	102085026	-	ENSG00000080824	own-gene 3' UTR	1	ENSG00000080824	True	True	d	/home/sharedFolder/humanSTARindex/Homo_sapiens.GRCh38.99.gtf
346282	4	75913659	75913703	-	ENSG00000138744	own-gene 3' UTR	1	ENSG00000138744	True	True	d	/home/sharedFolder/humanSTARindex/Homo_sapiens.GRCh38.99.gtf
52222	10	17899560	17900137	+	ENSG00000260314	intronic (same-strand gene body)	1		True	False	d	/home/sharedFolder/humanSTARindex/Homo_sapiens.GRCh38.99.gtf
307667	3	28331689	28331690	-	ENSG00000163512	own-gene 3' UTR	1	ENSG00000163512	True	True	d	/home/sharedFolder/humanSTARindex/Homo_sapiens.GRCh38.99.gtf
319200	3	108047064	108047197	-	ENSG00000196776	own-gene 3' UTR	1	ENSG00000196776	True	True	d	/home/sharedFolder/humanSTARindex/Homo_sapiens.GRCh38.99.gtf
50078	10	7805207	7806593	+	ENSG00000165629	intronic (same-strand gene body)	1		True	False	d	/home/sharedFolder/humanSTARindex/Homo_sapiens.GRCh38.99.gtf
105787	12	55792372	55793173	-	ENSG00000205323	exonic, not 3' UTR	2		True	True	d	/home/sharedFolder/humanSTARindex/Homo_sapiens.GRCh38.99.gtf
329468	3	158829276	158829417	+	ENSG00000118855	own-gene 3' UTR	1	ENSG00000118855	True	True	d	/home/sharedFolder/humanSTARindex/Homo_sapiens.GRCh38.99.gtf
282007	20	35725206	35726452	-	ENSG00000131051	intronic (same-strand gene body)	1		True	False	d	/home/sharedFolder/humanSTARindex/Homo_sapiens.GRCh38.99.gtf
369243	5	66180355	66180935	+	ENSG00000153914	own-gene 3' UTR	1	ENSG00000153914	True	True	d	/home/sharedFolder/humanSTARindex/Homo_sapiens.GRCh38.99.gtf
207187	17	82244290	82244433	-	ENSG00000141551	own-gene 3' UTR	1	ENSG00000141551	True	True	d	/home/sharedFolder/humanSTARindex/Homo_sapiens.GRCh38.99.gtf
375331	5	95813753	95813849	-	ENSG00000173221	own-gene 3' UTR	1	ENSG00000173221	True	True	d	/home/sharedFolder/humanSTARindex/Homo_sapiens.GRCh38.99.gtf
231069	19	47343019	47344382	+	ENSG00000134830	own-gene 3' UTR	1	ENSG00000134830	True	True	d	/home/sharedFolder/humanSTARindex/Homo_sapiens.GRCh38.99.gtf
230084	19	44861082	44864761	+	ENSG00000130202	intronic (same-strand gene body)	1		True	False	d	/home/sharedFolder/humanSTARindex/Homo_sapiens.GRCh38.99.gtf
281778	20	35265519	35266232	+	ENSG00000125966	intronic (same-strand gene body)	1		True	False	d	/home/sharedFolder/humanSTARindex/Homo_sapiens.GRCh38.99.gtf
81080	11	63997607	63997755	+	ENSG00000167770	own-gene 3' UTR	1	ENSG00000167770	True	True	d	/home/sharedFolder/humanSTARindex/Homo_sapiens.GRCh38.99.gtf
74516	11	11352887	11353170	-	ENSG00000110328	exonic, not 3' UTR	2		True	True	d	/home/sharedFolder/humanSTARindex/Homo_sapiens.GRCh38.99.gtf
417167	6	166594562	166595495	-	ENSG00000071242	intronic (same-strand gene body)	1		True	False	d	/home/sharedFolder/humanSTARindex/Homo_sapiens.GRCh38.99.gtf
137230	14	52640018	52640493	-	ENSG00000197930	own-gene 3' UTR	1	ENSG00000197930	True	True	d	/home/sharedFolder/humanSTARindex/Homo_sapiens.GRCh38.99.gtf
114818	12	108645108	108645109	-	ENSG00000110880	own-gene 3' UTR	1	ENSG00000110880	True	True	d	/home/sharedFolder/humanSTARindex/Homo_sapiens.GRCh38.99.gtf
104916	12	52024092	52024800	+	ENSG00000123358	intronic (same-strand gene body)	1		True	False	d	/home/sharedFolder/humanSTARindex/Homo_sapiens.GRCh38.99.gtf
229299	19	41771219	41771251	+	ENSG00000086548	own-gene 3' UTR	1	ENSG00000086548	True	True	d	/home/sharedFolder/humanSTARindex/Homo_sapiens.GRCh38.99.gtf
366019	5	43527092	43527190	-	ENSG00000172239	own-gene 3' UTR	1	ENSG00000172239	True	True	d	/home/sharedFolder/humanSTARindex/Homo_sapiens.GRCh38.99.gtf
304734	3	11555079	11555083	+	ENSG00000197548	own-gene 3' UTR	1	ENSG00000197548	True	True	d	/home/sharedFolder/humanSTARindex/Homo_sapiens.GRCh38.99.gtf
94888	12	4352717	4353488	+	ENSG00000285901	own-gene 3' UTR	2	ENSG00000078237,ENSG00000285901	True	True	d	/home/sharedFolder/humanSTARindex/Homo_sapiens.GRCh38.99.gtf
131532	13	112822283	112822766	+	ENSG00000068650	intronic (same-strand gene body)	1		True	False	d	/home/sharedFolder/humanSTARindex/Homo_sapiens.GRCh38.99.gtf
442539	7	137912810	137912986	-	ENSG00000182158	own-gene 3' UTR	1	ENSG00000182158	True	True	d	/home/sharedFolder/humanSTARindex/Homo_sapiens.GRCh38.99.gtf
184396	17	1138024	1139024	-	ENSG00000159842	intronic (same-strand gene body)	1		True	False	d	/home/sharedFolder/humanSTARindex/Homo_sapiens.GRCh38.99.gtf
187016	17	8145312	8145982	-	ENSG00000179094	exonic, not 3' UTR	1		True	True	d	/home/sharedFolder/humanSTARindex/Homo_sapiens.GRCh38.99.gtf
350744	4	102589209	102590129	+	ENSG00000109320	intronic (same-strand gene body)	1		True	False	d	/home/sharedFolder/humanSTARindex/Homo_sapiens.GRCh38.99.gtf
318717	3	105406233	105407230	+	ENSG00000170017	intronic (same-strand gene body)	1		True	False	d	/home/sharedFolder/humanSTARindex/Homo_sapiens.GRCh38.99.gtf
312619	3	50614436	50614437	+	ENSG00000114738	intronic (same-strand gene body)	1		True	False	d	/home/sharedFolder/humanSTARindex/Homo_sapiens.GRCh38.99.gtf
79918	11	60179481	60179931	-	ENSG00000110077	own-gene 3' UTR	1	ENSG00000110077	True	True	d	/home/sharedFolder/humanSTARindex/Homo_sapiens.GRCh38.99.gtf
398986	6	41944051	41944887	-	ENSG00000112576	intronic (same-strand gene body)	1		True	False	d	/home/sharedFolder/humanSTARindex/Homo_sapiens.GRCh38.99.gtf
201320	17	63589018	63589691	+	ENSG00000136485	own-gene 3' UTR	1	ENSG00000136485	True	True	d	/home/sharedFolder/humanSTARindex/Homo_sapiens.GRCh38.99.gtf
410428	6	132460497	132460657	-	ENSG00000079950	own-gene 3' UTR	1	ENSG00000079950	True	True	d	/home/sharedFolder/humanSTARindex/Homo_sapiens.GRCh38.99.gtf
467931	9	4732977	4733468	-	ENSG00000147853	intronic (same-strand gene body)	1		True	False	d	/home/sharedFolder/humanSTARindex/Homo_sapiens.GRCh38.99.gtf
484863	9	128693374	128694018	+	ENSG00000119335	exonic, not 3' UTR	1		True	True	d	/home/sharedFolder/humanSTARindex/Homo_sapiens.GRCh38.99.gtf
156492	15	58660174	58661085	-	ENSG00000137845	intronic (same-strand gene body)	1		True	False	d	/home/sharedFolder/humanSTARindex/Homo_sapiens.GRCh38.99.gtf
212467	18	32412643	32413170	-	ENSG00000141441	exonic, not 3' UTR	2		True	True	d	/home/sharedFolder/humanSTARindex/Homo_sapiens.GRCh38.99.gtf
397360	6	35574134	35574242	-	ENSG00000096060	own-gene 3' UTR	1	ENSG00000096060	True	True	d	/home/sharedFolder/humanSTARindex/Homo_sapiens.GRCh38.99.gtf
147495	14	102083775	102083909	-	ENSG00000080824	own-gene 3' UTR	1	ENSG00000080824	True	True	d	/home/sharedFolder/humanSTARindex/Homo_sapiens.GRCh38.99.gtf
163280	15	85503803	85504566	+	ENSG00000170776	intronic (same-strand gene body)	1		True	False	d	/home/sharedFolder/humanSTARindex/Homo_sapiens.GRCh38.99.gtf
490495	X	15830048	15830787	-	ENSG00000182287	own-gene 3' UTR	1	ENSG00000182287	True	True	d	/home/sharedFolder/humanSTARindex/Homo_sapiens.GRCh38.99.gtf
430197	7	74651122	74651707	+	ENSG00000263001	own-gene 3' UTR	1	ENSG00000263001	True	True	d	/home/sharedFolder/humanSTARindex/Homo_sapiens.GRCh38.99.gtf
29526	1	153547325	153547331	-	ENSG00000196154	other-gene 3' UTR	2	ENSG00000188015	True	True	d	/home/sharedFolder/humanSTARindex/Homo_sapiens.GRCh38.99.gtf
141924	14	71372745	71373812	+	ENSG00000197555	intronic (same-strand gene body)	1		True	False	d	/home/sharedFolder/humanSTARindex/Homo_sapiens.GRCh38.99.gtf
319212	3	108062690	108063761	-	ENSG00000196776	intronic (same-strand gene body)	1		True	False	d	/home/sharedFolder/humanSTARindex/Homo_sapiens.GRCh38.99.gtf
435251	7	100434117	100434118	+	ENSG00000146834	own-gene 3' UTR	1	ENSG00000146834	True	True	d	/home/sharedFolder/humanSTARindex/Homo_sapiens.GRCh38.99.gtf
392252	6	16689378	16690520	-	ENSG00000124788	intronic (same-strand gene body)	1		True	False	d	/home/sharedFolder/humanSTARindex/Homo_sapiens.GRCh38.99.gtf
236046	2	10427603	10427609	+	ENSG00000115756	own-gene 3' UTR	1	ENSG00000115756	True	True	d	/home/sharedFolder/humanSTARindex/Homo_sapiens.GRCh38.99.gtf
323981	3	128813803	128813804	+	ENSG00000075785	own-gene 3' UTR	1	ENSG00000075785	True	True	d	/home/sharedFolder/humanSTARindex/Homo_sapiens.GRCh38.99.gtf
103896	12	49265246	49266699	+	ENSG00000167553	intronic (same-strand gene body)	1		True	False	d	/home/sharedFolder/humanSTARindex/Homo_sapiens.GRCh38.99.gtf
220964	19	10111041	10111299	+	ENSG00000243207	other-gene 3' UTR	2	ENSG00000130810	True	True	d	/home/sharedFolder/humanSTARindex/Homo_sapiens.GRCh38.99.gtf
249173	2	85549182	85550037	-	ENSG00000115486	own-gene 3' UTR	1	ENSG00000115486	True	True	d	/home/sharedFolder/humanSTARindex/Homo_sapiens.GRCh38.99.gtf
276820	20	1137973	1140607	+	ENSG00000125818	intronic (same-strand gene body)	1		True	False	d	/home/sharedFolder/humanSTARindex/Homo_sapiens.GRCh38.99.gtf
23230	1	112670944	112671071	+	ENSG00000116489	own-gene 3' UTR	1	ENSG00000116489	True	True	d	/home/sharedFolder/humanSTARindex/Homo_sapiens.GRCh38.99.gtf
369904	5	69592236	69592532	+	ENSG00000183474	own-gene 3' UTR	1	ENSG00000183474	True	True	d	/home/sharedFolder/humanSTARindex/Homo_sapiens.GRCh38.99.gtf
131688	13	113322306	113322658	+	ENSG00000185896	own-gene 3' UTR	1	ENSG00000185896	True	True	d	/home/sharedFolder/humanSTARindex/Homo_sapiens.GRCh38.99.gtf
27708	1	149087421	149089103	-	ENSG00000269713	intronic (same-strand gene body)	1		True	False	d	/home/sharedFolder/humanSTARindex/Homo_sapiens.GRCh38.99.gtf
490489	X	15826067	15826096	-	ENSG00000182287	own-gene 3' UTR	1	ENSG00000182287	True	True	d	/home/sharedFolder/humanSTARindex/Homo_sapiens.GRCh38.99.gtf
499355	X	103681426	103684993	-	ENSG00000123562	exonic, not 3' UTR	1		True	True	d	/home/sharedFolder/humanSTARindex/Homo_sapiens.GRCh38.99.gtf
82587	11	67409659	67410089	+	ENSG00000175463	own-gene 3' UTR	1	ENSG00000175463	True	True	d	/home/sharedFolder/humanSTARindex/Homo_sapiens.GRCh38.99.gtf
82590	11	67413899	67414595	+	ENSG00000175463	outside any same-strand gene	0		False	False	d	/home/sharedFolder/humanSTARindex/Homo_sapiens.GRCh38.99.gtf
134568	14	34805809	34807569	-	ENSG00000198604	exonic, not 3' UTR	1		True	True	d	/home/sharedFolder/humanSTARindex/Homo_sapiens.GRCh38.99.gtf
64304	10	89213568	89213569	-	ENSG00000107798	own-gene 3' UTR	1	ENSG00000107798	True	True	d	/home/sharedFolder/humanSTARindex/Homo_sapiens.GRCh38.99.gtf
149530	15	24983004	24983708	+	ENSG00000128739	exonic, not 3' UTR	2		False	True	d	/home/sharedFolder/humanSTARindex/Homo_sapiens.GRCh38.99.gtf
173385	16	28456324	28456742	-	ENSG00000261832	own-gene 3' UTR	2	ENSG00000233232,ENSG00000261832	True	True	d	/home/sharedFolder/humanSTARindex/Homo_sapiens.GRCh38.99.gtf
390323	6	7284710	7285169	-	ENSG00000124783	own-gene 3' UTR	1	ENSG00000124783	True	True	d	/home/sharedFolder/humanSTARindex/Homo_sapiens.GRCh38.99.gtf
390737	6	10763186	10763759	+	ENSG00000137210	intronic (same-strand gene body)	2		True	False	d	/home/sharedFolder/humanSTARindex/Homo_sapiens.GRCh38.99.gtf
305935	3	16260335	16260389	-	ENSG00000154813	own-gene 3' UTR	1	ENSG00000154813	True	True	d	/home/sharedFolder/humanSTARindex/Homo_sapiens.GRCh38.99.gtf
389422	6	2838579	2840568	-	ENSG00000021355	exonic, not 3' UTR	1		True	True	d	/home/sharedFolder/humanSTARindex/Homo_sapiens.GRCh38.99.gtf
475430	9	73170176	73170393	+	ENSG00000135046	own-gene 3' UTR	1	ENSG00000135046	True	True	d	/home/sharedFolder/humanSTARindex/Homo_sapiens.GRCh38.99.gtf
461292	8	103419627	103420028	+	ENSG00000164934	intronic (same-strand gene body)	1		True	False	d	/home/sharedFolder/humanSTARindex/Homo_sapiens.GRCh38.99.gtf
85325	11	77761021	77762494	-	ENSG00000048649	exonic, not 3' UTR	1		True	True	d	/home/sharedFolder/humanSTARindex/Homo_sapiens.GRCh38.99.gtf
224522	19	18575442	18575443	+	ENSG00000221983	own-gene 3' UTR	1	ENSG00000221983	True	True	d	/home/sharedFolder/humanSTARindex/Homo_sapiens.GRCh38.99.gtf
36580	1	182828778	182829433	+	ENSG00000135838	own-gene 3' UTR	1	ENSG00000135838	True	True	d	/home/sharedFolder/humanSTARindex/Homo_sapiens.GRCh38.99.gtf
257003	2	130375404	130375405	+	ENSG00000072135	own-gene 3' UTR	1	ENSG00000072135	True	True	d	/home/sharedFolder/humanSTARindex/Homo_sapiens.GRCh38.99.gtf
492704	X	40051245	40052237	-	ENSG00000183337	own-gene 3' UTR	1	ENSG00000183337	True	True	d	/home/sharedFolder/humanSTARindex/Homo_sapiens.GRCh38.99.gtf
176821	16	56429132	56429603	-	ENSG00000167005	own-gene 3' UTR	1	ENSG00000167005	True	True	d	/home/sharedFolder/humanSTARindex/Homo_sapiens.GRCh38.99.gtf
499022	X	101349449	101349819	-	ENSG00000010671	own-gene 3' UTR	1	ENSG00000010671	True	True	d	/home/sharedFolder/humanSTARindex/Homo_sapiens.GRCh38.99.gtf
252588	2	101273998	101274075	-	ENSG00000163162	intronic (same-strand gene body)	1		True	False	d	/home/sharedFolder/humanSTARindex/Homo_sapiens.GRCh38.99.gtf
46020	1	235828615	235828855	-	ENSG00000143669	exonic, not 3' UTR	1		True	True	d	/home/sharedFolder/humanSTARindex/Homo_sapiens.GRCh38.99.gtf
282047	20	35774871	35774882	+	ENSG00000025293	exonic, not 3' UTR	1		True	True	d	/home/sharedFolder/humanSTARindex/Homo_sapiens.GRCh38.99.gtf
23620	1	113813810	113814176	-	ENSG00000134242	own-gene 3' UTR	1	ENSG00000134242	True	True	d	/home/sharedFolder/humanSTARindex/Homo_sapiens.GRCh38.99.gtf
106256	12	56589178	56589700	+	ENSG00000076067	own-gene 3' UTR	1	ENSG00000076067	True	True	d	/home/sharedFolder/humanSTARindex/Homo_sapiens.GRCh38.99.gtf
153763	15	44718344	44719620	+	ENSG00000166710	own-gene 3' UTR	1	ENSG00000166710	True	True	d	/home/sharedFolder/humanSTARindex/Homo_sapiens.GRCh38.99.gtf
430265	7	74749171	74750335	+	ENSG00000263001	exonic, not 3' UTR	1		True	True	d	/home/sharedFolder/humanSTARindex/Homo_sapiens.GRCh38.99.gtf
228676	19	40364168	40364854	+	ENSG00000105223	intronic (same-strand gene body)	1		True	False	d	/home/sharedFolder/humanSTARindex/Homo_sapiens.GRCh38.99.gtf
114820	12	108646564	108647430	-	ENSG00000110880	own-gene 3' UTR	1	ENSG00000110880	True	True	d	/home/sharedFolder/humanSTARindex/Homo_sapiens.GRCh38.99.gtf
244614	2	58113479	58114141	+	ENSG00000028116	intronic (same-strand gene body)	1		True	False	d	/home/sharedFolder/humanSTARindex/Homo_sapiens.GRCh38.99.gtf
134612	14	34845262	34845752	-	ENSG00000198604	exonic, not 3' UTR	2		True	True	d	/home/sharedFolder/humanSTARindex/Homo_sapiens.GRCh38.99.gtf
211521	18	23648392	23648414	-	ENSG00000154065	own-gene 3' UTR	1	ENSG00000154065	True	True	d	/home/sharedFolder/humanSTARindex/Homo_sapiens.GRCh38.99.gtf
106353	12	56679568	56681329	-	ENSG00000110958	intronic (same-strand gene body)	1		True	False	d	/home/sharedFolder/humanSTARindex/Homo_sapiens.GRCh38.99.gtf
110932	12	89348228	89348384	-	ENSG00000139318	own-gene 3' UTR	1	ENSG00000139318	True	True	d	/home/sharedFolder/humanSTARindex/Homo_sapiens.GRCh38.99.gtf
155669	15	55205348	55205353	-	ENSG00000069974	own-gene 3' UTR	1	ENSG00000069974	True	True	d	/home/sharedFolder/humanSTARindex/Homo_sapiens.GRCh38.99.gtf
63647	10	87093323	87094496	-	ENSG00000148672	exonic, not 3' UTR	1		True	True	d	/home/sharedFolder/humanSTARindex/Homo_sapiens.GRCh38.99.gtf
392551	6	17814044	17814926	-	ENSG00000137177	intronic (same-strand gene body)	1		True	False	d	/home/sharedFolder/humanSTARindex/Homo_sapiens.GRCh38.99.gtf
458621	8	90044848	90045157	+	ENSG00000104325	own-gene 3' UTR	1	ENSG00000104325	True	True	d	/home/sharedFolder/humanSTARindex/Homo_sapiens.GRCh38.99.gtf
157941	15	64143812	64144234	+	ENSG00000028528	own-gene 3' UTR	1	ENSG00000028528	True	True	d	/home/sharedFolder/humanSTARindex/Homo_sapiens.GRCh38.99.gtf
219623	19	6065101	6065726	-	ENSG00000087903	intronic (same-strand gene body)	1		True	False	d	/home/sharedFolder/humanSTARindex/Homo_sapiens.GRCh38.99.gtf
155147	15	51908767	51910152	+	ENSG00000138594	own-gene 3' UTR	1	ENSG00000138594	True	True	d	/home/sharedFolder/humanSTARindex/Homo_sapiens.GRCh38.99.gtf
485472	9	130139772	130140165	+	ENSG00000148358	own-gene 3' UTR	1	ENSG00000148358	True	True	d	/home/sharedFolder/humanSTARindex/Homo_sapiens.GRCh38.99.gtf
114824	12	108649811	108650700	-	ENSG00000110880	intronic (same-strand gene body)	1		True	False	d	/home/sharedFolder/humanSTARindex/Homo_sapiens.GRCh38.99.gtf
396270	6	32645311	32646354	+	ENSG00000196735	exonic, not 3' UTR	1		True	True	d	/home/sharedFolder/humanSTARindex/Homo_sapiens.GRCh38.99.gtf
378520	5	122825918	122826225	+	ENSG00000205302	exonic, not 3' UTR	1		True	True	d	/home/sharedFolder/humanSTARindex/Homo_sapiens.GRCh38.99.gtf
191588	17	30903337	30904481	-	ENSG00000172171	exonic, not 3' UTR	1		True	True	d	/home/sharedFolder/humanSTARindex/Homo_sapiens.GRCh38.99.gtf
420954	7	17334888	17336083	+	ENSG00000106546	exonic, not 3' UTR	2		True	True	d	/home/sharedFolder/humanSTARindex/Homo_sapiens.GRCh38.99.gtf
345953	4	74449091	74449216	+	ENSG00000109321	exonic, not 3' UTR	1		True	True	d	/home/sharedFolder/humanSTARindex/Homo_sapiens.GRCh38.99.gtf
282514	20	36892689	36892845	-	ENSG00000101347	own-gene 3' UTR	1	ENSG00000101347	True	True	d	/home/sharedFolder/humanSTARindex/Homo_sapiens.GRCh38.99.gtf
2378	1	9926053	9927054	-	ENSG00000162441	own-gene 3' UTR	1	ENSG00000162441	True	True	d	/home/sharedFolder/humanSTARindex/Homo_sapiens.GRCh38.99.gtf
340726	4	26430678	26431361	+	ENSG00000168214	own-gene 3' UTR	1	ENSG00000168214	True	True	d	/home/sharedFolder/humanSTARindex/Homo_sapiens.GRCh38.99.gtf
80689	11	62739929	62740331	+	ENSG00000162222	own-gene 3' UTR	1	ENSG00000162222	True	True	d	/home/sharedFolder/humanSTARindex/Homo_sapiens.GRCh38.99.gtf
249283	2	85662871	85662872	-	ENSG00000168878	intronic (same-strand gene body)	1		True	False	d	/home/sharedFolder/humanSTARindex/Homo_sapiens.GRCh38.99.gtf
50697	10	12165329	12166209	-	ENSG00000165609	own-gene 3' UTR	1	ENSG00000165609	True	True	d	/home/sharedFolder/humanSTARindex/Homo_sapiens.GRCh38.99.gtf
77167	11	33277873	33279358	+	ENSG00000110422	intronic (same-strand gene body)	1		True	False	d	/home/sharedFolder/humanSTARindex/Homo_sapiens.GRCh38.99.gtf
170269	16	16290490	16291178	+	ENSG00000103226	intronic (same-strand gene body)	1		True	False	d	/home/sharedFolder/humanSTARindex/Homo_sapiens.GRCh38.99.gtf
135591	14	39064372	39065100	-	ENSG00000100934	exonic, not 3' UTR	1		True	True	d	/home/sharedFolder/humanSTARindex/Homo_sapiens.GRCh38.99.gtf
38286	1	196747208	196747566	+	ENSG00000000971	own-gene 3' UTR	1	ENSG00000000971	True	True	d	/home/sharedFolder/humanSTARindex/Homo_sapiens.GRCh38.99.gtf
273918	2	230470519	230470535	+	ENSG00000067066	own-gene 3' UTR	1	ENSG00000067066	True	True	d	/home/sharedFolder/humanSTARindex/Homo_sapiens.GRCh38.99.gtf
497091	X	75072892	75073406	-	ENSG00000131269	intronic (same-strand gene body)	1		True	False	d	/home/sharedFolder/humanSTARindex/Homo_sapiens.GRCh38.99.gtf
452073	8	37756619	37757806	+	ENSG00000147475	own-gene 3' UTR	1	ENSG00000147475	True	True	d	/home/sharedFolder/humanSTARindex/Homo_sapiens.GRCh38.99.gtf
300264	22	40383845	40385439	+	ENSG00000239900	intronic (same-strand gene body)	3		True	False	d	/home/sharedFolder/humanSTARindex/Homo_sapiens.GRCh38.99.gtf
483526	9	124351106	124351458	+	ENSG00000119408	own-gene 3' UTR	1	ENSG00000119408	True	True	d	/home/sharedFolder/humanSTARindex/Homo_sapiens.GRCh38.99.gtf
36529	1	182389278	182389933	-	ENSG00000135821	exonic, not 3' UTR	1		True	True	d	/home/sharedFolder/humanSTARindex/Homo_sapiens.GRCh38.99.gtf
248204	2	74155720	74155721	-	ENSG00000114978	own-gene 3' UTR	1	ENSG00000114978	True	True	d	/home/sharedFolder/humanSTARindex/Homo_sapiens.GRCh38.99.gtf
499042	X	101387282	101388357	-	ENSG00000010671	intronic (same-strand gene body)	1		True	False	d	/home/sharedFolder/humanSTARindex/Homo_sapiens.GRCh38.99.gtf
171044	16	19504459	19504960	-	ENSG00000006007	own-gene 3' UTR	1	ENSG00000006007	True	True	d	/home/sharedFolder/humanSTARindex/Homo_sapiens.GRCh38.99.gtf
277730	20	4701453	4701588	+	ENSG00000171867	own-gene 3' UTR	1	ENSG00000171867	True	True	d	/home/sharedFolder/humanSTARindex/Homo_sapiens.GRCh38.99.gtf
503042	X	149478768	149478882	-	ENSG00000010404	own-gene 3' UTR	2	ENSG00000010404,ENSG00000241489	True	True	d	/home/sharedFolder/humanSTARindex/Homo_sapiens.GRCh38.99.gtf
226578	19	34400327	34400328	+	ENSG00000105220	own-gene 3' UTR	2	ENSG00000105220	True	True	d	/home/sharedFolder/humanSTARindex/Homo_sapiens.GRCh38.99.gtf
223206	19	15353520	15354259	-	ENSG00000105127	own-gene 3' UTR	1	ENSG00000105127	True	True	d	/home/sharedFolder/humanSTARindex/Homo_sapiens.GRCh38.99.gtf
228867	19	40796935	40796942	+	ENSG00000268975	own-gene 3' UTR	3	ENSG00000167578,ENSG00000268975	True	True	d	/home/sharedFolder/humanSTARindex/Homo_sapiens.GRCh38.99.gtf
50079	10	7807800	7807913	+	ENSG00000165629	own-gene 3' UTR	1	ENSG00000165629	True	True	d	/home/sharedFolder/humanSTARindex/Homo_sapiens.GRCh38.99.gtf
406569	6	108211512	108211722	-	ENSG00000112335	own-gene 3' UTR	1	ENSG00000112335	True	True	d	/home/sharedFolder/humanSTARindex/Homo_sapiens.GRCh38.99.gtf
468996	9	15163621	15164646	-	ENSG00000155158	own-gene 3' UTR	1	ENSG00000155158	True	True	d	/home/sharedFolder/humanSTARindex/Homo_sapiens.GRCh38.99.gtf
202722	17	67340915	67340921	-	ENSG00000197170	own-gene 3' UTR	1	ENSG00000197170	True	True	d	/home/sharedFolder/humanSTARindex/Homo_sapiens.GRCh38.99.gtf
46348	1	236551818	236552423	+	ENSG00000116977	own-gene 3' UTR	1	ENSG00000116977	True	True	d	/home/sharedFolder/humanSTARindex/Homo_sapiens.GRCh38.99.gtf
50772	10	12355100	12356903	+	ENSG00000183049	intronic (same-strand gene body)	1		True	False	d	/home/sharedFolder/humanSTARindex/Homo_sapiens.GRCh38.99.gtf
341828	4	39524445	39526548	-	ENSG00000109814	exonic, not 3' UTR	1		True	True	d	/home/sharedFolder/humanSTARindex/Homo_sapiens.GRCh38.99.gtf
301556	22	42941349	42943061	-	ENSG00000100266	intronic (same-strand gene body)	1		True	False	d	/home/sharedFolder/humanSTARindex/Homo_sapiens.GRCh38.99.gtf
1664	1	8005647	8006396	-	ENSG00000116285	intronic (same-strand gene body)	1		True	False	d	/home/sharedFolder/humanSTARindex/Homo_sapiens.GRCh38.99.gtf
244985	2	61051331	61051991	+	ENSG00000162928	own-gene 3' UTR	1	ENSG00000162928	True	True	d	/home/sharedFolder/humanSTARindex/Homo_sapiens.GRCh38.99.gtf
230432	19	45526561	45526591	+	ENSG00000125753	own-gene 3' UTR	1	ENSG00000125753	True	True	d	/home/sharedFolder/humanSTARindex/Homo_sapiens.GRCh38.99.gtf
211068	18	21694763	21697779	-	ENSG00000158201	intronic (same-strand gene body)	1		True	False	d	/home/sharedFolder/humanSTARindex/Homo_sapiens.GRCh38.99.gtf
328400	3	152337081	152337650	+	ENSG00000152601	intronic (same-strand gene body)	1		True	False	d	/home/sharedFolder/humanSTARindex/Homo_sapiens.GRCh38.99.gtf
322677	3	122453505	122454195	-	ENSG00000114030	own-gene 3' UTR	1	ENSG00000114030	True	True	d	/home/sharedFolder/humanSTARindex/Homo_sapiens.GRCh38.99.gtf
35767	1	179095398	179095879	-	ENSG00000143322	outside any same-strand gene	0		False	False	d	/home/sharedFolder/humanSTARindex/Homo_sapiens.GRCh38.99.gtf
27495	1	148751143	148752429	+	ENSG00000177144	outside any same-strand gene	0		False	False	d	/home/sharedFolder/humanSTARindex/Homo_sapiens.GRCh38.99.gtf
106265	12	56595161	56595600	+	ENSG00000076067	own-gene 3' UTR	1	ENSG00000076067	True	True	d	/home/sharedFolder/humanSTARindex/Homo_sapiens.GRCh38.99.gtf
75475	11	16777294	16777830	-	ENSG00000166689	own-gene 3' UTR	1	ENSG00000166689	True	True	d	/home/sharedFolder/humanSTARindex/Homo_sapiens.GRCh38.99.gtf
196156	17	45105660	45105986	+	ENSG00000136448	own-gene 3' UTR	1	ENSG00000136448	True	True	d	/home/sharedFolder/humanSTARindex/Homo_sapiens.GRCh38.99.gtf
119323	12	123424436	123428037	-	ENSG00000150977	intronic (same-strand gene body)	1		True	False	d	/home/sharedFolder/humanSTARindex/Homo_sapiens.GRCh38.99.gtf
151754	15	39598689	39598918	+	ENSG00000137801	own-gene 3' UTR	1	ENSG00000137801	True	True	d	/home/sharedFolder/humanSTARindex/Homo_sapiens.GRCh38.99.gtf
121743	13	24257811	24258605	+	ENSG00000273167	intronic (same-strand gene body)	2		True	False	d	/home/sharedFolder/humanSTARindex/Homo_sapiens.GRCh38.99.gtf
273365	2	227554725	227555127	+	ENSG00000173744	own-gene 3' UTR	1	ENSG00000173744	True	True	d	/home/sharedFolder/humanSTARindex/Homo_sapiens.GRCh38.99.gtf
375612	5	96764868	96765736	+	ENSG00000153113	exonic, not 3' UTR	1		True	True	d	/home/sharedFolder/humanSTARindex/Homo_sapiens.GRCh38.99.gtf
26704	1	146138848	146139914	-	ENSG00000271425	exonic, not 3' UTR	1		True	True	d	/home/sharedFolder/humanSTARindex/Homo_sapiens.GRCh38.99.gtf
203161	17	67932020	67934736	+	ENSG00000171634	intronic (same-strand gene body)	1		True	False	d	/home/sharedFolder/humanSTARindex/Homo_sapiens.GRCh38.99.gtf
131523	13	112799591	112800767	+	ENSG00000068650	intronic (same-strand gene body)	1		True	False	d	/home/sharedFolder/humanSTARindex/Homo_sapiens.GRCh38.99.gtf
427233	7	55470607	55471406	-	ENSG00000154978	own-gene 3' UTR	1	ENSG00000154978	True	True	d	/home/sharedFolder/humanSTARindex/Homo_sapiens.GRCh38.99.gtf
381788	5	139566489	139566958	+	ENSG00000131508	intronic (same-strand gene body)	1		True	False	d	/home/sharedFolder/humanSTARindex/Homo_sapiens.GRCh38.99.gtf
375601	5	96754442	96755379	+	ENSG00000153113	exonic, not 3' UTR	1		True	True	d	/home/sharedFolder/humanSTARindex/Homo_sapiens.GRCh38.99.gtf
408049	6	116279669	116280351	+	ENSG00000111817	exonic, not 3' UTR	1		True	True	d	/home/sharedFolder/humanSTARindex/Homo_sapiens.GRCh38.99.gtf
423957	7	33014075	33014248	-	ENSG00000122643	own-gene 3' UTR	1	ENSG00000122643	True	True	d	/home/sharedFolder/humanSTARindex/Homo_sapiens.GRCh38.99.gtf
255432	2	113958742	113959392	+	ENSG00000115091	own-gene 3' UTR	1	ENSG00000115091	True	True	d	/home/sharedFolder/humanSTARindex/Homo_sapiens.GRCh38.99.gtf
228665	19	40349526	40350605	+	ENSG00000105223	intronic (same-strand gene body)	1		True	False	d	/home/sharedFolder/humanSTARindex/Homo_sapiens.GRCh38.99.gtf
81744	11	65614669	65615241	-	ENSG00000173327	exonic, not 3' UTR	1		True	True	d	/home/sharedFolder/humanSTARindex/Homo_sapiens.GRCh38.99.gtf
66603	10	100274914	100275020	-	ENSG00000196072	own-gene 3' UTR	1	ENSG00000196072	True	True	d	/home/sharedFolder/humanSTARindex/Homo_sapiens.GRCh38.99.gtf
122044	13	26577434	26577625	+	ENSG00000132970	exonic, not 3' UTR	2		True	True	d	/home/sharedFolder/humanSTARindex/Homo_sapiens.GRCh38.99.gtf
380632	5	134606423	134606429	-	ENSG00000152700	own-gene 3' UTR	1	ENSG00000152700	True	True	d	/home/sharedFolder/humanSTARindex/Homo_sapiens.GRCh38.99.gtf
185180	17	2681903	2681956	+	ENSG00000007168	own-gene 3' UTR	1	ENSG00000007168	True	True	d	/home/sharedFolder/humanSTARindex/Homo_sapiens.GRCh38.99.gtf
335685	3	196059590	196060473	-	ENSG00000072274	exonic, not 3' UTR	1		True	True	d	/home/sharedFolder/humanSTARindex/Homo_sapiens.GRCh38.99.gtf
205095	17	76271266	76271294	+	ENSG00000185262	own-gene 3' UTR	1	ENSG00000185262	True	True	d	/home/sharedFolder/humanSTARindex/Homo_sapiens.GRCh38.99.gtf
380662	5	134637093	134637268	-	ENSG00000152700	intronic (same-strand gene body)	1		True	False	d	/home/sharedFolder/humanSTARindex/Homo_sapiens.GRCh38.99.gtf
3226	1	12610169	12611063	-	ENSG00000162496	intronic (same-strand gene body)	1		True	False	d	/home/sharedFolder/humanSTARindex/Homo_sapiens.GRCh38.99.gtf
199642	17	59109861	59110684	-	ENSG00000182628	own-gene 3' UTR	1	ENSG00000182628	True	True	d	/home/sharedFolder/humanSTARindex/Homo_sapiens.GRCh38.99.gtf
350759	4	102601821	102602561	+	ENSG00000109320	intronic (same-strand gene body)	1		True	False	d	/home/sharedFolder/humanSTARindex/Homo_sapiens.GRCh38.99.gtf
182871	16	87404558	87404779	+	ENSG00000140941	own-gene 3' UTR	1	ENSG00000140941	True	True	d	/home/sharedFolder/humanSTARindex/Homo_sapiens.GRCh38.99.gtf
168977	16	11888818	11890446	-	ENSG00000103342	intronic (same-strand gene body)	1		True	False	d	/home/sharedFolder/humanSTARindex/Homo_sapiens.GRCh38.99.gtf
126837	13	50913075	50913510	+	ENSG00000136104	exonic, not 3' UTR	1		True	True	d	/home/sharedFolder/humanSTARindex/Homo_sapiens.GRCh38.99.gtf
299103	22	37225269	37225314	-	ENSG00000128340	own-gene 3' UTR	1	ENSG00000128340	True	True	d	/home/sharedFolder/humanSTARindex/Homo_sapiens.GRCh38.99.gtf
283986	20	45325791	45325813	-	ENSG00000124145	own-gene 3' UTR	1	ENSG00000124145	True	True	d	/home/sharedFolder/humanSTARindex/Homo_sapiens.GRCh38.99.gtf
300869	22	41528581	41528974	+	ENSG00000100412	own-gene 3' UTR	1	ENSG00000100412	True	True	d	/home/sharedFolder/humanSTARindex/Homo_sapiens.GRCh38.99.gtf
268639	2	201141492	201141598	+	ENSG00000003402	own-gene 3' UTR	1	ENSG00000003402	True	True	d	/home/sharedFolder/humanSTARindex/Homo_sapiens.GRCh38.99.gtf
276172	2	241089142	241089176	-	ENSG00000122085	own-gene 3' UTR	1	ENSG00000122085	True	True	d	/home/sharedFolder/humanSTARindex/Homo_sapiens.GRCh38.99.gtf
452621	8	39002897	39003698	+	ENSG00000168615	intronic (same-strand gene body)	1		True	False	d	/home/sharedFolder/humanSTARindex/Homo_sapiens.GRCh38.99.gtf
429794	7	73680490	73681351	-	ENSG00000176410	own-gene 3' UTR	1	ENSG00000176410	True	True	d	/home/sharedFolder/humanSTARindex/Homo_sapiens.GRCh38.99.gtf
210443	18	13315077	13315860	+	ENSG00000168675	intronic (same-strand gene body)	1		True	False	d	/home/sharedFolder/humanSTARindex/Homo_sapiens.GRCh38.99.gtf
195083	17	42369519	42371265	-	ENSG00000168610	intronic (same-strand gene body)	1		True	False	d	/home/sharedFolder/humanSTARindex/Homo_sapiens.GRCh38.99.gtf
47466	1	244708623	244709033	+	ENSG00000121644	own-gene 3' UTR	1	ENSG00000121644	True	True	d	/home/sharedFolder/humanSTARindex/Homo_sapiens.GRCh38.99.gtf
61335	10	73248754	73249663	-	ENSG00000182180	own-gene 3' UTR	1	ENSG00000182180	True	True	d	/home/sharedFolder/humanSTARindex/Homo_sapiens.GRCh38.99.gtf
60193	10	69354618	69356826	+	ENSG00000156515	intronic (same-strand gene body)	1		True	False	d	/home/sharedFolder/humanSTARindex/Homo_sapiens.GRCh38.99.gtf
318718	3	105407375	105409732	+	ENSG00000170017	intronic (same-strand gene body)	1		True	False	d	/home/sharedFolder/humanSTARindex/Homo_sapiens.GRCh38.99.gtf
286794	20	58998191	58999594	-	ENSG00000101160	intronic (same-strand gene body)	1		True	False	d	/home/sharedFolder/humanSTARindex/Homo_sapiens.GRCh38.99.gtf
229023	19	41262541	41264263	+	ENSG00000167601	exonic, not 3' UTR	1		False	True	d	/home/sharedFolder/humanSTARindex/Homo_sapiens.GRCh38.99.gtf
382138	5	140535405	140535930	+	ENSG00000131503	exonic, not 3' UTR	2		True	True	d	/home/sharedFolder/humanSTARindex/Homo_sapiens.GRCh38.99.gtf
134799	14	35081477	35081527	+	ENSG00000151327	own-gene 3' UTR	1	ENSG00000151327	True	True	d	/home/sharedFolder/humanSTARindex/Homo_sapiens.GRCh38.99.gtf
236018	2	10355005	10355367	+	ENSG00000115756	intronic (same-strand gene body)	1		True	False	d	/home/sharedFolder/humanSTARindex/Homo_sapiens.GRCh38.99.gtf
32392	1	161514796	161516166	+	ENSG00000143226	exonic, not 3' UTR	2		True	True	d	/home/sharedFolder/humanSTARindex/Homo_sapiens.GRCh38.99.gtf
28962	1	151037538	151038034	+	ENSG00000143363	exonic, not 3' UTR	1		False	True	d	/home/sharedFolder/humanSTARindex/Homo_sapiens.GRCh38.99.gtf
48998	10	3069237	3069766	+	ENSG00000067057	exonic, not 3' UTR	1		True	True	d	/home/sharedFolder/humanSTARindex/Homo_sapiens.GRCh38.99.gtf
168684	16	11540262	11541355	-	ENSG00000189067	outside any same-strand gene	0		False	False	d	/home/sharedFolder/humanSTARindex/Homo_sapiens.GRCh38.99.gtf
221404	19	10800824	10801828	+	ENSG00000079805	intronic (same-strand gene body)	1		True	False	d	/home/sharedFolder/humanSTARindex/Homo_sapiens.GRCh38.99.gtf
212740	18	35243252	35244181	+	ENSG00000186812	own-gene 3' UTR	1	ENSG00000186812	True	True	d	/home/sharedFolder/humanSTARindex/Homo_sapiens.GRCh38.99.gtf
318745	3	105450256	105451448	+	ENSG00000170017	intronic (same-strand gene body)	1		True	False	d	/home/sharedFolder/humanSTARindex/Homo_sapiens.GRCh38.99.gtf
218713	19	3468751	3469217	+	ENSG00000141905	own-gene 3' UTR	1	ENSG00000141905	True	True	d	/home/sharedFolder/humanSTARindex/Homo_sapiens.GRCh38.99.gtf
212720	18	35142660	35143726	+	ENSG00000166974	own-gene 3' UTR	1	ENSG00000166974	True	True	d	/home/sharedFolder/humanSTARindex/Homo_sapiens.GRCh38.99.gtf
80855	11	63570675	63571354	-	ENSG00000176485	outside any same-strand gene	0		False	False	d	/home/sharedFolder/humanSTARindex/Homo_sapiens.GRCh38.99.gtf
374133	5	87334987	87335923	-	ENSG00000134480	intronic (same-strand gene body)	1		True	False	d	/home/sharedFolder/humanSTARindex/Homo_sapiens.GRCh38.99.gtf
129466	13	95754656	95755710	+	ENSG00000102580	intronic (same-strand gene body)	1		True	False	d	/home/sharedFolder/humanSTARindex/Homo_sapiens.GRCh38.99.gtf
448067	8	11826897	11828203	+	ENSG00000079459	intronic (same-strand gene body)	1		True	False	d	/home/sharedFolder/humanSTARindex/Homo_sapiens.GRCh38.99.gtf
20531	1	94897207	94897211	-	ENSG00000117519	own-gene 3' UTR	1	ENSG00000117519	True	True	d	/home/sharedFolder/humanSTARindex/Homo_sapiens.GRCh38.99.gtf
315927	3	69170094	69171358	-	ENSG00000114541	own-gene 3' UTR	1	ENSG00000114541	True	True	d	/home/sharedFolder/humanSTARindex/Homo_sapiens.GRCh38.99.gtf
380879	5	135334380	135334535	-	ENSG00000113648	own-gene 3' UTR	1	ENSG00000113648	True	True	d	/home/sharedFolder/humanSTARindex/Homo_sapiens.GRCh38.99.gtf
162576	15	83052690	83053226	-	ENSG00000064726	intronic (same-strand gene body)	1		True	False	d	/home/sharedFolder/humanSTARindex/Homo_sapiens.GRCh38.99.gtf
233399	19	53567199	53568774	+	ENSG00000130844	intronic (same-strand gene body)	1		True	False	d	/home/sharedFolder/humanSTARindex/Homo_sapiens.GRCh38.99.gtf
384940	5	157105998	157106999	-	ENSG00000135077	exonic, not 3' UTR	1		True	True	d	/home/sharedFolder/humanSTARindex/Homo_sapiens.GRCh38.99.gtf
333691	3	186104820	186105351	-	ENSG00000244405	exonic, not 3' UTR	1		True	True	d	/home/sharedFolder/humanSTARindex/Homo_sapiens.GRCh38.99.gtf
407329	6	111194786	111196394	+	ENSG00000112394	intronic (same-strand gene body)	1		True	False	d	/home/sharedFolder/humanSTARindex/Homo_sapiens.GRCh38.99.gtf
283870	20	45000970	45001356	+	ENSG00000101109	exonic, not 3' UTR	1		True	True	d	/home/sharedFolder/humanSTARindex/Homo_sapiens.GRCh38.99.gtf
143300	14	75445241	75446006	+	ENSG00000140044	exonic, not 3' UTR	1		True	True	d	/home/sharedFolder/humanSTARindex/Homo_sapiens.GRCh38.99.gtf
381848	5	139627691	139627692	+	ENSG00000131508	own-gene 3' UTR	1	ENSG00000131508	True	True	d	/home/sharedFolder/humanSTARindex/Homo_sapiens.GRCh38.99.gtf
462269	8	116644831	116645013	-	ENSG00000147677	own-gene 3' UTR	1	ENSG00000147677	True	True	d	/home/sharedFolder/humanSTARindex/Homo_sapiens.GRCh38.99.gtf
188122	17	15230549	15231049	-	ENSG00000109099	own-gene 3' UTR	1	ENSG00000109099	True	True	d	/home/sharedFolder/humanSTARindex/Homo_sapiens.GRCh38.99.gtf
218711	19	3464785	3465467	+	ENSG00000141905	own-gene 3' UTR	1	ENSG00000141905	True	True	d	/home/sharedFolder/humanSTARindex/Homo_sapiens.GRCh38.99.gtf
135743	14	39350647	39350694	+	ENSG00000150527	own-gene 3' UTR	1	ENSG00000150527	True	True	d	/home/sharedFolder/humanSTARindex/Homo_sapiens.GRCh38.99.gtf
451749	8	30794229	30796077	-	ENSG00000104695	exonic, not 3' UTR	1		True	True	d	/home/sharedFolder/humanSTARindex/Homo_sapiens.GRCh38.99.gtf
482593	9	120634538	120636169	-	ENSG00000106780	intronic (same-strand gene body)	1		True	False	d	/home/sharedFolder/humanSTARindex/Homo_sapiens.GRCh38.99.gtf
168104	16	9112653	9113181	+	ENSG00000182831	own-gene 3' UTR	2	ENSG00000182831	True	True	d	/home/sharedFolder/humanSTARindex/Homo_sapiens.GRCh38.99.gtf
27550	1	148861042	148861570	+	ENSG00000178104	intronic (same-strand gene body)	1		True	False	d	/home/sharedFolder/humanSTARindex/Homo_sapiens.GRCh38.99.gtf
33442	1	167777870	167780020	+	ENSG00000197965	intronic (same-strand gene body)	1		True	False	d	/home/sharedFolder/humanSTARindex/Homo_sapiens.GRCh38.99.gtf
16762	1	67413089	67413107	-	ENSG00000142864	own-gene 3' UTR	1	ENSG00000142864	True	True	d	/home/sharedFolder/humanSTARindex/Homo_sapiens.GRCh38.99.gtf
17286	1	74766193	74766677	+	ENSG00000162623	own-gene 3' UTR	1	ENSG00000162623	True	True	d	/home/sharedFolder/humanSTARindex/Homo_sapiens.GRCh38.99.gtf
451746	8	30786760	30789615	-	ENSG00000104695	intronic (same-strand gene body)	1		True	False	d	/home/sharedFolder/humanSTARindex/Homo_sapiens.GRCh38.99.gtf
273603	2	229763834	229764837	-	ENSG00000153827	own-gene 3' UTR	1	ENSG00000153827	True	True	d	/home/sharedFolder/humanSTARindex/Homo_sapiens.GRCh38.99.gtf
166007	16	367395	367396	-	ENSG00000086504	own-gene 3' UTR	1	ENSG00000086504	True	True	d	/home/sharedFolder/humanSTARindex/Homo_sapiens.GRCh38.99.gtf
246084	2	64461087	64461381	+	ENSG00000119862	own-gene 3' UTR	1	ENSG00000119862	True	True	d	/home/sharedFolder/humanSTARindex/Homo_sapiens.GRCh38.99.gtf
236059	2	10445936	10447700	-	ENSG00000115758	exonic, not 3' UTR	2		True	True	d	/home/sharedFolder/humanSTARindex/Homo_sapiens.GRCh38.99.gtf
40424	1	206101928	206102530	+	ENSG00000263961	own-gene 3' UTR	1	ENSG00000263961	True	True	d	/home/sharedFolder/humanSTARindex/Homo_sapiens.GRCh38.99.gtf
40409	1	206053224	206054544	+	ENSG00000263961	exonic, not 3' UTR	2		True	True	d	/home/sharedFolder/humanSTARindex/Homo_sapiens.GRCh38.99.gtf
8355	1	30732811	30732838	-	ENSG00000162511	own-gene 3' UTR	1	ENSG00000162511	True	True	d	/home/sharedFolder/humanSTARindex/Homo_sapiens.GRCh38.99.gtf
40423	1	206098286	206098691	+	ENSG00000263961	exonic, not 3' UTR	1		True	True	d	/home/sharedFolder/humanSTARindex/Homo_sapiens.GRCh38.99.gtf
172156	16	22496720	22497525	+	ENSG00000243716	intronic (same-strand gene body)	1		True	False	d	/home/sharedFolder/humanSTARindex/Homo_sapiens.GRCh38.99.gtf
171510	16	21441366	21442179	-	ENSG00000169246	intronic (same-strand gene body)	1		True	False	d	/home/sharedFolder/humanSTARindex/Homo_sapiens.GRCh38.99.gtf
219484	19	5691779	5691875	+	ENSG00000130255	own-gene 3' UTR	1	ENSG00000130255	True	True	d	/home/sharedFolder/humanSTARindex/Homo_sapiens.GRCh38.99.gtf
410349	6	131707933	131708012	+	ENSG00000154269	intronic (same-strand gene body)	1		True	False	d	/home/sharedFolder/humanSTARindex/Homo_sapiens.GRCh38.99.gtf
410359	6	131746846	131747413	+	ENSG00000154269	own-gene 3' UTR	1	ENSG00000154269	True	True	d	/home/sharedFolder/humanSTARindex/Homo_sapiens.GRCh38.99.gtf
313527	3	53884409	53884417	-	ENSG00000113811	own-gene 3' UTR	1	ENSG00000113811	True	True	d	/home/sharedFolder/humanSTARindex/Homo_sapiens.GRCh38.99.gtf
299104	22	37225482	37225559	-	ENSG00000128340	own-gene 3' UTR	1	ENSG00000128340	True	True	d	/home/sharedFolder/humanSTARindex/Homo_sapiens.GRCh38.99.gtf
55844	10	35212785	35212994	+	ENSG00000095794	own-gene 3' UTR	1	ENSG00000095794	True	True	d	/home/sharedFolder/humanSTARindex/Homo_sapiens.GRCh38.99.gtf
48028	1	246261149	246261797	-	ENSG00000185420	intronic (same-strand gene body)	1		True	False	d	/home/sharedFolder/humanSTARindex/Homo_sapiens.GRCh38.99.gtf
252430	2	101006283	101006994	+	ENSG00000071082	own-gene 3' UTR	1	ENSG00000071082	True	True	d	/home/sharedFolder/humanSTARindex/Homo_sapiens.GRCh38.99.gtf
312520	3	50287731	50287755	-	ENSG00000214706	own-gene 3' UTR	1	ENSG00000214706	True	True	d	/home/sharedFolder/humanSTARindex/Homo_sapiens.GRCh38.99.gtf
233416	19	53579210	53580269	+	ENSG00000130844	own-gene 3' UTR	1	ENSG00000130844	True	True	d	/home/sharedFolder/humanSTARindex/Homo_sapiens.GRCh38.99.gtf
350710	4	102559213	102560677	+	ENSG00000109320	intronic (same-strand gene body)	1		True	False	d	/home/sharedFolder/humanSTARindex/Homo_sapiens.GRCh38.99.gtf
312523	3	50292830	50293373	-	ENSG00000214706	other-gene 3' UTR	2	ENSG00000186792	True	True	d	/home/sharedFolder/humanSTARindex/Homo_sapiens.GRCh38.99.gtf
446345	7	157345814	157346515	+	ENSG00000105993	intronic (same-strand gene body)	1		True	False	d	/home/sharedFolder/humanSTARindex/Homo_sapiens.GRCh38.99.gtf
64478	10	91167146	91170478	+	ENSG00000180628	intronic (same-strand gene body)	1		True	False	d	/home/sharedFolder/humanSTARindex/Homo_sapiens.GRCh38.99.gtf
17104	1	71063290	71063363	-	ENSG00000132485	own-gene 3' UTR	1	ENSG00000132485	True	True	d	/home/sharedFolder/humanSTARindex/Homo_sapiens.GRCh38.99.gtf
390457	6	7882711	7883165	-	ENSG00000239264	own-gene 3' UTR	2	ENSG00000239264,ENSG00000259040	True	True	d	/home/sharedFolder/humanSTARindex/Homo_sapiens.GRCh38.99.gtf
215495	18	59327822	59328215	-	ENSG00000074695	own-gene 3' UTR	1	ENSG00000074695	True	True	d	/home/sharedFolder/humanSTARindex/Homo_sapiens.GRCh38.99.gtf
346372	4	76158736	76159144	-	ENSG00000138760	own-gene 3' UTR	1	ENSG00000138760	True	True	d	/home/sharedFolder/humanSTARindex/Homo_sapiens.GRCh38.99.gtf
183635	16	89563439	89563440	+	ENSG00000167526	own-gene 3' UTR	1	ENSG00000167526	True	True	d	/home/sharedFolder/humanSTARindex/Homo_sapiens.GRCh38.99.gtf
172152	16	22494022	22496494	+	ENSG00000243716	intronic (same-strand gene body)	1		True	False	d	/home/sharedFolder/humanSTARindex/Homo_sapiens.GRCh38.99.gtf
492769	X	40606290	40606637	+	ENSG00000182220	own-gene 3' UTR	1	ENSG00000182220	True	True	d	/home/sharedFolder/humanSTARindex/Homo_sapiens.GRCh38.99.gtf
171511	16	21442328	21444895	-	ENSG00000169246	intronic (same-strand gene body)	1		True	False	d	/home/sharedFolder/humanSTARindex/Homo_sapiens.GRCh38.99.gtf
39057	1	201134771	201134772	-	ENSG00000116857	own-gene 3' UTR	1	ENSG00000116857	True	True	d	/home/sharedFolder/humanSTARindex/Homo_sapiens.GRCh38.99.gtf
80672	11	62714747	62714765	-	ENSG00000234857	other-gene 3' UTR	2	ENSG00000214753	True	True	d	/home/sharedFolder/humanSTARindex/Homo_sapiens.GRCh38.99.gtf
203828	17	72645948	72646346	-	ENSG00000133195	own-gene 3' UTR	1	ENSG00000133195	True	True	d	/home/sharedFolder/humanSTARindex/Homo_sapiens.GRCh38.99.gtf
323764	3	128071678	128071683	+	ENSG00000058262	own-gene 3' UTR	1	ENSG00000058262	True	True	d	/home/sharedFolder/humanSTARindex/Homo_sapiens.GRCh38.99.gtf
103756	12	48923178	48923937	-	ENSG00000272822	other-gene 3' UTR	2	ENSG00000134285	True	True	d	/home/sharedFolder/humanSTARindex/Homo_sapiens.GRCh38.99.gtf
274312	2	231708504	231709520	+	ENSG00000187514	exonic, not 3' UTR	1		True	True	d	/home/sharedFolder/humanSTARindex/Homo_sapiens.GRCh38.99.gtf
190172	17	27312582	27312646	+	ENSG00000109046	own-gene 3' UTR	1	ENSG00000109046	True	True	d	/home/sharedFolder/humanSTARindex/Homo_sapiens.GRCh38.99.gtf
359595	4	176327018	176327412	+	ENSG00000129128	exonic, not 3' UTR	1		True	True	d	/home/sharedFolder/humanSTARindex/Homo_sapiens.GRCh38.99.gtf
172346	16	23380815	23381295	+	ENSG00000168447	own-gene 3' UTR	1	ENSG00000168447	True	True	d	/home/sharedFolder/humanSTARindex/Homo_sapiens.GRCh38.99.gtf
84692	11	75405691	75405769	+	ENSG00000149273	own-gene 3' UTR	1	ENSG00000149273	True	True	d	/home/sharedFolder/humanSTARindex/Homo_sapiens.GRCh38.99.gtf
323762	3	128069572	128070114	+	ENSG00000058262	own-gene 3' UTR	1	ENSG00000058262	True	True	d	/home/sharedFolder/humanSTARindex/Homo_sapiens.GRCh38.99.gtf
346052	4	75049620	75050113	+	ENSG00000169116	own-gene 3' UTR	1	ENSG00000169116	True	True	d	/home/sharedFolder/humanSTARindex/Homo_sapiens.GRCh38.99.gtf
180568	16	74306287	74306288	+	ENSG00000103035	own-gene 3' UTR	1	ENSG00000103035	True	True	d	/home/sharedFolder/humanSTARindex/Homo_sapiens.GRCh38.99.gtf
236963	2	20200792	20200797	-	ENSG00000115884	own-gene 3' UTR	1	ENSG00000115884	True	True	d	/home/sharedFolder/humanSTARindex/Homo_sapiens.GRCh38.99.gtf
230737	19	46610702	46610782	+	ENSG00000160014	own-gene 3' UTR	1	ENSG00000160014	True	True	d	/home/sharedFolder/humanSTARindex/Homo_sapiens.GRCh38.99.gtf
33062	1	165767530	165768930	-	ENSG00000143183	exonic, not 3' UTR	1		True	True	d	/home/sharedFolder/humanSTARindex/Homo_sapiens.GRCh38.99.gtf
26714	1	146148341	146149777	-	ENSG00000271425	intronic (same-strand gene body)	2		True	False	d	/home/sharedFolder/humanSTARindex/Homo_sapiens.GRCh38.99.gtf
160615	15	74843729	74843730	-	ENSG00000140497	own-gene 3' UTR	1	ENSG00000140497	True	True	d	/home/sharedFolder/humanSTARindex/Homo_sapiens.GRCh38.99.gtf
206970	17	81702117	81702121	+	ENSG00000185359	own-gene 3' UTR	1	ENSG00000185359	True	True	d	/home/sharedFolder/humanSTARindex/Homo_sapiens.GRCh38.99.gtf
72103	11	839634	839793	-	ENSG00000177700	own-gene 3' UTR	1	ENSG00000177700	True	True	d	/home/sharedFolder/humanSTARindex/Homo_sapiens.GRCh38.99.gtf
350888	4	102804096	102806848	-	ENSG00000109332	intronic (same-strand gene body)	1		True	False	d	/home/sharedFolder/humanSTARindex/Homo_sapiens.GRCh38.99.gtf
20074	1	93154343	93154350	-	ENSG00000117500	own-gene 3' UTR	1	ENSG00000117500	True	True	d	/home/sharedFolder/humanSTARindex/Homo_sapiens.GRCh38.99.gtf
81173	11	64248127	64248213	+	ENSG00000173486	exonic, not 3' UTR	1		False	True	d	/home/sharedFolder/humanSTARindex/Homo_sapiens.GRCh38.99.gtf
460141	8	100153778	100153900	+	ENSG00000147669	own-gene 3' UTR	1	ENSG00000147669	True	True	d	/home/sharedFolder/humanSTARindex/Homo_sapiens.GRCh38.99.gtf
90313	11	115173624	115174621	-	ENSG00000182985	own-gene 3' UTR	1	ENSG00000182985	True	True	d	/home/sharedFolder/humanSTARindex/Homo_sapiens.GRCh38.99.gtf
193805	17	38852386	38852910	-	ENSG00000125691	exonic, not 3' UTR	2		True	True	d	/home/sharedFolder/humanSTARindex/Homo_sapiens.GRCh38.99.gtf
460142	8	100154001	100154003	+	ENSG00000147669	own-gene 3' UTR	1	ENSG00000147669	True	True	d	/home/sharedFolder/humanSTARindex/Homo_sapiens.GRCh38.99.gtf
248866	2	84906038	84906113	+	ENSG00000034510	exonic, not 3' UTR	1		True	True	d	/home/sharedFolder/humanSTARindex/Homo_sapiens.GRCh38.99.gtf
359598	4	176328350	176328804	+	ENSG00000129128	own-gene 3' UTR	1	ENSG00000129128	True	True	d	/home/sharedFolder/humanSTARindex/Homo_sapiens.GRCh38.99.gtf
294790	22	17776472	17777487	-	ENSG00000015475	outside any same-strand gene	0		False	False	d	/home/sharedFolder/humanSTARindex/Homo_sapiens.GRCh38.99.gtf
88365	11	102396331	102396429	-	ENSG00000152558	own-gene 3' UTR	1	ENSG00000152558	True	True	d	/home/sharedFolder/humanSTARindex/Homo_sapiens.GRCh38.99.gtf
217917	19	1435256	1435303	+	ENSG00000071626	own-gene 3' UTR	1	ENSG00000071626	True	True	d	/home/sharedFolder/humanSTARindex/Homo_sapiens.GRCh38.99.gtf
226737	19	35026467	35026469	+	ENSG00000089351	own-gene 3' UTR	1	ENSG00000089351	True	True	d	/home/sharedFolder/humanSTARindex/Homo_sapiens.GRCh38.99.gtf
402807	6	73518160	73518187	-	ENSG00000156508	exonic, not 3' UTR	1		True	True	d	/home/sharedFolder/humanSTARindex/Homo_sapiens.GRCh38.99.gtf
359600	4	176328950	176329203	+	ENSG00000129128	own-gene 3' UTR	1	ENSG00000129128	True	True	d	/home/sharedFolder/humanSTARindex/Homo_sapiens.GRCh38.99.gtf
174328	16	30069895	30069897	+	ENSG00000285043	own-gene 3' UTR	2	ENSG00000285043	True	True	d	/home/sharedFolder/humanSTARindex/Homo_sapiens.GRCh38.99.gtf
285297	20	50081313	50081365	-	ENSG00000124208	own-gene 3' UTR	2	ENSG00000124208,ENSG00000244687	True	True	d	/home/sharedFolder/humanSTARindex/Homo_sapiens.GRCh38.99.gtf
346046	4	75046257	75046355	+	ENSG00000169116	own-gene 3' UTR	1	ENSG00000169116	True	True	d	/home/sharedFolder/humanSTARindex/Homo_sapiens.GRCh38.99.gtf
226730	19	35010310	35010978	+	ENSG00000089351	own-gene 3' UTR	1	ENSG00000089351	True	True	d	/home/sharedFolder/humanSTARindex/Homo_sapiens.GRCh38.99.gtf
243768	2	53817994	53818250	+	ENSG00000068912	own-gene 3' UTR	1	ENSG00000068912	True	True	d	/home/sharedFolder/humanSTARindex/Homo_sapiens.GRCh38.99.gtf
193894	17	39202895	39203094	+	ENSG00000108298	exonic, not 3' UTR	1		True	True	d	/home/sharedFolder/humanSTARindex/Homo_sapiens.GRCh38.99.gtf
172158	16	22498229	22499743	+	ENSG00000243716	intronic (same-strand gene body)	1		True	False	d	/home/sharedFolder/humanSTARindex/Homo_sapiens.GRCh38.99.gtf
218658	19	3209156	3209603	+	ENSG00000125912	own-gene 3' UTR	1	ENSG00000125912	True	True	d	/home/sharedFolder/humanSTARindex/Homo_sapiens.GRCh38.99.gtf
218657	19	3208028	3208031	+	ENSG00000125912	own-gene 3' UTR	1	ENSG00000125912	True	True	d	/home/sharedFolder/humanSTARindex/Homo_sapiens.GRCh38.99.gtf
99354	12	21517765	21518408	+	ENSG00000111711	own-gene 3' UTR	1	ENSG00000111711	True	True	d	/home/sharedFolder/humanSTARindex/Homo_sapiens.GRCh38.99.gtf
95459	12	6866631	6866632	+	ENSG00000111667	exonic, not 3' UTR	1		True	True	d	/home/sharedFolder/humanSTARindex/Homo_sapiens.GRCh38.99.gtf
132326	14	21211065	21211164	-	ENSG00000092199	own-gene 3' UTR	1	ENSG00000092199	True	True	d	/home/sharedFolder/humanSTARindex/Homo_sapiens.GRCh38.99.gtf
396535	6	33204384	33204437	+	ENSG00000112473	own-gene 3' UTR	1	ENSG00000112473	True	True	d	/home/sharedFolder/humanSTARindex/Homo_sapiens.GRCh38.99.gtf
467006	9	14468	14796	-	ENSG00000181404	own-gene 3' UTR	1	ENSG00000181404	True	True	d	/home/sharedFolder/humanSTARindex/Homo_sapiens.GRCh38.99.gtf
35192	1	175010367	175010497	+	ENSG00000116161	own-gene 3' UTR	1	ENSG00000116161	True	True	d	/home/sharedFolder/humanSTARindex/Homo_sapiens.GRCh38.99.gtf
268681	2	201166512	201170756	+	ENSG00000003402	own-gene 3' UTR	2	ENSG00000003402	True	True	d	/home/sharedFolder/humanSTARindex/Homo_sapiens.GRCh38.99.gtf
340382	4	25748297	25748520	-	ENSG00000091490	own-gene 3' UTR	1	ENSG00000091490	True	True	d	/home/sharedFolder/humanSTARindex/Homo_sapiens.GRCh38.99.gtf
183604	16	89513042	89513584	+	ENSG00000197912	intronic (same-strand gene body)	1		True	False	d	/home/sharedFolder/humanSTARindex/Homo_sapiens.GRCh38.99.gtf
182212	16	83811794	83811943	+	ENSG00000230989	own-gene 3' UTR	1	ENSG00000230989	True	True	d	/home/sharedFolder/humanSTARindex/Homo_sapiens.GRCh38.99.gtf
305783	3	15673581	15674207	+	ENSG00000169814	intronic (same-strand gene body)	1		True	False	d	/home/sharedFolder/humanSTARindex/Homo_sapiens.GRCh38.99.gtf
404777	6	89328976	89328977	-	ENSG00000198833	own-gene 3' UTR	1	ENSG00000198833	True	True	d	/home/sharedFolder/humanSTARindex/Homo_sapiens.GRCh38.99.gtf
267880	2	197486580	197486939	-	ENSG00000144381	own-gene 3' UTR	1	ENSG00000144381	True	True	d	/home/sharedFolder/humanSTARindex/Homo_sapiens.GRCh38.99.gtf
296078	22	22896106	22896111	+	ENSG00000254709	own-gene 3' UTR	1	ENSG00000254709	True	True	d	/home/sharedFolder/humanSTARindex/Homo_sapiens.GRCh38.99.gtf
27977	1	149471396	149472462	+	ENSG00000286219	intronic (same-strand gene body)	1		False	False	d	/home/sharedFolder/humanSTARindex/Homo_sapiens.GRCh38.99.gtf
502646	X	136869186	136869732	-	ENSG00000147274	own-gene 3' UTR	1	ENSG00000147274	True	True	d	/home/sharedFolder/humanSTARindex/Homo_sapiens.GRCh38.99.gtf
267906	2	197503156	197503616	+	ENSG00000115541	own-gene 3' UTR	2	ENSG00000115541	True	True	d	/home/sharedFolder/humanSTARindex/Homo_sapiens.GRCh38.99.gtf
105571	12	54351845	54351846	+	ENSG00000111481	own-gene 3' UTR	1	ENSG00000111481	True	True	d	/home/sharedFolder/humanSTARindex/Homo_sapiens.GRCh38.99.gtf
286820	20	59033144	59033767	-	ENSG00000101166	own-gene 3' UTR	1	ENSG00000101166	True	True	d	/home/sharedFolder/humanSTARindex/Homo_sapiens.GRCh38.99.gtf
460459	8	100718117	100718160	-	ENSG00000070756	exonic, not 3' UTR	1		True	True	d	/home/sharedFolder/humanSTARindex/Homo_sapiens.GRCh38.99.gtf
297507	22	29770326	29770426	+	ENSG00000184076	own-gene 3' UTR	1	ENSG00000184076	True	True	d	/home/sharedFolder/humanSTARindex/Homo_sapiens.GRCh38.99.gtf
279963	20	23635255	23635273	-	ENSG00000101439	exonic, not 3' UTR	1		True	True	d	/home/sharedFolder/humanSTARindex/Homo_sapiens.GRCh38.99.gtf
485934	9	131662222	131663261	-	ENSG00000107263	intronic (same-strand gene body)	1		True	False	d	/home/sharedFolder/humanSTARindex/Homo_sapiens.GRCh38.99.gtf
290856	21	33252757	33252826	+	ENSG00000249624	other-gene 3' UTR	2	ENSG00000159110	True	True	d	/home/sharedFolder/humanSTARindex/Homo_sapiens.GRCh38.99.gtf
452739	8	40154082	40154366	+	ENSG00000176907	own-gene 3' UTR	1	ENSG00000176907	True	True	d	/home/sharedFolder/humanSTARindex/Homo_sapiens.GRCh38.99.gtf
199321	17	57680863	57682227	+	ENSG00000153944	own-gene 3' UTR	1	ENSG00000153944	True	True	d	/home/sharedFolder/humanSTARindex/Homo_sapiens.GRCh38.99.gtf
187130	17	8382103	8382273	-	ENSG00000263809	exonic, not 3' UTR	2		True	True	d	/home/sharedFolder/humanSTARindex/Homo_sapiens.GRCh38.99.gtf
190160	17	27302304	27302310	+	ENSG00000109046	intronic (same-strand gene body)	1		True	False	d	/home/sharedFolder/humanSTARindex/Homo_sapiens.GRCh38.99.gtf
224057	19	17752328	17752969	+	ENSG00000130475	exonic, not 3' UTR	1		True	True	d	/home/sharedFolder/humanSTARindex/Homo_sapiens.GRCh38.99.gtf
224081	19	17788334	17788562	+	ENSG00000130475	own-gene 3' UTR	1	ENSG00000130475	True	True	d	/home/sharedFolder/humanSTARindex/Homo_sapiens.GRCh38.99.gtf
40286	1	205719553	205719595	-	ENSG00000069275	exonic, not 3' UTR	1		True	True	d	/home/sharedFolder/humanSTARindex/Homo_sapiens.GRCh38.99.gtf
287947	21	5116247	5116343	-	ENSG00000280071	own-gene 3' UTR	2	ENSG00000276612,ENSG00000280071	True	True	d	/home/sharedFolder/humanSTARindex/Homo_sapiens.GRCh38.99.gtf
293568	21	44145708	44145804	+	ENSG00000160221	own-gene 3' UTR	1	ENSG00000160221	True	True	d	/home/sharedFolder/humanSTARindex/Homo_sapiens.GRCh38.99.gtf
43704	1	225790296	225790462	+	ENSG00000143742	own-gene 3' UTR	1	ENSG00000143742	True	True	d	/home/sharedFolder/humanSTARindex/Homo_sapiens.GRCh38.99.gtf
291348	21	34142533	34142596	+	ENSG00000243927	exonic, not 3' UTR	2		True	True	d	/home/sharedFolder/humanSTARindex/Homo_sapiens.GRCh38.99.gtf
373730	5	83052845	83052920	-	ENSG00000174695	own-gene 3' UTR	1	ENSG00000174695	True	True	d	/home/sharedFolder/humanSTARindex/Homo_sapiens.GRCh38.99.gtf
146237	14	94378372	94378511	-	ENSG00000197249	own-gene 3' UTR	1	ENSG00000197249	True	True	d	/home/sharedFolder/humanSTARindex/Homo_sapiens.GRCh38.99.gtf
18712	1	86862440	86862445	-	ENSG00000183291	own-gene 3' UTR	1	ENSG00000183291	True	True	d	/home/sharedFolder/humanSTARindex/Homo_sapiens.GRCh38.99.gtf
28741	1	150622387	150622593	-	ENSG00000143420	own-gene 3' UTR	1	ENSG00000143420	True	True	d	/home/sharedFolder/humanSTARindex/Homo_sapiens.GRCh38.99.gtf
368514	5	61374843	61375954	+	ENSG00000130449	exonic, not 3' UTR	2		True	True	d	/home/sharedFolder/humanSTARindex/Homo_sapiens.GRCh38.99.gtf
237074	2	20448847	20449488	+	ENSG00000143878	own-gene 3' UTR	1	ENSG00000143878	True	True	d	/home/sharedFolder/humanSTARindex/Homo_sapiens.GRCh38.99.gtf
30913	1	156165673	156167418	+	ENSG00000196189	intronic (same-strand gene body)	1		True	False	d	/home/sharedFolder/humanSTARindex/Homo_sapiens.GRCh38.99.gtf
128333	13	76880169	76880175	-	ENSG00000178695	own-gene 3' UTR	1	ENSG00000178695	True	True	d	/home/sharedFolder/humanSTARindex/Homo_sapiens.GRCh38.99.gtf
402802	6	73515749	73516169	-	ENSG00000156508	own-gene 3' UTR	1	ENSG00000156508	True	True	d	/home/sharedFolder/humanSTARindex/Homo_sapiens.GRCh38.99.gtf
166187	16	854481	854730	-	ENSG00000103227	own-gene 3' UTR	1	ENSG00000103227	True	True	d	/home/sharedFolder/humanSTARindex/Homo_sapiens.GRCh38.99.gtf
227978	19	38292363	38292451	+	ENSG00000167642	own-gene 3' UTR	2	ENSG00000167642	True	True	d	/home/sharedFolder/humanSTARindex/Homo_sapiens.GRCh38.99.gtf
120452	12	132768901	132768916	-	ENSG00000090615	own-gene 3' UTR	1	ENSG00000090615	True	True	d	/home/sharedFolder/humanSTARindex/Homo_sapiens.GRCh38.99.gtf
235224	2	3580902	3580916	+	ENSG00000171863	own-gene 3' UTR	1	ENSG00000171863	True	True	d	/home/sharedFolder/humanSTARindex/Homo_sapiens.GRCh38.99.gtf
313986	3	57571893	57572194	-	ENSG00000168374	own-gene 3' UTR	1	ENSG00000168374	True	True	d	/home/sharedFolder/humanSTARindex/Homo_sapiens.GRCh38.99.gtf
82329	11	66846114	66846526	+	ENSG00000173715	other-gene 3' UTR	1	ENSG00000173653	False	True	d	/home/sharedFolder/humanSTARindex/Homo_sapiens.GRCh38.99.gtf
132215	14	20700365	20700386	+	ENSG00000214274	other-gene 3' UTR	2	ENSG00000258818,ENSG00000259171	False	True	d	/home/sharedFolder/humanSTARindex/Homo_sapiens.GRCh38.99.gtf
80671	11	62712624	62713091	-	ENSG00000234857	other-gene 3' UTR	2	ENSG00000214753	True	True	d	/home/sharedFolder/humanSTARindex/Homo_sapiens.GRCh38.99.gtf
484868	9	128695446	128695533	+	ENSG00000119335	own-gene 3' UTR	1	ENSG00000119335	True	True	d	/home/sharedFolder/humanSTARindex/Homo_sapiens.GRCh38.99.gtf
399901	6	44250105	44250154	+	ENSG00000096384	exonic, not 3' UTR	1		True	True	d	/home/sharedFolder/humanSTARindex/Homo_sapiens.GRCh38.99.gtf
195290	17	42797633	42797664	-	ENSG00000183978	own-gene 3' UTR	1	ENSG00000183978	True	True	d	/home/sharedFolder/humanSTARindex/Homo_sapiens.GRCh38.99.gtf
120108	12	130877653	130877678	+	ENSG00000132341	own-gene 3' UTR	1	ENSG00000132341	True	True	d	/home/sharedFolder/humanSTARindex/Homo_sapiens.GRCh38.99.gtf
148005	14	103343165	103343228	+	ENSG00000100664	own-gene 3' UTR	1	ENSG00000100664	True	True	d	/home/sharedFolder/humanSTARindex/Homo_sapiens.GRCh38.99.gtf
10033	1	36136571	36136578	-	ENSG00000054116	own-gene 3' UTR	1	ENSG00000054116	True	True	d	/home/sharedFolder/humanSTARindex/Homo_sapiens.GRCh38.99.gtf
90695	11	117075416	117076341	-	ENSG00000160584	intronic (same-strand gene body)	1		True	False	d	/home/sharedFolder/humanSTARindex/Homo_sapiens.GRCh38.99.gtf
163612	15	88478266	88478389	+	ENSG00000181991	own-gene 3' UTR	1	ENSG00000181991	True	True	d	/home/sharedFolder/humanSTARindex/Homo_sapiens.GRCh38.99.gtf
136041	14	45115901	45115939	-	ENSG00000100442	own-gene 3' UTR	1	ENSG00000100442	True	True	d	/home/sharedFolder/humanSTARindex/Homo_sapiens.GRCh38.99.gtf
430276	7	74759969	74760224	+	ENSG00000263001	own-gene 3' UTR	1	ENSG00000263001	True	True	d	/home/sharedFolder/humanSTARindex/Homo_sapiens.GRCh38.99.gtf
107602	12	64697172	64697666	+	ENSG00000153179	own-gene 3' UTR	1	ENSG00000153179	True	True	d	/home/sharedFolder/humanSTARindex/Homo_sapiens.GRCh38.99.gtf
246214	2	64748131	64749279	-	ENSG00000179833	intronic (same-strand gene body)	1		True	False	d	/home/sharedFolder/humanSTARindex/Homo_sapiens.GRCh38.99.gtf
470691	9	33038952	33039678	+	ENSG00000086061	own-gene 3' UTR	1	ENSG00000086061	True	True	d	/home/sharedFolder/humanSTARindex/Homo_sapiens.GRCh38.99.gtf
440299	7	128771407	128771475	+	ENSG00000128595	own-gene 3' UTR	1	ENSG00000128595	True	True	d	/home/sharedFolder/humanSTARindex/Homo_sapiens.GRCh38.99.gtf
463382	8	123013343	123014460	-	ENSG00000136986	own-gene 3' UTR	1	ENSG00000136986	True	True	d	/home/sharedFolder/humanSTARindex/Homo_sapiens.GRCh38.99.gtf
105519	12	54241443	54241798	-	ENSG00000094916	own-gene 3' UTR	1	ENSG00000094916	True	True	d	/home/sharedFolder/humanSTARindex/Homo_sapiens.GRCh38.99.gtf
103903	12	49273165	49273334	+	ENSG00000167553	own-gene 3' UTR	1	ENSG00000167553	True	True	d	/home/sharedFolder/humanSTARindex/Homo_sapiens.GRCh38.99.gtf
448085	8	11839292	11839298	+	ENSG00000079459	own-gene 3' UTR	1	ENSG00000079459	True	True	d	/home/sharedFolder/humanSTARindex/Homo_sapiens.GRCh38.99.gtf
329638	3	160438218	160439089	-	ENSG00000248710	exonic, not 3' UTR	2		True	True	d	/home/sharedFolder/humanSTARindex/Homo_sapiens.GRCh38.99.gtf
329570	3	160256985	160257463	-	ENSG00000248710	other-gene 3' UTR	2	ENSG00000068885	True	True	d	/home/sharedFolder/humanSTARindex/Homo_sapiens.GRCh38.99.gtf
480824	9	109016440	109017346	-	ENSG00000106771	own-gene 3' UTR	1	ENSG00000106771	True	True	d	/home/sharedFolder/humanSTARindex/Homo_sapiens.GRCh38.99.gtf
51051	10	12834888	12835545	+	ENSG00000183049	own-gene 3' UTR	1	ENSG00000183049	True	True	d	/home/sharedFolder/humanSTARindex/Homo_sapiens.GRCh38.99.gtf
376162	5	102756819	102757932	+	ENSG00000145730	intronic (same-strand gene body)	1		True	False	d	/home/sharedFolder/humanSTARindex/Homo_sapiens.GRCh38.99.gtf
39968	1	204403331	204403807	-	ENSG00000158615	own-gene 3' UTR	1	ENSG00000158615	True	True	d	/home/sharedFolder/humanSTARindex/Homo_sapiens.GRCh38.99.gtf
184589	17	1517988	1518503	-	ENSG00000174238	own-gene 3' UTR	1	ENSG00000174238	True	True	d	/home/sharedFolder/humanSTARindex/Homo_sapiens.GRCh38.99.gtf
422881	7	27829258	27829261	+	ENSG00000106052	own-gene 3' UTR	1	ENSG00000106052	True	True	d	/home/sharedFolder/humanSTARindex/Homo_sapiens.GRCh38.99.gtf
31285	1	157121190	157121492	-	ENSG00000117036	own-gene 3' UTR	1	ENSG00000117036	True	True	d	/home/sharedFolder/humanSTARindex/Homo_sapiens.GRCh38.99.gtf
103093	12	46358478	46358479	-	ENSG00000134294	own-gene 3' UTR	1	ENSG00000134294	True	True	d	/home/sharedFolder/humanSTARindex/Homo_sapiens.GRCh38.99.gtf
363888	5	32354349	32354877	-	ENSG00000056097	own-gene 3' UTR	1	ENSG00000056097	True	True	d	/home/sharedFolder/humanSTARindex/Homo_sapiens.GRCh38.99.gtf
77214	11	33357022	33357023	+	ENSG00000110422	own-gene 3' UTR	1	ENSG00000110422	True	True	d	/home/sharedFolder/humanSTARindex/Homo_sapiens.GRCh38.99.gtf
388330	5	179821661	179822090	+	ENSG00000161011	own-gene 3' UTR	1	ENSG00000161011	True	True	d	/home/sharedFolder/humanSTARindex/Homo_sapiens.GRCh38.99.gtf
480823	9	109015151	109015624	-	ENSG00000106771	own-gene 3' UTR	1	ENSG00000106771	True	True	d	/home/sharedFolder/humanSTARindex/Homo_sapiens.GRCh38.99.gtf
264166	2	175072249	175072662	-	ENSG00000115966	own-gene 3' UTR	1	ENSG00000115966	True	True	d	/home/sharedFolder/humanSTARindex/Homo_sapiens.GRCh38.99.gtf
177211	16	57463383	57463967	+	ENSG00000088682	other-gene 3' UTR	1	ENSG00000102978	False	True	d	/home/sharedFolder/humanSTARindex/Homo_sapiens.GRCh38.99.gtf
341513	4	38700038	38701042	+	ENSG00000109787	own-gene 3' UTR	1	ENSG00000109787	True	True	d	/home/sharedFolder/humanSTARindex/Homo_sapiens.GRCh38.99.gtf
60718	10	72233490	72233829	+	ENSG00000166295	own-gene 3' UTR	1	ENSG00000166295	True	True	d	/home/sharedFolder/humanSTARindex/Homo_sapiens.GRCh38.99.gtf
6071	1	23969076	23969482	-	ENSG00000188529	own-gene 3' UTR	1	ENSG00000188529	True	True	d	/home/sharedFolder/humanSTARindex/Homo_sapiens.GRCh38.99.gtf
198464	17	50752468	50752753	+	ENSG00000108848	own-gene 3' UTR	1	ENSG00000108848	True	True	d	/home/sharedFolder/humanSTARindex/Homo_sapiens.GRCh38.99.gtf
26727	1	146156379	146156380	-	ENSG00000271425	intronic (same-strand gene body)	2		True	False	d	/home/sharedFolder/humanSTARindex/Homo_sapiens.GRCh38.99.gtf
350781	4	102617117	102617302	+	ENSG00000109320	own-gene 3' UTR	1	ENSG00000109320	True	True	d	/home/sharedFolder/humanSTARindex/Homo_sapiens.GRCh38.99.gtf
253928	2	109794896	109795316	+	ENSG00000015568	exonic, not 3' UTR	1		True	True	d	/home/sharedFolder/humanSTARindex/Homo_sapiens.GRCh38.99.gtf
268682	2	201171228	201171738	+	ENSG00000003402	own-gene 3' UTR	1	ENSG00000003402	True	True	d	/home/sharedFolder/humanSTARindex/Homo_sapiens.GRCh38.99.gtf
492979	X	41350066	41350274	+	ENSG00000215301	own-gene 3' UTR	1	ENSG00000215301	True	True	d	/home/sharedFolder/humanSTARindex/Homo_sapiens.GRCh38.99.gtf
169749	16	15090683	15091346	-	ENSG00000085721	exonic, not 3' UTR	1		True	True	d	/home/sharedFolder/humanSTARindex/Homo_sapiens.GRCh38.99.gtf
282030	20	35741940	35742283	-	ENSG00000131051	exonic, not 3' UTR	1		True	True	d	/home/sharedFolder/humanSTARindex/Homo_sapiens.GRCh38.99.gtf
117704	12	120210441	120210447	-	ENSG00000089159	own-gene 3' UTR	1	ENSG00000089159	True	True	d	/home/sharedFolder/humanSTARindex/Homo_sapiens.GRCh38.99.gtf
27968	1	149464137	149464210	+	ENSG00000286219	own-gene 3' UTR	2	ENSG00000286219	True	True	d	/home/sharedFolder/humanSTARindex/Homo_sapiens.GRCh38.99.gtf
26726	1	146156095	146156168	-	ENSG00000271425	other-gene 3' UTR	2	ENSG00000264343	True	True	d	/home/sharedFolder/humanSTARindex/Homo_sapiens.GRCh38.99.gtf
453418	8	43141398	43143114	+	ENSG00000165102	intronic (same-strand gene body)	1		True	False	d	/home/sharedFolder/humanSTARindex/Homo_sapiens.GRCh38.99.gtf
91766	11	121304457	121305967	+	ENSG00000109929	exonic, not 3' UTR	1		True	True	d	/home/sharedFolder/humanSTARindex/Homo_sapiens.GRCh38.99.gtf
381524	5	138935028	138935034	+	ENSG00000044115	own-gene 3' UTR	1	ENSG00000044115	True	True	d	/home/sharedFolder/humanSTARindex/Homo_sapiens.GRCh38.99.gtf
421982	7	23174900	23175421	+	ENSG00000122550	own-gene 3' UTR	1	ENSG00000122550	True	True	d	/home/sharedFolder/humanSTARindex/Homo_sapiens.GRCh38.99.gtf
496425	X	71575831	71575892	+	ENSG00000147162	own-gene 3' UTR	1	ENSG00000147162	True	True	d	/home/sharedFolder/humanSTARindex/Homo_sapiens.GRCh38.99.gtf
27415	1	148607025	148607098	-	ENSG00000270629	other-gene 3' UTR	2	ENSG00000286019	True	True	d	/home/sharedFolder/humanSTARindex/Homo_sapiens.GRCh38.99.gtf
8383	1	30931504	30931889	-	ENSG00000134644	own-gene 3' UTR	1	ENSG00000134644	True	True	d	/home/sharedFolder/humanSTARindex/Homo_sapiens.GRCh38.99.gtf
384629	5	154420540	154420984	+	ENSG00000164574	own-gene 3' UTR	1	ENSG00000164574	True	True	d	/home/sharedFolder/humanSTARindex/Homo_sapiens.GRCh38.99.gtf
335403	3	195528555	195529816	-	ENSG00000184203	exonic, not 3' UTR	1		True	True	d	/home/sharedFolder/humanSTARindex/Homo_sapiens.GRCh38.99.gtf
286698	20	58678991	58679501	+	ENSG00000124222	own-gene 3' UTR	2	ENSG00000124222	True	True	d	/home/sharedFolder/humanSTARindex/Homo_sapiens.GRCh38.99.gtf
145597	14	91780949	91781566	-	ENSG00000165929	own-gene 3' UTR	1	ENSG00000165929	True	True	d	/home/sharedFolder/humanSTARindex/Homo_sapiens.GRCh38.99.gtf
307958	3	30693993	30694142	+	ENSG00000163513	own-gene 3' UTR	1	ENSG00000163513	True	True	d	/home/sharedFolder/humanSTARindex/Homo_sapiens.GRCh38.99.gtf
415162	6	157208588	157209268	+	ENSG00000049618	own-gene 3' UTR	1	ENSG00000049618	True	True	d	/home/sharedFolder/humanSTARindex/Homo_sapiens.GRCh38.99.gtf
22231	1	109062480	109062564	-	ENSG00000197780	own-gene 3' UTR	1	ENSG00000197780	True	True	d	/home/sharedFolder/humanSTARindex/Homo_sapiens.GRCh38.99.gtf
437240	7	106248284	106248307	-	ENSG00000105835	own-gene 3' UTR	1	ENSG00000105835	True	True	d	/home/sharedFolder/humanSTARindex/Homo_sapiens.GRCh38.99.gtf
219888	19	6751819	6752558	-	ENSG00000125731	own-gene 3' UTR	1	ENSG00000125731	True	True	d	/home/sharedFolder/humanSTARindex/Homo_sapiens.GRCh38.99.gtf
415695	6	158662620	158663129	+	ENSG00000164674	exonic, not 3' UTR	1		True	True	d	/home/sharedFolder/humanSTARindex/Homo_sapiens.GRCh38.99.gtf
481371	9	111934917	111935413	+	ENSG00000148154	own-gene 3' UTR	1	ENSG00000148154	True	True	d	/home/sharedFolder/humanSTARindex/Homo_sapiens.GRCh38.99.gtf
306180	3	17157163	17157613	-	ENSG00000131374	own-gene 3' UTR	1	ENSG00000131374	True	True	d	/home/sharedFolder/humanSTARindex/Homo_sapiens.GRCh38.99.gtf
16978	1	70252000	70252001	+	ENSG00000116754	own-gene 3' UTR	1	ENSG00000116754	True	True	d	/home/sharedFolder/humanSTARindex/Homo_sapiens.GRCh38.99.gtf
30333	1	155335385	155336501	-	ENSG00000116539	own-gene 3' UTR	1	ENSG00000116539	True	True	d	/home/sharedFolder/humanSTARindex/Homo_sapiens.GRCh38.99.gtf
37035	1	184791031	184791150	-	ENSG00000135842	own-gene 3' UTR	1	ENSG00000135842	True	True	d	/home/sharedFolder/humanSTARindex/Homo_sapiens.GRCh38.99.gtf
491257	X	20124512	20124929	-	ENSG00000173674	own-gene 3' UTR	1	ENSG00000173674	True	True	d	/home/sharedFolder/humanSTARindex/Homo_sapiens.GRCh38.99.gtf
265939	2	186680897	186680901	+	ENSG00000138448	own-gene 3' UTR	1	ENSG00000138448	True	True	d	/home/sharedFolder/humanSTARindex/Homo_sapiens.GRCh38.99.gtf
409155	6	125792201	125792954	+	ENSG00000111912	intronic (same-strand gene body)	1		True	False	d	/home/sharedFolder/humanSTARindex/Homo_sapiens.GRCh38.99.gtf
46036	1	235865080	235866284	-	ENSG00000143669	intronic (same-strand gene body)	1		True	False	d	/home/sharedFolder/humanSTARindex/Homo_sapiens.GRCh38.99.gtf
38546	1	198322325	198322420	+	ENSG00000151414	own-gene 3' UTR	1	ENSG00000151414	True	True	d	/home/sharedFolder/humanSTARindex/Homo_sapiens.GRCh38.99.gtf
48216	1	246667911	246668590	+	ENSG00000162852	own-gene 3' UTR	1	ENSG00000162852	True	True	d	/home/sharedFolder/humanSTARindex/Homo_sapiens.GRCh38.99.gtf
39768	1	203743531	203744081	+	ENSG00000058668	own-gene 3' UTR	1	ENSG00000058668	True	True	d	/home/sharedFolder/humanSTARindex/Homo_sapiens.GRCh38.99.gtf
229079	19	41316589	41318268	+	ENSG00000142039	exonic, not 3' UTR	1		True	True	d	/home/sharedFolder/humanSTARindex/Homo_sapiens.GRCh38.99.gtf
295768	22	21760264	21760802	-	ENSG00000100030	own-gene 3' UTR	1	ENSG00000100030	True	True	d	/home/sharedFolder/humanSTARindex/Homo_sapiens.GRCh38.99.gtf
490179	X	13691082	13692268	+	ENSG00000123595	intronic (same-strand gene body)	1		True	False	d	/home/sharedFolder/humanSTARindex/Homo_sapiens.GRCh38.99.gtf
471044	9	33921692	33922333	-	ENSG00000137073	own-gene 3' UTR	1	ENSG00000137073	True	True	d	/home/sharedFolder/humanSTARindex/Homo_sapiens.GRCh38.99.gtf
205555	17	77341372	77342001	+	ENSG00000184640	intronic (same-strand gene body)	1		True	False	d	/home/sharedFolder/humanSTARindex/Homo_sapiens.GRCh38.99.gtf
419433	7	6161775	6162113	-	ENSG00000008256	own-gene 3' UTR	1	ENSG00000008256	True	True	d	/home/sharedFolder/humanSTARindex/Homo_sapiens.GRCh38.99.gtf
157104	15	60497384	60497705	-	ENSG00000069667	own-gene 3' UTR	1	ENSG00000069667	True	True	d	/home/sharedFolder/humanSTARindex/Homo_sapiens.GRCh38.99.gtf
469549	9	19372247	19374144	+	ENSG00000137145	own-gene 3' UTR	1	ENSG00000137145	True	True	d	/home/sharedFolder/humanSTARindex/Homo_sapiens.GRCh38.99.gtf
244073	2	54580124	54581026	+	ENSG00000115306	intronic (same-strand gene body)	1		True	False	d	/home/sharedFolder/humanSTARindex/Homo_sapiens.GRCh38.99.gtf
269439	2	203191020	203191157	+	ENSG00000144426	exonic, not 3' UTR	2		True	True	d	/home/sharedFolder/humanSTARindex/Homo_sapiens.GRCh38.99.gtf
276231	2	241229211	241229218	-	ENSG00000115677	own-gene 3' UTR	1	ENSG00000115677	True	True	d	/home/sharedFolder/humanSTARindex/Homo_sapiens.GRCh38.99.gtf
10163	1	36339624	36339986	-	ENSG00000196182	own-gene 3' UTR	1	ENSG00000196182	True	True	d	/home/sharedFolder/humanSTARindex/Homo_sapiens.GRCh38.99.gtf
404775	6	89328059	89328143	-	ENSG00000198833	own-gene 3' UTR	1	ENSG00000198833	True	True	d	/home/sharedFolder/humanSTARindex/Homo_sapiens.GRCh38.99.gtf
37015	1	184752998	184754246	-	ENSG00000116406	intronic (same-strand gene body)	1		True	False	d	/home/sharedFolder/humanSTARindex/Homo_sapiens.GRCh38.99.gtf
485227	9	129832404	129833976	-	ENSG00000136819	exonic, not 3' UTR	1		True	True	d	/home/sharedFolder/humanSTARindex/Homo_sapiens.GRCh38.99.gtf
442518	7	137874978	137875444	-	ENSG00000182158	own-gene 3' UTR	1	ENSG00000182158	True	True	d	/home/sharedFolder/humanSTARindex/Homo_sapiens.GRCh38.99.gtf
367797	5	59123126	59123682	-	ENSG00000113448	intronic (same-strand gene body)	1		True	False	d	/home/sharedFolder/humanSTARindex/Homo_sapiens.GRCh38.99.gtf
59458	10	63623890	63624577	+	ENSG00000165476	own-gene 3' UTR	1	ENSG00000165476	True	True	d	/home/sharedFolder/humanSTARindex/Homo_sapiens.GRCh38.99.gtf
189931	17	20999734	20999745	-	ENSG00000124422	own-gene 3' UTR	1	ENSG00000124422	True	True	d	/home/sharedFolder/humanSTARindex/Homo_sapiens.GRCh38.99.gtf
182378	16	84552807	84553814	-	ENSG00000140950	intronic (same-strand gene body)	1		True	False	d	/home/sharedFolder/humanSTARindex/Homo_sapiens.GRCh38.99.gtf
137861	14	55069010	55069786	+	ENSG00000168175	own-gene 3' UTR	1	ENSG00000168175	True	True	d	/home/sharedFolder/humanSTARindex/Homo_sapiens.GRCh38.99.gtf
326281	3	141447567	141448778	+	ENSG00000177311	own-gene 3' UTR	1	ENSG00000177311	True	True	d	/home/sharedFolder/humanSTARindex/Homo_sapiens.GRCh38.99.gtf
41026	1	207795223	207795504	+	ENSG00000117335	own-gene 3' UTR	1	ENSG00000117335	True	True	d	/home/sharedFolder/humanSTARindex/Homo_sapiens.GRCh38.99.gtf
47531	1	244838784	244839310	-	ENSG00000153187	outside any same-strand gene	0		False	False	d	/home/sharedFolder/humanSTARindex/Homo_sapiens.GRCh38.99.gtf
433131	7	91942587	91943136	+	ENSG00000127914	intronic (same-strand gene body)	1		True	False	d	/home/sharedFolder/humanSTARindex/Homo_sapiens.GRCh38.99.gtf
490671	X	16843913	16844519	+	ENSG00000086712	own-gene 3' UTR	1	ENSG00000086712	True	True	d	/home/sharedFolder/humanSTARindex/Homo_sapiens.GRCh38.99.gtf
199323	17	57684053	57684689	+	ENSG00000153944	own-gene 3' UTR	1	ENSG00000153944	True	True	d	/home/sharedFolder/humanSTARindex/Homo_sapiens.GRCh38.99.gtf
89727	11	111730292	111730855	+	ENSG00000170145	own-gene 3' UTR	1	ENSG00000170145	True	True	d	/home/sharedFolder/humanSTARindex/Homo_sapiens.GRCh38.99.gtf
292380	21	38824590	38824955	+	ENSG00000157557	own-gene 3' UTR	1	ENSG00000157557	True	True	d	/home/sharedFolder/humanSTARindex/Homo_sapiens.GRCh38.99.gtf
342024	4	39824316	39824677	-	ENSG00000121892	own-gene 3' UTR	1	ENSG00000121892	True	True	d	/home/sharedFolder/humanSTARindex/Homo_sapiens.GRCh38.99.gtf
310582	3	44748743	44749175	-	ENSG00000163807	own-gene 3' UTR	1	ENSG00000163807	True	True	d	/home/sharedFolder/humanSTARindex/Homo_sapiens.GRCh38.99.gtf
277951	20	5546378	5546504	-	ENSG00000125772	own-gene 3' UTR	1	ENSG00000125772	True	True	d	/home/sharedFolder/humanSTARindex/Homo_sapiens.GRCh38.99.gtf
91065	11	118372591	118373276	+	ENSG00000110344	exonic, not 3' UTR	1		True	True	d	/home/sharedFolder/humanSTARindex/Homo_sapiens.GRCh38.99.gtf
475997	9	77718715	77720805	-	ENSG00000156052	own-gene 3' UTR	1	ENSG00000156052	True	True	d	/home/sharedFolder/humanSTARindex/Homo_sapiens.GRCh38.99.gtf
138722	14	59370727	59371444	+	ENSG00000100592	own-gene 3' UTR	1	ENSG00000100592	True	True	d	/home/sharedFolder/humanSTARindex/Homo_sapiens.GRCh38.99.gtf
329061	3	156706691	156706770	+	ENSG00000163659	own-gene 3' UTR	1	ENSG00000163659	True	True	d	/home/sharedFolder/humanSTARindex/Homo_sapiens.GRCh38.99.gtf
326276	3	141442485	141443277	+	ENSG00000177311	exonic, not 3' UTR	1		True	True	d	/home/sharedFolder/humanSTARindex/Homo_sapiens.GRCh38.99.gtf
461764	8	108222819	108223415	-	ENSG00000104408	intronic (same-strand gene body)	1		True	False	d	/home/sharedFolder/humanSTARindex/Homo_sapiens.GRCh38.99.gtf
292929	21	42296695	42297244	+	ENSG00000160179	own-gene 3' UTR	1	ENSG00000160179	True	True	d	/home/sharedFolder/humanSTARindex/Homo_sapiens.GRCh38.99.gtf
109649	12	75495929	75497425	-	ENSG00000111615	own-gene 3' UTR	1	ENSG00000111615	True	True	d	/home/sharedFolder/humanSTARindex/Homo_sapiens.GRCh38.99.gtf
169759	16	15109265	15110010	+	ENSG00000179889	intronic (same-strand gene body)	1		True	False	d	/home/sharedFolder/humanSTARindex/Homo_sapiens.GRCh38.99.gtf
45469	1	234605759	234605762	-	ENSG00000168264	own-gene 3' UTR	1	ENSG00000168264	True	True	d	/home/sharedFolder/humanSTARindex/Homo_sapiens.GRCh38.99.gtf
27416	1	148607309	148607310	-	ENSG00000270629	intronic (same-strand gene body)	2		True	False	d	/home/sharedFolder/humanSTARindex/Homo_sapiens.GRCh38.99.gtf
344561	4	56668387	56669061	-	ENSG00000171476	intronic (same-strand gene body)	1		True	False	d	/home/sharedFolder/humanSTARindex/Homo_sapiens.GRCh38.99.gtf
363996	5	32603642	32604080	+	ENSG00000113387	own-gene 3' UTR	1	ENSG00000113387	True	True	d	/home/sharedFolder/humanSTARindex/Homo_sapiens.GRCh38.99.gtf
91407	11	119017936	119018604	-	ENSG00000118181	exonic, not 3' UTR	1		True	True	d	/home/sharedFolder/humanSTARindex/Homo_sapiens.GRCh38.99.gtf
32108	1	160996193	160996568	-	ENSG00000158769	own-gene 3' UTR	1	ENSG00000158769	True	True	d	/home/sharedFolder/humanSTARindex/Homo_sapiens.GRCh38.99.gtf
335416	3	195541440	195542460	-	ENSG00000184203	intronic (same-strand gene body)	1		True	False	d	/home/sharedFolder/humanSTARindex/Homo_sapiens.GRCh38.99.gtf
295114	22	19445668	19447044	-	ENSG00000100084	intronic (same-strand gene body)	2		True	False	d	/home/sharedFolder/humanSTARindex/Homo_sapiens.GRCh38.99.gtf
233469	19	53876431	53876438	+	ENSG00000179820	own-gene 3' UTR	1	ENSG00000179820	True	True	d	/home/sharedFolder/humanSTARindex/Homo_sapiens.GRCh38.99.gtf
375623	5	96773235	96773236	+	ENSG00000153113	own-gene 3' UTR	1	ENSG00000153113	True	True	d	/home/sharedFolder/humanSTARindex/Homo_sapiens.GRCh38.99.gtf
452599	8	38973520	38973912	+	ENSG00000169499	own-gene 3' UTR	1	ENSG00000169499	True	True	d	/home/sharedFolder/humanSTARindex/Homo_sapiens.GRCh38.99.gtf
117712	12	120217663	120218750	-	ENSG00000089159	intronic (same-strand gene body)	1		True	False	d	/home/sharedFolder/humanSTARindex/Homo_sapiens.GRCh38.99.gtf
39546	1	202886867	202887966	-	ENSG00000183155	intronic (same-strand gene body)	1		True	False	d	/home/sharedFolder/humanSTARindex/Homo_sapiens.GRCh38.99.gtf
300962	22	41674812	41674813	-	ENSG00000100138	own-gene 3' UTR	1	ENSG00000100138	True	True	d	/home/sharedFolder/humanSTARindex/Homo_sapiens.GRCh38.99.gtf
98134	12	14502196	14502936	+	ENSG00000171681	own-gene 3' UTR	1	ENSG00000171681	True	True	d	/home/sharedFolder/humanSTARindex/Homo_sapiens.GRCh38.99.gtf
388346	5	179830143	179830144	+	ENSG00000161011	intronic (same-strand gene body)	1		True	False	d	/home/sharedFolder/humanSTARindex/Homo_sapiens.GRCh38.99.gtf
69031	10	114525830	114526504	-	ENSG00000099204	intronic (same-strand gene body)	1		True	False	d	/home/sharedFolder/humanSTARindex/Homo_sapiens.GRCh38.99.gtf
388344	5	179828388	179828867	+	ENSG00000161011	intronic (same-strand gene body)	1		True	False	d	/home/sharedFolder/humanSTARindex/Homo_sapiens.GRCh38.99.gtf
87737	11	95976595	95977345	-	ENSG00000184384	own-gene 3' UTR	1	ENSG00000184384	True	True	d	/home/sharedFolder/humanSTARindex/Homo_sapiens.GRCh38.99.gtf
43840	1	226144552	226144775	-	ENSG00000182827	own-gene 3' UTR	1	ENSG00000182827	True	True	d	/home/sharedFolder/humanSTARindex/Homo_sapiens.GRCh38.99.gtf
422094	7	23499064	23501350	-	ENSG00000164548	outside any same-strand gene	0		False	False	d	/home/sharedFolder/humanSTARindex/Homo_sapiens.GRCh38.99.gtf
87556	11	95165539	95165978	-	ENSG00000149212	own-gene 3' UTR	1	ENSG00000149212	True	True	d	/home/sharedFolder/humanSTARindex/Homo_sapiens.GRCh38.99.gtf
422546	7	26212959	26213607	+	ENSG00000122565	own-gene 3' UTR	1	ENSG00000122565	True	True	d	/home/sharedFolder/humanSTARindex/Homo_sapiens.GRCh38.99.gtf
414768	6	154833550	154834176	+	ENSG00000213079	own-gene 3' UTR	2	ENSG00000213079	True	True	d	/home/sharedFolder/humanSTARindex/Homo_sapiens.GRCh38.99.gtf
109936	12	76486853	76487857	-	ENSG00000091039	exonic, not 3' UTR	1		True	True	d	/home/sharedFolder/humanSTARindex/Homo_sapiens.GRCh38.99.gtf
39652	1	203311983	203312943	+	ENSG00000159388	outside any same-strand gene	0		False	False	d	/home/sharedFolder/humanSTARindex/Homo_sapiens.GRCh38.99.gtf
281292	20	34104876	34105900	-	ENSG00000125977	exonic, not 3' UTR	1		True	True	d	/home/sharedFolder/humanSTARindex/Homo_sapiens.GRCh38.99.gtf
131370	13	111155491	111156525	+	ENSG00000102606	intronic (same-strand gene body)	1		True	False	d	/home/sharedFolder/humanSTARindex/Homo_sapiens.GRCh38.99.gtf
72731	11	3675009	3675465	-	ENSG00000110713	own-gene 3' UTR	1	ENSG00000110713	True	True	d	/home/sharedFolder/humanSTARindex/Homo_sapiens.GRCh38.99.gtf
50927	10	12586005	12586700	+	ENSG00000183049	intronic (same-strand gene body)	1		True	False	d	/home/sharedFolder/humanSTARindex/Homo_sapiens.GRCh38.99.gtf
478296	9	93448755	93451257	-	ENSG00000188938	exonic, not 3' UTR	1		True	True	d	/home/sharedFolder/humanSTARindex/Homo_sapiens.GRCh38.99.gtf
426427	7	45028062	45028722	+	ENSG00000136280	intronic (same-strand gene body)	1		True	False	d	/home/sharedFolder/humanSTARindex/Homo_sapiens.GRCh38.99.gtf
131559	13	112886817	112887016	+	ENSG00000068650	own-gene 3' UTR	1	ENSG00000068650	True	True	d	/home/sharedFolder/humanSTARindex/Homo_sapiens.GRCh38.99.gtf
320265	3	114314499	114315250	-	ENSG00000181722	own-gene 3' UTR	2	ENSG00000181722	True	True	d	/home/sharedFolder/humanSTARindex/Homo_sapiens.GRCh38.99.gtf
144926	14	89597888	89599970	-	ENSG00000053254	intronic (same-strand gene body)	2		True	False	d	/home/sharedFolder/humanSTARindex/Homo_sapiens.GRCh38.99.gtf
46240	1	236263586	236266479	-	ENSG00000086619	intronic (same-strand gene body)	1		True	False	d	/home/sharedFolder/humanSTARindex/Homo_sapiens.GRCh38.99.gtf
97630	12	12474209	12474581	-	ENSG00000111266	own-gene 3' UTR	1	ENSG00000111266	True	True	d	/home/sharedFolder/humanSTARindex/Homo_sapiens.GRCh38.99.gtf
30087	1	154600153	154602544	-	ENSG00000160710	exonic, not 3' UTR	1		True	True	d	/home/sharedFolder/humanSTARindex/Homo_sapiens.GRCh38.99.gtf
37128	1	184923239	184927329	-	ENSG00000135842	intronic (same-strand gene body)	1		True	False	d	/home/sharedFolder/humanSTARindex/Homo_sapiens.GRCh38.99.gtf
499713	X	107713715	107713927	-	ENSG00000157514	own-gene 3' UTR	1	ENSG00000157514	True	True	d	/home/sharedFolder/humanSTARindex/Homo_sapiens.GRCh38.99.gtf
497495	X	78107485	78107981	+	ENSG00000102144	intronic (same-strand gene body)	1		True	False	d	/home/sharedFolder/humanSTARindex/Homo_sapiens.GRCh38.99.gtf
224335	19	18257095	18257098	-	ENSG00000130518	own-gene 3' UTR	1	ENSG00000130518	True	True	d	/home/sharedFolder/humanSTARindex/Homo_sapiens.GRCh38.99.gtf
171738	16	21863777	21865741	-	ENSG00000185864	exonic, not 3' UTR	1		True	True	d	/home/sharedFolder/humanSTARindex/Homo_sapiens.GRCh38.99.gtf
318966	3	105852520	105853562	-	ENSG00000114423	exonic, not 3' UTR	1		True	True	d	/home/sharedFolder/humanSTARindex/Homo_sapiens.GRCh38.99.gtf
190759	17	29255742	29256401	-	ENSG00000108256	own-gene 3' UTR	1	ENSG00000108256	True	True	d	/home/sharedFolder/humanSTARindex/Homo_sapiens.GRCh38.99.gtf
269566	2	203384922	203385475	-	ENSG00000173166	outside any same-strand gene	0		False	False	d	/home/sharedFolder/humanSTARindex/Homo_sapiens.GRCh38.99.gtf
22239	1	109075063	109075701	-	ENSG00000197780	exonic, not 3' UTR	1		True	True	d	/home/sharedFolder/humanSTARindex/Homo_sapiens.GRCh38.99.gtf
94018	12	911449	911452	+	ENSG00000060237	own-gene 3' UTR	1	ENSG00000060237	True	True	d	/home/sharedFolder/humanSTARindex/Homo_sapiens.GRCh38.99.gtf
480487	9	105520683	105522415	+	ENSG00000106701	exonic, not 3' UTR	2		True	True	d	/home/sharedFolder/humanSTARindex/Homo_sapiens.GRCh38.99.gtf
42679	1	221730768	221732055	-	ENSG00000143507	intronic (same-strand gene body)	1		True	False	d	/home/sharedFolder/humanSTARindex/Homo_sapiens.GRCh38.99.gtf
180267	16	71928593	71929019	+	ENSG00000182149	own-gene 3' UTR	1	ENSG00000182149	True	True	d	/home/sharedFolder/humanSTARindex/Homo_sapiens.GRCh38.99.gtf
192719	17	35594859	35595569	+	ENSG00000006125	intronic (same-strand gene body)	1		True	False	d	/home/sharedFolder/humanSTARindex/Homo_sapiens.GRCh38.99.gtf
253729	2	108784104	108784105	+	ENSG00000153201	own-gene 3' UTR	1	ENSG00000153201	True	True	d	/home/sharedFolder/humanSTARindex/Homo_sapiens.GRCh38.99.gtf
371652	5	75504663	75505258	-	ENSG00000113163	exonic, not 3' UTR	1		True	True	d	/home/sharedFolder/humanSTARindex/Homo_sapiens.GRCh38.99.gtf
161744	15	78872903	78873899	+	ENSG00000185787	exonic, not 3' UTR	1		True	True	d	/home/sharedFolder/humanSTARindex/Homo_sapiens.GRCh38.99.gtf
470575	9	32507717	32508704	-	ENSG00000107201	intronic (same-strand gene body)	1		True	False	d	/home/sharedFolder/humanSTARindex/Homo_sapiens.GRCh38.99.gtf
17770	1	77944050	77944473	-	ENSG00000162613	exonic, not 3' UTR	1		True	True	d	/home/sharedFolder/humanSTARindex/Homo_sapiens.GRCh38.99.gtf
172768	16	24570961	24572863	+	ENSG00000122257	own-gene 3' UTR	1	ENSG00000122257	True	True	d	/home/sharedFolder/humanSTARindex/Homo_sapiens.GRCh38.99.gtf
426457	7	45076438	45076453	+	ENSG00000136280	own-gene 3' UTR	1	ENSG00000136280	True	True	d	/home/sharedFolder/humanSTARindex/Homo_sapiens.GRCh38.99.gtf
39696	1	203627001	203627783	+	ENSG00000058668	exonic, not 3' UTR	1		True	True	d	/home/sharedFolder/humanSTARindex/Homo_sapiens.GRCh38.99.gtf
147494	14	102083545	102083588	-	ENSG00000080824	own-gene 3' UTR	1	ENSG00000080824	True	True	d	/home/sharedFolder/humanSTARindex/Homo_sapiens.GRCh38.99.gtf
171849	16	21983274	21983352	+	ENSG00000140740	own-gene 3' UTR	1	ENSG00000140740	True	True	d	/home/sharedFolder/humanSTARindex/Homo_sapiens.GRCh38.99.gtf
50918	10	12570276	12571400	+	ENSG00000183049	intronic (same-strand gene body)	1		True	False	d	/home/sharedFolder/humanSTARindex/Homo_sapiens.GRCh38.99.gtf
484818	9	128633629	128633662	+	ENSG00000197694	own-gene 3' UTR	1	ENSG00000197694	True	True	d	/home/sharedFolder/humanSTARindex/Homo_sapiens.GRCh38.99.gtf
147258	14	101839791	101841022	+	ENSG00000078304	intronic (same-strand gene body)	1		True	False	d	/home/sharedFolder/humanSTARindex/Homo_sapiens.GRCh38.99.gtf
394021	6	26131180	26132621	+	ENSG00000180573	intronic (same-strand gene body)	1		True	False	d	/home/sharedFolder/humanSTARindex/Homo_sapiens.GRCh38.99.gtf
168948	16	11868124	11868149	-	ENSG00000103342	own-gene 3' UTR	1	ENSG00000103342	True	True	d	/home/sharedFolder/humanSTARindex/Homo_sapiens.GRCh38.99.gtf
180237	16	71896111	71896996	+	ENSG00000182149	intronic (same-strand gene body)	1		True	False	d	/home/sharedFolder/humanSTARindex/Homo_sapiens.GRCh38.99.gtf
26469	1	145744430	145745136	-	ENSG00000265491	own-gene 3' UTR	1	ENSG00000265491	True	True	d	/home/sharedFolder/humanSTARindex/Homo_sapiens.GRCh38.99.gtf
432	1	1401908	1402056	-	ENSG00000242485	own-gene 3' UTR	1	ENSG00000242485	True	True	d	/home/sharedFolder/humanSTARindex/Homo_sapiens.GRCh38.99.gtf
493039	X	41519203	41519901	-	ENSG00000147044	own-gene 3' UTR	1	ENSG00000147044	True	True	d	/home/sharedFolder/humanSTARindex/Homo_sapiens.GRCh38.99.gtf
30730	1	155913041	155913604	-	ENSG00000132680	own-gene 3' UTR	1	ENSG00000132680	True	True	d	/home/sharedFolder/humanSTARindex/Homo_sapiens.GRCh38.99.gtf
384169	5	150756141	150757540	-	ENSG00000132912	exonic, not 3' UTR	1		True	True	d	/home/sharedFolder/humanSTARindex/Homo_sapiens.GRCh38.99.gtf
409219	6	125920957	125921645	+	ENSG00000111912	exonic, not 3' UTR	1		True	True	d	/home/sharedFolder/humanSTARindex/Homo_sapiens.GRCh38.99.gtf
117647	12	120094047	120094495	+	ENSG00000135127	own-gene 3' UTR	1	ENSG00000135127	True	True	d	/home/sharedFolder/humanSTARindex/Homo_sapiens.GRCh38.99.gtf
402811	6	73519011	73519090	-	ENSG00000156508	exonic, not 3' UTR	1		True	True	d	/home/sharedFolder/humanSTARindex/Homo_sapiens.GRCh38.99.gtf
267969	2	197552096	197552660	+	ENSG00000270757	other-gene 3' UTR	1	ENSG00000115540	False	True	d	/home/sharedFolder/humanSTARindex/Homo_sapiens.GRCh38.99.gtf
118884	12	122505054	122505382	-	ENSG00000111011	own-gene 3' UTR	1	ENSG00000111011	True	True	d	/home/sharedFolder/humanSTARindex/Homo_sapiens.GRCh38.99.gtf
246000	2	64089039	64089947	-	ENSG00000197329	outside any same-strand gene	0		False	False	d	/home/sharedFolder/humanSTARindex/Homo_sapiens.GRCh38.99.gtf
77571	11	35139165	35139642	+	ENSG00000026508	exonic, not 3' UTR	1		True	True	d	/home/sharedFolder/humanSTARindex/Homo_sapiens.GRCh38.99.gtf
360689	4	186212585	186213463	+	ENSG00000145476	own-gene 3' UTR	2	ENSG00000145476	True	True	d	/home/sharedFolder/humanSTARindex/Homo_sapiens.GRCh38.99.gtf
86330	11	85694226	85695245	-	ENSG00000137501	own-gene 3' UTR	1	ENSG00000137501	True	True	d	/home/sharedFolder/humanSTARindex/Homo_sapiens.GRCh38.99.gtf
421984	7	23182318	23182958	+	ENSG00000122550	exonic, not 3' UTR	1		False	True	d	/home/sharedFolder/humanSTARindex/Homo_sapiens.GRCh38.99.gtf
222942	19	14513276	14514598	-	ENSG00000132002	outside any same-strand gene	0		False	False	d	/home/sharedFolder/humanSTARindex/Homo_sapiens.GRCh38.99.gtf
163223	15	85390039	85390959	+	ENSG00000170776	intronic (same-strand gene body)	1		True	False	d	/home/sharedFolder/humanSTARindex/Homo_sapiens.GRCh38.99.gtf
246922	2	69319777	69320204	-	ENSG00000198380	own-gene 3' UTR	1	ENSG00000198380	True	True	d	/home/sharedFolder/humanSTARindex/Homo_sapiens.GRCh38.99.gtf
207866	18	721710	722256	-	ENSG00000176105	own-gene 3' UTR	1	ENSG00000176105	True	True	d	/home/sharedFolder/humanSTARindex/Homo_sapiens.GRCh38.99.gtf
12685	1	45627486	45627609	-	ENSG00000159592	own-gene 3' UTR	1	ENSG00000159592	True	True	d	/home/sharedFolder/humanSTARindex/Homo_sapiens.GRCh38.99.gtf
346910	4	77903092	77904586	+	ENSG00000169288	intronic (same-strand gene body)	1		True	False	d	/home/sharedFolder/humanSTARindex/Homo_sapiens.GRCh38.99.gtf
219891	19	6756576	6759580	-	ENSG00000125731	exonic, not 3' UTR	1		True	True	d	/home/sharedFolder/humanSTARindex/Homo_sapiens.GRCh38.99.gtf
414039	6	150993506	150994096	+	ENSG00000120254	intronic (same-strand gene body)	1		True	False	d	/home/sharedFolder/humanSTARindex/Homo_sapiens.GRCh38.99.gtf
102767	12	45216667	45217593	+	ENSG00000177119	intronic (same-strand gene body)	1		True	False	d	/home/sharedFolder/humanSTARindex/Homo_sapiens.GRCh38.99.gtf
306616	3	19950901	19951932	+	ENSG00000144566	exonic, not 3' UTR	1		True	True	d	/home/sharedFolder/humanSTARindex/Homo_sapiens.GRCh38.99.gtf
269597	2	203433391	203434209	-	ENSG00000173166	own-gene 3' UTR	1	ENSG00000173166	True	True	d	/home/sharedFolder/humanSTARindex/Homo_sapiens.GRCh38.99.gtf
114541	12	106991363	106991814	-	ENSG00000008405	own-gene 3' UTR	1	ENSG00000008405	True	True	d	/home/sharedFolder/humanSTARindex/Homo_sapiens.GRCh38.99.gtf
371460	5	74768614	74769638	+	ENSG00000164346	exonic, not 3' UTR	1		True	True	d	/home/sharedFolder/humanSTARindex/Homo_sapiens.GRCh38.99.gtf
9918	1	35933141	35933871	+	ENSG00000092847	intronic (same-strand gene body)	1		False	False	d	/home/sharedFolder/humanSTARindex/Homo_sapiens.GRCh38.99.gtf
230392	19	45476003	45477067	+	ENSG00000125740	outside any same-strand gene	0		False	False	d	/home/sharedFolder/humanSTARindex/Homo_sapiens.GRCh38.99.gtf
365548	5	40832422	40832456	-	ENSG00000145592	own-gene 3' UTR	1	ENSG00000145592	True	True	d	/home/sharedFolder/humanSTARindex/Homo_sapiens.GRCh38.99.gtf
379166	5	128189637	128189708	+	ENSG00000064651	own-gene 3' UTR	1	ENSG00000064651	True	True	d	/home/sharedFolder/humanSTARindex/Homo_sapiens.GRCh38.99.gtf
427403	7	56063894	56063990	+	ENSG00000146731	own-gene 3' UTR	1	ENSG00000146731	True	True	d	/home/sharedFolder/humanSTARindex/Homo_sapiens.GRCh38.99.gtf
130628	13	102847830	102848904	+	ENSG00000270181	exonic, not 3' UTR	2		True	True	d	/home/sharedFolder/humanSTARindex/Homo_sapiens.GRCh38.99.gtf
387446	5	176448934	176449511	+	ENSG00000113194	intronic (same-strand gene body)	1		True	False	d	/home/sharedFolder/humanSTARindex/Homo_sapiens.GRCh38.99.gtf
352556	4	113452413	113453305	-	ENSG00000145349	own-gene 3' UTR	1	ENSG00000145349	True	True	d	/home/sharedFolder/humanSTARindex/Homo_sapiens.GRCh38.99.gtf
50996	10	12717051	12717934	+	ENSG00000183049	intronic (same-strand gene body)	1		True	False	d	/home/sharedFolder/humanSTARindex/Homo_sapiens.GRCh38.99.gtf
231918	19	49446297	49446299	-	ENSG00000104872	own-gene 3' UTR	1	ENSG00000104872	True	True	d	/home/sharedFolder/humanSTARindex/Homo_sapiens.GRCh38.99.gtf
482677	9	120816052	120816818	-	ENSG00000095261	own-gene 3' UTR	1	ENSG00000095261	True	True	d	/home/sharedFolder/humanSTARindex/Homo_sapiens.GRCh38.99.gtf
331465	3	172398184	172398779	+	ENSG00000075420	own-gene 3' UTR	1	ENSG00000075420	True	True	d	/home/sharedFolder/humanSTARindex/Homo_sapiens.GRCh38.99.gtf
445510	7	152075353	152076028	+	ENSG00000178234	intronic (same-strand gene body)	1		True	False	d	/home/sharedFolder/humanSTARindex/Homo_sapiens.GRCh38.99.gtf
310805	3	45680746	45681263	+	ENSG00000144791	own-gene 3' UTR	1	ENSG00000144791	True	True	d	/home/sharedFolder/humanSTARindex/Homo_sapiens.GRCh38.99.gtf
212898	18	35989823	35990437	-	ENSG00000141425	own-gene 3' UTR	1	ENSG00000141425	True	True	d	/home/sharedFolder/humanSTARindex/Homo_sapiens.GRCh38.99.gtf
391951	6	16148107	16148248	+	ENSG00000007944	own-gene 3' UTR	1	ENSG00000007944	True	True	d	/home/sharedFolder/humanSTARindex/Homo_sapiens.GRCh38.99.gtf
134547	14	34783125	34784089	-	ENSG00000198604	exonic, not 3' UTR	1		True	True	d	/home/sharedFolder/humanSTARindex/Homo_sapiens.GRCh38.99.gtf
95513	12	6931019	6932297	+	ENSG00000111676	intronic (same-strand gene body)	1		True	False	d	/home/sharedFolder/humanSTARindex/Homo_sapiens.GRCh38.99.gtf
139838	14	64052440	64053662	+	ENSG00000054654	own-gene 3' UTR	1	ENSG00000054654	True	True	d	/home/sharedFolder/humanSTARindex/Homo_sapiens.GRCh38.99.gtf
43079	1	223729539	223730041	+	ENSG00000162909	intronic (same-strand gene body)	1		True	False	d	/home/sharedFolder/humanSTARindex/Homo_sapiens.GRCh38.99.gtf
103657	12	48688457	48688462	-	ENSG00000129315	own-gene 3' UTR	1	ENSG00000129315	True	True	d	/home/sharedFolder/humanSTARindex/Homo_sapiens.GRCh38.99.gtf
370117	5	70032518	70032696	+	ENSG00000205572	own-gene 3' UTR	1	ENSG00000205572	True	True	d	/home/sharedFolder/humanSTARindex/Homo_sapiens.GRCh38.99.gtf
370598	5	70907937	70908115	+	ENSG00000172058	own-gene 3' UTR	1	ENSG00000172058	True	True	d	/home/sharedFolder/humanSTARindex/Homo_sapiens.GRCh38.99.gtf
105337	12	53479794	53479795	+	ENSG00000197111	own-gene 3' UTR	1	ENSG00000197111	True	True	d	/home/sharedFolder/humanSTARindex/Homo_sapiens.GRCh38.99.gtf
495226	X	57310583	57311322	+	ENSG00000165591	exonic, not 3' UTR	1		True	True	d	/home/sharedFolder/humanSTARindex/Homo_sapiens.GRCh38.99.gtf
291509	21	34787800	34787810	-	ENSG00000159216	own-gene 3' UTR	1	ENSG00000159216	True	True	d	/home/sharedFolder/humanSTARindex/Homo_sapiens.GRCh38.99.gtf
31809	1	160278479	160278605	-	ENSG00000258465	other-gene 3' UTR	2	ENSG00000162735	True	True	d	/home/sharedFolder/humanSTARindex/Homo_sapiens.GRCh38.99.gtf
212670	18	35042410	35043124	+	ENSG00000166974	intronic (same-strand gene body)	1		True	False	d	/home/sharedFolder/humanSTARindex/Homo_sapiens.GRCh38.99.gtf
361148	5	863675	864124	-	ENSG00000028310	own-gene 3' UTR	1	ENSG00000028310	True	True	d	/home/sharedFolder/humanSTARindex/Homo_sapiens.GRCh38.99.gtf
274916	2	234493040	234493041	-	ENSG00000188042	own-gene 3' UTR	1	ENSG00000188042	True	True	d	/home/sharedFolder/humanSTARindex/Homo_sapiens.GRCh38.99.gtf
267861	2	197472246	197472832	+	ENSG00000115520	intronic (same-strand gene body)	1		True	False	d	/home/sharedFolder/humanSTARindex/Homo_sapiens.GRCh38.99.gtf
245073	2	61223498	61224229	-	ENSG00000115464	exonic, not 3' UTR	1		True	True	d	/home/sharedFolder/humanSTARindex/Homo_sapiens.GRCh38.99.gtf
62012	10	74708533	74708558	+	ENSG00000156110	own-gene 3' UTR	1	ENSG00000156110	True	True	d	/home/sharedFolder/humanSTARindex/Homo_sapiens.GRCh38.99.gtf
173678	16	28987547	28988861	+	ENSG00000169682	exonic, not 3' UTR	2		False	True	d	/home/sharedFolder/humanSTARindex/Homo_sapiens.GRCh38.99.gtf
61418	10	73443779	73444179	-	ENSG00000107758	own-gene 3' UTR	1	ENSG00000107758	True	True	d	/home/sharedFolder/humanSTARindex/Homo_sapiens.GRCh38.99.gtf
29966	1	154270236	154271944	+	ENSG00000143569	own-gene 3' UTR	1	ENSG00000143569	True	True	d	/home/sharedFolder/humanSTARindex/Homo_sapiens.GRCh38.99.gtf
233213	19	53066613	53067453	-	ENSG00000170949	own-gene 3' UTR	1	ENSG00000170949	True	True	d	/home/sharedFolder/humanSTARindex/Homo_sapiens.GRCh38.99.gtf
15018	1	56572036	56572645	-	ENSG00000162407	intronic (same-strand gene body)	1		True	False	d	/home/sharedFolder/humanSTARindex/Homo_sapiens.GRCh38.99.gtf
90134	11	114081262	114082285	+	ENSG00000109906	intronic (same-strand gene body)	1		True	False	d	/home/sharedFolder/humanSTARindex/Homo_sapiens.GRCh38.99.gtf
192114	17	32369919	32369966	+	ENSG00000010244	own-gene 3' UTR	1	ENSG00000010244	True	True	d	/home/sharedFolder/humanSTARindex/Homo_sapiens.GRCh38.99.gtf
234977	2	277443	277608	+	ENSG00000143727	own-gene 3' UTR	1	ENSG00000143727	True	True	d	/home/sharedFolder/humanSTARindex/Homo_sapiens.GRCh38.99.gtf
329632	3	160434600	160434962	+	ENSG00000113810	own-gene 3' UTR	1	ENSG00000113810	True	True	d	/home/sharedFolder/humanSTARindex/Homo_sapiens.GRCh38.99.gtf
208226	18	2782148	2782781	+	ENSG00000101596	intronic (same-strand gene body)	1		True	False	d	/home/sharedFolder/humanSTARindex/Homo_sapiens.GRCh38.99.gtf
191333	17	30468283	30468680	+	ENSG00000108582	own-gene 3' UTR	1	ENSG00000108582	True	True	d	/home/sharedFolder/humanSTARindex/Homo_sapiens.GRCh38.99.gtf
20682	1	97077738	97078284	-	ENSG00000188641	own-gene 3' UTR	1	ENSG00000188641	True	True	d	/home/sharedFolder/humanSTARindex/Homo_sapiens.GRCh38.99.gtf
293726	21	44805615	44806155	-	ENSG00000184900	own-gene 3' UTR	1	ENSG00000184900	True	True	d	/home/sharedFolder/humanSTARindex/Homo_sapiens.GRCh38.99.gtf
471414	9	35056063	35056082	-	ENSG00000165280	own-gene 3' UTR	1	ENSG00000165280	True	True	d	/home/sharedFolder/humanSTARindex/Homo_sapiens.GRCh38.99.gtf
175846	16	48538722	48539170	-	ENSG00000102921	own-gene 3' UTR	1	ENSG00000102921	True	True	d	/home/sharedFolder/humanSTARindex/Homo_sapiens.GRCh38.99.gtf
453366	8	43030442	43030539	+	ENSG00000168172	own-gene 3' UTR	2	ENSG00000168172	True	True	d	/home/sharedFolder/humanSTARindex/Homo_sapiens.GRCh38.99.gtf
364501	5	35871753	35873058	+	ENSG00000168685	intronic (same-strand gene body)	1		True	False	d	/home/sharedFolder/humanSTARindex/Homo_sapiens.GRCh38.99.gtf
365136	5	38937919	38938784	-	ENSG00000164327	own-gene 3' UTR	1	ENSG00000164327	True	True	d	/home/sharedFolder/humanSTARindex/Homo_sapiens.GRCh38.99.gtf
397759	6	36493881	36493892	-	ENSG00000112079	own-gene 3' UTR	1	ENSG00000112079	True	True	d	/home/sharedFolder/humanSTARindex/Homo_sapiens.GRCh38.99.gtf
122635	13	29765249	29765266	-	ENSG00000122042	own-gene 3' UTR	1	ENSG00000122042	True	True	d	/home/sharedFolder/humanSTARindex/Homo_sapiens.GRCh38.99.gtf
81956	11	66068243	66068524	+	ENSG00000087365	exonic, not 3' UTR	1		True	True	d	/home/sharedFolder/humanSTARindex/Homo_sapiens.GRCh38.99.gtf
179751	16	70348123	70348850	+	ENSG00000260537	intronic (same-strand gene body)	2		True	False	d	/home/sharedFolder/humanSTARindex/Homo_sapiens.GRCh38.99.gtf
179767	16	70371933	70373383	+	ENSG00000260537	own-gene 3' UTR	2	ENSG00000168872,ENSG00000260537	True	True	d	/home/sharedFolder/humanSTARindex/Homo_sapiens.GRCh38.99.gtf
456088	8	67197644	67198136	-	ENSG00000066777	own-gene 3' UTR	1	ENSG00000066777	True	True	d	/home/sharedFolder/humanSTARindex/Homo_sapiens.GRCh38.99.gtf
6520	1	25242158	25242302	-	ENSG00000117616	own-gene 3' UTR	1	ENSG00000117616	True	True	d	/home/sharedFolder/humanSTARindex/Homo_sapiens.GRCh38.99.gtf
121347	13	21372536	21372966	-	ENSG00000180776	own-gene 3' UTR	1	ENSG00000180776	True	True	d	/home/sharedFolder/humanSTARindex/Homo_sapiens.GRCh38.99.gtf
156712	15	59095678	59096431	+	ENSG00000157450	own-gene 3' UTR	1	ENSG00000157450	True	True	d	/home/sharedFolder/humanSTARindex/Homo_sapiens.GRCh38.99.gtf
155776	15	55358838	55359196	-	ENSG00000260916	own-gene 3' UTR	2	ENSG00000260916	True	True	d	/home/sharedFolder/humanSTARindex/Homo_sapiens.GRCh38.99.gtf
186891	17	7889925	7890716	+	ENSG00000170004	exonic, not 3' UTR	1		True	True	d	/home/sharedFolder/humanSTARindex/Homo_sapiens.GRCh38.99.gtf
133230	14	24211775	24213243	-	ENSG00000254692	exonic, not 3' UTR	3		True	True	d	/home/sharedFolder/humanSTARindex/Homo_sapiens.GRCh38.99.gtf
268683	2	201171987	201172684	+	ENSG00000003402	own-gene 3' UTR	1	ENSG00000003402	True	True	d	/home/sharedFolder/humanSTARindex/Homo_sapiens.GRCh38.99.gtf
4740	1	19597406	19598848	+	ENSG00000173436	exonic, not 3' UTR	3		True	True	d	/home/sharedFolder/humanSTARindex/Homo_sapiens.GRCh38.99.gtf
80728	11	62806896	62806978	-	ENSG00000162236	own-gene 3' UTR	1	ENSG00000162236	True	True	d	/home/sharedFolder/humanSTARindex/Homo_sapiens.GRCh38.99.gtf
484908	9	128770107	128770925	-	ENSG00000160445	intronic (same-strand gene body)	1		True	False	d	/home/sharedFolder/humanSTARindex/Homo_sapiens.GRCh38.99.gtf
193065	17	36495632	36496126	-	ENSG00000278259	own-gene 3' UTR	1	ENSG00000278259	True	True	d	/home/sharedFolder/humanSTARindex/Homo_sapiens.GRCh38.99.gtf
353063	4	119294040	119294746	+	ENSG00000145390	own-gene 3' UTR	1	ENSG00000145390	True	True	d	/home/sharedFolder/humanSTARindex/Homo_sapiens.GRCh38.99.gtf
59722	10	68343190	68343193	+	ENSG00000096746	exonic, not 3' UTR	1		True	True	d	/home/sharedFolder/humanSTARindex/Homo_sapiens.GRCh38.99.gtf
503761	X	154439069	154439693	+	ENSG00000071553	other-gene 3' UTR	1	ENSG00000203879	False	True	d	/home/sharedFolder/humanSTARindex/Homo_sapiens.GRCh38.99.gtf
483744	9	125146572	125147044	-	ENSG00000119414	own-gene 3' UTR	1	ENSG00000119414	True	True	d	/home/sharedFolder/humanSTARindex/Homo_sapiens.GRCh38.99.gtf
374068	5	87268256	87270193	+	ENSG00000145715	exonic, not 3' UTR	1		True	True	d	/home/sharedFolder/humanSTARindex/Homo_sapiens.GRCh38.99.gtf
299656	22	38733189	38733593	+	ENSG00000100226	own-gene 3' UTR	1	ENSG00000100226	True	True	d	/home/sharedFolder/humanSTARindex/Homo_sapiens.GRCh38.99.gtf
330887	3	170392756	170393162	+	ENSG00000136603	own-gene 3' UTR	1	ENSG00000136603	True	True	d	/home/sharedFolder/humanSTARindex/Homo_sapiens.GRCh38.99.gtf
407594	6	111666784	111667989	-	ENSG00000010810	intronic (same-strand gene body)	1		True	False	d	/home/sharedFolder/humanSTARindex/Homo_sapiens.GRCh38.99.gtf
63398	10	84517995	84518536	+	ENSG00000107771	own-gene 3' UTR	1	ENSG00000107771	True	True	d	/home/sharedFolder/humanSTARindex/Homo_sapiens.GRCh38.99.gtf
249668	2	86777391	86778038	+	ENSG00000153561	own-gene 3' UTR	1	ENSG00000153561	True	True	d	/home/sharedFolder/humanSTARindex/Homo_sapiens.GRCh38.99.gtf
47567	1	244857236	244857709	-	ENSG00000153187	own-gene 3' UTR	1	ENSG00000153187	True	True	d	/home/sharedFolder/humanSTARindex/Homo_sapiens.GRCh38.99.gtf
453036	8	42175232	42175672	-	ENSG00000104368	own-gene 3' UTR	1	ENSG00000104368	True	True	d	/home/sharedFolder/humanSTARindex/Homo_sapiens.GRCh38.99.gtf
437	1	1403926	1405854	-	ENSG00000242485	own-gene 3' UTR	2	ENSG00000242485	True	True	d	/home/sharedFolder/humanSTARindex/Homo_sapiens.GRCh38.99.gtf
84313	11	74171349	74173480	+	ENSG00000214517	exonic, not 3' UTR	1		True	True	d	/home/sharedFolder/humanSTARindex/Homo_sapiens.GRCh38.99.gtf
365541	5	40825256	40825599	-	ENSG00000145592	own-gene 3' UTR	1	ENSG00000145592	True	True	d	/home/sharedFolder/humanSTARindex/Homo_sapiens.GRCh38.99.gtf
300650	22	41179631	41180103	+	ENSG00000100393	own-gene 3' UTR	1	ENSG00000100393	True	True	d	/home/sharedFolder/humanSTARindex/Homo_sapiens.GRCh38.99.gtf
122863	13	30586028	30587020	-	ENSG00000189403	intronic (same-strand gene body)	1		True	False	d	/home/sharedFolder/humanSTARindex/Homo_sapiens.GRCh38.99.gtf
346269	4	75814141	75814286	+	ENSG00000138768	own-gene 3' UTR	1	ENSG00000138768	True	True	d	/home/sharedFolder/humanSTARindex/Homo_sapiens.GRCh38.99.gtf
381523	5	138934709	138934712	+	ENSG00000044115	own-gene 3' UTR	1	ENSG00000044115	True	True	d	/home/sharedFolder/humanSTARindex/Homo_sapiens.GRCh38.99.gtf
497030	X	74585225	74585822	-	ENSG00000131263	own-gene 3' UTR	1	ENSG00000131263	True	True	d	/home/sharedFolder/humanSTARindex/Homo_sapiens.GRCh38.99.gtf
242125	2	43230850	43231220	-	ENSG00000115970	own-gene 3' UTR	1	ENSG00000115970	True	True	d	/home/sharedFolder/humanSTARindex/Homo_sapiens.GRCh38.99.gtf
388367	5	179844161	179844917	+	ENSG00000161011	outside any same-strand gene	0		False	False	d	/home/sharedFolder/humanSTARindex/Homo_sapiens.GRCh38.99.gtf
251319	2	96811477	96811874	+	ENSG00000158158	own-gene 3' UTR	1	ENSG00000158158	True	True	d	/home/sharedFolder/humanSTARindex/Homo_sapiens.GRCh38.99.gtf
44488	1	229304391	229304409	+	ENSG00000168118	own-gene 3' UTR	1	ENSG00000168118	True	True	d	/home/sharedFolder/humanSTARindex/Homo_sapiens.GRCh38.99.gtf
200321	17	60443157	60443517	-	ENSG00000062725	own-gene 3' UTR	1	ENSG00000062725	True	True	d	/home/sharedFolder/humanSTARindex/Homo_sapiens.GRCh38.99.gtf
237457	2	24067585	24067723	-	ENSG00000115128	own-gene 3' UTR	1	ENSG00000115128	True	True	d	/home/sharedFolder/humanSTARindex/Homo_sapiens.GRCh38.99.gtf
44487	1	229304137	229304197	+	ENSG00000168118	own-gene 3' UTR	1	ENSG00000168118	True	True	d	/home/sharedFolder/humanSTARindex/Homo_sapiens.GRCh38.99.gtf
304138	3	9477822	9478146	+	ENSG00000168137	own-gene 3' UTR	1	ENSG00000168137	True	True	d	/home/sharedFolder/humanSTARindex/Homo_sapiens.GRCh38.99.gtf
395334	6	30596204	30597155	-	ENSG00000204569	outside any same-strand gene	0		False	False	d	/home/sharedFolder/humanSTARindex/Homo_sapiens.GRCh38.99.gtf
316766	3	73068614	73069198	+	ENSG00000163605	own-gene 3' UTR	1	ENSG00000163605	True	True	d	/home/sharedFolder/humanSTARindex/Homo_sapiens.GRCh38.99.gtf
277949	20	5544399	5544760	-	ENSG00000125772	own-gene 3' UTR	1	ENSG00000125772	True	True	d	/home/sharedFolder/humanSTARindex/Homo_sapiens.GRCh38.99.gtf
4378	1	17406758	17407364	-	ENSG00000179051	own-gene 3' UTR	1	ENSG00000179051	True	True	d	/home/sharedFolder/humanSTARindex/Homo_sapiens.GRCh38.99.gtf
9620	1	35177317	35179672	-	ENSG00000116560	own-gene 3' UTR	1	ENSG00000116560	True	True	d	/home/sharedFolder/humanSTARindex/Homo_sapiens.GRCh38.99.gtf
485633	9	130847928	130848968	+	ENSG00000097007	intronic (same-strand gene body)	1		True	False	d	/home/sharedFolder/humanSTARindex/Homo_sapiens.GRCh38.99.gtf
210692	18	13764194	13764556	+	ENSG00000101654	own-gene 3' UTR	1	ENSG00000101654	True	True	d	/home/sharedFolder/humanSTARindex/Homo_sapiens.GRCh38.99.gtf
387722	5	177306948	177306949	+	ENSG00000169230	own-gene 3' UTR	1	ENSG00000169230	True	True	d	/home/sharedFolder/humanSTARindex/Homo_sapiens.GRCh38.99.gtf
320280	3	114333661	114334206	-	ENSG00000181722	own-gene 3' UTR	1	ENSG00000181722	True	True	d	/home/sharedFolder/humanSTARindex/Homo_sapiens.GRCh38.99.gtf
282164	20	35887309	35887833	+	ENSG00000025293	exonic, not 3' UTR	2		True	True	d	/home/sharedFolder/humanSTARindex/Homo_sapiens.GRCh38.99.gtf
452661	8	39104871	39105001	+	ENSG00000168615	own-gene 3' UTR	1	ENSG00000168615	True	True	d	/home/sharedFolder/humanSTARindex/Homo_sapiens.GRCh38.99.gtf
41766	1	212620643	212620650	+	ENSG00000162772	own-gene 3' UTR	1	ENSG00000162772	True	True	d	/home/sharedFolder/humanSTARindex/Homo_sapiens.GRCh38.99.gtf
378804	5	126450174	126450789	+	ENSG00000155324	intronic (same-strand gene body)	1		True	False	d	/home/sharedFolder/humanSTARindex/Homo_sapiens.GRCh38.99.gtf
111704	12	93408307	93408365	-	ENSG00000177889	own-gene 3' UTR	1	ENSG00000177889	True	True	d	/home/sharedFolder/humanSTARindex/Homo_sapiens.GRCh38.99.gtf
79265	11	48170476	48170842	+	ENSG00000149177	own-gene 3' UTR	1	ENSG00000149177	True	True	d	/home/sharedFolder/humanSTARindex/Homo_sapiens.GRCh38.99.gtf
344547	4	56647307	56647655	-	ENSG00000171476	outside any same-strand gene	0		False	False	d	/home/sharedFolder/humanSTARindex/Homo_sapiens.GRCh38.99.gtf
104627	12	51061204	51061565	-	ENSG00000110925	own-gene 3' UTR	1	ENSG00000110925	True	True	d	/home/sharedFolder/humanSTARindex/Homo_sapiens.GRCh38.99.gtf
44021	1	226716359	226716855	-	ENSG00000143772	intronic (same-strand gene body)	1		True	False	d	/home/sharedFolder/humanSTARindex/Homo_sapiens.GRCh38.99.gtf
451251	8	29336783	29336825	-	ENSG00000120875	own-gene 3' UTR	1	ENSG00000120875	True	True	d	/home/sharedFolder/humanSTARindex/Homo_sapiens.GRCh38.99.gtf
22529	1	110021776	110022503	+	ENSG00000168710	own-gene 3' UTR	1	ENSG00000168710	True	True	d	/home/sharedFolder/humanSTARindex/Homo_sapiens.GRCh38.99.gtf
306475	3	18417560	18418011	-	ENSG00000131374	other-gene 3' UTR	2	ENSG00000182568	True	True	d	/home/sharedFolder/humanSTARindex/Homo_sapiens.GRCh38.99.gtf
398382	6	38232371	38233125	-	ENSG00000183826	intronic (same-strand gene body)	1		True	False	d	/home/sharedFolder/humanSTARindex/Homo_sapiens.GRCh38.99.gtf
109325	12	71923361	71923366	+	ENSG00000121749	own-gene 3' UTR	1	ENSG00000121749	True	True	d	/home/sharedFolder/humanSTARindex/Homo_sapiens.GRCh38.99.gtf
95361	12	6650552	6650592	-	ENSG00000111653	own-gene 3' UTR	1	ENSG00000111653	True	True	d	/home/sharedFolder/humanSTARindex/Homo_sapiens.GRCh38.99.gtf
428456	7	66810760	66811464	+	ENSG00000284461	own-gene 3' UTR	2	ENSG00000154710,ENSG00000284461	True	True	d	/home/sharedFolder/humanSTARindex/Homo_sapiens.GRCh38.99.gtf
9813	1	35601817	35601963	-	ENSG00000126067	own-gene 3' UTR	1	ENSG00000126067	True	True	d	/home/sharedFolder/humanSTARindex/Homo_sapiens.GRCh38.99.gtf
201396	17	63745249	63745721	-	ENSG00000125695	other-gene 3' UTR	2	ENSG00000108588	True	True	d	/home/sharedFolder/humanSTARindex/Homo_sapiens.GRCh38.99.gtf
34370	1	172611828	172611833	+	ENSG00000094975	own-gene 3' UTR	1	ENSG00000094975	True	True	d	/home/sharedFolder/humanSTARindex/Homo_sapiens.GRCh38.99.gtf
462535	8	118063944	118065759	-	ENSG00000182197	intronic (same-strand gene body)	1		True	False	d	/home/sharedFolder/humanSTARindex/Homo_sapiens.GRCh38.99.gtf
245166	2	61359874	61360345	-	ENSG00000115464	intronic (same-strand gene body)	1		True	False	d	/home/sharedFolder/humanSTARindex/Homo_sapiens.GRCh38.99.gtf
484171	9	126837730	126838210	+	ENSG00000169155	own-gene 3' UTR	1	ENSG00000169155	True	True	d	/home/sharedFolder/humanSTARindex/Homo_sapiens.GRCh38.99.gtf
328498	3	152459724	152460545	+	ENSG00000152601	intronic (same-strand gene body)	1		True	False	d	/home/sharedFolder/humanSTARindex/Homo_sapiens.GRCh38.99.gtf
364513	5	35879093	35879603	+	ENSG00000168685	own-gene 3' UTR	1	ENSG00000168685	True	True	d	/home/sharedFolder/humanSTARindex/Homo_sapiens.GRCh38.99.gtf
316512	3	71539202	71539909	-	ENSG00000114861	intronic (same-strand gene body)	2		True	False	d	/home/sharedFolder/humanSTARindex/Homo_sapiens.GRCh38.99.gtf
269180	2	202567338	202567751	+	ENSG00000204217	own-gene 3' UTR	1	ENSG00000204217	True	True	d	/home/sharedFolder/humanSTARindex/Homo_sapiens.GRCh38.99.gtf
131343	13	110897197	110897843	-	ENSG00000088448	intronic (same-strand gene body)	2		True	False	d	/home/sharedFolder/humanSTARindex/Homo_sapiens.GRCh38.99.gtf
257868	2	134953456	134954039	+	ENSG00000082258	own-gene 3' UTR	1	ENSG00000082258	True	True	d	/home/sharedFolder/humanSTARindex/Homo_sapiens.GRCh38.99.gtf
353071	4	119298352	119298686	-	ENSG00000164096	own-gene 3' UTR	1	ENSG00000164096	True	True	d	/home/sharedFolder/humanSTARindex/Homo_sapiens.GRCh38.99.gtf
453048	8	42193483	42194549	-	ENSG00000104368	exonic, not 3' UTR	1		True	True	d	/home/sharedFolder/humanSTARindex/Homo_sapiens.GRCh38.99.gtf
59119	10	63167224	63167364	-	ENSG00000171988	own-gene 3' UTR	1	ENSG00000171988	True	True	d	/home/sharedFolder/humanSTARindex/Homo_sapiens.GRCh38.99.gtf
311292	3	47413708	47414006	-	ENSG00000114650	own-gene 3' UTR	1	ENSG00000114650	True	True	d	/home/sharedFolder/humanSTARindex/Homo_sapiens.GRCh38.99.gtf
311308	3	47473773	47474162	-	ENSG00000114650	intronic (same-strand gene body)	1		True	False	d	/home/sharedFolder/humanSTARindex/Homo_sapiens.GRCh38.99.gtf
439714	7	123541811	123542057	-	ENSG00000128609	own-gene 3' UTR	1	ENSG00000128609	True	True	d	/home/sharedFolder/humanSTARindex/Homo_sapiens.GRCh38.99.gtf
200723	17	61942550	61943784	-	ENSG00000108510	own-gene 3' UTR	1	ENSG00000108510	True	True	d	/home/sharedFolder/humanSTARindex/Homo_sapiens.GRCh38.99.gtf
350361	4	101024137	101025732	-	ENSG00000138814	own-gene 3' UTR	1	ENSG00000138814	True	True	d	/home/sharedFolder/humanSTARindex/Homo_sapiens.GRCh38.99.gtf
59288	10	63369121	63369944	-	ENSG00000171988	intronic (same-strand gene body)	1		True	False	d	/home/sharedFolder/humanSTARindex/Homo_sapiens.GRCh38.99.gtf
503759	X	154436512	154436516	+	ENSG00000071553	own-gene 3' UTR	1	ENSG00000071553	True	True	d	/home/sharedFolder/humanSTARindex/Homo_sapiens.GRCh38.99.gtf
139712	14	63867090	63868495	+	ENSG00000054654	intronic (same-strand gene body)	1		True	False	d	/home/sharedFolder/humanSTARindex/Homo_sapiens.GRCh38.99.gtf
210986	18	21623819	21624598	+	ENSG00000167088	own-gene 3' UTR	1	ENSG00000167088	True	True	d	/home/sharedFolder/humanSTARindex/Homo_sapiens.GRCh38.99.gtf
426253	7	44670511	44671047	+	ENSG00000105953	intronic (same-strand gene body)	1		True	False	d	/home/sharedFolder/humanSTARindex/Homo_sapiens.GRCh38.99.gtf
489759	X	9719056	9719743	+	ENSG00000101849	own-gene 3' UTR	1	ENSG00000101849	True	True	d	/home/sharedFolder/humanSTARindex/Homo_sapiens.GRCh38.99.gtf
396438	6	32977394	32978295	+	ENSG00000204256	own-gene 3' UTR	1	ENSG00000204256	True	True	d	/home/sharedFolder/humanSTARindex/Homo_sapiens.GRCh38.99.gtf
264414	2	177220118	177220172	+	ENSG00000170144	own-gene 3' UTR	1	ENSG00000170144	True	True	d	/home/sharedFolder/humanSTARindex/Homo_sapiens.GRCh38.99.gtf
194059	17	39449588	39450860	-	ENSG00000125686	intronic (same-strand gene body)	1		True	False	d	/home/sharedFolder/humanSTARindex/Homo_sapiens.GRCh38.99.gtf
503558	X	154024718	154025256	-	ENSG00000169057	own-gene 3' UTR	1	ENSG00000169057	True	True	d	/home/sharedFolder/humanSTARindex/Homo_sapiens.GRCh38.99.gtf
9910	1	35923951	35924299	+	ENSG00000092847	own-gene 3' UTR	1	ENSG00000092847	True	True	d	/home/sharedFolder/humanSTARindex/Homo_sapiens.GRCh38.99.gtf
346909	4	77901721	77902672	+	ENSG00000169288	intronic (same-strand gene body)	1		True	False	d	/home/sharedFolder/humanSTARindex/Homo_sapiens.GRCh38.99.gtf
360933	5	216059	216591	-	ENSG00000164366	exonic, not 3' UTR	2		True	True	d	/home/sharedFolder/humanSTARindex/Homo_sapiens.GRCh38.99.gtf
398559	6	38564911	38565499	-	ENSG00000183826	intronic (same-strand gene body)	1		True	False	d	/home/sharedFolder/humanSTARindex/Homo_sapiens.GRCh38.99.gtf
90631	11	117018697	117020121	-	ENSG00000160584	intronic (same-strand gene body)	1		True	False	d	/home/sharedFolder/humanSTARindex/Homo_sapiens.GRCh38.99.gtf
383840	5	149484845	149485257	-	ENSG00000113712	outside any same-strand gene	0		False	False	d	/home/sharedFolder/humanSTARindex/Homo_sapiens.GRCh38.99.gtf
151095	15	34536659	34537575	-	ENSG00000215252	exonic, not 3' UTR	1		True	True	d	/home/sharedFolder/humanSTARindex/Homo_sapiens.GRCh38.99.gtf
67092	10	102163451	102163870	+	ENSG00000166197	own-gene 3' UTR	1	ENSG00000166197	True	True	d	/home/sharedFolder/humanSTARindex/Homo_sapiens.GRCh38.99.gtf
148014	14	103350770	103352487	+	ENSG00000100664	outside any same-strand gene	0		False	False	d	/home/sharedFolder/humanSTARindex/Homo_sapiens.GRCh38.99.gtf
41761	1	212617461	212618209	+	ENSG00000162772	exonic, not 3' UTR	1		True	True	d	/home/sharedFolder/humanSTARindex/Homo_sapiens.GRCh38.99.gtf
28220	1	149841871	149842188	-	ENSG00000203812	own-gene 3' UTR	1	ENSG00000203812	True	True	d	/home/sharedFolder/humanSTARindex/Homo_sapiens.GRCh38.99.gtf
28236	1	149851623	149851940	+	ENSG00000272196	own-gene 3' UTR	1	ENSG00000272196	True	True	d	/home/sharedFolder/humanSTARindex/Homo_sapiens.GRCh38.99.gtf
109656	12	75499469	75499850	-	ENSG00000111615	own-gene 3' UTR	1	ENSG00000111615	True	True	d	/home/sharedFolder/humanSTARindex/Homo_sapiens.GRCh38.99.gtf
74106	11	9751398	9751842	+	ENSG00000133789	own-gene 3' UTR	1	ENSG00000133789	True	True	d	/home/sharedFolder/humanSTARindex/Homo_sapiens.GRCh38.99.gtf
104752	12	51270821	51271258	+	ENSG00000183283	own-gene 3' UTR	1	ENSG00000183283	True	True	d	/home/sharedFolder/humanSTARindex/Homo_sapiens.GRCh38.99.gtf
415663	6	158635426	158635429	+	ENSG00000146433	own-gene 3' UTR	1	ENSG00000146433	True	True	d	/home/sharedFolder/humanSTARindex/Homo_sapiens.GRCh38.99.gtf
454568	8	56073731	56074454	-	ENSG00000008988	exonic, not 3' UTR	2		True	True	d	/home/sharedFolder/humanSTARindex/Homo_sapiens.GRCh38.99.gtf
312572	3	50362798	50363364	-	ENSG00000007402	own-gene 3' UTR	1	ENSG00000007402	True	True	d	/home/sharedFolder/humanSTARindex/Homo_sapiens.GRCh38.99.gtf
131560	13	112887135	112887213	+	ENSG00000068650	own-gene 3' UTR	1	ENSG00000068650	True	True	d	/home/sharedFolder/humanSTARindex/Homo_sapiens.GRCh38.99.gtf
460111	8	99878148	99878149	-	ENSG00000164919	own-gene 3' UTR	1	ENSG00000164919	True	True	d	/home/sharedFolder/humanSTARindex/Homo_sapiens.GRCh38.99.gtf
436639	7	105011312	105012086	+	ENSG00000005483	outside any same-strand gene	0		False	False	d	/home/sharedFolder/humanSTARindex/Homo_sapiens.GRCh38.99.gtf
96972	12	10699492	10699581	-	ENSG00000060138	own-gene 3' UTR	1	ENSG00000060138	True	True	d	/home/sharedFolder/humanSTARindex/Homo_sapiens.GRCh38.99.gtf
74353	11	10514726	10514997	-	ENSG00000110315	own-gene 3' UTR	1	ENSG00000110315	True	True	d	/home/sharedFolder/humanSTARindex/Homo_sapiens.GRCh38.99.gtf
316170	3	70955513	70957402	-	ENSG00000114861	own-gene 3' UTR	1	ENSG00000114861	True	True	d	/home/sharedFolder/humanSTARindex/Homo_sapiens.GRCh38.99.gtf
92263	11	123058654	123059248	-	ENSG00000109971	exonic, not 3' UTR	2		True	True	d	/home/sharedFolder/humanSTARindex/Homo_sapiens.GRCh38.99.gtf
204469	17	75137134	75138694	-	ENSG00000189159	exonic, not 3' UTR	2		True	True	d	/home/sharedFolder/humanSTARindex/Homo_sapiens.GRCh38.99.gtf
375620	5	96772786	96772943	+	ENSG00000153113	own-gene 3' UTR	1	ENSG00000153113	True	True	d	/home/sharedFolder/humanSTARindex/Homo_sapiens.GRCh38.99.gtf
187011	17	8140469	8140474	-	ENSG00000179094	own-gene 3' UTR	1	ENSG00000179094	True	True	d	/home/sharedFolder/humanSTARindex/Homo_sapiens.GRCh38.99.gtf
147212	14	101801904	101804391	+	ENSG00000078304	exonic, not 3' UTR	2		True	True	d	/home/sharedFolder/humanSTARindex/Homo_sapiens.GRCh38.99.gtf
109765	12	76025446	76025847	-	ENSG00000139289	own-gene 3' UTR	1	ENSG00000139289	True	True	d	/home/sharedFolder/humanSTARindex/Homo_sapiens.GRCh38.99.gtf
422510	7	26185170	26186293	+	ENSG00000050344	own-gene 3' UTR	1	ENSG00000050344	True	True	d	/home/sharedFolder/humanSTARindex/Homo_sapiens.GRCh38.99.gtf
290668	21	32515023	32515716	+	ENSG00000166979	own-gene 3' UTR	1	ENSG00000166979	True	True	d	/home/sharedFolder/humanSTARindex/Homo_sapiens.GRCh38.99.gtf
189581	17	19497500	19497546	+	ENSG00000142494	exonic, not 3' UTR	2		True	True	d	/home/sharedFolder/humanSTARindex/Homo_sapiens.GRCh38.99.gtf
157130	15	60530267	60531478	-	ENSG00000069667	exonic, not 3' UTR	1		True	True	d	/home/sharedFolder/humanSTARindex/Homo_sapiens.GRCh38.99.gtf
439470	7	121348850	121349518	-	ENSG00000196937	own-gene 3' UTR	1	ENSG00000196937	True	True	d	/home/sharedFolder/humanSTARindex/Homo_sapiens.GRCh38.99.gtf
311054	3	46975274	46976552	-	ENSG00000160799	exonic, not 3' UTR	1		True	True	d	/home/sharedFolder/humanSTARindex/Homo_sapiens.GRCh38.99.gtf
228375	19	39391388	39392366	+	ENSG00000063322	exonic, not 3' UTR	1		True	True	d	/home/sharedFolder/humanSTARindex/Homo_sapiens.GRCh38.99.gtf
208107	18	2659070	2660355	+	ENSG00000101596	intronic (same-strand gene body)	1		True	False	d	/home/sharedFolder/humanSTARindex/Homo_sapiens.GRCh38.99.gtf
391401	6	13620771	13621014	+	ENSG00000225921	own-gene 3' UTR	1	ENSG00000225921	True	True	d	/home/sharedFolder/humanSTARindex/Homo_sapiens.GRCh38.99.gtf
107041	12	62261650	62262130	+	ENSG00000135655	intronic (same-strand gene body)	1		True	False	d	/home/sharedFolder/humanSTARindex/Homo_sapiens.GRCh38.99.gtf
244133	2	54972483	54972484	-	ENSG00000115310	own-gene 3' UTR	1	ENSG00000115310	True	True	d	/home/sharedFolder/humanSTARindex/Homo_sapiens.GRCh38.99.gtf
268677	2	201164255	201164386	+	ENSG00000003402	own-gene 3' UTR	1	ENSG00000003402	True	True	d	/home/sharedFolder/humanSTARindex/Homo_sapiens.GRCh38.99.gtf
69755	10	119660292	119661449	+	ENSG00000151929	intronic (same-strand gene body)	1		True	False	d	/home/sharedFolder/humanSTARindex/Homo_sapiens.GRCh38.99.gtf
368504	5	61366234	61367043	+	ENSG00000130449	intronic (same-strand gene body)	1		True	False	d	/home/sharedFolder/humanSTARindex/Homo_sapiens.GRCh38.99.gtf
158214	15	64685578	64686068	+	ENSG00000180357	own-gene 3' UTR	1	ENSG00000180357	True	True	d	/home/sharedFolder/humanSTARindex/Homo_sapiens.GRCh38.99.gtf
254979	2	112652024	112652815	+	ENSG00000144136	exonic, not 3' UTR	1		True	True	d	/home/sharedFolder/humanSTARindex/Homo_sapiens.GRCh38.99.gtf
312135	3	49357551	49357563	-	ENSG00000067560	other-gene 3' UTR	1	ENSG00000233276	False	True	d	/home/sharedFolder/humanSTARindex/Homo_sapiens.GRCh38.99.gtf
470592	9	32540543	32541612	-	ENSG00000197579	own-gene 3' UTR	1	ENSG00000197579	True	True	d	/home/sharedFolder/humanSTARindex/Homo_sapiens.GRCh38.99.gtf
374672	5	91368723	91369200	-	ENSG00000113369	own-gene 3' UTR	1	ENSG00000113369	True	True	d	/home/sharedFolder/humanSTARindex/Homo_sapiens.GRCh38.99.gtf
6221	1	24515698	24516302	+	ENSG00000117602	intronic (same-strand gene body)	1		True	False	d	/home/sharedFolder/humanSTARindex/Homo_sapiens.GRCh38.99.gtf
24754	1	120029158	120029903	-	ENSG00000134250	intronic (same-strand gene body)	1		True	False	d	/home/sharedFolder/humanSTARindex/Homo_sapiens.GRCh38.99.gtf
378823	5	126493471	126494169	+	ENSG00000155324	own-gene 3' UTR	1	ENSG00000155324	True	True	d	/home/sharedFolder/humanSTARindex/Homo_sapiens.GRCh38.99.gtf
15022	1	56619352	56619396	-	ENSG00000162407	intronic (same-strand gene body)	1		True	False	d	/home/sharedFolder/humanSTARindex/Homo_sapiens.GRCh38.99.gtf
313998	3	57579844	57581530	-	ENSG00000168374	intronic (same-strand gene body)	1		True	False	d	/home/sharedFolder/humanSTARindex/Homo_sapiens.GRCh38.99.gtf
163652	15	88640274	88641223	+	ENSG00000172183	intronic (same-strand gene body)	1		True	False	d	/home/sharedFolder/humanSTARindex/Homo_sapiens.GRCh38.99.gtf
244375	2	55548255	55548375	-	ENSG00000275052	own-gene 3' UTR	1	ENSG00000275052	True	True	d	/home/sharedFolder/humanSTARindex/Homo_sapiens.GRCh38.99.gtf
422506	7	26182765	26183432	+	ENSG00000050344	intronic (same-strand gene body)	1		True	False	d	/home/sharedFolder/humanSTARindex/Homo_sapiens.GRCh38.99.gtf
43841	1	226144905	226144982	-	ENSG00000182827	own-gene 3' UTR	1	ENSG00000182827	True	True	d	/home/sharedFolder/humanSTARindex/Homo_sapiens.GRCh38.99.gtf
204737	17	75522323	75523092	+	ENSG00000182173	own-gene 3' UTR	1	ENSG00000182173	True	True	d	/home/sharedFolder/humanSTARindex/Homo_sapiens.GRCh38.99.gtf
222943	19	14514768	14515060	-	ENSG00000132002	own-gene 3' UTR	1	ENSG00000132002	True	True	d	/home/sharedFolder/humanSTARindex/Homo_sapiens.GRCh38.99.gtf
326222	3	141368541	141369093	+	ENSG00000155893	exonic, not 3' UTR	1		False	True	d	/home/sharedFolder/humanSTARindex/Homo_sapiens.GRCh38.99.gtf
460207	8	100252087	100253002	+	ENSG00000104450	intronic (same-strand gene body)	1		True	False	d	/home/sharedFolder/humanSTARindex/Homo_sapiens.GRCh38.99.gtf
387817	5	177592667	177593250	+	ENSG00000184840	exonic, not 3' UTR	1		True	True	d	/home/sharedFolder/humanSTARindex/Homo_sapiens.GRCh38.99.gtf
360678	4	186192248	186193232	+	ENSG00000145476	intronic (same-strand gene body)	1		True	False	d	/home/sharedFolder/humanSTARindex/Homo_sapiens.GRCh38.99.gtf
412911	6	144852815	144853040	+	ENSG00000152818	own-gene 3' UTR	1	ENSG00000152818	True	True	d	/home/sharedFolder/humanSTARindex/Homo_sapiens.GRCh38.99.gtf
231946	19	49490756	49490864	+	ENSG00000269469	other-gene 3' UTR	1	ENSG00000142541	False	True	d	/home/sharedFolder/humanSTARindex/Homo_sapiens.GRCh38.99.gtf
471849	9	36336395	36336800	-	ENSG00000137075	own-gene 3' UTR	1	ENSG00000137075	True	True	d	/home/sharedFolder/humanSTARindex/Homo_sapiens.GRCh38.99.gtf
261621	2	160272278	160272804	-	ENSG00000153250	own-gene 3' UTR	1	ENSG00000153250	True	True	d	/home/sharedFolder/humanSTARindex/Homo_sapiens.GRCh38.99.gtf
311055	3	46980779	46981356	+	ENSG00000160796	intronic (same-strand gene body)	1		True	False	d	/home/sharedFolder/humanSTARindex/Homo_sapiens.GRCh38.99.gtf
214042	18	48950964	48951677	-	ENSG00000101665	exonic, not 3' UTR	1		True	True	d	/home/sharedFolder/humanSTARindex/Homo_sapiens.GRCh38.99.gtf
111061	12	89589776	89591097	-	ENSG00000070961	own-gene 3' UTR	1	ENSG00000070961	True	True	d	/home/sharedFolder/humanSTARindex/Homo_sapiens.GRCh38.99.gtf
395922	6	31809618	31810105	-	ENSG00000204390	own-gene 3' UTR	1	ENSG00000204390	True	True	d	/home/sharedFolder/humanSTARindex/Homo_sapiens.GRCh38.99.gtf
470694	9	33040208	33040744	+	ENSG00000086061	outside any same-strand gene	0		False	False	d	/home/sharedFolder/humanSTARindex/Homo_sapiens.GRCh38.99.gtf
237053	2	20349512	20349542	-	ENSG00000055917	intronic (same-strand gene body)	1		True	False	d	/home/sharedFolder/humanSTARindex/Homo_sapiens.GRCh38.99.gtf
350938	4	102869456	102870650	+	ENSG00000145354	exonic, not 3' UTR	1		True	True	d	/home/sharedFolder/humanSTARindex/Homo_sapiens.GRCh38.99.gtf
404793	6	89351064	89352756	-	ENSG00000198833	exonic, not 3' UTR	1		True	True	d	/home/sharedFolder/humanSTARindex/Homo_sapiens.GRCh38.99.gtf
171997	16	22333740	22334444	+	ENSG00000058600	own-gene 3' UTR	1	ENSG00000058600	True	True	d	/home/sharedFolder/humanSTARindex/Homo_sapiens.GRCh38.99.gtf
469461	9	19232282	19233057	+	ENSG00000137145	intronic (same-strand gene body)	1		True	False	d	/home/sharedFolder/humanSTARindex/Homo_sapiens.GRCh38.99.gtf
47525	1	244836430	244837125	+	ENSG00000203667	exonic, not 3' UTR	1		True	True	d	/home/sharedFolder/humanSTARindex/Homo_sapiens.GRCh38.99.gtf
380533	5	134378400	134379591	+	ENSG00000119048	intronic (same-strand gene body)	1		True	False	d	/home/sharedFolder/humanSTARindex/Homo_sapiens.GRCh38.99.gtf
383267	5	146181625	146182600	-	ENSG00000133706	exonic, not 3' UTR	1		True	True	d	/home/sharedFolder/humanSTARindex/Homo_sapiens.GRCh38.99.gtf
205478	17	77216732	77217104	+	ENSG00000129657	own-gene 3' UTR	1	ENSG00000129657	True	True	d	/home/sharedFolder/humanSTARindex/Homo_sapiens.GRCh38.99.gtf
246026	2	64117029	64118521	-	ENSG00000197329	intronic (same-strand gene body)	1		True	False	d	/home/sharedFolder/humanSTARindex/Homo_sapiens.GRCh38.99.gtf
397524	6	35833033	35833462	-	ENSG00000096063	own-gene 3' UTR	1	ENSG00000096063	True	True	d	/home/sharedFolder/humanSTARindex/Homo_sapiens.GRCh38.99.gtf
120107	12	130877345	130877357	+	ENSG00000132341	own-gene 3' UTR	1	ENSG00000132341	True	True	d	/home/sharedFolder/humanSTARindex/Homo_sapiens.GRCh38.99.gtf
195030	17	42320917	42321604	-	ENSG00000168610	intronic (same-strand gene body)	1		True	False	d	/home/sharedFolder/humanSTARindex/Homo_sapiens.GRCh38.99.gtf
30145	1	154935548	154936777	-	ENSG00000163344	exonic, not 3' UTR	1		True	True	d	/home/sharedFolder/humanSTARindex/Homo_sapiens.GRCh38.99.gtf
41758	1	212610584	212612372	+	ENSG00000162772	intronic (same-strand gene body)	1		True	False	d	/home/sharedFolder/humanSTARindex/Homo_sapiens.GRCh38.99.gtf
75472	11	16758339	16758345	+	ENSG00000110696	own-gene 3' UTR	1	ENSG00000110696	True	True	d	/home/sharedFolder/humanSTARindex/Homo_sapiens.GRCh38.99.gtf
503043	X	149479000	149479001	-	ENSG00000010404	own-gene 3' UTR	2	ENSG00000010404,ENSG00000241489	True	True	d	/home/sharedFolder/humanSTARindex/Homo_sapiens.GRCh38.99.gtf
67215	10	102402433	102402524	+	ENSG00000077150	own-gene 3' UTR	1	ENSG00000077150	True	True	d	/home/sharedFolder/humanSTARindex/Homo_sapiens.GRCh38.99.gtf
195522	17	43244520	43244888	-	ENSG00000236383	intronic (same-strand gene body)	1		True	False	d	/home/sharedFolder/humanSTARindex/Homo_sapiens.GRCh38.99.gtf
298658	22	35347621	35347994	+	ENSG00000100284	own-gene 3' UTR	1	ENSG00000100284	True	True	d	/home/sharedFolder/humanSTARindex/Homo_sapiens.GRCh38.99.gtf
344599	4	56929869	56930605	+	ENSG00000084093	own-gene 3' UTR	1	ENSG00000084093	True	True	d	/home/sharedFolder/humanSTARindex/Homo_sapiens.GRCh38.99.gtf
208110	18	2660769	2662089	+	ENSG00000101596	intronic (same-strand gene body)	1		True	False	d	/home/sharedFolder/humanSTARindex/Homo_sapiens.GRCh38.99.gtf
156606	15	58879418	58879466	-	ENSG00000137776	own-gene 3' UTR	1	ENSG00000137776	True	True	d	/home/sharedFolder/humanSTARindex/Homo_sapiens.GRCh38.99.gtf
192823	17	35824173	35825177	+	ENSG00000270647	exonic, not 3' UTR	1		True	True	d	/home/sharedFolder/humanSTARindex/Homo_sapiens.GRCh38.99.gtf
103092	12	46358293	46358367	-	ENSG00000134294	own-gene 3' UTR	1	ENSG00000134294	True	True	d	/home/sharedFolder/humanSTARindex/Homo_sapiens.GRCh38.99.gtf
42856	1	222665414	222666473	+	ENSG00000154305	own-gene 3' UTR	1	ENSG00000154305	True	True	d	/home/sharedFolder/humanSTARindex/Homo_sapiens.GRCh38.99.gtf
503605	X	154090052	154091006	-	ENSG00000169057	exonic, not 3' UTR	1		True	True	d	/home/sharedFolder/humanSTARindex/Homo_sapiens.GRCh38.99.gtf
46208	1	236235870	236236472	-	ENSG00000086619	exonic, not 3' UTR	1		True	True	d	/home/sharedFolder/humanSTARindex/Homo_sapiens.GRCh38.99.gtf
382323	5	141318489	141318537	-	ENSG00000178913	own-gene 3' UTR	1	ENSG00000178913	True	True	d	/home/sharedFolder/humanSTARindex/Homo_sapiens.GRCh38.99.gtf
222375	19	12943738	12943868	+	ENSG00000179218	exonic, not 3' UTR	1		True	True	d	/home/sharedFolder/humanSTARindex/Homo_sapiens.GRCh38.99.gtf
305334	3	14488841	14489349	+	ENSG00000131389	own-gene 3' UTR	1	ENSG00000131389	True	True	d	/home/sharedFolder/humanSTARindex/Homo_sapiens.GRCh38.99.gtf
321137	3	116644205	116644345	-	ENSG00000185565	intronic (same-strand gene body)	1		True	False	d	/home/sharedFolder/humanSTARindex/Homo_sapiens.GRCh38.99.gtf
397279	6	35427755	35428185	+	ENSG00000112033	own-gene 3' UTR	1	ENSG00000112033	True	True	d	/home/sharedFolder/humanSTARindex/Homo_sapiens.GRCh38.99.gtf
10920	1	39486512	39486994	+	ENSG00000127603	own-gene 3' UTR	1	ENSG00000127603	True	True	d	/home/sharedFolder/humanSTARindex/Homo_sapiens.GRCh38.99.gtf
4976	1	20783924	20786027	-	ENSG00000127483	intronic (same-strand gene body)	1		True	False	d	/home/sharedFolder/humanSTARindex/Homo_sapiens.GRCh38.99.gtf
294223	21	46660864	46661276	+	ENSG00000160310	exonic, not 3' UTR	1		True	True	d	/home/sharedFolder/humanSTARindex/Homo_sapiens.GRCh38.99.gtf
77612	11	35190239	35190245	+	ENSG00000026508	exonic, not 3' UTR	1		True	True	d	/home/sharedFolder/humanSTARindex/Homo_sapiens.GRCh38.99.gtf
255640	2	117915477	117915936	-	ENSG00000125633	own-gene 3' UTR	1	ENSG00000125633	True	True	d	/home/sharedFolder/humanSTARindex/Homo_sapiens.GRCh38.99.gtf
332484	3	180971139	180971978	+	ENSG00000114416	exonic, not 3' UTR	1		True	True	d	/home/sharedFolder/humanSTARindex/Homo_sapiens.GRCh38.99.gtf
394041	6	26158218	26159100	+	ENSG00000168298	other-gene 3' UTR	1	ENSG00000158373	False	True	d	/home/sharedFolder/humanSTARindex/Homo_sapiens.GRCh38.99.gtf
309200	3	37276192	37276374	+	ENSG00000144674	exonic, not 3' UTR	2		True	True	d	/home/sharedFolder/humanSTARindex/Homo_sapiens.GRCh38.99.gtf
452387	8	38412725	38413373	-	ENSG00000077782	own-gene 3' UTR	1	ENSG00000077782	True	True	d	/home/sharedFolder/humanSTARindex/Homo_sapiens.GRCh38.99.gtf
147470	14	102071918	102072836	+	ENSG00000197102	outside any same-strand gene	0		False	False	d	/home/sharedFolder/humanSTARindex/Homo_sapiens.GRCh38.99.gtf
102837	12	45431983	45432349	+	ENSG00000177119	own-gene 3' UTR	1	ENSG00000177119	True	True	d	/home/sharedFolder/humanSTARindex/Homo_sapiens.GRCh38.99.gtf
164263	15	90501198	90501418	+	ENSG00000140575	own-gene 3' UTR	1	ENSG00000140575	True	True	d	/home/sharedFolder/humanSTARindex/Homo_sapiens.GRCh38.99.gtf
266738	2	190932592	190933363	+	ENSG00000115419	own-gene 3' UTR	1	ENSG00000115419	True	True	d	/home/sharedFolder/humanSTARindex/Homo_sapiens.GRCh38.99.gtf
31869	1	160338688	160338823	-	ENSG00000122218	intronic (same-strand gene body)	1		True	False	d	/home/sharedFolder/humanSTARindex/Homo_sapiens.GRCh38.99.gtf
171749	16	21871427	21872904	-	ENSG00000185864	intronic (same-strand gene body)	1		True	False	d	/home/sharedFolder/humanSTARindex/Homo_sapiens.GRCh38.99.gtf
158200	15	64654780	64655711	+	ENSG00000180357	intronic (same-strand gene body)	1		True	False	d	/home/sharedFolder/humanSTARindex/Homo_sapiens.GRCh38.99.gtf
274235	2	231454902	231455162	-	ENSG00000115053	own-gene 3' UTR	1	ENSG00000115053	True	True	d	/home/sharedFolder/humanSTARindex/Homo_sapiens.GRCh38.99.gtf
379974	5	132480284	132481353	-	ENSG00000125347	outside any same-strand gene	0		False	False	d	/home/sharedFolder/humanSTARindex/Homo_sapiens.GRCh38.99.gtf
207314	17	82481151	82481752	+	ENSG00000141562	own-gene 3' UTR	1	ENSG00000141562	True	True	d	/home/sharedFolder/humanSTARindex/Homo_sapiens.GRCh38.99.gtf
192557	17	35269634	35270211	+	ENSG00000166750	own-gene 3' UTR	1	ENSG00000166750	True	True	d	/home/sharedFolder/humanSTARindex/Homo_sapiens.GRCh38.99.gtf
281930	20	35626043	35626044	-	ENSG00000214078	own-gene 3' UTR	1	ENSG00000214078	True	True	d	/home/sharedFolder/humanSTARindex/Homo_sapiens.GRCh38.99.gtf
121780	13	24420929	24420931	-	ENSG00000102699	own-gene 3' UTR	1	ENSG00000102699	True	True	d	/home/sharedFolder/humanSTARindex/Homo_sapiens.GRCh38.99.gtf
185415	17	3714627	3714731	-	ENSG00000083457	own-gene 3' UTR	1	ENSG00000083457	True	True	d	/home/sharedFolder/humanSTARindex/Homo_sapiens.GRCh38.99.gtf
306743	3	20154010	20154788	+	ENSG00000114166	own-gene 3' UTR	1	ENSG00000114166	True	True	d	/home/sharedFolder/humanSTARindex/Homo_sapiens.GRCh38.99.gtf
221334	19	10680948	10681512	+	ENSG00000129351	own-gene 3' UTR	1	ENSG00000129351	True	True	d	/home/sharedFolder/humanSTARindex/Homo_sapiens.GRCh38.99.gtf
141498	14	69769103	69770010	+	ENSG00000100650	own-gene 3' UTR	1	ENSG00000100650	True	True	d	/home/sharedFolder/humanSTARindex/Homo_sapiens.GRCh38.99.gtf
147998	14	103337797	103340075	+	ENSG00000100664	exonic, not 3' UTR	2		True	True	d	/home/sharedFolder/humanSTARindex/Homo_sapiens.GRCh38.99.gtf
29104	1	151249154	151249531	+	ENSG00000143398	own-gene 3' UTR	1	ENSG00000143398	True	True	d	/home/sharedFolder/humanSTARindex/Homo_sapiens.GRCh38.99.gtf
267041	2	191696222	191696664	+	ENSG00000173559	own-gene 3' UTR	2	ENSG00000173559	True	True	d	/home/sharedFolder/humanSTARindex/Homo_sapiens.GRCh38.99.gtf
293267	21	43414479	43414677	-	ENSG00000142178	own-gene 3' UTR	1	ENSG00000142178	True	True	d	/home/sharedFolder/humanSTARindex/Homo_sapiens.GRCh38.99.gtf
7804	1	28241951	28242816	+	ENSG00000130770	intronic (same-strand gene body)	1		True	False	d	/home/sharedFolder/humanSTARindex/Homo_sapiens.GRCh38.99.gtf
373135	5	80651440	80651591	-	ENSG00000228716	intronic (same-strand gene body)	1		True	False	d	/home/sharedFolder/humanSTARindex/Homo_sapiens.GRCh38.99.gtf
395366	6	30626256	30626395	+	ENSG00000204568	own-gene 3' UTR	1	ENSG00000204568	True	True	d	/home/sharedFolder/humanSTARindex/Homo_sapiens.GRCh38.99.gtf
354639	4	139289951	139289991	-	ENSG00000109390	own-gene 3' UTR	1	ENSG00000109390	True	True	d	/home/sharedFolder/humanSTARindex/Homo_sapiens.GRCh38.99.gtf
307913	3	30623658	30625440	+	ENSG00000163513	intronic (same-strand gene body)	1		True	False	d	/home/sharedFolder/humanSTARindex/Homo_sapiens.GRCh38.99.gtf
98447	12	15883592	15884120	+	ENSG00000023734	exonic, not 3' UTR	1		True	True	d	/home/sharedFolder/humanSTARindex/Homo_sapiens.GRCh38.99.gtf
133257	14	24239181	24239242	+	ENSG00000100938	own-gene 3' UTR	1	ENSG00000100938	True	True	d	/home/sharedFolder/humanSTARindex/Homo_sapiens.GRCh38.99.gtf
474517	9	68299568	68299647	+	ENSG00000196873	own-gene 3' UTR	1	ENSG00000196873	True	True	d	/home/sharedFolder/humanSTARindex/Homo_sapiens.GRCh38.99.gtf
495245	X	57333164	57333725	+	ENSG00000165591	intronic (same-strand gene body)	1		True	False	d	/home/sharedFolder/humanSTARindex/Homo_sapiens.GRCh38.99.gtf
98401	12	15692314	15693289	-	ENSG00000151491	intronic (same-strand gene body)	1		True	False	d	/home/sharedFolder/humanSTARindex/Homo_sapiens.GRCh38.99.gtf
345949	4	74445144	74446295	+	ENSG00000109321	exonic, not 3' UTR	1		True	True	d	/home/sharedFolder/humanSTARindex/Homo_sapiens.GRCh38.99.gtf
132748	14	22575073	22575166	-	ENSG00000129562	own-gene 3' UTR	1	ENSG00000129562	True	True	d	/home/sharedFolder/humanSTARindex/Homo_sapiens.GRCh38.99.gtf
37168	1	184970835	184971294	-	ENSG00000135842	intronic (same-strand gene body)	1		True	False	d	/home/sharedFolder/humanSTARindex/Homo_sapiens.GRCh38.99.gtf
166805	16	2708577	2709030	+	ENSG00000167977	own-gene 3' UTR	1	ENSG00000167977	True	True	d	/home/sharedFolder/humanSTARindex/Homo_sapiens.GRCh38.99.gtf
217113	18	77130075	77131850	-	ENSG00000197971	exonic, not 3' UTR	1		True	True	d	/home/sharedFolder/humanSTARindex/Homo_sapiens.GRCh38.99.gtf
122825	13	30538007	30539293	-	ENSG00000189403	intronic (same-strand gene body)	1		True	False	d	/home/sharedFolder/humanSTARindex/Homo_sapiens.GRCh38.99.gtf
147264	14	101845832	101846410	+	ENSG00000078304	intronic (same-strand gene body)	1		True	False	d	/home/sharedFolder/humanSTARindex/Homo_sapiens.GRCh38.99.gtf
222369	19	12940055	12941223	+	ENSG00000179218	exonic, not 3' UTR	2		True	True	d	/home/sharedFolder/humanSTARindex/Homo_sapiens.GRCh38.99.gtf
450784	8	27458944	27459386	+	ENSG00000120899	own-gene 3' UTR	1	ENSG00000120899	True	True	d	/home/sharedFolder/humanSTARindex/Homo_sapiens.GRCh38.99.gtf
416204	6	159727565	159728483	+	ENSG00000146457	exonic, not 3' UTR	1		True	True	d	/home/sharedFolder/humanSTARindex/Homo_sapiens.GRCh38.99.gtf
223601	19	16625506	16626073	-	ENSG00000141979	intronic (same-strand gene body)	3		True	False	d	/home/sharedFolder/humanSTARindex/Homo_sapiens.GRCh38.99.gtf
149602	15	25337763	25337773	-	ENSG00000114062	own-gene 3' UTR	1	ENSG00000114062	True	True	d	/home/sharedFolder/humanSTARindex/Homo_sapiens.GRCh38.99.gtf
171235	16	20733663	20734439	-	ENSG00000066654	own-gene 3' UTR	1	ENSG00000066654	True	True	d	/home/sharedFolder/humanSTARindex/Homo_sapiens.GRCh38.99.gtf
460511	8	100916843	100917296	-	ENSG00000164924	own-gene 3' UTR	1	ENSG00000164924	True	True	d	/home/sharedFolder/humanSTARindex/Homo_sapiens.GRCh38.99.gtf
241845	2	42260340	42261530	+	ENSG00000143924	exonic, not 3' UTR	1		True	True	d	/home/sharedFolder/humanSTARindex/Homo_sapiens.GRCh38.99.gtf
246467	2	65270656	65270657	+	ENSG00000138071	own-gene 3' UTR	1	ENSG00000138071	True	True	d	/home/sharedFolder/humanSTARindex/Homo_sapiens.GRCh38.99.gtf
338337	4	7060685	7060819	-	ENSG00000109519	own-gene 3' UTR	1	ENSG00000109519	True	True	d	/home/sharedFolder/humanSTARindex/Homo_sapiens.GRCh38.99.gtf
84708	11	75434639	75434981	-	ENSG00000158555	own-gene 3' UTR	1	ENSG00000158555	True	True	d	/home/sharedFolder/humanSTARindex/Homo_sapiens.GRCh38.99.gtf
106820	12	57819910	57820029	-	ENSG00000175215	own-gene 3' UTR	1	ENSG00000175215	True	True	d	/home/sharedFolder/humanSTARindex/Homo_sapiens.GRCh38.99.gtf
232161	19	49896411	49896963	-	ENSG00000104951	exonic, not 3' UTR	1		True	True	d	/home/sharedFolder/humanSTARindex/Homo_sapiens.GRCh38.99.gtf
468419	9	6506626	6507054	+	ENSG00000147854	own-gene 3' UTR	1	ENSG00000147854	True	True	d	/home/sharedFolder/humanSTARindex/Homo_sapiens.GRCh38.99.gtf
10190	1	36384019	36384745	-	ENSG00000196182	intronic (same-strand gene body)	1		True	False	d	/home/sharedFolder/humanSTARindex/Homo_sapiens.GRCh38.99.gtf
409888	6	129577327	129577339	-	ENSG00000146376	own-gene 3' UTR	1	ENSG00000146376	True	True	d	/home/sharedFolder/humanSTARindex/Homo_sapiens.GRCh38.99.gtf
466472	8	143579693	143579728	-	ENSG00000104529	own-gene 3' UTR	1	ENSG00000104529	True	True	d	/home/sharedFolder/humanSTARindex/Homo_sapiens.GRCh38.99.gtf
39469	1	202728297	202729155	-	ENSG00000117139	own-gene 3' UTR	1	ENSG00000117139	True	True	d	/home/sharedFolder/humanSTARindex/Homo_sapiens.GRCh38.99.gtf
246033	2	64127486	64128334	-	ENSG00000197329	intronic (same-strand gene body)	1		True	False	d	/home/sharedFolder/humanSTARindex/Homo_sapiens.GRCh38.99.gtf
380130	5	132891718	132892461	-	ENSG00000072364	own-gene 3' UTR	1	ENSG00000072364	True	True	d	/home/sharedFolder/humanSTARindex/Homo_sapiens.GRCh38.99.gtf
226969	19	35749187	35749747	+	ENSG00000205155	intronic (same-strand gene body)	2		False	False	d	/home/sharedFolder/humanSTARindex/Homo_sapiens.GRCh38.99.gtf
218629	19	3163314	3163769	+	ENSG00000060558	own-gene 3' UTR	1	ENSG00000060558	True	True	d	/home/sharedFolder/humanSTARindex/Homo_sapiens.GRCh38.99.gtf
172164	16	22503162	22503228	+	ENSG00000243716	intronic (same-strand gene body)	1		True	False	d	/home/sharedFolder/humanSTARindex/Homo_sapiens.GRCh38.99.gtf
388354	5	179836677	179836763	+	ENSG00000161011	own-gene 3' UTR	1	ENSG00000161011	True	True	d	/home/sharedFolder/humanSTARindex/Homo_sapiens.GRCh38.99.gtf
460192	8	100241436	100242108	+	ENSG00000104450	own-gene 3' UTR	1	ENSG00000104450	True	True	d	/home/sharedFolder/humanSTARindex/Homo_sapiens.GRCh38.99.gtf
380425	5	134156390	134156396	-	ENSG00000113558	own-gene 3' UTR	1	ENSG00000113558	True	True	d	/home/sharedFolder/humanSTARindex/Homo_sapiens.GRCh38.99.gtf
221163	19	10427463	10428365	+	ENSG00000065989	intronic (same-strand gene body)	1		True	False	d	/home/sharedFolder/humanSTARindex/Homo_sapiens.GRCh38.99.gtf
489184	X	2741229	2741309	+	ENSG00000002586	own-gene 3' UTR	1	ENSG00000002586	True	True	d	/home/sharedFolder/humanSTARindex/Homo_sapiens.GRCh38.99.gtf
171502	16	21435675	21435741	-	ENSG00000169246	intronic (same-strand gene body)	1		True	False	d	/home/sharedFolder/humanSTARindex/Homo_sapiens.GRCh38.99.gtf
235823	2	9583963	9583995	-	ENSG00000134308	own-gene 3' UTR	1	ENSG00000134308	True	True	d	/home/sharedFolder/humanSTARindex/Homo_sapiens.GRCh38.99.gtf
256984	2	130343229	130344241	+	ENSG00000136718	exonic, not 3' UTR	1		True	True	d	/home/sharedFolder/humanSTARindex/Homo_sapiens.GRCh38.99.gtf
300976	22	41686118	41687403	-	ENSG00000100138	intronic (same-strand gene body)	1		True	False	d	/home/sharedFolder/humanSTARindex/Homo_sapiens.GRCh38.99.gtf
246979	2	69385217	69386199	-	ENSG00000198380	intronic (same-strand gene body)	1		True	False	d	/home/sharedFolder/humanSTARindex/Homo_sapiens.GRCh38.99.gtf
490565	X	16720436	16721479	+	ENSG00000169895	intronic (same-strand gene body)	1		True	False	d	/home/sharedFolder/humanSTARindex/Homo_sapiens.GRCh38.99.gtf
193910	17	39252639	39253247	-	ENSG00000108306	own-gene 3' UTR	1	ENSG00000108306	True	True	d	/home/sharedFolder/humanSTARindex/Homo_sapiens.GRCh38.99.gtf
283187	20	41038390	41038905	+	ENSG00000198900	intronic (same-strand gene body)	1		True	False	d	/home/sharedFolder/humanSTARindex/Homo_sapiens.GRCh38.99.gtf
438914	7	116258738	116258786	+	ENSG00000135269	own-gene 3' UTR	1	ENSG00000135269	True	True	d	/home/sharedFolder/humanSTARindex/Homo_sapiens.GRCh38.99.gtf
283193	20	41042401	41042869	+	ENSG00000198900	intronic (same-strand gene body)	1		True	False	d	/home/sharedFolder/humanSTARindex/Homo_sapiens.GRCh38.99.gtf
138685	14	59265736	59266273	+	ENSG00000100592	exonic, not 3' UTR	1		True	True	d	/home/sharedFolder/humanSTARindex/Homo_sapiens.GRCh38.99.gtf
461695	8	106752252	106752694	+	ENSG00000164830	own-gene 3' UTR	1	ENSG00000164830	True	True	d	/home/sharedFolder/humanSTARindex/Homo_sapiens.GRCh38.99.gtf
312433	3	50060128	50060696	+	ENSG00000004534	intronic (same-strand gene body)	1		True	False	d	/home/sharedFolder/humanSTARindex/Homo_sapiens.GRCh38.99.gtf
452109	8	37861350	37862083	-	ENSG00000156675	own-gene 3' UTR	1	ENSG00000156675	True	True	d	/home/sharedFolder/humanSTARindex/Homo_sapiens.GRCh38.99.gtf
242117	2	43223943	43224101	-	ENSG00000152518	own-gene 3' UTR	1	ENSG00000152518	True	True	d	/home/sharedFolder/humanSTARindex/Homo_sapiens.GRCh38.99.gtf
453031	8	42170733	42171183	+	ENSG00000070718	own-gene 3' UTR	1	ENSG00000070718	True	True	d	/home/sharedFolder/humanSTARindex/Homo_sapiens.GRCh38.99.gtf
363742	5	32041503	32042453	+	ENSG00000133401	intronic (same-strand gene body)	1		True	False	d	/home/sharedFolder/humanSTARindex/Homo_sapiens.GRCh38.99.gtf
171744	16	21867949	21868015	-	ENSG00000185864	intronic (same-strand gene body)	1		True	False	d	/home/sharedFolder/humanSTARindex/Homo_sapiens.GRCh38.99.gtf
204865	17	75777210	75777645	-	ENSG00000132475	own-gene 3' UTR	1	ENSG00000132475	True	True	d	/home/sharedFolder/humanSTARindex/Homo_sapiens.GRCh38.99.gtf
61381	10	73375428	73375445	-	ENSG00000138279	own-gene 3' UTR	1	ENSG00000138279	True	True	d	/home/sharedFolder/humanSTARindex/Homo_sapiens.GRCh38.99.gtf
367414	5	56895518	56896152	+	ENSG00000095015	own-gene 3' UTR	1	ENSG00000095015	True	True	d	/home/sharedFolder/humanSTARindex/Homo_sapiens.GRCh38.99.gtf
33614	1	168252290	168253147	+	ENSG00000213064	own-gene 3' UTR	1	ENSG00000213064	True	True	d	/home/sharedFolder/humanSTARindex/Homo_sapiens.GRCh38.99.gtf
249264	2	85656787	85656788	-	ENSG00000168878	outside any same-strand gene	0		False	False	d	/home/sharedFolder/humanSTARindex/Homo_sapiens.GRCh38.99.gtf
228094	19	38647760	38648829	+	ENSG00000130402	exonic, not 3' UTR	1		True	True	d	/home/sharedFolder/humanSTARindex/Homo_sapiens.GRCh38.99.gtf
246425	2	65227858	65229782	+	ENSG00000138071	exonic, not 3' UTR	1		True	True	d	/home/sharedFolder/humanSTARindex/Homo_sapiens.GRCh38.99.gtf
67213	10	102398493	102399125	+	ENSG00000077150	exonic, not 3' UTR	1		True	True	d	/home/sharedFolder/humanSTARindex/Homo_sapiens.GRCh38.99.gtf
286723	20	58889715	58890215	+	ENSG00000087460	exonic, not 3' UTR	1		True	True	d	/home/sharedFolder/humanSTARindex/Homo_sapiens.GRCh38.99.gtf
233139	19	52820248	52821232	-	ENSG00000198538	intronic (same-strand gene body)	1		True	False	d	/home/sharedFolder/humanSTARindex/Homo_sapiens.GRCh38.99.gtf
330623	3	169968030	169968565	+	ENSG00000008952	exonic, not 3' UTR	1		True	True	d	/home/sharedFolder/humanSTARindex/Homo_sapiens.GRCh38.99.gtf
328407	3	152346345	152347069	+	ENSG00000152601	intronic (same-strand gene body)	1		True	False	d	/home/sharedFolder/humanSTARindex/Homo_sapiens.GRCh38.99.gtf
449806	8	22442692	22443629	+	ENSG00000120910	intronic (same-strand gene body)	1		True	False	d	/home/sharedFolder/humanSTARindex/Homo_sapiens.GRCh38.99.gtf
405434	6	99400805	99401779	-	ENSG00000132424	own-gene 3' UTR	1	ENSG00000132424	True	True	d	/home/sharedFolder/humanSTARindex/Homo_sapiens.GRCh38.99.gtf
347518	4	82423200	82423207	-	ENSG00000152795	own-gene 3' UTR	1	ENSG00000152795	True	True	d	/home/sharedFolder/humanSTARindex/Homo_sapiens.GRCh38.99.gtf
431395	7	76612652	76613397	-	ENSG00000146707	intronic (same-strand gene body)	1		True	False	d	/home/sharedFolder/humanSTARindex/Homo_sapiens.GRCh38.99.gtf
96421	12	9695960	9696589	+	ENSG00000069493	own-gene 3' UTR	2	ENSG00000069493	True	True	d	/home/sharedFolder/humanSTARindex/Homo_sapiens.GRCh38.99.gtf
221045	19	10274992	10275586	+	ENSG00000090339	exonic, not 3' UTR	1		True	True	d	/home/sharedFolder/humanSTARindex/Homo_sapiens.GRCh38.99.gtf
171640	16	21657009	21657471	+	ENSG00000197006	own-gene 3' UTR	1	ENSG00000197006	True	True	d	/home/sharedFolder/humanSTARindex/Homo_sapiens.GRCh38.99.gtf
65773	10	96520672	96520673	-	ENSG00000077147	own-gene 3' UTR	1	ENSG00000077147	True	True	d	/home/sharedFolder/humanSTARindex/Homo_sapiens.GRCh38.99.gtf
412555	6	143825530	143826335	+	ENSG00000112419	own-gene 3' UTR	2	ENSG00000112419	True	True	d	/home/sharedFolder/humanSTARindex/Homo_sapiens.GRCh38.99.gtf
269019	2	202303665	202303666	+	ENSG00000055044	outside any same-strand gene	0		False	False	d	/home/sharedFolder/humanSTARindex/Homo_sapiens.GRCh38.99.gtf
328486	3	152449156	152450336	+	ENSG00000152601	exonic, not 3' UTR	2		True	True	d	/home/sharedFolder/humanSTARindex/Homo_sapiens.GRCh38.99.gtf
246041	2	64137472	64140010	-	ENSG00000197329	intronic (same-strand gene body)	1		True	False	d	/home/sharedFolder/humanSTARindex/Homo_sapiens.GRCh38.99.gtf
84714	11	75489734	75490318	-	ENSG00000158555	exonic, not 3' UTR	1		True	True	d	/home/sharedFolder/humanSTARindex/Homo_sapiens.GRCh38.99.gtf
98309	12	14953659	14954480	-	ENSG00000111348	intronic (same-strand gene body)	1		True	False	d	/home/sharedFolder/humanSTARindex/Homo_sapiens.GRCh38.99.gtf
332804	3	183273285	183273391	+	ENSG00000176597	own-gene 3' UTR	1	ENSG00000176597	True	True	d	/home/sharedFolder/humanSTARindex/Homo_sapiens.GRCh38.99.gtf
475111	9	71748758	71750397	-	ENSG00000135048	exonic, not 3' UTR	1		True	True	d	/home/sharedFolder/humanSTARindex/Homo_sapiens.GRCh38.99.gtf
147503	14	102085664	102086032	-	ENSG00000080824	own-gene 3' UTR	1	ENSG00000080824	True	True	d	/home/sharedFolder/humanSTARindex/Homo_sapiens.GRCh38.99.gtf
206542	17	80393440	80393798	+	ENSG00000173821	own-gene 3' UTR	1	ENSG00000173821	True	True	d	/home/sharedFolder/humanSTARindex/Homo_sapiens.GRCh38.99.gtf
357320	4	152678933	152680020	-	ENSG00000170006	exonic, not 3' UTR	1		True	True	d	/home/sharedFolder/humanSTARindex/Homo_sapiens.GRCh38.99.gtf
240906	2	38294879	38294880	-	ENSG00000119787	own-gene 3' UTR	1	ENSG00000119787	True	True	d	/home/sharedFolder/humanSTARindex/Homo_sapiens.GRCh38.99.gtf
24406	1	117624280	117624916	+	ENSG00000183508	own-gene 3' UTR	1	ENSG00000183508	True	True	d	/home/sharedFolder/humanSTARindex/Homo_sapiens.GRCh38.99.gtf
291512	21	34788257	34788353	-	ENSG00000159216	own-gene 3' UTR	1	ENSG00000159216	True	True	d	/home/sharedFolder/humanSTARindex/Homo_sapiens.GRCh38.99.gtf
399909	6	44254100	44254106	-	ENSG00000157593	own-gene 3' UTR	1	ENSG00000157593	True	True	d	/home/sharedFolder/humanSTARindex/Homo_sapiens.GRCh38.99.gtf
387796	5	177519788	177520097	-	ENSG00000146067	own-gene 3' UTR	1	ENSG00000146067	True	True	d	/home/sharedFolder/humanSTARindex/Homo_sapiens.GRCh38.99.gtf
476619	9	83659962	83660132	-	ENSG00000135018	own-gene 3' UTR	1	ENSG00000135018	True	True	d	/home/sharedFolder/humanSTARindex/Homo_sapiens.GRCh38.99.gtf
500796	X	119627915	119629455	-	ENSG00000125354	own-gene 3' UTR	1	ENSG00000125354	True	True	d	/home/sharedFolder/humanSTARindex/Homo_sapiens.GRCh38.99.gtf
433409	7	92528831	92530916	+	ENSG00000127993	exonic, not 3' UTR	1		True	True	d	/home/sharedFolder/humanSTARindex/Homo_sapiens.GRCh38.99.gtf
446351	7	157350587	157352152	+	ENSG00000105993	intronic (same-strand gene body)	1		True	False	d	/home/sharedFolder/humanSTARindex/Homo_sapiens.GRCh38.99.gtf
331460	3	172393426	172394302	+	ENSG00000075420	intronic (same-strand gene body)	1		True	False	d	/home/sharedFolder/humanSTARindex/Homo_sapiens.GRCh38.99.gtf
61812	10	74224542	74224973	+	ENSG00000156110	exonic, not 3' UTR	1		True	True	d	/home/sharedFolder/humanSTARindex/Homo_sapiens.GRCh38.99.gtf
434173	7	96707447	96708345	-	ENSG00000127922	exonic, not 3' UTR	1		True	True	d	/home/sharedFolder/humanSTARindex/Homo_sapiens.GRCh38.99.gtf
282028	20	35741024	35741599	-	ENSG00000131051	exonic, not 3' UTR	1		True	True	d	/home/sharedFolder/humanSTARindex/Homo_sapiens.GRCh38.99.gtf
462480	8	117968272	117969142	-	ENSG00000182197	intronic (same-strand gene body)	1		True	False	d	/home/sharedFolder/humanSTARindex/Homo_sapiens.GRCh38.99.gtf
268302	2	200412233	200412804	+	ENSG00000196141	exonic, not 3' UTR	1		True	True	d	/home/sharedFolder/humanSTARindex/Homo_sapiens.GRCh38.99.gtf
267043	2	191697105	191699170	+	ENSG00000173559	intronic (same-strand gene body)	1		False	False	d	/home/sharedFolder/humanSTARindex/Homo_sapiens.GRCh38.99.gtf
451417	8	30080213	30081178	-	ENSG00000133872	intronic (same-strand gene body)	1		True	False	d	/home/sharedFolder/humanSTARindex/Homo_sapiens.GRCh38.99.gtf
420061	7	8086516	8087443	+	ENSG00000106415	own-gene 3' UTR	1	ENSG00000106415	True	True	d	/home/sharedFolder/humanSTARindex/Homo_sapiens.GRCh38.99.gtf
349545	4	94209998	94211195	+	ENSG00000163104	intronic (same-strand gene body)	1		True	False	d	/home/sharedFolder/humanSTARindex/Homo_sapiens.GRCh38.99.gtf
419542	7	6401962	6402028	+	ENSG00000136238	exonic, not 3' UTR	1		True	True	d	/home/sharedFolder/humanSTARindex/Homo_sapiens.GRCh38.99.gtf
369599	5	68293161	68293833	+	ENSG00000145675	own-gene 3' UTR	1	ENSG00000145675	True	True	d	/home/sharedFolder/humanSTARindex/Homo_sapiens.GRCh38.99.gtf
18620	1	86348105	86348542	-	ENSG00000122417	own-gene 3' UTR	1	ENSG00000122417	True	True	d	/home/sharedFolder/humanSTARindex/Homo_sapiens.GRCh38.99.gtf
253706	2	108751375	108753062	+	ENSG00000153201	exonic, not 3' UTR	1		True	True	d	/home/sharedFolder/humanSTARindex/Homo_sapiens.GRCh38.99.gtf
100359	12	26971569	26972082	-	ENSG00000064115	own-gene 3' UTR	1	ENSG00000064115	True	True	d	/home/sharedFolder/humanSTARindex/Homo_sapiens.GRCh38.99.gtf
361206	5	1092679	1093270	-	ENSG00000113504	intronic (same-strand gene body)	1		True	False	d	/home/sharedFolder/humanSTARindex/Homo_sapiens.GRCh38.99.gtf
90988	11	118226689	118227139	-	ENSG00000160588	own-gene 3' UTR	1	ENSG00000160588	True	True	d	/home/sharedFolder/humanSTARindex/Homo_sapiens.GRCh38.99.gtf
331491	3	172505673	172505726	-	ENSG00000121858	own-gene 3' UTR	1	ENSG00000121858	True	True	d	/home/sharedFolder/humanSTARindex/Homo_sapiens.GRCh38.99.gtf
452920	8	41929478	41929908	-	ENSG00000083168	own-gene 3' UTR	1	ENSG00000083168	True	True	d	/home/sharedFolder/humanSTARindex/Homo_sapiens.GRCh38.99.gtf
426119	7	44383587	44383993	-	ENSG00000015676	own-gene 3' UTR	1	ENSG00000015676	True	True	d	/home/sharedFolder/humanSTARindex/Homo_sapiens.GRCh38.99.gtf
220306	19	7918939	7919097	+	ENSG00000076984	other-gene 3' UTR	1	ENSG00000260001	False	True	d	/home/sharedFolder/humanSTARindex/Homo_sapiens.GRCh38.99.gtf
354647	4	139299375	139299880	-	ENSG00000109390	intronic (same-strand gene body)	1		True	False	d	/home/sharedFolder/humanSTARindex/Homo_sapiens.GRCh38.99.gtf
283681	20	44497434	44497462	-	ENSG00000132824	own-gene 3' UTR	1	ENSG00000132824	True	True	d	/home/sharedFolder/humanSTARindex/Homo_sapiens.GRCh38.99.gtf
358323	4	163124526	163125285	-	ENSG00000145414	intronic (same-strand gene body)	1		True	False	d	/home/sharedFolder/humanSTARindex/Homo_sapiens.GRCh38.99.gtf
236055	2	10442711	10443352	-	ENSG00000115758	exonic, not 3' UTR	1		True	True	d	/home/sharedFolder/humanSTARindex/Homo_sapiens.GRCh38.99.gtf
420075	7	8113771	8113785	-	ENSG00000003147	own-gene 3' UTR	1	ENSG00000003147	True	True	d	/home/sharedFolder/humanSTARindex/Homo_sapiens.GRCh38.99.gtf
313990	3	57573801	57575167	-	ENSG00000168374	intronic (same-strand gene body)	1		True	False	d	/home/sharedFolder/humanSTARindex/Homo_sapiens.GRCh38.99.gtf
361650	5	6371915	6372220	-	ENSG00000133398	own-gene 3' UTR	1	ENSG00000133398	True	True	d	/home/sharedFolder/humanSTARindex/Homo_sapiens.GRCh38.99.gtf
444684	7	149003045	149003059	-	ENSG00000155660	outside any same-strand gene	0		False	False	d	/home/sharedFolder/humanSTARindex/Homo_sapiens.GRCh38.99.gtf
248313	2	74457619	74457977	+	ENSG00000115274	own-gene 3' UTR	2	ENSG00000115274	True	True	d	/home/sharedFolder/humanSTARindex/Homo_sapiens.GRCh38.99.gtf
350360	4	101023427	101023857	-	ENSG00000138814	own-gene 3' UTR	1	ENSG00000138814	True	True	d	/home/sharedFolder/humanSTARindex/Homo_sapiens.GRCh38.99.gtf
249670	2	86784609	86784623	-	ENSG00000153563	own-gene 3' UTR	1	ENSG00000153563	True	True	d	/home/sharedFolder/humanSTARindex/Homo_sapiens.GRCh38.99.gtf
135770	14	39397683	39398139	-	ENSG00000165355	own-gene 3' UTR	1	ENSG00000165355	True	True	d	/home/sharedFolder/humanSTARindex/Homo_sapiens.GRCh38.99.gtf
412552	6	143823718	143824160	+	ENSG00000112419	own-gene 3' UTR	2	ENSG00000112419,ENSG00000257065	True	True	d	/home/sharedFolder/humanSTARindex/Homo_sapiens.GRCh38.99.gtf
459574	8	97725964	97725981	+	ENSG00000147649	own-gene 3' UTR	1	ENSG00000147649	True	True	d	/home/sharedFolder/humanSTARindex/Homo_sapiens.GRCh38.99.gtf
42421	1	219968599	219968857	-	ENSG00000136628	own-gene 3' UTR	1	ENSG00000136628	True	True	d	/home/sharedFolder/humanSTARindex/Homo_sapiens.GRCh38.99.gtf
398495	6	38465808	38466913	-	ENSG00000183826	intronic (same-strand gene body)	1		True	False	d	/home/sharedFolder/humanSTARindex/Homo_sapiens.GRCh38.99.gtf
86314	11	85660972	85661490	-	ENSG00000137504	own-gene 3' UTR	1	ENSG00000137504	True	True	d	/home/sharedFolder/humanSTARindex/Homo_sapiens.GRCh38.99.gtf
380894	5	135369406	135369515	-	ENSG00000113648	exonic, not 3' UTR	1		True	True	d	/home/sharedFolder/humanSTARindex/Homo_sapiens.GRCh38.99.gtf
112275	12	95219843	95220484	+	ENSG00000028203	intronic (same-strand gene body)	1		True	False	d	/home/sharedFolder/humanSTARindex/Homo_sapiens.GRCh38.99.gtf
97836	12	12772558	12774507	+	ENSG00000178878	intronic (same-strand gene body)	1		True	False	d	/home/sharedFolder/humanSTARindex/Homo_sapiens.GRCh38.99.gtf
452282	8	38269698	38270067	-	ENSG00000147548	own-gene 3' UTR	1	ENSG00000147548	True	True	d	/home/sharedFolder/humanSTARindex/Homo_sapiens.GRCh38.99.gtf
395336	6	30597556	30599833	-	ENSG00000204569	outside any same-strand gene	0		False	False	d	/home/sharedFolder/humanSTARindex/Homo_sapiens.GRCh38.99.gtf
497505	X	78118005	78118612	+	ENSG00000102144	exonic, not 3' UTR	1		True	True	d	/home/sharedFolder/humanSTARindex/Homo_sapiens.GRCh38.99.gtf
45477	1	234610392	234610873	-	ENSG00000168264	outside any same-strand gene	0		False	False	d	/home/sharedFolder/humanSTARindex/Homo_sapiens.GRCh38.99.gtf
343641	4	48778997	48779469	-	ENSG00000075539	intronic (same-strand gene body)	1		True	False	d	/home/sharedFolder/humanSTARindex/Homo_sapiens.GRCh38.99.gtf
148251	14	103701298	103701551	+	ENSG00000126214	own-gene 3' UTR	1	ENSG00000126214	True	True	d	/home/sharedFolder/humanSTARindex/Homo_sapiens.GRCh38.99.gtf
465582	8	135626349	135626720	+	ENSG00000131773	intronic (same-strand gene body)	1		True	False	d	/home/sharedFolder/humanSTARindex/Homo_sapiens.GRCh38.99.gtf
379985	5	132486954	132487033	-	ENSG00000125347	own-gene 3' UTR	1	ENSG00000125347	True	True	d	/home/sharedFolder/humanSTARindex/Homo_sapiens.GRCh38.99.gtf
138719	14	59368745	59369967	+	ENSG00000100592	own-gene 3' UTR	1	ENSG00000100592	True	True	d	/home/sharedFolder/humanSTARindex/Homo_sapiens.GRCh38.99.gtf
469851	9	21331018	21331415	-	ENSG00000198642	own-gene 3' UTR	1	ENSG00000198642	True	True	d	/home/sharedFolder/humanSTARindex/Homo_sapiens.GRCh38.99.gtf
42558	1	220270054	220271221	-	ENSG00000118873	exonic, not 3' UTR	1		True	True	d	/home/sharedFolder/humanSTARindex/Homo_sapiens.GRCh38.99.gtf
73969	11	9447241	9447246	+	ENSG00000205339	own-gene 3' UTR	1	ENSG00000205339	True	True	d	/home/sharedFolder/humanSTARindex/Homo_sapiens.GRCh38.99.gtf
119022	12	122865327	122865330	-	ENSG00000139722	own-gene 3' UTR	1	ENSG00000139722	True	True	d	/home/sharedFolder/humanSTARindex/Homo_sapiens.GRCh38.99.gtf
313148	3	52694279	52694497	+	ENSG00000163938	own-gene 3' UTR	1	ENSG00000163938	True	True	d	/home/sharedFolder/humanSTARindex/Homo_sapiens.GRCh38.99.gtf
235818	2	9579369	9580392	-	ENSG00000134308	outside any same-strand gene	0		False	False	d	/home/sharedFolder/humanSTARindex/Homo_sapiens.GRCh38.99.gtf
281211	20	33853831	33853832	+	ENSG00000101421	own-gene 3' UTR	1	ENSG00000101421	True	True	d	/home/sharedFolder/humanSTARindex/Homo_sapiens.GRCh38.99.gtf
82075	11	66244725	66244747	+	ENSG00000175115	own-gene 3' UTR	1	ENSG00000175115	True	True	d	/home/sharedFolder/humanSTARindex/Homo_sapiens.GRCh38.99.gtf
151090	15	34533259	34533260	-	ENSG00000215252	exonic, not 3' UTR	1		True	True	d	/home/sharedFolder/humanSTARindex/Homo_sapiens.GRCh38.99.gtf
89723	11	111725560	111726064	+	ENSG00000170145	own-gene 3' UTR	1	ENSG00000170145	True	True	d	/home/sharedFolder/humanSTARindex/Homo_sapiens.GRCh38.99.gtf
238279	2	26109817	26110741	+	ENSG00000084733	exonic, not 3' UTR	1		True	True	d	/home/sharedFolder/humanSTARindex/Homo_sapiens.GRCh38.99.gtf
233230	19	53102012	53103121	-	ENSG00000170949	intronic (same-strand gene body)	1		True	False	d	/home/sharedFolder/humanSTARindex/Homo_sapiens.GRCh38.99.gtf
226967	19	35747001	35747002	+	ENSG00000205155	own-gene 3' UTR	2	ENSG00000205155	True	True	d	/home/sharedFolder/humanSTARindex/Homo_sapiens.GRCh38.99.gtf
8267	1	29120040	29120041	+	ENSG00000159023	own-gene 3' UTR	1	ENSG00000159023	True	True	d	/home/sharedFolder/humanSTARindex/Homo_sapiens.GRCh38.99.gtf
490247	X	13768961	13769361	+	ENSG00000046651	own-gene 3' UTR	1	ENSG00000046651	True	True	d	/home/sharedFolder/humanSTARindex/Homo_sapiens.GRCh38.99.gtf
63072	10	80146635	80148327	-	ENSG00000122359	outside any same-strand gene	0		False	False	d	/home/sharedFolder/humanSTARindex/Homo_sapiens.GRCh38.99.gtf
312448	3	50091770	50092804	+	ENSG00000004534	own-gene 3' UTR	2	ENSG00000004534	True	True	d	/home/sharedFolder/humanSTARindex/Homo_sapiens.GRCh38.99.gtf
253732	2	108785193	108785811	+	ENSG00000153201	own-gene 3' UTR	1	ENSG00000153201	True	True	d	/home/sharedFolder/humanSTARindex/Homo_sapiens.GRCh38.99.gtf
381725	5	139368902	139368970	+	ENSG00000120727	own-gene 3' UTR	1	ENSG00000120727	True	True	d	/home/sharedFolder/humanSTARindex/Homo_sapiens.GRCh38.99.gtf
224941	19	19616755	19618521	-	ENSG00000105717	exonic, not 3' UTR	1		True	True	d	/home/sharedFolder/humanSTARindex/Homo_sapiens.GRCh38.99.gtf
2728	1	10691101	10691552	-	ENSG00000130940	intronic (same-strand gene body)	1		True	False	d	/home/sharedFolder/humanSTARindex/Homo_sapiens.GRCh38.99.gtf
22767	1	110947796	110950425	-	ENSG00000121931	own-gene 3' UTR	1	ENSG00000121931	True	True	d	/home/sharedFolder/humanSTARindex/Homo_sapiens.GRCh38.99.gtf
458727	8	91112097	91112999	+	ENSG00000214954	intronic (same-strand gene body)	1		True	False	d	/home/sharedFolder/humanSTARindex/Homo_sapiens.GRCh38.99.gtf
458744	8	91159820	91159994	+	ENSG00000214954	intronic (same-strand gene body)	1		True	False	d	/home/sharedFolder/humanSTARindex/Homo_sapiens.GRCh38.99.gtf
250308	2	88556740	88556741	-	ENSG00000172071	own-gene 3' UTR	1	ENSG00000172071	True	True	d	/home/sharedFolder/humanSTARindex/Homo_sapiens.GRCh38.99.gtf
332411	3	180609722	180611137	+	ENSG00000163728	own-gene 3' UTR	1	ENSG00000163728	True	True	d	/home/sharedFolder/humanSTARindex/Homo_sapiens.GRCh38.99.gtf
235178	2	3498231	3498267	-	ENSG00000182551	own-gene 3' UTR	1	ENSG00000182551	True	True	d	/home/sharedFolder/humanSTARindex/Homo_sapiens.GRCh38.99.gtf
282016	20	35732005	35732094	-	ENSG00000131051	own-gene 3' UTR	1	ENSG00000131051	True	True	d	/home/sharedFolder/humanSTARindex/Homo_sapiens.GRCh38.99.gtf
420379	7	12236805	12237264	+	ENSG00000106460	own-gene 3' UTR	1	ENSG00000106460	True	True	d	/home/sharedFolder/humanSTARindex/Homo_sapiens.GRCh38.99.gtf
87313	11	93735919	93736195	-	ENSG00000166012	own-gene 3' UTR	1	ENSG00000166012	True	True	d	/home/sharedFolder/humanSTARindex/Homo_sapiens.GRCh38.99.gtf
251413	2	97232532	97233046	+	ENSG00000135976	intronic (same-strand gene body)	1		True	False	d	/home/sharedFolder/humanSTARindex/Homo_sapiens.GRCh38.99.gtf
16593	1	66987280	66988031	+	ENSG00000198160	own-gene 3' UTR	1	ENSG00000198160	True	True	d	/home/sharedFolder/humanSTARindex/Homo_sapiens.GRCh38.99.gtf
159383	15	68778902	68778907	-	ENSG00000140350	own-gene 3' UTR	1	ENSG00000140350	True	True	d	/home/sharedFolder/humanSTARindex/Homo_sapiens.GRCh38.99.gtf
398175	6	37852916	37853536	+	ENSG00000156639	intronic (same-strand gene body)	1		True	False	d	/home/sharedFolder/humanSTARindex/Homo_sapiens.GRCh38.99.gtf
31820	1	160289588	160289589	-	ENSG00000122218	own-gene 3' UTR	1	ENSG00000122218	True	True	d	/home/sharedFolder/humanSTARindex/Homo_sapiens.GRCh38.99.gtf
231700	19	48923270	48923330	+	ENSG00000104805	own-gene 3' UTR	1	ENSG00000104805	True	True	d	/home/sharedFolder/humanSTARindex/Homo_sapiens.GRCh38.99.gtf
375557	5	96696182	96697428	+	ENSG00000153113	exonic, not 3' UTR	1		True	True	d	/home/sharedFolder/humanSTARindex/Homo_sapiens.GRCh38.99.gtf
318723	3	105417990	105418608	+	ENSG00000170017	intronic (same-strand gene body)	1		True	False	d	/home/sharedFolder/humanSTARindex/Homo_sapiens.GRCh38.99.gtf
9095	1	32657485	32658427	+	ENSG00000162521	exonic, not 3' UTR	1		True	True	d	/home/sharedFolder/humanSTARindex/Homo_sapiens.GRCh38.99.gtf
255435	2	113960957	113961558	+	ENSG00000115091	own-gene 3' UTR	1	ENSG00000115091	True	True	d	/home/sharedFolder/humanSTARindex/Homo_sapiens.GRCh38.99.gtf
26589	1	145923565	145924256	-	ENSG00000265241	own-gene 3' UTR	1	ENSG00000265241	True	True	d	/home/sharedFolder/humanSTARindex/Homo_sapiens.GRCh38.99.gtf
32219	1	161158495	161158693	+	ENSG00000143222	own-gene 3' UTR	1	ENSG00000143222	True	True	d	/home/sharedFolder/humanSTARindex/Homo_sapiens.GRCh38.99.gtf
388350	5	179833128	179833434	+	ENSG00000161011	exonic, not 3' UTR	1		True	True	d	/home/sharedFolder/humanSTARindex/Homo_sapiens.GRCh38.99.gtf
365509	5	40759821	40759924	-	ENSG00000132356	own-gene 3' UTR	1	ENSG00000132356	True	True	d	/home/sharedFolder/humanSTARindex/Homo_sapiens.GRCh38.99.gtf
294990	22	19036281	19036286	-	ENSG00000070413	own-gene 3' UTR	1	ENSG00000070413	True	True	d	/home/sharedFolder/humanSTARindex/Homo_sapiens.GRCh38.99.gtf
86012	11	83184780	83185206	+	ENSG00000165494	own-gene 3' UTR	1	ENSG00000165494	True	True	d	/home/sharedFolder/humanSTARindex/Homo_sapiens.GRCh38.99.gtf
250939	2	95867970	95868795	-	ENSG00000174501	intronic (same-strand gene body)	1		True	False	d	/home/sharedFolder/humanSTARindex/Homo_sapiens.GRCh38.99.gtf
302716	22	49773282	49774038	-	ENSG00000100425	own-gene 3' UTR	1	ENSG00000100425	True	True	d	/home/sharedFolder/humanSTARindex/Homo_sapiens.GRCh38.99.gtf
210883	18	21108344	21109386	-	ENSG00000067900	intronic (same-strand gene body)	1		True	False	d	/home/sharedFolder/humanSTARindex/Homo_sapiens.GRCh38.99.gtf
233464	19	53875331	53875336	+	ENSG00000179820	own-gene 3' UTR	1	ENSG00000179820	True	True	d	/home/sharedFolder/humanSTARindex/Homo_sapiens.GRCh38.99.gtf
374211	5	87389520	87390304	-	ENSG00000134480	intronic (same-strand gene body)	1		True	False	d	/home/sharedFolder/humanSTARindex/Homo_sapiens.GRCh38.99.gtf
55143	10	32267750	32267755	-	ENSG00000120616	own-gene 3' UTR	1	ENSG00000120616	True	True	d	/home/sharedFolder/humanSTARindex/Homo_sapiens.GRCh38.99.gtf
254176	2	110519778	110520815	-	ENSG00000183054	intronic (same-strand gene body)	1		True	False	d	/home/sharedFolder/humanSTARindex/Homo_sapiens.GRCh38.99.gtf
306648	3	19985170	19985247	+	ENSG00000144566	own-gene 3' UTR	1	ENSG00000144566	True	True	d	/home/sharedFolder/humanSTARindex/Homo_sapiens.GRCh38.99.gtf
204768	17	75574965	75575209	+	ENSG00000073350	own-gene 3' UTR	1	ENSG00000073350	True	True	d	/home/sharedFolder/humanSTARindex/Homo_sapiens.GRCh38.99.gtf
31822	1	160289895	160289896	-	ENSG00000122218	own-gene 3' UTR	1	ENSG00000122218	True	True	d	/home/sharedFolder/humanSTARindex/Homo_sapiens.GRCh38.99.gtf
442757	7	139050241	139051843	-	ENSG00000105939	intronic (same-strand gene body)	1		True	False	d	/home/sharedFolder/humanSTARindex/Homo_sapiens.GRCh38.99.gtf
31767	1	160214632	160214651	+	ENSG00000162734	own-gene 3' UTR	1	ENSG00000162734	True	True	d	/home/sharedFolder/humanSTARindex/Homo_sapiens.GRCh38.99.gtf
206546	17	80395218	80395312	+	ENSG00000173821	own-gene 3' UTR	1	ENSG00000173821	True	True	d	/home/sharedFolder/humanSTARindex/Homo_sapiens.GRCh38.99.gtf
78589	11	46677079	46677508	-	ENSG00000175220	own-gene 3' UTR	1	ENSG00000175220	True	True	d	/home/sharedFolder/humanSTARindex/Homo_sapiens.GRCh38.99.gtf
292715	21	41404343	41405286	+	ENSG00000183486	exonic, not 3' UTR	1		True	True	d	/home/sharedFolder/humanSTARindex/Homo_sapiens.GRCh38.99.gtf
3920	1	15939811	15940456	+	ENSG00000065526	own-gene 3' UTR	1	ENSG00000065526	True	True	d	/home/sharedFolder/humanSTARindex/Homo_sapiens.GRCh38.99.gtf
182548	16	84987422	84987986	-	ENSG00000153786	intronic (same-strand gene body)	1		True	False	d	/home/sharedFolder/humanSTARindex/Homo_sapiens.GRCh38.99.gtf
205999	17	78674047	78674191	-	ENSG00000108669	own-gene 3' UTR	1	ENSG00000108669	True	True	d	/home/sharedFolder/humanSTARindex/Homo_sapiens.GRCh38.99.gtf
313797	3	56863258	56863759	-	ENSG00000163947	intronic (same-strand gene body)	1		True	False	d	/home/sharedFolder/humanSTARindex/Homo_sapiens.GRCh38.99.gtf
9629	1	35184106	35184224	-	ENSG00000116560	own-gene 3' UTR	1	ENSG00000116560	True	True	d	/home/sharedFolder/humanSTARindex/Homo_sapiens.GRCh38.99.gtf
207645	18	159348	160324	+	ENSG00000101557	intronic (same-strand gene body)	1		True	False	d	/home/sharedFolder/humanSTARindex/Homo_sapiens.GRCh38.99.gtf
63091	10	80180632	80181159	-	ENSG00000122359	exonic, not 3' UTR	1		True	True	d	/home/sharedFolder/humanSTARindex/Homo_sapiens.GRCh38.99.gtf
422120	7	23522155	23523153	-	ENSG00000164548	exonic, not 3' UTR	1		True	True	d	/home/sharedFolder/humanSTARindex/Homo_sapiens.GRCh38.99.gtf
281271	20	34089619	34089648	-	ENSG00000125977	own-gene 3' UTR	1	ENSG00000125977	True	True	d	/home/sharedFolder/humanSTARindex/Homo_sapiens.GRCh38.99.gtf
64704	10	92029960	92030325	+	ENSG00000095564	own-gene 3' UTR	1	ENSG00000095564	True	True	d	/home/sharedFolder/humanSTARindex/Homo_sapiens.GRCh38.99.gtf
214224	18	49488347	49488796	-	ENSG00000215472	own-gene 3' UTR	2	ENSG00000215472,ENSG00000265681	True	True	d	/home/sharedFolder/humanSTARindex/Homo_sapiens.GRCh38.99.gtf
75985	11	18606353	18607933	-	ENSG00000179119	own-gene 3' UTR	1	ENSG00000179119	True	True	d	/home/sharedFolder/humanSTARindex/Homo_sapiens.GRCh38.99.gtf
7567	1	27824442	27824448	+	ENSG00000117758	own-gene 3' UTR	1	ENSG00000117758	True	True	d	/home/sharedFolder/humanSTARindex/Homo_sapiens.GRCh38.99.gtf
88768	11	105041560	105041636	-	ENSG00000204397	own-gene 3' UTR	1	ENSG00000204397	True	True	d	/home/sharedFolder/humanSTARindex/Homo_sapiens.GRCh38.99.gtf
182151	16	82148161	82148581	-	ENSG00000135698	own-gene 3' UTR	1	ENSG00000135698	True	True	d	/home/sharedFolder/humanSTARindex/Homo_sapiens.GRCh38.99.gtf
308034	3	31637488	31637622	+	ENSG00000163527	own-gene 3' UTR	1	ENSG00000163527	True	True	d	/home/sharedFolder/humanSTARindex/Homo_sapiens.GRCh38.99.gtf
43127	1	223780005	223780511	-	ENSG00000143514	own-gene 3' UTR	1	ENSG00000143514	True	True	d	/home/sharedFolder/humanSTARindex/Homo_sapiens.GRCh38.99.gtf
266354	2	189924489	189924510	+	ENSG00000187699	intronic (same-strand gene body)	1		True	False	d	/home/sharedFolder/humanSTARindex/Homo_sapiens.GRCh38.99.gtf
298734	22	35665503	35666243	+	ENSG00000221963	own-gene 3' UTR	1	ENSG00000221963	True	True	d	/home/sharedFolder/humanSTARindex/Homo_sapiens.GRCh38.99.gtf
494572	X	53202646	53204764	-	ENSG00000126012	exonic, not 3' UTR	1		True	True	d	/home/sharedFolder/humanSTARindex/Homo_sapiens.GRCh38.99.gtf
485191	9	129804169	129805334	+	ENSG00000136816	exonic, not 3' UTR	1		True	True	d	/home/sharedFolder/humanSTARindex/Homo_sapiens.GRCh38.99.gtf
382157	5	140556462	140557247	-	ENSG00000213523	exonic, not 3' UTR	1		True	True	d	/home/sharedFolder/humanSTARindex/Homo_sapiens.GRCh38.99.gtf
375894	5	98924594	98925860	-	ENSG00000153922	intronic (same-strand gene body)	1		True	False	d	/home/sharedFolder/humanSTARindex/Homo_sapiens.GRCh38.99.gtf
312128	3	49354114	49355068	-	ENSG00000067560	outside any same-strand gene	0		False	False	d	/home/sharedFolder/humanSTARindex/Homo_sapiens.GRCh38.99.gtf
475330	9	72354711	72354778	-	ENSG00000107372	own-gene 3' UTR	1	ENSG00000107372	True	True	d	/home/sharedFolder/humanSTARindex/Homo_sapiens.GRCh38.99.gtf
29255	1	151538255	151538692	+	ENSG00000143375	own-gene 3' UTR	1	ENSG00000143375	True	True	d	/home/sharedFolder/humanSTARindex/Homo_sapiens.GRCh38.99.gtf
74620	11	11956395	11956582	+	ENSG00000170242	own-gene 3' UTR	1	ENSG00000170242	True	True	d	/home/sharedFolder/humanSTARindex/Homo_sapiens.GRCh38.99.gtf
106210	12	56512706	56512978	+	ENSG00000076067	outside any same-strand gene	0		False	False	d	/home/sharedFolder/humanSTARindex/Homo_sapiens.GRCh38.99.gtf
298882	22	36281279	36281505	-	ENSG00000100345	own-gene 3' UTR	1	ENSG00000100345	True	True	d	/home/sharedFolder/humanSTARindex/Homo_sapiens.GRCh38.99.gtf
385209	5	157786286	157786401	-	ENSG00000113282	own-gene 3' UTR	1	ENSG00000113282	True	True	d	/home/sharedFolder/humanSTARindex/Homo_sapiens.GRCh38.99.gtf
109276	12	71842251	71843180	+	ENSG00000121749	intronic (same-strand gene body)	1		True	False	d	/home/sharedFolder/humanSTARindex/Homo_sapiens.GRCh38.99.gtf
315847	3	69019826	69020505	-	ENSG00000144747	own-gene 3' UTR	1	ENSG00000144747	True	True	d	/home/sharedFolder/humanSTARindex/Homo_sapiens.GRCh38.99.gtf
3337	1	13787183	13788081	+	ENSG00000116731	own-gene 3' UTR	1	ENSG00000116731	True	True	d	/home/sharedFolder/humanSTARindex/Homo_sapiens.GRCh38.99.gtf
171506	16	21439159	21440636	-	ENSG00000169246	intronic (same-strand gene body)	1		True	False	d	/home/sharedFolder/humanSTARindex/Homo_sapiens.GRCh38.99.gtf
51118	10	13137739	13138308	+	ENSG00000123240	own-gene 3' UTR	1	ENSG00000123240	True	True	d	/home/sharedFolder/humanSTARindex/Homo_sapiens.GRCh38.99.gtf
226485	19	34228405	34229307	+	ENSG00000257103	own-gene 3' UTR	1	ENSG00000257103	True	True	d	/home/sharedFolder/humanSTARindex/Homo_sapiens.GRCh38.99.gtf
238642	2	27364350	27364423	-	ENSG00000115211	own-gene 3' UTR	1	ENSG00000115211	True	True	d	/home/sharedFolder/humanSTARindex/Homo_sapiens.GRCh38.99.gtf
30710	1	155897738	155898207	-	ENSG00000143622	own-gene 3' UTR	1	ENSG00000143622	True	True	d	/home/sharedFolder/humanSTARindex/Homo_sapiens.GRCh38.99.gtf
133876	14	31124155	31125766	-	ENSG00000092148	intronic (same-strand gene body)	1		True	False	d	/home/sharedFolder/humanSTARindex/Homo_sapiens.GRCh38.99.gtf
273959	2	230544635	230545606	+	ENSG00000067066	own-gene 3' UTR	1	ENSG00000067066	True	True	d	/home/sharedFolder/humanSTARindex/Homo_sapiens.GRCh38.99.gtf
449873	8	22540710	22541260	+	ENSG00000120910	own-gene 3' UTR	1	ENSG00000120910	True	True	d	/home/sharedFolder/humanSTARindex/Homo_sapiens.GRCh38.99.gtf
220304	19	7913945	7914480	+	ENSG00000076984	own-gene 3' UTR	1	ENSG00000076984	True	True	d	/home/sharedFolder/humanSTARindex/Homo_sapiens.GRCh38.99.gtf
153611	15	44537047	44538933	+	ENSG00000104131	exonic, not 3' UTR	1		True	True	d	/home/sharedFolder/humanSTARindex/Homo_sapiens.GRCh38.99.gtf
261620	2	160272150	160272165	-	ENSG00000153250	own-gene 3' UTR	1	ENSG00000153250	True	True	d	/home/sharedFolder/humanSTARindex/Homo_sapiens.GRCh38.99.gtf
3722	1	15604725	15605397	+	ENSG00000116138	exonic, not 3' UTR	1		False	True	d	/home/sharedFolder/humanSTARindex/Homo_sapiens.GRCh38.99.gtf
327972	3	150459776	150460119	+	ENSG00000196428	own-gene 3' UTR	1	ENSG00000196428	True	True	d	/home/sharedFolder/humanSTARindex/Homo_sapiens.GRCh38.99.gtf
503555	X	154021679	154022244	-	ENSG00000169057	own-gene 3' UTR	1	ENSG00000169057	True	True	d	/home/sharedFolder/humanSTARindex/Homo_sapiens.GRCh38.99.gtf
63085	10	80168608	80169256	-	ENSG00000122359	exonic, not 3' UTR	1		True	True	d	/home/sharedFolder/humanSTARindex/Homo_sapiens.GRCh38.99.gtf
221448	19	10922744	10923080	-	ENSG00000130733	own-gene 3' UTR	1	ENSG00000130733	True	True	d	/home/sharedFolder/humanSTARindex/Homo_sapiens.GRCh38.99.gtf
235552	2	8728859	8729367	-	ENSG00000134313	own-gene 3' UTR	1	ENSG00000134313	True	True	d	/home/sharedFolder/humanSTARindex/Homo_sapiens.GRCh38.99.gtf
27928	1	149411519	149412184	+	ENSG00000286219	intronic (same-strand gene body)	2		True	False	d	/home/sharedFolder/humanSTARindex/Homo_sapiens.GRCh38.99.gtf
485429	9	130054525	130055471	+	ENSG00000148358	intronic (same-strand gene body)	1		True	False	d	/home/sharedFolder/humanSTARindex/Homo_sapiens.GRCh38.99.gtf
452122	8	37877187	37877608	-	ENSG00000156675	exonic, not 3' UTR	1		True	True	d	/home/sharedFolder/humanSTARindex/Homo_sapiens.GRCh38.99.gtf
368597	5	61455975	61456569	+	ENSG00000130449	intronic (same-strand gene body)	1		True	False	d	/home/sharedFolder/humanSTARindex/Homo_sapiens.GRCh38.99.gtf
112719	12	96397286	96398867	-	ENSG00000059758	intronic (same-strand gene body)	1		True	False	d	/home/sharedFolder/humanSTARindex/Homo_sapiens.GRCh38.99.gtf
302388	22	46684408	46685064	-	ENSG00000100422	own-gene 3' UTR	1	ENSG00000100422	True	True	d	/home/sharedFolder/humanSTARindex/Homo_sapiens.GRCh38.99.gtf
470323	9	27560423	27561349	-	ENSG00000147894	own-gene 3' UTR	1	ENSG00000147894	True	True	d	/home/sharedFolder/humanSTARindex/Homo_sapiens.GRCh38.99.gtf
355861	4	145133648	145133742	-	ENSG00000164164	own-gene 3' UTR	1	ENSG00000164164	True	True	d	/home/sharedFolder/humanSTARindex/Homo_sapiens.GRCh38.99.gtf
474790	9	69757466	69758213	-	ENSG00000188647	own-gene 3' UTR	1	ENSG00000188647	True	True	d	/home/sharedFolder/humanSTARindex/Homo_sapiens.GRCh38.99.gtf
341730	4	39287454	39287872	-	ENSG00000035928	own-gene 3' UTR	1	ENSG00000035928	True	True	d	/home/sharedFolder/humanSTARindex/Homo_sapiens.GRCh38.99.gtf
249671	2	86784748	86784839	-	ENSG00000153563	own-gene 3' UTR	1	ENSG00000153563	True	True	d	/home/sharedFolder/humanSTARindex/Homo_sapiens.GRCh38.99.gtf
293384	21	43756143	43756274	+	ENSG00000160209	own-gene 3' UTR	1	ENSG00000160209	True	True	d	/home/sharedFolder/humanSTARindex/Homo_sapiens.GRCh38.99.gtf
360488	4	185449151	185449826	+	ENSG00000205129	own-gene 3' UTR	1	ENSG00000205129	True	True	d	/home/sharedFolder/humanSTARindex/Homo_sapiens.GRCh38.99.gtf
260755	2	156585384	156586405	+	ENSG00000115159	own-gene 3' UTR	1	ENSG00000115159	True	True	d	/home/sharedFolder/humanSTARindex/Homo_sapiens.GRCh38.99.gtf
342131	4	39972669	39973436	-	ENSG00000121892	exonic, not 3' UTR	2		True	True	d	/home/sharedFolder/humanSTARindex/Homo_sapiens.GRCh38.99.gtf
183097	16	88076647	88077318	+	ENSG00000172530	own-gene 3' UTR	1	ENSG00000172530	True	True	d	/home/sharedFolder/humanSTARindex/Homo_sapiens.GRCh38.99.gtf
312986	3	52459113	52460220	+	ENSG00000010322	intronic (same-strand gene body)	1		True	False	d	/home/sharedFolder/humanSTARindex/Homo_sapiens.GRCh38.99.gtf
240994	2	38563312	38563882	-	ENSG00000143889	own-gene 3' UTR	1	ENSG00000143889	True	True	d	/home/sharedFolder/humanSTARindex/Homo_sapiens.GRCh38.99.gtf
16974	1	70251175	70251258	+	ENSG00000116754	own-gene 3' UTR	1	ENSG00000116754	True	True	d	/home/sharedFolder/humanSTARindex/Homo_sapiens.GRCh38.99.gtf
133261	14	24242783	24243408	+	ENSG00000100938	outside any same-strand gene	0		False	False	d	/home/sharedFolder/humanSTARindex/Homo_sapiens.GRCh38.99.gtf
460852	8	102222066	102222599	-	ENSG00000048392	intronic (same-strand gene body)	1		True	False	d	/home/sharedFolder/humanSTARindex/Homo_sapiens.GRCh38.99.gtf
484154	9	126820438	126821502	+	ENSG00000169155	intronic (same-strand gene body)	1		True	False	d	/home/sharedFolder/humanSTARindex/Homo_sapiens.GRCh38.99.gtf
376990	5	109867589	109869625	+	ENSG00000112893	exonic, not 3' UTR	1		True	True	d	/home/sharedFolder/humanSTARindex/Homo_sapiens.GRCh38.99.gtf
271763	2	218264128	218264173	-	ENSG00000127837	own-gene 3' UTR	1	ENSG00000127837	True	True	d	/home/sharedFolder/humanSTARindex/Homo_sapiens.GRCh38.99.gtf
286685	20	58651291	58652083	+	ENSG00000124222	exonic, not 3' UTR	2		True	True	d	/home/sharedFolder/humanSTARindex/Homo_sapiens.GRCh38.99.gtf
241165	2	38749060	38749107	-	ENSG00000115875	own-gene 3' UTR	1	ENSG00000115875	True	True	d	/home/sharedFolder/humanSTARindex/Homo_sapiens.GRCh38.99.gtf
195589	17	43294604	43294665	-	ENSG00000236383	intronic (same-strand gene body)	1		True	False	d	/home/sharedFolder/humanSTARindex/Homo_sapiens.GRCh38.99.gtf
172173	16	22506427	22506428	+	ENSG00000243716	intronic (same-strand gene body)	1		True	False	d	/home/sharedFolder/humanSTARindex/Homo_sapiens.GRCh38.99.gtf
181917	16	81474930	81475934	+	ENSG00000153815	intronic (same-strand gene body)	1		True	False	d	/home/sharedFolder/humanSTARindex/Homo_sapiens.GRCh38.99.gtf
81378	11	65096996	65098086	+	ENSG00000149823	exonic, not 3' UTR	1		True	True	d	/home/sharedFolder/humanSTARindex/Homo_sapiens.GRCh38.99.gtf
118729	12	122277126	122277735	-	ENSG00000130779	exonic, not 3' UTR	1		True	True	d	/home/sharedFolder/humanSTARindex/Homo_sapiens.GRCh38.99.gtf
280017	20	24990348	24990845	-	ENSG00000101474	intronic (same-strand gene body)	1		True	False	d	/home/sharedFolder/humanSTARindex/Homo_sapiens.GRCh38.99.gtf
359467	4	174490174	174490874	-	ENSG00000164120	own-gene 3' UTR	1	ENSG00000164120	True	True	d	/home/sharedFolder/humanSTARindex/Homo_sapiens.GRCh38.99.gtf
314184	3	57928690	57929172	+	ENSG00000163681	own-gene 3' UTR	1	ENSG00000163681	True	True	d	/home/sharedFolder/humanSTARindex/Homo_sapiens.GRCh38.99.gtf
11812	1	42460188	42460415	+	ENSG00000127125	own-gene 3' UTR	1	ENSG00000127125	True	True	d	/home/sharedFolder/humanSTARindex/Homo_sapiens.GRCh38.99.gtf
59332	10	63436735	63438254	-	ENSG00000171988	intronic (same-strand gene body)	1		True	False	d	/home/sharedFolder/humanSTARindex/Homo_sapiens.GRCh38.99.gtf
46231	1	236253064	236253521	-	ENSG00000086619	exonic, not 3' UTR	1		True	True	d	/home/sharedFolder/humanSTARindex/Homo_sapiens.GRCh38.99.gtf
199457	17	58345175	58345347	-	ENSG00000213246	own-gene 3' UTR	2	ENSG00000213246,ENSG00000285897	True	True	d	/home/sharedFolder/humanSTARindex/Homo_sapiens.GRCh38.99.gtf
459285	8	96231609	96231615	-	ENSG00000156467	exonic, not 3' UTR	1		True	True	d	/home/sharedFolder/humanSTARindex/Homo_sapiens.GRCh38.99.gtf
440465	7	129275819	129276882	+	ENSG00000158467	intronic (same-strand gene body)	1		True	False	d	/home/sharedFolder/humanSTARindex/Homo_sapiens.GRCh38.99.gtf
492855	X	41100932	41101747	+	ENSG00000124486	intronic (same-strand gene body)	1		True	False	d	/home/sharedFolder/humanSTARindex/Homo_sapiens.GRCh38.99.gtf
345407	4	70987562	70988168	+	ENSG00000173542	own-gene 3' UTR	1	ENSG00000173542	True	True	d	/home/sharedFolder/humanSTARindex/Homo_sapiens.GRCh38.99.gtf
502552	X	136511985	136512492	+	ENSG00000102241	own-gene 3' UTR	1	ENSG00000102241	True	True	d	/home/sharedFolder/humanSTARindex/Homo_sapiens.GRCh38.99.gtf
500053	X	111685303	111686382	+	ENSG00000101901	own-gene 3' UTR	1	ENSG00000101901	True	True	d	/home/sharedFolder/humanSTARindex/Homo_sapiens.GRCh38.99.gtf
461771	8	108230705	108232274	-	ENSG00000104408	exonic, not 3' UTR	1		True	True	d	/home/sharedFolder/humanSTARindex/Homo_sapiens.GRCh38.99.gtf
237004	2	20277567	20278899	-	ENSG00000055917	exonic, not 3' UTR	1		True	True	d	/home/sharedFolder/humanSTARindex/Homo_sapiens.GRCh38.99.gtf
97805	12	12732150	12733216	+	ENSG00000178878	intronic (same-strand gene body)	1		True	False	d	/home/sharedFolder/humanSTARindex/Homo_sapiens.GRCh38.99.gtf
217731	19	1047753	1048723	+	ENSG00000064687	intronic (same-strand gene body)	1		True	False	d	/home/sharedFolder/humanSTARindex/Homo_sapiens.GRCh38.99.gtf
140852	14	67634053	67634498	+	ENSG00000081181	intronic (same-strand gene body)	1		True	False	d	/home/sharedFolder/humanSTARindex/Homo_sapiens.GRCh38.99.gtf
18623	1	86352882	86353187	-	ENSG00000122417	own-gene 3' UTR	1	ENSG00000122417	True	True	d	/home/sharedFolder/humanSTARindex/Homo_sapiens.GRCh38.99.gtf
220247	19	7637450	7638624	+	ENSG00000268400	intronic (same-strand gene body)	2		True	False	d	/home/sharedFolder/humanSTARindex/Homo_sapiens.GRCh38.99.gtf
380138	5	132908770	132909638	-	ENSG00000072364	intronic (same-strand gene body)	1		True	False	d	/home/sharedFolder/humanSTARindex/Homo_sapiens.GRCh38.99.gtf
98434	12	15779634	15780222	-	ENSG00000151491	intronic (same-strand gene body)	1		True	False	d	/home/sharedFolder/humanSTARindex/Homo_sapiens.GRCh38.99.gtf
367701	5	58991937	58992550	-	ENSG00000113448	own-gene 3' UTR	1	ENSG00000113448	True	True	d	/home/sharedFolder/humanSTARindex/Homo_sapiens.GRCh38.99.gtf
296308	22	23973549	23973994	-	ENSG00000099977	exonic, not 3' UTR	2		True	True	d	/home/sharedFolder/humanSTARindex/Homo_sapiens.GRCh38.99.gtf
130624	13	102841127	102841538	+	ENSG00000270181	other-gene 3' UTR	3	ENSG00000134897	True	True	d	/home/sharedFolder/humanSTARindex/Homo_sapiens.GRCh38.99.gtf
6946	1	26475347	26475350	+	ENSG00000117682	other-gene 3' UTR	1	ENSG00000198830	False	True	d	/home/sharedFolder/humanSTARindex/Homo_sapiens.GRCh38.99.gtf
341384	4	37952104	37952832	+	ENSG00000065882	own-gene 3' UTR	1	ENSG00000065882	True	True	d	/home/sharedFolder/humanSTARindex/Homo_sapiens.GRCh38.99.gtf
470669	9	33025780	33027095	+	ENSG00000086061	exonic, not 3' UTR	1		True	True	d	/home/sharedFolder/humanSTARindex/Homo_sapiens.GRCh38.99.gtf
350115	4	98880052	98880229	-	ENSG00000151247	own-gene 3' UTR	1	ENSG00000151247	True	True	d	/home/sharedFolder/humanSTARindex/Homo_sapiens.GRCh38.99.gtf
49103	10	3778880	3779579	-	ENSG00000067082	own-gene 3' UTR	1	ENSG00000067082	True	True	d	/home/sharedFolder/humanSTARindex/Homo_sapiens.GRCh38.99.gtf
384415	5	151756033	151756974	-	ENSG00000177556	intronic (same-strand gene body)	1		True	False	d	/home/sharedFolder/humanSTARindex/Homo_sapiens.GRCh38.99.gtf
368566	5	61422947	61423594	+	ENSG00000130449	intronic (same-strand gene body)	1		True	False	d	/home/sharedFolder/humanSTARindex/Homo_sapiens.GRCh38.99.gtf
456415	8	70109766	70109892	-	ENSG00000140396	own-gene 3' UTR	1	ENSG00000140396	True	True	d	/home/sharedFolder/humanSTARindex/Homo_sapiens.GRCh38.99.gtf
331462	3	172397202	172397702	+	ENSG00000075420	own-gene 3' UTR	1	ENSG00000075420	True	True	d	/home/sharedFolder/humanSTARindex/Homo_sapiens.GRCh38.99.gtf
299413	22	38218980	38219472	+	ENSG00000185022	outside any same-strand gene	0		False	False	d	/home/sharedFolder/humanSTARindex/Homo_sapiens.GRCh38.99.gtf
276188	2	241100568	241101071	-	ENSG00000122085	intronic (same-strand gene body)	1		True	False	d	/home/sharedFolder/humanSTARindex/Homo_sapiens.GRCh38.99.gtf
71760	11	216136	216515	-	ENSG00000142082	own-gene 3' UTR	1	ENSG00000142082	True	True	d	/home/sharedFolder/humanSTARindex/Homo_sapiens.GRCh38.99.gtf
29809	1	153992153	153992216	+	ENSG00000177954	own-gene 3' UTR	1	ENSG00000177954	True	True	d	/home/sharedFolder/humanSTARindex/Homo_sapiens.GRCh38.99.gtf
345151	4	68337023	68337957	-	ENSG00000083896	exonic, not 3' UTR	1		True	True	d	/home/sharedFolder/humanSTARindex/Homo_sapiens.GRCh38.99.gtf
276725	20	481106	481919	-	ENSG00000101266	own-gene 3' UTR	1	ENSG00000101266	True	True	d	/home/sharedFolder/humanSTARindex/Homo_sapiens.GRCh38.99.gtf
407651	6	111741125	111742143	-	ENSG00000010810	intronic (same-strand gene body)	1		True	False	d	/home/sharedFolder/humanSTARindex/Homo_sapiens.GRCh38.99.gtf
336742	4	439955	440472	-	ENSG00000182903	own-gene 3' UTR	2	ENSG00000182903	True	True	d	/home/sharedFolder/humanSTARindex/Homo_sapiens.GRCh38.99.gtf
292163	21	37265703	37267027	-	ENSG00000157538	exonic, not 3' UTR	1		True	True	d	/home/sharedFolder/humanSTARindex/Homo_sapiens.GRCh38.99.gtf
331372	3	172229802	172230527	+	ENSG00000075420	intronic (same-strand gene body)	1		True	False	d	/home/sharedFolder/humanSTARindex/Homo_sapiens.GRCh38.99.gtf
57715	10	50133133	50133147	+	ENSG00000099290	own-gene 3' UTR	1	ENSG00000099290	True	True	d	/home/sharedFolder/humanSTARindex/Homo_sapiens.GRCh38.99.gtf
441540	7	131496136	131496637	+	ENSG00000128585	own-gene 3' UTR	1	ENSG00000128585	True	True	d	/home/sharedFolder/humanSTARindex/Homo_sapiens.GRCh38.99.gtf
243772	2	53818793	53818809	+	ENSG00000068912	own-gene 3' UTR	1	ENSG00000068912	True	True	d	/home/sharedFolder/humanSTARindex/Homo_sapiens.GRCh38.99.gtf
171493	16	21432475	21432476	-	ENSG00000169246	intronic (same-strand gene body)	1		True	False	d	/home/sharedFolder/humanSTARindex/Homo_sapiens.GRCh38.99.gtf
380724	5	134727454	134728864	+	ENSG00000113615	own-gene 3' UTR	1	ENSG00000113615	True	True	d	/home/sharedFolder/humanSTARindex/Homo_sapiens.GRCh38.99.gtf
313984	3	57571362	57571493	-	ENSG00000168374	own-gene 3' UTR	1	ENSG00000168374	True	True	d	/home/sharedFolder/humanSTARindex/Homo_sapiens.GRCh38.99.gtf
330701	3	170082704	170083559	-	ENSG00000173889	outside any same-strand gene	0		False	False	d	/home/sharedFolder/humanSTARindex/Homo_sapiens.GRCh38.99.gtf
117648	12	120095097	120095099	-	ENSG00000111737	own-gene 3' UTR	1	ENSG00000111737	True	True	d	/home/sharedFolder/humanSTARindex/Homo_sapiens.GRCh38.99.gtf
119100	12	122979616	122980043	+	ENSG00000111325	own-gene 3' UTR	2	ENSG00000111325	True	True	d	/home/sharedFolder/humanSTARindex/Homo_sapiens.GRCh38.99.gtf
106685	12	57517809	57520436	-	ENSG00000175197	exonic, not 3' UTR	3		True	True	d	/home/sharedFolder/humanSTARindex/Homo_sapiens.GRCh38.99.gtf
382605	5	142153568	142154446	+	ENSG00000131507	own-gene 3' UTR	1	ENSG00000131507	True	True	d	/home/sharedFolder/humanSTARindex/Homo_sapiens.GRCh38.99.gtf
16432	1	66341763	66343095	+	ENSG00000184588	intronic (same-strand gene body)	1		True	False	d	/home/sharedFolder/humanSTARindex/Homo_sapiens.GRCh38.99.gtf
213849	18	47840249	47840255	-	ENSG00000175387	own-gene 3' UTR	1	ENSG00000175387	True	True	d	/home/sharedFolder/humanSTARindex/Homo_sapiens.GRCh38.99.gtf
314273	3	58172250	58172251	+	ENSG00000136068	own-gene 3' UTR	1	ENSG00000136068	True	True	d	/home/sharedFolder/humanSTARindex/Homo_sapiens.GRCh38.99.gtf
294222	21	46660094	46660152	+	ENSG00000160310	intronic (same-strand gene body)	1		True	False	d	/home/sharedFolder/humanSTARindex/Homo_sapiens.GRCh38.99.gtf
43815	1	226079014	226081036	+	ENSG00000163041	outside any same-strand gene	0		False	False	d	/home/sharedFolder/humanSTARindex/Homo_sapiens.GRCh38.99.gtf
491741	X	23785792	23786279	+	ENSG00000130066	own-gene 3' UTR	1	ENSG00000130066	True	True	d	/home/sharedFolder/humanSTARindex/Homo_sapiens.GRCh38.99.gtf
28206	1	149833363	149833739	+	ENSG00000270882	own-gene 3' UTR	1	ENSG00000270882	True	True	d	/home/sharedFolder/humanSTARindex/Homo_sapiens.GRCh38.99.gtf
432531	7	87196320	87196332	+	ENSG00000135164	own-gene 3' UTR	1	ENSG00000135164	True	True	d	/home/sharedFolder/humanSTARindex/Homo_sapiens.GRCh38.99.gtf
347793	4	83263823	83264364	-	ENSG00000173085	own-gene 3' UTR	1	ENSG00000173085	True	True	d	/home/sharedFolder/humanSTARindex/Homo_sapiens.GRCh38.99.gtf
347797	4	83266449	83266974	-	ENSG00000173085	own-gene 3' UTR	1	ENSG00000173085	True	True	d	/home/sharedFolder/humanSTARindex/Homo_sapiens.GRCh38.99.gtf
118662	12	122146881	122147347	+	ENSG00000175727	own-gene 3' UTR	1	ENSG00000175727	True	True	d	/home/sharedFolder/humanSTARindex/Homo_sapiens.GRCh38.99.gtf
27687	1	149054032	149054167	-	ENSG00000269713	own-gene 3' UTR	1	ENSG00000269713	True	True	d	/home/sharedFolder/humanSTARindex/Homo_sapiens.GRCh38.99.gtf
322814	3	122705785	122706850	+	ENSG00000173193	intronic (same-strand gene body)	1		True	False	d	/home/sharedFolder/humanSTARindex/Homo_sapiens.GRCh38.99.gtf
118725	12	122271426	122271862	-	ENSG00000130779	own-gene 3' UTR	1	ENSG00000130779	True	True	d	/home/sharedFolder/humanSTARindex/Homo_sapiens.GRCh38.99.gtf
122850	13	30573645	30574113	-	ENSG00000189403	intronic (same-strand gene body)	1		True	False	d	/home/sharedFolder/humanSTARindex/Homo_sapiens.GRCh38.99.gtf
246014	2	64100726	64101406	-	ENSG00000197329	intronic (same-strand gene body)	1		True	False	d	/home/sharedFolder/humanSTARindex/Homo_sapiens.GRCh38.99.gtf
480184	9	101562795	101563345	+	ENSG00000155827	own-gene 3' UTR	1	ENSG00000155827	True	True	d	/home/sharedFolder/humanSTARindex/Homo_sapiens.GRCh38.99.gtf
228344	19	39341671	39342001	-	ENSG00000130755	exonic, not 3' UTR	2		True	True	d	/home/sharedFolder/humanSTARindex/Homo_sapiens.GRCh38.99.gtf
290076	21	29054487	29054488	+	ENSG00000156256	own-gene 3' UTR	1	ENSG00000156256	True	True	d	/home/sharedFolder/humanSTARindex/Homo_sapiens.GRCh38.99.gtf
7566	1	27824304	27824305	+	ENSG00000117758	own-gene 3' UTR	1	ENSG00000117758	True	True	d	/home/sharedFolder/humanSTARindex/Homo_sapiens.GRCh38.99.gtf
204498	17	75167728	75167947	-	ENSG00000189159	other-gene 3' UTR	2	ENSG00000188612	True	True	d	/home/sharedFolder/humanSTARindex/Homo_sapiens.GRCh38.99.gtf
317980	3	99836923	99837459	+	ENSG00000184220	intronic (same-strand gene body)	1		True	False	d	/home/sharedFolder/humanSTARindex/Homo_sapiens.GRCh38.99.gtf
415327	6	157875095	157876335	+	ENSG00000130340	exonic, not 3' UTR	1		True	True	d	/home/sharedFolder/humanSTARindex/Homo_sapiens.GRCh38.99.gtf
96355	12	9597736	9598581	-	ENSG00000111796	exonic, not 3' UTR	1		True	True	d	/home/sharedFolder/humanSTARindex/Homo_sapiens.GRCh38.99.gtf
452307	8	38316245	38317310	-	ENSG00000147548	own-gene 3' UTR	1	ENSG00000147548	True	True	d	/home/sharedFolder/humanSTARindex/Homo_sapiens.GRCh38.99.gtf
191670	17	31110362	31111277	+	ENSG00000196712	intronic (same-strand gene body)	1		True	False	d	/home/sharedFolder/humanSTARindex/Homo_sapiens.GRCh38.99.gtf
300232	22	40335279	40335789	+	ENSG00000100354	own-gene 3' UTR	1	ENSG00000100354	True	True	d	/home/sharedFolder/humanSTARindex/Homo_sapiens.GRCh38.99.gtf
422121	7	23523281	23526120	-	ENSG00000164548	intronic (same-strand gene body)	1		True	False	d	/home/sharedFolder/humanSTARindex/Homo_sapiens.GRCh38.99.gtf
483811	9	125236235	125236240	-	ENSG00000044574	own-gene 3' UTR	1	ENSG00000044574	True	True	d	/home/sharedFolder/humanSTARindex/Homo_sapiens.GRCh38.99.gtf
475996	9	77717284	77718405	-	ENSG00000156052	own-gene 3' UTR	1	ENSG00000156052	True	True	d	/home/sharedFolder/humanSTARindex/Homo_sapiens.GRCh38.99.gtf
328353	3	152299297	152300023	+	ENSG00000152601	exonic, not 3' UTR	1		True	True	d	/home/sharedFolder/humanSTARindex/Homo_sapiens.GRCh38.99.gtf
301511	22	42869772	42870099	-	ENSG00000100266	own-gene 3' UTR	1	ENSG00000100266	True	True	d	/home/sharedFolder/humanSTARindex/Homo_sapiens.GRCh38.99.gtf
23204	1	112645078	112646423	+	ENSG00000116489	intronic (same-strand gene body)	1		True	False	d	/home/sharedFolder/humanSTARindex/Homo_sapiens.GRCh38.99.gtf
454055	8	52622455	52623750	-	ENSG00000023287	own-gene 3' UTR	1	ENSG00000023287	True	True	d	/home/sharedFolder/humanSTARindex/Homo_sapiens.GRCh38.99.gtf
364500	5	35871137	35871263	+	ENSG00000168685	exonic, not 3' UTR	1		True	True	d	/home/sharedFolder/humanSTARindex/Homo_sapiens.GRCh38.99.gtf
247260	2	69928136	69928890	+	ENSG00000059728	intronic (same-strand gene body)	1		True	False	d	/home/sharedFolder/humanSTARindex/Homo_sapiens.GRCh38.99.gtf
135234	14	35807726	35808933	-	ENSG00000174373	exonic, not 3' UTR	1		True	True	d	/home/sharedFolder/humanSTARindex/Homo_sapiens.GRCh38.99.gtf
157696	15	63594145	63594640	+	ENSG00000140455	own-gene 3' UTR	1	ENSG00000140455	True	True	d	/home/sharedFolder/humanSTARindex/Homo_sapiens.GRCh38.99.gtf
389048	6	1623799	1624144	-	ENSG00000112699	own-gene 3' UTR	1	ENSG00000112699	True	True	d	/home/sharedFolder/humanSTARindex/Homo_sapiens.GRCh38.99.gtf
485518	9	130581425	130582483	+	ENSG00000107164	own-gene 3' UTR	1	ENSG00000107164	True	True	d	/home/sharedFolder/humanSTARindex/Homo_sapiens.GRCh38.99.gtf
254168	2	110514751	110515309	-	ENSG00000183054	own-gene 3' UTR	1	ENSG00000183054	True	True	d	/home/sharedFolder/humanSTARindex/Homo_sapiens.GRCh38.99.gtf
30617	1	155749716	155750120	-	ENSG00000116580	own-gene 3' UTR	1	ENSG00000116580	True	True	d	/home/sharedFolder/humanSTARindex/Homo_sapiens.GRCh38.99.gtf
416524	6	161136073	161136439	-	ENSG00000026652	own-gene 3' UTR	1	ENSG00000026652	True	True	d	/home/sharedFolder/humanSTARindex/Homo_sapiens.GRCh38.99.gtf
293514	21	44059053	44060262	+	ENSG00000160218	own-gene 3' UTR	1	ENSG00000160218	True	True	d	/home/sharedFolder/humanSTARindex/Homo_sapiens.GRCh38.99.gtf
180116	16	71728995	71729351	-	ENSG00000166747	own-gene 3' UTR	1	ENSG00000166747	True	True	d	/home/sharedFolder/humanSTARindex/Homo_sapiens.GRCh38.99.gtf
346213	4	75725763	75726475	+	ENSG00000138768	intronic (same-strand gene body)	1		True	False	d	/home/sharedFolder/humanSTARindex/Homo_sapiens.GRCh38.99.gtf
361156	5	891650	892252	-	ENSG00000028310	exonic, not 3' UTR	1		True	True	d	/home/sharedFolder/humanSTARindex/Homo_sapiens.GRCh38.99.gtf
291319	21	34109375	34111074	+	ENSG00000243927	intronic (same-strand gene body)	2		True	False	d	/home/sharedFolder/humanSTARindex/Homo_sapiens.GRCh38.99.gtf
404427	6	87587771	87589053	-	ENSG00000146282	intronic (same-strand gene body)	1		True	False	d	/home/sharedFolder/humanSTARindex/Homo_sapiens.GRCh38.99.gtf
396599	6	33302126	33303293	-	ENSG00000231925	intronic (same-strand gene body)	1		True	False	d	/home/sharedFolder/humanSTARindex/Homo_sapiens.GRCh38.99.gtf
92829	11	128461629	128462488	-	ENSG00000134954	own-gene 3' UTR	1	ENSG00000134954	True	True	d	/home/sharedFolder/humanSTARindex/Homo_sapiens.GRCh38.99.gtf
453957	8	51817565	51817587	-	ENSG00000168300	own-gene 3' UTR	1	ENSG00000168300	True	True	d	/home/sharedFolder/humanSTARindex/Homo_sapiens.GRCh38.99.gtf
372826	5	79660438	79661034	+	ENSG00000164329	intronic (same-strand gene body)	1		True	False	d	/home/sharedFolder/humanSTARindex/Homo_sapiens.GRCh38.99.gtf
397755	6	36489692	36491325	+	ENSG00000112078	own-gene 3' UTR	1	ENSG00000112078	True	True	d	/home/sharedFolder/humanSTARindex/Homo_sapiens.GRCh38.99.gtf
183829	16	89908935	89909591	+	ENSG00000141002	exonic, not 3' UTR	2		True	True	d	/home/sharedFolder/humanSTARindex/Homo_sapiens.GRCh38.99.gtf
289708	21	25772009	25772460	+	ENSG00000154727	own-gene 3' UTR	1	ENSG00000154727	True	True	d	/home/sharedFolder/humanSTARindex/Homo_sapiens.GRCh38.99.gtf
496392	X	71538251	71539247	+	ENSG00000147162	intronic (same-strand gene body)	1		True	False	d	/home/sharedFolder/humanSTARindex/Homo_sapiens.GRCh38.99.gtf
495278	X	57424466	57425099	+	ENSG00000165591	intronic (same-strand gene body)	1		True	False	d	/home/sharedFolder/humanSTARindex/Homo_sapiens.GRCh38.99.gtf
291275	21	34074893	34075769	+	ENSG00000243927	intronic (same-strand gene body)	3		True	False	d	/home/sharedFolder/humanSTARindex/Homo_sapiens.GRCh38.99.gtf
418868	7	4771009	4771442	+	ENSG00000164916	own-gene 3' UTR	1	ENSG00000164916	True	True	d	/home/sharedFolder/humanSTARindex/Homo_sapiens.GRCh38.99.gtf
368559	5	61413661	61415789	+	ENSG00000130449	intronic (same-strand gene body)	1		True	False	d	/home/sharedFolder/humanSTARindex/Homo_sapiens.GRCh38.99.gtf
417164	6	166585798	166585806	-	ENSG00000071242	other-gene 3' UTR	2	ENSG00000235272	True	True	d	/home/sharedFolder/humanSTARindex/Homo_sapiens.GRCh38.99.gtf
141198	14	68794559	68795722	-	ENSG00000185650	exonic, not 3' UTR	1		True	True	d	/home/sharedFolder/humanSTARindex/Homo_sapiens.GRCh38.99.gtf
7956	1	28497060	28497898	+	ENSG00000204138	own-gene 3' UTR	1	ENSG00000204138	True	True	d	/home/sharedFolder/humanSTARindex/Homo_sapiens.GRCh38.99.gtf
330710	3	170087583	170088039	-	ENSG00000173889	own-gene 3' UTR	1	ENSG00000173889	True	True	d	/home/sharedFolder/humanSTARindex/Homo_sapiens.GRCh38.99.gtf
311439	3	47779993	47780734	-	ENSG00000173473	intronic (same-strand gene body)	1		True	False	d	/home/sharedFolder/humanSTARindex/Homo_sapiens.GRCh38.99.gtf
178696	16	68301386	68301820	+	ENSG00000103064	own-gene 3' UTR	1	ENSG00000103064	True	True	d	/home/sharedFolder/humanSTARindex/Homo_sapiens.GRCh38.99.gtf
408356	6	117675779	117676823	+	ENSG00000153989	exonic, not 3' UTR	1		True	True	d	/home/sharedFolder/humanSTARindex/Homo_sapiens.GRCh38.99.gtf
298733	22	35664356	35665136	+	ENSG00000221963	own-gene 3' UTR	1	ENSG00000221963	True	True	d	/home/sharedFolder/humanSTARindex/Homo_sapiens.GRCh38.99.gtf
111531	12	92772474	92773112	-	ENSG00000102189	own-gene 3' UTR	1	ENSG00000102189	True	True	d	/home/sharedFolder/humanSTARindex/Homo_sapiens.GRCh38.99.gtf
192559	17	35273284	35273655	+	ENSG00000166750	own-gene 3' UTR	1	ENSG00000166750	True	True	d	/home/sharedFolder/humanSTARindex/Homo_sapiens.GRCh38.99.gtf
382220	5	140673810	140673905	-	ENSG00000170445	own-gene 3' UTR	1	ENSG00000170445	True	True	d	/home/sharedFolder/humanSTARindex/Homo_sapiens.GRCh38.99.gtf
399227	6	42361402	42362145	-	ENSG00000124496	intronic (same-strand gene body)	1		True	False	d	/home/sharedFolder/humanSTARindex/Homo_sapiens.GRCh38.99.gtf
8821	1	32123305	32124250	+	ENSG00000025800	intronic (same-strand gene body)	1		True	False	d	/home/sharedFolder/humanSTARindex/Homo_sapiens.GRCh38.99.gtf
391982	6	16299109	16299643	-	ENSG00000124788	own-gene 3' UTR	1	ENSG00000124788	True	True	d	/home/sharedFolder/humanSTARindex/Homo_sapiens.GRCh38.99.gtf
490348	X	15319451	15319865	-	ENSG00000165195	own-gene 3' UTR	1	ENSG00000165195	True	True	d	/home/sharedFolder/humanSTARindex/Homo_sapiens.GRCh38.99.gtf
309199	3	37275916	37276011	+	ENSG00000144674	exonic, not 3' UTR	2		True	True	d	/home/sharedFolder/humanSTARindex/Homo_sapiens.GRCh38.99.gtf
386919	5	172952508	172952683	+	ENSG00000113719	own-gene 3' UTR	1	ENSG00000113719	True	True	d	/home/sharedFolder/humanSTARindex/Homo_sapiens.GRCh38.99.gtf
350270	4	99881204	99881305	-	ENSG00000109270	own-gene 3' UTR	1	ENSG00000109270	True	True	d	/home/sharedFolder/humanSTARindex/Homo_sapiens.GRCh38.99.gtf
43975	1	226631689	226632022	-	ENSG00000143772	own-gene 3' UTR	1	ENSG00000143772	True	True	d	/home/sharedFolder/humanSTARindex/Homo_sapiens.GRCh38.99.gtf
74052	11	9660673	9660766	+	ENSG00000133789	exonic, not 3' UTR	1		False	True	d	/home/sharedFolder/humanSTARindex/Homo_sapiens.GRCh38.99.gtf
196178	17	45151572	45152101	+	ENSG00000186834	own-gene 3' UTR	1	ENSG00000186834	True	True	d	/home/sharedFolder/humanSTARindex/Homo_sapiens.GRCh38.99.gtf
490567	X	16722076	16722940	+	ENSG00000169895	intronic (same-strand gene body)	1		True	False	d	/home/sharedFolder/humanSTARindex/Homo_sapiens.GRCh38.99.gtf
270532	2	208236226	208236272	-	ENSG00000138413	own-gene 3' UTR	1	ENSG00000138413	True	True	d	/home/sharedFolder/humanSTARindex/Homo_sapiens.GRCh38.99.gtf
270540	2	208247414	208248181	-	ENSG00000138413	exonic, not 3' UTR	1		True	True	d	/home/sharedFolder/humanSTARindex/Homo_sapiens.GRCh38.99.gtf
94259	12	1495513	1495931	+	ENSG00000082805	own-gene 3' UTR	1	ENSG00000082805	True	True	d	/home/sharedFolder/humanSTARindex/Homo_sapiens.GRCh38.99.gtf
222385	19	12953641	12953642	+	ENSG00000179262	own-gene 3' UTR	1	ENSG00000179262	True	True	d	/home/sharedFolder/humanSTARindex/Homo_sapiens.GRCh38.99.gtf
416236	6	159756318	159756319	+	ENSG00000146457	own-gene 3' UTR	1	ENSG00000146457	True	True	d	/home/sharedFolder/humanSTARindex/Homo_sapiens.GRCh38.99.gtf
59383	10	63511920	63513445	-	ENSG00000171988	intronic (same-strand gene body)	1		True	False	d	/home/sharedFolder/humanSTARindex/Homo_sapiens.GRCh38.99.gtf
126413	13	49699217	49699877	-	ENSG00000102753	own-gene 3' UTR	1	ENSG00000102753	True	True	d	/home/sharedFolder/humanSTARindex/Homo_sapiens.GRCh38.99.gtf
20950	1	97665486	97666723	-	ENSG00000188641	intronic (same-strand gene body)	1		True	False	d	/home/sharedFolder/humanSTARindex/Homo_sapiens.GRCh38.99.gtf
221160	19	10425644	10426045	+	ENSG00000065989	intronic (same-strand gene body)	1		True	False	d	/home/sharedFolder/humanSTARindex/Homo_sapiens.GRCh38.99.gtf
446118	7	156682363	156683525	-	ENSG00000105983	own-gene 3' UTR	1	ENSG00000105983	True	True	d	/home/sharedFolder/humanSTARindex/Homo_sapiens.GRCh38.99.gtf
410807	6	135053780	135054425	-	ENSG00000112339	intronic (same-strand gene body)	1		True	False	d	/home/sharedFolder/humanSTARindex/Homo_sapiens.GRCh38.99.gtf
200660	17	61392403	61392831	+	ENSG00000141376	own-gene 3' UTR	1	ENSG00000141376	True	True	d	/home/sharedFolder/humanSTARindex/Homo_sapiens.GRCh38.99.gtf
367924	5	59320809	59321384	-	ENSG00000113448	intronic (same-strand gene body)	1		True	False	d	/home/sharedFolder/humanSTARindex/Homo_sapiens.GRCh38.99.gtf
166834	16	2771412	2771414	-	ENSG00000103363	own-gene 3' UTR	1	ENSG00000103363	True	True	d	/home/sharedFolder/humanSTARindex/Homo_sapiens.GRCh38.99.gtf
267966	2	197550912	197550913	+	ENSG00000270757	other-gene 3' UTR	1	ENSG00000115540	False	True	d	/home/sharedFolder/humanSTARindex/Homo_sapiens.GRCh38.99.gtf
370126	5	70042665	70043113	+	ENSG00000205572	own-gene 3' UTR	1	ENSG00000205572	True	True	d	/home/sharedFolder/humanSTARindex/Homo_sapiens.GRCh38.99.gtf
370608	5	70918082	70918530	+	ENSG00000172058	own-gene 3' UTR	1	ENSG00000172058	True	True	d	/home/sharedFolder/humanSTARindex/Homo_sapiens.GRCh38.99.gtf
246035	2	64129597	64129988	-	ENSG00000197329	intronic (same-strand gene body)	1		True	False	d	/home/sharedFolder/humanSTARindex/Homo_sapiens.GRCh38.99.gtf
442989	7	139561569	139562465	-	ENSG00000064393	own-gene 3' UTR	1	ENSG00000064393	True	True	d	/home/sharedFolder/humanSTARindex/Homo_sapiens.GRCh38.99.gtf
426183	7	44578306	44578310	-	ENSG00000158604	own-gene 3' UTR	1	ENSG00000158604	True	True	d	/home/sharedFolder/humanSTARindex/Homo_sapiens.GRCh38.99.gtf
193140	17	36589847	36589848	+	ENSG00000278311	own-gene 3' UTR	1	ENSG00000278311	True	True	d	/home/sharedFolder/humanSTARindex/Homo_sapiens.GRCh38.99.gtf
335739	3	196234366	196235088	-	ENSG00000161217	own-gene 3' UTR	1	ENSG00000161217	True	True	d	/home/sharedFolder/humanSTARindex/Homo_sapiens.GRCh38.99.gtf
210610	18	13639557	13640315	+	ENSG00000168675	intronic (same-strand gene body)	1		True	False	d	/home/sharedFolder/humanSTARindex/Homo_sapiens.GRCh38.99.gtf
395330	6	30593363	30594908	-	ENSG00000204569	outside any same-strand gene	0		False	False	d	/home/sharedFolder/humanSTARindex/Homo_sapiens.GRCh38.99.gtf
10630	1	39005797	39005905	+	ENSG00000174574	own-gene 3' UTR	1	ENSG00000174574	True	True	d	/home/sharedFolder/humanSTARindex/Homo_sapiens.GRCh38.99.gtf
196553	17	46076684	46078453	-	ENSG00000120071	intronic (same-strand gene body)	1		True	False	d	/home/sharedFolder/humanSTARindex/Homo_sapiens.GRCh38.99.gtf
206972	17	81707516	81707518	+	ENSG00000185359	other-gene 3' UTR	2	ENSG00000262814	False	True	d	/home/sharedFolder/humanSTARindex/Homo_sapiens.GRCh38.99.gtf
253254	2	106404407	106404428	-	ENSG00000153165	intronic (same-strand gene body)	1		True	False	d	/home/sharedFolder/humanSTARindex/Homo_sapiens.GRCh38.99.gtf
174952	16	31182526	31183303	+	ENSG00000089280	exonic, not 3' UTR	1		True	True	d	/home/sharedFolder/humanSTARindex/Homo_sapiens.GRCh38.99.gtf
153782	15	44734812	44735309	+	ENSG00000185880	intronic (same-strand gene body)	1		True	False	d	/home/sharedFolder/humanSTARindex/Homo_sapiens.GRCh38.99.gtf
204891	17	75825377	75825799	+	ENSG00000132478	own-gene 3' UTR	1	ENSG00000132478	True	True	d	/home/sharedFolder/humanSTARindex/Homo_sapiens.GRCh38.99.gtf
206543	17	80393937	80394366	+	ENSG00000173821	own-gene 3' UTR	1	ENSG00000173821	True	True	d	/home/sharedFolder/humanSTARindex/Homo_sapiens.GRCh38.99.gtf
491280	X	20149910	20150592	-	ENSG00000177189	own-gene 3' UTR	1	ENSG00000177189	True	True	d	/home/sharedFolder/humanSTARindex/Homo_sapiens.GRCh38.99.gtf
373521	5	82273313	82273686	-	ENSG00000186468	own-gene 3' UTR	1	ENSG00000186468	True	True	d	/home/sharedFolder/humanSTARindex/Homo_sapiens.GRCh38.99.gtf
189143	17	18307492	18308133	+	ENSG00000176994	outside any same-strand gene	0		False	False	d	/home/sharedFolder/humanSTARindex/Homo_sapiens.GRCh38.99.gtf
189150	17	18327611	18328056	+	ENSG00000176994	own-gene 3' UTR	1	ENSG00000176994	True	True	d	/home/sharedFolder/humanSTARindex/Homo_sapiens.GRCh38.99.gtf
96518	12	9854400	9855414	-	ENSG00000110852	exonic, not 3' UTR	1		True	True	d	/home/sharedFolder/humanSTARindex/Homo_sapiens.GRCh38.99.gtf
482856	9	121179272	121180077	-	ENSG00000119396	own-gene 3' UTR	1	ENSG00000119396	True	True	d	/home/sharedFolder/humanSTARindex/Homo_sapiens.GRCh38.99.gtf
374679	5	91377478	91378592	-	ENSG00000113369	intronic (same-strand gene body)	1		True	False	d	/home/sharedFolder/humanSTARindex/Homo_sapiens.GRCh38.99.gtf
185846	17	4731797	4732478	+	ENSG00000161920	own-gene 3' UTR	1	ENSG00000161920	True	True	d	/home/sharedFolder/humanSTARindex/Homo_sapiens.GRCh38.99.gtf
147499	14	102084375	102084460	-	ENSG00000080824	own-gene 3' UTR	1	ENSG00000080824	True	True	d	/home/sharedFolder/humanSTARindex/Homo_sapiens.GRCh38.99.gtf
370614	5	70926533	70928198	+	ENSG00000172062	intronic (same-strand gene body)	1		True	False	d	/home/sharedFolder/humanSTARindex/Homo_sapiens.GRCh38.99.gtf
377474	5	112864448	112865146	+	ENSG00000258864	own-gene 3' UTR	2	ENSG00000153037,ENSG00000258864	True	True	d	/home/sharedFolder/humanSTARindex/Homo_sapiens.GRCh38.99.gtf
2159	1	9369149	9369535	+	ENSG00000171621	own-gene 3' UTR	1	ENSG00000171621	True	True	d	/home/sharedFolder/humanSTARindex/Homo_sapiens.GRCh38.99.gtf
418870	7	4775992	4776764	+	ENSG00000164916	intronic (same-strand gene body)	1		False	False	d	/home/sharedFolder/humanSTARindex/Homo_sapiens.GRCh38.99.gtf
261964	2	161992240	161992777	-	ENSG00000197635	own-gene 3' UTR	1	ENSG00000197635	True	True	d	/home/sharedFolder/humanSTARindex/Homo_sapiens.GRCh38.99.gtf
163151	15	85138097	85139260	+	ENSG00000073417	own-gene 3' UTR	1	ENSG00000073417	True	True	d	/home/sharedFolder/humanSTARindex/Homo_sapiens.GRCh38.99.gtf
37043	1	184793876	184794628	-	ENSG00000135842	own-gene 3' UTR	1	ENSG00000135842	True	True	d	/home/sharedFolder/humanSTARindex/Homo_sapiens.GRCh38.99.gtf
6676	1	25498315	25498811	+	ENSG00000204178	own-gene 3' UTR	1	ENSG00000204178	True	True	d	/home/sharedFolder/humanSTARindex/Homo_sapiens.GRCh38.99.gtf
374193	5	87377315	87378041	-	ENSG00000134480	intronic (same-strand gene body)	1		True	False	d	/home/sharedFolder/humanSTARindex/Homo_sapiens.GRCh38.99.gtf
138466	14	58265364	58265461	-	ENSG00000139971	exonic, not 3' UTR	2		True	True	d	/home/sharedFolder/humanSTARindex/Homo_sapiens.GRCh38.99.gtf
121951	13	25356395	25356419	+	ENSG00000139496	outside any same-strand gene	0		False	False	d	/home/sharedFolder/humanSTARindex/Homo_sapiens.GRCh38.99.gtf
238647	2	27369463	27370355	-	ENSG00000115211	own-gene 3' UTR	1	ENSG00000115211	True	True	d	/home/sharedFolder/humanSTARindex/Homo_sapiens.GRCh38.99.gtf
205148	17	76389530	76390216	-	ENSG00000175931	own-gene 3' UTR	1	ENSG00000175931	True	True	d	/home/sharedFolder/humanSTARindex/Homo_sapiens.GRCh38.99.gtf
274922	2	234494489	234495752	-	ENSG00000188042	own-gene 3' UTR	1	ENSG00000188042	True	True	d	/home/sharedFolder/humanSTARindex/Homo_sapiens.GRCh38.99.gtf
330648	3	169997897	169998373	+	ENSG00000008952	own-gene 3' UTR	1	ENSG00000008952	True	True	d	/home/sharedFolder/humanSTARindex/Homo_sapiens.GRCh38.99.gtf
380657	5	134630978	134631914	-	ENSG00000152700	exonic, not 3' UTR	1		True	True	d	/home/sharedFolder/humanSTARindex/Homo_sapiens.GRCh38.99.gtf
59240	10	63293674	63294712	-	ENSG00000171988	intronic (same-strand gene body)	1		True	False	d	/home/sharedFolder/humanSTARindex/Homo_sapiens.GRCh38.99.gtf
231539	19	48629965	48630718	+	ENSG00000063176	own-gene 3' UTR	1	ENSG00000063176	True	True	d	/home/sharedFolder/humanSTARindex/Homo_sapiens.GRCh38.99.gtf
192558	17	35270755	35272603	+	ENSG00000166750	own-gene 3' UTR	1	ENSG00000166750	True	True	d	/home/sharedFolder/humanSTARindex/Homo_sapiens.GRCh38.99.gtf
383859	5	149497210	149499418	-	ENSG00000113712	own-gene 3' UTR	2	ENSG00000113712	True	True	d	/home/sharedFolder/humanSTARindex/Homo_sapiens.GRCh38.99.gtf
130222	13	99563388	99563454	+	ENSG00000125304	own-gene 3' UTR	1	ENSG00000125304	True	True	d	/home/sharedFolder/humanSTARindex/Homo_sapiens.GRCh38.99.gtf
148132	14	103503764	103503831	+	ENSG00000075413	own-gene 3' UTR	1	ENSG00000075413	True	True	d	/home/sharedFolder/humanSTARindex/Homo_sapiens.GRCh38.99.gtf
106709	12	57602995	57603432	+	ENSG00000166908	own-gene 3' UTR	1	ENSG00000166908	True	True	d	/home/sharedFolder/humanSTARindex/Homo_sapiens.GRCh38.99.gtf
354123	4	128883992	128884660	-	ENSG00000151466	own-gene 3' UTR	1	ENSG00000151466	True	True	d	/home/sharedFolder/humanSTARindex/Homo_sapiens.GRCh38.99.gtf
470338	9	27572364	27572953	-	ENSG00000147894	intronic (same-strand gene body)	1		True	False	d	/home/sharedFolder/humanSTARindex/Homo_sapiens.GRCh38.99.gtf
40284	1	205717978	205718091	-	ENSG00000069275	own-gene 3' UTR	1	ENSG00000069275	True	True	d	/home/sharedFolder/humanSTARindex/Homo_sapiens.GRCh38.99.gtf
452058	8	37698429	37699003	+	ENSG00000183779	own-gene 3' UTR	1	ENSG00000183779	True	True	d	/home/sharedFolder/humanSTARindex/Homo_sapiens.GRCh38.99.gtf
420761	7	16791810	16792205	-	ENSG00000106541	own-gene 3' UTR	1	ENSG00000106541	True	True	d	/home/sharedFolder/humanSTARindex/Homo_sapiens.GRCh38.99.gtf
217445	18	80151387	80152265	+	ENSG00000101544	intronic (same-strand gene body)	1		False	False	d	/home/sharedFolder/humanSTARindex/Homo_sapiens.GRCh38.99.gtf
341228	4	36346797	36347415	+	ENSG00000197057	outside any same-strand gene	0		False	False	d	/home/sharedFolder/humanSTARindex/Homo_sapiens.GRCh38.99.gtf
291580	21	34882017	34883189	-	ENSG00000159216	intronic (same-strand gene body)	1		True	False	d	/home/sharedFolder/humanSTARindex/Homo_sapiens.GRCh38.99.gtf
314013	3	57595030	57595847	-	ENSG00000168374	intronic (same-strand gene body)	1		True	False	d	/home/sharedFolder/humanSTARindex/Homo_sapiens.GRCh38.99.gtf
228396	19	39406939	39407743	+	ENSG00000128016	own-gene 3' UTR	1	ENSG00000128016	True	True	d	/home/sharedFolder/humanSTARindex/Homo_sapiens.GRCh38.99.gtf
30686	1	155856295	155856939	-	ENSG00000116580	intronic (same-strand gene body)	1		True	False	d	/home/sharedFolder/humanSTARindex/Homo_sapiens.GRCh38.99.gtf
384297	5	151181051	151181700	-	ENSG00000198624	own-gene 3' UTR	1	ENSG00000198624	True	True	d	/home/sharedFolder/humanSTARindex/Homo_sapiens.GRCh38.99.gtf
46403	1	236796265	236797046	+	ENSG00000116984	intronic (same-strand gene body)	1		True	False	d	/home/sharedFolder/humanSTARindex/Homo_sapiens.GRCh38.99.gtf
12669	1	45609680	45610465	+	ENSG00000132780	exonic, not 3' UTR	1		True	True	d	/home/sharedFolder/humanSTARindex/Homo_sapiens.GRCh38.99.gtf
12353	1	44805585	44805992	+	ENSG00000173846	own-gene 3' UTR	1	ENSG00000173846	True	True	d	/home/sharedFolder/humanSTARindex/Homo_sapiens.GRCh38.99.gtf
237919	2	25281444	25281825	-	ENSG00000119772	own-gene 3' UTR	1	ENSG00000119772	True	True	d	/home/sharedFolder/humanSTARindex/Homo_sapiens.GRCh38.99.gtf
235177	2	3497365	3497923	-	ENSG00000182551	own-gene 3' UTR	1	ENSG00000182551	True	True	d	/home/sharedFolder/humanSTARindex/Homo_sapiens.GRCh38.99.gtf
304388	3	10126404	10126428	+	ENSG00000254999	own-gene 3' UTR	1	ENSG00000254999	True	True	d	/home/sharedFolder/humanSTARindex/Homo_sapiens.GRCh38.99.gtf
176628	16	54114038	54114467	+	ENSG00000140718	own-gene 3' UTR	1	ENSG00000140718	True	True	d	/home/sharedFolder/humanSTARindex/Homo_sapiens.GRCh38.99.gtf
191168	17	29892136	29893207	-	ENSG00000141298	intronic (same-strand gene body)	1		True	False	d	/home/sharedFolder/humanSTARindex/Homo_sapiens.GRCh38.99.gtf
479917	9	99971555	99972327	+	ENSG00000136874	own-gene 3' UTR	1	ENSG00000136874	True	True	d	/home/sharedFolder/humanSTARindex/Homo_sapiens.GRCh38.99.gtf
226483	19	34228025	34228096	+	ENSG00000257103	own-gene 3' UTR	1	ENSG00000257103	True	True	d	/home/sharedFolder/humanSTARindex/Homo_sapiens.GRCh38.99.gtf
270003	2	205993720	205994622	-	ENSG00000114933	own-gene 3' UTR	1	ENSG00000114933	True	True	d	/home/sharedFolder/humanSTARindex/Homo_sapiens.GRCh38.99.gtf
305308	3	14416586	14417899	+	ENSG00000131389	intronic (same-strand gene body)	1		True	False	d	/home/sharedFolder/humanSTARindex/Homo_sapiens.GRCh38.99.gtf
51459	10	14519512	14519513	-	ENSG00000065809	own-gene 3' UTR	1	ENSG00000065809	True	True	d	/home/sharedFolder/humanSTARindex/Homo_sapiens.GRCh38.99.gtf
171479	16	21423607	21425055	-	ENSG00000169246	exonic, not 3' UTR	1		True	True	d	/home/sharedFolder/humanSTARindex/Homo_sapiens.GRCh38.99.gtf
29792	1	153974268	153974269	-	ENSG00000285779	other-gene 3' UTR	2	ENSG00000143543	True	True	d	/home/sharedFolder/humanSTARindex/Homo_sapiens.GRCh38.99.gtf
262839	2	169637646	169637744	+	ENSG00000138398	own-gene 3' UTR	1	ENSG00000138398	True	True	d	/home/sharedFolder/humanSTARindex/Homo_sapiens.GRCh38.99.gtf
144242	14	81472919	81473003	-	ENSG00000071537	own-gene 3' UTR	1	ENSG00000071537	True	True	d	/home/sharedFolder/humanSTARindex/Homo_sapiens.GRCh38.99.gtf
146925	14	100102438	100103125	+	ENSG00000196405	intronic (same-strand gene body)	1		True	False	d	/home/sharedFolder/humanSTARindex/Homo_sapiens.GRCh38.99.gtf
309641	3	39407718	39409111	+	ENSG00000168028	exonic, not 3' UTR	2		True	True	d	/home/sharedFolder/humanSTARindex/Homo_sapiens.GRCh38.99.gtf
19911	1	92841853	92841921	+	ENSG00000122406	own-gene 3' UTR	1	ENSG00000122406	True	True	d	/home/sharedFolder/humanSTARindex/Homo_sapiens.GRCh38.99.gtf
157094	15	60488281	60488741	-	ENSG00000069667	own-gene 3' UTR	1	ENSG00000069667	True	True	d	/home/sharedFolder/humanSTARindex/Homo_sapiens.GRCh38.99.gtf
342081	4	39907680	39908427	-	ENSG00000121892	own-gene 3' UTR	1	ENSG00000121892	True	True	d	/home/sharedFolder/humanSTARindex/Homo_sapiens.GRCh38.99.gtf
387159	5	173956025	173957080	+	ENSG00000113742	own-gene 3' UTR	1	ENSG00000113742	True	True	d	/home/sharedFolder/humanSTARindex/Homo_sapiens.GRCh38.99.gtf
218251	19	2236923	2237480	+	ENSG00000104885	intronic (same-strand gene body)	1		False	False	d	/home/sharedFolder/humanSTARindex/Homo_sapiens.GRCh38.99.gtf
79037	11	47726155	47728163	-	ENSG00000109920	exonic, not 3' UTR	2		True	True	d	/home/sharedFolder/humanSTARindex/Homo_sapiens.GRCh38.99.gtf
272564	2	222944274	222944639	+	ENSG00000123983	own-gene 3' UTR	1	ENSG00000123983	True	True	d	/home/sharedFolder/humanSTARindex/Homo_sapiens.GRCh38.99.gtf
288890	21	14495067	14496450	-	ENSG00000155307	exonic, not 3' UTR	1		True	True	d	/home/sharedFolder/humanSTARindex/Homo_sapiens.GRCh38.99.gtf
267935	2	197523622	197525733	+	ENSG00000270757	exonic, not 3' UTR	2		True	True	d	/home/sharedFolder/humanSTARindex/Homo_sapiens.GRCh38.99.gtf
6495	1	25222589	25222686	-	ENSG00000117614	own-gene 3' UTR	1	ENSG00000117614	True	True	d	/home/sharedFolder/humanSTARindex/Homo_sapiens.GRCh38.99.gtf
54489	10	29457344	29457809	-	ENSG00000197321	own-gene 3' UTR	1	ENSG00000197321	True	True	d	/home/sharedFolder/humanSTARindex/Homo_sapiens.GRCh38.99.gtf
28744	1	150624545	150625753	-	ENSG00000143420	own-gene 3' UTR	1	ENSG00000143420	True	True	d	/home/sharedFolder/humanSTARindex/Homo_sapiens.GRCh38.99.gtf
44636	1	230091688	230092033	+	ENSG00000143641	exonic, not 3' UTR	1		True	True	d	/home/sharedFolder/humanSTARindex/Homo_sapiens.GRCh38.99.gtf
285302	20	50082559	50082653	-	ENSG00000124208	own-gene 3' UTR	2	ENSG00000124208,ENSG00000244687	True	True	d	/home/sharedFolder/humanSTARindex/Homo_sapiens.GRCh38.99.gtf
132849	14	22916148	22918623	-	ENSG00000100461	exonic, not 3' UTR	1		True	True	d	/home/sharedFolder/humanSTARindex/Homo_sapiens.GRCh38.99.gtf
427718	7	64974562	64975016	-	ENSG00000152926	own-gene 3' UTR	1	ENSG00000152926	True	True	d	/home/sharedFolder/humanSTARindex/Homo_sapiens.GRCh38.99.gtf
268638	2	201140286	201140920	+	ENSG00000003402	own-gene 3' UTR	1	ENSG00000003402	True	True	d	/home/sharedFolder/humanSTARindex/Homo_sapiens.GRCh38.99.gtf
347484	4	82353970	82354066	-	ENSG00000138668	own-gene 3' UTR	1	ENSG00000138668	True	True	d	/home/sharedFolder/humanSTARindex/Homo_sapiens.GRCh38.99.gtf
199403	17	58091220	58091223	+	ENSG00000264364	own-gene 3' UTR	1	ENSG00000264364	True	True	d	/home/sharedFolder/humanSTARindex/Homo_sapiens.GRCh38.99.gtf
226019	19	29615692	29615800	+	ENSG00000105171	own-gene 3' UTR	1	ENSG00000105171	True	True	d	/home/sharedFolder/humanSTARindex/Homo_sapiens.GRCh38.99.gtf
404384	6	87511413	87512339	+	ENSG00000213204	other-gene 3' UTR	2	ENSG00000164414	True	True	d	/home/sharedFolder/humanSTARindex/Homo_sapiens.GRCh38.99.gtf
103028	12	46190822	46193605	-	ENSG00000111371	intronic (same-strand gene body)	1		True	False	d	/home/sharedFolder/humanSTARindex/Homo_sapiens.GRCh38.99.gtf
337198	4	1833165	1833656	-	ENSG00000168924	exonic, not 3' UTR	1		True	True	d	/home/sharedFolder/humanSTARindex/Homo_sapiens.GRCh38.99.gtf
116651	12	115958575	115960212	-	ENSG00000123066	own-gene 3' UTR	1	ENSG00000123066	True	True	d	/home/sharedFolder/humanSTARindex/Homo_sapiens.GRCh38.99.gtf
253994	2	109856167	109856752	+	ENSG00000015568	own-gene 3' UTR	1	ENSG00000015568	True	True	d	/home/sharedFolder/humanSTARindex/Homo_sapiens.GRCh38.99.gtf
281880	20	35543641	35543916	+	ENSG00000125991	own-gene 3' UTR	1	ENSG00000125991	True	True	d	/home/sharedFolder/humanSTARindex/Homo_sapiens.GRCh38.99.gtf
129828	13	98452158	98452188	-	ENSG00000102572	own-gene 3' UTR	1	ENSG00000102572	True	True	d	/home/sharedFolder/humanSTARindex/Homo_sapiens.GRCh38.99.gtf
395852	6	31699795	31700620	-	ENSG00000204427	intronic (same-strand gene body)	2		True	False	d	/home/sharedFolder/humanSTARindex/Homo_sapiens.GRCh38.99.gtf
245157	2	61341846	61342900	-	ENSG00000115464	intronic (same-strand gene body)	1		True	False	d	/home/sharedFolder/humanSTARindex/Homo_sapiens.GRCh38.99.gtf
9625	1	35182843	35182936	-	ENSG00000116560	own-gene 3' UTR	1	ENSG00000116560	True	True	d	/home/sharedFolder/humanSTARindex/Homo_sapiens.GRCh38.99.gtf
209347	18	9137614	9139079	+	ENSG00000178127	exonic, not 3' UTR	2		False	True	d	/home/sharedFolder/humanSTARindex/Homo_sapiens.GRCh38.99.gtf
78447	11	46377766	46378117	+	ENSG00000149091	exonic, not 3' UTR	1		True	True	d	/home/sharedFolder/humanSTARindex/Homo_sapiens.GRCh38.99.gtf
398591	6	38634981	38635768	-	ENSG00000183826	intronic (same-strand gene body)	1		True	False	d	/home/sharedFolder/humanSTARindex/Homo_sapiens.GRCh38.99.gtf
76007	11	18631858	18633358	-	ENSG00000179119	intronic (same-strand gene body)	1		True	False	d	/home/sharedFolder/humanSTARindex/Homo_sapiens.GRCh38.99.gtf
346918	4	77911565	77912946	+	ENSG00000169288	intronic (same-strand gene body)	1		True	False	d	/home/sharedFolder/humanSTARindex/Homo_sapiens.GRCh38.99.gtf
176023	16	50231388	50231828	+	ENSG00000121274	own-gene 3' UTR	1	ENSG00000121274	True	True	d	/home/sharedFolder/humanSTARindex/Homo_sapiens.GRCh38.99.gtf
337914	4	4274460	4274981	-	ENSG00000145220	exonic, not 3' UTR	1		True	True	d	/home/sharedFolder/humanSTARindex/Homo_sapiens.GRCh38.99.gtf
115496	12	110533244	110533249	-	ENSG00000196850	own-gene 3' UTR	1	ENSG00000196850	True	True	d	/home/sharedFolder/humanSTARindex/Homo_sapiens.GRCh38.99.gtf
123333	13	32496303	32496675	-	ENSG00000244754	intronic (same-strand gene body)	1		True	False	d	/home/sharedFolder/humanSTARindex/Homo_sapiens.GRCh38.99.gtf
194453	17	40281443	40283067	+	ENSG00000171475	own-gene 3' UTR	1	ENSG00000171475	True	True	d	/home/sharedFolder/humanSTARindex/Homo_sapiens.GRCh38.99.gtf
292230	21	37465447	37467205	+	ENSG00000157540	intronic (same-strand gene body)	1		True	False	d	/home/sharedFolder/humanSTARindex/Homo_sapiens.GRCh38.99.gtf
30332	1	155335262	155335274	-	ENSG00000116539	own-gene 3' UTR	1	ENSG00000116539	True	True	d	/home/sharedFolder/humanSTARindex/Homo_sapiens.GRCh38.99.gtf
176200	16	50801577	50801935	+	ENSG00000083799	own-gene 3' UTR	1	ENSG00000083799	True	True	d	/home/sharedFolder/humanSTARindex/Homo_sapiens.GRCh38.99.gtf
98120	12	14468845	14469646	+	ENSG00000171681	intronic (same-strand gene body)	1		True	False	d	/home/sharedFolder/humanSTARindex/Homo_sapiens.GRCh38.99.gtf
35940	1	179840908	179841646	-	ENSG00000169905	own-gene 3' UTR	1	ENSG00000169905	True	True	d	/home/sharedFolder/humanSTARindex/Homo_sapiens.GRCh38.99.gtf
303673	3	4985180	4985181	+	ENSG00000134107	own-gene 3' UTR	1	ENSG00000134107	True	True	d	/home/sharedFolder/humanSTARindex/Homo_sapiens.GRCh38.99.gtf
493476	X	45111419	45112602	+	ENSG00000147050	own-gene 3' UTR	1	ENSG00000147050	True	True	d	/home/sharedFolder/humanSTARindex/Homo_sapiens.GRCh38.99.gtf
195486	17	43211683	43211688	+	ENSG00000188554	own-gene 3' UTR	1	ENSG00000188554	True	True	d	/home/sharedFolder/humanSTARindex/Homo_sapiens.GRCh38.99.gtf
73965	11	9446112	9446229	+	ENSG00000205339	own-gene 3' UTR	1	ENSG00000205339	True	True	d	/home/sharedFolder/humanSTARindex/Homo_sapiens.GRCh38.99.gtf
268933	2	202206179	202206182	-	ENSG00000116030	own-gene 3' UTR	1	ENSG00000116030	True	True	d	/home/sharedFolder/humanSTARindex/Homo_sapiens.GRCh38.99.gtf
327938	3	150428158	150428627	+	ENSG00000196428	intronic (same-strand gene body)	1		True	False	d	/home/sharedFolder/humanSTARindex/Homo_sapiens.GRCh38.99.gtf
397936	6	36968140	36968338	-	ENSG00000137409	own-gene 3' UTR	1	ENSG00000137409	True	True	d	/home/sharedFolder/humanSTARindex/Homo_sapiens.GRCh38.99.gtf
211162	18	21864898	21865919	+	ENSG00000101752	own-gene 3' UTR	1	ENSG00000101752	True	True	d	/home/sharedFolder/humanSTARindex/Homo_sapiens.GRCh38.99.gtf
285019	20	49232338	49233036	+	ENSG00000124228	intronic (same-strand gene body)	1		True	False	d	/home/sharedFolder/humanSTARindex/Homo_sapiens.GRCh38.99.gtf
331022	3	171177095	171177507	-	ENSG00000154310	exonic, not 3' UTR	1		True	True	d	/home/sharedFolder/humanSTARindex/Homo_sapiens.GRCh38.99.gtf
325270	3	136148878	136149847	-	ENSG00000174579	own-gene 3' UTR	1	ENSG00000174579	True	True	d	/home/sharedFolder/humanSTARindex/Homo_sapiens.GRCh38.99.gtf
318728	3	105423019	105423517	+	ENSG00000170017	intronic (same-strand gene body)	1		True	False	d	/home/sharedFolder/humanSTARindex/Homo_sapiens.GRCh38.99.gtf
398557	6	38562375	38564611	-	ENSG00000183826	intronic (same-strand gene body)	1		True	False	d	/home/sharedFolder/humanSTARindex/Homo_sapiens.GRCh38.99.gtf
209802	18	10526626	10527146	+	ENSG00000134265	exonic, not 3' UTR	1		True	True	d	/home/sharedFolder/humanSTARindex/Homo_sapiens.GRCh38.99.gtf
185849	17	4733549	4733610	+	ENSG00000161920	own-gene 3' UTR	1	ENSG00000161920	True	True	d	/home/sharedFolder/humanSTARindex/Homo_sapiens.GRCh38.99.gtf
190768	17	29261440	29262734	-	ENSG00000108256	own-gene 3' UTR	1	ENSG00000108256	True	True	d	/home/sharedFolder/humanSTARindex/Homo_sapiens.GRCh38.99.gtf
379859	5	132226365	132227060	-	ENSG00000072682	exonic, not 3' UTR	1		True	True	d	/home/sharedFolder/humanSTARindex/Homo_sapiens.GRCh38.99.gtf
445988	7	155680632	155680887	+	ENSG00000184863	exonic, not 3' UTR	1		True	True	d	/home/sharedFolder/humanSTARindex/Homo_sapiens.GRCh38.99.gtf
1498	1	7781429	7781432	+	ENSG00000049245	own-gene 3' UTR	1	ENSG00000049245	True	True	d	/home/sharedFolder/humanSTARindex/Homo_sapiens.GRCh38.99.gtf
363984	5	32591896	32592997	+	ENSG00000113387	intronic (same-strand gene body)	1		True	False	d	/home/sharedFolder/humanSTARindex/Homo_sapiens.GRCh38.99.gtf
16600	1	66999213	66999794	-	ENSG00000116704	own-gene 3' UTR	1	ENSG00000116704	True	True	d	/home/sharedFolder/humanSTARindex/Homo_sapiens.GRCh38.99.gtf
426169	7	44565803	44565804	-	ENSG00000136271	own-gene 3' UTR	1	ENSG00000136271	True	True	d	/home/sharedFolder/humanSTARindex/Homo_sapiens.GRCh38.99.gtf
302560	22	47174082	47174093	+	ENSG00000054611	own-gene 3' UTR	1	ENSG00000054611	True	True	d	/home/sharedFolder/humanSTARindex/Homo_sapiens.GRCh38.99.gtf
145641	14	91857952	91858912	-	ENSG00000165929	intronic (same-strand gene body)	1		True	False	d	/home/sharedFolder/humanSTARindex/Homo_sapiens.GRCh38.99.gtf
426201	7	44608910	44609401	+	ENSG00000105953	intronic (same-strand gene body)	1		True	False	d	/home/sharedFolder/humanSTARindex/Homo_sapiens.GRCh38.99.gtf
236053	2	10441071	10441668	-	ENSG00000115758	exonic, not 3' UTR	1		True	True	d	/home/sharedFolder/humanSTARindex/Homo_sapiens.GRCh38.99.gtf
26539	1	145827267	145827957	+	ENSG00000186141	intronic (same-strand gene body)	1		True	False	d	/home/sharedFolder/humanSTARindex/Homo_sapiens.GRCh38.99.gtf
59259	10	63319339	63320863	-	ENSG00000171988	intronic (same-strand gene body)	1		True	False	d	/home/sharedFolder/humanSTARindex/Homo_sapiens.GRCh38.99.gtf
113765	12	103950739	103951544	-	ENSG00000204954	own-gene 3' UTR	1	ENSG00000204954	True	True	d	/home/sharedFolder/humanSTARindex/Homo_sapiens.GRCh38.99.gtf
311762	3	48747310	48747339	-	ENSG00000114302	own-gene 3' UTR	1	ENSG00000114302	True	True	d	/home/sharedFolder/humanSTARindex/Homo_sapiens.GRCh38.99.gtf
186383	17	6775646	6775647	+	ENSG00000132530	own-gene 3' UTR	1	ENSG00000132530	True	True	d	/home/sharedFolder/humanSTARindex/Homo_sapiens.GRCh38.99.gtf
385721	5	163444949	163445016	+	ENSG00000113328	own-gene 3' UTR	1	ENSG00000113328	True	True	d	/home/sharedFolder/humanSTARindex/Homo_sapiens.GRCh38.99.gtf
441360	7	131111084	131111693	+	ENSG00000128585	intronic (same-strand gene body)	1		True	False	d	/home/sharedFolder/humanSTARindex/Homo_sapiens.GRCh38.99.gtf
354776	4	139506037	139506379	-	ENSG00000145391	own-gene 3' UTR	1	ENSG00000145391	True	True	d	/home/sharedFolder/humanSTARindex/Homo_sapiens.GRCh38.99.gtf
31301	1	157132640	157133612	-	ENSG00000117036	own-gene 3' UTR	1	ENSG00000117036	True	True	d	/home/sharedFolder/humanSTARindex/Homo_sapiens.GRCh38.99.gtf
64541	10	91283750	91284331	+	ENSG00000180628	own-gene 3' UTR	1	ENSG00000180628	True	True	d	/home/sharedFolder/humanSTARindex/Homo_sapiens.GRCh38.99.gtf
63290	10	84336734	84338364	+	ENSG00000107771	intronic (same-strand gene body)	1		True	False	d	/home/sharedFolder/humanSTARindex/Homo_sapiens.GRCh38.99.gtf
80368	11	61791070	61791993	-	ENSG00000134825	exonic, not 3' UTR	1		True	True	d	/home/sharedFolder/humanSTARindex/Homo_sapiens.GRCh38.99.gtf
374162	5	87357007	87357723	+	ENSG00000145715	intronic (same-strand gene body)	1		True	False	d	/home/sharedFolder/humanSTARindex/Homo_sapiens.GRCh38.99.gtf
282724	20	37518722	37519170	-	ENSG00000166619	own-gene 3' UTR	1	ENSG00000166619	True	True	d	/home/sharedFolder/humanSTARindex/Homo_sapiens.GRCh38.99.gtf
168907	16	11837263	11837349	-	ENSG00000171490	own-gene 3' UTR	1	ENSG00000171490	True	True	d	/home/sharedFolder/humanSTARindex/Homo_sapiens.GRCh38.99.gtf
492775	X	40626920	40627408	-	ENSG00000185753	own-gene 3' UTR	1	ENSG00000185753	True	True	d	/home/sharedFolder/humanSTARindex/Homo_sapiens.GRCh38.99.gtf
70409	10	123057951	123058290	+	ENSG00000196177	own-gene 3' UTR	1	ENSG00000196177	True	True	d	/home/sharedFolder/humanSTARindex/Homo_sapiens.GRCh38.99.gtf
137834	14	55052705	55053460	+	ENSG00000180008	intronic (same-strand gene body)	1		False	False	d	/home/sharedFolder/humanSTARindex/Homo_sapiens.GRCh38.99.gtf
49028	10	3136546	3136802	+	ENSG00000067057	own-gene 3' UTR	2	ENSG00000067057	True	True	d	/home/sharedFolder/humanSTARindex/Homo_sapiens.GRCh38.99.gtf
77941	11	43312586	43314032	+	ENSG00000166181	intronic (same-strand gene body)	1		True	False	d	/home/sharedFolder/humanSTARindex/Homo_sapiens.GRCh38.99.gtf
392	1	1318668	1319115	-	ENSG00000127054	own-gene 3' UTR	2	ENSG00000127054	True	True	d	/home/sharedFolder/humanSTARindex/Homo_sapiens.GRCh38.99.gtf
253987	2	109850713	109852454	+	ENSG00000015568	intronic (same-strand gene body)	1		True	False	d	/home/sharedFolder/humanSTARindex/Homo_sapiens.GRCh38.99.gtf
361989	5	10436608	10437854	+	ENSG00000145495	own-gene 3' UTR	1	ENSG00000145495	True	True	d	/home/sharedFolder/humanSTARindex/Homo_sapiens.GRCh38.99.gtf
330845	3	170359619	170359620	+	ENSG00000136603	intronic (same-strand gene body)	1		True	False	d	/home/sharedFolder/humanSTARindex/Homo_sapiens.GRCh38.99.gtf
470668	9	33025307	33025599	+	ENSG00000086061	exonic, not 3' UTR	1		True	True	d	/home/sharedFolder/humanSTARindex/Homo_sapiens.GRCh38.99.gtf
472917	9	41131673	41131752	-	ENSG00000215126	own-gene 3' UTR	1	ENSG00000215126	True	True	d	/home/sharedFolder/humanSTARindex/Homo_sapiens.GRCh38.99.gtf
352553	4	113450842	113451528	-	ENSG00000145349	own-gene 3' UTR	1	ENSG00000145349	True	True	d	/home/sharedFolder/humanSTARindex/Homo_sapiens.GRCh38.99.gtf
435991	7	102562586	102564292	-	ENSG00000168255	other-gene 3' UTR	3	ENSG00000285437	True	True	d	/home/sharedFolder/humanSTARindex/Homo_sapiens.GRCh38.99.gtf
229634	19	43502575	43504070	-	ENSG00000176531	exonic, not 3' UTR	1		True	True	d	/home/sharedFolder/humanSTARindex/Homo_sapiens.GRCh38.99.gtf
401972	6	63713142	63714998	+	ENSG00000118482	own-gene 3' UTR	1	ENSG00000118482	True	True	d	/home/sharedFolder/humanSTARindex/Homo_sapiens.GRCh38.99.gtf
308005	3	31580440	31581355	+	ENSG00000163527	intronic (same-strand gene body)	1		True	False	d	/home/sharedFolder/humanSTARindex/Homo_sapiens.GRCh38.99.gtf
489284	X	3604369	3604775	-	ENSG00000183943	own-gene 3' UTR	1	ENSG00000183943	True	True	d	/home/sharedFolder/humanSTARindex/Homo_sapiens.GRCh38.99.gtf
119445	12	123660182	123662606	+	ENSG00000111358	own-gene 3' UTR	1	ENSG00000111358	True	True	d	/home/sharedFolder/humanSTARindex/Homo_sapiens.GRCh38.99.gtf
166254	16	1312936	1313533	+	ENSG00000103275	intronic (same-strand gene body)	1		True	False	d	/home/sharedFolder/humanSTARindex/Homo_sapiens.GRCh38.99.gtf
31798	1	160266240	160266241	-	ENSG00000258465	intronic (same-strand gene body)	1		True	False	d	/home/sharedFolder/humanSTARindex/Homo_sapiens.GRCh38.99.gtf
439903	7	127372504	127374931	-	ENSG00000048405	own-gene 3' UTR	1	ENSG00000048405	True	True	d	/home/sharedFolder/humanSTARindex/Homo_sapiens.GRCh38.99.gtf
191831	17	31377036	31377677	+	ENSG00000196712	own-gene 3' UTR	1	ENSG00000196712	True	True	d	/home/sharedFolder/humanSTARindex/Homo_sapiens.GRCh38.99.gtf
420064	7	8089079	8089080	+	ENSG00000106415	own-gene 3' UTR	1	ENSG00000106415	True	True	d	/home/sharedFolder/humanSTARindex/Homo_sapiens.GRCh38.99.gtf
231701	19	48923632	48924702	+	ENSG00000104805	outside any same-strand gene	0		False	False	d	/home/sharedFolder/humanSTARindex/Homo_sapiens.GRCh38.99.gtf
298725	22	35648467	35649604	+	ENSG00000221963	exonic, not 3' UTR	1		True	True	d	/home/sharedFolder/humanSTARindex/Homo_sapiens.GRCh38.99.gtf
241215	2	38981548	38981982	-	ENSG00000115904	own-gene 3' UTR	1	ENSG00000115904	True	True	d	/home/sharedFolder/humanSTARindex/Homo_sapiens.GRCh38.99.gtf
119024	12	122868975	122870552	-	ENSG00000139722	exonic, not 3' UTR	2		True	True	d	/home/sharedFolder/humanSTARindex/Homo_sapiens.GRCh38.99.gtf
347599	4	82819863	82820726	-	ENSG00000138674	intronic (same-strand gene body)	1		True	False	d	/home/sharedFolder/humanSTARindex/Homo_sapiens.GRCh38.99.gtf
13303	1	47377775	47377868	+	ENSG00000162368	own-gene 3' UTR	1	ENSG00000162368	True	True	d	/home/sharedFolder/humanSTARindex/Homo_sapiens.GRCh38.99.gtf
80761	11	62840600	62841786	-	ENSG00000133316	exonic, not 3' UTR	2		True	True	d	/home/sharedFolder/humanSTARindex/Homo_sapiens.GRCh38.99.gtf
371022	5	71658305	71658706	+	ENSG00000131844	own-gene 3' UTR	1	ENSG00000131844	True	True	d	/home/sharedFolder/humanSTARindex/Homo_sapiens.GRCh38.99.gtf
306293	3	17463936	17465101	-	ENSG00000131374	intronic (same-strand gene body)	1		True	False	d	/home/sharedFolder/humanSTARindex/Homo_sapiens.GRCh38.99.gtf
135185	14	35747882	35748729	-	ENSG00000174373	exonic, not 3' UTR	1		True	True	d	/home/sharedFolder/humanSTARindex/Homo_sapiens.GRCh38.99.gtf
392730	6	18258048	18258726	-	ENSG00000124795	exonic, not 3' UTR	1		True	True	d	/home/sharedFolder/humanSTARindex/Homo_sapiens.GRCh38.99.gtf
262847	2	169645744	169646081	-	ENSG00000154479	own-gene 3' UTR	1	ENSG00000154479	True	True	d	/home/sharedFolder/humanSTARindex/Homo_sapiens.GRCh38.99.gtf
29167	1	151340639	151341017	-	ENSG00000143390	own-gene 3' UTR	1	ENSG00000143390	True	True	d	/home/sharedFolder/humanSTARindex/Homo_sapiens.GRCh38.99.gtf
418103	7	1972594	1973034	-	ENSG00000002822	intronic (same-strand gene body)	2		True	False	d	/home/sharedFolder/humanSTARindex/Homo_sapiens.GRCh38.99.gtf
137618	14	54474483	54474979	-	ENSG00000197045	own-gene 3' UTR	1	ENSG00000197045	True	True	d	/home/sharedFolder/humanSTARindex/Homo_sapiens.GRCh38.99.gtf
7958	1	28499938	28500369	+	ENSG00000204138	own-gene 3' UTR	1	ENSG00000204138	True	True	d	/home/sharedFolder/humanSTARindex/Homo_sapiens.GRCh38.99.gtf
426172	7	44570964	44571629	-	ENSG00000136271	own-gene 3' UTR	1	ENSG00000136271	True	True	d	/home/sharedFolder/humanSTARindex/Homo_sapiens.GRCh38.99.gtf
266621	2	190692225	190692766	+	ENSG00000138386	own-gene 3' UTR	1	ENSG00000138386	True	True	d	/home/sharedFolder/humanSTARindex/Homo_sapiens.GRCh38.99.gtf
500110	X	111760053	111760649	+	ENSG00000101901	own-gene 3' UTR	1	ENSG00000101901	True	True	d	/home/sharedFolder/humanSTARindex/Homo_sapiens.GRCh38.99.gtf
83540	11	72002863	72002864	-	ENSG00000137497	own-gene 3' UTR	1	ENSG00000137497	True	True	d	/home/sharedFolder/humanSTARindex/Homo_sapiens.GRCh38.99.gtf
439259	7	118188829	118189883	+	ENSG00000128534	own-gene 3' UTR	1	ENSG00000128534	True	True	d	/home/sharedFolder/humanSTARindex/Homo_sapiens.GRCh38.99.gtf
43920	1	226360799	226361461	-	ENSG00000143799	own-gene 3' UTR	1	ENSG00000143799	True	True	d	/home/sharedFolder/humanSTARindex/Homo_sapiens.GRCh38.99.gtf
77717	11	35810645	35811053	+	ENSG00000166326	own-gene 3' UTR	1	ENSG00000166326	True	True	d	/home/sharedFolder/humanSTARindex/Homo_sapiens.GRCh38.99.gtf
474157	9	65733993	65734041	+	ENSG00000147996	own-gene 3' UTR	1	ENSG00000147996	True	True	d	/home/sharedFolder/humanSTARindex/Homo_sapiens.GRCh38.99.gtf
6945	1	26475227	26475245	+	ENSG00000117682	other-gene 3' UTR	1	ENSG00000198830	False	True	d	/home/sharedFolder/humanSTARindex/Homo_sapiens.GRCh38.99.gtf
216676	18	74253404	74253528	-	ENSG00000166347	own-gene 3' UTR	1	ENSG00000166347	True	True	d	/home/sharedFolder/humanSTARindex/Homo_sapiens.GRCh38.99.gtf
163284	15	85506905	85507406	+	ENSG00000170776	intronic (same-strand gene body)	1		True	False	d	/home/sharedFolder/humanSTARindex/Homo_sapiens.GRCh38.99.gtf
6247	1	24540619	24541205	+	ENSG00000117602	own-gene 3' UTR	1	ENSG00000117602	True	True	d	/home/sharedFolder/humanSTARindex/Homo_sapiens.GRCh38.99.gtf
50803	10	12386069	12387110	+	ENSG00000183049	intronic (same-strand gene body)	1		True	False	d	/home/sharedFolder/humanSTARindex/Homo_sapiens.GRCh38.99.gtf
207687	18	214103	214629	+	ENSG00000101557	own-gene 3' UTR	1	ENSG00000101557	True	True	d	/home/sharedFolder/humanSTARindex/Homo_sapiens.GRCh38.99.gtf
190769	17	29263187	29264485	-	ENSG00000108256	own-gene 3' UTR	1	ENSG00000108256	True	True	d	/home/sharedFolder/humanSTARindex/Homo_sapiens.GRCh38.99.gtf
79689	11	58620512	58621394	+	ENSG00000186660	own-gene 3' UTR	2	ENSG00000186660	True	True	d	/home/sharedFolder/humanSTARindex/Homo_sapiens.GRCh38.99.gtf
65540	10	95692671	95693185	-	ENSG00000119977	exonic, not 3' UTR	1		True	True	d	/home/sharedFolder/humanSTARindex/Homo_sapiens.GRCh38.99.gtf
106702	12	57594406	57595628	+	ENSG00000166908	own-gene 3' UTR	1	ENSG00000166908	True	True	d	/home/sharedFolder/humanSTARindex/Homo_sapiens.GRCh38.99.gtf
170663	16	18540053	18541207	-	ENSG00000185164	intronic (same-strand gene body)	1		True	False	d	/home/sharedFolder/humanSTARindex/Homo_sapiens.GRCh38.99.gtf
436706	7	105072617	105073760	+	ENSG00000005483	own-gene 3' UTR	1	ENSG00000005483	True	True	d	/home/sharedFolder/humanSTARindex/Homo_sapiens.GRCh38.99.gtf
186649	17	7459365	7460484	-	ENSG00000174282	own-gene 3' UTR	1	ENSG00000174282	True	True	d	/home/sharedFolder/humanSTARindex/Homo_sapiens.GRCh38.99.gtf
202417	17	66448392	66449257	+	ENSG00000154229	intronic (same-strand gene body)	1		True	False	d	/home/sharedFolder/humanSTARindex/Homo_sapiens.GRCh38.99.gtf
153525	15	44415230	44415759	+	ENSG00000166734	own-gene 3' UTR	1	ENSG00000166734	True	True	d	/home/sharedFolder/humanSTARindex/Homo_sapiens.GRCh38.99.gtf
360928	5	204752	205340	-	ENSG00000164366	own-gene 3' UTR	1	ENSG00000164366	True	True	d	/home/sharedFolder/humanSTARindex/Homo_sapiens.GRCh38.99.gtf
481475	9	112218603	112218604	-	ENSG00000119314	own-gene 3' UTR	1	ENSG00000119314	True	True	d	/home/sharedFolder/humanSTARindex/Homo_sapiens.GRCh38.99.gtf
300898	22	41598027	41598403	-	ENSG00000100418	own-gene 3' UTR	1	ENSG00000100418	True	True	d	/home/sharedFolder/humanSTARindex/Homo_sapiens.GRCh38.99.gtf
395845	6	31686948	31686961	-	ENSG00000204427	own-gene 3' UTR	1	ENSG00000204427	True	True	d	/home/sharedFolder/humanSTARindex/Homo_sapiens.GRCh38.99.gtf
130599	13	102678820	102679174	+	ENSG00000134900	own-gene 3' UTR	1	ENSG00000134900	True	True	d	/home/sharedFolder/humanSTARindex/Homo_sapiens.GRCh38.99.gtf
484061	9	125966697	125967377	+	ENSG00000167081	own-gene 3' UTR	1	ENSG00000167081	True	True	d	/home/sharedFolder/humanSTARindex/Homo_sapiens.GRCh38.99.gtf
315045	3	64000899	64002365	+	ENSG00000285258	own-gene 3' UTR	2	ENSG00000163635,ENSG00000285258	True	True	d	/home/sharedFolder/humanSTARindex/Homo_sapiens.GRCh38.99.gtf
170705	16	18781293	18781757	-	ENSG00000134419	own-gene 3' UTR	1	ENSG00000134419	True	True	d	/home/sharedFolder/humanSTARindex/Homo_sapiens.GRCh38.99.gtf
283130	20	40686691	40687649	-	ENSG00000204103	own-gene 3' UTR	1	ENSG00000204103	True	True	d	/home/sharedFolder/humanSTARindex/Homo_sapiens.GRCh38.99.gtf
266693	2	190890484	190892616	+	ENSG00000115419	intronic (same-strand gene body)	1		True	False	d	/home/sharedFolder/humanSTARindex/Homo_sapiens.GRCh38.99.gtf
24047	1	116373295	116373952	+	ENSG00000163399	exonic, not 3' UTR	1		True	True	d	/home/sharedFolder/humanSTARindex/Homo_sapiens.GRCh38.99.gtf
231929	19	49470357	49470622	+	ENSG00000161618	own-gene 3' UTR	2	ENSG00000161618	True	True	d	/home/sharedFolder/humanSTARindex/Homo_sapiens.GRCh38.99.gtf
486073	9	132273311	132275369	-	ENSG00000107290	exonic, not 3' UTR	1		True	True	d	/home/sharedFolder/humanSTARindex/Homo_sapiens.GRCh38.99.gtf
185478	17	3797253	3797946	-	ENSG00000083457	intronic (same-strand gene body)	1		True	False	d	/home/sharedFolder/humanSTARindex/Homo_sapiens.GRCh38.99.gtf
174855	16	30988766	30989147	+	ENSG00000099381	other-gene 3' UTR	1	ENSG00000099377	False	True	d	/home/sharedFolder/humanSTARindex/Homo_sapiens.GRCh38.99.gtf
118782	12	122340776	122341609	-	ENSG00000130779	exonic, not 3' UTR	1		True	True	d	/home/sharedFolder/humanSTARindex/Homo_sapiens.GRCh38.99.gtf
141851	14	71114985	71115382	+	ENSG00000100731	own-gene 3' UTR	1	ENSG00000100731	True	True	d	/home/sharedFolder/humanSTARindex/Homo_sapiens.GRCh38.99.gtf
147333	14	101912373	101912625	+	ENSG00000078304	own-gene 3' UTR	1	ENSG00000078304	True	True	d	/home/sharedFolder/humanSTARindex/Homo_sapiens.GRCh38.99.gtf
260018	2	151475304	151477343	+	ENSG00000080345	own-gene 3' UTR	1	ENSG00000080345	True	True	d	/home/sharedFolder/humanSTARindex/Homo_sapiens.GRCh38.99.gtf
199859	17	59706527	59707468	-	ENSG00000141378	exonic, not 3' UTR	1		True	True	d	/home/sharedFolder/humanSTARindex/Homo_sapiens.GRCh38.99.gtf
324111	3	129167805	129168340	-	ENSG00000169714	outside any same-strand gene	0		False	False	d	/home/sharedFolder/humanSTARindex/Homo_sapiens.GRCh38.99.gtf
39458	1	202588202	202588569	+	ENSG00000077157	own-gene 3' UTR	1	ENSG00000077157	True	True	d	/home/sharedFolder/humanSTARindex/Homo_sapiens.GRCh38.99.gtf
191281	17	30385002	30385443	+	ENSG00000108582	exonic, not 3' UTR	1		True	True	d	/home/sharedFolder/humanSTARindex/Homo_sapiens.GRCh38.99.gtf
388790	5	181238867	181239200	-	ENSG00000204628	own-gene 3' UTR	1	ENSG00000204628	True	True	d	/home/sharedFolder/humanSTARindex/Homo_sapiens.GRCh38.99.gtf
148162	14	103556966	103557491	-	ENSG00000166170	own-gene 3' UTR	1	ENSG00000166170	True	True	d	/home/sharedFolder/humanSTARindex/Homo_sapiens.GRCh38.99.gtf
148165	14	103560269	103561384	-	ENSG00000166170	exonic, not 3' UTR	1		True	True	d	/home/sharedFolder/humanSTARindex/Homo_sapiens.GRCh38.99.gtf
299526	22	38485137	38486442	-	ENSG00000100201	own-gene 3' UTR	1	ENSG00000100201	True	True	d	/home/sharedFolder/humanSTARindex/Homo_sapiens.GRCh38.99.gtf
226014	19	29606730	29607357	+	ENSG00000105171	intronic (same-strand gene body)	1		True	False	d	/home/sharedFolder/humanSTARindex/Homo_sapiens.GRCh38.99.gtf
463263	8	122798241	122798878	+	ENSG00000178764	intronic (same-strand gene body)	1		True	False	d	/home/sharedFolder/humanSTARindex/Homo_sapiens.GRCh38.99.gtf
80752	11	62832910	62832911	-	ENSG00000133316	own-gene 3' UTR	1	ENSG00000133316	True	True	d	/home/sharedFolder/humanSTARindex/Homo_sapiens.GRCh38.99.gtf
462343	8	116845933	116845995	-	ENSG00000164754	own-gene 3' UTR	1	ENSG00000164754	True	True	d	/home/sharedFolder/humanSTARindex/Homo_sapiens.GRCh38.99.gtf
320096	3	113741983	113743114	-	ENSG00000121579	intronic (same-strand gene body)	1		True	False	d	/home/sharedFolder/humanSTARindex/Homo_sapiens.GRCh38.99.gtf
346752	4	77724817	77726443	-	ENSG00000138767	own-gene 3' UTR	1	ENSG00000138767	True	True	d	/home/sharedFolder/humanSTARindex/Homo_sapiens.GRCh38.99.gtf
205741	17	78141017	78141405	+	ENSG00000167895	own-gene 3' UTR	1	ENSG00000167895	True	True	d	/home/sharedFolder/humanSTARindex/Homo_sapiens.GRCh38.99.gtf
208153	18	2702615	2703629	+	ENSG00000101596	intronic (same-strand gene body)	1		True	False	d	/home/sharedFolder/humanSTARindex/Homo_sapiens.GRCh38.99.gtf
144925	14	89595570	89597786	-	ENSG00000053254	intronic (same-strand gene body)	2		True	False	d	/home/sharedFolder/humanSTARindex/Homo_sapiens.GRCh38.99.gtf
358092	4	158904645	158905796	+	ENSG00000052795	own-gene 3' UTR	1	ENSG00000052795	True	True	d	/home/sharedFolder/humanSTARindex/Homo_sapiens.GRCh38.99.gtf
184716	17	1682573	1683702	-	ENSG00000174231	exonic, not 3' UTR	1		True	True	d	/home/sharedFolder/humanSTARindex/Homo_sapiens.GRCh38.99.gtf
32129	1	161027659	161028492	-	ENSG00000270149	intronic (same-strand gene body)	1		True	False	d	/home/sharedFolder/humanSTARindex/Homo_sapiens.GRCh38.99.gtf
312429	3	50045843	50046805	+	ENSG00000004534	intronic (same-strand gene body)	1		True	False	d	/home/sharedFolder/humanSTARindex/Homo_sapiens.GRCh38.99.gtf
409366	6	127288711	127288712	-	ENSG00000093144	own-gene 3' UTR	1	ENSG00000093144	True	True	d	/home/sharedFolder/humanSTARindex/Homo_sapiens.GRCh38.99.gtf
252806	2	101894316	101894690	+	ENSG00000071054	own-gene 3' UTR	1	ENSG00000071054	True	True	d	/home/sharedFolder/humanSTARindex/Homo_sapiens.GRCh38.99.gtf
102955	12	45919130	45919500	-	ENSG00000139218	own-gene 3' UTR	1	ENSG00000139218	True	True	d	/home/sharedFolder/humanSTARindex/Homo_sapiens.GRCh38.99.gtf
105186	12	53157662	53158421	-	ENSG00000139631	own-gene 3' UTR	1	ENSG00000139631	True	True	d	/home/sharedFolder/humanSTARindex/Homo_sapiens.GRCh38.99.gtf
427720	7	64976588	64977923	-	ENSG00000152926	own-gene 3' UTR	1	ENSG00000152926	True	True	d	/home/sharedFolder/humanSTARindex/Homo_sapiens.GRCh38.99.gtf
10129	1	36289097	36289404	+	ENSG00000054118	exonic, not 3' UTR	1		True	True	d	/home/sharedFolder/humanSTARindex/Homo_sapiens.GRCh38.99.gtf
302869	22	50202464	50203070	+	ENSG00000170638	intronic (same-strand gene body)	1		False	False	d	/home/sharedFolder/humanSTARindex/Homo_sapiens.GRCh38.99.gtf
9113	1	32680652	32680653	+	ENSG00000162521	own-gene 3' UTR	1	ENSG00000162521	True	True	d	/home/sharedFolder/humanSTARindex/Homo_sapiens.GRCh38.99.gtf
13305	1	47378697	47378839	+	ENSG00000162368	own-gene 3' UTR	1	ENSG00000162368	True	True	d	/home/sharedFolder/humanSTARindex/Homo_sapiens.GRCh38.99.gtf
420965	7	17345700	17345771	+	ENSG00000106546	own-gene 3' UTR	2	ENSG00000106546	True	True	d	/home/sharedFolder/humanSTARindex/Homo_sapiens.GRCh38.99.gtf
477137	9	86287732	86288287	-	ENSG00000083223	own-gene 3' UTR	1	ENSG00000083223	True	True	d	/home/sharedFolder/humanSTARindex/Homo_sapiens.GRCh38.99.gtf
14037	1	51788327	51788569	+	ENSG00000117859	own-gene 3' UTR	1	ENSG00000117859	True	True	d	/home/sharedFolder/humanSTARindex/Homo_sapiens.GRCh38.99.gtf
297385	22	29300335	29300336	+	ENSG00000182944	own-gene 3' UTR	1	ENSG00000182944	True	True	d	/home/sharedFolder/humanSTARindex/Homo_sapiens.GRCh38.99.gtf
122227	13	27545912	27546344	-	ENSG00000139517	own-gene 3' UTR	1	ENSG00000139517	True	True	d	/home/sharedFolder/humanSTARindex/Homo_sapiens.GRCh38.99.gtf
37943	1	193250772	193251750	+	ENSG00000134371	own-gene 3' UTR	1	ENSG00000134371	True	True	d	/home/sharedFolder/humanSTARindex/Homo_sapiens.GRCh38.99.gtf
73160	11	5710438	5710863	+	ENSG00000132274	own-gene 3' UTR	1	ENSG00000132274	True	True	d	/home/sharedFolder/humanSTARindex/Homo_sapiens.GRCh38.99.gtf
50469	10	11336129	11336567	+	ENSG00000048740	own-gene 3' UTR	1	ENSG00000048740	True	True	d	/home/sharedFolder/humanSTARindex/Homo_sapiens.GRCh38.99.gtf
145976	14	92839462	92839966	+	ENSG00000066455	own-gene 3' UTR	1	ENSG00000066455	True	True	d	/home/sharedFolder/humanSTARindex/Homo_sapiens.GRCh38.99.gtf
40288	1	205720528	205720906	-	ENSG00000069275	exonic, not 3' UTR	1		True	True	d	/home/sharedFolder/humanSTARindex/Homo_sapiens.GRCh38.99.gtf
209774	18	9951989	9952772	+	ENSG00000101558	intronic (same-strand gene body)	1		True	False	d	/home/sharedFolder/humanSTARindex/Homo_sapiens.GRCh38.99.gtf
435881	7	102425443	102425450	+	ENSG00000128563	own-gene 3' UTR	1	ENSG00000128563	True	True	d	/home/sharedFolder/humanSTARindex/Homo_sapiens.GRCh38.99.gtf
6521	1	25242417	25242679	-	ENSG00000117616	own-gene 3' UTR	1	ENSG00000117616	True	True	d	/home/sharedFolder/humanSTARindex/Homo_sapiens.GRCh38.99.gtf
248317	2	74460880	74460883	+	ENSG00000115274	other-gene 3' UTR	2	ENSG00000239779,ENSG00000274049	False	True	d	/home/sharedFolder/humanSTARindex/Homo_sapiens.GRCh38.99.gtf
7349	1	27404225	27404230	-	ENSG00000158195	own-gene 3' UTR	1	ENSG00000158195	True	True	d	/home/sharedFolder/humanSTARindex/Homo_sapiens.GRCh38.99.gtf
124491	13	40958572	40958951	-	ENSG00000120690	exonic, not 3' UTR	1		True	True	d	/home/sharedFolder/humanSTARindex/Homo_sapiens.GRCh38.99.gtf
395516	6	30931723	30932155	-	ENSG00000196260	exonic, not 3' UTR	1		True	True	d	/home/sharedFolder/humanSTARindex/Homo_sapiens.GRCh38.99.gtf
89087	11	108106281	108107037	+	ENSG00000166266	own-gene 3' UTR	1	ENSG00000166266	True	True	d	/home/sharedFolder/humanSTARindex/Homo_sapiens.GRCh38.99.gtf
186286	17	5580423	5581351	-	ENSG00000091592	intronic (same-strand gene body)	1		True	False	d	/home/sharedFolder/humanSTARindex/Homo_sapiens.GRCh38.99.gtf
49434	10	5765219	5765232	-	ENSG00000057608	own-gene 3' UTR	1	ENSG00000057608	True	True	d	/home/sharedFolder/humanSTARindex/Homo_sapiens.GRCh38.99.gtf
482683	9	120828137	120828970	-	ENSG00000095261	intronic (same-strand gene body)	1		True	False	d	/home/sharedFolder/humanSTARindex/Homo_sapiens.GRCh38.99.gtf
172000	16	22337119	22340011	+	ENSG00000058600	outside any same-strand gene	0		False	False	d	/home/sharedFolder/humanSTARindex/Homo_sapiens.GRCh38.99.gtf
87605	11	95227176	95227776	-	ENSG00000149212	intronic (same-strand gene body)	1		True	False	d	/home/sharedFolder/humanSTARindex/Homo_sapiens.GRCh38.99.gtf
40673	1	206653304	206653982	+	ENSG00000143479	own-gene 3' UTR	1	ENSG00000143479	True	True	d	/home/sharedFolder/humanSTARindex/Homo_sapiens.GRCh38.99.gtf
241837	2	42253291	42254621	+	ENSG00000143924	intronic (same-strand gene body)	1		True	False	d	/home/sharedFolder/humanSTARindex/Homo_sapiens.GRCh38.99.gtf
193073	17	36499377	36500275	-	ENSG00000278259	exonic, not 3' UTR	1		True	True	d	/home/sharedFolder/humanSTARindex/Homo_sapiens.GRCh38.99.gtf
261814	2	161186270	161188575	+	ENSG00000136560	intronic (same-strand gene body)	1		True	False	d	/home/sharedFolder/humanSTARindex/Homo_sapiens.GRCh38.99.gtf
95520	12	6943871	6945324	+	ENSG00000111676	other-gene 3' UTR	2	ENSG00000111678	False	True	d	/home/sharedFolder/humanSTARindex/Homo_sapiens.GRCh38.99.gtf
440297	7	128770595	128770596	+	ENSG00000128595	own-gene 3' UTR	1	ENSG00000128595	True	True	d	/home/sharedFolder/humanSTARindex/Homo_sapiens.GRCh38.99.gtf
440296	7	128770128	128770132	+	ENSG00000128595	own-gene 3' UTR	1	ENSG00000128595	True	True	d	/home/sharedFolder/humanSTARindex/Homo_sapiens.GRCh38.99.gtf
52457	10	19817734	19818201	+	ENSG00000120594	intronic (same-strand gene body)	1		True	False	d	/home/sharedFolder/humanSTARindex/Homo_sapiens.GRCh38.99.gtf
244025	2	54305025	54305144	+	ENSG00000170634	own-gene 3' UTR	1	ENSG00000170634	True	True	d	/home/sharedFolder/humanSTARindex/Homo_sapiens.GRCh38.99.gtf
445169	7	150798252	150799483	-	ENSG00000106565	intronic (same-strand gene body)	1		True	False	d	/home/sharedFolder/humanSTARindex/Homo_sapiens.GRCh38.99.gtf
105402	12	53599959	53600881	-	ENSG00000267281	exonic, not 3' UTR	2		True	True	d	/home/sharedFolder/humanSTARindex/Homo_sapiens.GRCh38.99.gtf
94845	12	4285426	4285483	+	ENSG00000118971	exonic, not 3' UTR	2		True	True	d	/home/sharedFolder/humanSTARindex/Homo_sapiens.GRCh38.99.gtf
272206	2	219541451	219541866	-	ENSG00000123989	own-gene 3' UTR	1	ENSG00000123989	True	True	d	/home/sharedFolder/humanSTARindex/Homo_sapiens.GRCh38.99.gtf
305658	3	15377477	15377962	-	ENSG00000206562	outside any same-strand gene	0		False	False	d	/home/sharedFolder/humanSTARindex/Homo_sapiens.GRCh38.99.gtf
365681	5	42800120	42800131	-	ENSG00000250722	own-gene 3' UTR	1	ENSG00000250722	True	True	d	/home/sharedFolder/humanSTARindex/Homo_sapiens.GRCh38.99.gtf
33451	1	167790452	167790823	+	ENSG00000197965	own-gene 3' UTR	1	ENSG00000197965	True	True	d	/home/sharedFolder/humanSTARindex/Homo_sapiens.GRCh38.99.gtf
293984	21	46132374	46132848	+	ENSG00000142173	own-gene 3' UTR	1	ENSG00000142173	True	True	d	/home/sharedFolder/humanSTARindex/Homo_sapiens.GRCh38.99.gtf
223358	19	16102356	16102453	+	ENSG00000167460	own-gene 3' UTR	1	ENSG00000167460	True	True	d	/home/sharedFolder/humanSTARindex/Homo_sapiens.GRCh38.99.gtf
268332	2	200478075	200478530	+	ENSG00000196141	own-gene 3' UTR	1	ENSG00000196141	True	True	d	/home/sharedFolder/humanSTARindex/Homo_sapiens.GRCh38.99.gtf
55300	10	32900316	32900420	-	ENSG00000150093	own-gene 3' UTR	1	ENSG00000150093	True	True	d	/home/sharedFolder/humanSTARindex/Homo_sapiens.GRCh38.99.gtf
11637	1	41650542	41651026	-	ENSG00000127124	intronic (same-strand gene body)	1		True	False	d	/home/sharedFolder/humanSTARindex/Homo_sapiens.GRCh38.99.gtf
206180	17	78852976	78852977	-	ENSG00000035862	own-gene 3' UTR	1	ENSG00000035862	True	True	d	/home/sharedFolder/humanSTARindex/Homo_sapiens.GRCh38.99.gtf
329021	3	156541308	156542134	-	ENSG00000114850	own-gene 3' UTR	1	ENSG00000114850	True	True	d	/home/sharedFolder/humanSTARindex/Homo_sapiens.GRCh38.99.gtf
69749	10	119653172	119653621	+	ENSG00000151929	intronic (same-strand gene body)	1		True	False	d	/home/sharedFolder/humanSTARindex/Homo_sapiens.GRCh38.99.gtf
62232	10	75231219	75231280	+	ENSG00000165637	own-gene 3' UTR	1	ENSG00000165637	True	True	d	/home/sharedFolder/humanSTARindex/Homo_sapiens.GRCh38.99.gtf
161771	15	78897138	78897499	+	ENSG00000185787	own-gene 3' UTR	1	ENSG00000185787	True	True	d	/home/sharedFolder/humanSTARindex/Homo_sapiens.GRCh38.99.gtf
84566	11	74977543	74977778	+	ENSG00000118363	own-gene 3' UTR	1	ENSG00000118363	True	True	d	/home/sharedFolder/humanSTARindex/Homo_sapiens.GRCh38.99.gtf
239459	2	30159550	30159551	+	ENSG00000119801	own-gene 3' UTR	1	ENSG00000119801	True	True	d	/home/sharedFolder/humanSTARindex/Homo_sapiens.GRCh38.99.gtf
261772	2	161136976	161138294	+	ENSG00000136560	exonic, not 3' UTR	1		True	True	d	/home/sharedFolder/humanSTARindex/Homo_sapiens.GRCh38.99.gtf
22476	1	109675285	109675286	+	ENSG00000168765	other-gene 3' UTR	1	ENSG00000213366	False	True	d	/home/sharedFolder/humanSTARindex/Homo_sapiens.GRCh38.99.gtf
416209	6	159730108	159731492	+	ENSG00000146457	intronic (same-strand gene body)	1		True	False	d	/home/sharedFolder/humanSTARindex/Homo_sapiens.GRCh38.99.gtf
302006	22	45326227	45327168	+	ENSG00000100376	intronic (same-strand gene body)	1		True	False	d	/home/sharedFolder/humanSTARindex/Homo_sapiens.GRCh38.99.gtf
239489	2	30259651	30260028	+	ENSG00000213626	own-gene 3' UTR	1	ENSG00000213626	True	True	d	/home/sharedFolder/humanSTARindex/Homo_sapiens.GRCh38.99.gtf
431043	7	75923483	75924765	+	ENSG00000127948	intronic (same-strand gene body)	1		True	False	d	/home/sharedFolder/humanSTARindex/Homo_sapiens.GRCh38.99.gtf
410101	6	130839345	130839793	-	ENSG00000079819	own-gene 3' UTR	1	ENSG00000079819	True	True	d	/home/sharedFolder/humanSTARindex/Homo_sapiens.GRCh38.99.gtf
166230	16	1228335	1228336	-	ENSG00000197253	own-gene 3' UTR	1	ENSG00000197253	True	True	d	/home/sharedFolder/humanSTARindex/Homo_sapiens.GRCh38.99.gtf
349588	4	94298501	94299064	-	ENSG00000163106	own-gene 3' UTR	1	ENSG00000163106	True	True	d	/home/sharedFolder/humanSTARindex/Homo_sapiens.GRCh38.99.gtf
108681	12	68928849	68929370	-	ENSG00000135678	intronic (same-strand gene body)	1		True	False	d	/home/sharedFolder/humanSTARindex/Homo_sapiens.GRCh38.99.gtf
30872	1	156130713	156131507	+	ENSG00000160789	own-gene 3' UTR	1	ENSG00000160789	True	True	d	/home/sharedFolder/humanSTARindex/Homo_sapiens.GRCh38.99.gtf
409964	6	129707550	129708182	-	ENSG00000146376	intronic (same-strand gene body)	1		True	False	d	/home/sharedFolder/humanSTARindex/Homo_sapiens.GRCh38.99.gtf
40635	1	206581061	206581659	+	ENSG00000266094	intronic (same-strand gene body)	1		True	False	d	/home/sharedFolder/humanSTARindex/Homo_sapiens.GRCh38.99.gtf
14724	1	54235371	54235971	-	ENSG00000157216	intronic (same-strand gene body)	1		True	False	d	/home/sharedFolder/humanSTARindex/Homo_sapiens.GRCh38.99.gtf
444542	7	148733583	148734055	+	ENSG00000055130	intronic (same-strand gene body)	1		True	False	d	/home/sharedFolder/humanSTARindex/Homo_sapiens.GRCh38.99.gtf
271838	2	218396890	218396894	+	ENSG00000018280	own-gene 3' UTR	1	ENSG00000018280	True	True	d	/home/sharedFolder/humanSTARindex/Homo_sapiens.GRCh38.99.gtf
448577	8	16139316	16139351	-	ENSG00000038945	own-gene 3' UTR	1	ENSG00000038945	True	True	d	/home/sharedFolder/humanSTARindex/Homo_sapiens.GRCh38.99.gtf
121302	13	21148354	21148355	+	ENSG00000150459	own-gene 3' UTR	1	ENSG00000150459	True	True	d	/home/sharedFolder/humanSTARindex/Homo_sapiens.GRCh38.99.gtf
277966	20	5557850	5558096	-	ENSG00000125772	exonic, not 3' UTR	1		True	True	d	/home/sharedFolder/humanSTARindex/Homo_sapiens.GRCh38.99.gtf
275461	2	237683816	237685042	+	ENSG00000124831	exonic, not 3' UTR	1		True	True	d	/home/sharedFolder/humanSTARindex/Homo_sapiens.GRCh38.99.gtf
288904	21	14514315	14516115	-	ENSG00000155307	intronic (same-strand gene body)	1		True	False	d	/home/sharedFolder/humanSTARindex/Homo_sapiens.GRCh38.99.gtf
156995	15	60347133	60347180	-	ENSG00000182718	own-gene 3' UTR	1	ENSG00000182718	True	True	d	/home/sharedFolder/humanSTARindex/Homo_sapiens.GRCh38.99.gtf
96619	12	10158300	10158991	-	ENSG00000173391	own-gene 3' UTR	1	ENSG00000173391	True	True	d	/home/sharedFolder/humanSTARindex/Homo_sapiens.GRCh38.99.gtf
271837	2	218395775	218395967	+	ENSG00000018280	own-gene 3' UTR	1	ENSG00000018280	True	True	d	/home/sharedFolder/humanSTARindex/Homo_sapiens.GRCh38.99.gtf
210061	18	12326235	12326569	+	ENSG00000176014	own-gene 3' UTR	1	ENSG00000176014	True	True	d	/home/sharedFolder/humanSTARindex/Homo_sapiens.GRCh38.99.gtf
60540	10	71747555	71748018	-	ENSG00000107738	own-gene 3' UTR	1	ENSG00000107738	True	True	d	/home/sharedFolder/humanSTARindex/Homo_sapiens.GRCh38.99.gtf
3058	1	12200573	12201377	+	ENSG00000028137	intronic (same-strand gene body)	1		True	False	d	/home/sharedFolder/humanSTARindex/Homo_sapiens.GRCh38.99.gtf
161672	15	78546591	78546707	+	ENSG00000041357	exonic, not 3' UTR	1		True	True	d	/home/sharedFolder/humanSTARindex/Homo_sapiens.GRCh38.99.gtf
209778	18	9954398	9954508	+	ENSG00000101558	own-gene 3' UTR	1	ENSG00000101558	True	True	d	/home/sharedFolder/humanSTARindex/Homo_sapiens.GRCh38.99.gtf
282845	20	38128460	38128560	-	ENSG00000198959	own-gene 3' UTR	1	ENSG00000198959	True	True	d	/home/sharedFolder/humanSTARindex/Homo_sapiens.GRCh38.99.gtf
80510	11	62423144	62423195	+	ENSG00000149021	own-gene 3' UTR	1	ENSG00000149021	True	True	d	/home/sharedFolder/humanSTARindex/Homo_sapiens.GRCh38.99.gtf
481783	9	113163276	113164140	+	ENSG00000136867	own-gene 3' UTR	1	ENSG00000136867	True	True	d	/home/sharedFolder/humanSTARindex/Homo_sapiens.GRCh38.99.gtf
122794	13	30460891	30461060	-	ENSG00000189403	own-gene 3' UTR	1	ENSG00000189403	True	True	d	/home/sharedFolder/humanSTARindex/Homo_sapiens.GRCh38.99.gtf
327878	3	149962123	149962128	+	ENSG00000082996	own-gene 3' UTR	1	ENSG00000082996	True	True	d	/home/sharedFolder/humanSTARindex/Homo_sapiens.GRCh38.99.gtf
395465	6	30739250	30740279	-	ENSG00000137312	exonic, not 3' UTR	1		True	True	d	/home/sharedFolder/humanSTARindex/Homo_sapiens.GRCh38.99.gtf
122796	13	30461186	30461451	-	ENSG00000189403	own-gene 3' UTR	1	ENSG00000189403	True	True	d	/home/sharedFolder/humanSTARindex/Homo_sapiens.GRCh38.99.gtf
36820	1	183630136	183630647	-	ENSG00000162704	exonic, not 3' UTR	1		True	True	d	/home/sharedFolder/humanSTARindex/Homo_sapiens.GRCh38.99.gtf
259023	2	143768085	143768352	+	ENSG00000075884	own-gene 3' UTR	1	ENSG00000075884	True	True	d	/home/sharedFolder/humanSTARindex/Homo_sapiens.GRCh38.99.gtf
280658	20	32101749	32101856	+	ENSG00000101336	own-gene 3' UTR	1	ENSG00000101336	True	True	d	/home/sharedFolder/humanSTARindex/Homo_sapiens.GRCh38.99.gtf
4760	1	19623550	19623586	+	ENSG00000173436	exonic, not 3' UTR	3		True	True	d	/home/sharedFolder/humanSTARindex/Homo_sapiens.GRCh38.99.gtf
448081	8	11838666	11838764	+	ENSG00000079459	own-gene 3' UTR	1	ENSG00000079459	True	True	d	/home/sharedFolder/humanSTARindex/Homo_sapiens.GRCh38.99.gtf
404469	6	87674859	87675057	-	ENSG00000135334	own-gene 3' UTR	1	ENSG00000135334	True	True	d	/home/sharedFolder/humanSTARindex/Homo_sapiens.GRCh38.99.gtf
469416	9	19116377	19116413	-	ENSG00000147872	exonic, not 3' UTR	1		True	True	d	/home/sharedFolder/humanSTARindex/Homo_sapiens.GRCh38.99.gtf
395452	6	30727829	30727830	-	ENSG00000137312	own-gene 3' UTR	1	ENSG00000137312	True	True	d	/home/sharedFolder/humanSTARindex/Homo_sapiens.GRCh38.99.gtf
426390	7	44968297	44969048	-	ENSG00000136286	own-gene 3' UTR	1	ENSG00000136286	True	True	d	/home/sharedFolder/humanSTARindex/Homo_sapiens.GRCh38.99.gtf
282510	20	36890628	36890646	-	ENSG00000101347	own-gene 3' UTR	1	ENSG00000101347	True	True	d	/home/sharedFolder/humanSTARindex/Homo_sapiens.GRCh38.99.gtf
7610	1	27886670	27886679	+	ENSG00000130775	own-gene 3' UTR	1	ENSG00000130775	True	True	d	/home/sharedFolder/humanSTARindex/Homo_sapiens.GRCh38.99.gtf
113944	12	104349866	104350284	+	ENSG00000198431	own-gene 3' UTR	1	ENSG00000198431	True	True	d	/home/sharedFolder/humanSTARindex/Homo_sapiens.GRCh38.99.gtf
345911	4	74365235	74366324	+	ENSG00000124882	exonic, not 3' UTR	1		True	True	d	/home/sharedFolder/humanSTARindex/Homo_sapiens.GRCh38.99.gtf
65388	10	95237709	95237728	-	ENSG00000107438	own-gene 3' UTR	1	ENSG00000107438	True	True	d	/home/sharedFolder/humanSTARindex/Homo_sapiens.GRCh38.99.gtf
292719	21	41408313	41408943	+	ENSG00000183486	own-gene 3' UTR	1	ENSG00000183486	True	True	d	/home/sharedFolder/humanSTARindex/Homo_sapiens.GRCh38.99.gtf
264412	2	177219605	177219770	+	ENSG00000170144	own-gene 3' UTR	1	ENSG00000170144	True	True	d	/home/sharedFolder/humanSTARindex/Homo_sapiens.GRCh38.99.gtf
146241	14	94382398	94383151	-	ENSG00000197249	exonic, not 3' UTR	1		True	True	d	/home/sharedFolder/humanSTARindex/Homo_sapiens.GRCh38.99.gtf
288919	21	14531447	14532035	-	ENSG00000155307	intronic (same-strand gene body)	1		True	False	d	/home/sharedFolder/humanSTARindex/Homo_sapiens.GRCh38.99.gtf
199557	17	58658493	58659237	-	ENSG00000121101	intronic (same-strand gene body)	1		True	False	d	/home/sharedFolder/humanSTARindex/Homo_sapiens.GRCh38.99.gtf
119320	12	123418286	123421544	-	ENSG00000150977	intronic (same-strand gene body)	1		True	False	d	/home/sharedFolder/humanSTARindex/Homo_sapiens.GRCh38.99.gtf
82580	11	67398182	67398183	-	ENSG00000172531	own-gene 3' UTR	1	ENSG00000172531	True	True	d	/home/sharedFolder/humanSTARindex/Homo_sapiens.GRCh38.99.gtf
288921	21	14532880	14533890	-	ENSG00000155307	intronic (same-strand gene body)	1		True	False	d	/home/sharedFolder/humanSTARindex/Homo_sapiens.GRCh38.99.gtf
114775	12	108569367	108569368	+	ENSG00000136003	own-gene 3' UTR	1	ENSG00000136003	True	True	d	/home/sharedFolder/humanSTARindex/Homo_sapiens.GRCh38.99.gtf
500785	X	119619318	119619321	-	ENSG00000125354	own-gene 3' UTR	1	ENSG00000125354	True	True	d	/home/sharedFolder/humanSTARindex/Homo_sapiens.GRCh38.99.gtf
160218	15	72751293	72751371	-	ENSG00000159322	own-gene 3' UTR	1	ENSG00000159322	True	True	d	/home/sharedFolder/humanSTARindex/Homo_sapiens.GRCh38.99.gtf
482917	9	121340066	121340598	-	ENSG00000148175	own-gene 3' UTR	1	ENSG00000148175	True	True	d	/home/sharedFolder/humanSTARindex/Homo_sapiens.GRCh38.99.gtf
381727	5	139369594	139369717	+	ENSG00000120727	own-gene 3' UTR	1	ENSG00000120727	True	True	d	/home/sharedFolder/humanSTARindex/Homo_sapiens.GRCh38.99.gtf
91402	11	119015367	119016074	-	ENSG00000118181	own-gene 3' UTR	1	ENSG00000118181	True	True	d	/home/sharedFolder/humanSTARindex/Homo_sapiens.GRCh38.99.gtf
151741	15	39586431	39587239	+	ENSG00000137801	exonic, not 3' UTR	2		True	True	d	/home/sharedFolder/humanSTARindex/Homo_sapiens.GRCh38.99.gtf
288924	21	14537361	14538004	-	ENSG00000155307	intronic (same-strand gene body)	1		True	False	d	/home/sharedFolder/humanSTARindex/Homo_sapiens.GRCh38.99.gtf
1194	1	6100760	6101193	+	ENSG00000069424	own-gene 3' UTR	1	ENSG00000069424	True	True	d	/home/sharedFolder/humanSTARindex/Homo_sapiens.GRCh38.99.gtf
437249	7	106252239	106253318	-	ENSG00000105835	exonic, not 3' UTR	1		True	True	d	/home/sharedFolder/humanSTARindex/Homo_sapiens.GRCh38.99.gtf
136440	14	49894771	49894772	+	ENSG00000165527	own-gene 3' UTR	1	ENSG00000165527	True	True	d	/home/sharedFolder/humanSTARindex/Homo_sapiens.GRCh38.99.gtf
101746	12	32747023	32747024	-	ENSG00000139131	own-gene 3' UTR	1	ENSG00000139131	True	True	d	/home/sharedFolder/humanSTARindex/Homo_sapiens.GRCh38.99.gtf
411998	6	139372255	139372377	-	ENSG00000164442	own-gene 3' UTR	1	ENSG00000164442	True	True	d	/home/sharedFolder/humanSTARindex/Homo_sapiens.GRCh38.99.gtf
300467	22	40826006	40826273	-	ENSG00000100380	own-gene 3' UTR	1	ENSG00000100380	True	True	d	/home/sharedFolder/humanSTARindex/Homo_sapiens.GRCh38.99.gtf
95799	12	7930914	7930964	-	ENSG00000059804	intronic (same-strand gene body)	1		True	False	d	/home/sharedFolder/humanSTARindex/Homo_sapiens.GRCh38.99.gtf
73790	11	9138824	9139238	-	ENSG00000184014	own-gene 3' UTR	1	ENSG00000184014	True	True	d	/home/sharedFolder/humanSTARindex/Homo_sapiens.GRCh38.99.gtf
219956	19	6857079	6857366	+	ENSG00000141968	own-gene 3' UTR	1	ENSG00000141968	True	True	d	/home/sharedFolder/humanSTARindex/Homo_sapiens.GRCh38.99.gtf
474477	9	68247788	68248078	+	ENSG00000196873	own-gene 3' UTR	1	ENSG00000196873	True	True	d	/home/sharedFolder/humanSTARindex/Homo_sapiens.GRCh38.99.gtf
244177	2	55040875	55041535	-	ENSG00000115310	intronic (same-strand gene body)	1		True	False	d	/home/sharedFolder/humanSTARindex/Homo_sapiens.GRCh38.99.gtf
398844	6	41275202	41276116	-	ENSG00000124731	own-gene 3' UTR	1	ENSG00000124731	True	True	d	/home/sharedFolder/humanSTARindex/Homo_sapiens.GRCh38.99.gtf
89544	11	110463001	110463256	+	ENSG00000137714	own-gene 3' UTR	1	ENSG00000137714	True	True	d	/home/sharedFolder/humanSTARindex/Homo_sapiens.GRCh38.99.gtf
268386	2	200823657	200823846	+	ENSG00000082153	own-gene 3' UTR	1	ENSG00000082153	True	True	d	/home/sharedFolder/humanSTARindex/Homo_sapiens.GRCh38.99.gtf
209678	18	9792566	9793875	+	ENSG00000168461	intronic (same-strand gene body)	1		True	False	d	/home/sharedFolder/humanSTARindex/Homo_sapiens.GRCh38.99.gtf
21285	1	100291776	100291777	+	ENSG00000137996	own-gene 3' UTR	1	ENSG00000137996	True	True	d	/home/sharedFolder/humanSTARindex/Homo_sapiens.GRCh38.99.gtf
117166	12	118145007	118145230	+	ENSG00000089220	own-gene 3' UTR	1	ENSG00000089220	True	True	d	/home/sharedFolder/humanSTARindex/Homo_sapiens.GRCh38.99.gtf
14516	1	53051000	53051110	+	ENSG00000116171	own-gene 3' UTR	1	ENSG00000116171	True	True	d	/home/sharedFolder/humanSTARindex/Homo_sapiens.GRCh38.99.gtf
53771	10	26567456	26567880	+	ENSG00000077420	own-gene 3' UTR	1	ENSG00000077420	True	True	d	/home/sharedFolder/humanSTARindex/Homo_sapiens.GRCh38.99.gtf
327112	3	143517473	143517539	-	ENSG00000181804	exonic, not 3' UTR	2		True	True	d	/home/sharedFolder/humanSTARindex/Homo_sapiens.GRCh38.99.gtf
3052	1	12195470	12196374	+	ENSG00000028137	intronic (same-strand gene body)	1		True	False	d	/home/sharedFolder/humanSTARindex/Homo_sapiens.GRCh38.99.gtf
486550	9	134908310	134908721	-	ENSG00000085265	own-gene 3' UTR	1	ENSG00000085265	True	True	d	/home/sharedFolder/humanSTARindex/Homo_sapiens.GRCh38.99.gtf
19099	1	89107910	89108124	-	ENSG00000162645	own-gene 3' UTR	1	ENSG00000162645	True	True	d	/home/sharedFolder/humanSTARindex/Homo_sapiens.GRCh38.99.gtf
420428	7	12689163	12689178	+	ENSG00000122644	own-gene 3' UTR	1	ENSG00000122644	True	True	d	/home/sharedFolder/humanSTARindex/Homo_sapiens.GRCh38.99.gtf
454803	8	58582613	58582860	+	ENSG00000137575	own-gene 3' UTR	1	ENSG00000137575	True	True	d	/home/sharedFolder/humanSTARindex/Homo_sapiens.GRCh38.99.gtf
286789	20	58995184	58995418	-	ENSG00000101160	own-gene 3' UTR	1	ENSG00000101160	True	True	d	/home/sharedFolder/humanSTARindex/Homo_sapiens.GRCh38.99.gtf
275552	2	237766251	237767203	+	ENSG00000124831	intronic (same-strand gene body)	1		True	False	d	/home/sharedFolder/humanSTARindex/Homo_sapiens.GRCh38.99.gtf
152534	15	41899439	41900066	-	ENSG00000103966	own-gene 3' UTR	1	ENSG00000103966	True	True	d	/home/sharedFolder/humanSTARindex/Homo_sapiens.GRCh38.99.gtf
105302	12	53443242	53444031	+	ENSG00000205352	own-gene 3' UTR	2	ENSG00000205352	True	True	d	/home/sharedFolder/humanSTARindex/Homo_sapiens.GRCh38.99.gtf
474110	9	65681749	65681830	+	ENSG00000147996	own-gene 3' UTR	1	ENSG00000147996	True	True	d	/home/sharedFolder/humanSTARindex/Homo_sapiens.GRCh38.99.gtf
199124	17	57006642	57006768	+	ENSG00000121064	own-gene 3' UTR	1	ENSG00000121064	True	True	d	/home/sharedFolder/humanSTARindex/Homo_sapiens.GRCh38.99.gtf
431173	7	76304090	76304607	+	ENSG00000106211	own-gene 3' UTR	1	ENSG00000106211	True	True	d	/home/sharedFolder/humanSTARindex/Homo_sapiens.GRCh38.99.gtf
106325	12	56663521	56663834	-	ENSG00000110958	own-gene 3' UTR	1	ENSG00000110958	True	True	d	/home/sharedFolder/humanSTARindex/Homo_sapiens.GRCh38.99.gtf
244168	2	55026189	55027550	-	ENSG00000115310	exonic, not 3' UTR	1		True	True	d	/home/sharedFolder/humanSTARindex/Homo_sapiens.GRCh38.99.gtf
275654	2	238041541	238042100	+	ENSG00000184182	own-gene 3' UTR	2	ENSG00000184182	True	True	d	/home/sharedFolder/humanSTARindex/Homo_sapiens.GRCh38.99.gtf
105839	12	55836421	55836916	-	ENSG00000123342	own-gene 3' UTR	1	ENSG00000123342	True	True	d	/home/sharedFolder/humanSTARindex/Homo_sapiens.GRCh38.99.gtf
27947	1	149432742	149434295	+	ENSG00000286219	intronic (same-strand gene body)	2		True	False	d	/home/sharedFolder/humanSTARindex/Homo_sapiens.GRCh38.99.gtf
271830	2	218390296	218391046	+	ENSG00000018280	intronic (same-strand gene body)	1		True	False	d	/home/sharedFolder/humanSTARindex/Homo_sapiens.GRCh38.99.gtf
446387	7	157385913	157385916	+	ENSG00000105993	own-gene 3' UTR	1	ENSG00000105993	True	True	d	/home/sharedFolder/humanSTARindex/Homo_sapiens.GRCh38.99.gtf
488987	X	2220710	2220851	-	ENSG00000169084	own-gene 3' UTR	1	ENSG00000169084	True	True	d	/home/sharedFolder/humanSTARindex/Homo_sapiens.GRCh38.99.gtf
288894	21	14500165	14500906	-	ENSG00000155307	exonic, not 3' UTR	1		True	True	d	/home/sharedFolder/humanSTARindex/Homo_sapiens.GRCh38.99.gtf
333625	3	185917038	185917126	-	ENSG00000136527	own-gene 3' UTR	1	ENSG00000136527	True	True	d	/home/sharedFolder/humanSTARindex/Homo_sapiens.GRCh38.99.gtf
130097	13	99291812	99293014	-	ENSG00000169508	outside any same-strand gene	0		False	False	d	/home/sharedFolder/humanSTARindex/Homo_sapiens.GRCh38.99.gtf
416259	6	159778951	159779117	-	ENSG00000120438	own-gene 3' UTR	1	ENSG00000120438	True	True	d	/home/sharedFolder/humanSTARindex/Homo_sapiens.GRCh38.99.gtf
67507	10	103088148	103088155	-	ENSG00000076685	own-gene 3' UTR	1	ENSG00000076685	True	True	d	/home/sharedFolder/humanSTARindex/Homo_sapiens.GRCh38.99.gtf
166745	16	2604808	2606213	+	ENSG00000140992	intronic (same-strand gene body)	1		False	False	d	/home/sharedFolder/humanSTARindex/Homo_sapiens.GRCh38.99.gtf
176193	16	50796710	50796886	+	ENSG00000083799	own-gene 3' UTR	1	ENSG00000083799	True	True	d	/home/sharedFolder/humanSTARindex/Homo_sapiens.GRCh38.99.gtf
52671	10	20280615	20281764	+	ENSG00000120594	own-gene 3' UTR	1	ENSG00000120594	True	True	d	/home/sharedFolder/humanSTARindex/Homo_sapiens.GRCh38.99.gtf
105861	12	55901411	55901802	-	ENSG00000170473	own-gene 3' UTR	1	ENSG00000170473	True	True	d	/home/sharedFolder/humanSTARindex/Homo_sapiens.GRCh38.99.gtf
299010	22	36510854	36510862	-	ENSG00000100353	own-gene 3' UTR	1	ENSG00000100353	True	True	d	/home/sharedFolder/humanSTARindex/Homo_sapiens.GRCh38.99.gtf
141221	14	68874122	68874320	-	ENSG00000072110	own-gene 3' UTR	1	ENSG00000072110	True	True	d	/home/sharedFolder/humanSTARindex/Homo_sapiens.GRCh38.99.gtf
287798	20	63931560	63931821	+	ENSG00000101152	own-gene 3' UTR	1	ENSG00000101152	True	True	d	/home/sharedFolder/humanSTARindex/Homo_sapiens.GRCh38.99.gtf
7465	1	27632103	27632671	-	ENSG00000000938	intronic (same-strand gene body)	1		True	False	d	/home/sharedFolder/humanSTARindex/Homo_sapiens.GRCh38.99.gtf
252599	2	101276654	101276764	-	ENSG00000163162	own-gene 3' UTR	1	ENSG00000163162	True	True	d	/home/sharedFolder/humanSTARindex/Homo_sapiens.GRCh38.99.gtf
63166	10	80522528	80522638	+	ENSG00000108219	own-gene 3' UTR	1	ENSG00000108219	True	True	d	/home/sharedFolder/humanSTARindex/Homo_sapiens.GRCh38.99.gtf
119316	12	123415388	123415389	-	ENSG00000150977	own-gene 3' UTR	1	ENSG00000150977	True	True	d	/home/sharedFolder/humanSTARindex/Homo_sapiens.GRCh38.99.gtf
229244	19	41586560	41586844	+	ENSG00000007129	own-gene 3' UTR	1	ENSG00000007129	True	True	d	/home/sharedFolder/humanSTARindex/Homo_sapiens.GRCh38.99.gtf
106384	12	56712366	56712510	-	ENSG00000196531	own-gene 3' UTR	1	ENSG00000196531	True	True	d	/home/sharedFolder/humanSTARindex/Homo_sapiens.GRCh38.99.gtf
300468	22	40826461	40826590	-	ENSG00000100380	own-gene 3' UTR	1	ENSG00000100380	True	True	d	/home/sharedFolder/humanSTARindex/Homo_sapiens.GRCh38.99.gtf
229239	19	41566367	41566824	+	ENSG00000007129	intronic (same-strand gene body)	1		True	False	d	/home/sharedFolder/humanSTARindex/Homo_sapiens.GRCh38.99.gtf
266385	2	190199841	190200445	+	ENSG00000187699	own-gene 3' UTR	1	ENSG00000187699	True	True	d	/home/sharedFolder/humanSTARindex/Homo_sapiens.GRCh38.99.gtf
305839	3	15744237	15746309	-	ENSG00000206560	intronic (same-strand gene body)	1		True	False	d	/home/sharedFolder/humanSTARindex/Homo_sapiens.GRCh38.99.gtf
346596	4	77048306	77048307	-	ENSG00000118816	exonic, not 3' UTR	1		True	True	d	/home/sharedFolder/humanSTARindex/Homo_sapiens.GRCh38.99.gtf
369190	5	66080085	66080516	+	ENSG00000112851	own-gene 3' UTR	1	ENSG00000112851	True	True	d	/home/sharedFolder/humanSTARindex/Homo_sapiens.GRCh38.99.gtf
414015	6	150935536	150935537	+	ENSG00000120254	exonic, not 3' UTR	2		True	True	d	/home/sharedFolder/humanSTARindex/Homo_sapiens.GRCh38.99.gtf
331296	3	172134315	172135018	+	ENSG00000075420	intronic (same-strand gene body)	1		True	False	d	/home/sharedFolder/humanSTARindex/Homo_sapiens.GRCh38.99.gtf
134721	14	34999866	35000985	+	ENSG00000100883	exonic, not 3' UTR	1		True	True	d	/home/sharedFolder/humanSTARindex/Homo_sapiens.GRCh38.99.gtf
90926	11	118001476	118001524	+	ENSG00000110324	own-gene 3' UTR	1	ENSG00000110324	True	True	d	/home/sharedFolder/humanSTARindex/Homo_sapiens.GRCh38.99.gtf
442522	7	137884096	137884762	-	ENSG00000182158	own-gene 3' UTR	1	ENSG00000182158	True	True	d	/home/sharedFolder/humanSTARindex/Homo_sapiens.GRCh38.99.gtf
80554	11	62536941	62538234	-	ENSG00000124942	intronic (same-strand gene body)	1		True	False	d	/home/sharedFolder/humanSTARindex/Homo_sapiens.GRCh38.99.gtf
311729	3	48688002	48688005	-	ENSG00000068745	own-gene 3' UTR	1	ENSG00000068745	True	True	d	/home/sharedFolder/humanSTARindex/Homo_sapiens.GRCh38.99.gtf
322801	3	122681377	122683103	+	ENSG00000173193	intronic (same-strand gene body)	1		True	False	d	/home/sharedFolder/humanSTARindex/Homo_sapiens.GRCh38.99.gtf
395256	6	30494141	30494194	+	ENSG00000204592	own-gene 3' UTR	1	ENSG00000204592	True	True	d	/home/sharedFolder/humanSTARindex/Homo_sapiens.GRCh38.99.gtf
11886	1	42702096	42702363	+	ENSG00000065978	own-gene 3' UTR	1	ENSG00000065978	True	True	d	/home/sharedFolder/humanSTARindex/Homo_sapiens.GRCh38.99.gtf
106636	12	57472263	57472619	-	ENSG00000123329	own-gene 3' UTR	1	ENSG00000123329	True	True	d	/home/sharedFolder/humanSTARindex/Homo_sapiens.GRCh38.99.gtf
7544	1	27802433	27804672	+	ENSG00000117758	intronic (same-strand gene body)	1		True	False	d	/home/sharedFolder/humanSTARindex/Homo_sapiens.GRCh38.99.gtf
299128	22	37315340	37315348	+	ENSG00000100055	own-gene 3' UTR	1	ENSG00000100055	True	True	d	/home/sharedFolder/humanSTARindex/Homo_sapiens.GRCh38.99.gtf
420427	7	12688780	12689044	+	ENSG00000122644	own-gene 3' UTR	1	ENSG00000122644	True	True	d	/home/sharedFolder/humanSTARindex/Homo_sapiens.GRCh38.99.gtf
342222	4	40197082	40199490	+	ENSG00000168421	exonic, not 3' UTR	1		True	True	d	/home/sharedFolder/humanSTARindex/Homo_sapiens.GRCh38.99.gtf
438732	7	114923655	114923669	+	ENSG00000135272	own-gene 3' UTR	1	ENSG00000135272	True	True	d	/home/sharedFolder/humanSTARindex/Homo_sapiens.GRCh38.99.gtf
260873	2	157439358	157442361	-	ENSG00000115165	exonic, not 3' UTR	1		True	True	d	/home/sharedFolder/humanSTARindex/Homo_sapiens.GRCh38.99.gtf
35136	1	174958134	174958187	+	ENSG00000152061	own-gene 3' UTR	1	ENSG00000152061	True	True	d	/home/sharedFolder/humanSTARindex/Homo_sapiens.GRCh38.99.gtf
84100	11	73675746	73677878	-	ENSG00000175582	own-gene 3' UTR	1	ENSG00000175582	True	True	d	/home/sharedFolder/humanSTARindex/Homo_sapiens.GRCh38.99.gtf
394268	6	26546936	26546937	+	ENSG00000182952	outside any same-strand gene	0		False	False	d	/home/sharedFolder/humanSTARindex/Homo_sapiens.GRCh38.99.gtf
299120	22	37297611	37298410	+	ENSG00000100055	exonic, not 3' UTR	1		True	True	d	/home/sharedFolder/humanSTARindex/Homo_sapiens.GRCh38.99.gtf
218642	19	3180931	3181921	+	ENSG00000125910	outside any same-strand gene	0		False	False	d	/home/sharedFolder/humanSTARindex/Homo_sapiens.GRCh38.99.gtf
365242	5	39125891	39126502	-	ENSG00000082074	own-gene 3' UTR	1	ENSG00000082074	True	True	d	/home/sharedFolder/humanSTARindex/Homo_sapiens.GRCh38.99.gtf
112521	12	96000646	96000973	-	ENSG00000111144	own-gene 3' UTR	1	ENSG00000111144	True	True	d	/home/sharedFolder/humanSTARindex/Homo_sapiens.GRCh38.99.gtf
128145	13	75284670	75285477	-	ENSG00000136111	own-gene 3' UTR	1	ENSG00000136111	True	True	d	/home/sharedFolder/humanSTARindex/Homo_sapiens.GRCh38.99.gtf
467254	9	465142	465270	+	ENSG00000107099	own-gene 3' UTR	1	ENSG00000107099	True	True	d	/home/sharedFolder/humanSTARindex/Homo_sapiens.GRCh38.99.gtf
252582	2	101271212	101271644	-	ENSG00000163162	own-gene 3' UTR	1	ENSG00000163162	True	True	d	/home/sharedFolder/humanSTARindex/Homo_sapiens.GRCh38.99.gtf
298351	22	32387574	32387596	-	ENSG00000100220	own-gene 3' UTR	1	ENSG00000100220	True	True	d	/home/sharedFolder/humanSTARindex/Homo_sapiens.GRCh38.99.gtf
229094	19	41330913	41330914	-	ENSG00000105329	own-gene 3' UTR	1	ENSG00000105329	True	True	d	/home/sharedFolder/humanSTARindex/Homo_sapiens.GRCh38.99.gtf
185842	17	4721470	4721500	+	ENSG00000141480	own-gene 3' UTR	1	ENSG00000141480	True	True	d	/home/sharedFolder/humanSTARindex/Homo_sapiens.GRCh38.99.gtf
195018	17	42311300	42311943	+	ENSG00000126561	own-gene 3' UTR	1	ENSG00000126561	True	True	d	/home/sharedFolder/humanSTARindex/Homo_sapiens.GRCh38.99.gtf
401031	6	53345848	53346582	-	ENSG00000012660	intronic (same-strand gene body)	1		True	False	d	/home/sharedFolder/humanSTARindex/Homo_sapiens.GRCh38.99.gtf
424537	7	36512968	36513281	-	ENSG00000136250	own-gene 3' UTR	1	ENSG00000136250	True	True	d	/home/sharedFolder/humanSTARindex/Homo_sapiens.GRCh38.99.gtf
364497	5	35867327	35868475	+	ENSG00000168685	own-gene 3' UTR	1	ENSG00000168685	True	True	d	/home/sharedFolder/humanSTARindex/Homo_sapiens.GRCh38.99.gtf
282508	20	36890212	36890229	-	ENSG00000101347	own-gene 3' UTR	1	ENSG00000101347	True	True	d	/home/sharedFolder/humanSTARindex/Homo_sapiens.GRCh38.99.gtf
389416	6	2833495	2833646	-	ENSG00000021355	own-gene 3' UTR	1	ENSG00000021355	True	True	d	/home/sharedFolder/humanSTARindex/Homo_sapiens.GRCh38.99.gtf
477328	9	87731258	87731469	+	ENSG00000135047	own-gene 3' UTR	1	ENSG00000135047	True	True	d	/home/sharedFolder/humanSTARindex/Homo_sapiens.GRCh38.99.gtf
381202	5	138349599	138349729	+	ENSG00000120709	own-gene 3' UTR	1	ENSG00000120709	True	True	d	/home/sharedFolder/humanSTARindex/Homo_sapiens.GRCh38.99.gtf
322359	3	121631398	121631527	-	ENSG00000180353	own-gene 3' UTR	1	ENSG00000180353	True	True	d	/home/sharedFolder/humanSTARindex/Homo_sapiens.GRCh38.99.gtf
22023	1	108638935	108639410	+	ENSG00000162636	own-gene 3' UTR	1	ENSG00000162636	True	True	d	/home/sharedFolder/humanSTARindex/Homo_sapiens.GRCh38.99.gtf
290348	21	31181858	31182337	-	ENSG00000156299	intronic (same-strand gene body)	1		True	False	d	/home/sharedFolder/humanSTARindex/Homo_sapiens.GRCh38.99.gtf
64970	10	92850530	92851595	+	ENSG00000138190	intronic (same-strand gene body)	1		True	False	d	/home/sharedFolder/humanSTARindex/Homo_sapiens.GRCh38.99.gtf
51826	10	16592742	16593047	-	ENSG00000148484	own-gene 3' UTR	1	ENSG00000148484	True	True	d	/home/sharedFolder/humanSTARindex/Homo_sapiens.GRCh38.99.gtf
205334	17	76735516	76736411	-	ENSG00000161547	own-gene 3' UTR	1	ENSG00000161547	True	True	d	/home/sharedFolder/humanSTARindex/Homo_sapiens.GRCh38.99.gtf
305763	3	15645372	15645822	+	ENSG00000169814	own-gene 3' UTR	1	ENSG00000169814	True	True	d	/home/sharedFolder/humanSTARindex/Homo_sapiens.GRCh38.99.gtf
297511	22	29788607	29788981	-	ENSG00000100325	own-gene 3' UTR	1	ENSG00000100325	True	True	d	/home/sharedFolder/humanSTARindex/Homo_sapiens.GRCh38.99.gtf
92942	11	128811400	128812416	+	ENSG00000151702	own-gene 3' UTR	1	ENSG00000151702	True	True	d	/home/sharedFolder/humanSTARindex/Homo_sapiens.GRCh38.99.gtf
29874	1	154156355	154156473	-	ENSG00000143549	own-gene 3' UTR	1	ENSG00000143549	True	True	d	/home/sharedFolder/humanSTARindex/Homo_sapiens.GRCh38.99.gtf
269770	2	203936825	203937869	+	ENSG00000163600	exonic, not 3' UTR	1		True	True	d	/home/sharedFolder/humanSTARindex/Homo_sapiens.GRCh38.99.gtf
122998	13	31136556	31136800	-	ENSG00000120694	own-gene 3' UTR	1	ENSG00000120694	True	True	d	/home/sharedFolder/humanSTARindex/Homo_sapiens.GRCh38.99.gtf
11116	1	40072499	40072648	+	ENSG00000131236	own-gene 3' UTR	1	ENSG00000131236	True	True	d	/home/sharedFolder/humanSTARindex/Homo_sapiens.GRCh38.99.gtf
171829	16	21954338	21954969	+	ENSG00000140740	intronic (same-strand gene body)	1		True	False	d	/home/sharedFolder/humanSTARindex/Homo_sapiens.GRCh38.99.gtf
300500	22	40855268	40856696	-	ENSG00000100380	exonic, not 3' UTR	1		True	True	d	/home/sharedFolder/humanSTARindex/Homo_sapiens.GRCh38.99.gtf
59392	10	63522034	63523586	+	ENSG00000165476	intronic (same-strand gene body)	1		True	False	d	/home/sharedFolder/humanSTARindex/Homo_sapiens.GRCh38.99.gtf
323978	3	128811250	128812125	+	ENSG00000075785	intronic (same-strand gene body)	1		True	False	d	/home/sharedFolder/humanSTARindex/Homo_sapiens.GRCh38.99.gtf
37303	1	185297696	185297882	-	ENSG00000116679	own-gene 3' UTR	1	ENSG00000116679	True	True	d	/home/sharedFolder/humanSTARindex/Homo_sapiens.GRCh38.99.gtf
19364	1	89935570	89936002	+	ENSG00000271949	other-gene 3' UTR	1	ENSG00000171492	False	True	d	/home/sharedFolder/humanSTARindex/Homo_sapiens.GRCh38.99.gtf
396378	6	32859537	32859585	+	ENSG00000240065	own-gene 3' UTR	1	ENSG00000240065	True	True	d	/home/sharedFolder/humanSTARindex/Homo_sapiens.GRCh38.99.gtf
140066	14	64536716	64537447	+	ENSG00000126804	intronic (same-strand gene body)	1		False	False	d	/home/sharedFolder/humanSTARindex/Homo_sapiens.GRCh38.99.gtf
324115	3	129170177	129170443	-	ENSG00000169714	own-gene 3' UTR	1	ENSG00000169714	True	True	d	/home/sharedFolder/humanSTARindex/Homo_sapiens.GRCh38.99.gtf
285266	20	49952210	49952219	+	ENSG00000124226	own-gene 3' UTR	1	ENSG00000124226	True	True	d	/home/sharedFolder/humanSTARindex/Homo_sapiens.GRCh38.99.gtf
224378	19	18302675	18303545	-	ENSG00000130520	outside any same-strand gene	0		False	False	d	/home/sharedFolder/humanSTARindex/Homo_sapiens.GRCh38.99.gtf
148546	14	105063480	105064902	-	ENSG00000183484	intronic (same-strand gene body)	1		True	False	d	/home/sharedFolder/humanSTARindex/Homo_sapiens.GRCh38.99.gtf
485351	9	129977320	129978924	-	ENSG00000187239	exonic, not 3' UTR	1		True	True	d	/home/sharedFolder/humanSTARindex/Homo_sapiens.GRCh38.99.gtf
396376	6	32858428	32858966	+	ENSG00000240065	exonic, not 3' UTR	1		True	True	d	/home/sharedFolder/humanSTARindex/Homo_sapiens.GRCh38.99.gtf
105846	12	55841539	55841585	-	ENSG00000123342	intronic (same-strand gene body)	1		True	False	d	/home/sharedFolder/humanSTARindex/Homo_sapiens.GRCh38.99.gtf
350668	4	102505185	102506726	+	ENSG00000109320	intronic (same-strand gene body)	1		True	False	d	/home/sharedFolder/humanSTARindex/Homo_sapiens.GRCh38.99.gtf
7486	1	27666063	27666298	-	ENSG00000126709	own-gene 3' UTR	1	ENSG00000126709	True	True	d	/home/sharedFolder/humanSTARindex/Homo_sapiens.GRCh38.99.gtf
172742	16	24540511	24540650	+	ENSG00000122257	exonic, not 3' UTR	1		True	True	d	/home/sharedFolder/humanSTARindex/Homo_sapiens.GRCh38.99.gtf
452576	8	38946863	38948161	+	ENSG00000169499	intronic (same-strand gene body)	1		True	False	d	/home/sharedFolder/humanSTARindex/Homo_sapiens.GRCh38.99.gtf
231736	19	48960883	48961075	+	ENSG00000087088	own-gene 3' UTR	1	ENSG00000087088	True	True	d	/home/sharedFolder/humanSTARindex/Homo_sapiens.GRCh38.99.gtf
128158	13	75311402	75312909	-	ENSG00000136111	exonic, not 3' UTR	1		True	True	d	/home/sharedFolder/humanSTARindex/Homo_sapiens.GRCh38.99.gtf
30819	1	156054827	156056319	+	ENSG00000116586	exonic, not 3' UTR	1		True	True	d	/home/sharedFolder/humanSTARindex/Homo_sapiens.GRCh38.99.gtf
397825	6	36602054	36602547	+	ENSG00000112081	own-gene 3' UTR	1	ENSG00000112081	True	True	d	/home/sharedFolder/humanSTARindex/Homo_sapiens.GRCh38.99.gtf
428448	7	66802473	66803155	+	ENSG00000284461	intronic (same-strand gene body)	2		True	False	d	/home/sharedFolder/humanSTARindex/Homo_sapiens.GRCh38.99.gtf
350686	4	102523533	102524049	+	ENSG00000109320	intronic (same-strand gene body)	1		True	False	d	/home/sharedFolder/humanSTARindex/Homo_sapiens.GRCh38.99.gtf
82219	11	66640613	66641189	+	ENSG00000248643	other-gene 3' UTR	2	ENSG00000173933	True	True	d	/home/sharedFolder/humanSTARindex/Homo_sapiens.GRCh38.99.gtf
266792	2	190975534	190975984	-	ENSG00000115415	own-gene 3' UTR	1	ENSG00000115415	True	True	d	/home/sharedFolder/humanSTARindex/Homo_sapiens.GRCh38.99.gtf
66319	10	98417014	98417029	-	ENSG00000107521	own-gene 3' UTR	1	ENSG00000107521	True	True	d	/home/sharedFolder/humanSTARindex/Homo_sapiens.GRCh38.99.gtf
299604	22	38685542	38685626	-	ENSG00000100221	own-gene 3' UTR	1	ENSG00000100221	True	True	d	/home/sharedFolder/humanSTARindex/Homo_sapiens.GRCh38.99.gtf
318509	3	101852055	101852603	+	ENSG00000144802	exonic, not 3' UTR	1		True	True	d	/home/sharedFolder/humanSTARindex/Homo_sapiens.GRCh38.99.gtf
414085	6	151099564	151100018	+	ENSG00000120254	exonic, not 3' UTR	2		True	True	d	/home/sharedFolder/humanSTARindex/Homo_sapiens.GRCh38.99.gtf
310396	3	43720424	43722905	+	ENSG00000011198	own-gene 3' UTR	1	ENSG00000011198	True	True	d	/home/sharedFolder/humanSTARindex/Homo_sapiens.GRCh38.99.gtf
266769	2	190960338	190960965	-	ENSG00000115415	intronic (same-strand gene body)	1		True	False	d	/home/sharedFolder/humanSTARindex/Homo_sapiens.GRCh38.99.gtf
104195	12	50112132	50113290	+	ENSG00000167588	exonic, not 3' UTR	2		False	True	d	/home/sharedFolder/humanSTARindex/Homo_sapiens.GRCh38.99.gtf
90970	11	118193842	118193968	-	ENSG00000160593	own-gene 3' UTR	1	ENSG00000160593	True	True	d	/home/sharedFolder/humanSTARindex/Homo_sapiens.GRCh38.99.gtf
404785	6	89336121	89338288	-	ENSG00000198833	exonic, not 3' UTR	1		True	True	d	/home/sharedFolder/humanSTARindex/Homo_sapiens.GRCh38.99.gtf
247018	2	69457994	69458470	-	ENSG00000115977	own-gene 3' UTR	1	ENSG00000115977	True	True	d	/home/sharedFolder/humanSTARindex/Homo_sapiens.GRCh38.99.gtf
218897	19	4046331	4047031	-	ENSG00000178951	own-gene 3' UTR	1	ENSG00000178951	True	True	d	/home/sharedFolder/humanSTARindex/Homo_sapiens.GRCh38.99.gtf
432530	7	87196159	87196199	-	ENSG00000135185	own-gene 3' UTR	1	ENSG00000135185	True	True	d	/home/sharedFolder/humanSTARindex/Homo_sapiens.GRCh38.99.gtf
356396	4	148072399	148072778	+	ENSG00000071205	own-gene 3' UTR	1	ENSG00000071205	True	True	d	/home/sharedFolder/humanSTARindex/Homo_sapiens.GRCh38.99.gtf
277954	20	5546963	5547084	-	ENSG00000125772	own-gene 3' UTR	1	ENSG00000125772	True	True	d	/home/sharedFolder/humanSTARindex/Homo_sapiens.GRCh38.99.gtf
81256	11	64740865	64741081	-	ENSG00000068831	own-gene 3' UTR	1	ENSG00000068831	True	True	d	/home/sharedFolder/humanSTARindex/Homo_sapiens.GRCh38.99.gtf
371160	5	72914385	72914388	+	ENSG00000083312	own-gene 3' UTR	1	ENSG00000083312	True	True	d	/home/sharedFolder/humanSTARindex/Homo_sapiens.GRCh38.99.gtf
30135	1	154924739	154924740	-	ENSG00000163344	own-gene 3' UTR	1	ENSG00000163344	True	True	d	/home/sharedFolder/humanSTARindex/Homo_sapiens.GRCh38.99.gtf
232399	19	50487500	50489998	+	ENSG00000161671	own-gene 3' UTR	1	ENSG00000161671	True	True	d	/home/sharedFolder/humanSTARindex/Homo_sapiens.GRCh38.99.gtf
402812	6	73519358	73519539	-	ENSG00000156508	exonic, not 3' UTR	1		True	True	d	/home/sharedFolder/humanSTARindex/Homo_sapiens.GRCh38.99.gtf
326124	3	139388731	139389559	-	ENSG00000184432	exonic, not 3' UTR	1		True	True	d	/home/sharedFolder/humanSTARindex/Homo_sapiens.GRCh38.99.gtf
253716	2	108767235	108769204	+	ENSG00000153201	exonic, not 3' UTR	1		True	True	d	/home/sharedFolder/humanSTARindex/Homo_sapiens.GRCh38.99.gtf
411231	6	136556798	136557416	-	ENSG00000197442	own-gene 3' UTR	1	ENSG00000197442	True	True	d	/home/sharedFolder/humanSTARindex/Homo_sapiens.GRCh38.99.gtf
385937	5	168492732	168493990	+	ENSG00000113643	own-gene 3' UTR	1	ENSG00000113643	True	True	d	/home/sharedFolder/humanSTARindex/Homo_sapiens.GRCh38.99.gtf
158606	15	65659122	65659932	-	ENSG00000174485	own-gene 3' UTR	1	ENSG00000174485	True	True	d	/home/sharedFolder/humanSTARindex/Homo_sapiens.GRCh38.99.gtf
479837	9	99865180	99865713	+	ENSG00000119508	own-gene 3' UTR	1	ENSG00000119508	True	True	d	/home/sharedFolder/humanSTARindex/Homo_sapiens.GRCh38.99.gtf
428434	7	66780797	66781296	+	ENSG00000284461	intronic (same-strand gene body)	2		True	False	d	/home/sharedFolder/humanSTARindex/Homo_sapiens.GRCh38.99.gtf
234048	19	55391420	55392142	+	ENSG00000108107	own-gene 3' UTR	1	ENSG00000108107	True	True	d	/home/sharedFolder/humanSTARindex/Homo_sapiens.GRCh38.99.gtf
37298	1	185296387	185296414	-	ENSG00000116679	own-gene 3' UTR	1	ENSG00000116679	True	True	d	/home/sharedFolder/humanSTARindex/Homo_sapiens.GRCh38.99.gtf
92324	11	123431949	123432614	+	ENSG00000023171	exonic, not 3' UTR	1		True	True	d	/home/sharedFolder/humanSTARindex/Homo_sapiens.GRCh38.99.gtf
470300	9	27533746	27534466	-	ENSG00000147894	outside any same-strand gene	0		False	False	d	/home/sharedFolder/humanSTARindex/Homo_sapiens.GRCh38.99.gtf
65043	10	93059070	93059490	+	ENSG00000138190	own-gene 3' UTR	1	ENSG00000138190	True	True	d	/home/sharedFolder/humanSTARindex/Homo_sapiens.GRCh38.99.gtf
485262	9	129891880	129892269	-	ENSG00000187239	intronic (same-strand gene body)	1		True	False	d	/home/sharedFolder/humanSTARindex/Homo_sapiens.GRCh38.99.gtf
381198	5	138341847	138343540	+	ENSG00000120709	exonic, not 3' UTR	1		True	True	d	/home/sharedFolder/humanSTARindex/Homo_sapiens.GRCh38.99.gtf
124535	13	41012493	41013274	-	ENSG00000120690	intronic (same-strand gene body)	1		True	False	d	/home/sharedFolder/humanSTARindex/Homo_sapiens.GRCh38.99.gtf
81780	11	65719683	65719718	-	ENSG00000172922	own-gene 3' UTR	1	ENSG00000172922	True	True	d	/home/sharedFolder/humanSTARindex/Homo_sapiens.GRCh38.99.gtf
75779	11	18278595	18279648	-	ENSG00000110756	own-gene 3' UTR	1	ENSG00000110756	True	True	d	/home/sharedFolder/humanSTARindex/Homo_sapiens.GRCh38.99.gtf
28655	1	150561536	150562168	+	ENSG00000143382	outside any same-strand gene	0		False	False	d	/home/sharedFolder/humanSTARindex/Homo_sapiens.GRCh38.99.gtf
29878	1	154157284	154157377	-	ENSG00000143549	own-gene 3' UTR	1	ENSG00000143549	True	True	d	/home/sharedFolder/humanSTARindex/Homo_sapiens.GRCh38.99.gtf
382598	5	142149609	142150836	+	ENSG00000131507	intronic (same-strand gene body)	1		True	False	d	/home/sharedFolder/humanSTARindex/Homo_sapiens.GRCh38.99.gtf
192787	17	35723753	35724224	+	ENSG00000006125	own-gene 3' UTR	2	ENSG00000006125	True	True	d	/home/sharedFolder/humanSTARindex/Homo_sapiens.GRCh38.99.gtf
92105	11	122760927	122761341	+	ENSG00000154127	intronic (same-strand gene body)	1		True	False	d	/home/sharedFolder/humanSTARindex/Homo_sapiens.GRCh38.99.gtf
37310	1	185305887	185307913	-	ENSG00000116679	own-gene 3' UTR	1	ENSG00000116679	True	True	d	/home/sharedFolder/humanSTARindex/Homo_sapiens.GRCh38.99.gtf
152811	15	42532814	42532940	+	ENSG00000092531	own-gene 3' UTR	1	ENSG00000092531	True	True	d	/home/sharedFolder/humanSTARindex/Homo_sapiens.GRCh38.99.gtf
114292	12	105168714	105169134	+	ENSG00000136051	own-gene 3' UTR	1	ENSG00000136051	True	True	d	/home/sharedFolder/humanSTARindex/Homo_sapiens.GRCh38.99.gtf
267388	2	196161496	196163619	-	ENSG00000081320	exonic, not 3' UTR	1		True	True	d	/home/sharedFolder/humanSTARindex/Homo_sapiens.GRCh38.99.gtf
104782	12	51322362	51323054	-	ENSG00000110934	exonic, not 3' UTR	1		True	True	d	/home/sharedFolder/humanSTARindex/Homo_sapiens.GRCh38.99.gtf
422501	7	26180443	26181686	-	ENSG00000122566	intronic (same-strand gene body)	1		True	False	d	/home/sharedFolder/humanSTARindex/Homo_sapiens.GRCh38.99.gtf
377881	5	115831322	115831698	-	ENSG00000145782	own-gene 3' UTR	1	ENSG00000145782	True	True	d	/home/sharedFolder/humanSTARindex/Homo_sapiens.GRCh38.99.gtf
132320	14	21209383	21209430	-	ENSG00000092199	own-gene 3' UTR	1	ENSG00000092199	True	True	d	/home/sharedFolder/humanSTARindex/Homo_sapiens.GRCh38.99.gtf
69811	10	119752007	119752778	+	ENSG00000198825	intronic (same-strand gene body)	1		True	False	d	/home/sharedFolder/humanSTARindex/Homo_sapiens.GRCh38.99.gtf
28654	1	150560562	150560937	+	ENSG00000143382	own-gene 3' UTR	1	ENSG00000143382	True	True	d	/home/sharedFolder/humanSTARindex/Homo_sapiens.GRCh38.99.gtf
292519	21	39311311	39312585	-	ENSG00000185658	exonic, not 3' UTR	1		True	True	d	/home/sharedFolder/humanSTARindex/Homo_sapiens.GRCh38.99.gtf
199460	17	58345910	58345927	-	ENSG00000213246	own-gene 3' UTR	2	ENSG00000213246,ENSG00000285897	True	True	d	/home/sharedFolder/humanSTARindex/Homo_sapiens.GRCh38.99.gtf
28837	1	150754251	150755114	-	ENSG00000163131	exonic, not 3' UTR	1		True	True	d	/home/sharedFolder/humanSTARindex/Homo_sapiens.GRCh38.99.gtf
134550	14	34785772	34786222	-	ENSG00000198604	exonic, not 3' UTR	1		True	True	d	/home/sharedFolder/humanSTARindex/Homo_sapiens.GRCh38.99.gtf
354244	4	129112268	129112688	+	ENSG00000151470	own-gene 3' UTR	1	ENSG00000151470	True	True	d	/home/sharedFolder/humanSTARindex/Homo_sapiens.GRCh38.99.gtf
312200	3	49413557	49414623	+	ENSG00000145022	intronic (same-strand gene body)	1		True	False	d	/home/sharedFolder/humanSTARindex/Homo_sapiens.GRCh38.99.gtf
96422	12	9696752	9698560	+	ENSG00000069493	own-gene 3' UTR	1	ENSG00000069493	True	True	d	/home/sharedFolder/humanSTARindex/Homo_sapiens.GRCh38.99.gtf
197848	17	48576431	48576909	-	ENSG00000120093	other-gene 3' UTR	2	ENSG00000182742	True	True	d	/home/sharedFolder/humanSTARindex/Homo_sapiens.GRCh38.99.gtf
249424	2	86107384	86108571	+	ENSG00000132300	own-gene 3' UTR	1	ENSG00000132300	True	True	d	/home/sharedFolder/humanSTARindex/Homo_sapiens.GRCh38.99.gtf
75356	11	14869663	14871384	+	ENSG00000152270	own-gene 3' UTR	1	ENSG00000152270	True	True	d	/home/sharedFolder/humanSTARindex/Homo_sapiens.GRCh38.99.gtf
299765	22	39077697	39078349	+	ENSG00000239713	intronic (same-strand gene body)	1		True	False	d	/home/sharedFolder/humanSTARindex/Homo_sapiens.GRCh38.99.gtf
16779	1	67429988	67430514	-	ENSG00000142864	exonic, not 3' UTR	1		True	True	d	/home/sharedFolder/humanSTARindex/Homo_sapiens.GRCh38.99.gtf
170610	16	18417543	18417625	-	ENSG00000185164	own-gene 3' UTR	1	ENSG00000185164	True	True	d	/home/sharedFolder/humanSTARindex/Homo_sapiens.GRCh38.99.gtf
170636	16	18500142	18500224	-	ENSG00000185164	own-gene 3' UTR	1	ENSG00000185164	True	True	d	/home/sharedFolder/humanSTARindex/Homo_sapiens.GRCh38.99.gtf
265318	2	181537271	181537775	+	ENSG00000115232	own-gene 3' UTR	1	ENSG00000115232	True	True	d	/home/sharedFolder/humanSTARindex/Homo_sapiens.GRCh38.99.gtf
125638	13	46157736	46158348	-	ENSG00000136167	intronic (same-strand gene body)	1		True	False	d	/home/sharedFolder/humanSTARindex/Homo_sapiens.GRCh38.99.gtf
146951	14	100144235	100144236	+	ENSG00000196405	own-gene 3' UTR	1	ENSG00000196405	True	True	d	/home/sharedFolder/humanSTARindex/Homo_sapiens.GRCh38.99.gtf
311876	3	48896655	48897923	-	ENSG00000178537	intronic (same-strand gene body)	1		True	False	d	/home/sharedFolder/humanSTARindex/Homo_sapiens.GRCh38.99.gtf
118160	12	121308346	121308357	-	ENSG00000089053	own-gene 3' UTR	1	ENSG00000089053	True	True	d	/home/sharedFolder/humanSTARindex/Homo_sapiens.GRCh38.99.gtf
5525	1	22086744	22086946	+	ENSG00000070831	own-gene 3' UTR	1	ENSG00000070831	True	True	d	/home/sharedFolder/humanSTARindex/Homo_sapiens.GRCh38.99.gtf
435020	7	100091844	100091942	+	ENSG00000168090	own-gene 3' UTR	1	ENSG00000168090	True	True	d	/home/sharedFolder/humanSTARindex/Homo_sapiens.GRCh38.99.gtf
121300	13	21147303	21147602	+	ENSG00000150459	own-gene 3' UTR	1	ENSG00000150459	True	True	d	/home/sharedFolder/humanSTARindex/Homo_sapiens.GRCh38.99.gtf
257160	2	131149812	131149845	+	ENSG00000115762	own-gene 3' UTR	1	ENSG00000115762	True	True	d	/home/sharedFolder/humanSTARindex/Homo_sapiens.GRCh38.99.gtf
449142	8	18066762	18066765	-	ENSG00000104763	own-gene 3' UTR	1	ENSG00000104763	True	True	d	/home/sharedFolder/humanSTARindex/Homo_sapiens.GRCh38.99.gtf
143615	14	76763376	76764087	+	ENSG00000071246	intronic (same-strand gene body)	1		True	False	d	/home/sharedFolder/humanSTARindex/Homo_sapiens.GRCh38.99.gtf
264435	2	177230307	177230397	-	ENSG00000116044	own-gene 3' UTR	1	ENSG00000116044	True	True	d	/home/sharedFolder/humanSTARindex/Homo_sapiens.GRCh38.99.gtf
345058	4	67662459	67663989	-	ENSG00000033178	exonic, not 3' UTR	1		True	True	d	/home/sharedFolder/humanSTARindex/Homo_sapiens.GRCh38.99.gtf
178145	16	67100667	67101058	+	ENSG00000067955	own-gene 3' UTR	1	ENSG00000067955	True	True	d	/home/sharedFolder/humanSTARindex/Homo_sapiens.GRCh38.99.gtf
78975	11	47569763	47570096	+	ENSG00000213619	other-gene 3' UTR	2	ENSG00000110536	True	True	d	/home/sharedFolder/humanSTARindex/Homo_sapiens.GRCh38.99.gtf
160604	15	74803163	74803197	+	ENSG00000103653	own-gene 3' UTR	1	ENSG00000103653	True	True	d	/home/sharedFolder/humanSTARindex/Homo_sapiens.GRCh38.99.gtf
66081	10	97426533	97427321	+	ENSG00000171314	exonic, not 3' UTR	1		True	True	d	/home/sharedFolder/humanSTARindex/Homo_sapiens.GRCh38.99.gtf
307330	3	25597983	25597989	-	ENSG00000077097	own-gene 3' UTR	1	ENSG00000077097	True	True	d	/home/sharedFolder/humanSTARindex/Homo_sapiens.GRCh38.99.gtf
422880	7	27829030	27829147	+	ENSG00000106052	own-gene 3' UTR	1	ENSG00000106052	True	True	d	/home/sharedFolder/humanSTARindex/Homo_sapiens.GRCh38.99.gtf
2299	1	9728540	9728925	+	ENSG00000171608	own-gene 3' UTR	1	ENSG00000171608	True	True	d	/home/sharedFolder/humanSTARindex/Homo_sapiens.GRCh38.99.gtf
144700	14	89269469	89270070	-	ENSG00000053254	intronic (same-strand gene body)	1		True	False	d	/home/sharedFolder/humanSTARindex/Homo_sapiens.GRCh38.99.gtf
440067	7	128092588	128092593	+	ENSG00000197157	own-gene 3' UTR	1	ENSG00000197157	True	True	d	/home/sharedFolder/humanSTARindex/Homo_sapiens.GRCh38.99.gtf
470758	9	33116334	33117101	-	ENSG00000086062	intronic (same-strand gene body)	1		True	False	d	/home/sharedFolder/humanSTARindex/Homo_sapiens.GRCh38.99.gtf
38502	1	198215354	198219042	+	ENSG00000151414	intronic (same-strand gene body)	1		True	False	d	/home/sharedFolder/humanSTARindex/Homo_sapiens.GRCh38.99.gtf
112533	12	96019674	96020415	-	ENSG00000111144	intronic (same-strand gene body)	1		True	False	d	/home/sharedFolder/humanSTARindex/Homo_sapiens.GRCh38.99.gtf
104755	12	51281037	51281419	-	ENSG00000110934	own-gene 3' UTR	1	ENSG00000110934	True	True	d	/home/sharedFolder/humanSTARindex/Homo_sapiens.GRCh38.99.gtf
207829	18	673913	674058	-	ENSG00000132199	own-gene 3' UTR	1	ENSG00000132199	True	True	d	/home/sharedFolder/humanSTARindex/Homo_sapiens.GRCh38.99.gtf
238680	2	27408463	27409137	-	ENSG00000115241	intronic (same-strand gene body)	1		True	False	d	/home/sharedFolder/humanSTARindex/Homo_sapiens.GRCh38.99.gtf
188200	17	15536918	15537302	-	ENSG00000259024	other-gene 3' UTR	2	ENSG00000175106	True	True	d	/home/sharedFolder/humanSTARindex/Homo_sapiens.GRCh38.99.gtf
323967	3	128799611	128800926	+	ENSG00000075785	intronic (same-strand gene body)	1		True	False	d	/home/sharedFolder/humanSTARindex/Homo_sapiens.GRCh38.99.gtf
156932	15	59656188	59657277	-	ENSG00000140307	exonic, not 3' UTR	2		True	True	d	/home/sharedFolder/humanSTARindex/Homo_sapiens.GRCh38.99.gtf
38651	1	198708893	198709551	+	ENSG00000081237	intronic (same-strand gene body)	1		True	False	d	/home/sharedFolder/humanSTARindex/Homo_sapiens.GRCh38.99.gtf
118231	12	121429092	121429502	-	ENSG00000089094	own-gene 3' UTR	1	ENSG00000089094	True	True	d	/home/sharedFolder/humanSTARindex/Homo_sapiens.GRCh38.99.gtf
236403	2	11827394	11827409	+	ENSG00000134324	own-gene 3' UTR	1	ENSG00000134324	True	True	d	/home/sharedFolder/humanSTARindex/Homo_sapiens.GRCh38.99.gtf
79877	11	59809256	59810719	-	ENSG00000166902	exonic, not 3' UTR	1		True	True	d	/home/sharedFolder/humanSTARindex/Homo_sapiens.GRCh38.99.gtf
111111	12	89664833	89665695	-	ENSG00000070961	intronic (same-strand gene body)	1		True	False	d	/home/sharedFolder/humanSTARindex/Homo_sapiens.GRCh38.99.gtf
500484	X	118685703	118686220	+	ENSG00000147251	own-gene 3' UTR	1	ENSG00000147251	True	True	d	/home/sharedFolder/humanSTARindex/Homo_sapiens.GRCh38.99.gtf
290162	21	29345560	29346169	+	ENSG00000156273	own-gene 3' UTR	1	ENSG00000156273	True	True	d	/home/sharedFolder/humanSTARindex/Homo_sapiens.GRCh38.99.gtf
485164	9	129635568	129635600	+	ENSG00000148335	own-gene 3' UTR	1	ENSG00000148335	True	True	d	/home/sharedFolder/humanSTARindex/Homo_sapiens.GRCh38.99.gtf
475408	9	73151894	73153037	+	ENSG00000135046	exonic, not 3' UTR	1		True	True	d	/home/sharedFolder/humanSTARindex/Homo_sapiens.GRCh38.99.gtf
5621	1	22661078	22661079	+	ENSG00000173369	exonic, not 3' UTR	1		True	True	d	/home/sharedFolder/humanSTARindex/Homo_sapiens.GRCh38.99.gtf
396497	6	33085887	33085889	+	ENSG00000223865	exonic, not 3' UTR	1		True	True	d	/home/sharedFolder/humanSTARindex/Homo_sapiens.GRCh38.99.gtf
29415	1	151986077	151986777	-	ENSG00000197747	exonic, not 3' UTR	1		True	True	d	/home/sharedFolder/humanSTARindex/Homo_sapiens.GRCh38.99.gtf
396474	6	33067769	33067788	-	ENSG00000231389	own-gene 3' UTR	1	ENSG00000231389	True	True	d	/home/sharedFolder/humanSTARindex/Homo_sapiens.GRCh38.99.gtf
221730	19	11574889	11574902	-	ENSG00000102575	own-gene 3' UTR	1	ENSG00000102575	True	True	d	/home/sharedFolder/humanSTARindex/Homo_sapiens.GRCh38.99.gtf
166676	16	2519760	2519811	+	ENSG00000260272	own-gene 3' UTR	3	ENSG00000185883,ENSG00000260272	True	True	d	/home/sharedFolder/humanSTARindex/Homo_sapiens.GRCh38.99.gtf
380547	5	134390361	134390779	+	ENSG00000119048	own-gene 3' UTR	1	ENSG00000119048	True	True	d	/home/sharedFolder/humanSTARindex/Homo_sapiens.GRCh38.99.gtf
107858	12	66137070	66137086	-	ENSG00000228144	other-gene 3' UTR	2	ENSG00000155957	True	True	d	/home/sharedFolder/humanSTARindex/Homo_sapiens.GRCh38.99.gtf
96634	12	10166748	10168706	-	ENSG00000173391	exonic, not 3' UTR	1		True	True	d	/home/sharedFolder/humanSTARindex/Homo_sapiens.GRCh38.99.gtf
218274	19	2273069	2273101	+	ENSG00000104904	own-gene 3' UTR	2	ENSG00000104904	True	True	d	/home/sharedFolder/humanSTARindex/Homo_sapiens.GRCh38.99.gtf
144453	14	87932975	87933640	-	ENSG00000054983	own-gene 3' UTR	1	ENSG00000054983	True	True	d	/home/sharedFolder/humanSTARindex/Homo_sapiens.GRCh38.99.gtf
42845	1	222645598	222646948	+	ENSG00000154305	exonic, not 3' UTR	1		True	True	d	/home/sharedFolder/humanSTARindex/Homo_sapiens.GRCh38.99.gtf
224260	19	18175046	18176049	+	ENSG00000268173	own-gene 3' UTR	2	ENSG00000268173	True	True	d	/home/sharedFolder/humanSTARindex/Homo_sapiens.GRCh38.99.gtf
256986	2	130346621	130346624	+	ENSG00000136718	own-gene 3' UTR	1	ENSG00000136718	True	True	d	/home/sharedFolder/humanSTARindex/Homo_sapiens.GRCh38.99.gtf
32405	1	161523387	161523924	+	ENSG00000143226	own-gene 3' UTR	2	ENSG00000143226	True	True	d	/home/sharedFolder/humanSTARindex/Homo_sapiens.GRCh38.99.gtf
253632	2	108686479	108686480	+	ENSG00000169756	own-gene 3' UTR	1	ENSG00000169756	True	True	d	/home/sharedFolder/humanSTARindex/Homo_sapiens.GRCh38.99.gtf
221728	19	11574659	11574714	-	ENSG00000102575	own-gene 3' UTR	1	ENSG00000102575	True	True	d	/home/sharedFolder/humanSTARindex/Homo_sapiens.GRCh38.99.gtf
389417	6	2833756	2833767	-	ENSG00000021355	exonic, not 3' UTR	1		True	True	d	/home/sharedFolder/humanSTARindex/Homo_sapiens.GRCh38.99.gtf
109654	12	75498912	75499186	+	ENSG00000139278	own-gene 3' UTR	1	ENSG00000139278	True	True	d	/home/sharedFolder/humanSTARindex/Homo_sapiens.GRCh38.99.gtf
228330	19	39328358	39328394	-	ENSG00000130755	own-gene 3' UTR	1	ENSG00000130755	True	True	d	/home/sharedFolder/humanSTARindex/Homo_sapiens.GRCh38.99.gtf
432532	7	87196321	87196406	-	ENSG00000135185	own-gene 3' UTR	1	ENSG00000135185	True	True	d	/home/sharedFolder/humanSTARindex/Homo_sapiens.GRCh38.99.gtf
288936	21	14543831	14544411	-	ENSG00000155307	intronic (same-strand gene body)	1		True	False	d	/home/sharedFolder/humanSTARindex/Homo_sapiens.GRCh38.99.gtf
246353	2	65088427	65088428	-	ENSG00000138069	own-gene 3' UTR	1	ENSG00000138069	True	True	d	/home/sharedFolder/humanSTARindex/Homo_sapiens.GRCh38.99.gtf
253554	2	108591986	108592445	+	ENSG00000169756	intronic (same-strand gene body)	1		True	False	d	/home/sharedFolder/humanSTARindex/Homo_sapiens.GRCh38.99.gtf
479511	9	98060887	98062389	+	ENSG00000095380	exonic, not 3' UTR	1		True	True	d	/home/sharedFolder/humanSTARindex/Homo_sapiens.GRCh38.99.gtf
374168	5	87362864	87363817	-	ENSG00000134480	intronic (same-strand gene body)	1		True	False	d	/home/sharedFolder/humanSTARindex/Homo_sapiens.GRCh38.99.gtf
481023	9	110240542	110242134	-	ENSG00000136810	outside any same-strand gene	0		False	False	d	/home/sharedFolder/humanSTARindex/Homo_sapiens.GRCh38.99.gtf
56431	10	43185032	43185308	+	ENSG00000169826	own-gene 3' UTR	1	ENSG00000169826	True	True	d	/home/sharedFolder/humanSTARindex/Homo_sapiens.GRCh38.99.gtf
151847	15	40036305	40036423	-	ENSG00000140319	own-gene 3' UTR	1	ENSG00000140319	True	True	d	/home/sharedFolder/humanSTARindex/Homo_sapiens.GRCh38.99.gtf
247116	2	69642298	69643930	-	ENSG00000115977	exonic, not 3' UTR	1		True	True	d	/home/sharedFolder/humanSTARindex/Homo_sapiens.GRCh38.99.gtf
267904	2	197501081	197501842	+	ENSG00000115541	exonic, not 3' UTR	2		True	True	d	/home/sharedFolder/humanSTARindex/Homo_sapiens.GRCh38.99.gtf
417085	6	166365054	166365126	-	ENSG00000060762	own-gene 3' UTR	1	ENSG00000060762	True	True	d	/home/sharedFolder/humanSTARindex/Homo_sapiens.GRCh38.99.gtf
459283	8	96230852	96231033	-	ENSG00000156467	own-gene 3' UTR	1	ENSG00000156467	True	True	d	/home/sharedFolder/humanSTARindex/Homo_sapiens.GRCh38.99.gtf
323980	3	128813465	128813551	+	ENSG00000075785	own-gene 3' UTR	1	ENSG00000075785	True	True	d	/home/sharedFolder/humanSTARindex/Homo_sapiens.GRCh38.99.gtf
32413	1	161526173	161526372	+	ENSG00000143226	exonic, not 3' UTR	2		False	True	d	/home/sharedFolder/humanSTARindex/Homo_sapiens.GRCh38.99.gtf
248233	2	74199153	74199783	+	ENSG00000065911	intronic (same-strand gene body)	1		True	False	d	/home/sharedFolder/humanSTARindex/Homo_sapiens.GRCh38.99.gtf
298679	22	35387692	35389014	+	ENSG00000100292	intronic (same-strand gene body)	1		True	False	d	/home/sharedFolder/humanSTARindex/Homo_sapiens.GRCh38.99.gtf
229021	19	41261198	41261201	+	ENSG00000167601	own-gene 3' UTR	1	ENSG00000167601	True	True	d	/home/sharedFolder/humanSTARindex/Homo_sapiens.GRCh38.99.gtf
296080	22	22901090	22901437	+	ENSG00000254709	other-gene 3' UTR	1	ENSG00000211677	False	True	d	/home/sharedFolder/humanSTARindex/Homo_sapiens.GRCh38.99.gtf
272869	2	224765089	224765575	-	ENSG00000135905	own-gene 3' UTR	1	ENSG00000135905	True	True	d	/home/sharedFolder/humanSTARindex/Homo_sapiens.GRCh38.99.gtf
406135	6	106554068	106555541	+	ENSG00000112297	intronic (same-strand gene body)	1		True	False	d	/home/sharedFolder/humanSTARindex/Homo_sapiens.GRCh38.99.gtf
79970	11	60391190	60392432	+	ENSG00000166926	intronic (same-strand gene body)	3		True	False	d	/home/sharedFolder/humanSTARindex/Homo_sapiens.GRCh38.99.gtf
38610	1	198670066	198671147	+	ENSG00000081237	intronic (same-strand gene body)	1		True	False	d	/home/sharedFolder/humanSTARindex/Homo_sapiens.GRCh38.99.gtf
256463	2	126696194	126696234	+	ENSG00000136732	own-gene 3' UTR	1	ENSG00000136732	True	True	d	/home/sharedFolder/humanSTARindex/Homo_sapiens.GRCh38.99.gtf
191763	17	31304364	31304372	-	ENSG00000185862	exonic, not 3' UTR	1		True	True	d	/home/sharedFolder/humanSTARindex/Homo_sapiens.GRCh38.99.gtf
490412	X	15703253	15703724	+	ENSG00000169239	exonic, not 3' UTR	2		True	True	d	/home/sharedFolder/humanSTARindex/Homo_sapiens.GRCh38.99.gtf
399902	6	44250288	44250642	+	ENSG00000096384	exonic, not 3' UTR	1		True	True	d	/home/sharedFolder/humanSTARindex/Homo_sapiens.GRCh38.99.gtf
37115	1	184895657	184899355	-	ENSG00000135842	exonic, not 3' UTR	1		True	True	d	/home/sharedFolder/humanSTARindex/Homo_sapiens.GRCh38.99.gtf
239108	2	28417217	28417314	+	ENSG00000075426	own-gene 3' UTR	1	ENSG00000075426	True	True	d	/home/sharedFolder/humanSTARindex/Homo_sapiens.GRCh38.99.gtf
182026	16	81711581	81711644	+	ENSG00000153815	own-gene 3' UTR	1	ENSG00000153815	True	True	d	/home/sharedFolder/humanSTARindex/Homo_sapiens.GRCh38.99.gtf
258951	2	143624677	143625679	+	ENSG00000075884	intronic (same-strand gene body)	1		True	False	d	/home/sharedFolder/humanSTARindex/Homo_sapiens.GRCh38.99.gtf
312836	3	51968514	51968515	-	ENSG00000090097	other-gene 3' UTR	3	ENSG00000114779	True	True	d	/home/sharedFolder/humanSTARindex/Homo_sapiens.GRCh38.99.gtf
11261	1	40344882	40345539	+	ENSG00000084070	exonic, not 3' UTR	1		True	True	d	/home/sharedFolder/humanSTARindex/Homo_sapiens.GRCh38.99.gtf
148362	14	103912515	103912570	-	ENSG00000156411	own-gene 3' UTR	1	ENSG00000156411	True	True	d	/home/sharedFolder/humanSTARindex/Homo_sapiens.GRCh38.99.gtf
109673	12	75507213	75508307	+	ENSG00000139278	outside any same-strand gene	0		False	False	d	/home/sharedFolder/humanSTARindex/Homo_sapiens.GRCh38.99.gtf
253592	2	108634915	108635556	+	ENSG00000169756	intronic (same-strand gene body)	1		True	False	d	/home/sharedFolder/humanSTARindex/Homo_sapiens.GRCh38.99.gtf
134780	14	35061530	35064460	+	ENSG00000151327	intronic (same-strand gene body)	1		True	False	d	/home/sharedFolder/humanSTARindex/Homo_sapiens.GRCh38.99.gtf
407286	6	111117587	111118840	+	ENSG00000112394	intronic (same-strand gene body)	1		True	False	d	/home/sharedFolder/humanSTARindex/Homo_sapiens.GRCh38.99.gtf
439262	7	118192093	118192883	+	ENSG00000128534	own-gene 3' UTR	1	ENSG00000128534	True	True	d	/home/sharedFolder/humanSTARindex/Homo_sapiens.GRCh38.99.gtf
185836	17	4712578	4713927	+	ENSG00000141480	intronic (same-strand gene body)	1		True	False	d	/home/sharedFolder/humanSTARindex/Homo_sapiens.GRCh38.99.gtf
260643	2	156326247	156327177	-	ENSG00000153234	exonic, not 3' UTR	1		True	True	d	/home/sharedFolder/humanSTARindex/Homo_sapiens.GRCh38.99.gtf
328505	3	152465209	152465221	+	ENSG00000152601	own-gene 3' UTR	1	ENSG00000152601	True	True	d	/home/sharedFolder/humanSTARindex/Homo_sapiens.GRCh38.99.gtf
105848	12	55841846	55841870	-	ENSG00000123342	intronic (same-strand gene body)	1		True	False	d	/home/sharedFolder/humanSTARindex/Homo_sapiens.GRCh38.99.gtf
106682	12	57516592	57516783	-	ENSG00000175197	own-gene 3' UTR	1	ENSG00000175197	True	True	d	/home/sharedFolder/humanSTARindex/Homo_sapiens.GRCh38.99.gtf
452563	8	38933329	38934158	+	ENSG00000169499	intronic (same-strand gene body)	1		True	False	d	/home/sharedFolder/humanSTARindex/Homo_sapiens.GRCh38.99.gtf
228337	19	39334119	39335735	-	ENSG00000130755	exonic, not 3' UTR	1		True	True	d	/home/sharedFolder/humanSTARindex/Homo_sapiens.GRCh38.99.gtf
68324	10	110890650	110892365	+	ENSG00000150593	exonic, not 3' UTR	1		True	True	d	/home/sharedFolder/humanSTARindex/Homo_sapiens.GRCh38.99.gtf
87260	11	93478692	93478704	-	ENSG00000166002	own-gene 3' UTR	1	ENSG00000166002	True	True	d	/home/sharedFolder/humanSTARindex/Homo_sapiens.GRCh38.99.gtf
432547	7	87218543	87219152	-	ENSG00000135185	exonic, not 3' UTR	2		True	True	d	/home/sharedFolder/humanSTARindex/Homo_sapiens.GRCh38.99.gtf
475423	9	73166793	73167441	+	ENSG00000135046	intronic (same-strand gene body)	1		True	False	d	/home/sharedFolder/humanSTARindex/Homo_sapiens.GRCh38.99.gtf
23657	1	113852921	113854348	-	ENSG00000134242	intronic (same-strand gene body)	1		True	False	d	/home/sharedFolder/humanSTARindex/Homo_sapiens.GRCh38.99.gtf
22928	1	111478478	111478512	+	ENSG00000143110	own-gene 3' UTR	1	ENSG00000143110	True	True	d	/home/sharedFolder/humanSTARindex/Homo_sapiens.GRCh38.99.gtf
163461	15	85722087	85723617	+	ENSG00000170776	exonic, not 3' UTR	1		True	True	d	/home/sharedFolder/humanSTARindex/Homo_sapiens.GRCh38.99.gtf
37299	1	185296796	185296909	-	ENSG00000116679	own-gene 3' UTR	1	ENSG00000116679	True	True	d	/home/sharedFolder/humanSTARindex/Homo_sapiens.GRCh38.99.gtf
147256	14	101838609	101839408	+	ENSG00000078304	intronic (same-strand gene body)	1		True	False	d	/home/sharedFolder/humanSTARindex/Homo_sapiens.GRCh38.99.gtf
217973	19	1598048	1598049	-	ENSG00000267059	other-gene 3' UTR	2	ENSG00000127540	True	True	d	/home/sharedFolder/humanSTARindex/Homo_sapiens.GRCh38.99.gtf
287596	20	63522053	63522206	+	ENSG00000125534	own-gene 3' UTR	1	ENSG00000125534	True	True	d	/home/sharedFolder/humanSTARindex/Homo_sapiens.GRCh38.99.gtf
448082	8	11838740	11839512	-	ENSG00000164733	outside any same-strand gene	0		False	False	d	/home/sharedFolder/humanSTARindex/Homo_sapiens.GRCh38.99.gtf
222259	19	12732700	12733632	-	ENSG00000123144	intronic (same-strand gene body)	1		True	False	d	/home/sharedFolder/humanSTARindex/Homo_sapiens.GRCh38.99.gtf
415380	6	157942484	157943300	+	ENSG00000130340	own-gene 3' UTR	1	ENSG00000130340	True	True	d	/home/sharedFolder/humanSTARindex/Homo_sapiens.GRCh38.99.gtf
469434	9	19126121	19126385	-	ENSG00000147872	exonic, not 3' UTR	1		True	True	d	/home/sharedFolder/humanSTARindex/Homo_sapiens.GRCh38.99.gtf
293200	21	43092955	43093055	-	ENSG00000160201	own-gene 3' UTR	1	ENSG00000160201	True	True	d	/home/sharedFolder/humanSTARindex/Homo_sapiens.GRCh38.99.gtf
28817	1	150730771	150730772	-	ENSG00000163131	own-gene 3' UTR	1	ENSG00000163131	True	True	d	/home/sharedFolder/humanSTARindex/Homo_sapiens.GRCh38.99.gtf
276885	20	1369786	1370060	-	ENSG00000274322	other-gene 3' UTR	2	ENSG00000088832	True	True	d	/home/sharedFolder/humanSTARindex/Homo_sapiens.GRCh38.99.gtf
374150	5	87347840	87349600	-	ENSG00000134480	intronic (same-strand gene body)	1		True	False	d	/home/sharedFolder/humanSTARindex/Homo_sapiens.GRCh38.99.gtf
266752	2	190945033	190946108	+	ENSG00000115419	intronic (same-strand gene body)	1		True	False	d	/home/sharedFolder/humanSTARindex/Homo_sapiens.GRCh38.99.gtf
228444	19	39466447	39467299	+	ENSG00000196235	exonic, not 3' UTR	1		True	True	d	/home/sharedFolder/humanSTARindex/Homo_sapiens.GRCh38.99.gtf
224962	19	19640813	19641928	-	ENSG00000089639	own-gene 3' UTR	1	ENSG00000089639	True	True	d	/home/sharedFolder/humanSTARindex/Homo_sapiens.GRCh38.99.gtf
360191	4	184756077	184756111	-	ENSG00000151726	own-gene 3' UTR	1	ENSG00000151726	True	True	d	/home/sharedFolder/humanSTARindex/Homo_sapiens.GRCh38.99.gtf
396297	6	32663922	32663933	-	ENSG00000179344	exonic, not 3' UTR	1		True	True	d	/home/sharedFolder/humanSTARindex/Homo_sapiens.GRCh38.99.gtf
426846	7	50329926	50333108	+	ENSG00000185811	intronic (same-strand gene body)	1		True	False	d	/home/sharedFolder/humanSTARindex/Homo_sapiens.GRCh38.99.gtf
277843	20	5100297	5100312	-	ENSG00000089063	own-gene 3' UTR	1	ENSG00000089063	True	True	d	/home/sharedFolder/humanSTARindex/Homo_sapiens.GRCh38.99.gtf
395773	6	31577986	31578336	+	ENSG00000226979	other-gene 3' UTR	1	ENSG00000232810	False	True	d	/home/sharedFolder/humanSTARindex/Homo_sapiens.GRCh38.99.gtf
485866	9	131570786	131573163	-	ENSG00000107263	outside any same-strand gene	0		False	False	d	/home/sharedFolder/humanSTARindex/Homo_sapiens.GRCh38.99.gtf
218622	19	3152802	3153277	+	ENSG00000060558	intronic (same-strand gene body)	1		True	False	d	/home/sharedFolder/humanSTARindex/Homo_sapiens.GRCh38.99.gtf
288165	21	6484622	6484722	-	ENSG00000275895	own-gene 3' UTR	1	ENSG00000275895	True	True	d	/home/sharedFolder/humanSTARindex/Homo_sapiens.GRCh38.99.gtf
134820	14	35095126	35096067	+	ENSG00000151327	intronic (same-strand gene body)	1		True	False	d	/home/sharedFolder/humanSTARindex/Homo_sapiens.GRCh38.99.gtf
407292	6	111131697	111132490	+	ENSG00000112394	intronic (same-strand gene body)	1		True	False	d	/home/sharedFolder/humanSTARindex/Homo_sapiens.GRCh38.99.gtf
285534	20	50588183	50589187	+	ENSG00000196396	outside any same-strand gene	0		False	False	d	/home/sharedFolder/humanSTARindex/Homo_sapiens.GRCh38.99.gtf
229003	19	41241012	41241731	+	ENSG00000167601	intronic (same-strand gene body)	1		True	False	d	/home/sharedFolder/humanSTARindex/Homo_sapiens.GRCh38.99.gtf
161568	15	78280536	78280684	+	ENSG00000140403	own-gene 3' UTR	1	ENSG00000140403	True	True	d	/home/sharedFolder/humanSTARindex/Homo_sapiens.GRCh38.99.gtf
438783	7	115018289	115019022	+	ENSG00000135272	own-gene 3' UTR	1	ENSG00000135272	True	True	d	/home/sharedFolder/humanSTARindex/Homo_sapiens.GRCh38.99.gtf
479838	9	99865934	99866352	+	ENSG00000119508	own-gene 3' UTR	1	ENSG00000119508	True	True	d	/home/sharedFolder/humanSTARindex/Homo_sapiens.GRCh38.99.gtf
223012	19	14621649	14622148	-	ENSG00000131355	exonic, not 3' UTR	2		True	True	d	/home/sharedFolder/humanSTARindex/Homo_sapiens.GRCh38.99.gtf
139407	14	61748170	61748259	+	ENSG00000100644	own-gene 3' UTR	2	ENSG00000100644	True	True	d	/home/sharedFolder/humanSTARindex/Homo_sapiens.GRCh38.99.gtf
419130	7	5529166	5529668	-	ENSG00000075624	exonic, not 3' UTR	1		True	True	d	/home/sharedFolder/humanSTARindex/Homo_sapiens.GRCh38.99.gtf
103846	12	49129931	49130682	-	ENSG00000123416	own-gene 3' UTR	1	ENSG00000123416	True	True	d	/home/sharedFolder/humanSTARindex/Homo_sapiens.GRCh38.99.gtf
160222	15	72757187	72757985	-	ENSG00000159322	exonic, not 3' UTR	1		True	True	d	/home/sharedFolder/humanSTARindex/Homo_sapiens.GRCh38.99.gtf
422879	7	27828861	27828893	+	ENSG00000106052	own-gene 3' UTR	1	ENSG00000106052	True	True	d	/home/sharedFolder/humanSTARindex/Homo_sapiens.GRCh38.99.gtf
239149	2	28622109	28623181	+	ENSG00000163803	intronic (same-strand gene body)	1		True	False	d	/home/sharedFolder/humanSTARindex/Homo_sapiens.GRCh38.99.gtf
428330	7	66659013	66660576	+	ENSG00000284461	intronic (same-strand gene body)	2		True	False	d	/home/sharedFolder/humanSTARindex/Homo_sapiens.GRCh38.99.gtf
96463	12	9759113	9760979	-	ENSG00000110848	exonic, not 3' UTR	1		True	True	d	/home/sharedFolder/humanSTARindex/Homo_sapiens.GRCh38.99.gtf
147474	14	102073871	102074941	-	ENSG00000080824	outside any same-strand gene	0		False	False	d	/home/sharedFolder/humanSTARindex/Homo_sapiens.GRCh38.99.gtf
399023	6	41987621	41989163	-	ENSG00000112576	intronic (same-strand gene body)	1		True	False	d	/home/sharedFolder/humanSTARindex/Homo_sapiens.GRCh38.99.gtf
212719	18	35141850	35141860	+	ENSG00000166974	own-gene 3' UTR	1	ENSG00000166974	True	True	d	/home/sharedFolder/humanSTARindex/Homo_sapiens.GRCh38.99.gtf
369794	5	69364742	69364873	-	ENSG00000085231	other-gene 3' UTR	2	ENSG00000273841	True	True	d	/home/sharedFolder/humanSTARindex/Homo_sapiens.GRCh38.99.gtf
202166	17	65110721	65111123	+	ENSG00000108370	exonic, not 3' UTR	1		True	True	d	/home/sharedFolder/humanSTARindex/Homo_sapiens.GRCh38.99.gtf
202186	17	65227372	65227699	+	ENSG00000108370	own-gene 3' UTR	1	ENSG00000108370	True	True	d	/home/sharedFolder/humanSTARindex/Homo_sapiens.GRCh38.99.gtf
141496	14	69767190	69768660	+	ENSG00000100650	exonic, not 3' UTR	1		True	True	d	/home/sharedFolder/humanSTARindex/Homo_sapiens.GRCh38.99.gtf
316012	3	69333892	69333899	-	ENSG00000114541	intronic (same-strand gene body)	1		True	False	d	/home/sharedFolder/humanSTARindex/Homo_sapiens.GRCh38.99.gtf
276830	20	1165475	1165524	+	ENSG00000125818	own-gene 3' UTR	1	ENSG00000125818	True	True	d	/home/sharedFolder/humanSTARindex/Homo_sapiens.GRCh38.99.gtf
111093	12	89637410	89638007	-	ENSG00000070961	intronic (same-strand gene body)	1		True	False	d	/home/sharedFolder/humanSTARindex/Homo_sapiens.GRCh38.99.gtf
69778	10	119677442	119677510	+	ENSG00000151929	own-gene 3' UTR	1	ENSG00000151929	True	True	d	/home/sharedFolder/humanSTARindex/Homo_sapiens.GRCh38.99.gtf
22373	1	109401849	109401931	-	ENSG00000143106	own-gene 3' UTR	1	ENSG00000143106	True	True	d	/home/sharedFolder/humanSTARindex/Homo_sapiens.GRCh38.99.gtf
27537	1	148845725	148846827	+	ENSG00000178104	intronic (same-strand gene body)	1		True	False	d	/home/sharedFolder/humanSTARindex/Homo_sapiens.GRCh38.99.gtf
9007	1	32367927	32368523	-	ENSG00000160058	own-gene 3' UTR	1	ENSG00000160058	True	True	d	/home/sharedFolder/humanSTARindex/Homo_sapiens.GRCh38.99.gtf
259288	2	144511383	144511733	-	ENSG00000169554	own-gene 3' UTR	1	ENSG00000169554	True	True	d	/home/sharedFolder/humanSTARindex/Homo_sapiens.GRCh38.99.gtf
66098	10	97443637	97444659	-	ENSG00000171311	exonic, not 3' UTR	1		True	True	d	/home/sharedFolder/humanSTARindex/Homo_sapiens.GRCh38.99.gtf
150934	15	34146992	34148698	-	ENSG00000134152	exonic, not 3' UTR	1		True	True	d	/home/sharedFolder/humanSTARindex/Homo_sapiens.GRCh38.99.gtf
168844	16	11750585	11751013	-	ENSG00000122299	own-gene 3' UTR	1	ENSG00000122299	True	True	d	/home/sharedFolder/humanSTARindex/Homo_sapiens.GRCh38.99.gtf
469562	9	19377185	19378054	-	ENSG00000137154	intronic (same-strand gene body)	1		True	False	d	/home/sharedFolder/humanSTARindex/Homo_sapiens.GRCh38.99.gtf
145750	14	92117515	92117930	-	ENSG00000183648	exonic, not 3' UTR	1		True	True	d	/home/sharedFolder/humanSTARindex/Homo_sapiens.GRCh38.99.gtf
129995	13	99058006	99058695	-	ENSG00000088387	intronic (same-strand gene body)	1		True	False	d	/home/sharedFolder/humanSTARindex/Homo_sapiens.GRCh38.99.gtf
182539	16	84974459	84974460	-	ENSG00000153786	own-gene 3' UTR	1	ENSG00000153786	True	True	d	/home/sharedFolder/humanSTARindex/Homo_sapiens.GRCh38.99.gtf
396501	6	33087399	33087432	+	ENSG00000223865	own-gene 3' UTR	1	ENSG00000223865	True	True	d	/home/sharedFolder/humanSTARindex/Homo_sapiens.GRCh38.99.gtf
329467	3	158829127	158829130	+	ENSG00000118855	own-gene 3' UTR	1	ENSG00000118855	True	True	d	/home/sharedFolder/humanSTARindex/Homo_sapiens.GRCh38.99.gtf
452976	8	42024759	42026125	-	ENSG00000083168	intronic (same-strand gene body)	1		True	False	d	/home/sharedFolder/humanSTARindex/Homo_sapiens.GRCh38.99.gtf
191762	17	31303765	31304238	-	ENSG00000185862	own-gene 3' UTR	1	ENSG00000185862	True	True	d	/home/sharedFolder/humanSTARindex/Homo_sapiens.GRCh38.99.gtf
407309	6	111157001	111157936	+	ENSG00000112394	intronic (same-strand gene body)	1		True	False	d	/home/sharedFolder/humanSTARindex/Homo_sapiens.GRCh38.99.gtf
78812	11	47268630	47268905	+	ENSG00000025434	own-gene 3' UTR	1	ENSG00000025434	True	True	d	/home/sharedFolder/humanSTARindex/Homo_sapiens.GRCh38.99.gtf
90785	11	117205071	117205553	-	ENSG00000160613	own-gene 3' UTR	1	ENSG00000160613	True	True	d	/home/sharedFolder/humanSTARindex/Homo_sapiens.GRCh38.99.gtf
149514	15	24963130	24963932	+	ENSG00000128739	intronic (same-strand gene body)	3		True	False	d	/home/sharedFolder/humanSTARindex/Homo_sapiens.GRCh38.99.gtf
492263	X	30728920	30728934	+	ENSG00000198814	own-gene 3' UTR	1	ENSG00000198814	True	True	d	/home/sharedFolder/humanSTARindex/Homo_sapiens.GRCh38.99.gtf
307362	3	25660987	25661903	-	ENSG00000077097	intronic (same-strand gene body)	1		True	False	d	/home/sharedFolder/humanSTARindex/Homo_sapiens.GRCh38.99.gtf
163395	15	85661111	85662053	+	ENSG00000170776	intronic (same-strand gene body)	1		True	False	d	/home/sharedFolder/humanSTARindex/Homo_sapiens.GRCh38.99.gtf
240289	2	33570922	33571861	+	ENSG00000152689	outside any same-strand gene	0		False	False	d	/home/sharedFolder/humanSTARindex/Homo_sapiens.GRCh38.99.gtf
49437	10	5765851	5765954	-	ENSG00000057608	own-gene 3' UTR	1	ENSG00000057608	True	True	d	/home/sharedFolder/humanSTARindex/Homo_sapiens.GRCh38.99.gtf
186795	17	7677837	7679679	-	ENSG00000141510	intronic (same-strand gene body)	1		True	False	d	/home/sharedFolder/humanSTARindex/Homo_sapiens.GRCh38.99.gtf
147262	14	101844650	101845540	+	ENSG00000078304	intronic (same-strand gene body)	1		True	False	d	/home/sharedFolder/humanSTARindex/Homo_sapiens.GRCh38.99.gtf
132319	14	21209135	21209153	-	ENSG00000092199	own-gene 3' UTR	1	ENSG00000092199	True	True	d	/home/sharedFolder/humanSTARindex/Homo_sapiens.GRCh38.99.gtf
8033	1	28578872	28579435	+	ENSG00000180098	outside any same-strand gene	0		False	False	d	/home/sharedFolder/humanSTARindex/Homo_sapiens.GRCh38.99.gtf
405304	6	96896924	96897551	-	ENSG00000123545	intronic (same-strand gene body)	1		True	False	d	/home/sharedFolder/humanSTARindex/Homo_sapiens.GRCh38.99.gtf
449571	8	20220350	20220582	+	ENSG00000147416	own-gene 3' UTR	1	ENSG00000147416	True	True	d	/home/sharedFolder/humanSTARindex/Homo_sapiens.GRCh38.99.gtf
90912	11	117986491	117987469	+	ENSG00000110324	own-gene 3' UTR	1	ENSG00000110324	True	True	d	/home/sharedFolder/humanSTARindex/Homo_sapiens.GRCh38.99.gtf
428420	7	66761648	66762569	+	ENSG00000284461	intronic (same-strand gene body)	2		True	False	d	/home/sharedFolder/humanSTARindex/Homo_sapiens.GRCh38.99.gtf
149526	15	24978490	24978583	+	ENSG00000128739	own-gene 3' UTR	3	ENSG00000128739	True	True	d	/home/sharedFolder/humanSTARindex/Homo_sapiens.GRCh38.99.gtf
346177	4	75661221	75661959	-	ENSG00000138757	exonic, not 3' UTR	1		True	True	d	/home/sharedFolder/humanSTARindex/Homo_sapiens.GRCh38.99.gtf
23651	1	113845945	113846867	-	ENSG00000134242	intronic (same-strand gene body)	1		True	False	d	/home/sharedFolder/humanSTARindex/Homo_sapiens.GRCh38.99.gtf
485864	9	131568796	131570527	-	ENSG00000107263	outside any same-strand gene	0		False	False	d	/home/sharedFolder/humanSTARindex/Homo_sapiens.GRCh38.99.gtf
6785	1	25900080	25900123	-	ENSG00000117632	own-gene 3' UTR	1	ENSG00000117632	True	True	d	/home/sharedFolder/humanSTARindex/Homo_sapiens.GRCh38.99.gtf
412651	6	144190114	144190553	+	ENSG00000135604	own-gene 3' UTR	1	ENSG00000135604	True	True	d	/home/sharedFolder/humanSTARindex/Homo_sapiens.GRCh38.99.gtf
47603	1	244972369	244972960	+	ENSG00000203666	intronic (same-strand gene body)	1		True	False	d	/home/sharedFolder/humanSTARindex/Homo_sapiens.GRCh38.99.gtf
231412	19	48330552	48330553	+	ENSG00000142227	own-gene 3' UTR	1	ENSG00000142227	True	True	d	/home/sharedFolder/humanSTARindex/Homo_sapiens.GRCh38.99.gtf
432830	7	90384987	90385302	+	ENSG00000105793	own-gene 3' UTR	2	ENSG00000105793	True	True	d	/home/sharedFolder/humanSTARindex/Homo_sapiens.GRCh38.99.gtf
448078	8	11835459	11836029	+	ENSG00000079459	intronic (same-strand gene body)	1		True	False	d	/home/sharedFolder/humanSTARindex/Homo_sapiens.GRCh38.99.gtf
425684	7	41688498	41690481	-	ENSG00000122641	own-gene 3' UTR	1	ENSG00000122641	True	True	d	/home/sharedFolder/humanSTARindex/Homo_sapiens.GRCh38.99.gtf
470585	9	32523544	32525750	-	ENSG00000107201	intronic (same-strand gene body)	1		True	False	d	/home/sharedFolder/humanSTARindex/Homo_sapiens.GRCh38.99.gtf
78802	11	47249415	47250474	+	ENSG00000025434	exonic, not 3' UTR	1		True	True	d	/home/sharedFolder/humanSTARindex/Homo_sapiens.GRCh38.99.gtf
187015	17	8144054	8144499	-	ENSG00000179094	own-gene 3' UTR	1	ENSG00000179094	True	True	d	/home/sharedFolder/humanSTARindex/Homo_sapiens.GRCh38.99.gtf
332329	3	179624098	179624133	+	ENSG00000136521	own-gene 3' UTR	1	ENSG00000136521	True	True	d	/home/sharedFolder/humanSTARindex/Homo_sapiens.GRCh38.99.gtf
206767	17	81239616	81240560	+	ENSG00000224877	exonic, not 3' UTR	1		True	True	d	/home/sharedFolder/humanSTARindex/Homo_sapiens.GRCh38.99.gtf
324580	3	131016124	131016712	+	ENSG00000017260	own-gene 3' UTR	1	ENSG00000017260	True	True	d	/home/sharedFolder/humanSTARindex/Homo_sapiens.GRCh38.99.gtf
375405	5	95898307	95898750	-	ENSG00000118985	exonic, not 3' UTR	1		True	True	d	/home/sharedFolder/humanSTARindex/Homo_sapiens.GRCh38.99.gtf
432009	7	77957221	77957226	+	ENSG00000006576	own-gene 3' UTR	1	ENSG00000006576	True	True	d	/home/sharedFolder/humanSTARindex/Homo_sapiens.GRCh38.99.gtf
405301	6	96891011	96891300	-	ENSG00000123545	own-gene 3' UTR	1	ENSG00000123545	True	True	d	/home/sharedFolder/humanSTARindex/Homo_sapiens.GRCh38.99.gtf
391554	6	14139034	14140547	+	ENSG00000112149	outside any same-strand gene	0		False	False	d	/home/sharedFolder/humanSTARindex/Homo_sapiens.GRCh38.99.gtf
6606	1	25351723	25352582	+	ENSG00000183726	intronic (same-strand gene body)	1		True	False	d	/home/sharedFolder/humanSTARindex/Homo_sapiens.GRCh38.99.gtf
264030	2	174564763	174566489	-	ENSG00000115935	own-gene 3' UTR	1	ENSG00000115935	True	True	d	/home/sharedFolder/humanSTARindex/Homo_sapiens.GRCh38.99.gtf
490198	X	13709577	13709674	+	ENSG00000123595	own-gene 3' UTR	1	ENSG00000123595	True	True	d	/home/sharedFolder/humanSTARindex/Homo_sapiens.GRCh38.99.gtf
90979	11	118205170	118205875	-	ENSG00000160593	exonic, not 3' UTR	1		True	True	d	/home/sharedFolder/humanSTARindex/Homo_sapiens.GRCh38.99.gtf
80209	11	61318828	61321873	-	ENSG00000167986	exonic, not 3' UTR	1		True	True	d	/home/sharedFolder/humanSTARindex/Homo_sapiens.GRCh38.99.gtf
350951	4	102888203	102888221	+	ENSG00000145354	own-gene 3' UTR	1	ENSG00000145354	True	True	d	/home/sharedFolder/humanSTARindex/Homo_sapiens.GRCh38.99.gtf
308276	3	32441837	32443002	+	ENSG00000153551	exonic, not 3' UTR	1		True	True	d	/home/sharedFolder/humanSTARindex/Homo_sapiens.GRCh38.99.gtf
161867	15	79844975	79845158	-	ENSG00000136371	own-gene 3' UTR	2	ENSG00000136371,ENSG00000259332	True	True	d	/home/sharedFolder/humanSTARindex/Homo_sapiens.GRCh38.99.gtf
31575	1	159024312	159024814	+	ENSG00000163565	intronic (same-strand gene body)	1		True	False	d	/home/sharedFolder/humanSTARindex/Homo_sapiens.GRCh38.99.gtf
397826	6	36602744	36602935	+	ENSG00000112081	own-gene 3' UTR	1	ENSG00000112081	True	True	d	/home/sharedFolder/humanSTARindex/Homo_sapiens.GRCh38.99.gtf
157793	15	63773654	63774773	-	ENSG00000103657	exonic, not 3' UTR	1		True	True	d	/home/sharedFolder/humanSTARindex/Homo_sapiens.GRCh38.99.gtf
134407	14	34538572	34539692	-	ENSG00000129518	own-gene 3' UTR	1	ENSG00000129518	True	True	d	/home/sharedFolder/humanSTARindex/Homo_sapiens.GRCh38.99.gtf
403125	6	75715187	75716356	+	ENSG00000112701	own-gene 3' UTR	1	ENSG00000112701	True	True	d	/home/sharedFolder/humanSTARindex/Homo_sapiens.GRCh38.99.gtf
424731	7	36983958	36984440	-	ENSG00000155849	intronic (same-strand gene body)	1		True	False	d	/home/sharedFolder/humanSTARindex/Homo_sapiens.GRCh38.99.gtf
301810	22	44206527	44206730	+	ENSG00000138964	own-gene 3' UTR	1	ENSG00000138964	True	True	d	/home/sharedFolder/humanSTARindex/Homo_sapiens.GRCh38.99.gtf
96439	12	9722488	9722608	-	ENSG00000184293	own-gene 3' UTR	1	ENSG00000184293	True	True	d	/home/sharedFolder/humanSTARindex/Homo_sapiens.GRCh38.99.gtf
227018	19	35883818	35884854	-	ENSG00000167604	outside any same-strand gene	0		False	False	d	/home/sharedFolder/humanSTARindex/Homo_sapiens.GRCh38.99.gtf
194493	17	40357316	40357643	+	ENSG00000131759	own-gene 3' UTR	1	ENSG00000131759	True	True	d	/home/sharedFolder/humanSTARindex/Homo_sapiens.GRCh38.99.gtf
74414	11	10797622	10797623	-	ENSG00000110321	own-gene 3' UTR	1	ENSG00000110321	True	True	d	/home/sharedFolder/humanSTARindex/Homo_sapiens.GRCh38.99.gtf
51879	10	16750736	16751440	-	ENSG00000148484	intronic (same-strand gene body)	1		True	False	d	/home/sharedFolder/humanSTARindex/Homo_sapiens.GRCh38.99.gtf
134818	14	35093236	35094571	-	ENSG00000092020	intronic (same-strand gene body)	1		True	False	d	/home/sharedFolder/humanSTARindex/Homo_sapiens.GRCh38.99.gtf
286774	20	58989031	58989564	-	ENSG00000101160	outside any same-strand gene	0		False	False	d	/home/sharedFolder/humanSTARindex/Homo_sapiens.GRCh38.99.gtf
179268	16	69628456	69629155	+	ENSG00000102908	intronic (same-strand gene body)	1		True	False	d	/home/sharedFolder/humanSTARindex/Homo_sapiens.GRCh38.99.gtf
66604	10	100275149	100275184	-	ENSG00000196072	own-gene 3' UTR	1	ENSG00000196072	True	True	d	/home/sharedFolder/humanSTARindex/Homo_sapiens.GRCh38.99.gtf
106175	12	56352451	56353692	-	ENSG00000170581	own-gene 3' UTR	1	ENSG00000170581	True	True	d	/home/sharedFolder/humanSTARindex/Homo_sapiens.GRCh38.99.gtf
182207	16	83808815	83809418	+	ENSG00000230989	own-gene 3' UTR	1	ENSG00000230989	True	True	d	/home/sharedFolder/humanSTARindex/Homo_sapiens.GRCh38.99.gtf
214228	18	49490745	49492473	-	ENSG00000215472	exonic, not 3' UTR	4		True	True	d	/home/sharedFolder/humanSTARindex/Homo_sapiens.GRCh38.99.gtf
478336	9	93566104	93566115	+	ENSG00000048828	own-gene 3' UTR	1	ENSG00000048828	True	True	d	/home/sharedFolder/humanSTARindex/Homo_sapiens.GRCh38.99.gtf
64628	10	91864848	91865475	+	ENSG00000107854	own-gene 3' UTR	1	ENSG00000107854	True	True	d	/home/sharedFolder/humanSTARindex/Homo_sapiens.GRCh38.99.gtf
499054	X	101396108	101397034	-	ENSG00000102393	intronic (same-strand gene body)	1		True	False	d	/home/sharedFolder/humanSTARindex/Homo_sapiens.GRCh38.99.gtf
251343	2	96847976	96848040	-	ENSG00000163126	other-gene 3' UTR	2	ENSG00000213337	True	True	d	/home/sharedFolder/humanSTARindex/Homo_sapiens.GRCh38.99.gtf
185376	17	3661119	3661542	+	ENSG00000040531	own-gene 3' UTR	1	ENSG00000040531	True	True	d	/home/sharedFolder/humanSTARindex/Homo_sapiens.GRCh38.99.gtf
233650	19	54353621	54354138	-	ENSG00000167613	own-gene 3' UTR	1	ENSG00000167613	True	True	d	/home/sharedFolder/humanSTARindex/Homo_sapiens.GRCh38.99.gtf
320737	3	115805355	115805814	-	ENSG00000185565	own-gene 3' UTR	1	ENSG00000185565	True	True	d	/home/sharedFolder/humanSTARindex/Homo_sapiens.GRCh38.99.gtf
107861	12	66137833	66137954	-	ENSG00000228144	other-gene 3' UTR	2	ENSG00000155957	True	True	d	/home/sharedFolder/humanSTARindex/Homo_sapiens.GRCh38.99.gtf
87066	11	90193572	90194191	-	ENSG00000110172	outside any same-strand gene	0		False	False	d	/home/sharedFolder/humanSTARindex/Homo_sapiens.GRCh38.99.gtf
345815	4	74097034	74097035	-	ENSG00000081041	outside any same-strand gene	0		False	False	d	/home/sharedFolder/humanSTARindex/Homo_sapiens.GRCh38.99.gtf
79912	11	60174439	60175563	-	ENSG00000110077	own-gene 3' UTR	1	ENSG00000110077	True	True	d	/home/sharedFolder/humanSTARindex/Homo_sapiens.GRCh38.99.gtf
1431	1	6871881	6872049	+	ENSG00000171735	own-gene 3' UTR	1	ENSG00000171735	True	True	d	/home/sharedFolder/humanSTARindex/Homo_sapiens.GRCh38.99.gtf
17823	1	78004937	78005874	+	ENSG00000162616	exonic, not 3' UTR	2		True	True	d	/home/sharedFolder/humanSTARindex/Homo_sapiens.GRCh38.99.gtf
47652	1	245086778	245087860	+	ENSG00000203666	own-gene 3' UTR	1	ENSG00000203666	True	True	d	/home/sharedFolder/humanSTARindex/Homo_sapiens.GRCh38.99.gtf
105770	12	55770323	55771510	-	ENSG00000205323	intronic (same-strand gene body)	2		True	False	d	/home/sharedFolder/humanSTARindex/Homo_sapiens.GRCh38.99.gtf
134837	14	35104856	35107394	-	ENSG00000092020	own-gene 3' UTR	1	ENSG00000092020	True	True	d	/home/sharedFolder/humanSTARindex/Homo_sapiens.GRCh38.99.gtf
412422	6	143545949	143546948	+	ENSG00000112419	intronic (same-strand gene body)	1		True	False	d	/home/sharedFolder/humanSTARindex/Homo_sapiens.GRCh38.99.gtf
80514	11	62433529	62433546	-	ENSG00000124942	own-gene 3' UTR	1	ENSG00000124942	True	True	d	/home/sharedFolder/humanSTARindex/Homo_sapiens.GRCh38.99.gtf
149600	15	25337241	25337286	-	ENSG00000114062	own-gene 3' UTR	1	ENSG00000114062	True	True	d	/home/sharedFolder/humanSTARindex/Homo_sapiens.GRCh38.99.gtf
124982	13	42887981	42887982	-	ENSG00000133106	own-gene 3' UTR	1	ENSG00000133106	True	True	d	/home/sharedFolder/humanSTARindex/Homo_sapiens.GRCh38.99.gtf
11349	1	40426899	40428867	+	ENSG00000084070	outside any same-strand gene	0		False	False	d	/home/sharedFolder/humanSTARindex/Homo_sapiens.GRCh38.99.gtf
76960	11	32602364	32602563	+	ENSG00000149100	own-gene 3' UTR	1	ENSG00000149100	True	True	d	/home/sharedFolder/humanSTARindex/Homo_sapiens.GRCh38.99.gtf
165397	15	99715995	99716483	+	ENSG00000068305	own-gene 3' UTR	1	ENSG00000068305	True	True	d	/home/sharedFolder/humanSTARindex/Homo_sapiens.GRCh38.99.gtf
414080	6	151077293	151077964	+	ENSG00000120254	intronic (same-strand gene body)	1		True	False	d	/home/sharedFolder/humanSTARindex/Homo_sapiens.GRCh38.99.gtf
427404	7	56064319	56065219	+	ENSG00000146731	exonic, not 3' UTR	1		False	True	d	/home/sharedFolder/humanSTARindex/Homo_sapiens.GRCh38.99.gtf
195100	17	42386661	42387151	-	ENSG00000168610	exonic, not 3' UTR	1		True	True	d	/home/sharedFolder/humanSTARindex/Homo_sapiens.GRCh38.99.gtf
150930	15	34141774	34142267	-	ENSG00000134152	own-gene 3' UTR	1	ENSG00000134152	True	True	d	/home/sharedFolder/humanSTARindex/Homo_sapiens.GRCh38.99.gtf
315871	3	69054728	69054730	-	ENSG00000144744	own-gene 3' UTR	1	ENSG00000144744	True	True	d	/home/sharedFolder/humanSTARindex/Homo_sapiens.GRCh38.99.gtf
492787	X	40645473	40646574	-	ENSG00000185753	intronic (same-strand gene body)	1		True	False	d	/home/sharedFolder/humanSTARindex/Homo_sapiens.GRCh38.99.gtf
180703	16	74529734	74531978	-	ENSG00000090863	intronic (same-strand gene body)	1		True	False	d	/home/sharedFolder/humanSTARindex/Homo_sapiens.GRCh38.99.gtf
382569	5	142108876	142109574	+	ENSG00000131507	exonic, not 3' UTR	1		True	True	d	/home/sharedFolder/humanSTARindex/Homo_sapiens.GRCh38.99.gtf
380608	5	134562675	134563334	+	ENSG00000043143	intronic (same-strand gene body)	1		True	False	d	/home/sharedFolder/humanSTARindex/Homo_sapiens.GRCh38.99.gtf
357562	4	153636331	153636711	+	ENSG00000121210	own-gene 3' UTR	1	ENSG00000121210	True	True	d	/home/sharedFolder/humanSTARindex/Homo_sapiens.GRCh38.99.gtf
209445	18	9265411	9266696	+	ENSG00000101745	intronic (same-strand gene body)	1		True	False	d	/home/sharedFolder/humanSTARindex/Homo_sapiens.GRCh38.99.gtf
271766	2	218272942	218272947	+	ENSG00000127838	own-gene 3' UTR	1	ENSG00000127838	True	True	d	/home/sharedFolder/humanSTARindex/Homo_sapiens.GRCh38.99.gtf
194926	17	42199175	42199560	-	ENSG00000173757	own-gene 3' UTR	1	ENSG00000173757	True	True	d	/home/sharedFolder/humanSTARindex/Homo_sapiens.GRCh38.99.gtf
369560	5	68226326	68226981	+	ENSG00000145675	exonic, not 3' UTR	1		True	True	d	/home/sharedFolder/humanSTARindex/Homo_sapiens.GRCh38.99.gtf
241032	2	38596849	38598505	-	ENSG00000143889	intronic (same-strand gene body)	1		True	False	d	/home/sharedFolder/humanSTARindex/Homo_sapiens.GRCh38.99.gtf
211097	18	21738875	21738876	+	ENSG00000101752	intronic (same-strand gene body)	1		True	False	d	/home/sharedFolder/humanSTARindex/Homo_sapiens.GRCh38.99.gtf
325673	3	136928036	136928890	+	ENSG00000158092	exonic, not 3' UTR	1		True	True	d	/home/sharedFolder/humanSTARindex/Homo_sapiens.GRCh38.99.gtf
29045	1	151169132	151169174	+	ENSG00000163156	own-gene 3' UTR	1	ENSG00000163156	True	True	d	/home/sharedFolder/humanSTARindex/Homo_sapiens.GRCh38.99.gtf
31091	1	156485516	156486306	-	ENSG00000116604	intronic (same-strand gene body)	1		True	False	d	/home/sharedFolder/humanSTARindex/Homo_sapiens.GRCh38.99.gtf
105812	12	55820460	55820554	+	ENSG00000123353	own-gene 3' UTR	1	ENSG00000123353	True	True	d	/home/sharedFolder/humanSTARindex/Homo_sapiens.GRCh38.99.gtf
96438	12	9721147	9722287	-	ENSG00000184293	intronic (same-strand gene body)	1		True	False	d	/home/sharedFolder/humanSTARindex/Homo_sapiens.GRCh38.99.gtf
191485	17	30782683	30782684	-	ENSG00000176390	own-gene 3' UTR	1	ENSG00000176390	True	True	d	/home/sharedFolder/humanSTARindex/Homo_sapiens.GRCh38.99.gtf
174376	16	30199996	30200558	+	ENSG00000132207	exonic, not 3' UTR	2		False	True	d	/home/sharedFolder/humanSTARindex/Homo_sapiens.GRCh38.99.gtf
297394	22	29327679	29328282	-	ENSG00000100280	own-gene 3' UTR	1	ENSG00000100280	True	True	d	/home/sharedFolder/humanSTARindex/Homo_sapiens.GRCh38.99.gtf
172430	16	23508192	23509198	-	ENSG00000103365	intronic (same-strand gene body)	1		True	False	d	/home/sharedFolder/humanSTARindex/Homo_sapiens.GRCh38.99.gtf
274245	2	231460681	231460853	-	ENSG00000115053	exonic, not 3' UTR	1		True	True	d	/home/sharedFolder/humanSTARindex/Homo_sapiens.GRCh38.99.gtf
79675	11	58574410	58577811	-	ENSG00000110031	exonic, not 3' UTR	1		True	True	d	/home/sharedFolder/humanSTARindex/Homo_sapiens.GRCh38.99.gtf
81254	11	64738430	64738834	-	ENSG00000068831	intronic (same-strand gene body)	1		True	False	d	/home/sharedFolder/humanSTARindex/Homo_sapiens.GRCh38.99.gtf
172391	16	23466153	23466165	-	ENSG00000103365	own-gene 3' UTR	1	ENSG00000103365	True	True	d	/home/sharedFolder/humanSTARindex/Homo_sapiens.GRCh38.99.gtf
311854	3	48856924	48857354	-	ENSG00000178537	own-gene 3' UTR	1	ENSG00000178537	True	True	d	/home/sharedFolder/humanSTARindex/Homo_sapiens.GRCh38.99.gtf
450766	8	27400020	27400711	+	ENSG00000120899	intronic (same-strand gene body)	1		True	False	d	/home/sharedFolder/humanSTARindex/Homo_sapiens.GRCh38.99.gtf
397361	6	35574669	35575443	-	ENSG00000096060	own-gene 3' UTR	1	ENSG00000096060	True	True	d	/home/sharedFolder/humanSTARindex/Homo_sapiens.GRCh38.99.gtf
191000	17	29673908	29674367	-	ENSG00000141298	own-gene 3' UTR	1	ENSG00000141298	True	True	d	/home/sharedFolder/humanSTARindex/Homo_sapiens.GRCh38.99.gtf
24147	1	116535875	116536206	-	ENSG00000116815	exonic, not 3' UTR	1		True	True	d	/home/sharedFolder/humanSTARindex/Homo_sapiens.GRCh38.99.gtf
72864	11	3826977	3826978	-	ENSG00000177105	own-gene 3' UTR	1	ENSG00000177105	True	True	d	/home/sharedFolder/humanSTARindex/Homo_sapiens.GRCh38.99.gtf
99595	12	22690647	22690665	+	ENSG00000139163	own-gene 3' UTR	1	ENSG00000139163	True	True	d	/home/sharedFolder/humanSTARindex/Homo_sapiens.GRCh38.99.gtf
8766	1	32043232	32043301	+	ENSG00000121774	own-gene 3' UTR	1	ENSG00000121774	True	True	d	/home/sharedFolder/humanSTARindex/Homo_sapiens.GRCh38.99.gtf
285532	20	50584755	50584762	+	ENSG00000196396	own-gene 3' UTR	1	ENSG00000196396	True	True	d	/home/sharedFolder/humanSTARindex/Homo_sapiens.GRCh38.99.gtf
492240	X	30703425	30704050	+	ENSG00000198814	intronic (same-strand gene body)	2		True	False	d	/home/sharedFolder/humanSTARindex/Homo_sapiens.GRCh38.99.gtf
11111	1	40071580	40071871	+	ENSG00000131236	own-gene 3' UTR	1	ENSG00000131236	True	True	d	/home/sharedFolder/humanSTARindex/Homo_sapiens.GRCh38.99.gtf
75221	11	14652992	14655292	+	ENSG00000152270	intronic (same-strand gene body)	1		True	False	d	/home/sharedFolder/humanSTARindex/Homo_sapiens.GRCh38.99.gtf
298367	22	32410706	32411270	-	ENSG00000100220	intronic (same-strand gene body)	1		True	False	d	/home/sharedFolder/humanSTARindex/Homo_sapiens.GRCh38.99.gtf
79005	11	47618709	47618771	-	ENSG00000109919	own-gene 3' UTR	1	ENSG00000109919	True	True	d	/home/sharedFolder/humanSTARindex/Homo_sapiens.GRCh38.99.gtf
283838	20	44973523	44974043	+	ENSG00000101109	intronic (same-strand gene body)	1		True	False	d	/home/sharedFolder/humanSTARindex/Homo_sapiens.GRCh38.99.gtf
286778	20	58990610	58991099	-	ENSG00000101160	outside any same-strand gene	0		False	False	d	/home/sharedFolder/humanSTARindex/Homo_sapiens.GRCh38.99.gtf
291922	21	36376130	36376632	+	ENSG00000159256	own-gene 3' UTR	1	ENSG00000159256	True	True	d	/home/sharedFolder/humanSTARindex/Homo_sapiens.GRCh38.99.gtf
224269	19	18178999	18180119	+	ENSG00000268173	outside any same-strand gene	0		False	False	d	/home/sharedFolder/humanSTARindex/Homo_sapiens.GRCh38.99.gtf
464745	8	130052094	130053354	-	ENSG00000153317	own-gene 3' UTR	1	ENSG00000153317	True	True	d	/home/sharedFolder/humanSTARindex/Homo_sapiens.GRCh38.99.gtf
206435	17	80253065	80253513	+	ENSG00000181045	own-gene 3' UTR	1	ENSG00000181045	True	True	d	/home/sharedFolder/humanSTARindex/Homo_sapiens.GRCh38.99.gtf
206437	17	80254977	80255847	+	ENSG00000181045	outside any same-strand gene	0		False	False	d	/home/sharedFolder/humanSTARindex/Homo_sapiens.GRCh38.99.gtf
396291	6	32659885	32660072	-	ENSG00000179344	own-gene 3' UTR	1	ENSG00000179344	True	True	d	/home/sharedFolder/humanSTARindex/Homo_sapiens.GRCh38.99.gtf
228842	19	40765304	40765389	+	ENSG00000077312	own-gene 3' UTR	1	ENSG00000077312	True	True	d	/home/sharedFolder/humanSTARindex/Homo_sapiens.GRCh38.99.gtf
143624	14	76782574	76783017	+	ENSG00000071246	own-gene 3' UTR	1	ENSG00000071246	True	True	d	/home/sharedFolder/humanSTARindex/Homo_sapiens.GRCh38.99.gtf
121304	13	21148826	21148838	+	ENSG00000150459	own-gene 3' UTR	1	ENSG00000150459	True	True	d	/home/sharedFolder/humanSTARindex/Homo_sapiens.GRCh38.99.gtf
251515	2	97648131	97648194	+	ENSG00000135940	own-gene 3' UTR	1	ENSG00000135940	True	True	d	/home/sharedFolder/humanSTARindex/Homo_sapiens.GRCh38.99.gtf
252604	2	101278119	101278797	-	ENSG00000163162	intronic (same-strand gene body)	1		True	False	d	/home/sharedFolder/humanSTARindex/Homo_sapiens.GRCh38.99.gtf
428439	7	66791577	66792217	+	ENSG00000284461	intronic (same-strand gene body)	2		True	False	d	/home/sharedFolder/humanSTARindex/Homo_sapiens.GRCh38.99.gtf
361651	5	6376852	6377429	-	ENSG00000133398	exonic, not 3' UTR	1		True	True	d	/home/sharedFolder/humanSTARindex/Homo_sapiens.GRCh38.99.gtf
102536	12	43759181	43759895	+	ENSG00000198001	exonic, not 3' UTR	1		True	True	d	/home/sharedFolder/humanSTARindex/Homo_sapiens.GRCh38.99.gtf
53821	10	26747810	26747970	-	ENSG00000136754	own-gene 3' UTR	1	ENSG00000136754	True	True	d	/home/sharedFolder/humanSTARindex/Homo_sapiens.GRCh38.99.gtf
429384	7	72948293	72948299	+	ENSG00000196313	own-gene 3' UTR	1	ENSG00000196313	True	True	d	/home/sharedFolder/humanSTARindex/Homo_sapiens.GRCh38.99.gtf
239216	2	28782956	28783723	+	ENSG00000213639	intronic (same-strand gene body)	2		True	False	d	/home/sharedFolder/humanSTARindex/Homo_sapiens.GRCh38.99.gtf
6075	1	23970972	23970979	-	ENSG00000188529	own-gene 3' UTR	1	ENSG00000188529	True	True	d	/home/sharedFolder/humanSTARindex/Homo_sapiens.GRCh38.99.gtf
164023	15	90100927	90101510	-	ENSG00000182054	intronic (same-strand gene body)	1		True	False	d	/home/sharedFolder/humanSTARindex/Homo_sapiens.GRCh38.99.gtf
199461	17	58346039	58346157	-	ENSG00000213246	own-gene 3' UTR	2	ENSG00000213246,ENSG00000285897	True	True	d	/home/sharedFolder/humanSTARindex/Homo_sapiens.GRCh38.99.gtf
176062	16	50318112	50318135	+	ENSG00000121281	own-gene 3' UTR	1	ENSG00000121281	True	True	d	/home/sharedFolder/humanSTARindex/Homo_sapiens.GRCh38.99.gtf
363994	5	32601444	32601461	+	ENSG00000113387	own-gene 3' UTR	1	ENSG00000113387	True	True	d	/home/sharedFolder/humanSTARindex/Homo_sapiens.GRCh38.99.gtf
192584	17	35358140	35359397	-	ENSG00000172716	intronic (same-strand gene body)	1		True	False	d	/home/sharedFolder/humanSTARindex/Homo_sapiens.GRCh38.99.gtf
461272	8	103398428	103399801	-	ENSG00000164933	own-gene 3' UTR	2	ENSG00000164933,ENSG00000285982	True	True	d	/home/sharedFolder/humanSTARindex/Homo_sapiens.GRCh38.99.gtf
407323	6	111180750	111181293	+	ENSG00000112394	intronic (same-strand gene body)	1		True	False	d	/home/sharedFolder/humanSTARindex/Homo_sapiens.GRCh38.99.gtf
402200	6	69795620	69796323	-	ENSG00000168216	exonic, not 3' UTR	1		True	True	d	/home/sharedFolder/humanSTARindex/Homo_sapiens.GRCh38.99.gtf
384058	5	150400034	150400588	-	ENSG00000019582	own-gene 3' UTR	1	ENSG00000019582	True	True	d	/home/sharedFolder/humanSTARindex/Homo_sapiens.GRCh38.99.gtf
385715	5	163438110	163439087	+	ENSG00000113328	intronic (same-strand gene body)	1		True	False	d	/home/sharedFolder/humanSTARindex/Homo_sapiens.GRCh38.99.gtf
233468	19	53876291	53876315	+	ENSG00000179820	own-gene 3' UTR	1	ENSG00000179820	True	True	d	/home/sharedFolder/humanSTARindex/Homo_sapiens.GRCh38.99.gtf
494008	X	48577661	48577662	+	ENSG00000102317	own-gene 3' UTR	1	ENSG00000102317	True	True	d	/home/sharedFolder/humanSTARindex/Homo_sapiens.GRCh38.99.gtf
168914	16	11841658	11842010	-	ENSG00000171490	own-gene 3' UTR	1	ENSG00000171490	True	True	d	/home/sharedFolder/humanSTARindex/Homo_sapiens.GRCh38.99.gtf
79873	11	59806134	59806143	-	ENSG00000166902	own-gene 3' UTR	1	ENSG00000166902	True	True	d	/home/sharedFolder/humanSTARindex/Homo_sapiens.GRCh38.99.gtf
201448	17	63832015	63832092	+	ENSG00000087191	own-gene 3' UTR	1	ENSG00000087191	True	True	d	/home/sharedFolder/humanSTARindex/Homo_sapiens.GRCh38.99.gtf
201452	17	63835958	63836527	+	ENSG00000087191	outside any same-strand gene	0		False	False	d	/home/sharedFolder/humanSTARindex/Homo_sapiens.GRCh38.99.gtf
175875	16	48587959	48588730	-	ENSG00000102921	intronic (same-strand gene body)	1		True	False	d	/home/sharedFolder/humanSTARindex/Homo_sapiens.GRCh38.99.gtf
258985	2	143703516	143704156	+	ENSG00000075884	exonic, not 3' UTR	1		True	True	d	/home/sharedFolder/humanSTARindex/Homo_sapiens.GRCh38.99.gtf
422098	7	23504779	23504780	-	ENSG00000164548	own-gene 3' UTR	1	ENSG00000164548	True	True	d	/home/sharedFolder/humanSTARindex/Homo_sapiens.GRCh38.99.gtf
346892	4	77882847	77884265	+	ENSG00000169288	exonic, not 3' UTR	1		True	True	d	/home/sharedFolder/humanSTARindex/Homo_sapiens.GRCh38.99.gtf
94530	12	2810456	2811536	+	ENSG00000004478	outside any same-strand gene	0		False	False	d	/home/sharedFolder/humanSTARindex/Homo_sapiens.GRCh38.99.gtf
23851	1	114567665	114568122	-	ENSG00000116752	own-gene 3' UTR	1	ENSG00000116752	True	True	d	/home/sharedFolder/humanSTARindex/Homo_sapiens.GRCh38.99.gtf
212337	18	32072797	32073192	+	ENSG00000101695	own-gene 3' UTR	2	ENSG00000101695	True	True	d	/home/sharedFolder/humanSTARindex/Homo_sapiens.GRCh38.99.gtf
500626	X	119022544	119022925	+	ENSG00000175556	outside any same-strand gene	0		False	False	d	/home/sharedFolder/humanSTARindex/Homo_sapiens.GRCh38.99.gtf
155477	15	52565953	52567473	-	ENSG00000128989	intronic (same-strand gene body)	1		True	False	d	/home/sharedFolder/humanSTARindex/Homo_sapiens.GRCh38.99.gtf
375628	5	96774337	96774338	+	ENSG00000153113	own-gene 3' UTR	1	ENSG00000153113	True	True	d	/home/sharedFolder/humanSTARindex/Homo_sapiens.GRCh38.99.gtf
485415	9	130040269	130041827	-	ENSG00000187239	intronic (same-strand gene body)	1		True	False	d	/home/sharedFolder/humanSTARindex/Homo_sapiens.GRCh38.99.gtf
70744	10	124989126	124989242	-	ENSG00000175029	own-gene 3' UTR	1	ENSG00000175029	True	True	d	/home/sharedFolder/humanSTARindex/Homo_sapiens.GRCh38.99.gtf
118560	12	121916643	121916644	+	ENSG00000110801	own-gene 3' UTR	2	ENSG00000110801	True	True	d	/home/sharedFolder/humanSTARindex/Homo_sapiens.GRCh38.99.gtf
168772	16	11628596	11629165	-	ENSG00000189067	exonic, not 3' UTR	1		True	True	d	/home/sharedFolder/humanSTARindex/Homo_sapiens.GRCh38.99.gtf
406153	6	106570099	106570449	+	ENSG00000112297	own-gene 3' UTR	1	ENSG00000112297	True	True	d	/home/sharedFolder/humanSTARindex/Homo_sapiens.GRCh38.99.gtf
86013	11	83185470	83185794	+	ENSG00000165494	own-gene 3' UTR	1	ENSG00000165494	True	True	d	/home/sharedFolder/humanSTARindex/Homo_sapiens.GRCh38.99.gtf
72989	11	4092580	4093208	+	ENSG00000167323	own-gene 3' UTR	1	ENSG00000167323	True	True	d	/home/sharedFolder/humanSTARindex/Homo_sapiens.GRCh38.99.gtf
202794	17	67415322	67415969	+	ENSG00000154217	intronic (same-strand gene body)	1		True	False	d	/home/sharedFolder/humanSTARindex/Homo_sapiens.GRCh38.99.gtf
139348	14	61701683	61702610	+	ENSG00000100644	intronic (same-strand gene body)	1		True	False	d	/home/sharedFolder/humanSTARindex/Homo_sapiens.GRCh38.99.gtf
16460	1	66374258	66374350	+	ENSG00000184588	own-gene 3' UTR	1	ENSG00000184588	True	True	d	/home/sharedFolder/humanSTARindex/Homo_sapiens.GRCh38.99.gtf
445113	7	150690255	150690581	+	ENSG00000106560	intronic (same-strand gene body)	1		True	False	d	/home/sharedFolder/humanSTARindex/Homo_sapiens.GRCh38.99.gtf
445117	7	150693225	150693641	+	ENSG00000106560	own-gene 3' UTR	1	ENSG00000106560	True	True	d	/home/sharedFolder/humanSTARindex/Homo_sapiens.GRCh38.99.gtf
122633	13	29764370	29764760	-	ENSG00000122042	own-gene 3' UTR	1	ENSG00000122042	True	True	d	/home/sharedFolder/humanSTARindex/Homo_sapiens.GRCh38.99.gtf
310590	3	44760460	44761383	-	ENSG00000163807	intronic (same-strand gene body)	1		True	False	d	/home/sharedFolder/humanSTARindex/Homo_sapiens.GRCh38.99.gtf
345816	4	74097137	74097341	-	ENSG00000081041	own-gene 3' UTR	1	ENSG00000081041	True	True	d	/home/sharedFolder/humanSTARindex/Homo_sapiens.GRCh38.99.gtf
333743	3	186584336	186584718	+	ENSG00000090520	exonic, not 3' UTR	2		True	True	d	/home/sharedFolder/humanSTARindex/Homo_sapiens.GRCh38.99.gtf
315886	3	69076463	69077675	-	ENSG00000144744	exonic, not 3' UTR	1		True	True	d	/home/sharedFolder/humanSTARindex/Homo_sapiens.GRCh38.99.gtf
275509	2	237729652	237731035	+	ENSG00000124831	intronic (same-strand gene body)	1		True	False	d	/home/sharedFolder/humanSTARindex/Homo_sapiens.GRCh38.99.gtf
305480	3	15052207	15052302	-	ENSG00000131368	own-gene 3' UTR	1	ENSG00000131368	True	True	d	/home/sharedFolder/humanSTARindex/Homo_sapiens.GRCh38.99.gtf
51412	10	14015056	14015753	-	ENSG00000151474	intronic (same-strand gene body)	1		True	False	d	/home/sharedFolder/humanSTARindex/Homo_sapiens.GRCh38.99.gtf
123286	13	32401559	32402440	-	ENSG00000139597	own-gene 3' UTR	1	ENSG00000139597	True	True	d	/home/sharedFolder/humanSTARindex/Homo_sapiens.GRCh38.99.gtf
472194	9	37488613	37489149	+	ENSG00000137054	intronic (same-strand gene body)	1		True	False	d	/home/sharedFolder/humanSTARindex/Homo_sapiens.GRCh38.99.gtf
298912	22	36317298	36317845	-	ENSG00000100345	intronic (same-strand gene body)	1		True	False	d	/home/sharedFolder/humanSTARindex/Homo_sapiens.GRCh38.99.gtf
297751	22	30429052	30429054	+	ENSG00000100003	other-gene 3' UTR	1	ENSG00000242114	False	True	d	/home/sharedFolder/humanSTARindex/Homo_sapiens.GRCh38.99.gtf
59605	10	67917758	67918477	+	ENSG00000096717	own-gene 3' UTR	1	ENSG00000096717	True	True	d	/home/sharedFolder/humanSTARindex/Homo_sapiens.GRCh38.99.gtf
374120	5	87327258	87327963	-	ENSG00000134480	intronic (same-strand gene body)	1		True	False	d	/home/sharedFolder/humanSTARindex/Homo_sapiens.GRCh38.99.gtf
237464	2	24075204	24076074	-	ENSG00000115128	intronic (same-strand gene body)	1		True	False	d	/home/sharedFolder/humanSTARindex/Homo_sapiens.GRCh38.99.gtf
470746	9	33105978	33106574	-	ENSG00000086062	intronic (same-strand gene body)	1		True	False	d	/home/sharedFolder/humanSTARindex/Homo_sapiens.GRCh38.99.gtf
406594	6	108243988	108245211	-	ENSG00000112335	intronic (same-strand gene body)	1		True	False	d	/home/sharedFolder/humanSTARindex/Homo_sapiens.GRCh38.99.gtf
380251	5	133075184	133075856	+	ENSG00000170606	intronic (same-strand gene body)	1		True	False	d	/home/sharedFolder/humanSTARindex/Homo_sapiens.GRCh38.99.gtf
499324	X	103586802	103587200	+	ENSG00000133142	exonic, not 3' UTR	1		True	True	d	/home/sharedFolder/humanSTARindex/Homo_sapiens.GRCh38.99.gtf
152699	15	42412822	42413255	-	ENSG00000103994	own-gene 3' UTR	1	ENSG00000103994	True	True	d	/home/sharedFolder/humanSTARindex/Homo_sapiens.GRCh38.99.gtf
499060	X	101398223	101398697	-	ENSG00000102393	own-gene 3' UTR	1	ENSG00000102393	True	True	d	/home/sharedFolder/humanSTARindex/Homo_sapiens.GRCh38.99.gtf
396353	6	32840716	32840745	-	ENSG00000204264	own-gene 3' UTR	1	ENSG00000204264	True	True	d	/home/sharedFolder/humanSTARindex/Homo_sapiens.GRCh38.99.gtf
29041	1	151166938	151167861	+	ENSG00000163156	exonic, not 3' UTR	1		True	True	d	/home/sharedFolder/humanSTARindex/Homo_sapiens.GRCh38.99.gtf
481258	9	111669402	111669546	+	ENSG00000244115	own-gene 3' UTR	2	ENSG00000242616,ENSG00000244115	True	True	d	/home/sharedFolder/humanSTARindex/Homo_sapiens.GRCh38.99.gtf
105631	12	54542672	54543102	+	ENSG00000123338	own-gene 3' UTR	1	ENSG00000123338	True	True	d	/home/sharedFolder/humanSTARindex/Homo_sapiens.GRCh38.99.gtf
125976	13	48304682	48305391	+	ENSG00000139687	intronic (same-strand gene body)	1		True	False	d	/home/sharedFolder/humanSTARindex/Homo_sapiens.GRCh38.99.gtf
309854	3	41271525	41272937	-	ENSG00000168038	intronic (same-strand gene body)	1		True	False	d	/home/sharedFolder/humanSTARindex/Homo_sapiens.GRCh38.99.gtf
194492	17	40356444	40356796	+	ENSG00000131759	own-gene 3' UTR	1	ENSG00000131759	True	True	d	/home/sharedFolder/humanSTARindex/Homo_sapiens.GRCh38.99.gtf
408107	6	116437775	116438279	+	ENSG00000111817	own-gene 3' UTR	2	ENSG00000111817	True	True	d	/home/sharedFolder/humanSTARindex/Homo_sapiens.GRCh38.99.gtf
47109	1	243501762	243502431	-	ENSG00000117020	own-gene 3' UTR	1	ENSG00000117020	True	True	d	/home/sharedFolder/humanSTARindex/Homo_sapiens.GRCh38.99.gtf
148361	14	103912287	103912300	-	ENSG00000156411	own-gene 3' UTR	1	ENSG00000156411	True	True	d	/home/sharedFolder/humanSTARindex/Homo_sapiens.GRCh38.99.gtf
170245	16	16253601	16254629	+	ENSG00000103226	intronic (same-strand gene body)	1		True	False	d	/home/sharedFolder/humanSTARindex/Homo_sapiens.GRCh38.99.gtf
67435	10	102860871	102861662	+	ENSG00000166275	intronic (same-strand gene body)	2		True	False	d	/home/sharedFolder/humanSTARindex/Homo_sapiens.GRCh38.99.gtf
408960	6	122457212	122458591	-	ENSG00000111897	exonic, not 3' UTR	1		True	True	d	/home/sharedFolder/humanSTARindex/Homo_sapiens.GRCh38.99.gtf
74403	11	10779379	10779746	+	ENSG00000198730	own-gene 3' UTR	1	ENSG00000198730	True	True	d	/home/sharedFolder/humanSTARindex/Homo_sapiens.GRCh38.99.gtf
465016	8	132012744	132013642	+	ENSG00000132294	own-gene 3' UTR	1	ENSG00000132294	True	True	d	/home/sharedFolder/humanSTARindex/Homo_sapiens.GRCh38.99.gtf
77530	11	34995813	34996212	+	ENSG00000110435	own-gene 3' UTR	1	ENSG00000110435	True	True	d	/home/sharedFolder/humanSTARindex/Homo_sapiens.GRCh38.99.gtf
75471	11	16757393	16758229	+	ENSG00000110696	own-gene 3' UTR	1	ENSG00000110696	True	True	d	/home/sharedFolder/humanSTARindex/Homo_sapiens.GRCh38.99.gtf
294674	22	17592452	17592584	-	ENSG00000131100	own-gene 3' UTR	1	ENSG00000131100	True	True	d	/home/sharedFolder/humanSTARindex/Homo_sapiens.GRCh38.99.gtf
28819	1	150732064	150732075	-	ENSG00000163131	own-gene 3' UTR	1	ENSG00000163131	True	True	d	/home/sharedFolder/humanSTARindex/Homo_sapiens.GRCh38.99.gtf
247270	2	69942944	69942945	+	ENSG00000059728	own-gene 3' UTR	1	ENSG00000059728	True	True	d	/home/sharedFolder/humanSTARindex/Homo_sapiens.GRCh38.99.gtf
372239	5	78002252	78002721	-	ENSG00000132842	own-gene 3' UTR	1	ENSG00000132842	True	True	d	/home/sharedFolder/humanSTARindex/Homo_sapiens.GRCh38.99.gtf
175847	16	48542489	48542943	-	ENSG00000102921	own-gene 3' UTR	1	ENSG00000102921	True	True	d	/home/sharedFolder/humanSTARindex/Homo_sapiens.GRCh38.99.gtf
85096	11	77022359	77024206	+	ENSG00000078124	own-gene 3' UTR	1	ENSG00000078124	True	True	d	/home/sharedFolder/humanSTARindex/Homo_sapiens.GRCh38.99.gtf
486064	9	132261355	132262045	-	ENSG00000107290	own-gene 3' UTR	1	ENSG00000107290	True	True	d	/home/sharedFolder/humanSTARindex/Homo_sapiens.GRCh38.99.gtf
491277	X	20140572	20141866	-	ENSG00000173674	exonic, not 3' UTR	1		True	True	d	/home/sharedFolder/humanSTARindex/Homo_sapiens.GRCh38.99.gtf
335402	3	195527838	195528416	-	ENSG00000184203	own-gene 3' UTR	1	ENSG00000184203	True	True	d	/home/sharedFolder/humanSTARindex/Homo_sapiens.GRCh38.99.gtf
92685	11	126277631	126278127	+	ENSG00000110074	own-gene 3' UTR	1	ENSG00000110074	True	True	d	/home/sharedFolder/humanSTARindex/Homo_sapiens.GRCh38.99.gtf
193726	17	38726833	38727825	+	ENSG00000275023	own-gene 3' UTR	1	ENSG00000275023	True	True	d	/home/sharedFolder/humanSTARindex/Homo_sapiens.GRCh38.99.gtf
228067	19	38610360	38610962	-	ENSG00000104814	intronic (same-strand gene body)	1		True	False	d	/home/sharedFolder/humanSTARindex/Homo_sapiens.GRCh38.99.gtf
465250	8	133036727	133036730	-	ENSG00000155926	own-gene 3' UTR	1	ENSG00000155926	True	True	d	/home/sharedFolder/humanSTARindex/Homo_sapiens.GRCh38.99.gtf
103787	12	49002271	49002277	-	ENSG00000181929	own-gene 3' UTR	1	ENSG00000181929	True	True	d	/home/sharedFolder/humanSTARindex/Homo_sapiens.GRCh38.99.gtf
151750	15	39595999	39597192	+	ENSG00000137801	own-gene 3' UTR	1	ENSG00000137801	True	True	d	/home/sharedFolder/humanSTARindex/Homo_sapiens.GRCh38.99.gtf
280117	20	25388775	25389700	-	ENSG00000100997	intronic (same-strand gene body)	1		True	False	d	/home/sharedFolder/humanSTARindex/Homo_sapiens.GRCh38.99.gtf
168931	16	11855928	11857258	-	ENSG00000171490	outside any same-strand gene	0		False	False	d	/home/sharedFolder/humanSTARindex/Homo_sapiens.GRCh38.99.gtf
297750	22	30425794	30426368	+	ENSG00000100003	exonic, not 3' UTR	2		False	True	d	/home/sharedFolder/humanSTARindex/Homo_sapiens.GRCh38.99.gtf
428454	7	66809045	66809865	+	ENSG00000284461	own-gene 3' UTR	2	ENSG00000154710,ENSG00000284461	True	True	d	/home/sharedFolder/humanSTARindex/Homo_sapiens.GRCh38.99.gtf
451502	8	30164821	30165807	+	ENSG00000104660	other-gene 3' UTR	2	ENSG00000104671	True	True	d	/home/sharedFolder/humanSTARindex/Homo_sapiens.GRCh38.99.gtf
38674	1	198739416	198740742	+	ENSG00000081237	intronic (same-strand gene body)	1		True	False	d	/home/sharedFolder/humanSTARindex/Homo_sapiens.GRCh38.99.gtf
334326	3	188951396	188952839	+	ENSG00000188001	intronic (same-strand gene body)	1		True	False	d	/home/sharedFolder/humanSTARindex/Homo_sapiens.GRCh38.99.gtf
422523	7	26192266	26192267	-	ENSG00000122566	own-gene 3' UTR	1	ENSG00000122566	True	True	d	/home/sharedFolder/humanSTARindex/Homo_sapiens.GRCh38.99.gtf
35285	1	175944827	175945090	-	ENSG00000143207	own-gene 3' UTR	1	ENSG00000143207	True	True	d	/home/sharedFolder/humanSTARindex/Homo_sapiens.GRCh38.99.gtf
108434	12	68643344	68643899	+	ENSG00000127314	intronic (same-strand gene body)	1		True	False	d	/home/sharedFolder/humanSTARindex/Homo_sapiens.GRCh38.99.gtf
179893	16	70687438	70687895	-	ENSG00000103043	own-gene 3' UTR	1	ENSG00000103043	True	True	d	/home/sharedFolder/humanSTARindex/Homo_sapiens.GRCh38.99.gtf
187306	17	8936444	8938820	-	ENSG00000141506	intronic (same-strand gene body)	1		True	False	d	/home/sharedFolder/humanSTARindex/Homo_sapiens.GRCh38.99.gtf
4096	1	16441573	16441619	+	ENSG00000157191	exonic, not 3' UTR	1		True	True	d	/home/sharedFolder/humanSTARindex/Homo_sapiens.GRCh38.99.gtf
492724	X	40110629	40110635	-	ENSG00000183337	intronic (same-strand gene body)	1		True	False	d	/home/sharedFolder/humanSTARindex/Homo_sapiens.GRCh38.99.gtf
382961	5	143279487	143280106	-	ENSG00000113580	own-gene 3' UTR	1	ENSG00000113580	True	True	d	/home/sharedFolder/humanSTARindex/Homo_sapiens.GRCh38.99.gtf
170272	16	16294510	16294592	+	ENSG00000103226	own-gene 3' UTR	1	ENSG00000103226	True	True	d	/home/sharedFolder/humanSTARindex/Homo_sapiens.GRCh38.99.gtf
211633	18	24020281	24020288	+	ENSG00000168234	own-gene 3' UTR	1	ENSG00000168234	True	True	d	/home/sharedFolder/humanSTARindex/Homo_sapiens.GRCh38.99.gtf
490673	X	16844649	16844650	-	ENSG00000102054	own-gene 3' UTR	1	ENSG00000102054	True	True	d	/home/sharedFolder/humanSTARindex/Homo_sapiens.GRCh38.99.gtf
280005	20	24962943	24963021	-	ENSG00000101474	own-gene 3' UTR	1	ENSG00000101474	True	True	d	/home/sharedFolder/humanSTARindex/Homo_sapiens.GRCh38.99.gtf
304389	3	10126578	10126667	+	ENSG00000254999	own-gene 3' UTR	1	ENSG00000254999	True	True	d	/home/sharedFolder/humanSTARindex/Homo_sapiens.GRCh38.99.gtf
103881	12	49188177	49188753	-	ENSG00000167552	exonic, not 3' UTR	1		True	True	d	/home/sharedFolder/humanSTARindex/Homo_sapiens.GRCh38.99.gtf
226384	19	33386949	33386955	-	ENSG00000124299	own-gene 3' UTR	1	ENSG00000124299	True	True	d	/home/sharedFolder/humanSTARindex/Homo_sapiens.GRCh38.99.gtf
52949	10	21756536	21756826	-	ENSG00000136770	own-gene 3' UTR	1	ENSG00000136770	True	True	d	/home/sharedFolder/humanSTARindex/Homo_sapiens.GRCh38.99.gtf
385963	5	168519300	168519306	+	ENSG00000113643	own-gene 3' UTR	1	ENSG00000113643	True	True	d	/home/sharedFolder/humanSTARindex/Homo_sapiens.GRCh38.99.gtf
6089	1	23977939	23978819	-	ENSG00000188529	own-gene 3' UTR	1	ENSG00000188529	True	True	d	/home/sharedFolder/humanSTARindex/Homo_sapiens.GRCh38.99.gtf
231429	19	48382574	48382628	-	ENSG00000105438	own-gene 3' UTR	1	ENSG00000105438	True	True	d	/home/sharedFolder/humanSTARindex/Homo_sapiens.GRCh38.99.gtf
221126	19	10391132	10391135	-	ENSG00000105401	own-gene 3' UTR	1	ENSG00000105401	True	True	d	/home/sharedFolder/humanSTARindex/Homo_sapiens.GRCh38.99.gtf
278142	20	6037385	6037427	+	ENSG00000286235	own-gene 3' UTR	2	ENSG00000088766,ENSG00000286235	True	True	d	/home/sharedFolder/humanSTARindex/Homo_sapiens.GRCh38.99.gtf
368526	5	61382128	61382909	+	ENSG00000130449	intronic (same-strand gene body)	1		True	False	d	/home/sharedFolder/humanSTARindex/Homo_sapiens.GRCh38.99.gtf
406722	6	108632881	108633864	+	ENSG00000118689	intronic (same-strand gene body)	1		True	False	d	/home/sharedFolder/humanSTARindex/Homo_sapiens.GRCh38.99.gtf
75233	11	14663200	14666044	+	ENSG00000152270	intronic (same-strand gene body)	1		True	False	d	/home/sharedFolder/humanSTARindex/Homo_sapiens.GRCh38.99.gtf
375393	5	95888337	95888888	-	ENSG00000118985	own-gene 3' UTR	1	ENSG00000118985	True	True	d	/home/sharedFolder/humanSTARindex/Homo_sapiens.GRCh38.99.gtf
354993	4	140094736	140095845	-	ENSG00000196782	intronic (same-strand gene body)	1		True	False	d	/home/sharedFolder/humanSTARindex/Homo_sapiens.GRCh38.99.gtf
137266	14	52692795	52693481	-	ENSG00000197930	intronic (same-strand gene body)	1		True	False	d	/home/sharedFolder/humanSTARindex/Homo_sapiens.GRCh38.99.gtf
86955	11	88333481	88334633	-	ENSG00000109861	intronic (same-strand gene body)	1		True	False	d	/home/sharedFolder/humanSTARindex/Homo_sapiens.GRCh38.99.gtf
295218	22	20023294	20024090	+	ENSG00000183597	intronic (same-strand gene body)	1		True	False	d	/home/sharedFolder/humanSTARindex/Homo_sapiens.GRCh38.99.gtf
45609	1	235133830	235135725	-	ENSG00000188739	own-gene 3' UTR	2	ENSG00000054267,ENSG00000188739	True	True	d	/home/sharedFolder/humanSTARindex/Homo_sapiens.GRCh38.99.gtf
92681	11	126269281	126270032	+	ENSG00000110074	exonic, not 3' UTR	1		True	True	d	/home/sharedFolder/humanSTARindex/Homo_sapiens.GRCh38.99.gtf
460248	8	100285209	100286493	-	ENSG00000034677	intronic (same-strand gene body)	1		True	False	d	/home/sharedFolder/humanSTARindex/Homo_sapiens.GRCh38.99.gtf
244166	2	55022950	55024485	-	ENSG00000115310	intronic (same-strand gene body)	1		True	False	d	/home/sharedFolder/humanSTARindex/Homo_sapiens.GRCh38.99.gtf
276306	2	241353738	241353739	+	ENSG00000168385	own-gene 3' UTR	1	ENSG00000168385	True	True	d	/home/sharedFolder/humanSTARindex/Homo_sapiens.GRCh38.99.gtf
201548	17	64119209	64120354	-	ENSG00000178607	intronic (same-strand gene body)	1		True	False	d	/home/sharedFolder/humanSTARindex/Homo_sapiens.GRCh38.99.gtf
85294	11	77700736	77701533	-	ENSG00000048649	exonic, not 3' UTR	1		True	True	d	/home/sharedFolder/humanSTARindex/Homo_sapiens.GRCh38.99.gtf
29900	1	154176006	154176296	-	ENSG00000143549	exonic, not 3' UTR	1		True	True	d	/home/sharedFolder/humanSTARindex/Homo_sapiens.GRCh38.99.gtf
365522	5	40777015	40777506	-	ENSG00000132356	exonic, not 3' UTR	1		True	True	d	/home/sharedFolder/humanSTARindex/Homo_sapiens.GRCh38.99.gtf
223355	19	16101742	16101743	+	ENSG00000167460	own-gene 3' UTR	1	ENSG00000167460	True	True	d	/home/sharedFolder/humanSTARindex/Homo_sapiens.GRCh38.99.gtf
30159	1	154957020	154957410	-	ENSG00000163348	own-gene 3' UTR	1	ENSG00000163348	True	True	d	/home/sharedFolder/humanSTARindex/Homo_sapiens.GRCh38.99.gtf
70852	10	125833635	125835504	+	ENSG00000107949	exonic, not 3' UTR	1		True	True	d	/home/sharedFolder/humanSTARindex/Homo_sapiens.GRCh38.99.gtf
176067	16	50321068	50321788	+	ENSG00000121281	outside any same-strand gene	0		False	False	d	/home/sharedFolder/humanSTARindex/Homo_sapiens.GRCh38.99.gtf
241797	2	42201231	42202044	+	ENSG00000143924	intronic (same-strand gene body)	1		True	False	d	/home/sharedFolder/humanSTARindex/Homo_sapiens.GRCh38.99.gtf
404056	6	85505650	85506079	-	ENSG00000135317	own-gene 3' UTR	1	ENSG00000135317	True	True	d	/home/sharedFolder/humanSTARindex/Homo_sapiens.GRCh38.99.gtf
435278	7	100466518	100466519	-	ENSG00000166925	own-gene 3' UTR	1	ENSG00000166925	True	True	d	/home/sharedFolder/humanSTARindex/Homo_sapiens.GRCh38.99.gtf
422491	7	26170855	26172162	-	ENSG00000122566	outside any same-strand gene	0		False	False	d	/home/sharedFolder/humanSTARindex/Homo_sapiens.GRCh38.99.gtf
424329	7	35663814	35665079	-	ENSG00000122557	intronic (same-strand gene body)	1		True	False	d	/home/sharedFolder/humanSTARindex/Homo_sapiens.GRCh38.99.gtf
257697	2	134454220	134454621	+	ENSG00000152127	own-gene 3' UTR	1	ENSG00000152127	True	True	d	/home/sharedFolder/humanSTARindex/Homo_sapiens.GRCh38.99.gtf
435016	7	100089292	100090254	+	ENSG00000168090	exonic, not 3' UTR	1		True	True	d	/home/sharedFolder/humanSTARindex/Homo_sapiens.GRCh38.99.gtf
202120	17	65035774	65036317	-	ENSG00000120063	intronic (same-strand gene body)	1		True	False	d	/home/sharedFolder/humanSTARindex/Homo_sapiens.GRCh38.99.gtf
406564	6	108205295	108206608	-	ENSG00000112335	outside any same-strand gene	0		False	False	d	/home/sharedFolder/humanSTARindex/Homo_sapiens.GRCh38.99.gtf
29150	1	151316960	151317632	-	ENSG00000143393	intronic (same-strand gene body)	1		True	False	d	/home/sharedFolder/humanSTARindex/Homo_sapiens.GRCh38.99.gtf
305028	3	12583600	12583702	-	ENSG00000132155	own-gene 3' UTR	1	ENSG00000132155	True	True	d	/home/sharedFolder/humanSTARindex/Homo_sapiens.GRCh38.99.gtf
379419	5	131299873	131300705	+	ENSG00000158985	intronic (same-strand gene body)	1		True	False	d	/home/sharedFolder/humanSTARindex/Homo_sapiens.GRCh38.99.gtf
485896	9	131620153	131620851	-	ENSG00000107263	intronic (same-strand gene body)	1		True	False	d	/home/sharedFolder/humanSTARindex/Homo_sapiens.GRCh38.99.gtf
309449	3	38254835	38255488	+	ENSG00000172939	own-gene 3' UTR	1	ENSG00000172939	True	True	d	/home/sharedFolder/humanSTARindex/Homo_sapiens.GRCh38.99.gtf
229099	19	41335970	41338255	-	ENSG00000105329	intronic (same-strand gene body)	1		True	False	d	/home/sharedFolder/humanSTARindex/Homo_sapiens.GRCh38.99.gtf
318376	3	101592730	101593031	+	ENSG00000081154	own-gene 3' UTR	1	ENSG00000081154	True	True	d	/home/sharedFolder/humanSTARindex/Homo_sapiens.GRCh38.99.gtf
267039	2	191693925	191694772	+	ENSG00000173559	own-gene 3' UTR	2	ENSG00000173559	True	True	d	/home/sharedFolder/humanSTARindex/Homo_sapiens.GRCh38.99.gtf
467920	9	4711277	4711278	-	ENSG00000147853	own-gene 3' UTR	1	ENSG00000147853	True	True	d	/home/sharedFolder/humanSTARindex/Homo_sapiens.GRCh38.99.gtf
486113	9	132317367	132318654	-	ENSG00000107290	intronic (same-strand gene body)	1		True	False	d	/home/sharedFolder/humanSTARindex/Homo_sapiens.GRCh38.99.gtf
120201	12	131799439	131799738	+	ENSG00000061936	own-gene 3' UTR	1	ENSG00000061936	True	True	d	/home/sharedFolder/humanSTARindex/Homo_sapiens.GRCh38.99.gtf
77506	11	34917810	34918353	+	ENSG00000110435	intronic (same-strand gene body)	1		True	False	d	/home/sharedFolder/humanSTARindex/Homo_sapiens.GRCh38.99.gtf
378525	5	122830107	122830121	+	ENSG00000205302	own-gene 3' UTR	1	ENSG00000205302	True	True	d	/home/sharedFolder/humanSTARindex/Homo_sapiens.GRCh38.99.gtf
365294	5	39202061	39202517	-	ENSG00000082074	exonic, not 3' UTR	1		True	True	d	/home/sharedFolder/humanSTARindex/Homo_sapiens.GRCh38.99.gtf
260645	2	156328509	156329730	-	ENSG00000153234	exonic, not 3' UTR	1		True	True	d	/home/sharedFolder/humanSTARindex/Homo_sapiens.GRCh38.99.gtf
267702	2	197186606	197187107	-	ENSG00000065413	exonic, not 3' UTR	1		True	True	d	/home/sharedFolder/humanSTARindex/Homo_sapiens.GRCh38.99.gtf
302863	22	50198442	50198711	+	ENSG00000170638	own-gene 3' UTR	1	ENSG00000170638	True	True	d	/home/sharedFolder/humanSTARindex/Homo_sapiens.GRCh38.99.gtf
228034	19	38383340	38383475	+	ENSG00000099341	own-gene 3' UTR	1	ENSG00000099341	True	True	d	/home/sharedFolder/humanSTARindex/Homo_sapiens.GRCh38.99.gtf
389771	6	4061511	4062052	+	ENSG00000112739	own-gene 3' UTR	1	ENSG00000112739	True	True	d	/home/sharedFolder/humanSTARindex/Homo_sapiens.GRCh38.99.gtf
217369	18	79903699	79904060	-	ENSG00000122490	own-gene 3' UTR	1	ENSG00000122490	True	True	d	/home/sharedFolder/humanSTARindex/Homo_sapiens.GRCh38.99.gtf
69564	10	119167958	119168122	-	ENSG00000165672	own-gene 3' UTR	1	ENSG00000165672	True	True	d	/home/sharedFolder/humanSTARindex/Homo_sapiens.GRCh38.99.gtf
244897	2	60948389	60949259	+	ENSG00000162924	outside any same-strand gene	0		False	False	d	/home/sharedFolder/humanSTARindex/Homo_sapiens.GRCh38.99.gtf
32221	1	161158855	161158856	+	ENSG00000143222	own-gene 3' UTR	1	ENSG00000143222	True	True	d	/home/sharedFolder/humanSTARindex/Homo_sapiens.GRCh38.99.gtf
500920	X	119873282	119874155	+	ENSG00000125356	exonic, not 3' UTR	1		True	True	d	/home/sharedFolder/humanSTARindex/Homo_sapiens.GRCh38.99.gtf
40931	1	207378835	207379359	+	ENSG00000196352	intronic (same-strand gene body)	1		True	False	d	/home/sharedFolder/humanSTARindex/Homo_sapiens.GRCh38.99.gtf
252594	2	101275800	101275801	-	ENSG00000163162	own-gene 3' UTR	1	ENSG00000163162	True	True	d	/home/sharedFolder/humanSTARindex/Homo_sapiens.GRCh38.99.gtf
348889	4	87983128	87983416	+	ENSG00000118785	own-gene 3' UTR	1	ENSG00000118785	True	True	d	/home/sharedFolder/humanSTARindex/Homo_sapiens.GRCh38.99.gtf
155648	15	55181746	55181787	-	ENSG00000137876	own-gene 3' UTR	1	ENSG00000137876	True	True	d	/home/sharedFolder/humanSTARindex/Homo_sapiens.GRCh38.99.gtf
268676	2	201164114	201164118	+	ENSG00000003402	own-gene 3' UTR	1	ENSG00000003402	True	True	d	/home/sharedFolder/humanSTARindex/Homo_sapiens.GRCh38.99.gtf
78595	11	46685294	46687123	-	ENSG00000175220	exonic, not 3' UTR	1		True	True	d	/home/sharedFolder/humanSTARindex/Homo_sapiens.GRCh38.99.gtf
6067	1	23966444	23966935	-	ENSG00000188529	own-gene 3' UTR	1	ENSG00000188529	True	True	d	/home/sharedFolder/humanSTARindex/Homo_sapiens.GRCh38.99.gtf
253550	2	108589907	108590521	+	ENSG00000169756	intronic (same-strand gene body)	1		True	False	d	/home/sharedFolder/humanSTARindex/Homo_sapiens.GRCh38.99.gtf
503779	X	154477768	154477775	-	ENSG00000196976	own-gene 3' UTR	1	ENSG00000196976	True	True	d	/home/sharedFolder/humanSTARindex/Homo_sapiens.GRCh38.99.gtf
105799	12	55810203	55810982	-	ENSG00000205323	intronic (same-strand gene body)	2		True	False	d	/home/sharedFolder/humanSTARindex/Homo_sapiens.GRCh38.99.gtf
200386	17	60602282	60603049	+	ENSG00000170836	intronic (same-strand gene body)	1		True	False	d	/home/sharedFolder/humanSTARindex/Homo_sapiens.GRCh38.99.gtf
184591	17	1520160	1520485	-	ENSG00000174238	own-gene 3' UTR	1	ENSG00000174238	True	True	d	/home/sharedFolder/humanSTARindex/Homo_sapiens.GRCh38.99.gtf
152109	15	40896187	40897197	+	ENSG00000104142	intronic (same-strand gene body)	1		True	False	d	/home/sharedFolder/humanSTARindex/Homo_sapiens.GRCh38.99.gtf
404354	6	87473540	87474273	+	ENSG00000213204	intronic (same-strand gene body)	2		True	False	d	/home/sharedFolder/humanSTARindex/Homo_sapiens.GRCh38.99.gtf
831	1	2263345	2263902	+	ENSG00000157933	intronic (same-strand gene body)	1		True	False	d	/home/sharedFolder/humanSTARindex/Homo_sapiens.GRCh38.99.gtf
227569	19	37209204	37210274	-	ENSG00000267360	intronic (same-strand gene body)	2		True	False	d	/home/sharedFolder/humanSTARindex/Homo_sapiens.GRCh38.99.gtf
145077	14	90404440	90404525	+	ENSG00000198668	own-gene 3' UTR	1	ENSG00000198668	True	True	d	/home/sharedFolder/humanSTARindex/Homo_sapiens.GRCh38.99.gtf
455939	8	66859507	66861299	+	ENSG00000104205	own-gene 3' UTR	1	ENSG00000104205	True	True	d	/home/sharedFolder/humanSTARindex/Homo_sapiens.GRCh38.99.gtf
454391	8	55774605	55775523	+	ENSG00000137574	intronic (same-strand gene body)	1		True	False	d	/home/sharedFolder/humanSTARindex/Homo_sapiens.GRCh38.99.gtf
92140	11	122810781	122811166	+	ENSG00000154127	own-gene 3' UTR	1	ENSG00000154127	True	True	d	/home/sharedFolder/humanSTARindex/Homo_sapiens.GRCh38.99.gtf
318419	3	101681090	101681096	-	ENSG00000114391	own-gene 3' UTR	1	ENSG00000114391	True	True	d	/home/sharedFolder/humanSTARindex/Homo_sapiens.GRCh38.99.gtf
428350	7	66685688	66685692	+	ENSG00000284461	intronic (same-strand gene body)	2		True	False	d	/home/sharedFolder/humanSTARindex/Homo_sapiens.GRCh38.99.gtf
251336	2	96834473	96836787	-	ENSG00000163126	other-gene 3' UTR	2	ENSG00000213337	True	True	d	/home/sharedFolder/humanSTARindex/Homo_sapiens.GRCh38.99.gtf
29439	1	152046779	152047743	-	ENSG00000163191	intronic (same-strand gene body)	1		True	False	d	/home/sharedFolder/humanSTARindex/Homo_sapiens.GRCh38.99.gtf
433571	7	93130732	93131979	-	ENSG00000177409	own-gene 3' UTR	1	ENSG00000177409	True	True	d	/home/sharedFolder/humanSTARindex/Homo_sapiens.GRCh38.99.gtf
19302	1	89719099	89719537	+	ENSG00000171488	own-gene 3' UTR	2	ENSG00000171488	True	True	d	/home/sharedFolder/humanSTARindex/Homo_sapiens.GRCh38.99.gtf
190550	17	28701896	28702231	+	ENSG00000109111	own-gene 3' UTR	1	ENSG00000109111	True	True	d	/home/sharedFolder/humanSTARindex/Homo_sapiens.GRCh38.99.gtf
97525	12	12358997	12360034	+	ENSG00000165714	intronic (same-strand gene body)	1		True	False	d	/home/sharedFolder/humanSTARindex/Homo_sapiens.GRCh38.99.gtf
294553	22	17112243	17112777	+	ENSG00000177663	own-gene 3' UTR	1	ENSG00000177663	True	True	d	/home/sharedFolder/humanSTARindex/Homo_sapiens.GRCh38.99.gtf
313731	3	56727419	56727420	-	ENSG00000163947	own-gene 3' UTR	1	ENSG00000163947	True	True	d	/home/sharedFolder/humanSTARindex/Homo_sapiens.GRCh38.99.gtf
113967	12	104459511	104460691	+	ENSG00000171310	intronic (same-strand gene body)	1		True	False	d	/home/sharedFolder/humanSTARindex/Homo_sapiens.GRCh38.99.gtf
152532	15	41898253	41898779	-	ENSG00000103966	own-gene 3' UTR	1	ENSG00000103966	True	True	d	/home/sharedFolder/humanSTARindex/Homo_sapiens.GRCh38.99.gtf
470675	9	33030368	33030643	+	ENSG00000086061	exonic, not 3' UTR	1		True	True	d	/home/sharedFolder/humanSTARindex/Homo_sapiens.GRCh38.99.gtf
350673	4	102510113	102510967	+	ENSG00000109320	exonic, not 3' UTR	1		True	True	d	/home/sharedFolder/humanSTARindex/Homo_sapiens.GRCh38.99.gtf
300952	22	41664035	41664041	+	ENSG00000196419	own-gene 3' UTR	1	ENSG00000196419	True	True	d	/home/sharedFolder/humanSTARindex/Homo_sapiens.GRCh38.99.gtf
407453	6	111374439	111376678	-	ENSG00000009413	own-gene 3' UTR	1	ENSG00000009413	True	True	d	/home/sharedFolder/humanSTARindex/Homo_sapiens.GRCh38.99.gtf
450693	8	26657898	26657907	+	ENSG00000092964	own-gene 3' UTR	1	ENSG00000092964	True	True	d	/home/sharedFolder/humanSTARindex/Homo_sapiens.GRCh38.99.gtf
364504	5	35874540	35875106	+	ENSG00000168685	exonic, not 3' UTR	1		True	True	d	/home/sharedFolder/humanSTARindex/Homo_sapiens.GRCh38.99.gtf
424650	7	36707006	36707594	-	ENSG00000136250	intronic (same-strand gene body)	1		True	False	d	/home/sharedFolder/humanSTARindex/Homo_sapiens.GRCh38.99.gtf
368551	5	61406873	61408201	+	ENSG00000130449	intronic (same-strand gene body)	1		True	False	d	/home/sharedFolder/humanSTARindex/Homo_sapiens.GRCh38.99.gtf
239678	2	31867120	31868369	-	ENSG00000162959	own-gene 3' UTR	2	ENSG00000162959	True	True	d	/home/sharedFolder/humanSTARindex/Homo_sapiens.GRCh38.99.gtf
106110	12	56271698	56271701	-	ENSG00000062485	own-gene 3' UTR	1	ENSG00000062485	True	True	d	/home/sharedFolder/humanSTARindex/Homo_sapiens.GRCh38.99.gtf
30974	1	156230144	156231656	+	ENSG00000260238	intronic (same-strand gene body)	2		True	False	d	/home/sharedFolder/humanSTARindex/Homo_sapiens.GRCh38.99.gtf
365229	5	39107012	39107477	-	ENSG00000082074	own-gene 3' UTR	1	ENSG00000082074	True	True	d	/home/sharedFolder/humanSTARindex/Homo_sapiens.GRCh38.99.gtf
503805	X	154531390	154531459	-	ENSG00000160211	own-gene 3' UTR	1	ENSG00000160211	True	True	d	/home/sharedFolder/humanSTARindex/Homo_sapiens.GRCh38.99.gtf
90490	11	116845146	116845629	-	ENSG00000160584	own-gene 3' UTR	1	ENSG00000160584	True	True	d	/home/sharedFolder/humanSTARindex/Homo_sapiens.GRCh38.99.gtf
192907	17	36068319	36069512	+	ENSG00000275385	intronic (same-strand gene body)	1		True	False	d	/home/sharedFolder/humanSTARindex/Homo_sapiens.GRCh38.99.gtf
305626	3	15321401	15322100	-	ENSG00000131370	intronic (same-strand gene body)	1		True	False	d	/home/sharedFolder/humanSTARindex/Homo_sapiens.GRCh38.99.gtf
143330	14	75525114	75525683	+	ENSG00000156127	exonic, not 3' UTR	1		True	True	d	/home/sharedFolder/humanSTARindex/Homo_sapiens.GRCh38.99.gtf
364494	5	35865354	35865772	+	ENSG00000168685	intronic (same-strand gene body)	1		True	False	d	/home/sharedFolder/humanSTARindex/Homo_sapiens.GRCh38.99.gtf
106469	12	57102943	57104071	-	ENSG00000166888	exonic, not 3' UTR	1		True	True	d	/home/sharedFolder/humanSTARindex/Homo_sapiens.GRCh38.99.gtf
188343	17	16005604	16006853	+	ENSG00000011295	own-gene 3' UTR	1	ENSG00000011295	True	True	d	/home/sharedFolder/humanSTARindex/Homo_sapiens.GRCh38.99.gtf
92326	11	123435431	123435711	+	ENSG00000023171	own-gene 3' UTR	1	ENSG00000023171	True	True	d	/home/sharedFolder/humanSTARindex/Homo_sapiens.GRCh38.99.gtf
453362	8	43022260	43023855	+	ENSG00000168172	own-gene 3' UTR	2	ENSG00000168172	True	True	d	/home/sharedFolder/humanSTARindex/Homo_sapiens.GRCh38.99.gtf
399476	6	42939262	42939300	+	ENSG00000137161	own-gene 3' UTR	1	ENSG00000137161	True	True	d	/home/sharedFolder/humanSTARindex/Homo_sapiens.GRCh38.99.gtf
307372	3	25719060	25719581	-	ENSG00000151092	own-gene 3' UTR	1	ENSG00000151092	True	True	d	/home/sharedFolder/humanSTARindex/Homo_sapiens.GRCh38.99.gtf
189961	17	21041535	21042553	-	ENSG00000124422	exonic, not 3' UTR	1		True	True	d	/home/sharedFolder/humanSTARindex/Homo_sapiens.GRCh38.99.gtf
214392	18	50947114	50947890	+	ENSG00000082212	own-gene 3' UTR	1	ENSG00000082212	True	True	d	/home/sharedFolder/humanSTARindex/Homo_sapiens.GRCh38.99.gtf
153287	15	43772026	43772604	+	ENSG00000167004	own-gene 3' UTR	1	ENSG00000167004	True	True	d	/home/sharedFolder/humanSTARindex/Homo_sapiens.GRCh38.99.gtf
280950	20	32849648	32850402	+	ENSG00000101367	own-gene 3' UTR	1	ENSG00000101367	True	True	d	/home/sharedFolder/humanSTARindex/Homo_sapiens.GRCh38.99.gtf
321852	3	119417306	119417722	+	ENSG00000031081	own-gene 3' UTR	1	ENSG00000031081	True	True	d	/home/sharedFolder/humanSTARindex/Homo_sapiens.GRCh38.99.gtf
51992	10	17229344	17230202	+	ENSG00000026025	exonic, not 3' UTR	1		True	True	d	/home/sharedFolder/humanSTARindex/Homo_sapiens.GRCh38.99.gtf
353309	4	121679424	121682166	-	ENSG00000164111	own-gene 3' UTR	1	ENSG00000164111	True	True	d	/home/sharedFolder/humanSTARindex/Homo_sapiens.GRCh38.99.gtf
418380	7	2729724	2730258	-	ENSG00000146535	own-gene 3' UTR	1	ENSG00000146535	True	True	d	/home/sharedFolder/humanSTARindex/Homo_sapiens.GRCh38.99.gtf
466620	8	143993261	143993263	+	ENSG00000178719	own-gene 3' UTR	1	ENSG00000178719	True	True	d	/home/sharedFolder/humanSTARindex/Homo_sapiens.GRCh38.99.gtf
343394	4	48124511	48125098	-	ENSG00000074966	intronic (same-strand gene body)	1		True	False	d	/home/sharedFolder/humanSTARindex/Homo_sapiens.GRCh38.99.gtf
233559	19	54185264	54186779	-	ENSG00000125505	intronic (same-strand gene body)	1		True	False	d	/home/sharedFolder/humanSTARindex/Homo_sapiens.GRCh38.99.gtf
28564	1	150441318	150442153	+	ENSG00000163125	own-gene 3' UTR	1	ENSG00000163125	True	True	d	/home/sharedFolder/humanSTARindex/Homo_sapiens.GRCh38.99.gtf
483880	9	125364353	125365009	+	ENSG00000165219	own-gene 3' UTR	1	ENSG00000165219	True	True	d	/home/sharedFolder/humanSTARindex/Homo_sapiens.GRCh38.99.gtf
445945	7	155315094	155315491	+	ENSG00000186480	outside any same-strand gene	0		False	False	d	/home/sharedFolder/humanSTARindex/Homo_sapiens.GRCh38.99.gtf
46950	1	243124422	243125753	-	ENSG00000143702	own-gene 3' UTR	1	ENSG00000143702	True	True	d	/home/sharedFolder/humanSTARindex/Homo_sapiens.GRCh38.99.gtf
143882	14	77717597	77717598	+	ENSG00000119705	own-gene 3' UTR	1	ENSG00000119705	True	True	d	/home/sharedFolder/humanSTARindex/Homo_sapiens.GRCh38.99.gtf
424691	7	36854352	36854768	-	ENSG00000155849	own-gene 3' UTR	1	ENSG00000155849	True	True	d	/home/sharedFolder/humanSTARindex/Homo_sapiens.GRCh38.99.gtf
182417	16	84616002	84616318	-	ENSG00000103187	own-gene 3' UTR	1	ENSG00000103187	True	True	d	/home/sharedFolder/humanSTARindex/Homo_sapiens.GRCh38.99.gtf
314368	3	58431134	58431613	-	ENSG00000168291	exonic, not 3' UTR	1		True	True	d	/home/sharedFolder/humanSTARindex/Homo_sapiens.GRCh38.99.gtf
264417	2	177220511	177220534	+	ENSG00000170144	own-gene 3' UTR	1	ENSG00000170144	True	True	d	/home/sharedFolder/humanSTARindex/Homo_sapiens.GRCh38.99.gtf
437473	7	107202551	107203629	-	ENSG00000164597	own-gene 3' UTR	1	ENSG00000164597	True	True	d	/home/sharedFolder/humanSTARindex/Homo_sapiens.GRCh38.99.gtf
31867	1	160336695	160337460	-	ENSG00000122218	intronic (same-strand gene body)	1		True	False	d	/home/sharedFolder/humanSTARindex/Homo_sapiens.GRCh38.99.gtf
10231	1	36462960	36463534	-	ENSG00000116898	intronic (same-strand gene body)	1		True	False	d	/home/sharedFolder/humanSTARindex/Homo_sapiens.GRCh38.99.gtf
290314	21	31118415	31118789	-	ENSG00000156299	own-gene 3' UTR	1	ENSG00000156299	True	True	d	/home/sharedFolder/humanSTARindex/Homo_sapiens.GRCh38.99.gtf
104493	12	50748255	50748657	+	ENSG00000066084	own-gene 3' UTR	1	ENSG00000066084	True	True	d	/home/sharedFolder/humanSTARindex/Homo_sapiens.GRCh38.99.gtf
293707	21	44769039	44769114	-	ENSG00000184787	own-gene 3' UTR	1	ENSG00000184787	True	True	d	/home/sharedFolder/humanSTARindex/Homo_sapiens.GRCh38.99.gtf
222855	19	14407102	14407685	+	ENSG00000123146	exonic, not 3' UTR	1		True	True	d	/home/sharedFolder/humanSTARindex/Homo_sapiens.GRCh38.99.gtf
244871	2	60926549	60927262	+	ENSG00000162924	own-gene 3' UTR	2	ENSG00000162924	True	True	d	/home/sharedFolder/humanSTARindex/Homo_sapiens.GRCh38.99.gtf
23715	1	113934219	113934884	+	ENSG00000163349	intronic (same-strand gene body)	1		True	False	d	/home/sharedFolder/humanSTARindex/Homo_sapiens.GRCh38.99.gtf
145086	14	90407854	90407857	+	ENSG00000198668	own-gene 3' UTR	1	ENSG00000198668	True	True	d	/home/sharedFolder/humanSTARindex/Homo_sapiens.GRCh38.99.gtf
345343	4	70831566	70832359	-	ENSG00000132463	exonic, not 3' UTR	1		True	True	d	/home/sharedFolder/humanSTARindex/Homo_sapiens.GRCh38.99.gtf
170096	16	16010746	16011266	+	ENSG00000103222	intronic (same-strand gene body)	1		True	False	d	/home/sharedFolder/humanSTARindex/Homo_sapiens.GRCh38.99.gtf
427365	7	56000112	56000181	+	ENSG00000146729	own-gene 3' UTR	1	ENSG00000146729	True	True	d	/home/sharedFolder/humanSTARindex/Homo_sapiens.GRCh38.99.gtf
152111	15	40903577	40903975	+	ENSG00000104142	own-gene 3' UTR	1	ENSG00000104142	True	True	d	/home/sharedFolder/humanSTARindex/Homo_sapiens.GRCh38.99.gtf
428515	7	66948639	66949361	+	ENSG00000106609	exonic, not 3' UTR	1		True	True	d	/home/sharedFolder/humanSTARindex/Homo_sapiens.GRCh38.99.gtf
46439	1	236899904	236900671	+	ENSG00000116984	own-gene 3' UTR	1	ENSG00000116984	True	True	d	/home/sharedFolder/humanSTARindex/Homo_sapiens.GRCh38.99.gtf
262065	2	162360897	162360935	+	ENSG00000115271	own-gene 3' UTR	1	ENSG00000115271	True	True	d	/home/sharedFolder/humanSTARindex/Homo_sapiens.GRCh38.99.gtf
326475	3	141895554	141896419	+	ENSG00000069849	intronic (same-strand gene body)	1		True	False	d	/home/sharedFolder/humanSTARindex/Homo_sapiens.GRCh38.99.gtf
467016	9	27607	28047	-	ENSG00000181404	intronic (same-strand gene body)	1		True	False	d	/home/sharedFolder/humanSTARindex/Homo_sapiens.GRCh38.99.gtf
355675	4	143521513	143521925	+	ENSG00000153147	exonic, not 3' UTR	1		True	True	d	/home/sharedFolder/humanSTARindex/Homo_sapiens.GRCh38.99.gtf
446198	7	156891602	156892156	-	ENSG00000105983	intronic (same-strand gene body)	1		True	False	d	/home/sharedFolder/humanSTARindex/Homo_sapiens.GRCh38.99.gtf
349210	4	89238851	89240057	-	ENSG00000185477	own-gene 3' UTR	1	ENSG00000185477	True	True	d	/home/sharedFolder/humanSTARindex/Homo_sapiens.GRCh38.99.gtf
118991	12	122769148	122769491	+	ENSG00000139726	own-gene 3' UTR	1	ENSG00000139726	True	True	d	/home/sharedFolder/humanSTARindex/Homo_sapiens.GRCh38.99.gtf
212380	18	32119997	32121607	+	ENSG00000134758	intronic (same-strand gene body)	1		True	False	d	/home/sharedFolder/humanSTARindex/Homo_sapiens.GRCh38.99.gtf
187297	17	8919856	8920650	-	ENSG00000141506	intronic (same-strand gene body)	1		True	False	d	/home/sharedFolder/humanSTARindex/Homo_sapiens.GRCh38.99.gtf
231533	19	48619879	48620784	+	ENSG00000063176	exonic, not 3' UTR	1		True	True	d	/home/sharedFolder/humanSTARindex/Homo_sapiens.GRCh38.99.gtf
387979	5	178210959	178211163	+	ENSG00000197451	own-gene 3' UTR	1	ENSG00000197451	True	True	d	/home/sharedFolder/humanSTARindex/Homo_sapiens.GRCh38.99.gtf
386164	5	170082965	170083382	+	ENSG00000134516	own-gene 3' UTR	1	ENSG00000134516	True	True	d	/home/sharedFolder/humanSTARindex/Homo_sapiens.GRCh38.99.gtf
122911	13	30659164	30659553	+	ENSG00000132952	own-gene 3' UTR	1	ENSG00000132952	True	True	d	/home/sharedFolder/humanSTARindex/Homo_sapiens.GRCh38.99.gtf
412399	6	143489237	143489905	+	ENSG00000034693	own-gene 3' UTR	2	ENSG00000034693	True	True	d	/home/sharedFolder/humanSTARindex/Homo_sapiens.GRCh38.99.gtf
379444	5	131330306	131331327	+	ENSG00000158985	intronic (same-strand gene body)	1		True	False	d	/home/sharedFolder/humanSTARindex/Homo_sapiens.GRCh38.99.gtf
80685	11	62735479	62737247	+	ENSG00000162222	own-gene 3' UTR	1	ENSG00000162222	True	True	d	/home/sharedFolder/humanSTARindex/Homo_sapiens.GRCh38.99.gtf
411526	6	137868891	137869604	+	ENSG00000118503	intronic (same-strand gene body)	1		True	False	d	/home/sharedFolder/humanSTARindex/Homo_sapiens.GRCh38.99.gtf
190484	17	28614439	28615122	-	ENSG00000007202	own-gene 3' UTR	1	ENSG00000007202	True	True	d	/home/sharedFolder/humanSTARindex/Homo_sapiens.GRCh38.99.gtf
152973	15	42942896	42943283	-	ENSG00000159459	own-gene 3' UTR	1	ENSG00000159459	True	True	d	/home/sharedFolder/humanSTARindex/Homo_sapiens.GRCh38.99.gtf
172392	16	23466589	23466608	-	ENSG00000103365	own-gene 3' UTR	1	ENSG00000103365	True	True	d	/home/sharedFolder/humanSTARindex/Homo_sapiens.GRCh38.99.gtf
80664	11	62705068	62705549	-	ENSG00000234857	own-gene 3' UTR	2	ENSG00000168000,ENSG00000234857	True	True	d	/home/sharedFolder/humanSTARindex/Homo_sapiens.GRCh38.99.gtf
326293	3	141483856	141484055	+	ENSG00000155903	outside any same-strand gene	0		False	False	d	/home/sharedFolder/humanSTARindex/Homo_sapiens.GRCh38.99.gtf
250343	2	88601828	88602359	-	ENSG00000172071	intronic (same-strand gene body)	1		True	False	d	/home/sharedFolder/humanSTARindex/Homo_sapiens.GRCh38.99.gtf
484599	9	128109154	128109245	+	ENSG00000148339	own-gene 3' UTR	1	ENSG00000148339	True	True	d	/home/sharedFolder/humanSTARindex/Homo_sapiens.GRCh38.99.gtf
200114	17	59952361	59952997	-	ENSG00000189050	own-gene 3' UTR	1	ENSG00000189050	True	True	d	/home/sharedFolder/humanSTARindex/Homo_sapiens.GRCh38.99.gtf
288880	21	14485227	14485366	-	ENSG00000155307	own-gene 3' UTR	1	ENSG00000155307	True	True	d	/home/sharedFolder/humanSTARindex/Homo_sapiens.GRCh38.99.gtf
96457	12	9754110	9755582	-	ENSG00000110848	own-gene 3' UTR	1	ENSG00000110848	True	True	d	/home/sharedFolder/humanSTARindex/Homo_sapiens.GRCh38.99.gtf
30873	1	156131617	156132745	+	ENSG00000160789	intronic (same-strand gene body)	1		True	False	d	/home/sharedFolder/humanSTARindex/Homo_sapiens.GRCh38.99.gtf
30896	1	156144020	156145761	+	ENSG00000160789	outside any same-strand gene	0		False	False	d	/home/sharedFolder/humanSTARindex/Homo_sapiens.GRCh38.99.gtf
193401	17	37511683	37512341	-	ENSG00000275066	outside any same-strand gene	0		False	False	d	/home/sharedFolder/humanSTARindex/Homo_sapiens.GRCh38.99.gtf
37719	1	192584593	192585185	+	ENSG00000090104	outside any same-strand gene	0		False	False	d	/home/sharedFolder/humanSTARindex/Homo_sapiens.GRCh38.99.gtf
470671	9	33027360	33028056	+	ENSG00000086061	intronic (same-strand gene body)	1		True	False	d	/home/sharedFolder/humanSTARindex/Homo_sapiens.GRCh38.99.gtf
30863	1	156120068	156120913	+	ENSG00000160789	intronic (same-strand gene body)	1		True	False	d	/home/sharedFolder/humanSTARindex/Homo_sapiens.GRCh38.99.gtf
95780	12	7919227	7919987	-	ENSG00000059804	own-gene 3' UTR	1	ENSG00000059804	True	True	d	/home/sharedFolder/humanSTARindex/Homo_sapiens.GRCh38.99.gtf
163424	15	85684483	85684947	+	ENSG00000170776	exonic, not 3' UTR	1		True	True	d	/home/sharedFolder/humanSTARindex/Homo_sapiens.GRCh38.99.gtf
252923	2	102358920	102359472	+	ENSG00000115604	intronic (same-strand gene body)	1		True	False	d	/home/sharedFolder/humanSTARindex/Homo_sapiens.GRCh38.99.gtf
375413	5	95905487	95906731	-	ENSG00000118985	exonic, not 3' UTR	1		True	True	d	/home/sharedFolder/humanSTARindex/Homo_sapiens.GRCh38.99.gtf
30875	1	156133057	156133600	+	ENSG00000160789	intronic (same-strand gene body)	1		True	False	d	/home/sharedFolder/humanSTARindex/Homo_sapiens.GRCh38.99.gtf
105671	12	54950058	54950300	-	ENSG00000135426	own-gene 3' UTR	1	ENSG00000135426	True	True	d	/home/sharedFolder/humanSTARindex/Homo_sapiens.GRCh38.99.gtf
77658	11	35232982	35234888	+	ENSG00000026508	outside any same-strand gene	0		False	False	d	/home/sharedFolder/humanSTARindex/Homo_sapiens.GRCh38.99.gtf
37777	1	192811074	192811109	+	ENSG00000116741	exonic, not 3' UTR	1		True	True	d	/home/sharedFolder/humanSTARindex/Homo_sapiens.GRCh38.99.gtf
166232	16	1228450	1228538	-	ENSG00000197253	own-gene 3' UTR	1	ENSG00000197253	True	True	d	/home/sharedFolder/humanSTARindex/Homo_sapiens.GRCh38.99.gtf
234177	19	56151807	56152276	+	ENSG00000167685	intronic (same-strand gene body)	1		True	False	d	/home/sharedFolder/humanSTARindex/Homo_sapiens.GRCh38.99.gtf
313528	3	53884621	53884628	-	ENSG00000113811	own-gene 3' UTR	1	ENSG00000113811	True	True	d	/home/sharedFolder/humanSTARindex/Homo_sapiens.GRCh38.99.gtf
60542	10	71750304	71750322	-	ENSG00000107738	own-gene 3' UTR	1	ENSG00000107738	True	True	d	/home/sharedFolder/humanSTARindex/Homo_sapiens.GRCh38.99.gtf
476170	9	78219355	78219498	+	ENSG00000148019	exonic, not 3' UTR	1		False	True	d	/home/sharedFolder/humanSTARindex/Homo_sapiens.GRCh38.99.gtf
106387	12	56713062	56713105	-	ENSG00000196531	own-gene 3' UTR	1	ENSG00000196531	True	True	d	/home/sharedFolder/humanSTARindex/Homo_sapiens.GRCh38.99.gtf
431626	7	77193179	77194872	-	ENSG00000127951	own-gene 3' UTR	1	ENSG00000127951	True	True	d	/home/sharedFolder/humanSTARindex/Homo_sapiens.GRCh38.99.gtf
252610	2	101281414	101282058	-	ENSG00000163162	exonic, not 3' UTR	1		True	True	d	/home/sharedFolder/humanSTARindex/Homo_sapiens.GRCh38.99.gtf
449844	8	22493239	22493286	+	ENSG00000120910	intronic (same-strand gene body)	1		True	False	d	/home/sharedFolder/humanSTARindex/Homo_sapiens.GRCh38.99.gtf
389471	6	2902433	2902509	-	ENSG00000170542	intronic (same-strand gene body)	1		True	False	d	/home/sharedFolder/humanSTARindex/Homo_sapiens.GRCh38.99.gtf
109793	12	76049565	76049695	-	ENSG00000187109	own-gene 3' UTR	1	ENSG00000187109	True	True	d	/home/sharedFolder/humanSTARindex/Homo_sapiens.GRCh38.99.gtf
424654	7	36717686	36718229	-	ENSG00000136250	intronic (same-strand gene body)	1		True	False	d	/home/sharedFolder/humanSTARindex/Homo_sapiens.GRCh38.99.gtf
424657	7	36720237	36720816	-	ENSG00000136250	intronic (same-strand gene body)	1		True	False	d	/home/sharedFolder/humanSTARindex/Homo_sapiens.GRCh38.99.gtf
288922	21	14534168	14535082	-	ENSG00000155307	intronic (same-strand gene body)	1		True	False	d	/home/sharedFolder/humanSTARindex/Homo_sapiens.GRCh38.99.gtf
466880	8	144790357	144790636	-	ENSG00000161016	own-gene 3' UTR	1	ENSG00000161016	True	True	d	/home/sharedFolder/humanSTARindex/Homo_sapiens.GRCh38.99.gtf
95781	12	7920542	7920549	-	ENSG00000059804	own-gene 3' UTR	1	ENSG00000059804	True	True	d	/home/sharedFolder/humanSTARindex/Homo_sapiens.GRCh38.99.gtf
389446	6	2884982	2886079	-	ENSG00000170542	outside any same-strand gene	0		False	False	d	/home/sharedFolder/humanSTARindex/Homo_sapiens.GRCh38.99.gtf
330879	3	170386767	170387805	+	ENSG00000136603	intronic (same-strand gene body)	1		True	False	d	/home/sharedFolder/humanSTARindex/Homo_sapiens.GRCh38.99.gtf
182383	16	84565595	84565764	-	ENSG00000103187	own-gene 3' UTR	1	ENSG00000103187	True	True	d	/home/sharedFolder/humanSTARindex/Homo_sapiens.GRCh38.99.gtf
326491	3	141908857	141909580	+	ENSG00000069849	intronic (same-strand gene body)	1		True	False	d	/home/sharedFolder/humanSTARindex/Homo_sapiens.GRCh38.99.gtf
158891	15	66444778	66445654	+	ENSG00000169032	exonic, not 3' UTR	1		True	True	d	/home/sharedFolder/humanSTARindex/Homo_sapiens.GRCh38.99.gtf
40914	1	207356936	207357406	+	ENSG00000196352	intronic (same-strand gene body)	1		True	False	d	/home/sharedFolder/humanSTARindex/Homo_sapiens.GRCh38.99.gtf
137043	14	51901502	51902912	+	ENSG00000186469	intronic (same-strand gene body)	1		True	False	d	/home/sharedFolder/humanSTARindex/Homo_sapiens.GRCh38.99.gtf
426874	7	50369171	50370110	+	ENSG00000185811	own-gene 3' UTR	1	ENSG00000185811	True	True	d	/home/sharedFolder/humanSTARindex/Homo_sapiens.GRCh38.99.gtf
158917	15	66471409	66472221	+	ENSG00000169032	intronic (same-strand gene body)	1		True	False	d	/home/sharedFolder/humanSTARindex/Homo_sapiens.GRCh38.99.gtf
265320	2	181538361	181539290	+	ENSG00000115232	own-gene 3' UTR	1	ENSG00000115232	True	True	d	/home/sharedFolder/humanSTARindex/Homo_sapiens.GRCh38.99.gtf
479833	9	99860969	99862508	+	ENSG00000119508	intronic (same-strand gene body)	1		True	False	d	/home/sharedFolder/humanSTARindex/Homo_sapiens.GRCh38.99.gtf
368614	5	61483290	61483935	+	ENSG00000130449	intronic (same-strand gene body)	1		True	False	d	/home/sharedFolder/humanSTARindex/Homo_sapiens.GRCh38.99.gtf
32753	1	162522941	162524069	+	ENSG00000152332	own-gene 3' UTR	1	ENSG00000152332	True	True	d	/home/sharedFolder/humanSTARindex/Homo_sapiens.GRCh38.99.gtf
228419	19	39429351	39430775	-	ENSG00000105193	outside any same-strand gene	0		False	False	d	/home/sharedFolder/humanSTARindex/Homo_sapiens.GRCh38.99.gtf
173143	16	27449640	27450490	+	ENSG00000103522	own-gene 3' UTR	1	ENSG00000103522	True	True	d	/home/sharedFolder/humanSTARindex/Homo_sapiens.GRCh38.99.gtf
278482	20	10413668	10413751	-	ENSG00000125863	other-gene 3' UTR	2	ENSG00000285508	True	True	d	/home/sharedFolder/humanSTARindex/Homo_sapiens.GRCh38.99.gtf
195505	17	43233268	43233562	-	ENSG00000236383	intronic (same-strand gene body)	1		True	False	d	/home/sharedFolder/humanSTARindex/Homo_sapiens.GRCh38.99.gtf
141988	14	71465915	71466607	+	ENSG00000197555	intronic (same-strand gene body)	1		True	False	d	/home/sharedFolder/humanSTARindex/Homo_sapiens.GRCh38.99.gtf
141993	14	71471567	71473002	+	ENSG00000197555	intronic (same-strand gene body)	1		True	False	d	/home/sharedFolder/humanSTARindex/Homo_sapiens.GRCh38.99.gtf
158862	15	66407369	66407874	+	ENSG00000169032	intronic (same-strand gene body)	1		True	False	d	/home/sharedFolder/humanSTARindex/Homo_sapiens.GRCh38.99.gtf
267580	2	196986661	196987002	-	ENSG00000065413	own-gene 3' UTR	1	ENSG00000065413	True	True	d	/home/sharedFolder/humanSTARindex/Homo_sapiens.GRCh38.99.gtf
141997	14	71478440	71479149	+	ENSG00000197555	intronic (same-strand gene body)	1		True	False	d	/home/sharedFolder/humanSTARindex/Homo_sapiens.GRCh38.99.gtf
3040	1	12175513	12176372	+	ENSG00000028137	intronic (same-strand gene body)	1		True	False	d	/home/sharedFolder/humanSTARindex/Homo_sapiens.GRCh38.99.gtf
389459	6	2892926	2893761	-	ENSG00000170542	exonic, not 3' UTR	1		True	True	d	/home/sharedFolder/humanSTARindex/Homo_sapiens.GRCh38.99.gtf
26746	1	146186154	146187434	-	ENSG00000271425	intronic (same-strand gene body)	2		True	False	d	/home/sharedFolder/humanSTARindex/Homo_sapiens.GRCh38.99.gtf
25251	1	120800628	120802120	+	ENSG00000273136	intronic (same-strand gene body)	1		True	False	d	/home/sharedFolder/humanSTARindex/Homo_sapiens.GRCh38.99.gtf
27984	1	149476422	149476961	+	ENSG00000286185	intronic (same-strand gene body)	2		True	False	d	/home/sharedFolder/humanSTARindex/Homo_sapiens.GRCh38.99.gtf
3071	1	12209176	12209220	+	ENSG00000028137	own-gene 3' UTR	1	ENSG00000028137	True	True	d	/home/sharedFolder/humanSTARindex/Homo_sapiens.GRCh38.99.gtf
27438	1	148636824	148638220	-	ENSG00000270629	intronic (same-strand gene body)	2		True	False	d	/home/sharedFolder/humanSTARindex/Homo_sapiens.GRCh38.99.gtf
43799	1	226062778	226063353	+	ENSG00000163041	exonic, not 3' UTR	1		True	True	d	/home/sharedFolder/humanSTARindex/Homo_sapiens.GRCh38.99.gtf
437260	7	106262498	106263733	-	ENSG00000105835	exonic, not 3' UTR	1		True	True	d	/home/sharedFolder/humanSTARindex/Homo_sapiens.GRCh38.99.gtf
27961	1	149455381	149456220	+	ENSG00000286219	exonic, not 3' UTR	2		True	True	d	/home/sharedFolder/humanSTARindex/Homo_sapiens.GRCh38.99.gtf
26706	1	146143721	146144215	-	ENSG00000271425	intronic (same-strand gene body)	1		True	False	d	/home/sharedFolder/humanSTARindex/Homo_sapiens.GRCh38.99.gtf
37776	1	192809135	192810966	+	ENSG00000116741	exonic, not 3' UTR	1		True	True	d	/home/sharedFolder/humanSTARindex/Homo_sapiens.GRCh38.99.gtf
252623	2	101292727	101293544	-	ENSG00000163162	intronic (same-strand gene body)	1		True	False	d	/home/sharedFolder/humanSTARindex/Homo_sapiens.GRCh38.99.gtf
252631	2	101301232	101301583	-	ENSG00000163162	intronic (same-strand gene body)	1		True	False	d	/home/sharedFolder/humanSTARindex/Homo_sapiens.GRCh38.99.gtf
326489	3	141906911	141907871	+	ENSG00000069849	own-gene 3' UTR	1	ENSG00000069849	True	True	d	/home/sharedFolder/humanSTARindex/Homo_sapiens.GRCh38.99.gtf
386219	5	170289455	170290260	-	ENSG00000043462	intronic (same-strand gene body)	1		True	False	d	/home/sharedFolder/humanSTARindex/Homo_sapiens.GRCh38.99.gtf
337906	4	4267586	4267945	-	ENSG00000145220	own-gene 3' UTR	1	ENSG00000145220	True	True	d	/home/sharedFolder/humanSTARindex/Homo_sapiens.GRCh38.99.gtf
346284	4	75916331	75917356	-	ENSG00000138744	own-gene 3' UTR	1	ENSG00000138744	True	True	d	/home/sharedFolder/humanSTARindex/Homo_sapiens.GRCh38.99.gtf
137086	14	51966656	51967513	+	ENSG00000186469	own-gene 3' UTR	1	ENSG00000186469	True	True	d	/home/sharedFolder/humanSTARindex/Homo_sapiens.GRCh38.99.gtf
111109	12	89661846	89662656	-	ENSG00000070961	intronic (same-strand gene body)	1		True	False	d	/home/sharedFolder/humanSTARindex/Homo_sapiens.GRCh38.99.gtf
402409	6	71288905	71289691	+	ENSG00000119900	exonic, not 3' UTR	1		True	True	d	/home/sharedFolder/humanSTARindex/Homo_sapiens.GRCh38.99.gtf
77604	11	35182699	35183359	+	ENSG00000026508	intronic (same-strand gene body)	1		True	False	d	/home/sharedFolder/humanSTARindex/Homo_sapiens.GRCh38.99.gtf
229700	19	43645841	43645944	-	ENSG00000011422	outside any same-strand gene	0		False	False	d	/home/sharedFolder/humanSTARindex/Homo_sapiens.GRCh38.99.gtf
141502	14	69771461	69771540	+	ENSG00000100650	own-gene 3' UTR	1	ENSG00000100650	True	True	d	/home/sharedFolder/humanSTARindex/Homo_sapiens.GRCh38.99.gtf
45923	1	235661032	235661498	-	ENSG00000143669	own-gene 3' UTR	1	ENSG00000143669	True	True	d	/home/sharedFolder/humanSTARindex/Homo_sapiens.GRCh38.99.gtf
179254	16	69609158	69610340	+	ENSG00000102908	intronic (same-strand gene body)	1		True	False	d	/home/sharedFolder/humanSTARindex/Homo_sapiens.GRCh38.99.gtf
424643	7	36698138	36699477	-	ENSG00000136250	intronic (same-strand gene body)	1		True	False	d	/home/sharedFolder/humanSTARindex/Homo_sapiens.GRCh38.99.gtf
334386	3	189150773	189151148	+	ENSG00000188001	exonic, not 3' UTR	1		True	True	d	/home/sharedFolder/humanSTARindex/Homo_sapiens.GRCh38.99.gtf
27193	1	148102045	148102620	-	ENSG00000263956	own-gene 3' UTR	1	ENSG00000263956	True	True	d	/home/sharedFolder/humanSTARindex/Homo_sapiens.GRCh38.99.gtf
493879	X	47633139	47633937	-	ENSG00000126767	outside any same-strand gene	0		False	False	d	/home/sharedFolder/humanSTARindex/Homo_sapiens.GRCh38.99.gtf
43803	1	226067163	226067629	+	ENSG00000163041	own-gene 3' UTR	1	ENSG00000163041	True	True	d	/home/sharedFolder/humanSTARindex/Homo_sapiens.GRCh38.99.gtf
137088	14	51969414	51969795	+	ENSG00000186469	own-gene 3' UTR	1	ENSG00000186469	True	True	d	/home/sharedFolder/humanSTARindex/Homo_sapiens.GRCh38.99.gtf
457760	8	80981630	80982717	-	ENSG00000076641	intronic (same-strand gene body)	1		True	False	d	/home/sharedFolder/humanSTARindex/Homo_sapiens.GRCh38.99.gtf
141990	14	71467079	71468394	+	ENSG00000197555	exonic, not 3' UTR	1		True	True	d	/home/sharedFolder/humanSTARindex/Homo_sapiens.GRCh38.99.gtf
223009	19	14618083	14618600	-	ENSG00000131355	outside any same-strand gene	0		False	False	d	/home/sharedFolder/humanSTARindex/Homo_sapiens.GRCh38.99.gtf
158911	15	66466194	66467565	+	ENSG00000169032	intronic (same-strand gene body)	1		True	False	d	/home/sharedFolder/humanSTARindex/Homo_sapiens.GRCh38.99.gtf
95782	12	7920768	7920828	-	ENSG00000059804	own-gene 3' UTR	1	ENSG00000059804	True	True	d	/home/sharedFolder/humanSTARindex/Homo_sapiens.GRCh38.99.gtf
302134	22	45843797	45843990	+	ENSG00000130638	own-gene 3' UTR	1	ENSG00000130638	True	True	d	/home/sharedFolder/humanSTARindex/Homo_sapiens.GRCh38.99.gtf
45995	1	235791735	235792136	-	ENSG00000143669	exonic, not 3' UTR	1		True	True	d	/home/sharedFolder/humanSTARindex/Homo_sapiens.GRCh38.99.gtf
259269	2	144487790	144489941	-	ENSG00000169554	intronic (same-strand gene body)	1		True	False	d	/home/sharedFolder/humanSTARindex/Homo_sapiens.GRCh38.99.gtf
239104	2	28416690	28416745	+	ENSG00000075426	own-gene 3' UTR	1	ENSG00000075426	True	True	d	/home/sharedFolder/humanSTARindex/Homo_sapiens.GRCh38.99.gtf
493880	X	47635520	47636116	-	ENSG00000126767	own-gene 3' UTR	1	ENSG00000126767	True	True	d	/home/sharedFolder/humanSTARindex/Homo_sapiens.GRCh38.99.gtf
299861	22	39312881	39312888	-	ENSG00000100316	own-gene 3' UTR	1	ENSG00000100316	True	True	d	/home/sharedFolder/humanSTARindex/Homo_sapiens.GRCh38.99.gtf
158909	15	66463908	66464765	+	ENSG00000169032	intronic (same-strand gene body)	1		True	False	d	/home/sharedFolder/humanSTARindex/Homo_sapiens.GRCh38.99.gtf
228743	19	40463602	40464986	-	ENSG00000090013	intronic (same-strand gene body)	1		True	False	d	/home/sharedFolder/humanSTARindex/Homo_sapiens.GRCh38.99.gtf
108408	12	68627475	68628007	+	ENSG00000127314	intronic (same-strand gene body)	1		True	False	d	/home/sharedFolder/humanSTARindex/Homo_sapiens.GRCh38.99.gtf
45924	1	235662348	235662972	-	ENSG00000143669	own-gene 3' UTR	1	ENSG00000143669	True	True	d	/home/sharedFolder/humanSTARindex/Homo_sapiens.GRCh38.99.gtf
443501	7	140823871	140826865	-	ENSG00000157764	exonic, not 3' UTR	1		True	True	d	/home/sharedFolder/humanSTARindex/Homo_sapiens.GRCh38.99.gtf
20951	1	97671622	97672339	-	ENSG00000188641	intronic (same-strand gene body)	1		True	False	d	/home/sharedFolder/humanSTARindex/Homo_sapiens.GRCh38.99.gtf
259253	2	144471505	144472402	-	ENSG00000169554	intronic (same-strand gene body)	1		True	False	d	/home/sharedFolder/humanSTARindex/Homo_sapiens.GRCh38.99.gtf
391759	6	15297470	15298627	+	ENSG00000008083	intronic (same-strand gene body)	1		True	False	d	/home/sharedFolder/humanSTARindex/Homo_sapiens.GRCh38.99.gtf
159030	15	67122685	67123408	+	ENSG00000166949	intronic (same-strand gene body)	1		True	False	d	/home/sharedFolder/humanSTARindex/Homo_sapiens.GRCh38.99.gtf
485733	9	131233624	131233707	+	ENSG00000126883	own-gene 3' UTR	1	ENSG00000126883	True	True	d	/home/sharedFolder/humanSTARindex/Homo_sapiens.GRCh38.99.gtf
25556	1	121353330	121353998	+	ENSG00000171943	intronic (same-strand gene body)	1		True	False	d	/home/sharedFolder/humanSTARindex/Homo_sapiens.GRCh38.99.gtf
56944	10	46022358	46023214	-	ENSG00000266412	intronic (same-strand gene body)	1		True	False	d	/home/sharedFolder/humanSTARindex/Homo_sapiens.GRCh38.99.gtf
183503	16	89393137	89394068	-	ENSG00000167522	intronic (same-strand gene body)	1		True	False	d	/home/sharedFolder/humanSTARindex/Homo_sapiens.GRCh38.99.gtf
137983	14	55316048	55316626	+	ENSG00000178974	intronic (same-strand gene body)	1		True	False	d	/home/sharedFolder/humanSTARindex/Homo_sapiens.GRCh38.99.gtf
127000	13	51591692	51592533	+	ENSG00000139668	own-gene 3' UTR	1	ENSG00000139668	True	True	d	/home/sharedFolder/humanSTARindex/Homo_sapiens.GRCh38.99.gtf
353308	4	121677206	121678228	-	ENSG00000164111	own-gene 3' UTR	1	ENSG00000164111	True	True	d	/home/sharedFolder/humanSTARindex/Homo_sapiens.GRCh38.99.gtf
437758	7	108471613	108472834	-	ENSG00000135241	own-gene 3' UTR	1	ENSG00000135241	True	True	d	/home/sharedFolder/humanSTARindex/Homo_sapiens.GRCh38.99.gtf
285337	20	50127332	50128114	-	ENSG00000124208	other-gene 3' UTR	2	ENSG00000240849	True	True	d	/home/sharedFolder/humanSTARindex/Homo_sapiens.GRCh38.99.gtf
370686	5	70995250	70995819	-	ENSG00000249437	intronic (same-strand gene body)	1		True	False	d	/home/sharedFolder/humanSTARindex/Homo_sapiens.GRCh38.99.gtf
470314	9	27552254	27553186	-	ENSG00000147894	intronic (same-strand gene body)	1		True	False	d	/home/sharedFolder/humanSTARindex/Homo_sapiens.GRCh38.99.gtf
28842	1	150764129	150764696	-	ENSG00000163131	exonic, not 3' UTR	1		True	True	d	/home/sharedFolder/humanSTARindex/Homo_sapiens.GRCh38.99.gtf
425871	7	43639256	43639360	-	ENSG00000106603	own-gene 3' UTR	1	ENSG00000106603	True	True	d	/home/sharedFolder/humanSTARindex/Homo_sapiens.GRCh38.99.gtf
121768	13	24306348	24307069	+	ENSG00000273167	other-gene 3' UTR	2	ENSG00000182957	True	True	d	/home/sharedFolder/humanSTARindex/Homo_sapiens.GRCh38.99.gtf
389447	6	2887168	2887712	-	ENSG00000170542	own-gene 3' UTR	1	ENSG00000170542	True	True	d	/home/sharedFolder/humanSTARindex/Homo_sapiens.GRCh38.99.gtf
437795	7	108562226	108562906	-	ENSG00000135241	other-gene 3' UTR	2	ENSG00000177683	True	True	d	/home/sharedFolder/humanSTARindex/Homo_sapiens.GRCh38.99.gtf
503720	X	154391041	154391898	+	ENSG00000147403	intronic (same-strand gene body)	1		True	False	d	/home/sharedFolder/humanSTARindex/Homo_sapiens.GRCh38.99.gtf
415368	6	157925683	157926921	+	ENSG00000130340	intronic (same-strand gene body)	1		True	False	d	/home/sharedFolder/humanSTARindex/Homo_sapiens.GRCh38.99.gtf
277970	20	5562327	5563869	-	ENSG00000125772	intronic (same-strand gene body)	1		True	False	d	/home/sharedFolder/humanSTARindex/Homo_sapiens.GRCh38.99.gtf
485717	9	131204290	131205171	+	ENSG00000126883	intronic (same-strand gene body)	1		True	False	d	/home/sharedFolder/humanSTARindex/Homo_sapiens.GRCh38.99.gtf
290949	21	33403745	33405141	+	ENSG00000159128	intronic (same-strand gene body)	1		True	False	d	/home/sharedFolder/humanSTARindex/Homo_sapiens.GRCh38.99.gtf
26756	1	146197484	146198076	-	ENSG00000271425	intronic (same-strand gene body)	2		True	False	d	/home/sharedFolder/humanSTARindex/Homo_sapiens.GRCh38.99.gtf
205328	17	76734114	76734432	-	ENSG00000161547	own-gene 3' UTR	1	ENSG00000161547	True	True	d	/home/sharedFolder/humanSTARindex/Homo_sapiens.GRCh38.99.gtf
54123	10	27538512	27538515	+	ENSG00000099246	own-gene 3' UTR	1	ENSG00000099246	True	True	d	/home/sharedFolder/humanSTARindex/Homo_sapiens.GRCh38.99.gtf
142036	14	71540213	71541029	+	ENSG00000197555	intronic (same-strand gene body)	1		True	False	d	/home/sharedFolder/humanSTARindex/Homo_sapiens.GRCh38.99.gtf
47561	1	244854410	244854411	-	ENSG00000153187	own-gene 3' UTR	1	ENSG00000153187	True	True	d	/home/sharedFolder/humanSTARindex/Homo_sapiens.GRCh38.99.gtf
83733	11	72793428	72794011	-	ENSG00000186635	exonic, not 3' UTR	3		True	True	d	/home/sharedFolder/humanSTARindex/Homo_sapiens.GRCh38.99.gtf
27446	1	148649609	148650198	-	ENSG00000270629	intronic (same-strand gene body)	2		True	False	d	/home/sharedFolder/humanSTARindex/Homo_sapiens.GRCh38.99.gtf
333954	3	187742796	187744341	-	ENSG00000113916	intronic (same-strand gene body)	1		True	False	d	/home/sharedFolder/humanSTARindex/Homo_sapiens.GRCh38.99.gtf
33306	1	167470601	167472912	-	ENSG00000198821	intronic (same-strand gene body)	1		True	False	d	/home/sharedFolder/humanSTARindex/Homo_sapiens.GRCh38.99.gtf
33338	1	167513466	167514990	-	ENSG00000198821	intronic (same-strand gene body)	1		True	False	d	/home/sharedFolder/humanSTARindex/Homo_sapiens.GRCh38.99.gtf
33329	1	167505001	167505788	-	ENSG00000198821	intronic (same-strand gene body)	1		True	False	d	/home/sharedFolder/humanSTARindex/Homo_sapiens.GRCh38.99.gtf
33304	1	167469491	167470409	-	ENSG00000198821	intronic (same-strand gene body)	1		True	False	d	/home/sharedFolder/humanSTARindex/Homo_sapiens.GRCh38.99.gtf
33327	1	167501047	167501784	-	ENSG00000198821	intronic (same-strand gene body)	1		True	False	d	/home/sharedFolder/humanSTARindex/Homo_sapiens.GRCh38.99.gtf
33322	1	167493028	167493710	-	ENSG00000198821	intronic (same-strand gene body)	1		True	False	d	/home/sharedFolder/humanSTARindex/Homo_sapiens.GRCh38.99.gtf
33299	1	167465043	167466073	-	ENSG00000198821	intronic (same-strand gene body)	1		True	False	d	/home/sharedFolder/humanSTARindex/Homo_sapiens.GRCh38.99.gtf
33291	1	167458775	167460261	-	ENSG00000198821	exonic, not 3' UTR	2		True	True	d	/home/sharedFolder/humanSTARindex/Homo_sapiens.GRCh38.99.gtf
170710	16	18788424	18789244	-	ENSG00000134419	exonic, not 3' UTR	2		True	True	d	/home/sharedFolder/humanSTARindex/Homo_sapiens.GRCh38.99.gtf
406452	6	107822262	107823264	-	ENSG00000146285	intronic (same-strand gene body)	1		True	False	d	/home/sharedFolder/humanSTARindex/Homo_sapiens.GRCh38.99.gtf
6470	1	24964641	24965121	-	ENSG00000020633	exonic, not 3' UTR	1		True	True	d	/home/sharedFolder/humanSTARindex/Homo_sapiens.GRCh38.99.gtf
220638	19	8561470	8563848	-	ENSG00000142347	intronic (same-strand gene body)	1		True	False	d	/home/sharedFolder/humanSTARindex/Homo_sapiens.GRCh38.99.gtf
406393	6	107704103	107705211	-	ENSG00000146285	own-gene 3' UTR	1	ENSG00000146285	True	True	d	/home/sharedFolder/humanSTARindex/Homo_sapiens.GRCh38.99.gtf
351759	4	108625255	108625256	+	ENSG00000109475	intronic (same-strand gene body)	1		True	False	d	/home/sharedFolder/humanSTARindex/Homo_sapiens.GRCh38.99.gtf
282427	20	36644783	36645593	-	ENSG00000101082	intronic (same-strand gene body)	1		True	False	d	/home/sharedFolder/humanSTARindex/Homo_sapiens.GRCh38.99.gtf
268778	2	201287404	201287438	+	ENSG00000064012	own-gene 3' UTR	1	ENSG00000064012	True	True	d	/home/sharedFolder/humanSTARindex/Homo_sapiens.GRCh38.99.gtf
404771	6	89326624	89327494	-	ENSG00000198833	own-gene 3' UTR	1	ENSG00000198833	True	True	d	/home/sharedFolder/humanSTARindex/Homo_sapiens.GRCh38.99.gtf
297236	22	28799050	28799235	-	ENSG00000100219	exonic, not 3' UTR	1		True	True	d	/home/sharedFolder/humanSTARindex/Homo_sapiens.GRCh38.99.gtf
176985	16	56943725	56943881	+	ENSG00000051108	own-gene 3' UTR	1	ENSG00000051108	True	True	d	/home/sharedFolder/humanSTARindex/Homo_sapiens.GRCh38.99.gtf
406003	6	106094555	106095227	+	ENSG00000057657	intronic (same-strand gene body)	1		True	False	d	/home/sharedFolder/humanSTARindex/Homo_sapiens.GRCh38.99.gtf
82328	11	66842868	66843325	+	ENSG00000173715	own-gene 3' UTR	2	ENSG00000173715	True	True	d	/home/sharedFolder/humanSTARindex/Homo_sapiens.GRCh38.99.gtf
215474	18	59152602	59153230	+	ENSG00000166562	exonic, not 3' UTR	1		True	True	d	/home/sharedFolder/humanSTARindex/Homo_sapiens.GRCh38.99.gtf
325048	3	133819650	133819989	+	ENSG00000144867	own-gene 3' UTR	1	ENSG00000144867	True	True	d	/home/sharedFolder/humanSTARindex/Homo_sapiens.GRCh38.99.gtf
124012	13	38360830	38360900	+	ENSG00000120686	own-gene 3' UTR	1	ENSG00000120686	True	True	d	/home/sharedFolder/humanSTARindex/Homo_sapiens.GRCh38.99.gtf
329024	3	156542662	156542755	-	ENSG00000114850	own-gene 3' UTR	1	ENSG00000114850	True	True	d	/home/sharedFolder/humanSTARindex/Homo_sapiens.GRCh38.99.gtf
213794	18	47156029	47156071	-	ENSG00000267228	other-gene 3' UTR	2	ENSG00000134049	True	True	d	/home/sharedFolder/humanSTARindex/Homo_sapiens.GRCh38.99.gtf
333891	3	187078117	187078553	+	ENSG00000073849	own-gene 3' UTR	1	ENSG00000073849	True	True	d	/home/sharedFolder/humanSTARindex/Homo_sapiens.GRCh38.99.gtf
39642	1	203307310	203307329	+	ENSG00000159388	exonic, not 3' UTR	1		True	True	d	/home/sharedFolder/humanSTARindex/Homo_sapiens.GRCh38.99.gtf
491665	X	23686396	23686397	+	ENSG00000123131	own-gene 3' UTR	1	ENSG00000123131	True	True	d	/home/sharedFolder/humanSTARindex/Homo_sapiens.GRCh38.99.gtf
410497	6	132817566	132817658	+	ENSG00000112306	outside any same-strand gene	0		False	False	d	/home/sharedFolder/humanSTARindex/Homo_sapiens.GRCh38.99.gtf
404772	6	89327636	89327661	-	ENSG00000198833	own-gene 3' UTR	1	ENSG00000198833	True	True	d	/home/sharedFolder/humanSTARindex/Homo_sapiens.GRCh38.99.gtf
113751	12	103942439	103942764	+	ENSG00000166598	exonic, not 3' UTR	1		True	True	d	/home/sharedFolder/humanSTARindex/Homo_sapiens.GRCh38.99.gtf
206774	17	81250869	81251514	-	ENSG00000157637	own-gene 3' UTR	1	ENSG00000157637	True	True	d	/home/sharedFolder/humanSTARindex/Homo_sapiens.GRCh38.99.gtf
219482	19	5691437	5691458	+	ENSG00000130255	exonic, not 3' UTR	1		True	True	d	/home/sharedFolder/humanSTARindex/Homo_sapiens.GRCh38.99.gtf
164315	15	90593696	90594334	+	ENSG00000140577	exonic, not 3' UTR	1		True	True	d	/home/sharedFolder/humanSTARindex/Homo_sapiens.GRCh38.99.gtf
381534	5	138946988	138946989	-	ENSG00000120725	own-gene 3' UTR	1	ENSG00000120725	True	True	d	/home/sharedFolder/humanSTARindex/Homo_sapiens.GRCh38.99.gtf
363992	5	32598869	32599056	+	ENSG00000113387	own-gene 3' UTR	1	ENSG00000113387	True	True	d	/home/sharedFolder/humanSTARindex/Homo_sapiens.GRCh38.99.gtf
421851	7	22720683	22721048	-	ENSG00000105889	intronic (same-strand gene body)	1		True	False	d	/home/sharedFolder/humanSTARindex/Homo_sapiens.GRCh38.99.gtf
388915	6	402264	402891	+	ENSG00000137265	intronic (same-strand gene body)	1		True	False	d	/home/sharedFolder/humanSTARindex/Homo_sapiens.GRCh38.99.gtf
394026	6	26138146	26138374	+	ENSG00000180573	own-gene 3' UTR	1	ENSG00000180573	True	True	d	/home/sharedFolder/humanSTARindex/Homo_sapiens.GRCh38.99.gtf
388331	5	179822197	179822494	+	ENSG00000161011	exonic, not 3' UTR	1		True	True	d	/home/sharedFolder/humanSTARindex/Homo_sapiens.GRCh38.99.gtf
497728	X	79360383	79360446	-	ENSG00000078596	own-gene 3' UTR	1	ENSG00000078596	True	True	d	/home/sharedFolder/humanSTARindex/Homo_sapiens.GRCh38.99.gtf
437804	7	108573125	108573700	+	ENSG00000128590	own-gene 3' UTR	1	ENSG00000128590	True	True	d	/home/sharedFolder/humanSTARindex/Homo_sapiens.GRCh38.99.gtf
146540	14	96531472	96531748	+	ENSG00000090060	own-gene 3' UTR	1	ENSG00000090060	True	True	d	/home/sharedFolder/humanSTARindex/Homo_sapiens.GRCh38.99.gtf
359776	4	182891105	182891393	-	ENSG00000129187	own-gene 3' UTR	1	ENSG00000129187	True	True	d	/home/sharedFolder/humanSTARindex/Homo_sapiens.GRCh38.99.gtf
60551	10	71769241	71769752	-	ENSG00000107738	intronic (same-strand gene body)	1		True	False	d	/home/sharedFolder/humanSTARindex/Homo_sapiens.GRCh38.99.gtf
421811	7	22511491	22511869	-	ENSG00000105889	exonic, not 3' UTR	2		True	True	d	/home/sharedFolder/humanSTARindex/Homo_sapiens.GRCh38.99.gtf
395931	6	31817245	31817572	+	ENSG00000204389	exonic, not 3' UTR	1		True	True	d	/home/sharedFolder/humanSTARindex/Homo_sapiens.GRCh38.99.gtf
305867	3	15793307	15793890	-	ENSG00000206560	intronic (same-strand gene body)	1		True	False	d	/home/sharedFolder/humanSTARindex/Homo_sapiens.GRCh38.99.gtf
303789	3	5215907	5216184	+	ENSG00000134109	own-gene 3' UTR	1	ENSG00000134109	True	True	d	/home/sharedFolder/humanSTARindex/Homo_sapiens.GRCh38.99.gtf
176986	16	56944447	56944867	+	ENSG00000051108	own-gene 3' UTR	1	ENSG00000051108	True	True	d	/home/sharedFolder/humanSTARindex/Homo_sapiens.GRCh38.99.gtf
106641	12	57478406	57478857	-	ENSG00000123329	exonic, not 3' UTR	1		True	True	d	/home/sharedFolder/humanSTARindex/Homo_sapiens.GRCh38.99.gtf
339418	4	15848635	15849481	+	ENSG00000004468	own-gene 3' UTR	1	ENSG00000004468	True	True	d	/home/sharedFolder/humanSTARindex/Homo_sapiens.GRCh38.99.gtf
267887	2	197490174	197492040	-	ENSG00000144381	exonic, not 3' UTR	1		True	True	d	/home/sharedFolder/humanSTARindex/Homo_sapiens.GRCh38.99.gtf
380818	5	134899820	134899920	+	ENSG00000113621	own-gene 3' UTR	1	ENSG00000113621	True	True	d	/home/sharedFolder/humanSTARindex/Homo_sapiens.GRCh38.99.gtf
267893	2	197494656	197495257	-	ENSG00000144381	own-gene 3' UTR	1	ENSG00000144381	True	True	d	/home/sharedFolder/humanSTARindex/Homo_sapiens.GRCh38.99.gtf
29971	1	154275787	154275875	+	ENSG00000143569	other-gene 3' UTR	1	ENSG00000143575	False	True	d	/home/sharedFolder/humanSTARindex/Homo_sapiens.GRCh38.99.gtf
308033	3	31635988	31636412	+	ENSG00000163527	own-gene 3' UTR	1	ENSG00000163527	True	True	d	/home/sharedFolder/humanSTARindex/Homo_sapiens.GRCh38.99.gtf
36421	1	181055320	181055714	+	ENSG00000153029	own-gene 3' UTR	1	ENSG00000153029	True	True	d	/home/sharedFolder/humanSTARindex/Homo_sapiens.GRCh38.99.gtf
417991	7	1155336	1155715	-	ENSG00000178381	exonic, not 3' UTR	1		True	True	d	/home/sharedFolder/humanSTARindex/Homo_sapiens.GRCh38.99.gtf
123019	13	31151614	31152868	-	ENSG00000120694	own-gene 3' UTR	1	ENSG00000120694	True	True	d	/home/sharedFolder/humanSTARindex/Homo_sapiens.GRCh38.99.gtf
256640	2	127700984	127701436	-	ENSG00000136709	own-gene 3' UTR	1	ENSG00000136709	True	True	d	/home/sharedFolder/humanSTARindex/Homo_sapiens.GRCh38.99.gtf
229417	19	42093003	42093839	-	ENSG00000028277	own-gene 3' UTR	1	ENSG00000028277	True	True	d	/home/sharedFolder/humanSTARindex/Homo_sapiens.GRCh38.99.gtf
17830	1	78007739	78008631	+	ENSG00000162616	intronic (same-strand gene body)	2		True	False	d	/home/sharedFolder/humanSTARindex/Homo_sapiens.GRCh38.99.gtf
176976	16	56935552	56935557	+	ENSG00000051108	exonic, not 3' UTR	1		True	True	d	/home/sharedFolder/humanSTARindex/Homo_sapiens.GRCh38.99.gtf
483817	9	125240065	125241269	-	ENSG00000044574	exonic, not 3' UTR	1		True	True	d	/home/sharedFolder/humanSTARindex/Homo_sapiens.GRCh38.99.gtf
381567	5	139009979	139010798	-	ENSG00000120725	intronic (same-strand gene body)	1		True	False	d	/home/sharedFolder/humanSTARindex/Homo_sapiens.GRCh38.99.gtf
53040	10	21920670	21921082	-	ENSG00000136770	own-gene 3' UTR	1	ENSG00000136770	True	True	d	/home/sharedFolder/humanSTARindex/Homo_sapiens.GRCh38.99.gtf
399895	6	44247139	44247639	+	ENSG00000096384	exonic, not 3' UTR	1		True	True	d	/home/sharedFolder/humanSTARindex/Homo_sapiens.GRCh38.99.gtf
230374	19	45468085	45469069	+	ENSG00000125740	exonic, not 3' UTR	1		True	True	d	/home/sharedFolder/humanSTARindex/Homo_sapiens.GRCh38.99.gtf
269757	2	203872758	203872985	+	ENSG00000163599	own-gene 3' UTR	1	ENSG00000163599	True	True	d	/home/sharedFolder/humanSTARindex/Homo_sapiens.GRCh38.99.gtf
60630	10	72062377	72062769	-	ENSG00000107742	own-gene 3' UTR	1	ENSG00000107742	True	True	d	/home/sharedFolder/humanSTARindex/Homo_sapiens.GRCh38.99.gtf
475713	9	76442064	76442692	+	ENSG00000187210	exonic, not 3' UTR	1		True	True	d	/home/sharedFolder/humanSTARindex/Homo_sapiens.GRCh38.99.gtf
49534	10	6011902	6013086	-	ENSG00000134460	own-gene 3' UTR	1	ENSG00000134460	True	True	d	/home/sharedFolder/humanSTARindex/Homo_sapiens.GRCh38.99.gtf
320252	3	114308007	114308402	+	ENSG00000181847	own-gene 3' UTR	1	ENSG00000181847	True	True	d	/home/sharedFolder/humanSTARindex/Homo_sapiens.GRCh38.99.gtf
197820	17	48426960	48427761	-	ENSG00000141293	intronic (same-strand gene body)	1		True	False	d	/home/sharedFolder/humanSTARindex/Homo_sapiens.GRCh38.99.gtf
395771	6	31573372	31574324	+	ENSG00000226979	own-gene 3' UTR	1	ENSG00000226979	True	True	d	/home/sharedFolder/humanSTARindex/Homo_sapiens.GRCh38.99.gtf
215548	18	59903261	59903559	+	ENSG00000141682	own-gene 3' UTR	1	ENSG00000141682	True	True	d	/home/sharedFolder/humanSTARindex/Homo_sapiens.GRCh38.99.gtf
