pas_id	chrom	start	end	strand	assigned_gene_id	n_samestrand_gene_bodies	gene_name	gene_biotype	n_pairs_replicated	max_patient_support	max_abs_effect	disclosure
392	1	1318668	1319115	-	ENSG00000127054	2	INTS11	protein_coding	1	2	0.30930	own-gene 3'UTR verified vs GTF; audit only, not a published ranked list (20 disclosure 1, issue #99)
432	1	1401908	1402056	-	ENSG00000242485	1	MRPL20	protein_coding	2	3	0.16994	own-gene 3'UTR verified vs GTF; audit only, not a published ranked list (20 disclosure 1, issue #99)
437	1	1403926	1405854	-	ENSG00000242485	2	MRPL20	protein_coding	2	4	0.19995	own-gene 3'UTR verified vs GTF; audit only, not a published ranked list (20 disclosure 1, issue #99)
485	1	1541672	1541673	-	ENSG00000160075	1	SSU72	protein_coding	4	3	0.33263	own-gene 3'UTR verified vs GTF; audit only, not a published ranked list (20 disclosure 1, issue #99)
521	1	1630388	1630605	+	ENSG00000197530	1	MIB2	protein_coding	2	2	0.63435	own-gene 3'UTR verified vs GTF; audit only, not a published ranked list (20 disclosure 1, issue #99)
524	1	1635586	1635587	-	ENSG00000248333	1	CDK11B	protein_coding	2	3	0.34485	own-gene 3'UTR verified vs GTF; audit only, not a published ranked list (20 disclosure 1, issue #99)
544	1	1661477	1661480	-	ENSG00000189339	1	SLC35E2B	protein_coding	2	4	0.57466	own-gene 3'UTR verified vs GTF; audit only, not a published ranked list (20 disclosure 1, issue #99)
575	1	1702729	1702730	-	ENSG00000008128	1	CDK11A	protein_coding	1	2	0.29685	own-gene 3'UTR verified vs GTF; audit only, not a published ranked list (20 disclosure 1, issue #99)
635	1	1785285	1785290	-	ENSG00000078369	1	GNB1	protein_coding	13	7	0.59360	own-gene 3'UTR verified vs GTF; audit only, not a published ranked list (20 disclosure 1, issue #99)
639	1	1786748	1786901	-	ENSG00000078369	1	GNB1	protein_coding	7	4	0.45660	own-gene 3'UTR verified vs GTF; audit only, not a published ranked list (20 disclosure 1, issue #99)
786	1	2191899	2193132	-	ENSG00000162585	1	FAAP20	protein_coding	1	2	0.21064	own-gene 3'UTR verified vs GTF; audit only, not a published ranked list (20 disclosure 1, issue #99)
857	1	2310118	2310214	+	ENSG00000157933	1	SKI	protein_coding	3	4	0.44310	own-gene 3'UTR verified vs GTF; audit only, not a published ranked list (20 disclosure 1, issue #99)
1194	1	6100760	6101193	+	ENSG00000069424	1	KCNAB2	protein_coding	2	2	0.28469	own-gene 3'UTR verified vs GTF; audit only, not a published ranked list (20 disclosure 1, issue #99)
1431	1	6871881	6872049	+	ENSG00000171735	1	CAMTA1	protein_coding	1	2	0.35856	own-gene 3'UTR verified vs GTF; audit only, not a published ranked list (20 disclosure 1, issue #99)
1490	1	7767382	7768236	+	ENSG00000171735	1	CAMTA1	protein_coding	2	2	0.36964	own-gene 3'UTR verified vs GTF; audit only, not a published ranked list (20 disclosure 1, issue #99)
1498	1	7781429	7781432	+	ENSG00000049245	1	VAMP3	protein_coding	1	2	0.27821	own-gene 3'UTR verified vs GTF; audit only, not a published ranked list (20 disclosure 1, issue #99)
1673	1	8011724	8011901	-	ENSG00000116285	1	ERRFI1	protein_coding	2	2	0.51692	own-gene 3'UTR verified vs GTF; audit only, not a published ranked list (20 disclosure 1, issue #99)
1674	1	8012201	8012261	-	ENSG00000116285	1	ERRFI1	protein_coding	1	2	0.25168	own-gene 3'UTR verified vs GTF; audit only, not a published ranked list (20 disclosure 1, issue #99)
1675	1	8012478	8012489	-	ENSG00000116285	1	ERRFI1	protein_coding	1	2	0.34759	own-gene 3'UTR verified vs GTF; audit only, not a published ranked list (20 disclosure 1, issue #99)
2159	1	9369149	9369535	+	ENSG00000171621	1	SPSB1	protein_coding	1	2	0.57359	own-gene 3'UTR verified vs GTF; audit only, not a published ranked list (20 disclosure 1, issue #99)
2299	1	9728540	9728925	+	ENSG00000171608	1	PIK3CD	protein_coding	1	3	0.60186	own-gene 3'UTR verified vs GTF; audit only, not a published ranked list (20 disclosure 1, issue #99)
2340	1	9848275	9848769	-	ENSG00000178585	1	CTNNBIP1	protein_coding	1	2	0.37493	own-gene 3'UTR verified vs GTF; audit only, not a published ranked list (20 disclosure 1, issue #99)
2378	1	9926053	9927054	-	ENSG00000162441	1	LZIC	protein_coding	1	2	0.36475	own-gene 3'UTR verified vs GTF; audit only, not a published ranked list (20 disclosure 1, issue #99)
2717	1	10636658	10637575	-	ENSG00000130940	1	CASZ1	protein_coding	2	2	0.60366	own-gene 3'UTR verified vs GTF; audit only, not a published ranked list (20 disclosure 1, issue #99)
3071	1	12209176	12209220	+	ENSG00000028137	1	TNFRSF1B	protein_coding	1	2	0.24642	own-gene 3'UTR verified vs GTF; audit only, not a published ranked list (20 disclosure 1, issue #99)
3337	1	13787183	13788081	+	ENSG00000116731	1	PRDM2	protein_coding	1	2	0.23425	own-gene 3'UTR verified vs GTF; audit only, not a published ranked list (20 disclosure 1, issue #99)
3630	1	15428842	15428853	+	ENSG00000142634	1	EFHD2	protein_coding	8	4	0.55682	own-gene 3'UTR verified vs GTF; audit only, not a published ranked list (20 disclosure 1, issue #99)
3712	1	15571328	15572013	+	ENSG00000116138	1	DNAJC16	protein_coding	2	2	0.40077	own-gene 3'UTR verified vs GTF; audit only, not a published ranked list (20 disclosure 1, issue #99)
3920	1	15939811	15940456	+	ENSG00000065526	1	SPEN	protein_coding	1	2	0.39782	own-gene 3'UTR verified vs GTF; audit only, not a published ranked list (20 disclosure 1, issue #99)
4114	1	16460017	16460078	+	ENSG00000157191	1	NECAP2	protein_coding	3	3	0.33790	own-gene 3'UTR verified vs GTF; audit only, not a published ranked list (20 disclosure 1, issue #99)
4378	1	17406758	17407364	-	ENSG00000179051	1	RCC2	protein_coding	1	3	0.35309	own-gene 3'UTR verified vs GTF; audit only, not a published ranked list (20 disclosure 1, issue #99)
4636	1	19338774	19338901	-	ENSG00000077549	1	CAPZB	protein_coding	6	4	0.47505	own-gene 3'UTR verified vs GTF; audit only, not a published ranked list (20 disclosure 1, issue #99)
4637	1	19339102	19339427	-	ENSG00000077549	1	CAPZB	protein_coding	7	3	0.22528	own-gene 3'UTR verified vs GTF; audit only, not a published ranked list (20 disclosure 1, issue #99)
4761	1	19626465	19626629	+	ENSG00000173436	3	MICOS10	protein_coding	4	4	0.25710	own-gene 3'UTR verified vs GTF; audit only, not a published ranked list (20 disclosure 1, issue #99)
4772	1	19656963	19657347	+	ENSG00000158747	1	NBL1	protein_coding	1	2	0.28284	own-gene 3'UTR verified vs GTF; audit only, not a published ranked list (20 disclosure 1, issue #99)
4940	1	20742672	20742682	-	ENSG00000127483	1	HP1BP3	protein_coding	4	4	0.52367	own-gene 3'UTR verified vs GTF; audit only, not a published ranked list (20 disclosure 1, issue #99)
5197	1	21217246	21217730	-	ENSG00000117298	1	ECE1	protein_coding	2	3	0.51456	own-gene 3'UTR verified vs GTF; audit only, not a published ranked list (20 disclosure 1, issue #99)
5525	1	22086744	22086946	+	ENSG00000070831	1	CDC42	protein_coding	1	3	0.23954	own-gene 3'UTR verified vs GTF; audit only, not a published ranked list (20 disclosure 1, issue #99)
5530	1	22091567	22091628	+	ENSG00000070831	1	CDC42	protein_coding	4	4	0.28036	own-gene 3'UTR verified vs GTF; audit only, not a published ranked list (20 disclosure 1, issue #99)
5536	1	22092649	22092813	+	ENSG00000070831	1	CDC42	protein_coding	9	6	0.39030	own-gene 3'UTR verified vs GTF; audit only, not a published ranked list (20 disclosure 1, issue #99)
5537	1	22092945	22092946	+	ENSG00000070831	1	CDC42	protein_coding	10	6	0.48150	own-gene 3'UTR verified vs GTF; audit only, not a published ranked list (20 disclosure 1, issue #99)
5607	1	22639317	22639466	+	ENSG00000173372	1	C1QA	protein_coding	3	4	0.47429	own-gene 3'UTR verified vs GTF; audit only, not a published ranked list (20 disclosure 1, issue #99)
5608	1	22639607	22639682	+	ENSG00000173372	1	C1QA	protein_coding	4	4	0.58932	own-gene 3'UTR verified vs GTF; audit only, not a published ranked list (20 disclosure 1, issue #99)
5909	1	23693426	23694396	+	ENSG00000142676	1	RPL11	protein_coding	8	3	0.37869	own-gene 3'UTR verified vs GTF; audit only, not a published ranked list (20 disclosure 1, issue #99)
5913	1	23696417	23696418	+	ENSG00000142676	1	RPL11	protein_coding	1	2	0.09370	own-gene 3'UTR verified vs GTF; audit only, not a published ranked list (20 disclosure 1, issue #99)
6067	1	23966444	23966935	-	ENSG00000188529	1	SRSF10	protein_coding	1	2	0.27211	own-gene 3'UTR verified vs GTF; audit only, not a published ranked list (20 disclosure 1, issue #99)
6071	1	23969076	23969482	-	ENSG00000188529	1	SRSF10	protein_coding	1	5	0.22568	own-gene 3'UTR verified vs GTF; audit only, not a published ranked list (20 disclosure 1, issue #99)
6075	1	23970972	23970979	-	ENSG00000188529	1	SRSF10	protein_coding	1	2	0.21299	own-gene 3'UTR verified vs GTF; audit only, not a published ranked list (20 disclosure 1, issue #99)
6089	1	23977939	23978819	-	ENSG00000188529	1	SRSF10	protein_coding	1	2	0.19580	own-gene 3'UTR verified vs GTF; audit only, not a published ranked list (20 disclosure 1, issue #99)
6247	1	24540619	24541205	+	ENSG00000117602	1	RCAN3	protein_coding	1	2	0.42722	own-gene 3'UTR verified vs GTF; audit only, not a published ranked list (20 disclosure 1, issue #99)
6304	1	24673217	24673271	+	ENSG00000133226	1	SRRM1	protein_coding	5	4	0.45288	own-gene 3'UTR verified vs GTF; audit only, not a published ranked list (20 disclosure 1, issue #99)
6495	1	25222589	25222686	-	ENSG00000117614	1	SYF2	protein_coding	1	2	0.24687	own-gene 3'UTR verified vs GTF; audit only, not a published ranked list (20 disclosure 1, issue #99)
6520	1	25242158	25242302	-	ENSG00000117616	1	RSRP1	protein_coding	3	3	0.32805	own-gene 3'UTR verified vs GTF; audit only, not a published ranked list (20 disclosure 1, issue #99)
6521	1	25242417	25242679	-	ENSG00000117616	1	RSRP1	protein_coding	2	2	0.27589	own-gene 3'UTR verified vs GTF; audit only, not a published ranked list (20 disclosure 1, issue #99)
6522	1	25243569	25245272	-	ENSG00000117616	1	RSRP1	protein_coding	3	3	0.31405	own-gene 3'UTR verified vs GTF; audit only, not a published ranked list (20 disclosure 1, issue #99)
6616	1	25360817	25361211	+	ENSG00000183726	1	TMEM50A	protein_coding	5	4	0.23063	own-gene 3'UTR verified vs GTF; audit only, not a published ranked list (20 disclosure 1, issue #99)
6618	1	25362252	25362361	+	ENSG00000183726	1	TMEM50A	protein_coding	7	5	0.42186	own-gene 3'UTR verified vs GTF; audit only, not a published ranked list (20 disclosure 1, issue #99)
6676	1	25498315	25498811	+	ENSG00000204178	1	MACO1	protein_coding	2	2	0.71002	own-gene 3'UTR verified vs GTF; audit only, not a published ranked list (20 disclosure 1, issue #99)
6785	1	25900080	25900123	-	ENSG00000117632	1	STMN1	protein_coding	1	2	0.23255	own-gene 3'UTR verified vs GTF; audit only, not a published ranked list (20 disclosure 1, issue #99)
6856	1	26278426	26278809	+	ENSG00000130695	1	CEP85	protein_coding	2	2	0.13389	own-gene 3'UTR verified vs GTF; audit only, not a published ranked list (20 disclosure 1, issue #99)
6939	1	26470935	26471324	+	ENSG00000117682	1	DHDDS	protein_coding	3	2	0.10946	own-gene 3'UTR verified vs GTF; audit only, not a published ranked list (20 disclosure 1, issue #99)
7349	1	27404225	27404230	-	ENSG00000158195	1	WASF2	protein_coding	2	2	0.29999	own-gene 3'UTR verified vs GTF; audit only, not a published ranked list (20 disclosure 1, issue #99)
7486	1	27666063	27666298	-	ENSG00000126709	1	IFI6	protein_coding	1	3	0.24903	own-gene 3'UTR verified vs GTF; audit only, not a published ranked list (20 disclosure 1, issue #99)
7564	1	27823191	27823770	+	ENSG00000117758	1	STX12	protein_coding	8	6	0.56633	own-gene 3'UTR verified vs GTF; audit only, not a published ranked list (20 disclosure 1, issue #99)
7566	1	27824304	27824305	+	ENSG00000117758	1	STX12	protein_coding	4	3	0.50111	own-gene 3'UTR verified vs GTF; audit only, not a published ranked list (20 disclosure 1, issue #99)
7567	1	27824442	27824448	+	ENSG00000117758	1	STX12	protein_coding	1	2	0.32674	own-gene 3'UTR verified vs GTF; audit only, not a published ranked list (20 disclosure 1, issue #99)
7610	1	27886670	27886679	+	ENSG00000130775	1	THEMIS2	protein_coding	1	2	0.20600	own-gene 3'UTR verified vs GTF; audit only, not a published ranked list (20 disclosure 1, issue #99)
7617	1	27891523	27891538	-	ENSG00000117748	1	RPA2	protein_coding	3	3	0.59070	own-gene 3'UTR verified vs GTF; audit only, not a published ranked list (20 disclosure 1, issue #99)
7797	1	28238067	28238100	+	ENSG00000130770	1	ATP5IF1	protein_coding	3	3	0.24142	own-gene 3'UTR verified vs GTF; audit only, not a published ranked list (20 disclosure 1, issue #99)
7956	1	28497060	28497898	+	ENSG00000204138	1	PHACTR4	protein_coding	1	2	0.59911	own-gene 3'UTR verified vs GTF; audit only, not a published ranked list (20 disclosure 1, issue #99)
7958	1	28499938	28500369	+	ENSG00000204138	1	PHACTR4	protein_coding	1	2	0.29186	own-gene 3'UTR verified vs GTF; audit only, not a published ranked list (20 disclosure 1, issue #99)
8028	1	28577719	28577855	+	ENSG00000180098	1	TRNAU1AP	protein_coding	3	2	0.44837	own-gene 3'UTR verified vs GTF; audit only, not a published ranked list (20 disclosure 1, issue #99)
8267	1	29120040	29120041	+	ENSG00000159023	1	EPB41	protein_coding	1	2	0.44978	own-gene 3'UTR verified vs GTF; audit only, not a published ranked list (20 disclosure 1, issue #99)
8353	1	30732468	30732502	-	ENSG00000162511	1	LAPTM5	protein_coding	9	4	0.41489	own-gene 3'UTR verified vs GTF; audit only, not a published ranked list (20 disclosure 1, issue #99)
8355	1	30732811	30732838	-	ENSG00000162511	1	LAPTM5	protein_coding	3	2	0.70411	own-gene 3'UTR verified vs GTF; audit only, not a published ranked list (20 disclosure 1, issue #99)
8356	1	30733078	30733575	-	ENSG00000162511	1	LAPTM5	protein_coding	15	6	0.57388	own-gene 3'UTR verified vs GTF; audit only, not a published ranked list (20 disclosure 1, issue #99)
8383	1	30931504	30931889	-	ENSG00000134644	1	PUM1	protein_coding	2	4	0.69719	own-gene 3'UTR verified vs GTF; audit only, not a published ranked list (20 disclosure 1, issue #99)
8766	1	32043232	32043301	+	ENSG00000121774	1	KHDRBS1	protein_coding	1	2	0.20626	own-gene 3'UTR verified vs GTF; audit only, not a published ranked list (20 disclosure 1, issue #99)
8860	1	32176536	32176568	+	ENSG00000025800	2	KPNA6	protein_coding	2	2	0.67990	own-gene 3'UTR verified vs GTF; audit only, not a published ranked list (20 disclosure 1, issue #99)
9004	1	32365102	32365274	-	ENSG00000160058	1	BSDC1	protein_coding	4	4	0.40541	own-gene 3'UTR verified vs GTF; audit only, not a published ranked list (20 disclosure 1, issue #99)
9007	1	32367927	32368523	-	ENSG00000160058	1	BSDC1	protein_coding	1	2	0.35223	own-gene 3'UTR verified vs GTF; audit only, not a published ranked list (20 disclosure 1, issue #99)
9066	1	32621764	32621858	-	ENSG00000176261	1	ZBTB8OS	protein_coding	1	3	0.36816	own-gene 3'UTR verified vs GTF; audit only, not a published ranked list (20 disclosure 1, issue #99)
9113	1	32680652	32680653	+	ENSG00000162521	1	RBBP4	protein_coding	1	2	0.24841	own-gene 3'UTR verified vs GTF; audit only, not a published ranked list (20 disclosure 1, issue #99)
9149	1	32775237	32775242	-	ENSG00000134684	1	YARS1	protein_coding	1	2	0.55144	own-gene 3'UTR verified vs GTF; audit only, not a published ranked list (20 disclosure 1, issue #99)
9306	1	33013043	33013086	-	ENSG00000004455	1	AK2	protein_coding	5	4	0.45520	own-gene 3'UTR verified vs GTF; audit only, not a published ranked list (20 disclosure 1, issue #99)
9620	1	35177317	35179672	-	ENSG00000116560	1	SFPQ	protein_coding	2	3	0.15834	own-gene 3'UTR verified vs GTF; audit only, not a published ranked list (20 disclosure 1, issue #99)
9625	1	35182843	35182936	-	ENSG00000116560	1	SFPQ	protein_coding	1	2	0.09943	own-gene 3'UTR verified vs GTF; audit only, not a published ranked list (20 disclosure 1, issue #99)
9628	1	35183599	35183756	-	ENSG00000116560	1	SFPQ	protein_coding	6	5	0.40068	own-gene 3'UTR verified vs GTF; audit only, not a published ranked list (20 disclosure 1, issue #99)
9629	1	35184106	35184224	-	ENSG00000116560	1	SFPQ	protein_coding	2	2	0.24520	own-gene 3'UTR verified vs GTF; audit only, not a published ranked list (20 disclosure 1, issue #99)
9813	1	35601817	35601963	-	ENSG00000126067	1	PSMB2	protein_coding	1	3	0.19139	own-gene 3'UTR verified vs GTF; audit only, not a published ranked list (20 disclosure 1, issue #99)
9910	1	35923951	35924299	+	ENSG00000092847	1	AGO1	protein_coding	1	3	0.52937	own-gene 3'UTR verified vs GTF; audit only, not a published ranked list (20 disclosure 1, issue #99)
10019	1	36087983	36088278	+	ENSG00000092850	1	TEKT2	protein_coding	5	3	0.84693	own-gene 3'UTR verified vs GTF; audit only, not a published ranked list (20 disclosure 1, issue #99)
10033	1	36136571	36136578	-	ENSG00000054116	1	TRAPPC3	protein_coding	2	3	0.40946	own-gene 3'UTR verified vs GTF; audit only, not a published ranked list (20 disclosure 1, issue #99)
10034	1	36137030	36137044	-	ENSG00000054116	1	TRAPPC3	protein_coding	1	2	0.26490	own-gene 3'UTR verified vs GTF; audit only, not a published ranked list (20 disclosure 1, issue #99)
10147	1	36304896	36305357	+	ENSG00000054118	1	THRAP3	protein_coding	5	6	0.46380	own-gene 3'UTR verified vs GTF; audit only, not a published ranked list (20 disclosure 1, issue #99)
10163	1	36339624	36339986	-	ENSG00000196182	1	STK40	protein_coding	2	4	0.46727	own-gene 3'UTR verified vs GTF; audit only, not a published ranked list (20 disclosure 1, issue #99)
10228	1	36455717	36455839	-	ENSG00000116898	1	MRPS15	protein_coding	2	2	0.34759	own-gene 3'UTR verified vs GTF; audit only, not a published ranked list (20 disclosure 1, issue #99)
10294	1	37492574	37493018	-	ENSG00000163875	1	MEAF6	protein_coding	1	2	0.11040	own-gene 3'UTR verified vs GTF; audit only, not a published ranked list (20 disclosure 1, issue #99)
10298	1	37493493	37493849	-	ENSG00000163875	1	MEAF6	protein_coding	1	2	0.27092	own-gene 3'UTR verified vs GTF; audit only, not a published ranked list (20 disclosure 1, issue #99)
10630	1	39005797	39005905	+	ENSG00000174574	1	AKIRIN1	protein_coding	1	2	0.22337	own-gene 3'UTR verified vs GTF; audit only, not a published ranked list (20 disclosure 1, issue #99)
10920	1	39486512	39486994	+	ENSG00000127603	1	MACF1	protein_coding	1	2	0.34125	own-gene 3'UTR verified vs GTF; audit only, not a published ranked list (20 disclosure 1, issue #99)
11111	1	40071580	40071871	+	ENSG00000131236	1	CAP1	protein_coding	1	2	0.22310	own-gene 3'UTR verified vs GTF; audit only, not a published ranked list (20 disclosure 1, issue #99)
11113	1	40072063	40072080	+	ENSG00000131236	1	CAP1	protein_coding	2	3	0.30488	own-gene 3'UTR verified vs GTF; audit only, not a published ranked list (20 disclosure 1, issue #99)
11116	1	40072499	40072648	+	ENSG00000131236	1	CAP1	protein_coding	2	3	0.30728	own-gene 3'UTR verified vs GTF; audit only, not a published ranked list (20 disclosure 1, issue #99)
11121	1	40073463	40074100	-	ENSG00000131238	1	PPT1	protein_coding	2	2	0.23938	own-gene 3'UTR verified vs GTF; audit only, not a published ranked list (20 disclosure 1, issue #99)
11345	1	40423217	40423326	+	ENSG00000084070	1	SMAP2	protein_coding	5	3	0.30640	own-gene 3'UTR verified vs GTF; audit only, not a published ranked list (20 disclosure 1, issue #99)
11807	1	42457245	42458828	+	ENSG00000127125	1	PPCS	protein_coding	2	2	0.20432	own-gene 3'UTR verified vs GTF; audit only, not a published ranked list (20 disclosure 1, issue #99)
11812	1	42460188	42460415	+	ENSG00000127125	1	PPCS	protein_coding	2	2	0.24958	own-gene 3'UTR verified vs GTF; audit only, not a published ranked list (20 disclosure 1, issue #99)
11883	1	42700254	42701021	+	ENSG00000065978	1	YBX1	protein_coding	12	6	0.46978	own-gene 3'UTR verified vs GTF; audit only, not a published ranked list (20 disclosure 1, issue #99)
11886	1	42702096	42702363	+	ENSG00000065978	1	YBX1	protein_coding	2	2	0.08237	own-gene 3'UTR verified vs GTF; audit only, not a published ranked list (20 disclosure 1, issue #99)
12335	1	44778661	44778740	+	ENSG00000142937	1	RPS8	protein_coding	4	2	0.18511	own-gene 3'UTR verified vs GTF; audit only, not a published ranked list (20 disclosure 1, issue #99)
12353	1	44805585	44805992	+	ENSG00000173846	1	PLK3	protein_coding	1	2	0.27674	own-gene 3'UTR verified vs GTF; audit only, not a published ranked list (20 disclosure 1, issue #99)
12641	1	45570017	45570049	+	ENSG00000117448	1	AKR1A1	protein_coding	5	3	0.39628	own-gene 3'UTR verified vs GTF; audit only, not a published ranked list (20 disclosure 1, issue #99)
12685	1	45627486	45627609	-	ENSG00000159592	1	GPBP1L1	protein_coding	2	3	0.34298	own-gene 3'UTR verified vs GTF; audit only, not a published ranked list (20 disclosure 1, issue #99)
12959	1	46278399	46278798	-	ENSG00000132128	1	LRRC41	protein_coding	4	3	0.35804	own-gene 3'UTR verified vs GTF; audit only, not a published ranked list (20 disclosure 1, issue #99)
13085	1	46674924	46675551	-	ENSG00000159658	1	EFCAB14	protein_coding	3	4	0.47760	own-gene 3'UTR verified vs GTF; audit only, not a published ranked list (20 disclosure 1, issue #99)
13303	1	47377775	47377868	+	ENSG00000162368	1	CMPK1	protein_coding	1	2	0.18890	own-gene 3'UTR verified vs GTF; audit only, not a published ranked list (20 disclosure 1, issue #99)
13305	1	47378697	47378839	+	ENSG00000162368	1	CMPK1	protein_coding	1	2	0.26788	own-gene 3'UTR verified vs GTF; audit only, not a published ranked list (20 disclosure 1, issue #99)
14037	1	51788327	51788569	+	ENSG00000117859	1	OSBPL9	protein_coding	1	2	0.38994	own-gene 3'UTR verified vs GTF; audit only, not a published ranked list (20 disclosure 1, issue #99)
14039	1	51789191	51789222	-	ENSG00000078618	1	NRDC	protein_coding	5	3	0.40645	own-gene 3'UTR verified vs GTF; audit only, not a published ranked list (20 disclosure 1, issue #99)
14104	1	52020130	52020170	-	ENSG00000117862	2	TXNDC12	protein_coding	3	3	0.23665	own-gene 3'UTR verified vs GTF; audit only, not a published ranked list (20 disclosure 1, issue #99)
14106	1	52020648	52020654	-	ENSG00000117862	2	TXNDC12	protein_coding	1	2	0.28161	own-gene 3'UTR verified vs GTF; audit only, not a published ranked list (20 disclosure 1, issue #99)
14516	1	53051000	53051110	+	ENSG00000116171	1	SCP2	protein_coding	1	2	0.30303	own-gene 3'UTR verified vs GTF; audit only, not a published ranked list (20 disclosure 1, issue #99)
14518	1	53051536	53051693	+	ENSG00000116171	1	SCP2	protein_coding	6	4	0.42100	own-gene 3'UTR verified vs GTF; audit only, not a published ranked list (20 disclosure 1, issue #99)
14666	1	54031662	54031769	-	ENSG00000116209	1	TMEM59	protein_coding	19	7	0.62271	own-gene 3'UTR verified vs GTF; audit only, not a published ranked list (20 disclosure 1, issue #99)
16112	1	64833225	64833229	-	ENSG00000162434	1	JAK1	protein_coding	6	5	0.39973	own-gene 3'UTR verified vs GTF; audit only, not a published ranked list (20 disclosure 1, issue #99)
16129	1	64866866	64867215	-	ENSG00000162434	1	JAK1	protein_coding	1	2	0.28394	own-gene 3'UTR verified vs GTF; audit only, not a published ranked list (20 disclosure 1, issue #99)
16460	1	66374258	66374350	+	ENSG00000184588	1	PDE4B	protein_coding	1	2	0.27818	own-gene 3'UTR verified vs GTF; audit only, not a published ranked list (20 disclosure 1, issue #99)
16593	1	66987280	66988031	+	ENSG00000198160	1	MIER1	protein_coding	2	2	0.57729	own-gene 3'UTR verified vs GTF; audit only, not a published ranked list (20 disclosure 1, issue #99)
16600	1	66999213	66999794	-	ENSG00000116704	1	SLC35D1	protein_coding	1	2	0.53618	own-gene 3'UTR verified vs GTF; audit only, not a published ranked list (20 disclosure 1, issue #99)
16749	1	67407809	67408627	-	ENSG00000142864	1	SERBP1	protein_coding	2	2	0.11766	own-gene 3'UTR verified vs GTF; audit only, not a published ranked list (20 disclosure 1, issue #99)
16755	1	67411016	67411053	-	ENSG00000142864	1	SERBP1	protein_coding	5	5	0.44087	own-gene 3'UTR verified vs GTF; audit only, not a published ranked list (20 disclosure 1, issue #99)
16762	1	67413089	67413107	-	ENSG00000142864	1	SERBP1	protein_coding	1	2	0.24801	own-gene 3'UTR verified vs GTF; audit only, not a published ranked list (20 disclosure 1, issue #99)
16974	1	70251175	70251258	+	ENSG00000116754	1	SRSF11	protein_coding	2	2	0.29948	own-gene 3'UTR verified vs GTF; audit only, not a published ranked list (20 disclosure 1, issue #99)
16977	1	70251790	70251820	+	ENSG00000116754	1	SRSF11	protein_coding	2	3	0.28758	own-gene 3'UTR verified vs GTF; audit only, not a published ranked list (20 disclosure 1, issue #99)
16978	1	70252000	70252001	+	ENSG00000116754	1	SRSF11	protein_coding	1	4	0.30622	own-gene 3'UTR verified vs GTF; audit only, not a published ranked list (20 disclosure 1, issue #99)
17104	1	71063290	71063363	-	ENSG00000132485	1	ZRANB2	protein_coding	4	4	0.43284	own-gene 3'UTR verified vs GTF; audit only, not a published ranked list (20 disclosure 1, issue #99)
17286	1	74766193	74766677	+	ENSG00000162623	1	TYW3	protein_coding	1	2	0.43781	own-gene 3'UTR verified vs GTF; audit only, not a published ranked list (20 disclosure 1, issue #99)
18210	1	84237967	84238498	+	ENSG00000142875	1	PRKACB	protein_coding	1	2	0.49802	own-gene 3'UTR verified vs GTF; audit only, not a published ranked list (20 disclosure 1, issue #99)
18537	1	85583079	85583116	+	ENSG00000142871	1	CCN1	protein_coding	1	2	0.33351	own-gene 3'UTR verified vs GTF; audit only, not a published ranked list (20 disclosure 1, issue #99)
18620	1	86348105	86348542	-	ENSG00000122417	1	ODF2L	protein_coding	1	2	0.15894	own-gene 3'UTR verified vs GTF; audit only, not a published ranked list (20 disclosure 1, issue #99)
18623	1	86352882	86353187	-	ENSG00000122417	1	ODF2L	protein_coding	1	2	0.17021	own-gene 3'UTR verified vs GTF; audit only, not a published ranked list (20 disclosure 1, issue #99)
18704	1	86747578	86748184	+	ENSG00000097033	1	SH3GLB1	protein_coding	3	3	0.42721	own-gene 3'UTR verified vs GTF; audit only, not a published ranked list (20 disclosure 1, issue #99)
18712	1	86862440	86862445	-	ENSG00000183291	1	SELENOF	protein_coding	1	2	0.35171	own-gene 3'UTR verified vs GTF; audit only, not a published ranked list (20 disclosure 1, issue #99)
18949	1	88835110	88835922	+	ENSG00000065243	1	PKN2	protein_coding	2	3	0.55454	own-gene 3'UTR verified vs GTF; audit only, not a published ranked list (20 disclosure 1, issue #99)
19099	1	89107910	89108124	-	ENSG00000162645	1	GBP2	protein_coding	1	2	0.29891	own-gene 3'UTR verified vs GTF; audit only, not a published ranked list (20 disclosure 1, issue #99)
19302	1	89719099	89719537	+	ENSG00000171488	2	LRRC8C	protein_coding	1	2	0.27480	own-gene 3'UTR verified vs GTF; audit only, not a published ranked list (20 disclosure 1, issue #99)
19911	1	92841853	92841921	+	ENSG00000122406	1	RPL5	protein_coding	2	2	0.09821	own-gene 3'UTR verified vs GTF; audit only, not a published ranked list (20 disclosure 1, issue #99)
20069	1	93151839	93151850	-	ENSG00000117500	1	TMED5	protein_coding	2	3	0.43117	own-gene 3'UTR verified vs GTF; audit only, not a published ranked list (20 disclosure 1, issue #99)
20074	1	93154343	93154350	-	ENSG00000117500	1	TMED5	protein_coding	1	3	0.34387	own-gene 3'UTR verified vs GTF; audit only, not a published ranked list (20 disclosure 1, issue #99)
20531	1	94897207	94897211	-	ENSG00000117519	1	CNN3	protein_coding	1	2	0.45065	own-gene 3'UTR verified vs GTF; audit only, not a published ranked list (20 disclosure 1, issue #99)
20682	1	97077738	97078284	-	ENSG00000188641	1	DPYD	protein_coding	3	5	0.34886	own-gene 3'UTR verified vs GTF; audit only, not a published ranked list (20 disclosure 1, issue #99)
21173	1	100026371	100026892	+	ENSG00000117620	2	SLC35A3	protein_coding	2	5	0.79542	own-gene 3'UTR verified vs GTF; audit only, not a published ranked list (20 disclosure 1, issue #99)
21285	1	100291776	100291777	+	ENSG00000137996	1	RTCA	protein_coding	1	2	0.43652	own-gene 3'UTR verified vs GTF; audit only, not a published ranked list (20 disclosure 1, issue #99)
21492	1	100981369	100981757	+	ENSG00000162695	1	SLC30A7	protein_coding	2	2	0.37933	own-gene 3'UTR verified vs GTF; audit only, not a published ranked list (20 disclosure 1, issue #99)
21646	1	103664397	103664554	+	ENSG00000237763	1	AMY1A	protein_coding	4	2	0.90385	own-gene 3'UTR verified vs GTF; audit only, not a published ranked list (20 disclosure 1, issue #99)
21647	1	103687414	103687421	-	ENSG00000174876	1	AMY1B	protein_coding	2	2	0.86518	own-gene 3'UTR verified vs GTF; audit only, not a published ranked list (20 disclosure 1, issue #99)
22023	1	108638935	108639410	+	ENSG00000162636	1	FAM102B	protein_coding	1	4	0.53632	own-gene 3'UTR verified vs GTF; audit only, not a published ranked list (20 disclosure 1, issue #99)
22231	1	109062480	109062564	-	ENSG00000197780	1	TAF13	protein_coding	2	4	0.65679	own-gene 3'UTR verified vs GTF; audit only, not a published ranked list (20 disclosure 1, issue #99)
22373	1	109401849	109401931	-	ENSG00000143106	1	PSMA5	protein_coding	1	2	0.24901	own-gene 3'UTR verified vs GTF; audit only, not a published ranked list (20 disclosure 1, issue #99)
22470	1	109661334	109661705	+	ENSG00000168765	1	GSTM4	protein_coding	2	2	0.40898	own-gene 3'UTR verified vs GTF; audit only, not a published ranked list (20 disclosure 1, issue #99)
22529	1	110021776	110022503	+	ENSG00000168710	1	AHCYL1	protein_coding	1	3	0.45132	own-gene 3'UTR verified vs GTF; audit only, not a published ranked list (20 disclosure 1, issue #99)
22599	1	110362847	110363151	-	ENSG00000168679	1	SLC16A4	protein_coding	3	2	0.96552	own-gene 3'UTR verified vs GTF; audit only, not a published ranked list (20 disclosure 1, issue #99)
22609	1	110375095	110375588	-	ENSG00000168679	1	SLC16A4	protein_coding	3	2	0.91986	own-gene 3'UTR verified vs GTF; audit only, not a published ranked list (20 disclosure 1, issue #99)
22729	1	110899399	110900041	+	ENSG00000143119	1	CD53	protein_coding	3	2	0.12324	own-gene 3'UTR verified vs GTF; audit only, not a published ranked list (20 disclosure 1, issue #99)
22767	1	110947796	110950425	-	ENSG00000121931	1	LRIF1	protein_coding	1	2	0.35098	own-gene 3'UTR verified vs GTF; audit only, not a published ranked list (20 disclosure 1, issue #99)
22926	1	111478018	111478208	+	ENSG00000143110	1	C1orf162	protein_coding	9	5	0.69107	own-gene 3'UTR verified vs GTF; audit only, not a published ranked list (20 disclosure 1, issue #99)
22928	1	111478478	111478512	+	ENSG00000143110	1	C1orf162	protein_coding	1	2	0.18024	own-gene 3'UTR verified vs GTF; audit only, not a published ranked list (20 disclosure 1, issue #99)
23015	1	111712945	111713170	+	ENSG00000116473	1	RAP1A	protein_coding	5	5	0.22374	own-gene 3'UTR verified vs GTF; audit only, not a published ranked list (20 disclosure 1, issue #99)
23230	1	112670944	112671071	+	ENSG00000116489	1	CAPZA1	protein_coding	2	2	0.26166	own-gene 3'UTR verified vs GTF; audit only, not a published ranked list (20 disclosure 1, issue #99)
23231	1	112671297	112671616	+	ENSG00000116489	1	CAPZA1	protein_coding	5	5	0.33133	own-gene 3'UTR verified vs GTF; audit only, not a published ranked list (20 disclosure 1, issue #99)
23537	1	113697206	113697618	-	ENSG00000116793	1	PHTF1	protein_coding	1	2	0.25620	own-gene 3'UTR verified vs GTF; audit only, not a published ranked list (20 disclosure 1, issue #99)
23620	1	113813810	113814176	-	ENSG00000134242	1	PTPN22	protein_coding	3	5	0.59335	own-gene 3'UTR verified vs GTF; audit only, not a published ranked list (20 disclosure 1, issue #99)
23740	1	113977784	113977869	+	ENSG00000163349	1	HIPK1	protein_coding	2	2	0.46646	own-gene 3'UTR verified vs GTF; audit only, not a published ranked list (20 disclosure 1, issue #99)
23851	1	114567665	114568122	-	ENSG00000116752	1	BCAS2	protein_coding	1	2	0.28882	own-gene 3'UTR verified vs GTF; audit only, not a published ranked list (20 disclosure 1, issue #99)
23898	1	114716912	114716923	-	ENSG00000009307	1	CSDE1	protein_coding	4	4	0.38210	own-gene 3'UTR verified vs GTF; audit only, not a published ranked list (20 disclosure 1, issue #99)
23899	1	114717291	114717292	-	ENSG00000009307	1	CSDE1	protein_coding	2	2	0.32906	own-gene 3'UTR verified vs GTF; audit only, not a published ranked list (20 disclosure 1, issue #99)
24074	1	116404589	116404774	+	ENSG00000163399	1	ATP1A1	protein_coding	3	4	0.29139	own-gene 3'UTR verified vs GTF; audit only, not a published ranked list (20 disclosure 1, issue #99)
24127	1	116514533	116514666	-	ENSG00000116815	1	CD58	protein_coding	5	5	0.49494	own-gene 3'UTR verified vs GTF; audit only, not a published ranked list (20 disclosure 1, issue #99)
24406	1	117624280	117624916	+	ENSG00000183508	1	TENT5C	protein_coding	1	2	0.40675	own-gene 3'UTR verified vs GTF; audit only, not a published ranked list (20 disclosure 1, issue #99)
24701	1	119912053	119912701	-	ENSG00000134250	1	NOTCH2	protein_coding	6	5	0.48642	own-gene 3'UTR verified vs GTF; audit only, not a published ranked list (20 disclosure 1, issue #99)
25241	1	120793873	120793884	+	ENSG00000286106	2	AC253572.1	protein_coding	4	4	0.42409	own-gene 3'UTR verified vs GTF; audit only, not a published ranked list (20 disclosure 1, issue #99)
25274	1	120841615	120842215	+	ENSG00000273136	1	NBPF26	protein_coding	3	5	0.42621	own-gene 3'UTR verified vs GTF; audit only, not a published ranked list (20 disclosure 1, issue #99)
26442	1	145669964	145670585	+	ENSG00000117262	1	GPR89A	protein_coding	2	2	0.28392	own-gene 3'UTR verified vs GTF; audit only, not a published ranked list (20 disclosure 1, issue #99)
26469	1	145744430	145745136	-	ENSG00000265491	1	RNF115	protein_coding	1	3	0.21004	own-gene 3'UTR verified vs GTF; audit only, not a published ranked list (20 disclosure 1, issue #99)
26586	1	145921555	145921974	-	ENSG00000265241	1	RBM8A	protein_coding	2	3	0.12389	own-gene 3'UTR verified vs GTF; audit only, not a published ranked list (20 disclosure 1, issue #99)
26589	1	145923565	145924256	-	ENSG00000265241	1	RBM8A	protein_coding	1	2	0.19257	own-gene 3'UTR verified vs GTF; audit only, not a published ranked list (20 disclosure 1, issue #99)
26649	1	145993317	145993415	-	ENSG00000265972	1	TXNIP	protein_coding	3	3	0.21963	own-gene 3'UTR verified vs GTF; audit only, not a published ranked list (20 disclosure 1, issue #99)
26684	1	146064697	146065236	-	ENSG00000271425	1	NBPF10	protein_coding	7	5	0.35493	own-gene 3'UTR verified vs GTF; audit only, not a published ranked list (20 disclosure 1, issue #99)
26998	1	147183981	147184674	-	ENSG00000131781	1	FMO5	protein_coding	4	3	0.41794	own-gene 3'UTR verified vs GTF; audit only, not a published ranked list (20 disclosure 1, issue #99)
27002	1	147186260	147186560	-	ENSG00000131781	1	FMO5	protein_coding	2	3	0.43972	own-gene 3'UTR verified vs GTF; audit only, not a published ranked list (20 disclosure 1, issue #99)
27149	1	147992841	147993519	+	ENSG00000188092	1	GPR89B	protein_coding	2	2	0.30664	own-gene 3'UTR verified vs GTF; audit only, not a published ranked list (20 disclosure 1, issue #99)
27193	1	148102045	148102620	-	ENSG00000263956	1	NBPF11	protein_coding	1	2	0.43610	own-gene 3'UTR verified vs GTF; audit only, not a published ranked list (20 disclosure 1, issue #99)
27346	1	148531384	148531923	-	ENSG00000270629	1	NBPF14	protein_coding	6	4	0.37669	own-gene 3'UTR verified vs GTF; audit only, not a published ranked list (20 disclosure 1, issue #99)
27629	1	148932723	148932728	+	ENSG00000178104	1	PDE4DIP	protein_coding	3	3	0.44779	own-gene 3'UTR verified vs GTF; audit only, not a published ranked list (20 disclosure 1, issue #99)
27666	1	148981367	148981817	+	ENSG00000178104	1	PDE4DIP	protein_coding	4	4	0.52009	own-gene 3'UTR verified vs GTF; audit only, not a published ranked list (20 disclosure 1, issue #99)
27687	1	149054032	149054167	-	ENSG00000269713	1	NBPF9	protein_coding	1	2	0.30678	own-gene 3'UTR verified vs GTF; audit only, not a published ranked list (20 disclosure 1, issue #99)
27968	1	149464137	149464210	+	ENSG00000286219	2	NOTCH2NLC	protein_coding	3	5	0.30427	own-gene 3'UTR verified vs GTF; audit only, not a published ranked list (20 disclosure 1, issue #99)
28013	1	149556226	149556256	+	ENSG00000286185	2	AC242842.3	protein_coding	2	4	0.40007	own-gene 3'UTR verified vs GTF; audit only, not a published ranked list (20 disclosure 1, issue #99)
28206	1	149833363	149833739	+	ENSG00000270882	1	H4C14	protein_coding	1	2	0.31551	own-gene 3'UTR verified vs GTF; audit only, not a published ranked list (20 disclosure 1, issue #99)
28220	1	149841871	149842188	-	ENSG00000203812	1	H2AC18	protein_coding	1	2	0.48429	own-gene 3'UTR verified vs GTF; audit only, not a published ranked list (20 disclosure 1, issue #99)
28236	1	149851623	149851940	+	ENSG00000272196	1	H2AC19	protein_coding	1	2	0.47140	own-gene 3'UTR verified vs GTF; audit only, not a published ranked list (20 disclosure 1, issue #99)
28564	1	150441318	150442153	+	ENSG00000163125	1	RPRD2	protein_coding	1	2	0.41042	own-gene 3'UTR verified vs GTF; audit only, not a published ranked list (20 disclosure 1, issue #99)
28654	1	150560562	150560937	+	ENSG00000143382	1	ADAMTSL4	protein_coding	1	3	0.68399	own-gene 3'UTR verified vs GTF; audit only, not a published ranked list (20 disclosure 1, issue #99)
28677	1	150574555	150574558	-	ENSG00000143384	1	MCL1	protein_coding	9	5	0.35170	own-gene 3'UTR verified vs GTF; audit only, not a published ranked list (20 disclosure 1, issue #99)
28678	1	150574664	150574759	-	ENSG00000143384	1	MCL1	protein_coding	4	2	0.26322	own-gene 3'UTR verified vs GTF; audit only, not a published ranked list (20 disclosure 1, issue #99)
28679	1	150575067	150575150	-	ENSG00000143384	1	MCL1	protein_coding	2	2	0.37644	own-gene 3'UTR verified vs GTF; audit only, not a published ranked list (20 disclosure 1, issue #99)
28681	1	150575884	150576220	-	ENSG00000143384	1	MCL1	protein_coding	8	4	0.46886	own-gene 3'UTR verified vs GTF; audit only, not a published ranked list (20 disclosure 1, issue #99)
28684	1	150577184	150577254	-	ENSG00000143384	1	MCL1	protein_coding	7	3	0.30386	own-gene 3'UTR verified vs GTF; audit only, not a published ranked list (20 disclosure 1, issue #99)
28739	1	150622124	150622125	-	ENSG00000143420	1	ENSA	protein_coding	6	6	0.33570	own-gene 3'UTR verified vs GTF; audit only, not a published ranked list (20 disclosure 1, issue #99)
28741	1	150622387	150622593	-	ENSG00000143420	1	ENSA	protein_coding	3	2	0.34057	own-gene 3'UTR verified vs GTF; audit only, not a published ranked list (20 disclosure 1, issue #99)
28743	1	150623280	150624046	-	ENSG00000143420	1	ENSA	protein_coding	2	6	0.17539	own-gene 3'UTR verified vs GTF; audit only, not a published ranked list (20 disclosure 1, issue #99)
28744	1	150624545	150625753	-	ENSG00000143420	1	ENSA	protein_coding	1	2	0.09174	own-gene 3'UTR verified vs GTF; audit only, not a published ranked list (20 disclosure 1, issue #99)
28746	1	150626704	150627490	-	ENSG00000143420	1	ENSA	protein_coding	2	4	0.17461	own-gene 3'UTR verified vs GTF; audit only, not a published ranked list (20 disclosure 1, issue #99)
28816	1	150730184	150730278	-	ENSG00000163131	1	CTSS	protein_coding	13	6	0.77164	own-gene 3'UTR verified vs GTF; audit only, not a published ranked list (20 disclosure 1, issue #99)
28817	1	150730771	150730772	-	ENSG00000163131	1	CTSS	protein_coding	1	2	0.23568	own-gene 3'UTR verified vs GTF; audit only, not a published ranked list (20 disclosure 1, issue #99)
28819	1	150732064	150732075	-	ENSG00000163131	1	CTSS	protein_coding	1	2	0.09894	own-gene 3'UTR verified vs GTF; audit only, not a published ranked list (20 disclosure 1, issue #99)
28820	1	150732381	150732607	-	ENSG00000163131	1	CTSS	protein_coding	8	4	0.27614	own-gene 3'UTR verified vs GTF; audit only, not a published ranked list (20 disclosure 1, issue #99)
28823	1	150732918	150733078	-	ENSG00000163131	1	CTSS	protein_coding	9	5	0.61365	own-gene 3'UTR verified vs GTF; audit only, not a published ranked list (20 disclosure 1, issue #99)
28978	1	151050984	151051062	-	ENSG00000197622	1	CDC42SE1	protein_coding	3	2	0.44494	own-gene 3'UTR verified vs GTF; audit only, not a published ranked list (20 disclosure 1, issue #99)
28997	1	151068064	151068494	+	ENSG00000213190	1	MLLT11	protein_coding	1	2	0.73329	own-gene 3'UTR verified vs GTF; audit only, not a published ranked list (20 disclosure 1, issue #99)
29045	1	151169132	151169174	+	ENSG00000163156	1	SCNM1	protein_coding	1	2	0.63930	own-gene 3'UTR verified vs GTF; audit only, not a published ranked list (20 disclosure 1, issue #99)
29104	1	151249154	151249531	+	ENSG00000143398	1	PIP5K1A	protein_coding	1	2	0.47560	own-gene 3'UTR verified vs GTF; audit only, not a published ranked list (20 disclosure 1, issue #99)
29167	1	151340639	151341017	-	ENSG00000143390	1	RFX5	protein_coding	1	2	0.37837	own-gene 3'UTR verified vs GTF; audit only, not a published ranked list (20 disclosure 1, issue #99)
29188	1	151402722	151403162	-	ENSG00000143442	1	POGZ	protein_coding	3	2	0.34515	own-gene 3'UTR verified vs GTF; audit only, not a published ranked list (20 disclosure 1, issue #99)
29192	1	151404204	151404962	-	ENSG00000143442	1	POGZ	protein_coding	4	2	0.30848	own-gene 3'UTR verified vs GTF; audit only, not a published ranked list (20 disclosure 1, issue #99)
29255	1	151538255	151538692	+	ENSG00000143375	1	CGN	protein_coding	1	2	0.77381	own-gene 3'UTR verified vs GTF; audit only, not a published ranked list (20 disclosure 1, issue #99)
29557	1	153614572	153614635	-	ENSG00000189334	1	S100A14	protein_coding	2	2	0.81538	own-gene 3'UTR verified vs GTF; audit only, not a published ranked list (20 disclosure 1, issue #99)
29807	1	153991646	153991668	+	ENSG00000177954	1	RPS27	protein_coding	1	2	0.04867	own-gene 3'UTR verified vs GTF; audit only, not a published ranked list (20 disclosure 1, issue #99)
29809	1	153992153	153992216	+	ENSG00000177954	1	RPS27	protein_coding	1	2	0.18424	own-gene 3'UTR verified vs GTF; audit only, not a published ranked list (20 disclosure 1, issue #99)
29874	1	154156355	154156473	-	ENSG00000143549	1	TPM3	protein_coding	1	4	0.13598	own-gene 3'UTR verified vs GTF; audit only, not a published ranked list (20 disclosure 1, issue #99)
29876	1	154156834	154156835	-	ENSG00000143549	1	TPM3	protein_coding	4	4	0.34480	own-gene 3'UTR verified vs GTF; audit only, not a published ranked list (20 disclosure 1, issue #99)
29877	1	154156947	154157105	-	ENSG00000143549	1	TPM3	protein_coding	2	3	0.28372	own-gene 3'UTR verified vs GTF; audit only, not a published ranked list (20 disclosure 1, issue #99)
29878	1	154157284	154157377	-	ENSG00000143549	1	TPM3	protein_coding	1	3	0.19514	own-gene 3'UTR verified vs GTF; audit only, not a published ranked list (20 disclosure 1, issue #99)
29918	1	154206719	154206852	-	ENSG00000143612	1	C1orf43	protein_coding	3	4	0.35764	own-gene 3'UTR verified vs GTF; audit only, not a published ranked list (20 disclosure 1, issue #99)
29963	1	154263498	154263504	+	ENSG00000143569	1	UBAP2L	protein_coding	3	4	0.30438	own-gene 3'UTR verified vs GTF; audit only, not a published ranked list (20 disclosure 1, issue #99)
29966	1	154270236	154271944	+	ENSG00000143569	1	UBAP2L	protein_coding	1	3	0.23145	own-gene 3'UTR verified vs GTF; audit only, not a published ranked list (20 disclosure 1, issue #99)
30079	1	154582056	154582103	-	ENSG00000160710	1	ADAR	protein_coding	5	6	0.56456	own-gene 3'UTR verified vs GTF; audit only, not a published ranked list (20 disclosure 1, issue #99)
30080	1	154582287	154582295	-	ENSG00000160710	1	ADAR	protein_coding	4	2	0.44285	own-gene 3'UTR verified vs GTF; audit only, not a published ranked list (20 disclosure 1, issue #99)
30135	1	154924739	154924740	-	ENSG00000163344	1	PMVK	protein_coding	1	3	0.26124	own-gene 3'UTR verified vs GTF; audit only, not a published ranked list (20 disclosure 1, issue #99)
30149	1	154944079	154944080	-	ENSG00000163346	1	PBXIP1	protein_coding	1	2	0.29070	own-gene 3'UTR verified vs GTF; audit only, not a published ranked list (20 disclosure 1, issue #99)
30159	1	154957020	154957410	-	ENSG00000163348	1	PYGO2	protein_coding	1	2	0.41663	own-gene 3'UTR verified vs GTF; audit only, not a published ranked list (20 disclosure 1, issue #99)
30214	1	155134853	155134935	+	ENSG00000169242	1	EFNA1	protein_coding	12	7	0.88683	own-gene 3'UTR verified vs GTF; audit only, not a published ranked list (20 disclosure 1, issue #99)
30296	1	155262867	155263296	-	ENSG00000176444	1	CLK2	protein_coding	1	2	0.66709	own-gene 3'UTR verified vs GTF; audit only, not a published ranked list (20 disclosure 1, issue #99)
30332	1	155335262	155335274	-	ENSG00000116539	1	ASH1L	protein_coding	1	2	0.16912	own-gene 3'UTR verified vs GTF; audit only, not a published ranked list (20 disclosure 1, issue #99)
30333	1	155335385	155336501	-	ENSG00000116539	1	ASH1L	protein_coding	1	4	0.22092	own-gene 3'UTR verified vs GTF; audit only, not a published ranked list (20 disclosure 1, issue #99)
30610	1	155738302	155738529	+	ENSG00000132676	1	DAP3	protein_coding	2	3	0.19295	own-gene 3'UTR verified vs GTF; audit only, not a published ranked list (20 disclosure 1, issue #99)
30617	1	155749716	155750120	-	ENSG00000116580	1	GON4L	protein_coding	1	2	0.42094	own-gene 3'UTR verified vs GTF; audit only, not a published ranked list (20 disclosure 1, issue #99)
30710	1	155897738	155898207	-	ENSG00000143622	1	RIT1	protein_coding	1	2	0.35217	own-gene 3'UTR verified vs GTF; audit only, not a published ranked list (20 disclosure 1, issue #99)
30730	1	155913041	155913604	-	ENSG00000132680	1	KHDC4	protein_coding	1	3	0.45250	own-gene 3'UTR verified vs GTF; audit only, not a published ranked list (20 disclosure 1, issue #99)
30764	1	155946850	155947329	-	ENSG00000116584	1	ARHGEF2	protein_coding	2	3	0.40133	own-gene 3'UTR verified vs GTF; audit only, not a published ranked list (20 disclosure 1, issue #99)
30872	1	156130713	156131507	+	ENSG00000160789	1	LMNA	protein_coding	3	2	0.40452	own-gene 3'UTR verified vs GTF; audit only, not a published ranked list (20 disclosure 1, issue #99)
30890	1	156140080	156140081	+	ENSG00000160789	1	LMNA	protein_coding	9	4	0.45681	own-gene 3'UTR verified vs GTF; audit only, not a published ranked list (20 disclosure 1, issue #99)
30921	1	156177322	156177744	+	ENSG00000196189	1	SEMA4A	protein_coding	1	2	0.47947	own-gene 3'UTR verified vs GTF; audit only, not a published ranked list (20 disclosure 1, issue #99)
30950	1	156212791	156212796	+	ENSG00000160785	1	SLC25A44	protein_coding	3	3	0.61809	own-gene 3'UTR verified vs GTF; audit only, not a published ranked list (20 disclosure 1, issue #99)
31030	1	156308963	156309045	-	ENSG00000163468	1	CCT3	protein_coding	3	2	0.21848	own-gene 3'UTR verified vs GTF; audit only, not a published ranked list (20 disclosure 1, issue #99)
31079	1	156463720	156464160	-	ENSG00000116604	1	MEF2D	protein_coding	2	3	0.27759	own-gene 3'UTR verified vs GTF; audit only, not a published ranked list (20 disclosure 1, issue #99)
31285	1	157121190	157121492	-	ENSG00000117036	1	ETV3	protein_coding	2	5	0.59487	own-gene 3'UTR verified vs GTF; audit only, not a published ranked list (20 disclosure 1, issue #99)
31301	1	157132640	157133612	-	ENSG00000117036	1	ETV3	protein_coding	1	2	0.41518	own-gene 3'UTR verified vs GTF; audit only, not a published ranked list (20 disclosure 1, issue #99)
31592	1	159054960	159055151	+	ENSG00000163565	1	IFI16	protein_coding	2	2	0.29354	own-gene 3'UTR verified vs GTF; audit only, not a published ranked list (20 disclosure 1, issue #99)
31713	1	159918587	159918588	-	ENSG00000158710	1	TAGLN2	protein_coding	5	3	0.40827	own-gene 3'UTR verified vs GTF; audit only, not a published ranked list (20 disclosure 1, issue #99)
31767	1	160214632	160214651	+	ENSG00000162734	1	PEA15	protein_coding	1	2	0.41435	own-gene 3'UTR verified vs GTF; audit only, not a published ranked list (20 disclosure 1, issue #99)
31769	1	160215188	160215407	+	ENSG00000162734	1	PEA15	protein_coding	10	6	0.61197	own-gene 3'UTR verified vs GTF; audit only, not a published ranked list (20 disclosure 1, issue #99)
31819	1	160289272	160289373	-	ENSG00000122218	1	COPA	protein_coding	9	5	0.57255	own-gene 3'UTR verified vs GTF; audit only, not a published ranked list (20 disclosure 1, issue #99)
31820	1	160289588	160289589	-	ENSG00000122218	1	COPA	protein_coding	1	2	0.44029	own-gene 3'UTR verified vs GTF; audit only, not a published ranked list (20 disclosure 1, issue #99)
31822	1	160289895	160289896	-	ENSG00000122218	1	COPA	protein_coding	1	2	0.19975	own-gene 3'UTR verified vs GTF; audit only, not a published ranked list (20 disclosure 1, issue #99)
31878	1	160350026	160350516	+	ENSG00000162736	1	NCSTN	protein_coding	2	3	0.41873	own-gene 3'UTR verified vs GTF; audit only, not a published ranked list (20 disclosure 1, issue #99)
31880	1	160358910	160358952	+	ENSG00000162736	1	NCSTN	protein_coding	3	4	0.44400	own-gene 3'UTR verified vs GTF; audit only, not a published ranked list (20 disclosure 1, issue #99)
31935	1	160541093	160541440	-	ENSG00000066294	1	CD84	protein_coding	2	3	0.35981	own-gene 3'UTR verified vs GTF; audit only, not a published ranked list (20 disclosure 1, issue #99)
31997	1	160683356	160684043	-	ENSG00000117091	1	CD48	protein_coding	1	2	0.04666	own-gene 3'UTR verified vs GTF; audit only, not a published ranked list (20 disclosure 1, issue #99)
32020	1	160754304	160754821	+	ENSG00000026751	1	SLAMF7	protein_coding	2	3	0.52267	own-gene 3'UTR verified vs GTF; audit only, not a published ranked list (20 disclosure 1, issue #99)
32108	1	160996193	160996568	-	ENSG00000158769	1	F11R	protein_coding	1	3	0.45859	own-gene 3'UTR verified vs GTF; audit only, not a published ranked list (20 disclosure 1, issue #99)
32219	1	161158495	161158693	+	ENSG00000143222	1	UFC1	protein_coding	2	3	0.28315	own-gene 3'UTR verified vs GTF; audit only, not a published ranked list (20 disclosure 1, issue #99)
32221	1	161158855	161158856	+	ENSG00000143222	1	UFC1	protein_coding	1	2	0.17055	own-gene 3'UTR verified vs GTF; audit only, not a published ranked list (20 disclosure 1, issue #99)
32250	1	161214348	161214395	+	ENSG00000158864	1	NDUFS2	protein_coding	14	4	0.66868	own-gene 3'UTR verified vs GTF; audit only, not a published ranked list (20 disclosure 1, issue #99)
32396	1	161518486	161518586	+	ENSG00000143226	2	FCGR2A	protein_coding	12	6	0.72464	own-gene 3'UTR verified vs GTF; audit only, not a published ranked list (20 disclosure 1, issue #99)
32399	1	161519487	161519570	+	ENSG00000143226	2	FCGR2A	protein_coding	14	7	0.89937	own-gene 3'UTR verified vs GTF; audit only, not a published ranked list (20 disclosure 1, issue #99)
32405	1	161523387	161523924	+	ENSG00000143226	2	FCGR2A	protein_coding	1	2	0.16518	own-gene 3'UTR verified vs GTF; audit only, not a published ranked list (20 disclosure 1, issue #99)
32638	1	161958505	161959526	+	ENSG00000118217	1	ATF6	protein_coding	4	3	0.50018	own-gene 3'UTR verified vs GTF; audit only, not a published ranked list (20 disclosure 1, issue #99)
32641	1	161963686	161964137	+	ENSG00000118217	1	ATF6	protein_coding	3	3	0.21451	own-gene 3'UTR verified vs GTF; audit only, not a published ranked list (20 disclosure 1, issue #99)
32753	1	162522941	162524069	+	ENSG00000152332	1	UHMK1	protein_coding	2	2	0.39514	own-gene 3'UTR verified vs GTF; audit only, not a published ranked list (20 disclosure 1, issue #99)
32760	1	162529609	162529610	+	ENSG00000152332	1	UHMK1	protein_coding	7	5	0.69303	own-gene 3'UTR verified vs GTF; audit only, not a published ranked list (20 disclosure 1, issue #99)
33272	1	167430639	167431084	-	ENSG00000198821	1	CD247	protein_coding	2	2	0.62388	own-gene 3'UTR verified vs GTF; audit only, not a published ranked list (20 disclosure 1, issue #99)
33349	1	167541012	167541013	-	ENSG00000143162	1	CREG1	protein_coding	7	4	0.67685	own-gene 3'UTR verified vs GTF; audit only, not a published ranked list (20 disclosure 1, issue #99)
33352	1	167541640	167542228	-	ENSG00000143162	1	CREG1	protein_coding	4	4	0.53681	own-gene 3'UTR verified vs GTF; audit only, not a published ranked list (20 disclosure 1, issue #99)
33451	1	167790452	167790823	+	ENSG00000197965	1	MPZL1	protein_coding	1	2	0.72537	own-gene 3'UTR verified vs GTF; audit only, not a published ranked list (20 disclosure 1, issue #99)
33614	1	168252290	168253147	+	ENSG00000213064	1	SFT2D2	protein_coding	2	3	0.52503	own-gene 3'UTR verified vs GTF; audit only, not a published ranked list (20 disclosure 1, issue #99)
33728	1	169131308	169131910	+	ENSG00000143153	1	ATP1B1	protein_coding	5	4	0.55935	own-gene 3'UTR verified vs GTF; audit only, not a published ranked list (20 disclosure 1, issue #99)
33731	1	169132500	169132749	+	ENSG00000143153	1	ATP1B1	protein_coding	8	7	0.57096	own-gene 3'UTR verified vs GTF; audit only, not a published ranked list (20 disclosure 1, issue #99)
34211	1	171593103	171594240	+	ENSG00000117523	1	PRRC2C	protein_coding	3	5	0.19794	own-gene 3'UTR verified vs GTF; audit only, not a published ranked list (20 disclosure 1, issue #99)
34370	1	172611828	172611833	+	ENSG00000094975	1	SUCO	protein_coding	2	3	0.56936	own-gene 3'UTR verified vs GTF; audit only, not a published ranked list (20 disclosure 1, issue #99)
34510	1	173487862	173488075	+	ENSG00000117592	1	PRDX6	protein_coding	3	3	0.20671	own-gene 3'UTR verified vs GTF; audit only, not a published ranked list (20 disclosure 1, issue #99)
34513	1	173488801	173488815	+	ENSG00000117592	1	PRDX6	protein_coding	13	6	0.49729	own-gene 3'UTR verified vs GTF; audit only, not a published ranked list (20 disclosure 1, issue #99)
34681	1	173931213	173932264	-	ENSG00000135870	1	RC3H1	protein_coding	3	3	0.29205	own-gene 3'UTR verified vs GTF; audit only, not a published ranked list (20 disclosure 1, issue #99)
35136	1	174958134	174958187	+	ENSG00000152061	1	RABGAP1L	protein_coding	3	2	0.34341	own-gene 3'UTR verified vs GTF; audit only, not a published ranked list (20 disclosure 1, issue #99)
35172	1	174994915	174995308	+	ENSG00000152061	1	RABGAP1L	protein_coding	5	5	0.26538	own-gene 3'UTR verified vs GTF; audit only, not a published ranked list (20 disclosure 1, issue #99)
35192	1	175010367	175010497	+	ENSG00000116161	1	CACYBP	protein_coding	2	2	0.38905	own-gene 3'UTR verified vs GTF; audit only, not a published ranked list (20 disclosure 1, issue #99)
35285	1	175944827	175945090	-	ENSG00000143207	1	COP1	protein_coding	1	2	0.42379	own-gene 3'UTR verified vs GTF; audit only, not a published ranked list (20 disclosure 1, issue #99)
35940	1	179840908	179841646	-	ENSG00000169905	1	TOR1AIP2	protein_coding	1	2	0.50758	own-gene 3'UTR verified vs GTF; audit only, not a published ranked list (20 disclosure 1, issue #99)
36128	1	180197945	180198034	+	ENSG00000116260	1	QSOX1	protein_coding	3	3	0.34965	own-gene 3'UTR verified vs GTF; audit only, not a published ranked list (20 disclosure 1, issue #99)
36129	1	180199890	180200570	+	ENSG00000116260	1	QSOX1	protein_coding	4	5	0.39690	own-gene 3'UTR verified vs GTF; audit only, not a published ranked list (20 disclosure 1, issue #99)
36131	1	180202281	180202998	+	ENSG00000116260	1	QSOX1	protein_coding	1	2	0.18694	own-gene 3'UTR verified vs GTF; audit only, not a published ranked list (20 disclosure 1, issue #99)
36421	1	181055320	181055714	+	ENSG00000153029	1	MR1	protein_coding	1	2	0.56060	own-gene 3'UTR verified vs GTF; audit only, not a published ranked list (20 disclosure 1, issue #99)
36516	1	182381695	182382115	-	ENSG00000135821	1	GLUL	protein_coding	5	5	0.24322	own-gene 3'UTR verified vs GTF; audit only, not a published ranked list (20 disclosure 1, issue #99)
36517	1	182382764	182383096	-	ENSG00000135821	1	GLUL	protein_coding	9	4	0.59294	own-gene 3'UTR verified vs GTF; audit only, not a published ranked list (20 disclosure 1, issue #99)
36519	1	182383291	182383292	-	ENSG00000135821	1	GLUL	protein_coding	9	3	0.80812	own-gene 3'UTR verified vs GTF; audit only, not a published ranked list (20 disclosure 1, issue #99)
36520	1	182383593	182383797	-	ENSG00000135821	1	GLUL	protein_coding	8	5	0.43535	own-gene 3'UTR verified vs GTF; audit only, not a published ranked list (20 disclosure 1, issue #99)
36522	1	182384207	182384280	-	ENSG00000135821	1	GLUL	protein_coding	14	6	0.66750	own-gene 3'UTR verified vs GTF; audit only, not a published ranked list (20 disclosure 1, issue #99)
36580	1	182828778	182829433	+	ENSG00000135838	1	NPL	protein_coding	1	2	0.49575	own-gene 3'UTR verified vs GTF; audit only, not a published ranked list (20 disclosure 1, issue #99)
36623	1	182887624	182887749	+	ENSG00000135829	1	DHX9	protein_coding	4	4	0.41944	own-gene 3'UTR verified vs GTF; audit only, not a published ranked list (20 disclosure 1, issue #99)
36815	1	183626196	183626502	-	ENSG00000162704	1	ARPC5	protein_coding	4	5	0.21619	own-gene 3'UTR verified vs GTF; audit only, not a published ranked list (20 disclosure 1, issue #99)
36817	1	183626734	183626854	-	ENSG00000162704	1	ARPC5	protein_coding	2	3	0.32317	own-gene 3'UTR verified vs GTF; audit only, not a published ranked list (20 disclosure 1, issue #99)
36818	1	183627071	183627485	-	ENSG00000162704	1	ARPC5	protein_coding	11	6	0.51365	own-gene 3'UTR verified vs GTF; audit only, not a published ranked list (20 disclosure 1, issue #99)
36992	1	184690500	184690835	-	ENSG00000116406	1	EDEM3	protein_coding	5	4	0.55352	own-gene 3'UTR verified vs GTF; audit only, not a published ranked list (20 disclosure 1, issue #99)
37035	1	184791031	184791150	-	ENSG00000135842	1	NIBAN1	protein_coding	2	4	0.38661	own-gene 3'UTR verified vs GTF; audit only, not a published ranked list (20 disclosure 1, issue #99)
37043	1	184793876	184794628	-	ENSG00000135842	1	NIBAN1	protein_coding	1	2	0.26917	own-gene 3'UTR verified vs GTF; audit only, not a published ranked list (20 disclosure 1, issue #99)
37298	1	185296387	185296414	-	ENSG00000116679	1	IVNS1ABP	protein_coding	1	3	0.26858	own-gene 3'UTR verified vs GTF; audit only, not a published ranked list (20 disclosure 1, issue #99)
37299	1	185296796	185296909	-	ENSG00000116679	1	IVNS1ABP	protein_coding	1	2	0.25526	own-gene 3'UTR verified vs GTF; audit only, not a published ranked list (20 disclosure 1, issue #99)
37303	1	185297696	185297882	-	ENSG00000116679	1	IVNS1ABP	protein_coding	1	3	0.35476	own-gene 3'UTR verified vs GTF; audit only, not a published ranked list (20 disclosure 1, issue #99)
37310	1	185305887	185307913	-	ENSG00000116679	1	IVNS1ABP	protein_coding	1	3	0.19929	own-gene 3'UTR verified vs GTF; audit only, not a published ranked list (20 disclosure 1, issue #99)
37392	1	186313821	186313950	-	ENSG00000047410	1	TPR	protein_coding	3	2	0.40716	own-gene 3'UTR verified vs GTF; audit only, not a published ranked list (20 disclosure 1, issue #99)
37448	1	186419099	186419750	+	ENSG00000157181	1	ODR4	protein_coding	1	2	0.54024	own-gene 3'UTR verified vs GTF; audit only, not a published ranked list (20 disclosure 1, issue #99)
37711	1	192579242	192580277	+	ENSG00000090104	1	RGS1	protein_coding	1	2	0.23148	own-gene 3'UTR verified vs GTF; audit only, not a published ranked list (20 disclosure 1, issue #99)
37875	1	193091324	193091780	+	ENSG00000116747	1	RO60	protein_coding	2	3	0.32127	own-gene 3'UTR verified vs GTF; audit only, not a published ranked list (20 disclosure 1, issue #99)
37878	1	193096412	193096471	-	ENSG00000023572	1	GLRX2	protein_coding	3	2	0.44586	own-gene 3'UTR verified vs GTF; audit only, not a published ranked list (20 disclosure 1, issue #99)
37943	1	193250772	193251750	+	ENSG00000134371	1	CDC73	protein_coding	1	2	0.53348	own-gene 3'UTR verified vs GTF; audit only, not a published ranked list (20 disclosure 1, issue #99)
38286	1	196747208	196747566	+	ENSG00000000971	1	CFH	protein_coding	1	2	0.50985	own-gene 3'UTR verified vs GTF; audit only, not a published ranked list (20 disclosure 1, issue #99)
38546	1	198322325	198322420	+	ENSG00000151414	1	NEK7	protein_coding	2	4	0.58611	own-gene 3'UTR verified vs GTF; audit only, not a published ranked list (20 disclosure 1, issue #99)
38632	1	198692584	198693481	+	ENSG00000081237	1	PTPRC	protein_coding	2	3	0.20096	own-gene 3'UTR verified vs GTF; audit only, not a published ranked list (20 disclosure 1, issue #99)
38690	1	198756271	198757373	+	ENSG00000081237	1	PTPRC	protein_coding	5	5	0.45404	own-gene 3'UTR verified vs GTF; audit only, not a published ranked list (20 disclosure 1, issue #99)
39057	1	201134771	201134772	-	ENSG00000116857	1	TMEM9	protein_coding	1	4	0.52792	own-gene 3'UTR verified vs GTF; audit only, not a published ranked list (20 disclosure 1, issue #99)
39300	1	202016711	202017188	+	ENSG00000163435	1	ELF3	protein_coding	1	2	0.36832	own-gene 3'UTR verified vs GTF; audit only, not a published ranked list (20 disclosure 1, issue #99)
39458	1	202588202	202588569	+	ENSG00000077157	1	PPP1R12B	protein_coding	1	2	0.54214	own-gene 3'UTR verified vs GTF; audit only, not a published ranked list (20 disclosure 1, issue #99)
39469	1	202728297	202729155	-	ENSG00000117139	1	KDM5B	protein_coding	1	2	0.44415	own-gene 3'UTR verified vs GTF; audit only, not a published ranked list (20 disclosure 1, issue #99)
39542	1	202880779	202880922	-	ENSG00000183155	1	RABIF	protein_coding	2	2	0.40901	own-gene 3'UTR verified vs GTF; audit only, not a published ranked list (20 disclosure 1, issue #99)
39585	1	202961868	202961873	-	ENSG00000159348	1	CYB5R1	protein_coding	3	4	0.46489	own-gene 3'UTR verified vs GTF; audit only, not a published ranked list (20 disclosure 1, issue #99)
39643	1	203307479	203307659	+	ENSG00000159388	1	BTG2	protein_coding	6	7	0.54632	own-gene 3'UTR verified vs GTF; audit only, not a published ranked list (20 disclosure 1, issue #99)
39644	1	203307934	203308062	+	ENSG00000159388	1	BTG2	protein_coding	4	3	0.34872	own-gene 3'UTR verified vs GTF; audit only, not a published ranked list (20 disclosure 1, issue #99)
39645	1	203308258	203308376	+	ENSG00000159388	1	BTG2	protein_coding	2	3	0.23076	own-gene 3'UTR verified vs GTF; audit only, not a published ranked list (20 disclosure 1, issue #99)
39768	1	203743531	203744081	+	ENSG00000058668	1	ATP2B4	protein_coding	2	4	0.49085	own-gene 3'UTR verified vs GTF; audit only, not a published ranked list (20 disclosure 1, issue #99)
39832	1	203853529	203854312	+	ENSG00000058673	2	ZC3H11A	protein_coding	5	5	0.60064	own-gene 3'UTR verified vs GTF; audit only, not a published ranked list (20 disclosure 1, issue #99)
39968	1	204403331	204403807	-	ENSG00000158615	1	PPP1R15B	protein_coding	2	5	0.46291	own-gene 3'UTR verified vs GTF; audit only, not a published ranked list (20 disclosure 1, issue #99)
40273	1	205712942	205713801	-	ENSG00000069275	1	NUCKS1	protein_coding	7	7	0.48383	own-gene 3'UTR verified vs GTF; audit only, not a published ranked list (20 disclosure 1, issue #99)
40281	1	205717205	205717497	-	ENSG00000069275	1	NUCKS1	protein_coding	3	3	0.52178	own-gene 3'UTR verified vs GTF; audit only, not a published ranked list (20 disclosure 1, issue #99)
40284	1	205717978	205718091	-	ENSG00000069275	1	NUCKS1	protein_coding	1	2	0.15722	own-gene 3'UTR verified vs GTF; audit only, not a published ranked list (20 disclosure 1, issue #99)
40424	1	206101928	206102530	+	ENSG00000263961	1	RHEX	protein_coding	2	3	0.92189	own-gene 3'UTR verified vs GTF; audit only, not a published ranked list (20 disclosure 1, issue #99)
40590	1	206464024	206464443	+	ENSG00000266028	1	SRGAP2	protein_coding	2	2	0.22615	own-gene 3'UTR verified vs GTF; audit only, not a published ranked list (20 disclosure 1, issue #99)
40673	1	206653304	206653982	+	ENSG00000143479	1	DYRK3	protein_coding	1	2	0.52150	own-gene 3'UTR verified vs GTF; audit only, not a published ranked list (20 disclosure 1, issue #99)
40709	1	206734246	206734281	+	ENSG00000162889	1	MAPKAPK2	protein_coding	3	4	0.45802	own-gene 3'UTR verified vs GTF; audit only, not a published ranked list (20 disclosure 1, issue #99)
40782	1	206928711	206928826	-	ENSG00000162896	1	PIGR	protein_coding	2	2	0.63841	own-gene 3'UTR verified vs GTF; audit only, not a published ranked list (20 disclosure 1, issue #99)
40896	1	207340473	207340766	+	ENSG00000196352	1	CD55	protein_coding	10	7	0.47074	own-gene 3'UTR verified vs GTF; audit only, not a published ranked list (20 disclosure 1, issue #99)
40916	1	207359641	207360079	+	ENSG00000196352	1	CD55	protein_coding	9	7	0.53872	own-gene 3'UTR verified vs GTF; audit only, not a published ranked list (20 disclosure 1, issue #99)
40917	1	207360244	207360502	+	ENSG00000196352	1	CD55	protein_coding	6	5	0.47474	own-gene 3'UTR verified vs GTF; audit only, not a published ranked list (20 disclosure 1, issue #99)
40918	1	207360696	207360966	+	ENSG00000196352	1	CD55	protein_coding	4	3	0.18158	own-gene 3'UTR verified vs GTF; audit only, not a published ranked list (20 disclosure 1, issue #99)
40926	1	207372817	207373685	+	ENSG00000196352	1	CD55	protein_coding	4	2	0.35861	own-gene 3'UTR verified vs GTF; audit only, not a published ranked list (20 disclosure 1, issue #99)
41026	1	207795223	207795504	+	ENSG00000117335	1	CD46	protein_coding	2	4	0.24882	own-gene 3'UTR verified vs GTF; audit only, not a published ranked list (20 disclosure 1, issue #99)
41236	1	209676041	209676050	+	ENSG00000123689	1	G0S2	protein_coding	5	3	0.71091	own-gene 3'UTR verified vs GTF; audit only, not a published ranked list (20 disclosure 1, issue #99)
41479	1	211571562	211571952	-	ENSG00000170385	1	SLC30A1	protein_coding	2	2	0.56825	own-gene 3'UTR verified vs GTF; audit only, not a published ranked list (20 disclosure 1, issue #99)
41766	1	212620643	212620650	+	ENSG00000162772	1	ATF3	protein_coding	1	3	0.28089	own-gene 3'UTR verified vs GTF; audit only, not a published ranked list (20 disclosure 1, issue #99)
41767	1	212620774	212620806	+	ENSG00000162772	1	ATF3	protein_coding	2	4	0.40404	own-gene 3'UTR verified vs GTF; audit only, not a published ranked list (20 disclosure 1, issue #99)
42386	1	219211724	219211827	+	ENSG00000143353	1	LYPLAL1	protein_coding	1	2	0.19210	own-gene 3'UTR verified vs GTF; audit only, not a published ranked list (20 disclosure 1, issue #99)
42421	1	219968599	219968857	-	ENSG00000136628	1	EPRS1	protein_coding	1	2	0.38447	own-gene 3'UTR verified vs GTF; audit only, not a published ranked list (20 disclosure 1, issue #99)
42856	1	222665414	222666473	+	ENSG00000154305	1	MIA3	protein_coding	2	2	0.55111	own-gene 3'UTR verified vs GTF; audit only, not a published ranked list (20 disclosure 1, issue #99)
42892	1	222735186	222735187	+	ENSG00000162819	1	BROX	protein_coding	2	2	0.47383	own-gene 3'UTR verified vs GTF; audit only, not a published ranked list (20 disclosure 1, issue #99)
43127	1	223780005	223780511	-	ENSG00000143514	1	TP53BP2	protein_coding	1	2	0.39176	own-gene 3'UTR verified vs GTF; audit only, not a published ranked list (20 disclosure 1, issue #99)
43303	1	224161630	224162047	+	ENSG00000143756	1	FBXO28	protein_coding	2	2	0.30501	own-gene 3'UTR verified vs GTF; audit only, not a published ranked list (20 disclosure 1, issue #99)
43432	1	224389130	224389141	-	ENSG00000162923	1	WDR26	protein_coding	3	2	0.39436	own-gene 3'UTR verified vs GTF; audit only, not a published ranked list (20 disclosure 1, issue #99)
43704	1	225790296	225790462	+	ENSG00000143742	1	SRP9	protein_coding	2	2	0.30314	own-gene 3'UTR verified vs GTF; audit only, not a published ranked list (20 disclosure 1, issue #99)
43801	1	226065638	226066296	+	ENSG00000163041	1	H3-3A	protein_coding	15	6	0.58724	own-gene 3'UTR verified vs GTF; audit only, not a published ranked list (20 disclosure 1, issue #99)
43803	1	226067163	226067629	+	ENSG00000163041	1	H3-3A	protein_coding	1	2	0.07819	own-gene 3'UTR verified vs GTF; audit only, not a published ranked list (20 disclosure 1, issue #99)
43840	1	226144552	226144775	-	ENSG00000182827	1	ACBD3	protein_coding	1	3	0.48576	own-gene 3'UTR verified vs GTF; audit only, not a published ranked list (20 disclosure 1, issue #99)
43841	1	226144905	226144982	-	ENSG00000182827	1	ACBD3	protein_coding	2	2	0.40685	own-gene 3'UTR verified vs GTF; audit only, not a published ranked list (20 disclosure 1, issue #99)
43920	1	226360799	226361461	-	ENSG00000143799	1	PARP1	protein_coding	1	2	0.32440	own-gene 3'UTR verified vs GTF; audit only, not a published ranked list (20 disclosure 1, issue #99)
43975	1	226631689	226632022	-	ENSG00000143772	1	ITPKB	protein_coding	1	2	0.50242	own-gene 3'UTR verified vs GTF; audit only, not a published ranked list (20 disclosure 1, issue #99)
44274	1	228097946	228098432	+	ENSG00000143761	1	ARF1	protein_coding	3	3	0.16847	own-gene 3'UTR verified vs GTF; audit only, not a published ranked list (20 disclosure 1, issue #99)
44487	1	229304137	229304197	+	ENSG00000168118	1	RAB4A	protein_coding	1	3	0.32457	own-gene 3'UTR verified vs GTF; audit only, not a published ranked list (20 disclosure 1, issue #99)
44488	1	229304391	229304409	+	ENSG00000168118	1	RAB4A	protein_coding	2	3	0.42242	own-gene 3'UTR verified vs GTF; audit only, not a published ranked list (20 disclosure 1, issue #99)
44703	1	230279568	230280219	+	ENSG00000143641	1	GALNT2	protein_coding	1	2	0.37928	own-gene 3'UTR verified vs GTF; audit only, not a published ranked list (20 disclosure 1, issue #99)
44704	1	230281771	230282124	+	ENSG00000143641	1	GALNT2	protein_coding	3	4	0.54323	own-gene 3'UTR verified vs GTF; audit only, not a published ranked list (20 disclosure 1, issue #99)
44969	1	231566202	231566524	+	ENSG00000116918	2	TSNAX	protein_coding	2	2	0.41743	own-gene 3'UTR verified vs GTF; audit only, not a published ranked list (20 disclosure 1, issue #99)
45469	1	234605759	234605762	-	ENSG00000168264	1	IRF2BP2	protein_coding	1	3	0.37223	own-gene 3'UTR verified vs GTF; audit only, not a published ranked list (20 disclosure 1, issue #99)
45472	1	234606746	234606783	-	ENSG00000168264	1	IRF2BP2	protein_coding	2	2	0.28818	own-gene 3'UTR verified vs GTF; audit only, not a published ranked list (20 disclosure 1, issue #99)
45588	1	235109340	235109341	-	ENSG00000173726	1	TOMM20	protein_coding	7	5	0.48009	own-gene 3'UTR verified vs GTF; audit only, not a published ranked list (20 disclosure 1, issue #99)
45609	1	235133830	235135725	-	ENSG00000188739	2	RBM34	protein_coding	1	2	0.25486	own-gene 3'UTR verified vs GTF; audit only, not a published ranked list (20 disclosure 1, issue #99)
45642	1	235166894	235167724	-	ENSG00000054267	1	ARID4B	protein_coding	2	2	0.27621	own-gene 3'UTR verified vs GTF; audit only, not a published ranked list (20 disclosure 1, issue #99)
45923	1	235661032	235661498	-	ENSG00000143669	1	LYST	protein_coding	1	2	0.14179	own-gene 3'UTR verified vs GTF; audit only, not a published ranked list (20 disclosure 1, issue #99)
45924	1	235662348	235662972	-	ENSG00000143669	1	LYST	protein_coding	1	2	0.13439	own-gene 3'UTR verified vs GTF; audit only, not a published ranked list (20 disclosure 1, issue #99)
46169	1	236208096	236208909	+	ENSG00000077585	1	GPR137B	protein_coding	4	2	0.51909	own-gene 3'UTR verified vs GTF; audit only, not a published ranked list (20 disclosure 1, issue #99)
46348	1	236551818	236552423	+	ENSG00000116977	1	LGALS8	protein_coding	1	2	0.41823	own-gene 3'UTR verified vs GTF; audit only, not a published ranked list (20 disclosure 1, issue #99)
46439	1	236899904	236900671	+	ENSG00000116984	1	MTR	protein_coding	1	2	0.43210	own-gene 3'UTR verified vs GTF; audit only, not a published ranked list (20 disclosure 1, issue #99)
46826	1	241593119	241594364	-	ENSG00000054277	1	OPN3	protein_coding	4	3	0.44812	own-gene 3'UTR verified vs GTF; audit only, not a published ranked list (20 disclosure 1, issue #99)
46950	1	243124422	243125753	-	ENSG00000143702	1	CEP170	protein_coding	1	2	0.43373	own-gene 3'UTR verified vs GTF; audit only, not a published ranked list (20 disclosure 1, issue #99)
47109	1	243501762	243502431	-	ENSG00000117020	1	AKT3	protein_coding	1	2	0.39310	own-gene 3'UTR verified vs GTF; audit only, not a published ranked list (20 disclosure 1, issue #99)
47466	1	244708623	244709033	+	ENSG00000121644	1	DESI2	protein_coding	2	3	0.49730	own-gene 3'UTR verified vs GTF; audit only, not a published ranked list (20 disclosure 1, issue #99)
47532	1	244840636	244840812	-	ENSG00000153187	1	HNRNPU	protein_coding	5	4	0.27759	own-gene 3'UTR verified vs GTF; audit only, not a published ranked list (20 disclosure 1, issue #99)
47535	1	244841688	244846300	-	ENSG00000153187	1	HNRNPU	protein_coding	5	5	0.48041	own-gene 3'UTR verified vs GTF; audit only, not a published ranked list (20 disclosure 1, issue #99)
47537	1	244843151	244843297	+	ENSG00000203667	1	COX20	protein_coding	3	5	0.35961	own-gene 3'UTR verified vs GTF; audit only, not a published ranked list (20 disclosure 1, issue #99)
47553	1	244850952	244852167	-	ENSG00000153187	1	HNRNPU	protein_coding	3	3	0.14626	own-gene 3'UTR verified vs GTF; audit only, not a published ranked list (20 disclosure 1, issue #99)
47556	1	244853380	244853397	-	ENSG00000153187	1	HNRNPU	protein_coding	2	5	0.19929	own-gene 3'UTR verified vs GTF; audit only, not a published ranked list (20 disclosure 1, issue #99)
47558	1	244853653	244853658	-	ENSG00000153187	1	HNRNPU	protein_coding	6	4	0.44473	own-gene 3'UTR verified vs GTF; audit only, not a published ranked list (20 disclosure 1, issue #99)
47560	1	244854132	244854277	-	ENSG00000153187	1	HNRNPU	protein_coding	6	2	0.54295	own-gene 3'UTR verified vs GTF; audit only, not a published ranked list (20 disclosure 1, issue #99)
47561	1	244854410	244854411	-	ENSG00000153187	1	HNRNPU	protein_coding	1	2	0.14616	own-gene 3'UTR verified vs GTF; audit only, not a published ranked list (20 disclosure 1, issue #99)
47567	1	244857236	244857709	-	ENSG00000153187	1	HNRNPU	protein_coding	1	3	0.18984	own-gene 3'UTR verified vs GTF; audit only, not a published ranked list (20 disclosure 1, issue #99)
47652	1	245086778	245087860	+	ENSG00000203666	1	EFCAB2	protein_coding	1	2	0.64131	own-gene 3'UTR verified vs GTF; audit only, not a published ranked list (20 disclosure 1, issue #99)
47846	1	245749238	245749433	-	ENSG00000185420	1	SMYD3	protein_coding	8	4	0.59678	own-gene 3'UTR verified vs GTF; audit only, not a published ranked list (20 disclosure 1, issue #99)
48216	1	246667911	246668590	+	ENSG00000162852	1	CNST	protein_coding	1	4	0.33639	own-gene 3'UTR verified vs GTF; audit only, not a published ranked list (20 disclosure 1, issue #99)
48740	10	809496	810381	-	ENSG00000107929	1	LARP4B	protein_coding	2	2	0.43292	own-gene 3'UTR verified vs GTF; audit only, not a published ranked list (20 disclosure 1, issue #99)
49028	10	3136546	3136802	+	ENSG00000067057	2	PFKP	protein_coding	1	2	0.30124	own-gene 3'UTR verified vs GTF; audit only, not a published ranked list (20 disclosure 1, issue #99)
49091	10	3776552	3776738	-	ENSG00000067082	1	KLF6	protein_coding	13	7	0.60257	own-gene 3'UTR verified vs GTF; audit only, not a published ranked list (20 disclosure 1, issue #99)
49103	10	3778880	3779579	-	ENSG00000067082	1	KLF6	protein_coding	2	2	0.14504	own-gene 3'UTR verified vs GTF; audit only, not a published ranked list (20 disclosure 1, issue #99)
49429	10	5763323	5763745	+	ENSG00000108021	1	TASOR2	protein_coding	2	2	0.29836	own-gene 3'UTR verified vs GTF; audit only, not a published ranked list (20 disclosure 1, issue #99)
49434	10	5765219	5765232	-	ENSG00000057608	1	GDI2	protein_coding	2	4	0.22440	own-gene 3'UTR verified vs GTF; audit only, not a published ranked list (20 disclosure 1, issue #99)
49437	10	5765851	5765954	-	ENSG00000057608	1	GDI2	protein_coding	1	2	0.29450	own-gene 3'UTR verified vs GTF; audit only, not a published ranked list (20 disclosure 1, issue #99)
49534	10	6011902	6013086	-	ENSG00000134460	1	IL2RA	protein_coding	1	2	0.40764	own-gene 3'UTR verified vs GTF; audit only, not a published ranked list (20 disclosure 1, issue #99)
50079	10	7807800	7807913	+	ENSG00000165629	1	ATP5F1C	protein_coding	2	3	0.28627	own-gene 3'UTR verified vs GTF; audit only, not a published ranked list (20 disclosure 1, issue #99)
50467	10	11333185	11333919	+	ENSG00000048740	1	CELF2	protein_coding	2	3	0.26036	own-gene 3'UTR verified vs GTF; audit only, not a published ranked list (20 disclosure 1, issue #99)
50468	10	11334020	11334358	+	ENSG00000048740	1	CELF2	protein_coding	2	4	0.19531	own-gene 3'UTR verified vs GTF; audit only, not a published ranked list (20 disclosure 1, issue #99)
50469	10	11336129	11336567	+	ENSG00000048740	1	CELF2	protein_coding	1	2	0.09695	own-gene 3'UTR verified vs GTF; audit only, not a published ranked list (20 disclosure 1, issue #99)
50697	10	12165329	12166209	-	ENSG00000165609	1	NUDT5	protein_coding	1	2	0.30831	own-gene 3'UTR verified vs GTF; audit only, not a published ranked list (20 disclosure 1, issue #99)
51051	10	12834888	12835545	+	ENSG00000183049	1	CAMK1D	protein_coding	2	5	0.21054	own-gene 3'UTR verified vs GTF; audit only, not a published ranked list (20 disclosure 1, issue #99)
51118	10	13137739	13138308	+	ENSG00000123240	1	OPTN	protein_coding	1	2	0.33842	own-gene 3'UTR verified vs GTF; audit only, not a published ranked list (20 disclosure 1, issue #99)
51253	10	13630682	13630922	+	ENSG00000165630	2	PRPF18	protein_coding	1	2	0.25922	own-gene 3'UTR verified vs GTF; audit only, not a published ranked list (20 disclosure 1, issue #99)
51459	10	14519512	14519513	-	ENSG00000065809	1	FAM107B	protein_coding	1	2	0.22355	own-gene 3'UTR verified vs GTF; audit only, not a published ranked list (20 disclosure 1, issue #99)
51826	10	16592742	16593047	-	ENSG00000148484	1	RSU1	protein_coding	1	4	0.43033	own-gene 3'UTR verified vs GTF; audit only, not a published ranked list (20 disclosure 1, issue #99)
52226	10	17910315	17910571	+	ENSG00000260314	1	MRC1	protein_coding	1	2	0.38922	own-gene 3'UTR verified vs GTF; audit only, not a published ranked list (20 disclosure 1, issue #99)
52409	10	18681079	18681639	+	ENSG00000165997	1	ARL5B	protein_coding	3	3	0.58761	own-gene 3'UTR verified vs GTF; audit only, not a published ranked list (20 disclosure 1, issue #99)
52669	10	20279776	20280357	+	ENSG00000120594	1	PLXDC2	protein_coding	2	3	0.49806	own-gene 3'UTR verified vs GTF; audit only, not a published ranked list (20 disclosure 1, issue #99)
52671	10	20280615	20281764	+	ENSG00000120594	1	PLXDC2	protein_coding	1	2	0.18669	own-gene 3'UTR verified vs GTF; audit only, not a published ranked list (20 disclosure 1, issue #99)
52949	10	21756536	21756826	-	ENSG00000136770	1	DNAJC1	protein_coding	2	2	0.33343	own-gene 3'UTR verified vs GTF; audit only, not a published ranked list (20 disclosure 1, issue #99)
53040	10	21920670	21921082	-	ENSG00000136770	1	DNAJC1	protein_coding	1	2	0.21774	own-gene 3'UTR verified vs GTF; audit only, not a published ranked list (20 disclosure 1, issue #99)
53508	10	24547196	24547674	+	ENSG00000120549	1	KIAA1217	protein_coding	1	2	0.84107	own-gene 3'UTR verified vs GTF; audit only, not a published ranked list (20 disclosure 1, issue #99)
53771	10	26567456	26567880	+	ENSG00000077420	1	APBB1IP	protein_coding	2	3	0.37544	own-gene 3'UTR verified vs GTF; audit only, not a published ranked list (20 disclosure 1, issue #99)
53817	10	26746852	26747076	-	ENSG00000136754	1	ABI1	protein_coding	1	2	0.19830	own-gene 3'UTR verified vs GTF; audit only, not a published ranked list (20 disclosure 1, issue #99)
53821	10	26747810	26747970	-	ENSG00000136754	1	ABI1	protein_coding	1	2	0.32487	own-gene 3'UTR verified vs GTF; audit only, not a published ranked list (20 disclosure 1, issue #99)
53972	10	27110453	27110454	-	ENSG00000136758	1	YME1L1	protein_coding	3	5	0.35867	own-gene 3'UTR verified vs GTF; audit only, not a published ranked list (20 disclosure 1, issue #99)
54123	10	27538512	27538515	+	ENSG00000099246	1	RAB18	protein_coding	1	2	0.24979	own-gene 3'UTR verified vs GTF; audit only, not a published ranked list (20 disclosure 1, issue #99)
54126	10	27539756	27539830	+	ENSG00000099246	1	RAB18	protein_coding	7	3	0.42302	own-gene 3'UTR verified vs GTF; audit only, not a published ranked list (20 disclosure 1, issue #99)
54189	10	28051103	28051720	-	ENSG00000150054	1	MPP7	protein_coding	5	4	0.71328	own-gene 3'UTR verified vs GTF; audit only, not a published ranked list (20 disclosure 1, issue #99)
54427	10	28620978	28620996	+	ENSG00000095787	1	WAC	protein_coding	3	4	0.33346	own-gene 3'UTR verified vs GTF; audit only, not a published ranked list (20 disclosure 1, issue #99)
54489	10	29457344	29457809	-	ENSG00000197321	1	SVIL	protein_coding	2	2	0.49424	own-gene 3'UTR verified vs GTF; audit only, not a published ranked list (20 disclosure 1, issue #99)
54700	10	30438994	30439481	+	ENSG00000107968	1	MAP3K8	protein_coding	4	3	0.52739	own-gene 3'UTR verified vs GTF; audit only, not a published ranked list (20 disclosure 1, issue #99)
55143	10	32267750	32267755	-	ENSG00000120616	1	EPC1	protein_coding	1	2	0.19376	own-gene 3'UTR verified vs GTF; audit only, not a published ranked list (20 disclosure 1, issue #99)
55300	10	32900316	32900420	-	ENSG00000150093	1	ITGB1	protein_coding	1	2	0.31052	own-gene 3'UTR verified vs GTF; audit only, not a published ranked list (20 disclosure 1, issue #99)
55797	10	35179664	35179968	+	ENSG00000095794	1	CREM	protein_coding	4	3	0.27128	own-gene 3'UTR verified vs GTF; audit only, not a published ranked list (20 disclosure 1, issue #99)
55836	10	35206878	35208259	+	ENSG00000095794	1	CREM	protein_coding	17	7	0.61470	own-gene 3'UTR verified vs GTF; audit only, not a published ranked list (20 disclosure 1, issue #99)
55843	10	35211574	35212526	+	ENSG00000095794	1	CREM	protein_coding	5	3	0.35415	own-gene 3'UTR verified vs GTF; audit only, not a published ranked list (20 disclosure 1, issue #99)
55844	10	35212785	35212994	+	ENSG00000095794	1	CREM	protein_coding	2	4	0.23202	own-gene 3'UTR verified vs GTF; audit only, not a published ranked list (20 disclosure 1, issue #99)
55949	10	35569723	35569743	+	ENSG00000108100	1	CCNY	protein_coding	1	2	0.29008	own-gene 3'UTR verified vs GTF; audit only, not a published ranked list (20 disclosure 1, issue #99)
55952	10	35570800	35571802	+	ENSG00000108100	1	CCNY	protein_coding	3	3	0.37074	own-gene 3'UTR verified vs GTF; audit only, not a published ranked list (20 disclosure 1, issue #99)
56431	10	43185032	43185308	+	ENSG00000169826	1	CSGALNACT2	protein_coding	1	2	0.43889	own-gene 3'UTR verified vs GTF; audit only, not a published ranked list (20 disclosure 1, issue #99)
56669	10	45446116	45446117	+	ENSG00000012779	1	ALOX5	protein_coding	3	2	0.39146	own-gene 3'UTR verified vs GTF; audit only, not a published ranked list (20 disclosure 1, issue #99)
57715	10	50133133	50133147	+	ENSG00000099290	1	WASHC2A	protein_coding	1	2	0.45658	own-gene 3'UTR verified vs GTF; audit only, not a published ranked list (20 disclosure 1, issue #99)
57733	10	50305701	50306120	-	ENSG00000198964	1	SGMS1	protein_coding	1	2	0.54026	own-gene 3'UTR verified vs GTF; audit only, not a published ranked list (20 disclosure 1, issue #99)
58405	10	59788639	59789288	-	ENSG00000108091	1	CCDC6	protein_coding	2	2	0.50568	own-gene 3'UTR verified vs GTF; audit only, not a published ranked list (20 disclosure 1, issue #99)
58479	10	60028400	60028816	-	ENSG00000151150	1	ANK3	protein_coding	2	5	0.35586	own-gene 3'UTR verified vs GTF; audit only, not a published ranked list (20 disclosure 1, issue #99)
59119	10	63167224	63167364	-	ENSG00000171988	1	JMJD1C	protein_coding	3	3	0.29616	own-gene 3'UTR verified vs GTF; audit only, not a published ranked list (20 disclosure 1, issue #99)
59458	10	63623890	63624577	+	ENSG00000165476	1	REEP3	protein_coding	2	4	0.47637	own-gene 3'UTR verified vs GTF; audit only, not a published ranked list (20 disclosure 1, issue #99)
59605	10	67917758	67918477	+	ENSG00000096717	1	SIRT1	protein_coding	1	2	0.49015	own-gene 3'UTR verified vs GTF; audit only, not a published ranked list (20 disclosure 1, issue #99)
59691	10	68070077	68070501	-	ENSG00000148634	1	HERC4	protein_coding	1	2	0.29836	own-gene 3'UTR verified vs GTF; audit only, not a published ranked list (20 disclosure 1, issue #99)
60068	10	69104018	69104805	+	ENSG00000122862	1	SRGN	protein_coding	2	2	0.13542	own-gene 3'UTR verified vs GTF; audit only, not a published ranked list (20 disclosure 1, issue #99)
60122	10	69172766	69172904	+	ENSG00000122958	1	VPS26A	protein_coding	2	2	0.39715	own-gene 3'UTR verified vs GTF; audit only, not a published ranked list (20 disclosure 1, issue #99)
60213	10	69401809	69401882	+	ENSG00000156515	1	HK1	protein_coding	1	2	0.27147	own-gene 3'UTR verified vs GTF; audit only, not a published ranked list (20 disclosure 1, issue #99)
60402	10	70423779	70423930	+	ENSG00000148730	1	EIF4EBP2	protein_coding	3	2	0.42577	own-gene 3'UTR verified vs GTF; audit only, not a published ranked list (20 disclosure 1, issue #99)
60409	10	70428019	70428618	+	ENSG00000148730	1	EIF4EBP2	protein_coding	2	2	0.32705	own-gene 3'UTR verified vs GTF; audit only, not a published ranked list (20 disclosure 1, issue #99)
60488	10	70883509	70883692	-	ENSG00000166228	1	PCBD1	protein_coding	11	5	0.59382	own-gene 3'UTR verified vs GTF; audit only, not a published ranked list (20 disclosure 1, issue #99)
60540	10	71747555	71748018	-	ENSG00000107738	1	VSIR	protein_coding	2	2	0.27405	own-gene 3'UTR verified vs GTF; audit only, not a published ranked list (20 disclosure 1, issue #99)
60542	10	71750304	71750322	-	ENSG00000107738	1	VSIR	protein_coding	3	3	0.35235	own-gene 3'UTR verified vs GTF; audit only, not a published ranked list (20 disclosure 1, issue #99)
60568	10	71816297	71816408	-	ENSG00000197746	1	PSAP	protein_coding	18	7	0.45917	own-gene 3'UTR verified vs GTF; audit only, not a published ranked list (20 disclosure 1, issue #99)
60570	10	71816541	71816549	-	ENSG00000197746	1	PSAP	protein_coding	14	6	0.36364	own-gene 3'UTR verified vs GTF; audit only, not a published ranked list (20 disclosure 1, issue #99)
60572	10	71817315	71817373	-	ENSG00000197746	1	PSAP	protein_coding	8	5	0.59126	own-gene 3'UTR verified vs GTF; audit only, not a published ranked list (20 disclosure 1, issue #99)
60627	10	72059033	72059110	-	ENSG00000107742	1	SPOCK2	protein_coding	2	2	0.57072	own-gene 3'UTR verified vs GTF; audit only, not a published ranked list (20 disclosure 1, issue #99)
60630	10	72062377	72062769	-	ENSG00000107742	1	SPOCK2	protein_coding	1	3	0.26199	own-gene 3'UTR verified vs GTF; audit only, not a published ranked list (20 disclosure 1, issue #99)
60717	10	72233219	72233295	+	ENSG00000166295	1	ANAPC16	protein_coding	3	3	0.27771	own-gene 3'UTR verified vs GTF; audit only, not a published ranked list (20 disclosure 1, issue #99)
60718	10	72233490	72233829	+	ENSG00000166295	1	ANAPC16	protein_coding	1	5	0.27914	own-gene 3'UTR verified vs GTF; audit only, not a published ranked list (20 disclosure 1, issue #99)
60748	10	72275294	72275480	+	ENSG00000168209	1	DDIT4	protein_coding	3	4	0.46607	own-gene 3'UTR verified vs GTF; audit only, not a published ranked list (20 disclosure 1, issue #99)
61089	10	72887391	72887694	+	ENSG00000156026	1	MCU	protein_coding	2	3	0.32110	own-gene 3'UTR verified vs GTF; audit only, not a published ranked list (20 disclosure 1, issue #99)
61335	10	73248754	73249663	-	ENSG00000182180	1	MRPS16	protein_coding	2	2	0.25439	own-gene 3'UTR verified vs GTF; audit only, not a published ranked list (20 disclosure 1, issue #99)
61381	10	73375428	73375445	-	ENSG00000138279	1	ANXA7	protein_coding	3	5	0.46121	own-gene 3'UTR verified vs GTF; audit only, not a published ranked list (20 disclosure 1, issue #99)
61383	10	73375780	73375889	-	ENSG00000138279	1	ANXA7	protein_coding	2	2	0.29990	own-gene 3'UTR verified vs GTF; audit only, not a published ranked list (20 disclosure 1, issue #99)
61413	10	73436536	73437202	-	ENSG00000107758	1	PPP3CB	protein_coding	1	2	0.50375	own-gene 3'UTR verified vs GTF; audit only, not a published ranked list (20 disclosure 1, issue #99)
61418	10	73443779	73444179	-	ENSG00000107758	1	PPP3CB	protein_coding	1	3	0.32596	own-gene 3'UTR verified vs GTF; audit only, not a published ranked list (20 disclosure 1, issue #99)
62012	10	74708533	74708558	+	ENSG00000156110	1	ADK	protein_coding	2	3	0.47067	own-gene 3'UTR verified vs GTF; audit only, not a published ranked list (20 disclosure 1, issue #99)
62232	10	75231219	75231280	+	ENSG00000165637	1	VDAC2	protein_coding	1	2	0.29225	own-gene 3'UTR verified vs GTF; audit only, not a published ranked list (20 disclosure 1, issue #99)
62747	10	78040696	78040697	+	ENSG00000138326	1	RPS24	protein_coding	10	5	0.38279	own-gene 3'UTR verified vs GTF; audit only, not a published ranked list (20 disclosure 1, issue #99)
62871	10	79615235	79615305	+	ENSG00000122852	1	SFTPA1	protein_coding	1	2	0.40199	own-gene 3'UTR verified vs GTF; audit only, not a published ranked list (20 disclosure 1, issue #99)
63166	10	80522528	80522638	+	ENSG00000108219	1	TSPAN14	protein_coding	2	3	0.59179	own-gene 3'UTR verified vs GTF; audit only, not a published ranked list (20 disclosure 1, issue #99)
63264	10	84153050	84153323	+	ENSG00000165678	1	GHITM	protein_coding	2	3	0.31578	own-gene 3'UTR verified vs GTF; audit only, not a published ranked list (20 disclosure 1, issue #99)
63398	10	84517995	84518536	+	ENSG00000107771	1	CCSER2	protein_coding	1	3	0.20109	own-gene 3'UTR verified vs GTF; audit only, not a published ranked list (20 disclosure 1, issue #99)
63607	10	87050485	87050583	-	ENSG00000148672	1	GLUD1	protein_coding	4	5	0.41323	own-gene 3'UTR verified vs GTF; audit only, not a published ranked list (20 disclosure 1, issue #99)
64304	10	89213568	89213569	-	ENSG00000107798	1	LIPA	protein_coding	3	4	0.37271	own-gene 3'UTR verified vs GTF; audit only, not a published ranked list (20 disclosure 1, issue #99)
64307	10	89214300	89214961	-	ENSG00000107798	1	LIPA	protein_coding	4	3	0.29751	own-gene 3'UTR verified vs GTF; audit only, not a published ranked list (20 disclosure 1, issue #99)
64541	10	91283750	91284331	+	ENSG00000180628	1	PCGF5	protein_coding	1	2	0.21623	own-gene 3'UTR verified vs GTF; audit only, not a published ranked list (20 disclosure 1, issue #99)
64628	10	91864848	91865475	+	ENSG00000107854	1	TNKS2	protein_coding	1	2	0.52030	own-gene 3'UTR verified vs GTF; audit only, not a published ranked list (20 disclosure 1, issue #99)
64704	10	92029960	92030325	+	ENSG00000095564	1	BTAF1	protein_coding	1	2	0.42824	own-gene 3'UTR verified vs GTF; audit only, not a published ranked list (20 disclosure 1, issue #99)
65043	10	93059070	93059490	+	ENSG00000138190	1	EXOC6	protein_coding	1	3	0.59978	own-gene 3'UTR verified vs GTF; audit only, not a published ranked list (20 disclosure 1, issue #99)
65387	10	95237571	95237572	-	ENSG00000107438	1	PDLIM1	protein_coding	1	2	0.38760	own-gene 3'UTR verified vs GTF; audit only, not a published ranked list (20 disclosure 1, issue #99)
65388	10	95237709	95237728	-	ENSG00000107438	1	PDLIM1	protein_coding	1	2	0.40141	own-gene 3'UTR verified vs GTF; audit only, not a published ranked list (20 disclosure 1, issue #99)
65773	10	96520672	96520673	-	ENSG00000077147	1	TM9SF3	protein_coding	1	2	0.32835	own-gene 3'UTR verified vs GTF; audit only, not a published ranked list (20 disclosure 1, issue #99)
65774	10	96520984	96520985	-	ENSG00000077147	1	TM9SF3	protein_coding	3	3	0.38327	own-gene 3'UTR verified vs GTF; audit only, not a published ranked list (20 disclosure 1, issue #99)
66045	10	97356700	97356980	-	ENSG00000052749	1	RRP12	protein_coding	3	2	0.61995	own-gene 3'UTR verified vs GTF; audit only, not a published ranked list (20 disclosure 1, issue #99)
66089	10	97436141	97436228	-	ENSG00000171311	1	EXOSC1	protein_coding	3	4	0.34182	own-gene 3'UTR verified vs GTF; audit only, not a published ranked list (20 disclosure 1, issue #99)
66105	10	97457365	97457370	+	ENSG00000171307	1	ZDHHC16	protein_coding	2	4	0.44766	own-gene 3'UTR verified vs GTF; audit only, not a published ranked list (20 disclosure 1, issue #99)
66319	10	98417014	98417029	-	ENSG00000107521	1	HPS1	protein_coding	1	3	0.39306	own-gene 3'UTR verified vs GTF; audit only, not a published ranked list (20 disclosure 1, issue #99)
66469	10	99875207	99875978	-	ENSG00000107554	1	DNMBP	protein_coding	1	2	0.76905	own-gene 3'UTR verified vs GTF; audit only, not a published ranked list (20 disclosure 1, issue #99)
66572	10	100232292	100232690	-	ENSG00000095485	1	CWF19L1	protein_coding	2	2	0.56655	own-gene 3'UTR verified vs GTF; audit only, not a published ranked list (20 disclosure 1, issue #99)
66601	10	100274699	100274700	-	ENSG00000196072	1	BLOC1S2	protein_coding	3	4	0.37194	own-gene 3'UTR verified vs GTF; audit only, not a published ranked list (20 disclosure 1, issue #99)
66603	10	100274914	100275020	-	ENSG00000196072	1	BLOC1S2	protein_coding	2	2	0.28554	own-gene 3'UTR verified vs GTF; audit only, not a published ranked list (20 disclosure 1, issue #99)
66604	10	100275149	100275184	-	ENSG00000196072	1	BLOC1S2	protein_coding	1	2	0.31932	own-gene 3'UTR verified vs GTF; audit only, not a published ranked list (20 disclosure 1, issue #99)
66629	10	100362980	100363621	+	ENSG00000099194	1	SCD	protein_coding	1	2	0.55523	own-gene 3'UTR verified vs GTF; audit only, not a published ranked list (20 disclosure 1, issue #99)
66906	10	101784444	101784450	-	ENSG00000198408	1	OGA	protein_coding	2	3	0.32010	own-gene 3'UTR verified vs GTF; audit only, not a published ranked list (20 disclosure 1, issue #99)
67092	10	102163451	102163870	+	ENSG00000166197	1	NOLC1	protein_coding	1	3	0.40588	own-gene 3'UTR verified vs GTF; audit only, not a published ranked list (20 disclosure 1, issue #99)
67200	10	102382838	102382896	+	ENSG00000107862	1	GBF1	protein_coding	2	3	0.43496	own-gene 3'UTR verified vs GTF; audit only, not a published ranked list (20 disclosure 1, issue #99)
67215	10	102402433	102402524	+	ENSG00000077150	1	NFKB2	protein_coding	1	2	0.37625	own-gene 3'UTR verified vs GTF; audit only, not a published ranked list (20 disclosure 1, issue #99)
67507	10	103088148	103088155	-	ENSG00000076685	1	NT5C2	protein_coding	1	2	0.36749	own-gene 3'UTR verified vs GTF; audit only, not a published ranked list (20 disclosure 1, issue #99)
68285	10	110604312	110604636	+	ENSG00000108055	1	SMC3	protein_coding	1	2	0.32483	own-gene 3'UTR verified vs GTF; audit only, not a published ranked list (20 disclosure 1, issue #99)
68794	10	113166905	113167678	+	ENSG00000148737	1	TCF7L2	protein_coding	4	3	0.51657	own-gene 3'UTR verified vs GTF; audit only, not a published ranked list (20 disclosure 1, issue #99)
68974	10	114431101	114431552	-	ENSG00000099204	1	ABLIM1	protein_coding	2	5	0.46944	own-gene 3'UTR verified vs GTF; audit only, not a published ranked list (20 disclosure 1, issue #99)
69419	10	118681497	118681914	-	ENSG00000151893	1	CACUL1	protein_coding	5	2	0.45973	own-gene 3'UTR verified vs GTF; audit only, not a published ranked list (20 disclosure 1, issue #99)
69477	10	119035028	119035567	-	ENSG00000107581	1	EIF3A	protein_coding	4	4	0.36207	own-gene 3'UTR verified vs GTF; audit only, not a published ranked list (20 disclosure 1, issue #99)
69479	10	119035756	119036424	-	ENSG00000107581	1	EIF3A	protein_coding	6	4	0.35751	own-gene 3'UTR verified vs GTF; audit only, not a published ranked list (20 disclosure 1, issue #99)
69564	10	119167958	119168122	-	ENSG00000165672	1	PRDX3	protein_coding	1	2	0.25481	own-gene 3'UTR verified vs GTF; audit only, not a published ranked list (20 disclosure 1, issue #99)
69778	10	119677442	119677510	+	ENSG00000151929	1	BAG3	protein_coding	1	2	0.25555	own-gene 3'UTR verified vs GTF; audit only, not a published ranked list (20 disclosure 1, issue #99)
69857	10	119828467	119829151	+	ENSG00000198825	1	INPP5F	protein_coding	2	2	0.47481	own-gene 3'UTR verified vs GTF; audit only, not a published ranked list (20 disclosure 1, issue #99)
70409	10	123057951	123058290	+	ENSG00000196177	1	ACADSB	protein_coding	1	2	0.55170	own-gene 3'UTR verified vs GTF; audit only, not a published ranked list (20 disclosure 1, issue #99)
70744	10	124989126	124989242	-	ENSG00000175029	1	CTBP2	protein_coding	1	2	0.68255	own-gene 3'UTR verified vs GTF; audit only, not a published ranked list (20 disclosure 1, issue #99)
70854	10	125836416	125836551	+	ENSG00000107949	1	BCCIP	protein_coding	1	3	0.36058	own-gene 3'UTR verified vs GTF; audit only, not a published ranked list (20 disclosure 1, issue #99)
71292	10	129767106	129767107	+	ENSG00000170430	1	MGMT	protein_coding	3	3	0.30262	own-gene 3'UTR verified vs GTF; audit only, not a published ranked list (20 disclosure 1, issue #99)
71760	11	216136	216515	-	ENSG00000142082	1	SIRT3	protein_coding	1	2	0.57701	own-gene 3'UTR verified vs GTF; audit only, not a published ranked list (20 disclosure 1, issue #99)
71829	11	309226	309555	+	ENSG00000185201	1	IFITM2	protein_coding	16	4	0.49916	own-gene 3'UTR verified vs GTF; audit only, not a published ranked list (20 disclosure 1, issue #99)
71839	11	315072	315272	+	ENSG00000185201	2	IFITM2	protein_coding	15	7	0.58253	own-gene 3'UTR verified vs GTF; audit only, not a published ranked list (20 disclosure 1, issue #99)
71845	11	319675	319706	-	ENSG00000142089	1	IFITM3	protein_coding	6	3	0.80048	own-gene 3'UTR verified vs GTF; audit only, not a published ranked list (20 disclosure 1, issue #99)
72048	11	727407	727727	+	ENSG00000177106	1	EPS8L2	protein_coding	6	5	0.77688	own-gene 3'UTR verified vs GTF; audit only, not a published ranked list (20 disclosure 1, issue #99)
72091	11	812873	812875	+	ENSG00000177600	1	RPLP2	protein_coding	1	2	0.08367	own-gene 3'UTR verified vs GTF; audit only, not a published ranked list (20 disclosure 1, issue #99)
72103	11	839634	839793	-	ENSG00000177700	1	POLR2L	protein_coding	2	3	0.31778	own-gene 3'UTR verified vs GTF; audit only, not a published ranked list (20 disclosure 1, issue #99)
72119	11	869757	869767	-	ENSG00000177830	1	CHID1	protein_coding	2	2	0.60763	own-gene 3'UTR verified vs GTF; audit only, not a published ranked list (20 disclosure 1, issue #99)
72329	11	1837520	1837521	+	ENSG00000149043	1	SYT8	protein_coding	4	3	0.93939	own-gene 3'UTR verified vs GTF; audit only, not a published ranked list (20 disclosure 1, issue #99)
72594	11	3000926	3000933	-	ENSG00000110619	1	CARS1	protein_coding	2	4	0.47772	own-gene 3'UTR verified vs GTF; audit only, not a published ranked list (20 disclosure 1, issue #99)
72731	11	3675009	3675465	-	ENSG00000110713	1	NUP98	protein_coding	2	3	0.28754	own-gene 3'UTR verified vs GTF; audit only, not a published ranked list (20 disclosure 1, issue #99)
72864	11	3826977	3826978	-	ENSG00000177105	1	RHOG	protein_coding	1	2	0.06473	own-gene 3'UTR verified vs GTF; audit only, not a published ranked list (20 disclosure 1, issue #99)
72989	11	4092580	4093208	+	ENSG00000167323	1	STIM1	protein_coding	1	2	0.33039	own-gene 3'UTR verified vs GTF; audit only, not a published ranked list (20 disclosure 1, issue #99)
73160	11	5710438	5710863	+	ENSG00000132274	1	TRIM22	protein_coding	2	3	0.29236	own-gene 3'UTR verified vs GTF; audit only, not a published ranked list (20 disclosure 1, issue #99)
73303	11	6610869	6610872	+	ENSG00000166333	1	ILK	protein_coding	3	5	0.30157	own-gene 3'UTR verified vs GTF; audit only, not a published ranked list (20 disclosure 1, issue #99)
73727	11	8948051	8948182	-	ENSG00000175348	1	TMEM9B	protein_coding	1	2	0.31782	own-gene 3'UTR verified vs GTF; audit only, not a published ranked list (20 disclosure 1, issue #99)
73790	11	9138824	9139238	-	ENSG00000184014	1	DENND5A	protein_coding	1	2	0.34524	own-gene 3'UTR verified vs GTF; audit only, not a published ranked list (20 disclosure 1, issue #99)
73965	11	9446112	9446229	+	ENSG00000205339	1	IPO7	protein_coding	1	2	0.23689	own-gene 3'UTR verified vs GTF; audit only, not a published ranked list (20 disclosure 1, issue #99)
73966	11	9446616	9446750	+	ENSG00000205339	1	IPO7	protein_coding	2	3	0.29462	own-gene 3'UTR verified vs GTF; audit only, not a published ranked list (20 disclosure 1, issue #99)
73968	11	9447035	9447113	+	ENSG00000205339	1	IPO7	protein_coding	3	3	0.32995	own-gene 3'UTR verified vs GTF; audit only, not a published ranked list (20 disclosure 1, issue #99)
73969	11	9447241	9447246	+	ENSG00000205339	1	IPO7	protein_coding	1	2	0.24238	own-gene 3'UTR verified vs GTF; audit only, not a published ranked list (20 disclosure 1, issue #99)
74105	11	9749600	9750505	+	ENSG00000133789	1	SWAP70	protein_coding	5	2	0.27206	own-gene 3'UTR verified vs GTF; audit only, not a published ranked list (20 disclosure 1, issue #99)
74106	11	9751398	9751842	+	ENSG00000133789	1	SWAP70	protein_coding	2	2	0.11600	own-gene 3'UTR verified vs GTF; audit only, not a published ranked list (20 disclosure 1, issue #99)
74107	11	9752495	9753139	+	ENSG00000133789	1	SWAP70	protein_coding	4	2	0.19241	own-gene 3'UTR verified vs GTF; audit only, not a published ranked list (20 disclosure 1, issue #99)
74349	11	10511672	10512361	-	ENSG00000110315	1	RNF141	protein_coding	8	5	0.23921	own-gene 3'UTR verified vs GTF; audit only, not a published ranked list (20 disclosure 1, issue #99)
74353	11	10514726	10514997	-	ENSG00000110315	1	RNF141	protein_coding	2	2	0.29231	own-gene 3'UTR verified vs GTF; audit only, not a published ranked list (20 disclosure 1, issue #99)
74403	11	10779379	10779746	+	ENSG00000198730	1	CTR9	protein_coding	2	2	0.47808	own-gene 3'UTR verified vs GTF; audit only, not a published ranked list (20 disclosure 1, issue #99)
74414	11	10797622	10797623	-	ENSG00000110321	1	EIF4G2	protein_coding	1	2	0.30278	own-gene 3'UTR verified vs GTF; audit only, not a published ranked list (20 disclosure 1, issue #99)
74620	11	11956395	11956582	+	ENSG00000170242	1	USP47	protein_coding	1	2	0.31256	own-gene 3'UTR verified vs GTF; audit only, not a published ranked list (20 disclosure 1, issue #99)
74989	11	13730997	13731500	+	ENSG00000197601	1	FAR1	protein_coding	2	2	0.48622	own-gene 3'UTR verified vs GTF; audit only, not a published ranked list (20 disclosure 1, issue #99)
75083	11	14457507	14457566	-	ENSG00000129083	1	COPB1	protein_coding	1	2	0.21312	own-gene 3'UTR verified vs GTF; audit only, not a published ranked list (20 disclosure 1, issue #99)
75356	11	14869663	14871384	+	ENSG00000152270	1	PDE3B	protein_coding	1	3	0.25570	own-gene 3'UTR verified vs GTF; audit only, not a published ranked list (20 disclosure 1, issue #99)
75465	11	16754989	16755347	+	ENSG00000110696	1	C11orf58	protein_coding	4	3	0.34571	own-gene 3'UTR verified vs GTF; audit only, not a published ranked list (20 disclosure 1, issue #99)
75467	11	16755773	16755892	+	ENSG00000110696	1	C11orf58	protein_coding	5	3	0.31476	own-gene 3'UTR verified vs GTF; audit only, not a published ranked list (20 disclosure 1, issue #99)
75471	11	16757393	16758229	+	ENSG00000110696	1	C11orf58	protein_coding	1	2	0.11754	own-gene 3'UTR verified vs GTF; audit only, not a published ranked list (20 disclosure 1, issue #99)
75472	11	16758339	16758345	+	ENSG00000110696	1	C11orf58	protein_coding	1	2	0.17741	own-gene 3'UTR verified vs GTF; audit only, not a published ranked list (20 disclosure 1, issue #99)
75475	11	16777294	16777830	-	ENSG00000166689	1	PLEKHA7	protein_coding	1	2	0.59126	own-gene 3'UTR verified vs GTF; audit only, not a published ranked list (20 disclosure 1, issue #99)
75477	11	16787652	16788016	-	ENSG00000166689	1	PLEKHA7	protein_coding	2	2	0.54846	own-gene 3'UTR verified vs GTF; audit only, not a published ranked list (20 disclosure 1, issue #99)
75779	11	18278595	18279648	-	ENSG00000110756	1	HPS5	protein_coding	1	3	0.54409	own-gene 3'UTR verified vs GTF; audit only, not a published ranked list (20 disclosure 1, issue #99)
75866	11	18403710	18404702	+	ENSG00000134333	1	LDHA	protein_coding	1	2	0.15442	own-gene 3'UTR verified vs GTF; audit only, not a published ranked list (20 disclosure 1, issue #99)
75872	11	18407236	18407452	+	ENSG00000134333	1	LDHA	protein_coding	9	5	0.42870	own-gene 3'UTR verified vs GTF; audit only, not a published ranked list (20 disclosure 1, issue #99)
75985	11	18606353	18607933	-	ENSG00000179119	1	SPTY2D1	protein_coding	1	2	0.45507	own-gene 3'UTR verified vs GTF; audit only, not a published ranked list (20 disclosure 1, issue #99)
76589	11	27494417	27495237	-	ENSG00000148943	1	LIN7C	protein_coding	1	2	0.49350	own-gene 3'UTR verified vs GTF; audit only, not a published ranked list (20 disclosure 1, issue #99)
76960	11	32602364	32602563	+	ENSG00000149100	1	EIF3M	protein_coding	1	2	0.19554	own-gene 3'UTR verified vs GTF; audit only, not a published ranked list (20 disclosure 1, issue #99)
77214	11	33357022	33357023	+	ENSG00000110422	1	HIPK3	protein_coding	2	5	0.46712	own-gene 3'UTR verified vs GTF; audit only, not a published ranked list (20 disclosure 1, issue #99)
77249	11	33709995	33710033	-	ENSG00000284969	2	AL049629.2	protein_coding	16	6	0.59175	own-gene 3'UTR verified vs GTF; audit only, not a published ranked list (20 disclosure 1, issue #99)
77262	11	33740892	33741353	-	ENSG00000110429	1	FBXO3	protein_coding	3	4	0.60040	own-gene 3'UTR verified vs GTF; audit only, not a published ranked list (20 disclosure 1, issue #99)
77322	11	34100726	34102101	+	ENSG00000135387	1	CAPRIN1	protein_coding	1	2	0.27687	own-gene 3'UTR verified vs GTF; audit only, not a published ranked list (20 disclosure 1, issue #99)
77530	11	34995813	34996212	+	ENSG00000110435	1	PDHX	protein_coding	1	2	0.44297	own-gene 3'UTR verified vs GTF; audit only, not a published ranked list (20 disclosure 1, issue #99)
77611	11	35190018	35190114	+	ENSG00000026508	1	CD44	protein_coding	9	4	0.32632	own-gene 3'UTR verified vs GTF; audit only, not a published ranked list (20 disclosure 1, issue #99)
77653	11	35229286	35229572	+	ENSG00000026508	1	CD44	protein_coding	13	4	0.54906	own-gene 3'UTR verified vs GTF; audit only, not a published ranked list (20 disclosure 1, issue #99)
77654	11	35229932	35230027	+	ENSG00000026508	1	CD44	protein_coding	7	5	0.49781	own-gene 3'UTR verified vs GTF; audit only, not a published ranked list (20 disclosure 1, issue #99)
77657	11	35232110	35232402	+	ENSG00000026508	1	CD44	protein_coding	17	6	0.60298	own-gene 3'UTR verified vs GTF; audit only, not a published ranked list (20 disclosure 1, issue #99)
77717	11	35810645	35811053	+	ENSG00000166326	1	TRIM44	protein_coding	1	2	0.40455	own-gene 3'UTR verified vs GTF; audit only, not a published ranked list (20 disclosure 1, issue #99)
77964	11	43344524	43344529	+	ENSG00000166181	1	API5	protein_coding	2	2	0.36402	own-gene 3'UTR verified vs GTF; audit only, not a published ranked list (20 disclosure 1, issue #99)
78448	11	46380550	46380554	+	ENSG00000149091	1	DGKZ	protein_coding	8	8	0.74796	own-gene 3'UTR verified vs GTF; audit only, not a published ranked list (20 disclosure 1, issue #99)
78453	11	46396413	46396802	-	ENSG00000110497	1	AMBRA1	protein_coding	2	5	0.10253	own-gene 3'UTR verified vs GTF; audit only, not a published ranked list (20 disclosure 1, issue #99)
78589	11	46677079	46677508	-	ENSG00000175220	1	ARHGAP1	protein_coding	2	2	0.60776	own-gene 3'UTR verified vs GTF; audit only, not a published ranked list (20 disclosure 1, issue #99)
78812	11	47268630	47268905	+	ENSG00000025434	1	NR1H3	protein_coding	1	2	0.74284	own-gene 3'UTR verified vs GTF; audit only, not a published ranked list (20 disclosure 1, issue #99)
78898	11	47465936	47466170	-	ENSG00000149187	1	CELF1	protein_coding	3	4	0.38205	own-gene 3'UTR verified vs GTF; audit only, not a published ranked list (20 disclosure 1, issue #99)
79005	11	47618709	47618771	-	ENSG00000109919	1	MTCH2	protein_coding	1	2	0.30183	own-gene 3'UTR verified vs GTF; audit only, not a published ranked list (20 disclosure 1, issue #99)
79029	11	47716516	47717038	-	ENSG00000109920	1	FNBP4	protein_coding	2	4	0.28183	own-gene 3'UTR verified vs GTF; audit only, not a published ranked list (20 disclosure 1, issue #99)
79265	11	48170476	48170842	+	ENSG00000149177	1	PTPRJ	protein_coding	2	3	0.37220	own-gene 3'UTR verified vs GTF; audit only, not a published ranked list (20 disclosure 1, issue #99)
79566	11	57788907	57789709	+	ENSG00000288534	3	AP001931.2	protein_coding	6	7	0.25589	own-gene 3'UTR verified vs GTF; audit only, not a published ranked list (20 disclosure 1, issue #99)
79581	11	57803469	57803885	+	ENSG00000288534	3	AP001931.2	protein_coding	4	2	0.18997	own-gene 3'UTR verified vs GTF; audit only, not a published ranked list (20 disclosure 1, issue #99)
79587	11	57818027	57818447	+	ENSG00000288534	2	AP001931.2	protein_coding	15	7	0.45190	own-gene 3'UTR verified vs GTF; audit only, not a published ranked list (20 disclosure 1, issue #99)
79639	11	58526870	58526944	-	ENSG00000110031	1	LPXN	protein_coding	6	4	0.61097	own-gene 3'UTR verified vs GTF; audit only, not a published ranked list (20 disclosure 1, issue #99)
79640	11	58527297	58527305	-	ENSG00000110031	1	LPXN	protein_coding	4	4	0.48239	own-gene 3'UTR verified vs GTF; audit only, not a published ranked list (20 disclosure 1, issue #99)
79689	11	58620512	58621394	+	ENSG00000186660	2	ZFP91	protein_coding	1	2	0.45046	own-gene 3'UTR verified vs GTF; audit only, not a published ranked list (20 disclosure 1, issue #99)
79873	11	59806134	59806143	-	ENSG00000166902	1	MRPL16	protein_coding	1	2	0.21038	own-gene 3'UTR verified vs GTF; audit only, not a published ranked list (20 disclosure 1, issue #99)
79908	11	60172013	60172151	-	ENSG00000110077	1	MS4A6A	protein_coding	2	4	0.44518	own-gene 3'UTR verified vs GTF; audit only, not a published ranked list (20 disclosure 1, issue #99)
79909	11	60172439	60172497	-	ENSG00000110077	1	MS4A6A	protein_coding	2	2	0.51490	own-gene 3'UTR verified vs GTF; audit only, not a published ranked list (20 disclosure 1, issue #99)
79912	11	60174439	60175563	-	ENSG00000110077	1	MS4A6A	protein_coding	1	2	0.34395	own-gene 3'UTR verified vs GTF; audit only, not a published ranked list (20 disclosure 1, issue #99)
79918	11	60179481	60179931	-	ENSG00000110077	1	MS4A6A	protein_coding	1	2	0.35469	own-gene 3'UTR verified vs GTF; audit only, not a published ranked list (20 disclosure 1, issue #99)
80195	11	61299450	61299451	-	ENSG00000167986	1	DDB1	protein_coding	2	3	0.29848	own-gene 3'UTR verified vs GTF; audit only, not a published ranked list (20 disclosure 1, issue #99)
80365	11	61789129	61789130	-	ENSG00000134825	1	TMEM258	protein_coding	2	2	0.30977	own-gene 3'UTR verified vs GTF; audit only, not a published ranked list (20 disclosure 1, issue #99)
80396	11	61873525	61873526	-	ENSG00000221968	1	FADS3	protein_coding	5	4	0.68279	own-gene 3'UTR verified vs GTF; audit only, not a published ranked list (20 disclosure 1, issue #99)
80419	11	61965262	61965666	-	ENSG00000167996	1	FTH1	protein_coding	7	3	0.72315	own-gene 3'UTR verified vs GTF; audit only, not a published ranked list (20 disclosure 1, issue #99)
80510	11	62423144	62423195	+	ENSG00000149021	1	SCGB1A1	protein_coding	2	2	0.23083	own-gene 3'UTR verified vs GTF; audit only, not a published ranked list (20 disclosure 1, issue #99)
80514	11	62433529	62433546	-	ENSG00000124942	1	AHNAK	protein_coding	1	2	0.24938	own-gene 3'UTR verified vs GTF; audit only, not a published ranked list (20 disclosure 1, issue #99)
80536	11	62515901	62515971	-	ENSG00000124942	1	AHNAK	protein_coding	9	5	0.45356	own-gene 3'UTR verified vs GTF; audit only, not a published ranked list (20 disclosure 1, issue #99)
80658	11	62690238	62690280	-	ENSG00000234857	2	HNRNPUL2-BSCL2	protein_coding	9	4	0.57161	own-gene 3'UTR verified vs GTF; audit only, not a published ranked list (20 disclosure 1, issue #99)
80664	11	62705068	62705549	-	ENSG00000234857	2	HNRNPUL2-BSCL2	protein_coding	1	2	0.20025	own-gene 3'UTR verified vs GTF; audit only, not a published ranked list (20 disclosure 1, issue #99)
80685	11	62735479	62737247	+	ENSG00000162222	1	TTC9C	protein_coding	1	2	0.34888	own-gene 3'UTR verified vs GTF; audit only, not a published ranked list (20 disclosure 1, issue #99)
80687	11	62738600	62738636	+	ENSG00000162222	1	TTC9C	protein_coding	3	2	0.59332	own-gene 3'UTR verified vs GTF; audit only, not a published ranked list (20 disclosure 1, issue #99)
80689	11	62739929	62740331	+	ENSG00000162222	1	TTC9C	protein_coding	1	2	0.20643	own-gene 3'UTR verified vs GTF; audit only, not a published ranked list (20 disclosure 1, issue #99)
80728	11	62806896	62806978	-	ENSG00000162236	1	STX5	protein_coding	3	3	0.45601	own-gene 3'UTR verified vs GTF; audit only, not a published ranked list (20 disclosure 1, issue #99)
80752	11	62832910	62832911	-	ENSG00000133316	1	WDR74	protein_coding	1	2	0.20649	own-gene 3'UTR verified vs GTF; audit only, not a published ranked list (20 disclosure 1, issue #99)
80833	11	63546243	63546261	+	ENSG00000133321	1	PLAAT4	protein_coding	1	2	0.16306	own-gene 3'UTR verified vs GTF; audit only, not a published ranked list (20 disclosure 1, issue #99)
80992	11	63758794	63758821	+	ENSG00000133318	1	RTN3	protein_coding	4	4	0.50193	own-gene 3'UTR verified vs GTF; audit only, not a published ranked list (20 disclosure 1, issue #99)
80993	11	63759037	63759122	+	ENSG00000133318	1	RTN3	protein_coding	7	5	0.45768	own-gene 3'UTR verified vs GTF; audit only, not a published ranked list (20 disclosure 1, issue #99)
80995	11	63759645	63759891	+	ENSG00000133318	1	RTN3	protein_coding	9	6	0.45922	own-gene 3'UTR verified vs GTF; audit only, not a published ranked list (20 disclosure 1, issue #99)
81080	11	63997607	63997755	+	ENSG00000167770	1	OTUB1	protein_coding	1	2	0.22374	own-gene 3'UTR verified vs GTF; audit only, not a published ranked list (20 disclosure 1, issue #99)
81081	11	63998406	63998415	+	ENSG00000167770	1	OTUB1	protein_coding	4	2	0.48322	own-gene 3'UTR verified vs GTF; audit only, not a published ranked list (20 disclosure 1, issue #99)
81230	11	64357524	64357534	+	ENSG00000168071	1	CCDC88B	protein_coding	3	3	0.71380	own-gene 3'UTR verified vs GTF; audit only, not a published ranked list (20 disclosure 1, issue #99)
81256	11	64740865	64741081	-	ENSG00000068831	1	RASGRP2	protein_coding	1	3	0.46513	own-gene 3'UTR verified vs GTF; audit only, not a published ranked list (20 disclosure 1, issue #99)
81266	11	64764605	64764614	-	ENSG00000168066	1	SF1	protein_coding	7	4	0.47116	own-gene 3'UTR verified vs GTF; audit only, not a published ranked list (20 disclosure 1, issue #99)
81277	11	64775527	64776544	-	ENSG00000168066	1	SF1	protein_coding	2	4	0.36230	own-gene 3'UTR verified vs GTF; audit only, not a published ranked list (20 disclosure 1, issue #99)
81389	11	65111665	65111862	+	ENSG00000149823	2	VPS51	protein_coding	4	3	0.39479	own-gene 3'UTR verified vs GTF; audit only, not a published ranked list (20 disclosure 1, issue #99)
81722	11	65571765	65571768	+	ENSG00000173465	1	ZNRD2	protein_coding	6	3	0.52616	own-gene 3'UTR verified vs GTF; audit only, not a published ranked list (20 disclosure 1, issue #99)
81780	11	65719683	65719718	-	ENSG00000172922	1	RNASEH2C	protein_coding	1	3	0.60469	own-gene 3'UTR verified vs GTF; audit only, not a published ranked list (20 disclosure 1, issue #99)
81958	11	66068891	66068892	+	ENSG00000087365	1	SF3B2	protein_coding	3	5	0.50002	own-gene 3'UTR verified vs GTF; audit only, not a published ranked list (20 disclosure 1, issue #99)
82075	11	66244725	66244747	+	ENSG00000175115	1	PACS1	protein_coding	2	2	0.48978	own-gene 3'UTR verified vs GTF; audit only, not a published ranked list (20 disclosure 1, issue #99)
82223	11	66646403	66646560	+	ENSG00000248643	2	RBM14-RBM4	protein_coding	1	2	0.19663	own-gene 3'UTR verified vs GTF; audit only, not a published ranked list (20 disclosure 1, issue #99)
82328	11	66842868	66843325	+	ENSG00000173715	2	C11orf80	protein_coding	1	3	0.63119	own-gene 3'UTR verified vs GTF; audit only, not a published ranked list (20 disclosure 1, issue #99)
82580	11	67398182	67398183	-	ENSG00000172531	1	PPP1CA	protein_coding	2	2	0.30005	own-gene 3'UTR verified vs GTF; audit only, not a published ranked list (20 disclosure 1, issue #99)
82587	11	67409659	67410089	+	ENSG00000175463	1	TBC1D10C	protein_coding	1	2	0.77500	own-gene 3'UTR verified vs GTF; audit only, not a published ranked list (20 disclosure 1, issue #99)
82600	11	67435509	67435643	-	ENSG00000172725	2	CORO1B	protein_coding	21	9	0.90065	own-gene 3'UTR verified vs GTF; audit only, not a published ranked list (20 disclosure 1, issue #99)
82605	11	67437997	67438051	-	ENSG00000172725	1	CORO1B	protein_coding	23	8	0.90299	own-gene 3'UTR verified vs GTF; audit only, not a published ranked list (20 disclosure 1, issue #99)
82752	11	68052845	68053259	-	ENSG00000110721	1	CHKA	protein_coding	3	4	0.42361	own-gene 3'UTR verified vs GTF; audit only, not a published ranked list (20 disclosure 1, issue #99)
82980	11	68614078	68614595	+	ENSG00000110075	1	PPP6R3	protein_coding	2	2	0.21629	own-gene 3'UTR verified vs GTF; audit only, not a published ranked list (20 disclosure 1, issue #99)
82981	11	68614925	68615334	+	ENSG00000110075	1	PPP6R3	protein_coding	4	5	0.30017	own-gene 3'UTR verified vs GTF; audit only, not a published ranked list (20 disclosure 1, issue #99)
83127	11	69653584	69654474	+	ENSG00000110092	1	CCND1	protein_coding	2	3	0.47800	own-gene 3'UTR verified vs GTF; audit only, not a published ranked list (20 disclosure 1, issue #99)
83537	11	71996982	71997601	+	ENSG00000137522	1	RNF121	protein_coding	2	3	0.57424	own-gene 3'UTR verified vs GTF; audit only, not a published ranked list (20 disclosure 1, issue #99)
83540	11	72002863	72002864	-	ENSG00000137497	1	NUMA1	protein_coding	1	2	0.22826	own-gene 3'UTR verified vs GTF; audit only, not a published ranked list (20 disclosure 1, issue #99)
83695	11	72685068	72685074	-	ENSG00000186635	1	ARAP1	protein_coding	3	4	0.53556	own-gene 3'UTR verified vs GTF; audit only, not a published ranked list (20 disclosure 1, issue #99)
83758	11	72829341	72829638	+	ENSG00000168010	1	ATG16L2	protein_coding	2	2	0.65334	own-gene 3'UTR verified vs GTF; audit only, not a published ranked list (20 disclosure 1, issue #99)
84100	11	73675746	73677878	-	ENSG00000175582	1	RAB6A	protein_coding	2	3	0.45047	own-gene 3'UTR verified vs GTF; audit only, not a published ranked list (20 disclosure 1, issue #99)
84564	11	74976972	74977154	+	ENSG00000118363	1	SPCS2	protein_coding	8	6	0.59366	own-gene 3'UTR verified vs GTF; audit only, not a published ranked list (20 disclosure 1, issue #99)
84565	11	74977396	74977422	+	ENSG00000118363	1	SPCS2	protein_coding	4	2	0.33965	own-gene 3'UTR verified vs GTF; audit only, not a published ranked list (20 disclosure 1, issue #99)
84566	11	74977543	74977778	+	ENSG00000118363	1	SPCS2	protein_coding	3	3	0.27560	own-gene 3'UTR verified vs GTF; audit only, not a published ranked list (20 disclosure 1, issue #99)
84636	11	75265441	75266180	-	ENSG00000137486	1	ARRB1	protein_coding	2	2	0.56496	own-gene 3'UTR verified vs GTF; audit only, not a published ranked list (20 disclosure 1, issue #99)
84692	11	75405691	75405769	+	ENSG00000149273	1	RPS3	protein_coding	2	3	0.39822	own-gene 3'UTR verified vs GTF; audit only, not a published ranked list (20 disclosure 1, issue #99)
84704	11	75421822	75422302	+	ENSG00000149273	1	RPS3	protein_coding	3	4	0.14797	own-gene 3'UTR verified vs GTF; audit only, not a published ranked list (20 disclosure 1, issue #99)
84708	11	75434639	75434981	-	ENSG00000158555	1	GDPD5	protein_coding	1	2	0.68056	own-gene 3'UTR verified vs GTF; audit only, not a published ranked list (20 disclosure 1, issue #99)
85093	11	77020299	77020850	+	ENSG00000078124	1	ACER3	protein_coding	2	2	0.46571	own-gene 3'UTR verified vs GTF; audit only, not a published ranked list (20 disclosure 1, issue #99)
85096	11	77022359	77024206	+	ENSG00000078124	1	ACER3	protein_coding	1	2	0.37976	own-gene 3'UTR verified vs GTF; audit only, not a published ranked list (20 disclosure 1, issue #99)
85136	11	77321550	77322392	-	ENSG00000149269	1	PAK1	protein_coding	3	4	0.42818	own-gene 3'UTR verified vs GTF; audit only, not a published ranked list (20 disclosure 1, issue #99)
85137	11	77322885	77323041	-	ENSG00000149269	1	PAK1	protein_coding	3	2	0.42934	own-gene 3'UTR verified vs GTF; audit only, not a published ranked list (20 disclosure 1, issue #99)
85264	11	77659998	77660371	-	ENSG00000048649	1	RSF1	protein_coding	1	2	0.08226	own-gene 3'UTR verified vs GTF; audit only, not a published ranked list (20 disclosure 1, issue #99)
86012	11	83184780	83185206	+	ENSG00000165494	1	PCF11	protein_coding	2	2	0.28785	own-gene 3'UTR verified vs GTF; audit only, not a published ranked list (20 disclosure 1, issue #99)
86013	11	83185470	83185794	+	ENSG00000165494	1	PCF11	protein_coding	1	2	0.34061	own-gene 3'UTR verified vs GTF; audit only, not a published ranked list (20 disclosure 1, issue #99)
86314	11	85660972	85661490	-	ENSG00000137504	1	CREBZF	protein_coding	1	2	0.40208	own-gene 3'UTR verified vs GTF; audit only, not a published ranked list (20 disclosure 1, issue #99)
86330	11	85694226	85695245	-	ENSG00000137501	1	SYTL2	protein_coding	2	3	0.69676	own-gene 3'UTR verified vs GTF; audit only, not a published ranked list (20 disclosure 1, issue #99)
86400	11	85957451	85957800	-	ENSG00000073921	1	PICALM	protein_coding	3	3	0.32741	own-gene 3'UTR verified vs GTF; audit only, not a published ranked list (20 disclosure 1, issue #99)
86578	11	86344448	86344751	+	ENSG00000149196	1	HIKESHI	protein_coding	1	2	0.28020	own-gene 3'UTR verified vs GTF; audit only, not a published ranked list (20 disclosure 1, issue #99)
86918	11	88293591	88293850	-	ENSG00000109861	1	CTSC	protein_coding	11	6	0.43763	own-gene 3'UTR verified vs GTF; audit only, not a published ranked list (20 disclosure 1, issue #99)
86942	11	88325963	88326172	-	ENSG00000109861	1	CTSC	protein_coding	9	6	0.55595	own-gene 3'UTR verified vs GTF; audit only, not a published ranked list (20 disclosure 1, issue #99)
87260	11	93478692	93478704	-	ENSG00000166002	1	SMCO4	protein_coding	1	2	0.46399	own-gene 3'UTR verified vs GTF; audit only, not a published ranked list (20 disclosure 1, issue #99)
87261	11	93478832	93478927	-	ENSG00000166002	1	SMCO4	protein_coding	2	2	0.32032	own-gene 3'UTR verified vs GTF; audit only, not a published ranked list (20 disclosure 1, issue #99)
87313	11	93735919	93736195	-	ENSG00000166012	1	TAF1D	protein_coding	1	2	0.23573	own-gene 3'UTR verified vs GTF; audit only, not a published ranked list (20 disclosure 1, issue #99)
87339	11	93761594	93763084	+	ENSG00000182919	2	C11orf54	protein_coding	4	5	0.66099	own-gene 3'UTR verified vs GTF; audit only, not a published ranked list (20 disclosure 1, issue #99)
87541	11	95132158	95132645	+	ENSG00000149218	1	ENDOD1	protein_coding	1	2	0.47907	own-gene 3'UTR verified vs GTF; audit only, not a published ranked list (20 disclosure 1, issue #99)
87556	11	95165539	95165978	-	ENSG00000149212	1	SESN3	protein_coding	1	3	0.40180	own-gene 3'UTR verified vs GTF; audit only, not a published ranked list (20 disclosure 1, issue #99)
87737	11	95976595	95977345	-	ENSG00000184384	1	MAML2	protein_coding	2	3	0.21707	own-gene 3'UTR verified vs GTF; audit only, not a published ranked list (20 disclosure 1, issue #99)
88365	11	102396331	102396429	-	ENSG00000152558	1	TMEM123	protein_coding	1	2	0.43659	own-gene 3'UTR verified vs GTF; audit only, not a published ranked list (20 disclosure 1, issue #99)
88373	11	102398277	102398291	-	ENSG00000152558	1	TMEM123	protein_coding	2	3	0.24784	own-gene 3'UTR verified vs GTF; audit only, not a published ranked list (20 disclosure 1, issue #99)
88768	11	105041560	105041636	-	ENSG00000204397	1	CARD16	protein_coding	2	2	0.25724	own-gene 3'UTR verified vs GTF; audit only, not a published ranked list (20 disclosure 1, issue #99)
89087	11	108106281	108107037	+	ENSG00000166266	1	CUL5	protein_coding	1	2	0.34114	own-gene 3'UTR verified vs GTF; audit only, not a published ranked list (20 disclosure 1, issue #99)
89116	11	108147523	108147603	+	ENSG00000075239	1	ACAT1	protein_coding	8	5	0.55145	own-gene 3'UTR verified vs GTF; audit only, not a published ranked list (20 disclosure 1, issue #99)
89474	11	110229436	110230033	-	ENSG00000137710	1	RDX	protein_coding	2	3	0.42737	own-gene 3'UTR verified vs GTF; audit only, not a published ranked list (20 disclosure 1, issue #99)
89544	11	110463001	110463256	+	ENSG00000137714	1	FDX1	protein_coding	1	2	0.43118	own-gene 3'UTR verified vs GTF; audit only, not a published ranked list (20 disclosure 1, issue #99)
89723	11	111725560	111726064	+	ENSG00000170145	1	SIK2	protein_coding	1	2	0.16058	own-gene 3'UTR verified vs GTF; audit only, not a published ranked list (20 disclosure 1, issue #99)
89727	11	111730292	111730855	+	ENSG00000170145	1	SIK2	protein_coding	2	4	0.14825	own-gene 3'UTR verified vs GTF; audit only, not a published ranked list (20 disclosure 1, issue #99)
90188	11	114255348	114255983	+	ENSG00000109906	1	ZBTB16	protein_coding	2	2	0.42863	own-gene 3'UTR verified vs GTF; audit only, not a published ranked list (20 disclosure 1, issue #99)
90313	11	115173624	115174621	-	ENSG00000182985	1	CADM1	protein_coding	1	2	0.71494	own-gene 3'UTR verified vs GTF; audit only, not a published ranked list (20 disclosure 1, issue #99)
90488	11	116843409	116843908	-	ENSG00000160584	1	SIK3	protein_coding	3	4	0.08096	own-gene 3'UTR verified vs GTF; audit only, not a published ranked list (20 disclosure 1, issue #99)
90490	11	116845146	116845629	-	ENSG00000160584	1	SIK3	protein_coding	1	2	0.09013	own-gene 3'UTR verified vs GTF; audit only, not a published ranked list (20 disclosure 1, issue #99)
90785	11	117205071	117205553	-	ENSG00000160613	1	PCSK7	protein_coding	1	2	0.36596	own-gene 3'UTR verified vs GTF; audit only, not a published ranked list (20 disclosure 1, issue #99)
90912	11	117986491	117987469	+	ENSG00000110324	1	IL10RA	protein_coding	1	2	0.29417	own-gene 3'UTR verified vs GTF; audit only, not a published ranked list (20 disclosure 1, issue #99)
90926	11	118001476	118001524	+	ENSG00000110324	1	IL10RA	protein_coding	2	2	0.45934	own-gene 3'UTR verified vs GTF; audit only, not a published ranked list (20 disclosure 1, issue #99)
90970	11	118193842	118193968	-	ENSG00000160593	1	JAML	protein_coding	2	3	0.29539	own-gene 3'UTR verified vs GTF; audit only, not a published ranked list (20 disclosure 1, issue #99)
90988	11	118226689	118227139	-	ENSG00000160588	1	MPZL3	protein_coding	1	2	0.28775	own-gene 3'UTR verified vs GTF; audit only, not a published ranked list (20 disclosure 1, issue #99)
91093	11	118399204	118399211	+	ENSG00000110344	1	UBE4A	protein_coding	4	4	0.61112	own-gene 3'UTR verified vs GTF; audit only, not a published ranked list (20 disclosure 1, issue #99)
91116	11	118448999	118449995	+	ENSG00000285827	2	AP001267.5	protein_coding	2	2	0.16850	own-gene 3'UTR verified vs GTF; audit only, not a published ranked list (20 disclosure 1, issue #99)
91244	11	118658027	118658028	+	ENSG00000019144	1	PHLDB1	protein_coding	3	2	0.94444	own-gene 3'UTR verified vs GTF; audit only, not a published ranked list (20 disclosure 1, issue #99)
91278	11	118747762	118749033	-	ENSG00000110367	1	DDX6	protein_coding	2	4	0.40253	own-gene 3'UTR verified vs GTF; audit only, not a published ranked list (20 disclosure 1, issue #99)
91402	11	119015367	119016074	-	ENSG00000118181	1	RPS25	protein_coding	3	2	0.26295	own-gene 3'UTR verified vs GTF; audit only, not a published ranked list (20 disclosure 1, issue #99)
91588	11	119418804	119419420	-	ENSG00000154096	1	THY1	protein_coding	2	2	0.91764	own-gene 3'UTR verified vs GTF; audit only, not a published ranked list (20 disclosure 1, issue #99)
92140	11	122810781	122811166	+	ENSG00000154127	1	UBASH3B	protein_coding	1	2	0.32140	own-gene 3'UTR verified vs GTF; audit only, not a published ranked list (20 disclosure 1, issue #99)
92326	11	123435431	123435711	+	ENSG00000023171	1	GRAMD1B	protein_coding	1	2	0.32177	own-gene 3'UTR verified vs GTF; audit only, not a published ranked list (20 disclosure 1, issue #99)
92523	11	125088840	125089235	+	ENSG00000134955	1	SLC37A2	protein_coding	1	2	0.39560	own-gene 3'UTR verified vs GTF; audit only, not a published ranked list (20 disclosure 1, issue #99)
92685	11	126277631	126278127	+	ENSG00000110074	1	FOXRED1	protein_coding	1	2	0.79455	own-gene 3'UTR verified vs GTF; audit only, not a published ranked list (20 disclosure 1, issue #99)
92829	11	128461629	128462488	-	ENSG00000134954	1	ETS1	protein_coding	1	2	0.31177	own-gene 3'UTR verified vs GTF; audit only, not a published ranked list (20 disclosure 1, issue #99)
92942	11	128811400	128812416	+	ENSG00000151702	1	FLI1	protein_coding	1	4	0.38635	own-gene 3'UTR verified vs GTF; audit only, not a published ranked list (20 disclosure 1, issue #99)
93213	11	130121741	130121809	+	ENSG00000084234	1	APLP2	protein_coding	2	3	0.38111	own-gene 3'UTR verified vs GTF; audit only, not a published ranked list (20 disclosure 1, issue #99)
93226	11	130144719	130144805	+	ENSG00000084234	1	APLP2	protein_coding	15	7	0.67939	own-gene 3'UTR verified vs GTF; audit only, not a published ranked list (20 disclosure 1, issue #99)
93253	11	130209912	130210362	+	ENSG00000149418	1	ST14	protein_coding	2	2	0.31245	own-gene 3'UTR verified vs GTF; audit only, not a published ranked list (20 disclosure 1, issue #99)
93258	11	130226676	130227092	-	ENSG00000196323	1	ZBTB44	protein_coding	1	2	0.25829	own-gene 3'UTR verified vs GTF; audit only, not a published ranked list (20 disclosure 1, issue #99)
94014	12	908972	909987	+	ENSG00000060237	1	WNK1	protein_coding	6	4	0.47431	own-gene 3'UTR verified vs GTF; audit only, not a published ranked list (20 disclosure 1, issue #99)
94017	12	911241	911319	+	ENSG00000060237	1	WNK1	protein_coding	4	3	0.35835	own-gene 3'UTR verified vs GTF; audit only, not a published ranked list (20 disclosure 1, issue #99)
94018	12	911449	911452	+	ENSG00000060237	1	WNK1	protein_coding	2	3	0.18773	own-gene 3'UTR verified vs GTF; audit only, not a published ranked list (20 disclosure 1, issue #99)
94259	12	1495513	1495931	+	ENSG00000082805	1	ERC1	protein_coding	1	2	0.20474	own-gene 3'UTR verified vs GTF; audit only, not a published ranked list (20 disclosure 1, issue #99)
94385	12	1788242	1788674	+	ENSG00000006831	1	ADIPOR2	protein_coding	3	3	0.53922	own-gene 3'UTR verified vs GTF; audit only, not a published ranked list (20 disclosure 1, issue #99)
94888	12	4352717	4353488	+	ENSG00000285901	2	AC008012.1	protein_coding	3	3	0.48024	own-gene 3'UTR verified vs GTF; audit only, not a published ranked list (20 disclosure 1, issue #99)
95119	12	6237979	6237984	+	ENSG00000010278	1	CD9	protein_coding	7	4	0.74783	own-gene 3'UTR verified vs GTF; audit only, not a published ranked list (20 disclosure 1, issue #99)
95120	12	6238092	6238261	+	ENSG00000010278	1	CD9	protein_coding	2	3	0.26460	own-gene 3'UTR verified vs GTF; audit only, not a published ranked list (20 disclosure 1, issue #99)
95361	12	6650552	6650592	-	ENSG00000111653	1	ING4	protein_coding	1	3	0.38300	own-gene 3'UTR verified vs GTF; audit only, not a published ranked list (20 disclosure 1, issue #99)
95505	12	6913971	6914229	+	ENSG00000010626	2	LRRC23	protein_coding	1	2	0.27249	own-gene 3'UTR verified vs GTF; audit only, not a published ranked list (20 disclosure 1, issue #99)
95517	12	6941956	6942321	+	ENSG00000111676	1	ATN1	protein_coding	9	7	0.48442	own-gene 3'UTR verified vs GTF; audit only, not a published ranked list (20 disclosure 1, issue #99)
95534	12	6961313	6961381	+	ENSG00000111679	1	PTPN6	protein_coding	5	5	0.50379	own-gene 3'UTR verified vs GTF; audit only, not a published ranked list (20 disclosure 1, issue #99)
95549	12	6976175	6976605	-	ENSG00000111684	1	LPCAT3	protein_coding	5	4	0.49751	own-gene 3'UTR verified vs GTF; audit only, not a published ranked list (20 disclosure 1, issue #99)
95608	12	7080198	7080219	-	ENSG00000159403	1	C1R	protein_coding	2	3	0.61369	own-gene 3'UTR verified vs GTF; audit only, not a published ranked list (20 disclosure 1, issue #99)
95780	12	7919227	7919987	-	ENSG00000059804	1	SLC2A3	protein_coding	3	3	0.36236	own-gene 3'UTR verified vs GTF; audit only, not a published ranked list (20 disclosure 1, issue #99)
95781	12	7920542	7920549	-	ENSG00000059804	1	SLC2A3	protein_coding	2	3	0.28554	own-gene 3'UTR verified vs GTF; audit only, not a published ranked list (20 disclosure 1, issue #99)
95782	12	7920768	7920828	-	ENSG00000059804	1	SLC2A3	protein_coding	1	2	0.23802	own-gene 3'UTR verified vs GTF; audit only, not a published ranked list (20 disclosure 1, issue #99)
96103	12	8941211	8941922	-	ENSG00000003056	1	M6PR	protein_coding	4	4	0.39544	own-gene 3'UTR verified vs GTF; audit only, not a published ranked list (20 disclosure 1, issue #99)
96418	12	9695000	9695129	+	ENSG00000069493	1	CLEC2D	protein_coding	13	5	0.53245	own-gene 3'UTR verified vs GTF; audit only, not a published ranked list (20 disclosure 1, issue #99)
96421	12	9695960	9696589	+	ENSG00000069493	2	CLEC2D	protein_coding	3	4	0.30138	own-gene 3'UTR verified vs GTF; audit only, not a published ranked list (20 disclosure 1, issue #99)
96422	12	9696752	9698560	+	ENSG00000069493	1	CLEC2D	protein_coding	1	3	0.11999	own-gene 3'UTR verified vs GTF; audit only, not a published ranked list (20 disclosure 1, issue #99)
96439	12	9722488	9722608	-	ENSG00000184293	1	CLECL1	protein_coding	1	2	0.71743	own-gene 3'UTR verified vs GTF; audit only, not a published ranked list (20 disclosure 1, issue #99)
96456	12	9752890	9753507	-	ENSG00000110848	1	CD69	protein_coding	6	3	0.53188	own-gene 3'UTR verified vs GTF; audit only, not a published ranked list (20 disclosure 1, issue #99)
96457	12	9754110	9755582	-	ENSG00000110848	1	CD69	protein_coding	1	2	0.20905	own-gene 3'UTR verified vs GTF; audit only, not a published ranked list (20 disclosure 1, issue #99)
96619	12	10158300	10158991	-	ENSG00000173391	1	OLR1	protein_coding	1	3	0.35226	own-gene 3'UTR verified vs GTF; audit only, not a published ranked list (20 disclosure 1, issue #99)
96972	12	10699492	10699581	-	ENSG00000060138	1	YBX3	protein_coding	2	2	0.43060	own-gene 3'UTR verified vs GTF; audit only, not a published ranked list (20 disclosure 1, issue #99)
97620	12	12465766	12467146	+	ENSG00000165714	1	BORCS5	protein_coding	7	3	0.69531	own-gene 3'UTR verified vs GTF; audit only, not a published ranked list (20 disclosure 1, issue #99)
97630	12	12474209	12474581	-	ENSG00000111266	1	DUSP16	protein_coding	1	3	0.32228	own-gene 3'UTR verified vs GTF; audit only, not a published ranked list (20 disclosure 1, issue #99)
97844	12	12790842	12791466	+	ENSG00000178878	1	APOLD1	protein_coding	4	3	0.82844	own-gene 3'UTR verified vs GTF; audit only, not a published ranked list (20 disclosure 1, issue #99)
97927	12	12917657	12917944	+	ENSG00000013588	1	GPRC5A	protein_coding	1	2	0.50902	own-gene 3'UTR verified vs GTF; audit only, not a published ranked list (20 disclosure 1, issue #99)
98134	12	14502196	14502936	+	ENSG00000171681	1	ATF7IP	protein_coding	1	3	0.39995	own-gene 3'UTR verified vs GTF; audit only, not a published ranked list (20 disclosure 1, issue #99)
98365	12	15620157	15620369	-	ENSG00000151491	1	EPS8	protein_coding	4	2	0.77460	own-gene 3'UTR verified vs GTF; audit only, not a published ranked list (20 disclosure 1, issue #99)
99354	12	21517765	21518408	+	ENSG00000111711	1	GOLT1B	protein_coding	3	2	0.69777	own-gene 3'UTR verified vs GTF; audit only, not a published ranked list (20 disclosure 1, issue #99)
99595	12	22690647	22690665	+	ENSG00000139163	1	ETNK1	protein_coding	1	2	0.48963	own-gene 3'UTR verified vs GTF; audit only, not a published ranked list (20 disclosure 1, issue #99)
99878	12	25107944	25108339	+	ENSG00000118308	1	LRMP	protein_coding	1	2	0.26489	own-gene 3'UTR verified vs GTF; audit only, not a published ranked list (20 disclosure 1, issue #99)
99908	12	25205245	25205729	-	ENSG00000133703	1	KRAS	protein_coding	2	3	0.50663	own-gene 3'UTR verified vs GTF; audit only, not a published ranked list (20 disclosure 1, issue #99)
100136	12	26336619	26337343	-	ENSG00000123104	2	ITPR2	protein_coding	2	3	0.69226	own-gene 3'UTR verified vs GTF; audit only, not a published ranked list (20 disclosure 1, issue #99)
100340	12	26960750	26960751	+	ENSG00000111790	1	FGFR1OP2	protein_coding	2	2	0.43635	own-gene 3'UTR verified vs GTF; audit only, not a published ranked list (20 disclosure 1, issue #99)
100359	12	26971569	26972082	-	ENSG00000064115	1	TM7SF3	protein_coding	1	2	0.33922	own-gene 3'UTR verified vs GTF; audit only, not a published ranked list (20 disclosure 1, issue #99)
100467	12	27324598	27325094	+	ENSG00000211455	1	STK38L	protein_coding	2	2	0.53999	own-gene 3'UTR verified vs GTF; audit only, not a published ranked list (20 disclosure 1, issue #99)
101746	12	32747023	32747024	-	ENSG00000139131	1	YARS2	protein_coding	1	2	0.68490	own-gene 3'UTR verified vs GTF; audit only, not a published ranked list (20 disclosure 1, issue #99)
102837	12	45431983	45432349	+	ENSG00000177119	1	ANO6	protein_coding	2	2	0.74018	own-gene 3'UTR verified vs GTF; audit only, not a published ranked list (20 disclosure 1, issue #99)
102955	12	45919130	45919500	-	ENSG00000139218	1	SCAF11	protein_coding	2	3	0.28183	own-gene 3'UTR verified vs GTF; audit only, not a published ranked list (20 disclosure 1, issue #99)
103016	12	46183054	46183847	-	ENSG00000111371	1	SLC38A1	protein_coding	2	4	0.40527	own-gene 3'UTR verified vs GTF; audit only, not a published ranked list (20 disclosure 1, issue #99)
103091	12	46358187	46358188	-	ENSG00000134294	1	SLC38A2	protein_coding	4	3	0.39886	own-gene 3'UTR verified vs GTF; audit only, not a published ranked list (20 disclosure 1, issue #99)
103092	12	46358293	46358367	-	ENSG00000134294	1	SLC38A2	protein_coding	2	2	0.42149	own-gene 3'UTR verified vs GTF; audit only, not a published ranked list (20 disclosure 1, issue #99)
103093	12	46358478	46358479	-	ENSG00000134294	1	SLC38A2	protein_coding	2	5	0.31750	own-gene 3'UTR verified vs GTF; audit only, not a published ranked list (20 disclosure 1, issue #99)
103355	12	47236327	47236660	+	ENSG00000179715	1	PCED1B	protein_coding	3	3	0.41313	own-gene 3'UTR verified vs GTF; audit only, not a published ranked list (20 disclosure 1, issue #99)
103657	12	48688457	48688462	-	ENSG00000129315	1	CCNT1	protein_coding	1	3	0.42251	own-gene 3'UTR verified vs GTF; audit only, not a published ranked list (20 disclosure 1, issue #99)
103787	12	49002271	49002277	-	ENSG00000181929	1	PRKAG1	protein_coding	1	2	0.49071	own-gene 3'UTR verified vs GTF; audit only, not a published ranked list (20 disclosure 1, issue #99)
103846	12	49129931	49130682	-	ENSG00000123416	1	TUBA1B	protein_coding	1	2	0.11087	own-gene 3'UTR verified vs GTF; audit only, not a published ranked list (20 disclosure 1, issue #99)
103903	12	49273165	49273334	+	ENSG00000167553	1	TUBA1C	protein_coding	1	2	0.23879	own-gene 3'UTR verified vs GTF; audit only, not a published ranked list (20 disclosure 1, issue #99)
104099	12	49762965	49763071	+	ENSG00000139644	1	TMBIM6	protein_coding	7	7	0.49255	own-gene 3'UTR verified vs GTF; audit only, not a published ranked list (20 disclosure 1, issue #99)
104102	12	49764844	49764934	+	ENSG00000139644	1	TMBIM6	protein_coding	11	9	0.68941	own-gene 3'UTR verified vs GTF; audit only, not a published ranked list (20 disclosure 1, issue #99)
104493	12	50748255	50748657	+	ENSG00000066084	1	DIP2B	protein_coding	1	2	0.47554	own-gene 3'UTR verified vs GTF; audit only, not a published ranked list (20 disclosure 1, issue #99)
104627	12	51061204	51061565	-	ENSG00000110925	1	CSRNP2	protein_coding	2	3	0.61025	own-gene 3'UTR verified vs GTF; audit only, not a published ranked list (20 disclosure 1, issue #99)
104725	12	51243765	51243790	+	ENSG00000183283	1	DAZAP2	protein_coding	7	5	0.37716	own-gene 3'UTR verified vs GTF; audit only, not a published ranked list (20 disclosure 1, issue #99)
104752	12	51270821	51271258	+	ENSG00000183283	1	DAZAP2	protein_coding	1	2	0.20642	own-gene 3'UTR verified vs GTF; audit only, not a published ranked list (20 disclosure 1, issue #99)
104755	12	51281037	51281419	-	ENSG00000110934	1	BIN2	protein_coding	3	3	0.23761	own-gene 3'UTR verified vs GTF; audit only, not a published ranked list (20 disclosure 1, issue #99)
105074	12	52897186	52897224	-	ENSG00000170421	1	KRT8	protein_coding	1	2	0.68080	own-gene 3'UTR verified vs GTF; audit only, not a published ranked list (20 disclosure 1, issue #99)
105186	12	53157662	53158421	-	ENSG00000139631	1	CSAD	protein_coding	1	2	0.37992	own-gene 3'UTR verified vs GTF; audit only, not a published ranked list (20 disclosure 1, issue #99)
105233	12	53293366	53293638	+	ENSG00000135476	1	ESPL1	protein_coding	2	2	0.05940	own-gene 3'UTR verified vs GTF; audit only, not a published ranked list (20 disclosure 1, issue #99)
105302	12	53443242	53444031	+	ENSG00000205352	2	PRR13	protein_coding	1	2	0.19987	own-gene 3'UTR verified vs GTF; audit only, not a published ranked list (20 disclosure 1, issue #99)
105337	12	53479794	53479795	+	ENSG00000197111	1	PCBP2	protein_coding	2	3	0.29751	own-gene 3'UTR verified vs GTF; audit only, not a published ranked list (20 disclosure 1, issue #99)
105439	12	53711114	53711721	-	ENSG00000012822	1	CALCOCO1	protein_coding	2	3	0.57032	own-gene 3'UTR verified vs GTF; audit only, not a published ranked list (20 disclosure 1, issue #99)
105519	12	54241443	54241798	-	ENSG00000094916	1	CBX5	protein_coding	1	2	0.59894	own-gene 3'UTR verified vs GTF; audit only, not a published ranked list (20 disclosure 1, issue #99)
105570	12	54350876	54350877	+	ENSG00000111481	1	COPZ1	protein_coding	3	4	0.37067	own-gene 3'UTR verified vs GTF; audit only, not a published ranked list (20 disclosure 1, issue #99)
105571	12	54351845	54351846	+	ENSG00000111481	1	COPZ1	protein_coding	1	2	0.30721	own-gene 3'UTR verified vs GTF; audit only, not a published ranked list (20 disclosure 1, issue #99)
105631	12	54542672	54543102	+	ENSG00000123338	1	NCKAP1L	protein_coding	1	2	0.29945	own-gene 3'UTR verified vs GTF; audit only, not a published ranked list (20 disclosure 1, issue #99)
105671	12	54950058	54950300	-	ENSG00000135426	1	TESPA1	protein_coding	1	2	0.32867	own-gene 3'UTR verified vs GTF; audit only, not a published ranked list (20 disclosure 1, issue #99)
105733	12	55725389	55725535	-	ENSG00000135404	1	CD63	protein_coding	8	4	0.34954	own-gene 3'UTR verified vs GTF; audit only, not a published ranked list (20 disclosure 1, issue #99)
105736	12	55726149	55726842	-	ENSG00000135404	1	CD63	protein_coding	11	4	0.38832	own-gene 3'UTR verified vs GTF; audit only, not a published ranked list (20 disclosure 1, issue #99)
105756	12	55757266	55757300	-	ENSG00000205323	2	SARNP	protein_coding	3	2	0.31877	own-gene 3'UTR verified vs GTF; audit only, not a published ranked list (20 disclosure 1, issue #99)
105812	12	55820460	55820554	+	ENSG00000123353	1	ORMDL2	protein_coding	1	2	0.19879	own-gene 3'UTR verified vs GTF; audit only, not a published ranked list (20 disclosure 1, issue #99)
105839	12	55836421	55836916	-	ENSG00000123342	1	MMP19	protein_coding	1	2	0.43978	own-gene 3'UTR verified vs GTF; audit only, not a published ranked list (20 disclosure 1, issue #99)
105861	12	55901411	55901802	-	ENSG00000170473	1	PYM1	protein_coding	2	2	0.40653	own-gene 3'UTR verified vs GTF; audit only, not a published ranked list (20 disclosure 1, issue #99)
105977	12	56102438	56102864	+	ENSG00000065361	2	ERBB3	protein_coding	3	5	0.90686	own-gene 3'UTR verified vs GTF; audit only, not a published ranked list (20 disclosure 1, issue #99)
105980	12	56103190	56103505	+	ENSG00000065361	2	ERBB3	protein_coding	2	2	0.57361	own-gene 3'UTR verified vs GTF; audit only, not a published ranked list (20 disclosure 1, issue #99)
106026	12	56157962	56157982	+	ENSG00000196465	1	MYL6B	protein_coding	2	3	0.06050	own-gene 3'UTR verified vs GTF; audit only, not a published ranked list (20 disclosure 1, issue #99)
106079	12	56208622	56210400	-	ENSG00000181852	1	RNF41	protein_coding	2	2	0.47363	own-gene 3'UTR verified vs GTF; audit only, not a published ranked list (20 disclosure 1, issue #99)
106110	12	56271698	56271701	-	ENSG00000062485	1	CS	protein_coding	1	2	0.41861	own-gene 3'UTR verified vs GTF; audit only, not a published ranked list (20 disclosure 1, issue #99)
106122	12	56284995	56286046	-	ENSG00000062485	2	CS	protein_coding	2	2	0.41989	own-gene 3'UTR verified vs GTF; audit only, not a published ranked list (20 disclosure 1, issue #99)
106166	12	56341596	56341698	-	ENSG00000170581	1	STAT2	protein_coding	4	4	0.58950	own-gene 3'UTR verified vs GTF; audit only, not a published ranked list (20 disclosure 1, issue #99)
106175	12	56352451	56353692	-	ENSG00000170581	1	STAT2	protein_coding	1	2	0.38458	own-gene 3'UTR verified vs GTF; audit only, not a published ranked list (20 disclosure 1, issue #99)
106256	12	56589178	56589700	+	ENSG00000076067	1	RBMS2	protein_coding	3	4	0.33796	own-gene 3'UTR verified vs GTF; audit only, not a published ranked list (20 disclosure 1, issue #99)
106265	12	56595161	56595600	+	ENSG00000076067	1	RBMS2	protein_coding	1	2	0.33062	own-gene 3'UTR verified vs GTF; audit only, not a published ranked list (20 disclosure 1, issue #99)
106324	12	56663348	56663398	-	ENSG00000110958	1	PTGES3	protein_coding	9	6	0.37279	own-gene 3'UTR verified vs GTF; audit only, not a published ranked list (20 disclosure 1, issue #99)
106325	12	56663521	56663834	-	ENSG00000110958	1	PTGES3	protein_coding	1	2	0.12294	own-gene 3'UTR verified vs GTF; audit only, not a published ranked list (20 disclosure 1, issue #99)
106384	12	56712366	56712510	-	ENSG00000196531	1	NACA	protein_coding	3	2	0.36760	own-gene 3'UTR verified vs GTF; audit only, not a published ranked list (20 disclosure 1, issue #99)
106387	12	56713062	56713105	-	ENSG00000196531	1	NACA	protein_coding	2	2	0.38967	own-gene 3'UTR verified vs GTF; audit only, not a published ranked list (20 disclosure 1, issue #99)
106460	12	57095403	57095430	-	ENSG00000166888	1	STAT6	protein_coding	4	4	0.45386	own-gene 3'UTR verified vs GTF; audit only, not a published ranked list (20 disclosure 1, issue #99)
106462	12	57095829	57095830	-	ENSG00000166888	1	STAT6	protein_coding	4	4	0.39330	own-gene 3'UTR verified vs GTF; audit only, not a published ranked list (20 disclosure 1, issue #99)
106636	12	57472263	57472619	-	ENSG00000123329	1	ARHGAP9	protein_coding	1	2	0.38753	own-gene 3'UTR verified vs GTF; audit only, not a published ranked list (20 disclosure 1, issue #99)
106681	12	57516582	57516655	+	ENSG00000166986	1	MARS1	protein_coding	3	3	0.55057	own-gene 3'UTR verified vs GTF; audit only, not a published ranked list (20 disclosure 1, issue #99)
106682	12	57516592	57516783	-	ENSG00000175197	1	DDIT3	protein_coding	1	2	0.27972	own-gene 3'UTR verified vs GTF; audit only, not a published ranked list (20 disclosure 1, issue #99)
106702	12	57594406	57595628	+	ENSG00000166908	1	PIP4K2C	protein_coding	1	2	0.45595	own-gene 3'UTR verified vs GTF; audit only, not a published ranked list (20 disclosure 1, issue #99)
106709	12	57602995	57603432	+	ENSG00000166908	1	PIP4K2C	protein_coding	1	2	0.46190	own-gene 3'UTR verified vs GTF; audit only, not a published ranked list (20 disclosure 1, issue #99)
106748	12	57721493	57721557	+	ENSG00000135506	1	OS9	protein_coding	4	3	0.23959	own-gene 3'UTR verified vs GTF; audit only, not a published ranked list (20 disclosure 1, issue #99)
106820	12	57819910	57820029	-	ENSG00000175215	1	CTDSP2	protein_coding	1	2	0.41113	own-gene 3'UTR verified vs GTF; audit only, not a published ranked list (20 disclosure 1, issue #99)
107129	12	62404058	62404809	+	ENSG00000135655	1	USP15	protein_coding	3	5	0.29845	own-gene 3'UTR verified vs GTF; audit only, not a published ranked list (20 disclosure 1, issue #99)
107602	12	64697172	64697666	+	ENSG00000153179	1	RASSF3	protein_coding	4	2	0.69141	own-gene 3'UTR verified vs GTF; audit only, not a published ranked list (20 disclosure 1, issue #99)
107609	12	64713441	64713449	-	ENSG00000135677	1	GNS	protein_coding	7	3	0.61278	own-gene 3'UTR verified vs GTF; audit only, not a published ranked list (20 disclosure 1, issue #99)
108146	12	67312784	67313238	+	ENSG00000111530	1	CAND1	protein_coding	2	2	0.45345	own-gene 3'UTR verified vs GTF; audit only, not a published ranked list (20 disclosure 1, issue #99)
108453	12	68659512	68659666	+	ENSG00000127314	1	RAP1B	protein_coding	6	5	0.38354	own-gene 3'UTR verified vs GTF; audit only, not a published ranked list (20 disclosure 1, issue #99)
108456	12	68660147	68660605	+	ENSG00000127314	1	RAP1B	protein_coding	6	3	0.27650	own-gene 3'UTR verified vs GTF; audit only, not a published ranked list (20 disclosure 1, issue #99)
108618	12	68853998	68854836	-	ENSG00000135678	1	CPM	protein_coding	2	2	0.64471	own-gene 3'UTR verified vs GTF; audit only, not a published ranked list (20 disclosure 1, issue #99)
109036	12	70353614	70354993	+	ENSG00000111596	1	CNOT2	protein_coding	4	3	0.44664	own-gene 3'UTR verified vs GTF; audit only, not a published ranked list (20 disclosure 1, issue #99)
109161	12	71609598	71610073	-	ENSG00000133858	1	ZFC3H1	protein_coding	2	5	0.30023	own-gene 3'UTR verified vs GTF; audit only, not a published ranked list (20 disclosure 1, issue #99)
109325	12	71923361	71923366	+	ENSG00000121749	1	TBC1D15	protein_coding	2	3	0.35410	own-gene 3'UTR verified vs GTF; audit only, not a published ranked list (20 disclosure 1, issue #99)
109649	12	75495929	75497425	-	ENSG00000111615	1	KRR1	protein_coding	2	3	0.72154	own-gene 3'UTR verified vs GTF; audit only, not a published ranked list (20 disclosure 1, issue #99)
109654	12	75498912	75499186	+	ENSG00000139278	1	GLIPR1	protein_coding	1	2	0.31602	own-gene 3'UTR verified vs GTF; audit only, not a published ranked list (20 disclosure 1, issue #99)
109656	12	75499469	75499850	-	ENSG00000111615	1	KRR1	protein_coding	1	2	0.35533	own-gene 3'UTR verified vs GTF; audit only, not a published ranked list (20 disclosure 1, issue #99)
109765	12	76025446	76025847	-	ENSG00000139289	1	PHLDA1	protein_coding	2	3	0.34320	own-gene 3'UTR verified vs GTF; audit only, not a published ranked list (20 disclosure 1, issue #99)
109783	12	76046015	76046767	-	ENSG00000187109	1	NAP1L1	protein_coding	4	4	0.51823	own-gene 3'UTR verified vs GTF; audit only, not a published ranked list (20 disclosure 1, issue #99)
109787	12	76047595	76047596	-	ENSG00000187109	1	NAP1L1	protein_coding	6	3	0.34856	own-gene 3'UTR verified vs GTF; audit only, not a published ranked list (20 disclosure 1, issue #99)
109793	12	76049565	76049695	-	ENSG00000187109	1	NAP1L1	protein_coding	2	2	0.38471	own-gene 3'UTR verified vs GTF; audit only, not a published ranked list (20 disclosure 1, issue #99)
109847	12	76351796	76352507	-	ENSG00000091039	1	OSBPL8	protein_coding	3	3	0.31068	own-gene 3'UTR verified vs GTF; audit only, not a published ranked list (20 disclosure 1, issue #99)
109848	12	76353112	76354045	-	ENSG00000091039	1	OSBPL8	protein_coding	3	2	0.19746	own-gene 3'UTR verified vs GTF; audit only, not a published ranked list (20 disclosure 1, issue #99)
110319	12	79773803	79773863	-	ENSG00000058272	1	PPP1R12A	protein_coding	3	2	0.36096	own-gene 3'UTR verified vs GTF; audit only, not a published ranked list (20 disclosure 1, issue #99)
110932	12	89348228	89348384	-	ENSG00000139318	1	DUSP6	protein_coding	1	2	0.34510	own-gene 3'UTR verified vs GTF; audit only, not a published ranked list (20 disclosure 1, issue #99)
111061	12	89589776	89591097	-	ENSG00000070961	1	ATP2B1	protein_coding	4	3	0.37211	own-gene 3'UTR verified vs GTF; audit only, not a published ranked list (20 disclosure 1, issue #99)
111194	12	91102701	91103153	-	ENSG00000139329	1	LUM	protein_coding	3	3	0.59998	own-gene 3'UTR verified vs GTF; audit only, not a published ranked list (20 disclosure 1, issue #99)
111201	12	91145247	91145269	-	ENSG00000011465	1	DCN	protein_coding	4	3	0.82900	own-gene 3'UTR verified vs GTF; audit only, not a published ranked list (20 disclosure 1, issue #99)
111373	12	92143124	92143359	-	ENSG00000133639	1	BTG1	protein_coding	9	7	0.22326	own-gene 3'UTR verified vs GTF; audit only, not a published ranked list (20 disclosure 1, issue #99)
111374	12	92143461	92144437	-	ENSG00000133639	1	BTG1	protein_coding	11	6	0.24464	own-gene 3'UTR verified vs GTF; audit only, not a published ranked list (20 disclosure 1, issue #99)
111531	12	92772474	92773112	-	ENSG00000102189	1	EEA1	protein_coding	1	2	0.39370	own-gene 3'UTR verified vs GTF; audit only, not a published ranked list (20 disclosure 1, issue #99)
111704	12	93408307	93408365	-	ENSG00000177889	1	UBE2N	protein_coding	1	3	0.19811	own-gene 3'UTR verified vs GTF; audit only, not a published ranked list (20 disclosure 1, issue #99)
112322	12	95300270	95301172	+	ENSG00000028203	1	VEZT	protein_coding	3	3	0.67238	own-gene 3'UTR verified vs GTF; audit only, not a published ranked list (20 disclosure 1, issue #99)
112414	12	95657806	95658731	-	ENSG00000074527	1	NTN4	protein_coding	4	5	0.70325	own-gene 3'UTR verified vs GTF; audit only, not a published ranked list (20 disclosure 1, issue #99)
112521	12	96000646	96000973	-	ENSG00000111144	1	LTA4H	protein_coding	3	5	0.33245	own-gene 3'UTR verified vs GTF; audit only, not a published ranked list (20 disclosure 1, issue #99)
112618	12	96278382	96278603	-	ENSG00000059758	1	CDK17	protein_coding	3	4	0.47745	own-gene 3'UTR verified vs GTF; audit only, not a published ranked list (20 disclosure 1, issue #99)
113555	12	101923124	101923623	+	ENSG00000136048	1	DRAM1	protein_coding	4	3	0.56866	own-gene 3'UTR verified vs GTF; audit only, not a published ranked list (20 disclosure 1, issue #99)
113744	12	103933987	103934734	+	ENSG00000166598	1	HSP90B1	protein_coding	7	6	0.46771	own-gene 3'UTR verified vs GTF; audit only, not a published ranked list (20 disclosure 1, issue #99)
113757	12	103946639	103947446	+	ENSG00000166598	1	HSP90B1	protein_coding	6	5	0.31172	own-gene 3'UTR verified vs GTF; audit only, not a published ranked list (20 disclosure 1, issue #99)
113759	12	103947768	103947962	+	ENSG00000166598	1	HSP90B1	protein_coding	12	6	0.45678	own-gene 3'UTR verified vs GTF; audit only, not a published ranked list (20 disclosure 1, issue #99)
113765	12	103950739	103951544	-	ENSG00000204954	1	C12orf73	protein_coding	1	2	0.47208	own-gene 3'UTR verified vs GTF; audit only, not a published ranked list (20 disclosure 1, issue #99)
113944	12	104349866	104350284	+	ENSG00000198431	1	TXNRD1	protein_coding	1	2	0.55761	own-gene 3'UTR verified vs GTF; audit only, not a published ranked list (20 disclosure 1, issue #99)
114138	12	104757562	104758114	+	ENSG00000171310	1	CHST11	protein_coding	2	2	0.23835	own-gene 3'UTR verified vs GTF; audit only, not a published ranked list (20 disclosure 1, issue #99)
114292	12	105168714	105169134	+	ENSG00000136051	1	WASHC4	protein_coding	1	3	0.57584	own-gene 3'UTR verified vs GTF; audit only, not a published ranked list (20 disclosure 1, issue #99)
114524	12	106973983	106974035	+	ENSG00000151135	1	TMEM263	protein_coding	2	2	0.43778	own-gene 3'UTR verified vs GTF; audit only, not a published ranked list (20 disclosure 1, issue #99)
114541	12	106991363	106991814	-	ENSG00000008405	1	CRY1	protein_coding	1	3	0.25807	own-gene 3'UTR verified vs GTF; audit only, not a published ranked list (20 disclosure 1, issue #99)
114775	12	108569367	108569368	+	ENSG00000136003	1	ISCU	protein_coding	2	2	0.30655	own-gene 3'UTR verified vs GTF; audit only, not a published ranked list (20 disclosure 1, issue #99)
114818	12	108645108	108645109	-	ENSG00000110880	1	CORO1C	protein_coding	1	2	0.34230	own-gene 3'UTR verified vs GTF; audit only, not a published ranked list (20 disclosure 1, issue #99)
114820	12	108646564	108647430	-	ENSG00000110880	1	CORO1C	protein_coding	1	2	0.30183	own-gene 3'UTR verified vs GTF; audit only, not a published ranked list (20 disclosure 1, issue #99)
115140	12	109929791	109930374	-	ENSG00000139436	1	GIT2	protein_coding	2	3	0.49916	own-gene 3'UTR verified vs GTF; audit only, not a published ranked list (20 disclosure 1, issue #99)
115152	12	109948061	109948747	-	ENSG00000139436	1	GIT2	protein_coding	1	2	0.39947	own-gene 3'UTR verified vs GTF; audit only, not a published ranked list (20 disclosure 1, issue #99)
115379	12	110347235	110347326	+	ENSG00000174437	1	ATP2A2	protein_coding	4	3	0.51085	own-gene 3'UTR verified vs GTF; audit only, not a published ranked list (20 disclosure 1, issue #99)
115380	12	110350609	110351094	+	ENSG00000174437	1	ATP2A2	protein_coding	2	2	0.27417	own-gene 3'UTR verified vs GTF; audit only, not a published ranked list (20 disclosure 1, issue #99)
115474	12	110491444	110491710	-	ENSG00000111237	1	VPS29	protein_coding	6	6	0.48678	own-gene 3'UTR verified vs GTF; audit only, not a published ranked list (20 disclosure 1, issue #99)
115475	12	110491860	110492000	-	ENSG00000111237	1	VPS29	protein_coding	5	5	0.27880	own-gene 3'UTR verified vs GTF; audit only, not a published ranked list (20 disclosure 1, issue #99)
115496	12	110533244	110533249	-	ENSG00000196850	1	PPTC7	protein_coding	1	2	0.54269	own-gene 3'UTR verified vs GTF; audit only, not a published ranked list (20 disclosure 1, issue #99)
115673	12	111451271	111451623	+	ENSG00000111252	1	SH2B3	protein_coding	2	3	0.56315	own-gene 3'UTR verified vs GTF; audit only, not a published ranked list (20 disclosure 1, issue #99)
115675	12	111452398	111452430	-	ENSG00000204842	1	ATXN2	protein_coding	1	2	0.38349	own-gene 3'UTR verified vs GTF; audit only, not a published ranked list (20 disclosure 1, issue #99)
116224	12	112405133	112405305	-	ENSG00000089009	1	RPL6	protein_coding	1	2	0.11307	own-gene 3'UTR verified vs GTF; audit only, not a published ranked list (20 disclosure 1, issue #99)
116651	12	115958575	115960212	-	ENSG00000123066	1	MED13L	protein_coding	1	2	0.40869	own-gene 3'UTR verified vs GTF; audit only, not a published ranked list (20 disclosure 1, issue #99)
117166	12	118145007	118145230	+	ENSG00000089220	1	PEBP1	protein_coding	3	2	0.25003	own-gene 3'UTR verified vs GTF; audit only, not a published ranked list (20 disclosure 1, issue #99)
117167	12	118145492	118145584	+	ENSG00000089220	1	PEBP1	protein_coding	11	6	0.47139	own-gene 3'UTR verified vs GTF; audit only, not a published ranked list (20 disclosure 1, issue #99)
117647	12	120094047	120094495	+	ENSG00000135127	1	BICDL1	protein_coding	1	3	0.42598	own-gene 3'UTR verified vs GTF; audit only, not a published ranked list (20 disclosure 1, issue #99)
117648	12	120095097	120095099	-	ENSG00000111737	1	RAB35	protein_coding	1	2	0.42439	own-gene 3'UTR verified vs GTF; audit only, not a published ranked list (20 disclosure 1, issue #99)
117704	12	120210441	120210447	-	ENSG00000089159	1	PXN	protein_coding	1	4	0.39140	own-gene 3'UTR verified vs GTF; audit only, not a published ranked list (20 disclosure 1, issue #99)
117868	12	120576845	120576888	+	ENSG00000022840	1	RNF10	protein_coding	4	4	0.40912	own-gene 3'UTR verified vs GTF; audit only, not a published ranked list (20 disclosure 1, issue #99)
117889	12	120701492	120701859	+	ENSG00000110917	1	MLEC	protein_coding	4	3	0.50428	own-gene 3'UTR verified vs GTF; audit only, not a published ranked list (20 disclosure 1, issue #99)
118160	12	121308346	121308357	-	ENSG00000089053	1	ANAPC5	protein_coding	1	3	0.38757	own-gene 3'UTR verified vs GTF; audit only, not a published ranked list (20 disclosure 1, issue #99)
118231	12	121429092	121429502	-	ENSG00000089094	1	KDM2B	protein_coding	1	3	0.45797	own-gene 3'UTR verified vs GTF; audit only, not a published ranked list (20 disclosure 1, issue #99)
118560	12	121916643	121916644	+	ENSG00000110801	2	PSMD9	protein_coding	1	2	0.12031	own-gene 3'UTR verified vs GTF; audit only, not a published ranked list (20 disclosure 1, issue #99)
118662	12	122146881	122147347	+	ENSG00000175727	1	MLXIP	protein_coding	1	2	0.36864	own-gene 3'UTR verified vs GTF; audit only, not a published ranked list (20 disclosure 1, issue #99)
118725	12	122271426	122271862	-	ENSG00000130779	1	CLIP1	protein_coding	1	2	0.37244	own-gene 3'UTR verified vs GTF; audit only, not a published ranked list (20 disclosure 1, issue #99)
118884	12	122505054	122505382	-	ENSG00000111011	1	RSRC2	protein_coding	2	3	0.31916	own-gene 3'UTR verified vs GTF; audit only, not a published ranked list (20 disclosure 1, issue #99)
118991	12	122769148	122769491	+	ENSG00000139726	1	DENR	protein_coding	1	2	0.40853	own-gene 3'UTR verified vs GTF; audit only, not a published ranked list (20 disclosure 1, issue #99)
119022	12	122865327	122865330	-	ENSG00000139722	1	VPS37B	protein_coding	2	2	0.21067	own-gene 3'UTR verified vs GTF; audit only, not a published ranked list (20 disclosure 1, issue #99)
119099	12	122979435	122979451	+	ENSG00000111325	2	OGFOD2	protein_coding	2	3	0.14711	own-gene 3'UTR verified vs GTF; audit only, not a published ranked list (20 disclosure 1, issue #99)
119100	12	122979616	122980043	+	ENSG00000111325	2	OGFOD2	protein_coding	1	2	0.08701	own-gene 3'UTR verified vs GTF; audit only, not a published ranked list (20 disclosure 1, issue #99)
119316	12	123415388	123415389	-	ENSG00000150977	1	RILPL2	protein_coding	4	3	0.47689	own-gene 3'UTR verified vs GTF; audit only, not a published ranked list (20 disclosure 1, issue #99)
119445	12	123660182	123662606	+	ENSG00000111358	1	GTF2H3	protein_coding	1	2	0.48114	own-gene 3'UTR verified vs GTF; audit only, not a published ranked list (20 disclosure 1, issue #99)
120107	12	130877345	130877357	+	ENSG00000132341	1	RAN	protein_coding	1	2	0.18438	own-gene 3'UTR verified vs GTF; audit only, not a published ranked list (20 disclosure 1, issue #99)
120108	12	130877653	130877678	+	ENSG00000132341	1	RAN	protein_coding	2	3	0.38736	own-gene 3'UTR verified vs GTF; audit only, not a published ranked list (20 disclosure 1, issue #99)
120201	12	131799439	131799738	+	ENSG00000061936	1	SFSWAP	protein_coding	1	2	0.47068	own-gene 3'UTR verified vs GTF; audit only, not a published ranked list (20 disclosure 1, issue #99)
120452	12	132768901	132768916	-	ENSG00000090615	1	GOLGA3	protein_coding	1	2	0.60486	own-gene 3'UTR verified vs GTF; audit only, not a published ranked list (20 disclosure 1, issue #99)
121071	13	20086036	20086745	+	ENSG00000121741	1	ZMYM2	protein_coding	3	5	0.37023	own-gene 3'UTR verified vs GTF; audit only, not a published ranked list (20 disclosure 1, issue #99)
121300	13	21147303	21147602	+	ENSG00000150459	1	SAP18	protein_coding	1	3	0.08199	own-gene 3'UTR verified vs GTF; audit only, not a published ranked list (20 disclosure 1, issue #99)
121302	13	21148354	21148355	+	ENSG00000150459	1	SAP18	protein_coding	2	5	0.35648	own-gene 3'UTR verified vs GTF; audit only, not a published ranked list (20 disclosure 1, issue #99)
121304	13	21148826	21148838	+	ENSG00000150459	1	SAP18	protein_coding	1	2	0.11561	own-gene 3'UTR verified vs GTF; audit only, not a published ranked list (20 disclosure 1, issue #99)
121347	13	21372536	21372966	-	ENSG00000180776	1	ZDHHC20	protein_coding	3	3	0.57621	own-gene 3'UTR verified vs GTF; audit only, not a published ranked list (20 disclosure 1, issue #99)
121780	13	24420929	24420931	-	ENSG00000102699	1	PARP4	protein_coding	2	2	0.62746	own-gene 3'UTR verified vs GTF; audit only, not a published ranked list (20 disclosure 1, issue #99)
121888	13	25247231	25247279	-	ENSG00000139505	1	MTMR6	protein_coding	3	3	0.60707	own-gene 3'UTR verified vs GTF; audit only, not a published ranked list (20 disclosure 1, issue #99)
121924	13	25309044	25309878	+	ENSG00000139496	1	NUP58	protein_coding	4	2	0.38673	own-gene 3'UTR verified vs GTF; audit only, not a published ranked list (20 disclosure 1, issue #99)
121947	13	25341860	25342457	+	ENSG00000139496	1	NUP58	protein_coding	4	3	0.58969	own-gene 3'UTR verified vs GTF; audit only, not a published ranked list (20 disclosure 1, issue #99)
122056	13	26688533	26688948	+	ENSG00000132970	1	WASF3	protein_coding	2	3	0.47851	own-gene 3'UTR verified vs GTF; audit only, not a published ranked list (20 disclosure 1, issue #99)
122168	13	27256547	27256629	+	ENSG00000122026	1	RPL21	protein_coding	5	4	0.23740	own-gene 3'UTR verified vs GTF; audit only, not a published ranked list (20 disclosure 1, issue #99)
122227	13	27545912	27546344	-	ENSG00000139517	1	LNX2	protein_coding	1	2	0.36036	own-gene 3'UTR verified vs GTF; audit only, not a published ranked list (20 disclosure 1, issue #99)
122265	13	27623448	27623449	+	ENSG00000186184	1	POLR1D	protein_coding	1	2	0.19240	own-gene 3'UTR verified vs GTF; audit only, not a published ranked list (20 disclosure 1, issue #99)
122281	13	27666101	27666137	+	ENSG00000186184	1	POLR1D	protein_coding	1	2	0.29728	own-gene 3'UTR verified vs GTF; audit only, not a published ranked list (20 disclosure 1, issue #99)
122282	13	27666252	27666327	+	ENSG00000186184	1	POLR1D	protein_coding	2	3	0.28991	own-gene 3'UTR verified vs GTF; audit only, not a published ranked list (20 disclosure 1, issue #99)
122284	13	27667344	27667411	+	ENSG00000186184	1	POLR1D	protein_coding	3	3	0.25085	own-gene 3'UTR verified vs GTF; audit only, not a published ranked list (20 disclosure 1, issue #99)
122547	13	28678492	28678496	+	ENSG00000132963	1	POMP	protein_coding	4	4	0.28680	own-gene 3'UTR verified vs GTF; audit only, not a published ranked list (20 disclosure 1, issue #99)
122548	13	28678776	28678960	+	ENSG00000132963	1	POMP	protein_coding	2	2	0.18675	own-gene 3'UTR verified vs GTF; audit only, not a published ranked list (20 disclosure 1, issue #99)
122633	13	29764370	29764760	-	ENSG00000122042	1	UBL3	protein_coding	1	2	0.22797	own-gene 3'UTR verified vs GTF; audit only, not a published ranked list (20 disclosure 1, issue #99)
122635	13	29765249	29765266	-	ENSG00000122042	1	UBL3	protein_coding	1	3	0.29755	own-gene 3'UTR verified vs GTF; audit only, not a published ranked list (20 disclosure 1, issue #99)
122790	13	30458402	30459228	-	ENSG00000189403	1	HMGB1	protein_coding	1	2	0.05719	own-gene 3'UTR verified vs GTF; audit only, not a published ranked list (20 disclosure 1, issue #99)
122792	13	30459580	30460413	-	ENSG00000189403	1	HMGB1	protein_coding	6	4	0.30782	own-gene 3'UTR verified vs GTF; audit only, not a published ranked list (20 disclosure 1, issue #99)
122794	13	30460891	30461060	-	ENSG00000189403	1	HMGB1	protein_coding	2	3	0.26400	own-gene 3'UTR verified vs GTF; audit only, not a published ranked list (20 disclosure 1, issue #99)
122796	13	30461186	30461451	-	ENSG00000189403	1	HMGB1	protein_coding	2	2	0.25375	own-gene 3'UTR verified vs GTF; audit only, not a published ranked list (20 disclosure 1, issue #99)
122911	13	30659164	30659553	+	ENSG00000132952	1	USPL1	protein_coding	1	2	0.28591	own-gene 3'UTR verified vs GTF; audit only, not a published ranked list (20 disclosure 1, issue #99)
122938	13	30764303	30764315	+	ENSG00000132965	1	ALOX5AP	protein_coding	6	3	0.54813	own-gene 3'UTR verified vs GTF; audit only, not a published ranked list (20 disclosure 1, issue #99)
122939	13	30764420	30764421	+	ENSG00000132965	1	ALOX5AP	protein_coding	8	5	0.62721	own-gene 3'UTR verified vs GTF; audit only, not a published ranked list (20 disclosure 1, issue #99)
122998	13	31136556	31136800	-	ENSG00000120694	1	HSPH1	protein_coding	1	3	0.22987	own-gene 3'UTR verified vs GTF; audit only, not a published ranked list (20 disclosure 1, issue #99)
123000	13	31136956	31137019	-	ENSG00000120694	1	HSPH1	protein_coding	2	3	0.45029	own-gene 3'UTR verified vs GTF; audit only, not a published ranked list (20 disclosure 1, issue #99)
123004	13	31139564	31142021	-	ENSG00000120694	1	HSPH1	protein_coding	2	2	0.30093	own-gene 3'UTR verified vs GTF; audit only, not a published ranked list (20 disclosure 1, issue #99)
123007	13	31143783	31144138	-	ENSG00000120694	1	HSPH1	protein_coding	4	3	0.35598	own-gene 3'UTR verified vs GTF; audit only, not a published ranked list (20 disclosure 1, issue #99)
123009	13	31144499	31146204	-	ENSG00000120694	1	HSPH1	protein_coding	3	2	0.35224	own-gene 3'UTR verified vs GTF; audit only, not a published ranked list (20 disclosure 1, issue #99)
123014	13	31147856	31150105	-	ENSG00000120694	1	HSPH1	protein_coding	5	3	0.31471	own-gene 3'UTR verified vs GTF; audit only, not a published ranked list (20 disclosure 1, issue #99)
123019	13	31151614	31152868	-	ENSG00000120694	1	HSPH1	protein_coding	1	2	0.25704	own-gene 3'UTR verified vs GTF; audit only, not a published ranked list (20 disclosure 1, issue #99)
123286	13	32401559	32402440	-	ENSG00000139597	1	N4BP2L1	protein_coding	1	2	0.34396	own-gene 3'UTR verified vs GTF; audit only, not a published ranked list (20 disclosure 1, issue #99)
123351	13	32517613	32517906	-	ENSG00000244754	1	N4BP2L2	protein_coding	4	4	0.22674	own-gene 3'UTR verified vs GTF; audit only, not a published ranked list (20 disclosure 1, issue #99)
124012	13	38360830	38360900	+	ENSG00000120686	1	UFM1	protein_coding	1	3	0.33119	own-gene 3'UTR verified vs GTF; audit only, not a published ranked list (20 disclosure 1, issue #99)
124021	13	38362797	38363003	+	ENSG00000120686	1	UFM1	protein_coding	2	2	0.32965	own-gene 3'UTR verified vs GTF; audit only, not a published ranked list (20 disclosure 1, issue #99)
124075	13	39049677	39050109	+	ENSG00000188811	1	NHLRC3	protein_coding	3	3	0.56839	own-gene 3'UTR verified vs GTF; audit only, not a published ranked list (20 disclosure 1, issue #99)
124482	13	40951272	40951454	-	ENSG00000120690	1	ELF1	protein_coding	1	2	0.26723	own-gene 3'UTR verified vs GTF; audit only, not a published ranked list (20 disclosure 1, issue #99)
124719	13	41470574	41470579	+	ENSG00000102760	1	RGCC	protein_coding	3	2	0.65947	own-gene 3'UTR verified vs GTF; audit only, not a published ranked list (20 disclosure 1, issue #99)
124982	13	42887981	42887982	-	ENSG00000133106	1	EPSTI1	protein_coding	1	2	0.36078	own-gene 3'UTR verified vs GTF; audit only, not a published ranked list (20 disclosure 1, issue #99)
125422	13	45336651	45337023	-	ENSG00000133112	1	TPT1	protein_coding	8	2	0.27605	own-gene 3'UTR verified vs GTF; audit only, not a published ranked list (20 disclosure 1, issue #99)
125604	13	46125922	46126055	-	ENSG00000136167	1	LCP1	protein_coding	6	5	0.28200	own-gene 3'UTR verified vs GTF; audit only, not a published ranked list (20 disclosure 1, issue #99)
125956	13	48256290	48256291	+	ENSG00000136156	1	ITM2B	protein_coding	2	3	0.11355	own-gene 3'UTR verified vs GTF; audit only, not a published ranked list (20 disclosure 1, issue #99)
125961	13	48261231	48261388	+	ENSG00000136156	1	ITM2B	protein_coding	14	5	0.36661	own-gene 3'UTR verified vs GTF; audit only, not a published ranked list (20 disclosure 1, issue #99)
125963	13	48261572	48262091	+	ENSG00000136156	1	ITM2B	protein_coding	10	5	0.37952	own-gene 3'UTR verified vs GTF; audit only, not a published ranked list (20 disclosure 1, issue #99)
126066	13	48481487	48481981	+	ENSG00000139687	1	RB1	protein_coding	9	6	0.62914	own-gene 3'UTR verified vs GTF; audit only, not a published ranked list (20 disclosure 1, issue #99)
126248	13	49209155	49209783	+	ENSG00000102531	1	FNDC3A	protein_coding	6	4	0.47414	own-gene 3'UTR verified vs GTF; audit only, not a published ranked list (20 disclosure 1, issue #99)
126413	13	49699217	49699877	-	ENSG00000102753	1	KPNA3	protein_coding	1	2	0.41402	own-gene 3'UTR verified vs GTF; audit only, not a published ranked list (20 disclosure 1, issue #99)
127000	13	51591692	51592533	+	ENSG00000139668	1	WDFY2	protein_coding	1	2	0.44550	own-gene 3'UTR verified vs GTF; audit only, not a published ranked list (20 disclosure 1, issue #99)
128145	13	75284670	75285477	-	ENSG00000136111	1	TBC1D4	protein_coding	1	5	0.51620	own-gene 3'UTR verified vs GTF; audit only, not a published ranked list (20 disclosure 1, issue #99)
128333	13	76880169	76880175	-	ENSG00000178695	1	KCTD12	protein_coding	2	2	0.73277	own-gene 3'UTR verified vs GTF; audit only, not a published ranked list (20 disclosure 1, issue #99)
129492	13	95794505	95794988	+	ENSG00000102580	1	DNAJC3	protein_coding	2	2	0.35726	own-gene 3'UTR verified vs GTF; audit only, not a published ranked list (20 disclosure 1, issue #99)
129669	13	97393610	97394120	+	ENSG00000139793	1	MBNL2	protein_coding	5	6	0.51790	own-gene 3'UTR verified vs GTF; audit only, not a published ranked list (20 disclosure 1, issue #99)
129828	13	98452158	98452188	-	ENSG00000102572	1	STK24	protein_coding	2	2	0.25280	own-gene 3'UTR verified vs GTF; audit only, not a published ranked list (20 disclosure 1, issue #99)
129918	13	98793486	98793931	-	ENSG00000088387	1	DOCK9	protein_coding	6	3	0.74181	own-gene 3'UTR verified vs GTF; audit only, not a published ranked list (20 disclosure 1, issue #99)
130222	13	99563388	99563454	+	ENSG00000125304	1	TM9SF2	protein_coding	1	2	0.29487	own-gene 3'UTR verified vs GTF; audit only, not a published ranked list (20 disclosure 1, issue #99)
130599	13	102678820	102679174	+	ENSG00000134900	1	TPP2	protein_coding	1	2	0.45452	own-gene 3'UTR verified vs GTF; audit only, not a published ranked list (20 disclosure 1, issue #99)
130738	13	106543326	106543327	-	ENSG00000134884	1	ARGLU1	protein_coding	3	3	0.51293	own-gene 3'UTR verified vs GTF; audit only, not a published ranked list (20 disclosure 1, issue #99)
131090	13	109753836	109754319	-	ENSG00000185950	1	IRS2	protein_coding	2	2	0.40652	own-gene 3'UTR verified vs GTF; audit only, not a published ranked list (20 disclosure 1, issue #99)
131210	13	110512599	110513027	+	ENSG00000134871	1	COL4A2	protein_coding	4	3	0.96591	own-gene 3'UTR verified vs GTF; audit only, not a published ranked list (20 disclosure 1, issue #99)
131323	13	110878539	110878795	-	ENSG00000088448	1	ANKRD10	protein_coding	5	2	0.39108	own-gene 3'UTR verified vs GTF; audit only, not a published ranked list (20 disclosure 1, issue #99)
131412	13	111305349	111305737	+	ENSG00000102606	1	ARHGEF7	protein_coding	3	3	0.47773	own-gene 3'UTR verified vs GTF; audit only, not a published ranked list (20 disclosure 1, issue #99)
131559	13	112886817	112887016	+	ENSG00000068650	1	ATP11A	protein_coding	1	3	0.52686	own-gene 3'UTR verified vs GTF; audit only, not a published ranked list (20 disclosure 1, issue #99)
131560	13	112887135	112887213	+	ENSG00000068650	1	ATP11A	protein_coding	1	2	0.43634	own-gene 3'UTR verified vs GTF; audit only, not a published ranked list (20 disclosure 1, issue #99)
131688	13	113322306	113322658	+	ENSG00000185896	1	LAMP1	protein_coding	2	3	0.13225	own-gene 3'UTR verified vs GTF; audit only, not a published ranked list (20 disclosure 1, issue #99)
131692	13	113323663	113323674	+	ENSG00000185896	1	LAMP1	protein_coding	4	4	0.34570	own-gene 3'UTR verified vs GTF; audit only, not a published ranked list (20 disclosure 1, issue #99)
132156	14	20446967	20447069	-	ENSG00000092094	1	OSGEP	protein_coding	1	2	0.43310	own-gene 3'UTR verified vs GTF; audit only, not a published ranked list (20 disclosure 1, issue #99)
132319	14	21209135	21209153	-	ENSG00000092199	1	HNRNPC	protein_coding	1	2	0.13206	own-gene 3'UTR verified vs GTF; audit only, not a published ranked list (20 disclosure 1, issue #99)
132320	14	21209383	21209430	-	ENSG00000092199	1	HNRNPC	protein_coding	1	3	0.14253	own-gene 3'UTR verified vs GTF; audit only, not a published ranked list (20 disclosure 1, issue #99)
132323	14	21210519	21210730	-	ENSG00000092199	1	HNRNPC	protein_coding	9	6	0.48856	own-gene 3'UTR verified vs GTF; audit only, not a published ranked list (20 disclosure 1, issue #99)
132324	14	21210932	21210937	-	ENSG00000092199	1	HNRNPC	protein_coding	7	5	0.38540	own-gene 3'UTR verified vs GTF; audit only, not a published ranked list (20 disclosure 1, issue #99)
132326	14	21211065	21211164	-	ENSG00000092199	1	HNRNPC	protein_coding	2	2	0.39476	own-gene 3'UTR verified vs GTF; audit only, not a published ranked list (20 disclosure 1, issue #99)
132327	14	21211292	21211424	-	ENSG00000092199	1	HNRNPC	protein_coding	2	2	0.26476	own-gene 3'UTR verified vs GTF; audit only, not a published ranked list (20 disclosure 1, issue #99)
132748	14	22575073	22575166	-	ENSG00000129562	1	DAD1	protein_coding	3	3	0.27424	own-gene 3'UTR verified vs GTF; audit only, not a published ranked list (20 disclosure 1, issue #99)
132836	14	22900644	22901130	-	ENSG00000100461	1	RBM23	protein_coding	3	4	0.37215	own-gene 3'UTR verified vs GTF; audit only, not a published ranked list (20 disclosure 1, issue #99)
132918	14	23058563	23058611	-	ENSG00000100813	1	ACIN1	protein_coding	6	4	0.47076	own-gene 3'UTR verified vs GTF; audit only, not a published ranked list (20 disclosure 1, issue #99)
133257	14	24239181	24239242	+	ENSG00000100938	1	GMPR2	protein_coding	2	3	0.41439	own-gene 3'UTR verified vs GTF; audit only, not a published ranked list (20 disclosure 1, issue #99)
133855	14	31100111	31100449	-	ENSG00000092148	1	HECTD1	protein_coding	2	5	0.44810	own-gene 3'UTR verified vs GTF; audit only, not a published ranked list (20 disclosure 1, issue #99)
134166	14	32155035	32157467	+	ENSG00000100852	1	ARHGAP5	protein_coding	2	2	0.42279	own-gene 3'UTR verified vs GTF; audit only, not a published ranked list (20 disclosure 1, issue #99)
134388	14	34515937	34516107	-	ENSG00000129518	1	EAPP	protein_coding	4	3	0.46381	own-gene 3'UTR verified vs GTF; audit only, not a published ranked list (20 disclosure 1, issue #99)
134407	14	34538572	34539692	-	ENSG00000129518	1	EAPP	protein_coding	1	2	0.23729	own-gene 3'UTR verified vs GTF; audit only, not a published ranked list (20 disclosure 1, issue #99)
134517	14	34752730	34753097	-	ENSG00000198604	1	BAZ1A	protein_coding	5	4	0.33823	own-gene 3'UTR verified vs GTF; audit only, not a published ranked list (20 disclosure 1, issue #99)
134749	14	35029171	35029193	+	ENSG00000100883	1	SRP54	protein_coding	1	2	0.20997	own-gene 3'UTR verified vs GTF; audit only, not a published ranked list (20 disclosure 1, issue #99)
134750	14	35029338	35029567	+	ENSG00000100883	1	SRP54	protein_coding	5	4	0.38987	own-gene 3'UTR verified vs GTF; audit only, not a published ranked list (20 disclosure 1, issue #99)
134761	14	35046324	35047940	+	ENSG00000151327	1	FAM177A1	protein_coding	7	3	0.42375	own-gene 3'UTR verified vs GTF; audit only, not a published ranked list (20 disclosure 1, issue #99)
134767	14	35050323	35050396	+	ENSG00000151327	1	FAM177A1	protein_coding	5	4	0.45208	own-gene 3'UTR verified vs GTF; audit only, not a published ranked list (20 disclosure 1, issue #99)
134772	14	35052524	35054126	+	ENSG00000151327	1	FAM177A1	protein_coding	5	3	0.42817	own-gene 3'UTR verified vs GTF; audit only, not a published ranked list (20 disclosure 1, issue #99)
134798	14	35081167	35081360	+	ENSG00000151327	1	FAM177A1	protein_coding	2	2	0.38801	own-gene 3'UTR verified vs GTF; audit only, not a published ranked list (20 disclosure 1, issue #99)
134799	14	35081477	35081527	+	ENSG00000151327	1	FAM177A1	protein_coding	1	2	0.21629	own-gene 3'UTR verified vs GTF; audit only, not a published ranked list (20 disclosure 1, issue #99)
134800	14	35081632	35081725	+	ENSG00000151327	1	FAM177A1	protein_coding	4	3	0.42480	own-gene 3'UTR verified vs GTF; audit only, not a published ranked list (20 disclosure 1, issue #99)
134803	14	35082895	35083769	+	ENSG00000151327	1	FAM177A1	protein_coding	3	3	0.49367	own-gene 3'UTR verified vs GTF; audit only, not a published ranked list (20 disclosure 1, issue #99)
134808	14	35085466	35085535	-	ENSG00000092020	1	PPP2R3C	protein_coding	4	5	0.57086	own-gene 3'UTR verified vs GTF; audit only, not a published ranked list (20 disclosure 1, issue #99)
134837	14	35104856	35107394	-	ENSG00000092020	1	PPP2R3C	protein_coding	1	2	0.20725	own-gene 3'UTR verified vs GTF; audit only, not a published ranked list (20 disclosure 1, issue #99)
134982	14	35312706	35313616	+	ENSG00000258790	2	AL121594.1	protein_coding	3	3	0.39247	own-gene 3'UTR verified vs GTF; audit only, not a published ranked list (20 disclosure 1, issue #99)
135070	14	35538353	35539602	-	ENSG00000174373	1	RALGAPA1	protein_coding	4	3	0.30418	own-gene 3'UTR verified vs GTF; audit only, not a published ranked list (20 disclosure 1, issue #99)
135575	14	39031918	39032453	-	ENSG00000100934	1	SEC23A	protein_coding	2	3	0.56056	own-gene 3'UTR verified vs GTF; audit only, not a published ranked list (20 disclosure 1, issue #99)
135682	14	39182009	39182114	+	ENSG00000100941	1	PNN	protein_coding	2	3	0.23314	own-gene 3'UTR verified vs GTF; audit only, not a published ranked list (20 disclosure 1, issue #99)
135742	14	39350418	39350428	+	ENSG00000150527	1	MIA2	protein_coding	2	2	0.56507	own-gene 3'UTR verified vs GTF; audit only, not a published ranked list (20 disclosure 1, issue #99)
135743	14	39350647	39350694	+	ENSG00000150527	1	MIA2	protein_coding	1	2	0.23637	own-gene 3'UTR verified vs GTF; audit only, not a published ranked list (20 disclosure 1, issue #99)
135770	14	39397683	39398139	-	ENSG00000165355	1	FBXO33	protein_coding	2	2	0.59683	own-gene 3'UTR verified vs GTF; audit only, not a published ranked list (20 disclosure 1, issue #99)
135940	14	44924316	44924326	-	ENSG00000179454	1	KLHL28	protein_coding	2	3	0.42878	own-gene 3'UTR verified vs GTF; audit only, not a published ranked list (20 disclosure 1, issue #99)
136041	14	45115901	45115939	-	ENSG00000100442	1	FKBP3	protein_coding	1	2	0.47982	own-gene 3'UTR verified vs GTF; audit only, not a published ranked list (20 disclosure 1, issue #99)
136439	14	49894556	49894667	+	ENSG00000165527	1	ARF6	protein_coding	1	2	0.38161	own-gene 3'UTR verified vs GTF; audit only, not a published ranked list (20 disclosure 1, issue #99)
136440	14	49894771	49894772	+	ENSG00000165527	1	ARF6	protein_coding	1	2	0.29130	own-gene 3'UTR verified vs GTF; audit only, not a published ranked list (20 disclosure 1, issue #99)
136443	14	49896605	49897054	+	ENSG00000165527	1	ARF6	protein_coding	5	4	0.34881	own-gene 3'UTR verified vs GTF; audit only, not a published ranked list (20 disclosure 1, issue #99)
136824	14	50719765	50720281	-	ENSG00000100503	1	NIN	protein_coding	2	2	0.39224	own-gene 3'UTR verified vs GTF; audit only, not a published ranked list (20 disclosure 1, issue #99)
137086	14	51966656	51967513	+	ENSG00000186469	1	GNG2	protein_coding	1	2	0.24545	own-gene 3'UTR verified vs GTF; audit only, not a published ranked list (20 disclosure 1, issue #99)
137088	14	51969414	51969795	+	ENSG00000186469	1	GNG2	protein_coding	1	2	0.24542	own-gene 3'UTR verified vs GTF; audit only, not a published ranked list (20 disclosure 1, issue #99)
137230	14	52640018	52640493	-	ENSG00000197930	1	ERO1A	protein_coding	2	3	0.41406	own-gene 3'UTR verified vs GTF; audit only, not a published ranked list (20 disclosure 1, issue #99)
137618	14	54474483	54474979	-	ENSG00000197045	1	GMFB	protein_coding	1	2	0.57100	own-gene 3'UTR verified vs GTF; audit only, not a published ranked list (20 disclosure 1, issue #99)
137733	14	54789012	54789128	+	ENSG00000020577	1	SAMD4A	protein_coding	2	2	0.74209	own-gene 3'UTR verified vs GTF; audit only, not a published ranked list (20 disclosure 1, issue #99)
137861	14	55069010	55069786	+	ENSG00000168175	1	MAPK1IP1L	protein_coding	1	4	0.30710	own-gene 3'UTR verified vs GTF; audit only, not a published ranked list (20 disclosure 1, issue #99)
138017	14	55353080	55353611	+	ENSG00000178974	1	FBXO34	protein_coding	2	2	0.33446	own-gene 3'UTR verified vs GTF; audit only, not a published ranked list (20 disclosure 1, issue #99)
138147	14	55683945	55684579	+	ENSG00000126777	1	KTN1	protein_coding	5	5	0.38896	own-gene 3'UTR verified vs GTF; audit only, not a published ranked list (20 disclosure 1, issue #99)
138435	14	58234699	58234790	+	ENSG00000131966	1	ACTR10	protein_coding	2	3	0.39079	own-gene 3'UTR verified vs GTF; audit only, not a published ranked list (20 disclosure 1, issue #99)
138480	14	58271935	58272004	+	ENSG00000100567	1	PSMA3	protein_coding	7	6	0.56743	own-gene 3'UTR verified vs GTF; audit only, not a published ranked list (20 disclosure 1, issue #99)
138719	14	59368745	59369967	+	ENSG00000100592	1	DAAM1	protein_coding	1	2	0.43109	own-gene 3'UTR verified vs GTF; audit only, not a published ranked list (20 disclosure 1, issue #99)
138722	14	59370727	59371444	+	ENSG00000100592	1	DAAM1	protein_coding	1	4	0.40831	own-gene 3'UTR verified vs GTF; audit only, not a published ranked list (20 disclosure 1, issue #99)
138855	14	60134186	60134812	+	ENSG00000126773	1	PCNX4	protein_coding	4	2	0.36231	own-gene 3'UTR verified vs GTF; audit only, not a published ranked list (20 disclosure 1, issue #99)
139407	14	61748170	61748259	+	ENSG00000100644	2	HIF1A	protein_coding	1	2	0.34211	own-gene 3'UTR verified vs GTF; audit only, not a published ranked list (20 disclosure 1, issue #99)
139646	14	63684212	63684667	-	ENSG00000126821	1	SGPP1	protein_coding	1	2	0.36672	own-gene 3'UTR verified vs GTF; audit only, not a published ranked list (20 disclosure 1, issue #99)
139838	14	64052440	64053662	+	ENSG00000054654	1	SYNE2	protein_coding	1	3	0.27503	own-gene 3'UTR verified vs GTF; audit only, not a published ranked list (20 disclosure 1, issue #99)
139922	14	64226105	64226500	+	ENSG00000054654	1	SYNE2	protein_coding	2	4	0.40098	own-gene 3'UTR verified vs GTF; audit only, not a published ranked list (20 disclosure 1, issue #99)
140065	14	64533029	64533693	+	ENSG00000126804	1	ZBTB1	protein_coding	2	4	0.34158	own-gene 3'UTR verified vs GTF; audit only, not a published ranked list (20 disclosure 1, issue #99)
140204	14	65075544	65075616	-	ENSG00000125952	1	MAX	protein_coding	2	2	0.28979	own-gene 3'UTR verified vs GTF; audit only, not a published ranked list (20 disclosure 1, issue #99)
141183	14	68787661	68787719	-	ENSG00000185650	1	ZFP36L1	protein_coding	3	5	0.50004	own-gene 3'UTR verified vs GTF; audit only, not a published ranked list (20 disclosure 1, issue #99)
141184	14	68787822	68787948	-	ENSG00000185650	1	ZFP36L1	protein_coding	6	6	0.61011	own-gene 3'UTR verified vs GTF; audit only, not a published ranked list (20 disclosure 1, issue #99)
141186	14	68788079	68788408	-	ENSG00000185650	1	ZFP36L1	protein_coding	10	6	0.53607	own-gene 3'UTR verified vs GTF; audit only, not a published ranked list (20 disclosure 1, issue #99)
141221	14	68874122	68874320	-	ENSG00000072110	1	ACTN1	protein_coding	1	2	0.47120	own-gene 3'UTR verified vs GTF; audit only, not a published ranked list (20 disclosure 1, issue #99)
141472	14	69715134	69715144	+	ENSG00000100647	1	SUSD6	protein_coding	2	2	0.40434	own-gene 3'UTR verified vs GTF; audit only, not a published ranked list (20 disclosure 1, issue #99)
141498	14	69769103	69770010	+	ENSG00000100650	1	SRSF5	protein_coding	2	2	0.26622	own-gene 3'UTR verified vs GTF; audit only, not a published ranked list (20 disclosure 1, issue #99)
141501	14	69771029	69771079	+	ENSG00000100650	1	SRSF5	protein_coding	3	3	0.27726	own-gene 3'UTR verified vs GTF; audit only, not a published ranked list (20 disclosure 1, issue #99)
141502	14	69771461	69771540	+	ENSG00000100650	1	SRSF5	protein_coding	1	2	0.20540	own-gene 3'UTR verified vs GTF; audit only, not a published ranked list (20 disclosure 1, issue #99)
141503	14	69771667	69772005	+	ENSG00000100650	1	SRSF5	protein_coding	5	4	0.25490	own-gene 3'UTR verified vs GTF; audit only, not a published ranked list (20 disclosure 1, issue #99)
141851	14	71114985	71115382	+	ENSG00000100731	1	PCNX1	protein_coding	1	2	0.22631	own-gene 3'UTR verified vs GTF; audit only, not a published ranked list (20 disclosure 1, issue #99)
142323	14	73119802	73120808	+	ENSG00000119707	1	RBM25	protein_coding	2	3	0.26666	own-gene 3'UTR verified vs GTF; audit only, not a published ranked list (20 disclosure 1, issue #99)
142325	14	73120955	73121398	+	ENSG00000119707	1	RBM25	protein_coding	2	2	0.19370	own-gene 3'UTR verified vs GTF; audit only, not a published ranked list (20 disclosure 1, issue #99)
142405	14	73220391	73220402	+	ENSG00000080815	1	PSEN1	protein_coding	3	4	0.42943	own-gene 3'UTR verified vs GTF; audit only, not a published ranked list (20 disclosure 1, issue #99)
142407	14	73223315	73223691	+	ENSG00000080815	1	PSEN1	protein_coding	3	2	0.30390	own-gene 3'UTR verified vs GTF; audit only, not a published ranked list (20 disclosure 1, issue #99)
142728	14	73884197	73884639	+	ENSG00000140043	2	PTGR2	protein_coding	2	3	0.40825	own-gene 3'UTR verified vs GTF; audit only, not a published ranked list (20 disclosure 1, issue #99)
142729	14	73884775	73885465	+	ENSG00000140043	2	PTGR2	protein_coding	2	3	0.46633	own-gene 3'UTR verified vs GTF; audit only, not a published ranked list (20 disclosure 1, issue #99)
142830	14	74065514	74066149	+	ENSG00000119636	1	BBOF1	protein_coding	4	2	0.86515	own-gene 3'UTR verified vs GTF; audit only, not a published ranked list (20 disclosure 1, issue #99)
143144	14	75082114	75082517	-	ENSG00000119638	1	NEK9	protein_coding	2	2	0.58393	own-gene 3'UTR verified vs GTF; audit only, not a published ranked list (20 disclosure 1, issue #99)
143171	14	75131451	75132192	-	ENSG00000170348	1	TMED10	protein_coding	5	4	0.43853	own-gene 3'UTR verified vs GTF; audit only, not a published ranked list (20 disclosure 1, issue #99)
143176	14	75134243	75134281	-	ENSG00000170348	1	TMED10	protein_coding	7	4	0.28621	own-gene 3'UTR verified vs GTF; audit only, not a published ranked list (20 disclosure 1, issue #99)
143248	14	75278903	75280668	+	ENSG00000170345	1	FOS	protein_coding	8	4	0.57011	own-gene 3'UTR verified vs GTF; audit only, not a published ranked list (20 disclosure 1, issue #99)
143624	14	76782574	76783017	+	ENSG00000071246	1	VASH1	protein_coding	1	2	0.53634	own-gene 3'UTR verified vs GTF; audit only, not a published ranked list (20 disclosure 1, issue #99)
143790	14	77505897	77506509	-	ENSG00000100596	1	SPTLC2	protein_coding	2	2	0.32779	own-gene 3'UTR verified vs GTF; audit only, not a published ranked list (20 disclosure 1, issue #99)
143794	14	77512011	77512372	-	ENSG00000100596	1	SPTLC2	protein_coding	1	2	0.48723	own-gene 3'UTR verified vs GTF; audit only, not a published ranked list (20 disclosure 1, issue #99)
143882	14	77717597	77717598	+	ENSG00000119705	1	SLIRP	protein_coding	1	2	0.40944	own-gene 3'UTR verified vs GTF; audit only, not a published ranked list (20 disclosure 1, issue #99)
144242	14	81472919	81473003	-	ENSG00000071537	1	SEL1L	protein_coding	1	2	0.50861	own-gene 3'UTR verified vs GTF; audit only, not a published ranked list (20 disclosure 1, issue #99)
144453	14	87932975	87933640	-	ENSG00000054983	1	GALC	protein_coding	1	2	0.61161	own-gene 3'UTR verified vs GTF; audit only, not a published ranked list (20 disclosure 1, issue #99)
144651	14	89156174	89157084	-	ENSG00000053254	1	FOXN3	protein_coding	5	5	0.36947	own-gene 3'UTR verified vs GTF; audit only, not a published ranked list (20 disclosure 1, issue #99)
145077	14	90404440	90404525	+	ENSG00000198668	1	CALM1	protein_coding	1	2	0.13860	own-gene 3'UTR verified vs GTF; audit only, not a published ranked list (20 disclosure 1, issue #99)
145078	14	90404778	90404847	+	ENSG00000198668	1	CALM1	protein_coding	7	5	0.38344	own-gene 3'UTR verified vs GTF; audit only, not a published ranked list (20 disclosure 1, issue #99)
145080	14	90404962	90405004	+	ENSG00000198668	1	CALM1	protein_coding	11	5	0.44906	own-gene 3'UTR verified vs GTF; audit only, not a published ranked list (20 disclosure 1, issue #99)
145081	14	90405106	90405251	+	ENSG00000198668	1	CALM1	protein_coding	7	3	0.38597	own-gene 3'UTR verified vs GTF; audit only, not a published ranked list (20 disclosure 1, issue #99)
145082	14	90405409	90405610	+	ENSG00000198668	1	CALM1	protein_coding	13	3	0.42590	own-gene 3'UTR verified vs GTF; audit only, not a published ranked list (20 disclosure 1, issue #99)
145086	14	90407854	90407857	+	ENSG00000198668	1	CALM1	protein_coding	1	2	0.13073	own-gene 3'UTR verified vs GTF; audit only, not a published ranked list (20 disclosure 1, issue #99)
145087	14	90408021	90408054	+	ENSG00000198668	1	CALM1	protein_coding	7	5	0.31836	own-gene 3'UTR verified vs GTF; audit only, not a published ranked list (20 disclosure 1, issue #99)
145088	14	90408242	90408268	+	ENSG00000198668	1	CALM1	protein_coding	9	5	0.34120	own-gene 3'UTR verified vs GTF; audit only, not a published ranked list (20 disclosure 1, issue #99)
145597	14	91780949	91781566	-	ENSG00000165929	1	TC2N	protein_coding	1	4	0.27177	own-gene 3'UTR verified vs GTF; audit only, not a published ranked list (20 disclosure 1, issue #99)
145891	14	92688661	92688994	+	ENSG00000100599	1	AL159141.1	protein_coding	1	2	0.45085	own-gene 3'UTR verified vs GTF; audit only, not a published ranked list (20 disclosure 1, issue #99)
145976	14	92839462	92839966	+	ENSG00000066455	1	GOLGA5	protein_coding	1	2	0.51209	own-gene 3'UTR verified vs GTF; audit only, not a published ranked list (20 disclosure 1, issue #99)
146237	14	94378372	94378511	-	ENSG00000197249	1	SERPINA1	protein_coding	3	4	0.43794	own-gene 3'UTR verified vs GTF; audit only, not a published ranked list (20 disclosure 1, issue #99)
146540	14	96531472	96531748	+	ENSG00000090060	1	PAPOLA	protein_coding	1	2	0.30285	own-gene 3'UTR verified vs GTF; audit only, not a published ranked list (20 disclosure 1, issue #99)
146564	14	96567102	96567116	+	ENSG00000090060	1	PAPOLA	protein_coding	4	5	0.35739	own-gene 3'UTR verified vs GTF; audit only, not a published ranked list (20 disclosure 1, issue #99)
146776	14	99397745	99397752	-	ENSG00000183576	1	SETD3	protein_coding	2	2	0.53693	own-gene 3'UTR verified vs GTF; audit only, not a published ranked list (20 disclosure 1, issue #99)
146826	14	99511303	99511515	+	ENSG00000090061	1	CCNK	protein_coding	3	2	0.40746	own-gene 3'UTR verified vs GTF; audit only, not a published ranked list (20 disclosure 1, issue #99)
146951	14	100144235	100144236	+	ENSG00000196405	1	EVL	protein_coding	1	3	0.15155	own-gene 3'UTR verified vs GTF; audit only, not a published ranked list (20 disclosure 1, issue #99)
147016	14	100278452	100278589	+	ENSG00000100811	1	YY1	protein_coding	1	2	0.26358	own-gene 3'UTR verified vs GTF; audit only, not a published ranked list (20 disclosure 1, issue #99)
147197	14	101766131	101767049	+	ENSG00000078304	1	PPP2R5C	protein_coding	4	5	0.32364	own-gene 3'UTR verified vs GTF; audit only, not a published ranked list (20 disclosure 1, issue #99)
147239	14	101824062	101825285	+	ENSG00000078304	1	PPP2R5C	protein_coding	4	4	0.19780	own-gene 3'UTR verified vs GTF; audit only, not a published ranked list (20 disclosure 1, issue #99)
147333	14	101912373	101912625	+	ENSG00000078304	1	PPP2R5C	protein_coding	2	2	0.25199	own-gene 3'UTR verified vs GTF; audit only, not a published ranked list (20 disclosure 1, issue #99)
147343	14	101926793	101927853	+	ENSG00000078304	1	PPP2R5C	protein_coding	3	3	0.23254	own-gene 3'UTR verified vs GTF; audit only, not a published ranked list (20 disclosure 1, issue #99)
147442	14	102050791	102050792	+	ENSG00000197102	1	DYNC1H1	protein_coding	7	5	0.51717	own-gene 3'UTR verified vs GTF; audit only, not a published ranked list (20 disclosure 1, issue #99)
147483	14	102080713	102080744	-	ENSG00000080824	1	HSP90AA1	protein_coding	2	3	0.24631	own-gene 3'UTR verified vs GTF; audit only, not a published ranked list (20 disclosure 1, issue #99)
147484	14	102080948	102081633	-	ENSG00000080824	1	HSP90AA1	protein_coding	10	4	0.45729	own-gene 3'UTR verified vs GTF; audit only, not a published ranked list (20 disclosure 1, issue #99)
147494	14	102083545	102083588	-	ENSG00000080824	1	HSP90AA1	protein_coding	1	3	0.21221	own-gene 3'UTR verified vs GTF; audit only, not a published ranked list (20 disclosure 1, issue #99)
147495	14	102083775	102083909	-	ENSG00000080824	1	HSP90AA1	protein_coding	2	2	0.23684	own-gene 3'UTR verified vs GTF; audit only, not a published ranked list (20 disclosure 1, issue #99)
147499	14	102084375	102084460	-	ENSG00000080824	1	HSP90AA1	protein_coding	1	2	0.16987	own-gene 3'UTR verified vs GTF; audit only, not a published ranked list (20 disclosure 1, issue #99)
147501	14	102084698	102085026	-	ENSG00000080824	1	HSP90AA1	protein_coding	1	2	0.11829	own-gene 3'UTR verified vs GTF; audit only, not a published ranked list (20 disclosure 1, issue #99)
147503	14	102085664	102086032	-	ENSG00000080824	1	HSP90AA1	protein_coding	1	2	0.05689	own-gene 3'UTR verified vs GTF; audit only, not a published ranked list (20 disclosure 1, issue #99)
147790	14	102730113	102730576	+	ENSG00000089902	1	RCOR1	protein_coding	4	4	0.38172	own-gene 3'UTR verified vs GTF; audit only, not a published ranked list (20 disclosure 1, issue #99)
147882	14	102910868	102911500	+	ENSG00000131323	1	TRAF3	protein_coding	2	3	0.22445	own-gene 3'UTR verified vs GTF; audit only, not a published ranked list (20 disclosure 1, issue #99)
148005	14	103343165	103343228	+	ENSG00000100664	1	EIF5	protein_coding	4	5	0.29674	own-gene 3'UTR verified vs GTF; audit only, not a published ranked list (20 disclosure 1, issue #99)
148006	14	103344373	103345690	+	ENSG00000100664	1	EIF5	protein_coding	6	5	0.27615	own-gene 3'UTR verified vs GTF; audit only, not a published ranked list (20 disclosure 1, issue #99)
148132	14	103503764	103503831	+	ENSG00000075413	1	MARK3	protein_coding	1	2	0.30608	own-gene 3'UTR verified vs GTF; audit only, not a published ranked list (20 disclosure 1, issue #99)
148162	14	103556966	103557491	-	ENSG00000166170	1	BAG5	protein_coding	1	2	0.60648	own-gene 3'UTR verified vs GTF; audit only, not a published ranked list (20 disclosure 1, issue #99)
148251	14	103701298	103701551	+	ENSG00000126214	1	KLC1	protein_coding	2	2	0.41325	own-gene 3'UTR verified vs GTF; audit only, not a published ranked list (20 disclosure 1, issue #99)
148361	14	103912287	103912300	-	ENSG00000156411	1	ATP5MPL	protein_coding	1	2	0.19487	own-gene 3'UTR verified vs GTF; audit only, not a published ranked list (20 disclosure 1, issue #99)
148362	14	103912515	103912570	-	ENSG00000156411	1	ATP5MPL	protein_coding	1	2	0.16616	own-gene 3'UTR verified vs GTF; audit only, not a published ranked list (20 disclosure 1, issue #99)
149526	15	24978490	24978583	+	ENSG00000128739	3	SNRPN	protein_coding	1	2	0.23890	own-gene 3'UTR verified vs GTF; audit only, not a published ranked list (20 disclosure 1, issue #99)
149600	15	25337241	25337286	-	ENSG00000114062	1	UBE3A	protein_coding	1	2	0.29279	own-gene 3'UTR verified vs GTF; audit only, not a published ranked list (20 disclosure 1, issue #99)
149602	15	25337763	25337773	-	ENSG00000114062	1	UBE3A	protein_coding	2	2	0.40455	own-gene 3'UTR verified vs GTF; audit only, not a published ranked list (20 disclosure 1, issue #99)
150474	15	31372102	31372515	+	ENSG00000169926	1	KLF13	protein_coding	8	7	0.75028	own-gene 3'UTR verified vs GTF; audit only, not a published ranked list (20 disclosure 1, issue #99)
150475	15	31377362	31377899	+	ENSG00000169926	1	KLF13	protein_coding	8	6	0.76937	own-gene 3'UTR verified vs GTF; audit only, not a published ranked list (20 disclosure 1, issue #99)
150930	15	34141774	34142267	-	ENSG00000134152	1	KATNBL1	protein_coding	1	2	0.35080	own-gene 3'UTR verified vs GTF; audit only, not a published ranked list (20 disclosure 1, issue #99)
151087	15	34525206	34526205	-	ENSG00000215252	1	GOLGA8B	protein_coding	5	6	0.60726	own-gene 3'UTR verified vs GTF; audit only, not a published ranked list (20 disclosure 1, issue #99)
151750	15	39595999	39597192	+	ENSG00000137801	1	THBS1	protein_coding	1	2	0.53577	own-gene 3'UTR verified vs GTF; audit only, not a published ranked list (20 disclosure 1, issue #99)
151754	15	39598689	39598918	+	ENSG00000137801	1	THBS1	protein_coding	1	2	0.31348	own-gene 3'UTR verified vs GTF; audit only, not a published ranked list (20 disclosure 1, issue #99)
151843	15	40035739	40035740	-	ENSG00000140319	1	SRP14	protein_coding	9	6	0.34850	own-gene 3'UTR verified vs GTF; audit only, not a published ranked list (20 disclosure 1, issue #99)
151847	15	40036305	40036423	-	ENSG00000140319	1	SRP14	protein_coding	1	2	0.23091	own-gene 3'UTR verified vs GTF; audit only, not a published ranked list (20 disclosure 1, issue #99)
151934	15	40467737	40468236	+	ENSG00000140320	1	BAHD1	protein_coding	1	2	0.55836	own-gene 3'UTR verified vs GTF; audit only, not a published ranked list (20 disclosure 1, issue #99)
152111	15	40903577	40903975	+	ENSG00000104142	1	VPS18	protein_coding	1	2	0.62935	own-gene 3'UTR verified vs GTF; audit only, not a published ranked list (20 disclosure 1, issue #99)
152266	15	41281802	41281890	+	ENSG00000187446	1	CHP1	protein_coding	5	2	0.32684	own-gene 3'UTR verified vs GTF; audit only, not a published ranked list (20 disclosure 1, issue #99)
152532	15	41898253	41898779	-	ENSG00000103966	1	EHD4	protein_coding	1	2	0.38850	own-gene 3'UTR verified vs GTF; audit only, not a published ranked list (20 disclosure 1, issue #99)
152534	15	41899439	41900066	-	ENSG00000103966	1	EHD4	protein_coding	2	5	0.52946	own-gene 3'UTR verified vs GTF; audit only, not a published ranked list (20 disclosure 1, issue #99)
152594	15	42210527	42210532	-	ENSG00000103978	1	TMEM87A	protein_coding	5	5	0.35345	own-gene 3'UTR verified vs GTF; audit only, not a published ranked list (20 disclosure 1, issue #99)
152699	15	42412822	42413255	-	ENSG00000103994	1	ZNF106	protein_coding	1	2	0.62839	own-gene 3'UTR verified vs GTF; audit only, not a published ranked list (20 disclosure 1, issue #99)
152811	15	42532814	42532940	+	ENSG00000092531	1	SNAP23	protein_coding	1	3	0.30465	own-gene 3'UTR verified vs GTF; audit only, not a published ranked list (20 disclosure 1, issue #99)
152812	15	42533056	42533061	+	ENSG00000092531	1	SNAP23	protein_coding	2	3	0.24220	own-gene 3'UTR verified vs GTF; audit only, not a published ranked list (20 disclosure 1, issue #99)
152973	15	42942896	42943283	-	ENSG00000159459	1	UBR1	protein_coding	1	2	0.31852	own-gene 3'UTR verified vs GTF; audit only, not a published ranked list (20 disclosure 1, issue #99)
153287	15	43772026	43772604	+	ENSG00000167004	1	PDIA3	protein_coding	1	2	0.09825	own-gene 3'UTR verified vs GTF; audit only, not a published ranked list (20 disclosure 1, issue #99)
153322	15	43801867	43801879	+	ENSG00000140264	2	SERF2	protein_coding	12	7	0.42456	own-gene 3'UTR verified vs GTF; audit only, not a published ranked list (20 disclosure 1, issue #99)
153525	15	44415230	44415759	+	ENSG00000166734	1	CASC4	protein_coding	1	2	0.28480	own-gene 3'UTR verified vs GTF; audit only, not a published ranked list (20 disclosure 1, issue #99)
153758	15	44715519	44715698	+	ENSG00000166710	1	B2M	protein_coding	11	5	0.57611	own-gene 3'UTR verified vs GTF; audit only, not a published ranked list (20 disclosure 1, issue #99)
153763	15	44718344	44719620	+	ENSG00000166710	1	B2M	protein_coding	3	4	0.24483	own-gene 3'UTR verified vs GTF; audit only, not a published ranked list (20 disclosure 1, issue #99)
154239	15	48988637	48989458	-	ENSG00000138593	1	SECISBP2L	protein_coding	4	4	0.42502	own-gene 3'UTR verified vs GTF; audit only, not a published ranked list (20 disclosure 1, issue #99)
154673	15	50499238	50499783	+	ENSG00000138592	1	USP8	protein_coding	2	3	0.41034	own-gene 3'UTR verified vs GTF; audit only, not a published ranked list (20 disclosure 1, issue #99)
154701	15	50560291	50560934	-	ENSG00000092439	1	TRPM7	protein_coding	3	2	0.45954	own-gene 3'UTR verified vs GTF; audit only, not a published ranked list (20 disclosure 1, issue #99)
154792	15	50702265	50702675	-	ENSG00000138600	1	SPPL2A	protein_coding	3	4	0.33642	own-gene 3'UTR verified vs GTF; audit only, not a published ranked list (20 disclosure 1, issue #99)
154795	15	50704521	50705033	-	ENSG00000138600	1	SPPL2A	protein_coding	2	2	0.23120	own-gene 3'UTR verified vs GTF; audit only, not a published ranked list (20 disclosure 1, issue #99)
154800	15	50707512	50707719	-	ENSG00000138600	1	SPPL2A	protein_coding	3	4	0.40585	own-gene 3'UTR verified vs GTF; audit only, not a published ranked list (20 disclosure 1, issue #99)
155147	15	51908767	51910152	+	ENSG00000138594	1	TMOD3	protein_coding	1	2	0.37315	own-gene 3'UTR verified vs GTF; audit only, not a published ranked list (20 disclosure 1, issue #99)
155456	15	52547100	52547244	-	ENSG00000128989	1	ARPP19	protein_coding	5	5	0.39888	own-gene 3'UTR verified vs GTF; audit only, not a published ranked list (20 disclosure 1, issue #99)
155648	15	55181746	55181787	-	ENSG00000137876	1	RSL24D1	protein_coding	1	2	0.17002	own-gene 3'UTR verified vs GTF; audit only, not a published ranked list (20 disclosure 1, issue #99)
155666	15	55202965	55203034	-	ENSG00000069974	1	RAB27A	protein_coding	1	2	0.43422	own-gene 3'UTR verified vs GTF; audit only, not a published ranked list (20 disclosure 1, issue #99)
155669	15	55205348	55205353	-	ENSG00000069974	1	RAB27A	protein_coding	1	2	0.34508	own-gene 3'UTR verified vs GTF; audit only, not a published ranked list (20 disclosure 1, issue #99)
155776	15	55358838	55359196	-	ENSG00000260916	2	CCPG1	protein_coding	2	3	0.41210	own-gene 3'UTR verified vs GTF; audit only, not a published ranked list (20 disclosure 1, issue #99)
156455	15	58595393	58595472	-	ENSG00000137845	1	ADAM10	protein_coding	4	4	0.57616	own-gene 3'UTR verified vs GTF; audit only, not a published ranked list (20 disclosure 1, issue #99)
156606	15	58879418	58879466	-	ENSG00000137776	1	SLTM	protein_coding	1	2	0.33720	own-gene 3'UTR verified vs GTF; audit only, not a published ranked list (20 disclosure 1, issue #99)
156712	15	59095678	59096431	+	ENSG00000157450	1	RNF111	protein_coding	2	3	0.36560	own-gene 3'UTR verified vs GTF; audit only, not a published ranked list (20 disclosure 1, issue #99)
156737	15	59136350	59136918	-	ENSG00000157483	1	MYO1E	protein_coding	1	2	0.48079	own-gene 3'UTR verified vs GTF; audit only, not a published ranked list (20 disclosure 1, issue #99)
156918	15	59638858	59639041	-	ENSG00000140307	1	GTF2A2	protein_coding	4	4	0.23519	own-gene 3'UTR verified vs GTF; audit only, not a published ranked list (20 disclosure 1, issue #99)
156995	15	60347133	60347180	-	ENSG00000182718	1	ANXA2	protein_coding	2	4	0.18758	own-gene 3'UTR verified vs GTF; audit only, not a published ranked list (20 disclosure 1, issue #99)
156996	15	60347325	60347549	-	ENSG00000182718	1	ANXA2	protein_coding	10	5	0.40606	own-gene 3'UTR verified vs GTF; audit only, not a published ranked list (20 disclosure 1, issue #99)
157094	15	60488281	60488741	-	ENSG00000069667	1	RORA	protein_coding	1	2	0.18510	own-gene 3'UTR verified vs GTF; audit only, not a published ranked list (20 disclosure 1, issue #99)
157104	15	60497384	60497705	-	ENSG00000069667	1	RORA	protein_coding	1	4	0.32429	own-gene 3'UTR verified vs GTF; audit only, not a published ranked list (20 disclosure 1, issue #99)
157508	15	63153759	63153971	-	ENSG00000185088	1	RPS27L	protein_coding	4	5	0.19040	own-gene 3'UTR verified vs GTF; audit only, not a published ranked list (20 disclosure 1, issue #99)
157574	15	63267775	63267776	+	ENSG00000166128	1	RAB8B	protein_coding	3	3	0.34534	own-gene 3'UTR verified vs GTF; audit only, not a published ranked list (20 disclosure 1, issue #99)
157599	15	63308757	63309126	+	ENSG00000138613	1	APH1B	protein_coding	1	2	0.40824	own-gene 3'UTR verified vs GTF; audit only, not a published ranked list (20 disclosure 1, issue #99)
157696	15	63594145	63594640	+	ENSG00000140455	1	USP3	protein_coding	1	2	0.26779	own-gene 3'UTR verified vs GTF; audit only, not a published ranked list (20 disclosure 1, issue #99)
157938	15	64138003	64138006	+	ENSG00000028528	1	SNX1	protein_coding	1	2	0.33974	own-gene 3'UTR verified vs GTF; audit only, not a published ranked list (20 disclosure 1, issue #99)
157941	15	64143812	64144234	+	ENSG00000028528	1	SNX1	protein_coding	2	2	0.33620	own-gene 3'UTR verified vs GTF; audit only, not a published ranked list (20 disclosure 1, issue #99)
158214	15	64685578	64686068	+	ENSG00000180357	1	ZNF609	protein_coding	1	2	0.12763	own-gene 3'UTR verified vs GTF; audit only, not a published ranked list (20 disclosure 1, issue #99)
158219	15	64688444	64688501	-	ENSG00000180304	1	OAZ2	protein_coding	3	2	0.40764	own-gene 3'UTR verified vs GTF; audit only, not a published ranked list (20 disclosure 1, issue #99)
158606	15	65659122	65659932	-	ENSG00000174485	1	DENND4A	protein_coding	1	3	0.22945	own-gene 3'UTR verified vs GTF; audit only, not a published ranked list (20 disclosure 1, issue #99)
158780	15	65887922	65888084	+	ENSG00000103769	1	RAB11A	protein_coding	12	6	0.58782	own-gene 3'UTR verified vs GTF; audit only, not a published ranked list (20 disclosure 1, issue #99)
158782	15	65889447	65889456	+	ENSG00000103769	1	RAB11A	protein_coding	10	5	0.55653	own-gene 3'UTR verified vs GTF; audit only, not a published ranked list (20 disclosure 1, issue #99)
158930	15	66491531	66491544	+	ENSG00000169032	1	MAP2K1	protein_coding	3	2	0.41285	own-gene 3'UTR verified vs GTF; audit only, not a published ranked list (20 disclosure 1, issue #99)
159061	15	67194774	67195195	+	ENSG00000166949	1	SMAD3	protein_coding	1	3	0.40661	own-gene 3'UTR verified vs GTF; audit only, not a published ranked list (20 disclosure 1, issue #99)
159248	15	68086418	68087692	+	ENSG00000033800	1	PIAS1	protein_coding	2	2	0.33901	own-gene 3'UTR verified vs GTF; audit only, not a published ranked list (20 disclosure 1, issue #99)
159319	15	68191015	68191464	+	ENSG00000033800	1	PIAS1	protein_coding	2	3	0.27320	own-gene 3'UTR verified vs GTF; audit only, not a published ranked list (20 disclosure 1, issue #99)
159321	15	68193801	68194045	-	ENSG00000260007	2	AC107871.1	protein_coding	5	3	0.63209	own-gene 3'UTR verified vs GTF; audit only, not a published ranked list (20 disclosure 1, issue #99)
159383	15	68778902	68778907	-	ENSG00000140350	1	ANP32A	protein_coding	1	2	0.28894	own-gene 3'UTR verified vs GTF; audit only, not a published ranked list (20 disclosure 1, issue #99)
160140	15	72585918	72586560	+	ENSG00000166233	1	ARIH1	protein_coding	3	3	0.26913	own-gene 3'UTR verified vs GTF; audit only, not a published ranked list (20 disclosure 1, issue #99)
160218	15	72751293	72751371	-	ENSG00000159322	1	ADPGK	protein_coding	2	5	0.42387	own-gene 3'UTR verified vs GTF; audit only, not a published ranked list (20 disclosure 1, issue #99)
160338	15	73560013	73560018	-	ENSG00000156642	1	NPTN	protein_coding	4	4	0.57771	own-gene 3'UTR verified vs GTF; audit only, not a published ranked list (20 disclosure 1, issue #99)
160430	15	74046279	74046771	+	ENSG00000140464	1	PML	protein_coding	1	2	0.36678	own-gene 3'UTR verified vs GTF; audit only, not a published ranked list (20 disclosure 1, issue #99)
160604	15	74803163	74803197	+	ENSG00000103653	1	CSK	protein_coding	2	3	0.39001	own-gene 3'UTR verified vs GTF; audit only, not a published ranked list (20 disclosure 1, issue #99)
160615	15	74843729	74843730	-	ENSG00000140497	1	SCAMP2	protein_coding	1	3	0.45295	own-gene 3'UTR verified vs GTF; audit only, not a published ranked list (20 disclosure 1, issue #99)
160616	15	74844851	74845134	-	ENSG00000140497	1	SCAMP2	protein_coding	3	2	0.45814	own-gene 3'UTR verified vs GTF; audit only, not a published ranked list (20 disclosure 1, issue #99)
161568	15	78280536	78280684	+	ENSG00000140403	1	DNAJA4	protein_coding	1	2	0.28450	own-gene 3'UTR verified vs GTF; audit only, not a published ranked list (20 disclosure 1, issue #99)
161574	15	78283234	78283235	-	ENSG00000140395	1	WDR61	protein_coding	10	5	0.65342	own-gene 3'UTR verified vs GTF; audit only, not a published ranked list (20 disclosure 1, issue #99)
161771	15	78897138	78897499	+	ENSG00000185787	1	MORF4L1	protein_coding	3	5	0.30269	own-gene 3'UTR verified vs GTF; audit only, not a published ranked list (20 disclosure 1, issue #99)
161773	15	78897638	78897739	+	ENSG00000185787	1	MORF4L1	protein_coding	10	6	0.49354	own-gene 3'UTR verified vs GTF; audit only, not a published ranked list (20 disclosure 1, issue #99)
161867	15	79844975	79845158	-	ENSG00000136371	2	MTHFS	protein_coding	1	2	0.17935	own-gene 3'UTR verified vs GTF; audit only, not a published ranked list (20 disclosure 1, issue #99)
162501	15	82848969	82849346	-	ENSG00000103942	1	HOMER2	protein_coding	4	4	0.73765	own-gene 3'UTR verified vs GTF; audit only, not a published ranked list (20 disclosure 1, issue #99)
163151	15	85138097	85139260	+	ENSG00000073417	1	PDE8A	protein_coding	1	2	0.30628	own-gene 3'UTR verified vs GTF; audit only, not a published ranked list (20 disclosure 1, issue #99)
163492	15	85749139	85749212	+	ENSG00000170776	1	AKAP13	protein_coding	3	3	0.34357	own-gene 3'UTR verified vs GTF; audit only, not a published ranked list (20 disclosure 1, issue #99)
163493	15	85749340	85749355	+	ENSG00000170776	1	AKAP13	protein_coding	3	2	0.22791	own-gene 3'UTR verified vs GTF; audit only, not a published ranked list (20 disclosure 1, issue #99)
163612	15	88478266	88478389	+	ENSG00000181991	1	MRPS11	protein_coding	1	2	0.34337	own-gene 3'UTR verified vs GTF; audit only, not a published ranked list (20 disclosure 1, issue #99)
163770	15	89202350	89202360	+	ENSG00000140526	1	ABHD2	protein_coding	4	3	0.59480	own-gene 3'UTR verified vs GTF; audit only, not a published ranked list (20 disclosure 1, issue #99)
164263	15	90501198	90501418	+	ENSG00000140575	1	IQGAP1	protein_coding	3	2	0.29080	own-gene 3'UTR verified vs GTF; audit only, not a published ranked list (20 disclosure 1, issue #99)
164264	15	90501554	90501555	+	ENSG00000140575	1	IQGAP1	protein_coding	2	2	0.34156	own-gene 3'UTR verified vs GTF; audit only, not a published ranked list (20 disclosure 1, issue #99)
164267	15	90502236	90502239	+	ENSG00000140575	1	IQGAP1	protein_coding	6	4	0.56839	own-gene 3'UTR verified vs GTF; audit only, not a published ranked list (20 disclosure 1, issue #99)
164597	15	92617447	92617882	-	ENSG00000185442	1	FAM174B	protein_coding	8	5	0.61282	own-gene 3'UTR verified vs GTF; audit only, not a published ranked list (20 disclosure 1, issue #99)
164801	15	93027610	93028019	+	ENSG00000173575	1	CHD2	protein_coding	3	3	0.44665	own-gene 3'UTR verified vs GTF; audit only, not a published ranked list (20 disclosure 1, issue #99)
165397	15	99715995	99716483	+	ENSG00000068305	1	MEF2A	protein_coding	1	2	0.43400	own-gene 3'UTR verified vs GTF; audit only, not a published ranked list (20 disclosure 1, issue #99)
165915	16	188967	189217	-	ENSG00000007392	1	LUC7L	protein_coding	1	2	0.32049	own-gene 3'UTR verified vs GTF; audit only, not a published ranked list (20 disclosure 1, issue #99)
166007	16	367395	367396	-	ENSG00000086504	1	MRPL28	protein_coding	1	2	0.09905	own-gene 3'UTR verified vs GTF; audit only, not a published ranked list (20 disclosure 1, issue #99)
166148	16	717110	717480	+	ENSG00000103260	1	METRN	protein_coding	11	6	0.66451	own-gene 3'UTR verified vs GTF; audit only, not a published ranked list (20 disclosure 1, issue #99)
166187	16	854481	854730	-	ENSG00000103227	1	LMF1	protein_coding	1	2	0.50040	own-gene 3'UTR verified vs GTF; audit only, not a published ranked list (20 disclosure 1, issue #99)
166230	16	1228335	1228336	-	ENSG00000197253	1	TPSB2	protein_coding	2	2	0.59455	own-gene 3'UTR verified vs GTF; audit only, not a published ranked list (20 disclosure 1, issue #99)
166232	16	1228450	1228538	-	ENSG00000197253	1	TPSB2	protein_coding	1	2	0.42636	own-gene 3'UTR verified vs GTF; audit only, not a published ranked list (20 disclosure 1, issue #99)
166262	16	1325038	1325077	+	ENSG00000103275	1	UBE2I	protein_coding	2	2	0.25823	own-gene 3'UTR verified vs GTF; audit only, not a published ranked list (20 disclosure 1, issue #99)
166263	16	1325349	1325350	+	ENSG00000103275	1	UBE2I	protein_coding	3	5	0.28889	own-gene 3'UTR verified vs GTF; audit only, not a published ranked list (20 disclosure 1, issue #99)
166271	16	1349436	1349439	+	ENSG00000007516	1	BAIAP3	protein_coding	1	2	0.59499	own-gene 3'UTR verified vs GTF; audit only, not a published ranked list (20 disclosure 1, issue #99)
166476	16	1961974	1961975	+	ENSG00000140990	1	NDUFB10	protein_coding	5	4	0.17907	own-gene 3'UTR verified vs GTF; audit only, not a published ranked list (20 disclosure 1, issue #99)
166561	16	2177620	2178129	+	ENSG00000131653	1	TRAF7	protein_coding	1	3	0.39277	own-gene 3'UTR verified vs GTF; audit only, not a published ranked list (20 disclosure 1, issue #99)
166591	16	2253119	2253655	-	ENSG00000205937	1	RNPS1	protein_coding	5	5	0.34462	own-gene 3'UTR verified vs GTF; audit only, not a published ranked list (20 disclosure 1, issue #99)
166676	16	2519760	2519811	+	ENSG00000260272	3	AC093525.2	protein_coding	1	2	0.50057	own-gene 3'UTR verified vs GTF; audit only, not a published ranked list (20 disclosure 1, issue #99)
166743	16	2603185	2603188	+	ENSG00000140992	1	PDPK1	protein_coding	3	4	0.44061	own-gene 3'UTR verified vs GTF; audit only, not a published ranked list (20 disclosure 1, issue #99)
166805	16	2708577	2709030	+	ENSG00000167977	1	KCTD5	protein_coding	1	2	0.36664	own-gene 3'UTR verified vs GTF; audit only, not a published ranked list (20 disclosure 1, issue #99)
166833	16	2771295	2771412	+	ENSG00000167978	1	SRRM2	protein_coding	11	5	0.53775	own-gene 3'UTR verified vs GTF; audit only, not a published ranked list (20 disclosure 1, issue #99)
166834	16	2771412	2771414	-	ENSG00000103363	1	ELOB	protein_coding	1	2	0.19218	own-gene 3'UTR verified vs GTF; audit only, not a published ranked list (20 disclosure 1, issue #99)
166924	16	3022235	3022383	+	ENSG00000006327	1	TNFRSF12A	protein_coding	4	3	0.47558	own-gene 3'UTR verified vs GTF; audit only, not a published ranked list (20 disclosure 1, issue #99)
166977	16	3081659	3082211	+	ENSG00000008517	1	IL32	protein_coding	14	5	0.71764	own-gene 3'UTR verified vs GTF; audit only, not a published ranked list (20 disclosure 1, issue #99)
167168	16	3537079	3538547	+	ENSG00000103351	1	CLUAP1	protein_coding	1	2	0.39973	own-gene 3'UTR verified vs GTF; audit only, not a published ranked list (20 disclosure 1, issue #99)
167264	16	3726565	3727144	-	ENSG00000005339	1	CREBBP	protein_coding	1	2	0.25640	own-gene 3'UTR verified vs GTF; audit only, not a published ranked list (20 disclosure 1, issue #99)
167483	16	4340248	4340463	-	ENSG00000217930	2	PAM16	protein_coding	3	4	0.58377	own-gene 3'UTR verified vs GTF; audit only, not a published ranked list (20 disclosure 1, issue #99)
167580	16	4509899	4509902	+	ENSG00000103415	1	HMOX2	protein_coding	3	2	0.34063	own-gene 3'UTR verified vs GTF; audit only, not a published ranked list (20 disclosure 1, issue #99)
167656	16	4690593	4690972	+	ENSG00000102858	1	MGRN1	protein_coding	3	4	0.44556	own-gene 3'UTR verified vs GTF; audit only, not a published ranked list (20 disclosure 1, issue #99)
167710	16	4803202	4803207	-	ENSG00000140632	1	GLYR1	protein_coding	4	5	0.49378	own-gene 3'UTR verified vs GTF; audit only, not a published ranked list (20 disclosure 1, issue #99)
167779	16	4881973	4882360	+	ENSG00000118900	1	UBN1	protein_coding	3	4	0.50121	own-gene 3'UTR verified vs GTF; audit only, not a published ranked list (20 disclosure 1, issue #99)
168029	16	8854912	8854913	-	ENSG00000153048	1	CARHSP1	protein_coding	2	2	0.27609	own-gene 3'UTR verified vs GTF; audit only, not a published ranked list (20 disclosure 1, issue #99)
168104	16	9112653	9113181	+	ENSG00000182831	2	C16orf72	protein_coding	1	2	0.23745	own-gene 3'UTR verified vs GTF; audit only, not a published ranked list (20 disclosure 1, issue #99)
168308	16	10528576	10529074	-	ENSG00000213853	1	EMP2	protein_coding	2	2	0.51971	own-gene 3'UTR verified vs GTF; audit only, not a published ranked list (20 disclosure 1, issue #99)
168311	16	10531183	10532090	-	ENSG00000213853	1	EMP2	protein_coding	1	2	0.22083	own-gene 3'UTR verified vs GTF; audit only, not a published ranked list (20 disclosure 1, issue #99)
168313	16	10532726	10533076	-	ENSG00000213853	1	EMP2	protein_coding	1	2	0.56839	own-gene 3'UTR verified vs GTF; audit only, not a published ranked list (20 disclosure 1, issue #99)
168691	16	11547721	11547722	-	ENSG00000189067	1	LITAF	protein_coding	5	5	0.32821	own-gene 3'UTR verified vs GTF; audit only, not a published ranked list (20 disclosure 1, issue #99)
168692	16	11547868	11548177	-	ENSG00000189067	1	LITAF	protein_coding	11	6	0.44994	own-gene 3'UTR verified vs GTF; audit only, not a published ranked list (20 disclosure 1, issue #99)
168694	16	11548578	11548644	-	ENSG00000189067	1	LITAF	protein_coding	5	4	0.48393	own-gene 3'UTR verified vs GTF; audit only, not a published ranked list (20 disclosure 1, issue #99)
168696	16	11548913	11549134	-	ENSG00000189067	1	LITAF	protein_coding	2	3	0.35421	own-gene 3'UTR verified vs GTF; audit only, not a published ranked list (20 disclosure 1, issue #99)
168789	16	11679079	11679160	-	ENSG00000153066	1	TXNDC11	protein_coding	3	3	0.48192	own-gene 3'UTR verified vs GTF; audit only, not a published ranked list (20 disclosure 1, issue #99)
168844	16	11750585	11751013	-	ENSG00000122299	1	ZC3H7A	protein_coding	1	2	0.55679	own-gene 3'UTR verified vs GTF; audit only, not a published ranked list (20 disclosure 1, issue #99)
168907	16	11837263	11837349	-	ENSG00000171490	1	RSL1D1	protein_coding	1	2	0.18908	own-gene 3'UTR verified vs GTF; audit only, not a published ranked list (20 disclosure 1, issue #99)
168914	16	11841658	11842010	-	ENSG00000171490	1	RSL1D1	protein_coding	1	2	0.15935	own-gene 3'UTR verified vs GTF; audit only, not a published ranked list (20 disclosure 1, issue #99)
168948	16	11868124	11868149	-	ENSG00000103342	1	GSPT1	protein_coding	1	3	0.14517	own-gene 3'UTR verified vs GTF; audit only, not a published ranked list (20 disclosure 1, issue #99)
168952	16	11870137	11870765	-	ENSG00000103342	1	GSPT1	protein_coding	2	3	0.11767	own-gene 3'UTR verified vs GTF; audit only, not a published ranked list (20 disclosure 1, issue #99)
168957	16	11872674	11872679	-	ENSG00000103342	1	GSPT1	protein_coding	4	3	0.46575	own-gene 3'UTR verified vs GTF; audit only, not a published ranked list (20 disclosure 1, issue #99)
169622	16	14896114	14896157	+	ENSG00000103512	1	NOMO1	protein_coding	2	2	0.42985	own-gene 3'UTR verified vs GTF; audit only, not a published ranked list (20 disclosure 1, issue #99)
169651	16	14951682	14952074	+	ENSG00000183426	1	NPIPA1	protein_coding	1	2	0.48434	own-gene 3'UTR verified vs GTF; audit only, not a published ranked list (20 disclosure 1, issue #99)
169715	16	15037684	15037695	+	ENSG00000179889	1	PDXDC1	protein_coding	5	6	0.51943	own-gene 3'UTR verified vs GTF; audit only, not a published ranked list (20 disclosure 1, issue #99)
169729	16	15060021	15060574	-	ENSG00000085721	1	RRN3	protein_coding	3	3	0.72389	own-gene 3'UTR verified vs GTF; audit only, not a published ranked list (20 disclosure 1, issue #99)
170189	16	16142618	16143077	+	ENSG00000103222	1	ABCC1	protein_coding	6	5	0.58771	own-gene 3'UTR verified vs GTF; audit only, not a published ranked list (20 disclosure 1, issue #99)
170272	16	16294510	16294592	+	ENSG00000103226	1	NOMO3	protein_coding	1	2	0.42120	own-gene 3'UTR verified vs GTF; audit only, not a published ranked list (20 disclosure 1, issue #99)
170274	16	16294805	16294811	+	ENSG00000103226	1	NOMO3	protein_coding	2	2	0.40535	own-gene 3'UTR verified vs GTF; audit only, not a published ranked list (20 disclosure 1, issue #99)
170302	16	16350159	16350608	+	ENSG00000183889	1	AC138969.1	protein_coding	2	2	0.41753	own-gene 3'UTR verified vs GTF; audit only, not a published ranked list (20 disclosure 1, issue #99)
170580	16	18358071	18358518	-	ENSG00000233024	1	NPIPA9	protein_coding	1	2	0.43494	own-gene 3'UTR verified vs GTF; audit only, not a published ranked list (20 disclosure 1, issue #99)
170609	16	18417324	18417330	-	ENSG00000185164	1	NOMO2	protein_coding	2	2	0.40910	own-gene 3'UTR verified vs GTF; audit only, not a published ranked list (20 disclosure 1, issue #99)
170610	16	18417543	18417625	-	ENSG00000185164	1	NOMO2	protein_coding	1	3	0.40990	own-gene 3'UTR verified vs GTF; audit only, not a published ranked list (20 disclosure 1, issue #99)
170635	16	18499923	18499929	-	ENSG00000185164	1	NOMO2	protein_coding	2	2	0.40910	own-gene 3'UTR verified vs GTF; audit only, not a published ranked list (20 disclosure 1, issue #99)
170636	16	18500142	18500224	-	ENSG00000185164	1	NOMO2	protein_coding	1	3	0.40990	own-gene 3'UTR verified vs GTF; audit only, not a published ranked list (20 disclosure 1, issue #99)
170705	16	18781293	18781757	-	ENSG00000134419	1	RPS15A	protein_coding	1	2	0.06302	own-gene 3'UTR verified vs GTF; audit only, not a published ranked list (20 disclosure 1, issue #99)
170729	16	18804852	18805275	-	ENSG00000157106	1	SMG1	protein_coding	1	2	0.38257	own-gene 3'UTR verified vs GTF; audit only, not a published ranked list (20 disclosure 1, issue #99)
171044	16	19504459	19504960	-	ENSG00000006007	1	GDE1	protein_coding	1	2	0.10033	own-gene 3'UTR verified vs GTF; audit only, not a published ranked list (20 disclosure 1, issue #99)
171235	16	20733663	20734439	-	ENSG00000066654	1	THUMPD1	protein_coding	1	2	0.34294	own-gene 3'UTR verified vs GTF; audit only, not a published ranked list (20 disclosure 1, issue #99)
171258	16	20796979	20797159	+	ENSG00000005187	1	ACSM3	protein_coding	1	2	0.71788	own-gene 3'UTR verified vs GTF; audit only, not a published ranked list (20 disclosure 1, issue #99)
171458	16	21402147	21402241	-	ENSG00000169246	1	NPIPB3	protein_coding	7	5	0.48302	own-gene 3'UTR verified vs GTF; audit only, not a published ranked list (20 disclosure 1, issue #99)
171640	16	21657009	21657471	+	ENSG00000197006	1	METTL9	protein_coding	1	2	0.21136	own-gene 3'UTR verified vs GTF; audit only, not a published ranked list (20 disclosure 1, issue #99)
171704	16	21834581	21834675	-	ENSG00000185864	1	NPIPB4	protein_coding	7	5	0.48845	own-gene 3'UTR verified vs GTF; audit only, not a published ranked list (20 disclosure 1, issue #99)
171849	16	21983274	21983352	+	ENSG00000140740	1	UQCRC2	protein_coding	2	4	0.24559	own-gene 3'UTR verified vs GTF; audit only, not a published ranked list (20 disclosure 1, issue #99)
171997	16	22333740	22334444	+	ENSG00000058600	1	POLR3E	protein_coding	1	2	0.46398	own-gene 3'UTR verified vs GTF; audit only, not a published ranked list (20 disclosure 1, issue #99)
172206	16	22536427	22536521	+	ENSG00000243716	1	NPIPB5	protein_coding	7	5	0.49870	own-gene 3'UTR verified vs GTF; audit only, not a published ranked list (20 disclosure 1, issue #99)
172346	16	23380815	23381295	+	ENSG00000168447	1	SCNN1B	protein_coding	1	3	0.68875	own-gene 3'UTR verified vs GTF; audit only, not a published ranked list (20 disclosure 1, issue #99)
172391	16	23466153	23466165	-	ENSG00000103365	1	GGA2	protein_coding	1	2	0.41786	own-gene 3'UTR verified vs GTF; audit only, not a published ranked list (20 disclosure 1, issue #99)
172392	16	23466589	23466608	-	ENSG00000103365	1	GGA2	protein_coding	1	2	0.28239	own-gene 3'UTR verified vs GTF; audit only, not a published ranked list (20 disclosure 1, issue #99)
172748	16	24549044	24549407	+	ENSG00000122257	1	RBBP6	protein_coding	2	3	0.24924	own-gene 3'UTR verified vs GTF; audit only, not a published ranked list (20 disclosure 1, issue #99)
172768	16	24570961	24572863	+	ENSG00000122257	1	RBBP6	protein_coding	2	4	0.42619	own-gene 3'UTR verified vs GTF; audit only, not a published ranked list (20 disclosure 1, issue #99)
173088	16	27345153	27346123	+	ENSG00000077238	1	IL4R	protein_coding	3	3	0.43818	own-gene 3'UTR verified vs GTF; audit only, not a published ranked list (20 disclosure 1, issue #99)
173104	16	27364773	27364810	+	ENSG00000077238	1	IL4R	protein_coding	4	4	0.51011	own-gene 3'UTR verified vs GTF; audit only, not a published ranked list (20 disclosure 1, issue #99)
173143	16	27449640	27450490	+	ENSG00000103522	1	IL21R	protein_coding	1	2	0.41428	own-gene 3'UTR verified vs GTF; audit only, not a published ranked list (20 disclosure 1, issue #99)
173385	16	28456324	28456742	-	ENSG00000261832	2	AC138894.1	protein_coding	1	2	0.23678	own-gene 3'UTR verified vs GTF; audit only, not a published ranked list (20 disclosure 1, issue #99)
173594	16	28837220	28837237	+	ENSG00000168488	1	ATXN2L	protein_coding	3	4	0.42474	own-gene 3'UTR verified vs GTF; audit only, not a published ranked list (20 disclosure 1, issue #99)
173676	16	28984540	28984548	+	ENSG00000169682	2	SPNS1	protein_coding	6	3	0.72143	own-gene 3'UTR verified vs GTF; audit only, not a published ranked list (20 disclosure 1, issue #99)
173872	16	29381309	29381383	-	ENSG00000254206	1	NPIPB11	protein_coding	1	2	0.20226	own-gene 3'UTR verified vs GTF; audit only, not a published ranked list (20 disclosure 1, issue #99)
173972	16	29453589	29453593	-	ENSG00000183336	2	BOLA2	protein_coding	6	4	0.34929	own-gene 3'UTR verified vs GTF; audit only, not a published ranked list (20 disclosure 1, issue #99)
173979	16	29458218	29458219	+	ENSG00000181625	2	SLX1B	protein_coding	3	3	0.53823	own-gene 3'UTR verified vs GTF; audit only, not a published ranked list (20 disclosure 1, issue #99)
174005	16	29483552	29483646	-	ENSG00000169203	1	NPIPB12	protein_coding	1	2	0.17972	own-gene 3'UTR verified vs GTF; audit only, not a published ranked list (20 disclosure 1, issue #99)
174328	16	30069895	30069897	+	ENSG00000285043	2	AC093512.2	protein_coding	2	2	0.43392	own-gene 3'UTR verified vs GTF; audit only, not a published ranked list (20 disclosure 1, issue #99)
174373	16	30197560	30197561	+	ENSG00000132207	2	SLX1A	protein_coding	3	3	0.53575	own-gene 3'UTR verified vs GTF; audit only, not a published ranked list (20 disclosure 1, issue #99)
174402	16	30222892	30222966	-	ENSG00000198064	1	NPIPB13	protein_coding	7	4	0.54529	own-gene 3'UTR verified vs GTF; audit only, not a published ranked list (20 disclosure 1, issue #99)
174746	16	30739745	30740110	+	ENSG00000080603	2	SRCAP	protein_coding	2	4	0.59839	own-gene 3'UTR verified vs GTF; audit only, not a published ranked list (20 disclosure 1, issue #99)
174853	16	30984190	30984664	+	ENSG00000099381	1	SETD1A	protein_coding	2	3	0.80220	own-gene 3'UTR verified vs GTF; audit only, not a published ranked list (20 disclosure 1, issue #99)
174939	16	31131358	31131417	+	ENSG00000103510	1	KAT8	protein_coding	3	3	0.66477	own-gene 3'UTR verified vs GTF; audit only, not a published ranked list (20 disclosure 1, issue #99)
174969	16	31191530	31191605	+	ENSG00000089280	1	FUS	protein_coding	6	6	0.43276	own-gene 3'UTR verified vs GTF; audit only, not a published ranked list (20 disclosure 1, issue #99)
175377	16	46659674	46659789	-	ENSG00000069329	1	VPS35	protein_coding	3	4	0.42125	own-gene 3'UTR verified vs GTF; audit only, not a published ranked list (20 disclosure 1, issue #99)
175521	16	47155556	47155646	-	ENSG00000129636	1	ITFG1	protein_coding	3	4	0.49520	own-gene 3'UTR verified vs GTF; audit only, not a published ranked list (20 disclosure 1, issue #99)
175846	16	48538722	48539170	-	ENSG00000102921	1	N4BP1	protein_coding	1	3	0.36573	own-gene 3'UTR verified vs GTF; audit only, not a published ranked list (20 disclosure 1, issue #99)
175847	16	48542489	48542943	-	ENSG00000102921	1	N4BP1	protein_coding	1	2	0.36646	own-gene 3'UTR verified vs GTF; audit only, not a published ranked list (20 disclosure 1, issue #99)
176023	16	50231388	50231828	+	ENSG00000121274	1	TENT4B	protein_coding	1	2	0.31785	own-gene 3'UTR verified vs GTF; audit only, not a published ranked list (20 disclosure 1, issue #99)
176062	16	50318112	50318135	+	ENSG00000121281	1	ADCY7	protein_coding	1	2	0.38829	own-gene 3'UTR verified vs GTF; audit only, not a published ranked list (20 disclosure 1, issue #99)
176193	16	50796710	50796886	+	ENSG00000083799	1	CYLD	protein_coding	1	2	0.38557	own-gene 3'UTR verified vs GTF; audit only, not a published ranked list (20 disclosure 1, issue #99)
176200	16	50801577	50801935	+	ENSG00000083799	1	CYLD	protein_coding	1	2	0.18822	own-gene 3'UTR verified vs GTF; audit only, not a published ranked list (20 disclosure 1, issue #99)
176612	16	54039787	54040226	+	ENSG00000140718	1	FTO	protein_coding	1	2	0.53012	own-gene 3'UTR verified vs GTF; audit only, not a published ranked list (20 disclosure 1, issue #99)
176628	16	54114038	54114467	+	ENSG00000140718	1	FTO	protein_coding	1	2	0.39707	own-gene 3'UTR verified vs GTF; audit only, not a published ranked list (20 disclosure 1, issue #99)
176821	16	56429132	56429603	-	ENSG00000167005	1	NUDT21	protein_coding	2	4	0.53826	own-gene 3'UTR verified vs GTF; audit only, not a published ranked list (20 disclosure 1, issue #99)
176977	16	56935836	56937055	+	ENSG00000051108	1	HERPUD1	protein_coding	8	5	0.52918	own-gene 3'UTR verified vs GTF; audit only, not a published ranked list (20 disclosure 1, issue #99)
176981	16	56939780	56940302	+	ENSG00000051108	2	HERPUD1	protein_coding	9	7	0.52381	own-gene 3'UTR verified vs GTF; audit only, not a published ranked list (20 disclosure 1, issue #99)
176985	16	56943725	56943881	+	ENSG00000051108	1	HERPUD1	protein_coding	1	3	0.15820	own-gene 3'UTR verified vs GTF; audit only, not a published ranked list (20 disclosure 1, issue #99)
176986	16	56944447	56944867	+	ENSG00000051108	1	HERPUD1	protein_coding	1	2	0.12942	own-gene 3'UTR verified vs GTF; audit only, not a published ranked list (20 disclosure 1, issue #99)
177210	16	57461266	57461275	+	ENSG00000088682	2	COQ9	protein_coding	4	5	0.59603	own-gene 3'UTR verified vs GTF; audit only, not a published ranked list (20 disclosure 1, issue #99)
178145	16	67100667	67101058	+	ENSG00000067955	1	CBFB	protein_coding	1	3	0.38516	own-gene 3'UTR verified vs GTF; audit only, not a published ranked list (20 disclosure 1, issue #99)
178330	16	67546774	67546786	+	ENSG00000039523	1	RIPOR1	protein_coding	3	2	0.73455	own-gene 3'UTR verified vs GTF; audit only, not a published ranked list (20 disclosure 1, issue #99)
178695	16	68300575	68301508	-	ENSG00000103061	1	SLC7A6OS	protein_coding	2	3	0.47956	own-gene 3'UTR verified vs GTF; audit only, not a published ranked list (20 disclosure 1, issue #99)
178696	16	68301386	68301820	+	ENSG00000103064	1	SLC7A6	protein_coding	1	2	0.39277	own-gene 3'UTR verified vs GTF; audit only, not a published ranked list (20 disclosure 1, issue #99)
179186	16	69463801	69463808	+	ENSG00000103018	1	CYB5B	protein_coding	1	2	0.26205	own-gene 3'UTR verified vs GTF; audit only, not a published ranked list (20 disclosure 1, issue #99)
179345	16	69704220	69704664	+	ENSG00000102908	2	NFAT5	protein_coding	4	4	0.27937	own-gene 3'UTR verified vs GTF; audit only, not a published ranked list (20 disclosure 1, issue #99)
179683	16	70246777	70247163	-	ENSG00000223496	1	EXOSC6	protein_coding	1	2	0.25438	own-gene 3'UTR verified vs GTF; audit only, not a published ranked list (20 disclosure 1, issue #99)
179690	16	70252294	70252435	-	ENSG00000090861	1	AARS1	protein_coding	3	6	0.50865	own-gene 3'UTR verified vs GTF; audit only, not a published ranked list (20 disclosure 1, issue #99)
179767	16	70371933	70373383	+	ENSG00000260537	2	AC012184.2	protein_coding	1	3	0.40459	own-gene 3'UTR verified vs GTF; audit only, not a published ranked list (20 disclosure 1, issue #99)
179893	16	70687438	70687895	-	ENSG00000103043	1	VAC14	protein_coding	1	2	0.42286	own-gene 3'UTR verified vs GTF; audit only, not a published ranked list (20 disclosure 1, issue #99)
180116	16	71728995	71729351	-	ENSG00000166747	1	AP1G1	protein_coding	1	2	0.45790	own-gene 3'UTR verified vs GTF; audit only, not a published ranked list (20 disclosure 1, issue #99)
180207	16	71856711	71857333	+	ENSG00000224470	2	ATXN1L	protein_coding	3	4	0.60963	own-gene 3'UTR verified vs GTF; audit only, not a published ranked list (20 disclosure 1, issue #99)
180267	16	71928593	71929019	+	ENSG00000182149	1	IST1	protein_coding	2	3	0.31123	own-gene 3'UTR verified vs GTF; audit only, not a published ranked list (20 disclosure 1, issue #99)
180567	16	74305604	74305786	+	ENSG00000103035	1	PSMD7	protein_coding	3	3	0.31682	own-gene 3'UTR verified vs GTF; audit only, not a published ranked list (20 disclosure 1, issue #99)
180568	16	74306287	74306288	+	ENSG00000103035	1	PSMD7	protein_coding	3	3	0.45514	own-gene 3'UTR verified vs GTF; audit only, not a published ranked list (20 disclosure 1, issue #99)
180658	16	74451946	74452330	-	ENSG00000090863	1	GLG1	protein_coding	2	2	0.44921	own-gene 3'UTR verified vs GTF; audit only, not a published ranked list (20 disclosure 1, issue #99)
180855	16	74873569	74874058	-	ENSG00000103091	1	WDR59	protein_coding	1	2	0.46078	own-gene 3'UTR verified vs GTF; audit only, not a published ranked list (20 disclosure 1, issue #99)
181123	16	75577448	75577552	+	ENSG00000034713	1	GABARAPL2	protein_coding	3	3	0.34848	own-gene 3'UTR verified vs GTF; audit only, not a published ranked list (20 disclosure 1, issue #99)
182026	16	81711581	81711644	+	ENSG00000153815	1	CMIP	protein_coding	1	2	0.43950	own-gene 3'UTR verified vs GTF; audit only, not a published ranked list (20 disclosure 1, issue #99)
182027	16	81711755	81711762	+	ENSG00000153815	1	CMIP	protein_coding	4	2	0.64456	own-gene 3'UTR verified vs GTF; audit only, not a published ranked list (20 disclosure 1, issue #99)
182151	16	82148161	82148581	-	ENSG00000135698	1	MPHOSPH6	protein_coding	3	2	0.40234	own-gene 3'UTR verified vs GTF; audit only, not a published ranked list (20 disclosure 1, issue #99)
182207	16	83808815	83809418	+	ENSG00000230989	1	HSBP1	protein_coding	1	2	0.36092	own-gene 3'UTR verified vs GTF; audit only, not a published ranked list (20 disclosure 1, issue #99)
182211	16	83811535	83811669	+	ENSG00000230989	1	HSBP1	protein_coding	4	3	0.25274	own-gene 3'UTR verified vs GTF; audit only, not a published ranked list (20 disclosure 1, issue #99)
182212	16	83811794	83811943	+	ENSG00000230989	1	HSBP1	protein_coding	2	2	0.43192	own-gene 3'UTR verified vs GTF; audit only, not a published ranked list (20 disclosure 1, issue #99)
182216	16	83812987	83812993	+	ENSG00000230989	1	HSBP1	protein_coding	1	2	0.41280	own-gene 3'UTR verified vs GTF; audit only, not a published ranked list (20 disclosure 1, issue #99)
182383	16	84565595	84565764	-	ENSG00000103187	1	COTL1	protein_coding	2	2	0.27881	own-gene 3'UTR verified vs GTF; audit only, not a published ranked list (20 disclosure 1, issue #99)
182385	16	84566103	84566179	-	ENSG00000103187	1	COTL1	protein_coding	2	2	0.42350	own-gene 3'UTR verified vs GTF; audit only, not a published ranked list (20 disclosure 1, issue #99)
182417	16	84616002	84616318	-	ENSG00000103187	1	COTL1	protein_coding	2	2	0.22778	own-gene 3'UTR verified vs GTF; audit only, not a published ranked list (20 disclosure 1, issue #99)
182539	16	84974459	84974460	-	ENSG00000153786	1	ZDHHC7	protein_coding	1	2	0.42281	own-gene 3'UTR verified vs GTF; audit only, not a published ranked list (20 disclosure 1, issue #99)
182540	16	84974568	84974569	-	ENSG00000153786	1	ZDHHC7	protein_coding	3	3	0.54705	own-gene 3'UTR verified vs GTF; audit only, not a published ranked list (20 disclosure 1, issue #99)
182732	16	85805006	85805511	+	ENSG00000131143	1	COX4I1	protein_coding	4	4	0.24680	own-gene 3'UTR verified vs GTF; audit only, not a published ranked list (20 disclosure 1, issue #99)
182870	16	87403108	87403465	+	ENSG00000140941	1	MAP1LC3B	protein_coding	6	4	0.27888	own-gene 3'UTR verified vs GTF; audit only, not a published ranked list (20 disclosure 1, issue #99)
182871	16	87404558	87404779	+	ENSG00000140941	1	MAP1LC3B	protein_coding	3	2	0.26104	own-gene 3'UTR verified vs GTF; audit only, not a published ranked list (20 disclosure 1, issue #99)
183097	16	88076647	88077318	+	ENSG00000172530	1	BANP	protein_coding	1	2	0.45420	own-gene 3'UTR verified vs GTF; audit only, not a published ranked list (20 disclosure 1, issue #99)
183234	16	88643288	88643434	-	ENSG00000051523	1	CYBA	protein_coding	2	2	0.08457	own-gene 3'UTR verified vs GTF; audit only, not a published ranked list (20 disclosure 1, issue #99)
183423	16	89267624	89268055	-	ENSG00000167522	1	ANKRD11	protein_coding	2	3	0.17885	own-gene 3'UTR verified vs GTF; audit only, not a published ranked list (20 disclosure 1, issue #99)
183440	16	89298867	89299263	-	ENSG00000167522	1	ANKRD11	protein_coding	2	2	0.20069	own-gene 3'UTR verified vs GTF; audit only, not a published ranked list (20 disclosure 1, issue #99)
183628	16	89557761	89557821	+	ENSG00000197912	1	SPG7	protein_coding	6	6	0.27941	own-gene 3'UTR verified vs GTF; audit only, not a published ranked list (20 disclosure 1, issue #99)
183634	16	89563200	89563330	+	ENSG00000167526	1	RPL13	protein_coding	7	3	0.35430	own-gene 3'UTR verified vs GTF; audit only, not a published ranked list (20 disclosure 1, issue #99)
183635	16	89563439	89563440	+	ENSG00000167526	1	RPL13	protein_coding	5	4	0.34590	own-gene 3'UTR verified vs GTF; audit only, not a published ranked list (20 disclosure 1, issue #99)
183832	16	89911378	89911382	+	ENSG00000141002	2	TCF25	protein_coding	4	4	0.34473	own-gene 3'UTR verified vs GTF; audit only, not a published ranked list (20 disclosure 1, issue #99)
184327	17	1003518	1003578	-	ENSG00000159842	1	ABR	protein_coding	3	2	0.52940	own-gene 3'UTR verified vs GTF; audit only, not a published ranked list (20 disclosure 1, issue #99)
184465	17	1344485	1344590	-	ENSG00000108953	1	YWHAE	protein_coding	5	5	0.26330	own-gene 3'UTR verified vs GTF; audit only, not a published ranked list (20 disclosure 1, issue #99)
184530	17	1421953	1422740	-	ENSG00000167193	1	CRK	protein_coding	4	4	0.40028	own-gene 3'UTR verified vs GTF; audit only, not a published ranked list (20 disclosure 1, issue #99)
184589	17	1517988	1518503	-	ENSG00000174238	1	PITPNA	protein_coding	2	5	0.38008	own-gene 3'UTR verified vs GTF; audit only, not a published ranked list (20 disclosure 1, issue #99)
184591	17	1520160	1520485	-	ENSG00000174238	1	PITPNA	protein_coding	1	2	0.21789	own-gene 3'UTR verified vs GTF; audit only, not a published ranked list (20 disclosure 1, issue #99)
184690	17	1650628	1650631	-	ENSG00000174231	1	PRPF8	protein_coding	5	5	0.61802	own-gene 3'UTR verified vs GTF; audit only, not a published ranked list (20 disclosure 1, issue #99)
184853	17	2059842	2060170	-	ENSG00000070366	1	SMG6	protein_coding	2	2	0.35475	own-gene 3'UTR verified vs GTF; audit only, not a published ranked list (20 disclosure 1, issue #99)
185180	17	2681903	2681956	+	ENSG00000007168	1	PAFAH1B1	protein_coding	1	2	0.25449	own-gene 3'UTR verified vs GTF; audit only, not a published ranked list (20 disclosure 1, issue #99)
185185	17	2685153	2685615	+	ENSG00000007168	1	PAFAH1B1	protein_coding	5	3	0.43991	own-gene 3'UTR verified vs GTF; audit only, not a published ranked list (20 disclosure 1, issue #99)
185376	17	3661119	3661542	+	ENSG00000040531	1	CTNS	protein_coding	1	2	0.10426	own-gene 3'UTR verified vs GTF; audit only, not a published ranked list (20 disclosure 1, issue #99)
185415	17	3714627	3714731	-	ENSG00000083457	1	ITGAE	protein_coding	2	2	0.32379	own-gene 3'UTR verified vs GTF; audit only, not a published ranked list (20 disclosure 1, issue #99)
185842	17	4721470	4721500	+	ENSG00000141480	1	ARRB2	protein_coding	2	4	0.21016	own-gene 3'UTR verified vs GTF; audit only, not a published ranked list (20 disclosure 1, issue #99)
185846	17	4731797	4732478	+	ENSG00000161920	1	MED11	protein_coding	2	2	0.47047	own-gene 3'UTR verified vs GTF; audit only, not a published ranked list (20 disclosure 1, issue #99)
185848	17	4733525	4734370	-	ENSG00000161921	1	CXCL16	protein_coding	4	2	0.30849	own-gene 3'UTR verified vs GTF; audit only, not a published ranked list (20 disclosure 1, issue #99)
185849	17	4733549	4733610	+	ENSG00000161920	1	MED11	protein_coding	3	2	0.45472	own-gene 3'UTR verified vs GTF; audit only, not a published ranked list (20 disclosure 1, issue #99)
185937	17	4897603	4898072	+	ENSG00000141503	1	MINK1	protein_coding	4	3	0.69731	own-gene 3'UTR verified vs GTF; audit only, not a published ranked list (20 disclosure 1, issue #99)
186074	17	5210409	5210886	-	ENSG00000161929	1	SCIMP	protein_coding	1	2	0.31353	own-gene 3'UTR verified vs GTF; audit only, not a published ranked list (20 disclosure 1, issue #99)
186188	17	5385436	5385812	+	ENSG00000029725	1	RABEP1	protein_coding	2	2	0.42888	own-gene 3'UTR verified vs GTF; audit only, not a published ranked list (20 disclosure 1, issue #99)
186247	17	5499424	5499789	-	ENSG00000091592	2	NLRP1	protein_coding	7	3	0.75360	own-gene 3'UTR verified vs GTF; audit only, not a published ranked list (20 disclosure 1, issue #99)
186383	17	6775646	6775647	+	ENSG00000132530	1	XAF1	protein_coding	1	2	0.41111	own-gene 3'UTR verified vs GTF; audit only, not a published ranked list (20 disclosure 1, issue #99)
186554	17	7240768	7240813	-	ENSG00000170296	2	GABARAP	protein_coding	7	3	0.40869	own-gene 3'UTR verified vs GTF; audit only, not a published ranked list (20 disclosure 1, issue #99)
186566	17	7254679	7254913	+	ENSG00000170291	1	ELP5	protein_coding	3	3	0.45233	own-gene 3'UTR verified vs GTF; audit only, not a published ranked list (20 disclosure 1, issue #99)
186578	17	7259604	7260030	+	ENSG00000170291	1	ELP5	protein_coding	2	3	0.36562	own-gene 3'UTR verified vs GTF; audit only, not a published ranked list (20 disclosure 1, issue #99)
186614	17	7351291	7351477	+	ENSG00000072818	1	ACAP1	protein_coding	6	4	0.78531	own-gene 3'UTR verified vs GTF; audit only, not a published ranked list (20 disclosure 1, issue #99)
186649	17	7459365	7460484	-	ENSG00000174282	1	ZBTB4	protein_coding	1	2	0.30433	own-gene 3'UTR verified vs GTF; audit only, not a published ranked list (20 disclosure 1, issue #99)
186714	17	7557843	7557890	+	ENSG00000239697	2	TNFSF12	protein_coding	11	5	0.77054	own-gene 3'UTR verified vs GTF; audit only, not a published ranked list (20 disclosure 1, issue #99)
186785	17	7668420	7668746	-	ENSG00000141510	1	TP53	protein_coding	4	3	0.54820	own-gene 3'UTR verified vs GTF; audit only, not a published ranked list (20 disclosure 1, issue #99)
186908	17	7912203	7912205	+	ENSG00000170004	1	CHD3	protein_coding	3	3	0.58734	own-gene 3'UTR verified vs GTF; audit only, not a published ranked list (20 disclosure 1, issue #99)
187011	17	8140469	8140474	-	ENSG00000179094	1	PER1	protein_coding	2	2	0.43844	own-gene 3'UTR verified vs GTF; audit only, not a published ranked list (20 disclosure 1, issue #99)
187015	17	8144054	8144499	-	ENSG00000179094	1	PER1	protein_coding	2	2	0.49613	own-gene 3'UTR verified vs GTF; audit only, not a published ranked list (20 disclosure 1, issue #99)
187368	17	9250470	9250503	-	ENSG00000170310	1	STX8	protein_coding	1	2	0.31268	own-gene 3'UTR verified vs GTF; audit only, not a published ranked list (20 disclosure 1, issue #99)
188122	17	15230549	15231049	-	ENSG00000109099	1	PMP22	protein_coding	1	2	0.14359	own-gene 3'UTR verified vs GTF; audit only, not a published ranked list (20 disclosure 1, issue #99)
188343	17	16005604	16006853	+	ENSG00000011295	1	TTC19	protein_coding	1	2	0.26043	own-gene 3'UTR verified vs GTF; audit only, not a published ranked list (20 disclosure 1, issue #99)
188380	17	16031526	16032372	-	ENSG00000141027	1	NCOR1	protein_coding	1	2	0.25988	own-gene 3'UTR verified vs GTF; audit only, not a published ranked list (20 disclosure 1, issue #99)
188638	17	16436733	16437003	+	ENSG00000187688	1	TRPV2	protein_coding	9	6	0.64067	own-gene 3'UTR verified vs GTF; audit only, not a published ranked list (20 disclosure 1, issue #99)
188644	17	16441464	16442387	-	ENSG00000181350	1	LRRC75A	protein_coding	4	3	0.85972	own-gene 3'UTR verified vs GTF; audit only, not a published ranked list (20 disclosure 1, issue #99)
188981	17	17843507	17843917	-	ENSG00000175662	1	TOM1L2	protein_coding	2	4	0.60784	own-gene 3'UTR verified vs GTF; audit only, not a published ranked list (20 disclosure 1, issue #99)
189150	17	18327611	18328056	+	ENSG00000176994	1	SMCR8	protein_coding	1	2	0.65130	own-gene 3'UTR verified vs GTF; audit only, not a published ranked list (20 disclosure 1, issue #99)
189611	17	19578293	19578906	+	ENSG00000142494	1	SLC47A1	protein_coding	3	3	0.31483	own-gene 3'UTR verified vs GTF; audit only, not a published ranked list (20 disclosure 1, issue #99)
189644	17	19675663	19675744	+	ENSG00000072210	1	ALDH3A2	protein_coding	1	2	0.34939	own-gene 3'UTR verified vs GTF; audit only, not a published ranked list (20 disclosure 1, issue #99)
189931	17	20999734	20999745	-	ENSG00000124422	1	USP22	protein_coding	2	4	0.42735	own-gene 3'UTR verified vs GTF; audit only, not a published ranked list (20 disclosure 1, issue #99)
190167	17	27307781	27308744	+	ENSG00000109046	1	WSB1	protein_coding	5	6	0.39297	own-gene 3'UTR verified vs GTF; audit only, not a published ranked list (20 disclosure 1, issue #99)
190172	17	27312582	27312646	+	ENSG00000109046	1	WSB1	protein_coding	2	4	0.48482	own-gene 3'UTR verified vs GTF; audit only, not a published ranked list (20 disclosure 1, issue #99)
190176	17	27313206	27313501	+	ENSG00000109046	1	WSB1	protein_coding	11	6	0.59085	own-gene 3'UTR verified vs GTF; audit only, not a published ranked list (20 disclosure 1, issue #99)
190484	17	28614439	28615122	-	ENSG00000007202	1	KIAA0100	protein_coding	1	2	0.56303	own-gene 3'UTR verified vs GTF; audit only, not a published ranked list (20 disclosure 1, issue #99)
190506	17	28648588	28648595	-	ENSG00000132581	1	SDF2	protein_coding	1	2	0.17081	own-gene 3'UTR verified vs GTF; audit only, not a published ranked list (20 disclosure 1, issue #99)
190550	17	28701896	28702231	+	ENSG00000109111	1	SUPT6H	protein_coding	1	2	0.45053	own-gene 3'UTR verified vs GTF; audit only, not a published ranked list (20 disclosure 1, issue #99)
190568	17	28724275	28724770	-	ENSG00000160606	1	TLCD1	protein_coding	2	2	0.75928	own-gene 3'UTR verified vs GTF; audit only, not a published ranked list (20 disclosure 1, issue #99)
190569	17	28724350	28724359	+	ENSG00000198242	1	RPL23A	protein_coding	1	2	0.13988	own-gene 3'UTR verified vs GTF; audit only, not a published ranked list (20 disclosure 1, issue #99)
190661	17	28879338	28879339	-	ENSG00000132589	1	FLOT2	protein_coding	2	4	0.50431	own-gene 3'UTR verified vs GTF; audit only, not a published ranked list (20 disclosure 1, issue #99)
190759	17	29255742	29256401	-	ENSG00000108256	1	NUFIP2	protein_coding	2	3	0.23346	own-gene 3'UTR verified vs GTF; audit only, not a published ranked list (20 disclosure 1, issue #99)
190761	17	29257270	29257961	-	ENSG00000108256	1	NUFIP2	protein_coding	2	3	0.25407	own-gene 3'UTR verified vs GTF; audit only, not a published ranked list (20 disclosure 1, issue #99)
190768	17	29261440	29262734	-	ENSG00000108256	1	NUFIP2	protein_coding	2	3	0.32573	own-gene 3'UTR verified vs GTF; audit only, not a published ranked list (20 disclosure 1, issue #99)
190769	17	29263187	29264485	-	ENSG00000108256	1	NUFIP2	protein_coding	1	2	0.10978	own-gene 3'UTR verified vs GTF; audit only, not a published ranked list (20 disclosure 1, issue #99)
190961	17	29625781	29626276	-	ENSG00000141298	1	SSH2	protein_coding	4	3	0.34743	own-gene 3'UTR verified vs GTF; audit only, not a published ranked list (20 disclosure 1, issue #99)
191000	17	29673908	29674367	-	ENSG00000141298	1	SSH2	protein_coding	2	2	0.16757	own-gene 3'UTR verified vs GTF; audit only, not a published ranked list (20 disclosure 1, issue #99)
191184	17	29925215	29925218	-	ENSG00000141298	1	SSH2	protein_coding	3	4	0.35357	own-gene 3'UTR verified vs GTF; audit only, not a published ranked list (20 disclosure 1, issue #99)
191333	17	30468283	30468680	+	ENSG00000108582	1	CPD	protein_coding	1	3	0.45902	own-gene 3'UTR verified vs GTF; audit only, not a published ranked list (20 disclosure 1, issue #99)
191485	17	30782683	30782684	-	ENSG00000176390	1	CRLF3	protein_coding	1	2	0.39642	own-gene 3'UTR verified vs GTF; audit only, not a published ranked list (20 disclosure 1, issue #99)
191580	17	30898496	30899525	-	ENSG00000172171	1	TEFM	protein_coding	1	2	0.48862	own-gene 3'UTR verified vs GTF; audit only, not a published ranked list (20 disclosure 1, issue #99)
191762	17	31303765	31304238	-	ENSG00000185862	1	EVI2B	protein_coding	1	2	0.16666	own-gene 3'UTR verified vs GTF; audit only, not a published ranked list (20 disclosure 1, issue #99)
191831	17	31377036	31377677	+	ENSG00000196712	1	NF1	protein_coding	1	2	0.28532	own-gene 3'UTR verified vs GTF; audit only, not a published ranked list (20 disclosure 1, issue #99)
192114	17	32369919	32369966	+	ENSG00000010244	1	ZNF207	protein_coding	2	3	0.33093	own-gene 3'UTR verified vs GTF; audit only, not a published ranked list (20 disclosure 1, issue #99)
192115	17	32370340	32370343	+	ENSG00000010244	1	ZNF207	protein_coding	4	4	0.39625	own-gene 3'UTR verified vs GTF; audit only, not a published ranked list (20 disclosure 1, issue #99)
192197	17	32492600	32493021	-	ENSG00000176658	1	MYO1D	protein_coding	1	2	0.58810	own-gene 3'UTR verified vs GTF; audit only, not a published ranked list (20 disclosure 1, issue #99)
192557	17	35269634	35270211	+	ENSG00000166750	1	SLFN5	protein_coding	1	2	0.25721	own-gene 3'UTR verified vs GTF; audit only, not a published ranked list (20 disclosure 1, issue #99)
192558	17	35270755	35272603	+	ENSG00000166750	1	SLFN5	protein_coding	1	2	0.16958	own-gene 3'UTR verified vs GTF; audit only, not a published ranked list (20 disclosure 1, issue #99)
192559	17	35273284	35273655	+	ENSG00000166750	1	SLFN5	protein_coding	1	2	0.24296	own-gene 3'UTR verified vs GTF; audit only, not a published ranked list (20 disclosure 1, issue #99)
192787	17	35723753	35724224	+	ENSG00000006125	2	AP2B1	protein_coding	1	3	0.36687	own-gene 3'UTR verified vs GTF; audit only, not a published ranked list (20 disclosure 1, issue #99)
192789	17	35726412	35726417	+	ENSG00000006125	2	AP2B1	protein_coding	3	4	0.47327	own-gene 3'UTR verified vs GTF; audit only, not a published ranked list (20 disclosure 1, issue #99)
192843	17	35846937	35847242	+	ENSG00000270647	1	TAF15	protein_coding	4	5	0.42796	own-gene 3'UTR verified vs GTF; audit only, not a published ranked list (20 disclosure 1, issue #99)
193065	17	36495632	36496126	-	ENSG00000278259	1	MYO19	protein_coding	1	3	0.48723	own-gene 3'UTR verified vs GTF; audit only, not a published ranked list (20 disclosure 1, issue #99)
193140	17	36589847	36589848	+	ENSG00000278311	1	GGNBP2	protein_coding	1	2	0.31447	own-gene 3'UTR verified vs GTF; audit only, not a published ranked list (20 disclosure 1, issue #99)
193726	17	38726833	38727825	+	ENSG00000275023	1	MLLT6	protein_coding	1	2	0.28956	own-gene 3'UTR verified vs GTF; audit only, not a published ranked list (20 disclosure 1, issue #99)
193802	17	38850080	38850081	-	ENSG00000125691	1	RPL23	protein_coding	5	4	0.40520	own-gene 3'UTR verified vs GTF; audit only, not a published ranked list (20 disclosure 1, issue #99)
193910	17	39252639	39253247	-	ENSG00000108306	1	FBXL20	protein_coding	1	2	0.36063	own-gene 3'UTR verified vs GTF; audit only, not a published ranked list (20 disclosure 1, issue #99)
194020	17	39404284	39404705	-	ENSG00000125686	1	MED1	protein_coding	2	3	0.57714	own-gene 3'UTR verified vs GTF; audit only, not a published ranked list (20 disclosure 1, issue #99)
194386	17	40172166	40172172	+	ENSG00000108349	1	CASC3	protein_coding	3	3	0.57654	own-gene 3'UTR verified vs GTF; audit only, not a published ranked list (20 disclosure 1, issue #99)
194453	17	40281443	40283067	+	ENSG00000171475	1	WIPF2	protein_coding	1	2	0.38618	own-gene 3'UTR verified vs GTF; audit only, not a published ranked list (20 disclosure 1, issue #99)
194492	17	40356444	40356796	+	ENSG00000131759	1	RARA	protein_coding	2	2	0.42979	own-gene 3'UTR verified vs GTF; audit only, not a published ranked list (20 disclosure 1, issue #99)
194493	17	40357316	40357643	+	ENSG00000131759	1	RARA	protein_coding	1	2	0.35880	own-gene 3'UTR verified vs GTF; audit only, not a published ranked list (20 disclosure 1, issue #99)
194529	17	40457651	40457727	+	ENSG00000141753	1	IGFBP4	protein_coding	3	4	0.44721	own-gene 3'UTR verified vs GTF; audit only, not a published ranked list (20 disclosure 1, issue #99)
194566	17	40553768	40554246	-	ENSG00000126353	1	CCR7	protein_coding	1	2	0.35343	own-gene 3'UTR verified vs GTF; audit only, not a published ranked list (20 disclosure 1, issue #99)
194567	17	40554463	40555115	-	ENSG00000126353	1	CCR7	protein_coding	2	2	0.44386	own-gene 3'UTR verified vs GTF; audit only, not a published ranked list (20 disclosure 1, issue #99)
194698	17	41690871	41691002	+	ENSG00000173812	1	EIF1	protein_coding	1	2	0.05223	own-gene 3'UTR verified vs GTF; audit only, not a published ranked list (20 disclosure 1, issue #99)
194699	17	41691453	41691644	+	ENSG00000173812	1	EIF1	protein_coding	3	3	0.30169	own-gene 3'UTR verified vs GTF; audit only, not a published ranked list (20 disclosure 1, issue #99)
194700	17	41692067	41692668	+	ENSG00000173812	1	EIF1	protein_coding	2	2	0.27809	own-gene 3'UTR verified vs GTF; audit only, not a published ranked list (20 disclosure 1, issue #99)
194891	17	42125527	42125644	-	ENSG00000267261	2	AC099811.2	protein_coding	3	4	0.38917	own-gene 3'UTR verified vs GTF; audit only, not a published ranked list (20 disclosure 1, issue #99)
194926	17	42199175	42199560	-	ENSG00000173757	1	STAT5B	protein_coding	1	2	0.38351	own-gene 3'UTR verified vs GTF; audit only, not a published ranked list (20 disclosure 1, issue #99)
195018	17	42311300	42311943	+	ENSG00000126561	1	STAT5A	protein_coding	1	4	0.43006	own-gene 3'UTR verified vs GTF; audit only, not a published ranked list (20 disclosure 1, issue #99)
195020	17	42313381	42313819	-	ENSG00000168610	1	STAT3	protein_coding	3	4	0.22970	own-gene 3'UTR verified vs GTF; audit only, not a published ranked list (20 disclosure 1, issue #99)
195110	17	42403621	42404315	-	ENSG00000177469	1	CAVIN1	protein_coding	1	2	0.40479	own-gene 3'UTR verified vs GTF; audit only, not a published ranked list (20 disclosure 1, issue #99)
195154	17	42522251	42522582	+	ENSG00000033627	1	ATP6V0A1	protein_coding	2	2	0.56884	own-gene 3'UTR verified vs GTF; audit only, not a published ranked list (20 disclosure 1, issue #99)
195195	17	42579503	42579515	-	ENSG00000141699	1	RETREG3	protein_coding	3	5	0.40224	own-gene 3'UTR verified vs GTF; audit only, not a published ranked list (20 disclosure 1, issue #99)
195290	17	42797633	42797664	-	ENSG00000183978	1	COA3	protein_coding	1	2	0.33873	own-gene 3'UTR verified vs GTF; audit only, not a published ranked list (20 disclosure 1, issue #99)
195485	17	43211419	43211471	+	ENSG00000188554	1	NBR1	protein_coding	3	2	0.51475	own-gene 3'UTR verified vs GTF; audit only, not a published ranked list (20 disclosure 1, issue #99)
195486	17	43211683	43211688	+	ENSG00000188554	1	NBR1	protein_coding	1	2	0.31375	own-gene 3'UTR verified vs GTF; audit only, not a published ranked list (20 disclosure 1, issue #99)
195494	17	43222755	43223713	-	ENSG00000236383	1	CCDC200	protein_coding	3	2	0.48244	own-gene 3'UTR verified vs GTF; audit only, not a published ranked list (20 disclosure 1, issue #99)
195859	17	44189496	44190280	+	ENSG00000168591	1	TMUB2	protein_coding	3	3	0.55343	own-gene 3'UTR verified vs GTF; audit only, not a published ranked list (20 disclosure 1, issue #99)
195862	17	44191410	44191731	+	ENSG00000168591	1	TMUB2	protein_coding	4	3	0.54120	own-gene 3'UTR verified vs GTF; audit only, not a published ranked list (20 disclosure 1, issue #99)
196156	17	45105660	45105986	+	ENSG00000136448	1	NMT1	protein_coding	1	2	0.38303	own-gene 3'UTR verified vs GTF; audit only, not a published ranked list (20 disclosure 1, issue #99)
196178	17	45151572	45152101	+	ENSG00000186834	1	HEXIM1	protein_coding	1	2	0.24869	own-gene 3'UTR verified vs GTF; audit only, not a published ranked list (20 disclosure 1, issue #99)
196249	17	45247317	45247318	+	ENSG00000184922	1	FMNL1	protein_coding	2	3	0.33393	own-gene 3'UTR verified vs GTF; audit only, not a published ranked list (20 disclosure 1, issue #99)
196526	17	46029915	46030678	-	ENSG00000120071	1	KANSL1	protein_coding	3	4	0.36885	own-gene 3'UTR verified vs GTF; audit only, not a published ranked list (20 disclosure 1, issue #99)
197069	17	46757463	46757464	+	ENSG00000073969	1	NSF	protein_coding	3	3	0.51978	own-gene 3'UTR verified vs GTF; audit only, not a published ranked list (20 disclosure 1, issue #99)
197837	17	48548868	48549268	-	ENSG00000120093	1	HOXB3	protein_coding	2	2	0.84615	own-gene 3'UTR verified vs GTF; audit only, not a published ranked list (20 disclosure 1, issue #99)
198091	17	49404051	49404460	-	ENSG00000167085	1	PHB	protein_coding	2	2	0.57380	own-gene 3'UTR verified vs GTF; audit only, not a published ranked list (20 disclosure 1, issue #99)
198324	17	50381236	50381245	-	ENSG00000108829	1	LRRC59	protein_coding	2	3	0.47653	own-gene 3'UTR verified vs GTF; audit only, not a published ranked list (20 disclosure 1, issue #99)
198412	17	50691217	50691597	+	ENSG00000108846	1	ABCC3	protein_coding	1	2	0.50321	own-gene 3'UTR verified vs GTF; audit only, not a published ranked list (20 disclosure 1, issue #99)
198413	17	50691698	50691702	+	ENSG00000108846	1	ABCC3	protein_coding	2	2	0.37678	own-gene 3'UTR verified vs GTF; audit only, not a published ranked list (20 disclosure 1, issue #99)
198464	17	50752468	50752753	+	ENSG00000108848	1	LUC7L3	protein_coding	2	5	0.33567	own-gene 3'UTR verified vs GTF; audit only, not a published ranked list (20 disclosure 1, issue #99)
198520	17	50962173	50962558	-	ENSG00000008294	1	SPAG9	protein_coding	2	3	0.24232	own-gene 3'UTR verified vs GTF; audit only, not a published ranked list (20 disclosure 1, issue #99)
198526	17	50964738	50966283	-	ENSG00000008294	1	SPAG9	protein_coding	2	5	0.30829	own-gene 3'UTR verified vs GTF; audit only, not a published ranked list (20 disclosure 1, issue #99)
199124	17	57006642	57006768	+	ENSG00000121064	1	SCPEP1	protein_coding	3	2	0.30933	own-gene 3'UTR verified vs GTF; audit only, not a published ranked list (20 disclosure 1, issue #99)
199321	17	57680863	57682227	+	ENSG00000153944	1	MSI2	protein_coding	2	4	0.36496	own-gene 3'UTR verified vs GTF; audit only, not a published ranked list (20 disclosure 1, issue #99)
199323	17	57684053	57684689	+	ENSG00000153944	1	MSI2	protein_coding	1	4	0.29233	own-gene 3'UTR verified vs GTF; audit only, not a published ranked list (20 disclosure 1, issue #99)
199403	17	58091220	58091223	+	ENSG00000264364	1	DYNLL2	protein_coding	1	2	0.33172	own-gene 3'UTR verified vs GTF; audit only, not a published ranked list (20 disclosure 1, issue #99)
199457	17	58345175	58345347	-	ENSG00000213246	2	SUPT4H1	protein_coding	2	2	0.29793	own-gene 3'UTR verified vs GTF; audit only, not a published ranked list (20 disclosure 1, issue #99)
199460	17	58345910	58345927	-	ENSG00000213246	2	SUPT4H1	protein_coding	1	3	0.25804	own-gene 3'UTR verified vs GTF; audit only, not a published ranked list (20 disclosure 1, issue #99)
199461	17	58346039	58346157	-	ENSG00000213246	2	SUPT4H1	protein_coding	1	2	0.21808	own-gene 3'UTR verified vs GTF; audit only, not a published ranked list (20 disclosure 1, issue #99)
199511	17	58556677	58556682	-	ENSG00000121101	1	TEX14	protein_coding	2	2	0.66117	own-gene 3'UTR verified vs GTF; audit only, not a published ranked list (20 disclosure 1, issue #99)
199642	17	59109861	59110684	-	ENSG00000182628	1	SKA2	protein_coding	1	2	0.37045	own-gene 3'UTR verified vs GTF; audit only, not a published ranked list (20 disclosure 1, issue #99)
199788	17	59607954	59608355	+	ENSG00000108406	1	DHX40	protein_coding	2	3	0.67028	own-gene 3'UTR verified vs GTF; audit only, not a published ranked list (20 disclosure 1, issue #99)
199843	17	59693825	59695004	+	ENSG00000141367	1	CLTC	protein_coding	5	3	0.42985	own-gene 3'UTR verified vs GTF; audit only, not a published ranked list (20 disclosure 1, issue #99)
199849	17	59697303	59697882	-	ENSG00000141378	1	PTRH2	protein_coding	3	2	0.48643	own-gene 3'UTR verified vs GTF; audit only, not a published ranked list (20 disclosure 1, issue #99)
199991	17	59840238	59840682	+	ENSG00000062716	1	VMP1	protein_coding	5	5	0.32928	own-gene 3'UTR verified vs GTF; audit only, not a published ranked list (20 disclosure 1, issue #99)
199997	17	59841886	59842008	+	ENSG00000062716	1	VMP1	protein_coding	9	5	0.54522	own-gene 3'UTR verified vs GTF; audit only, not a published ranked list (20 disclosure 1, issue #99)
199998	17	59842142	59842255	+	ENSG00000062716	1	VMP1	protein_coding	5	6	0.38670	own-gene 3'UTR verified vs GTF; audit only, not a published ranked list (20 disclosure 1, issue #99)
200114	17	59952361	59952997	-	ENSG00000189050	1	RNFT1	protein_coding	1	2	0.39594	own-gene 3'UTR verified vs GTF; audit only, not a published ranked list (20 disclosure 1, issue #99)
200313	17	60421207	60421453	-	ENSG00000170832	1	USP32	protein_coding	4	3	0.72132	own-gene 3'UTR verified vs GTF; audit only, not a published ranked list (20 disclosure 1, issue #99)
200321	17	60443157	60443517	-	ENSG00000062725	1	APPBP2	protein_coding	1	3	0.19203	own-gene 3'UTR verified vs GTF; audit only, not a published ranked list (20 disclosure 1, issue #99)
200660	17	61392403	61392831	+	ENSG00000141376	1	BCAS3	protein_coding	2	2	0.53126	own-gene 3'UTR verified vs GTF; audit only, not a published ranked list (20 disclosure 1, issue #99)
200723	17	61942550	61943784	-	ENSG00000108510	1	MED13	protein_coding	1	3	0.27896	own-gene 3'UTR verified vs GTF; audit only, not a published ranked list (20 disclosure 1, issue #99)
201320	17	63589018	63589691	+	ENSG00000136485	1	DCAF7	protein_coding	1	2	0.27605	own-gene 3'UTR verified vs GTF; audit only, not a published ranked list (20 disclosure 1, issue #99)
201325	17	63593768	63594461	+	ENSG00000136485	1	DCAF7	protein_coding	3	4	0.43253	own-gene 3'UTR verified vs GTF; audit only, not a published ranked list (20 disclosure 1, issue #99)
201367	17	63702831	63703233	-	ENSG00000266173	2	STRADA	protein_coding	9	6	0.54687	own-gene 3'UTR verified vs GTF; audit only, not a published ranked list (20 disclosure 1, issue #99)
201448	17	63832015	63832092	+	ENSG00000087191	1	PSMC5	protein_coding	1	2	0.72015	own-gene 3'UTR verified vs GTF; audit only, not a published ranked list (20 disclosure 1, issue #99)
201556	17	64128697	64128857	-	ENSG00000178607	1	ERN1	protein_coding	4	5	0.52386	own-gene 3'UTR verified vs GTF; audit only, not a published ranked list (20 disclosure 1, issue #99)
201618	17	64319414	64319415	-	ENSG00000261371	1	PECAM1	protein_coding	1	2	0.45918	own-gene 3'UTR verified vs GTF; audit only, not a published ranked list (20 disclosure 1, issue #99)
201620	17	64322500	64322879	-	ENSG00000261371	1	PECAM1	protein_coding	2	2	0.56667	own-gene 3'UTR verified vs GTF; audit only, not a published ranked list (20 disclosure 1, issue #99)
201621	17	64323045	64323723	-	ENSG00000261371	1	PECAM1	protein_coding	1	2	0.52445	own-gene 3'UTR verified vs GTF; audit only, not a published ranked list (20 disclosure 1, issue #99)
201744	17	64498253	64498660	-	ENSG00000108654	1	DDX5	protein_coding	4	5	0.36946	own-gene 3'UTR verified vs GTF; audit only, not a published ranked list (20 disclosure 1, issue #99)
202094	17	65009283	65009751	-	ENSG00000120063	1	GNA13	protein_coding	2	2	0.23074	own-gene 3'UTR verified vs GTF; audit only, not a published ranked list (20 disclosure 1, issue #99)
202095	17	65010714	65010760	-	ENSG00000120063	1	GNA13	protein_coding	2	3	0.37544	own-gene 3'UTR verified vs GTF; audit only, not a published ranked list (20 disclosure 1, issue #99)
202186	17	65227372	65227699	+	ENSG00000108370	1	RGS9	protein_coding	1	2	0.94186	own-gene 3'UTR verified vs GTF; audit only, not a published ranked list (20 disclosure 1, issue #99)
202716	17	67337915	67338341	-	ENSG00000197170	1	PSMD12	protein_coding	3	3	0.35053	own-gene 3'UTR verified vs GTF; audit only, not a published ranked list (20 disclosure 1, issue #99)
202722	17	67340915	67340921	-	ENSG00000197170	1	PSMD12	protein_coding	1	2	0.37196	own-gene 3'UTR verified vs GTF; audit only, not a published ranked list (20 disclosure 1, issue #99)
203202	17	67982834	67983157	+	ENSG00000171634	1	BPTF	protein_coding	1	2	0.23750	own-gene 3'UTR verified vs GTF; audit only, not a published ranked list (20 disclosure 1, issue #99)
203480	17	68530660	68530667	+	ENSG00000108946	1	PRKAR1A	protein_coding	2	2	0.24737	own-gene 3'UTR verified vs GTF; audit only, not a published ranked list (20 disclosure 1, issue #99)
203487	17	68532460	68532526	+	ENSG00000108946	1	PRKAR1A	protein_coding	2	2	0.26328	own-gene 3'UTR verified vs GTF; audit only, not a published ranked list (20 disclosure 1, issue #99)
203488	17	68532680	68532762	+	ENSG00000108946	1	PRKAR1A	protein_coding	3	4	0.29931	own-gene 3'UTR verified vs GTF; audit only, not a published ranked list (20 disclosure 1, issue #99)
203828	17	72645948	72646346	-	ENSG00000133195	1	SLC39A11	protein_coding	1	4	0.74072	own-gene 3'UTR verified vs GTF; audit only, not a published ranked list (20 disclosure 1, issue #99)
203830	17	72647340	72647573	-	ENSG00000133195	1	SLC39A11	protein_coding	2	4	0.76104	own-gene 3'UTR verified vs GTF; audit only, not a published ranked list (20 disclosure 1, issue #99)
204148	17	74209879	74209880	+	ENSG00000172809	1	RPL38	protein_coding	4	2	0.37744	own-gene 3'UTR verified vs GTF; audit only, not a published ranked list (20 disclosure 1, issue #99)
204464	17	75135247	75135248	-	ENSG00000189159	1	JPT1	protein_coding	12	6	0.55608	own-gene 3'UTR verified vs GTF; audit only, not a published ranked list (20 disclosure 1, issue #99)
204466	17	75135987	75135988	-	ENSG00000189159	1	JPT1	protein_coding	21	7	0.71067	own-gene 3'UTR verified vs GTF; audit only, not a published ranked list (20 disclosure 1, issue #99)
204559	17	75262455	75263104	+	ENSG00000125445	1	MRPS7	protein_coding	3	4	0.33159	own-gene 3'UTR verified vs GTF; audit only, not a published ranked list (20 disclosure 1, issue #99)
204563	17	75265991	75266376	+	ENSG00000125445	1	MRPS7	protein_coding	5	5	0.35303	own-gene 3'UTR verified vs GTF; audit only, not a published ranked list (20 disclosure 1, issue #99)
204564	17	75266227	75266228	-	ENSG00000125457	1	MIF4GD	protein_coding	1	2	0.17917	own-gene 3'UTR verified vs GTF; audit only, not a published ranked list (20 disclosure 1, issue #99)
204616	17	75318075	75318180	-	ENSG00000177885	1	GRB2	protein_coding	5	5	0.41848	own-gene 3'UTR verified vs GTF; audit only, not a published ranked list (20 disclosure 1, issue #99)
204621	17	75319983	75320011	-	ENSG00000177885	1	GRB2	protein_coding	4	5	0.63804	own-gene 3'UTR verified vs GTF; audit only, not a published ranked list (20 disclosure 1, issue #99)
204622	17	75320130	75320159	-	ENSG00000177885	1	GRB2	protein_coding	6	4	0.53387	own-gene 3'UTR verified vs GTF; audit only, not a published ranked list (20 disclosure 1, issue #99)
204623	17	75320306	75320354	-	ENSG00000177885	1	GRB2	protein_coding	4	5	0.47880	own-gene 3'UTR verified vs GTF; audit only, not a published ranked list (20 disclosure 1, issue #99)
204737	17	75522323	75523092	+	ENSG00000182173	1	TSEN54	protein_coding	2	2	0.49781	own-gene 3'UTR verified vs GTF; audit only, not a published ranked list (20 disclosure 1, issue #99)
204768	17	75574965	75575209	+	ENSG00000073350	1	LLGL2	protein_coding	2	2	0.74484	own-gene 3'UTR verified vs GTF; audit only, not a published ranked list (20 disclosure 1, issue #99)
204863	17	75776428	75776439	-	ENSG00000132475	1	H3-3B	protein_coding	4	2	0.22348	own-gene 3'UTR verified vs GTF; audit only, not a published ranked list (20 disclosure 1, issue #99)
204865	17	75777210	75777645	-	ENSG00000132475	1	H3-3B	protein_coding	4	2	0.28018	own-gene 3'UTR verified vs GTF; audit only, not a published ranked list (20 disclosure 1, issue #99)
204891	17	75825377	75825799	+	ENSG00000132478	1	UNK	protein_coding	1	2	0.75389	own-gene 3'UTR verified vs GTF; audit only, not a published ranked list (20 disclosure 1, issue #99)
205095	17	76271266	76271294	+	ENSG00000185262	1	UBALD2	protein_coding	1	2	0.30041	own-gene 3'UTR verified vs GTF; audit only, not a published ranked list (20 disclosure 1, issue #99)
205148	17	76389530	76390216	-	ENSG00000175931	1	UBE2O	protein_coding	1	2	0.50878	own-gene 3'UTR verified vs GTF; audit only, not a published ranked list (20 disclosure 1, issue #99)
205190	17	76470890	76471315	-	ENSG00000129667	1	RHBDF2	protein_coding	4	3	0.57483	own-gene 3'UTR verified vs GTF; audit only, not a published ranked list (20 disclosure 1, issue #99)
205328	17	76734114	76734432	-	ENSG00000161547	1	SRSF2	protein_coding	1	2	0.07559	own-gene 3'UTR verified vs GTF; audit only, not a published ranked list (20 disclosure 1, issue #99)
205331	17	76734836	76734837	-	ENSG00000161547	1	SRSF2	protein_coding	3	4	0.33643	own-gene 3'UTR verified vs GTF; audit only, not a published ranked list (20 disclosure 1, issue #99)
205334	17	76735516	76736411	-	ENSG00000161547	1	SRSF2	protein_coding	1	4	0.15368	own-gene 3'UTR verified vs GTF; audit only, not a published ranked list (20 disclosure 1, issue #99)
205478	17	77216732	77217104	+	ENSG00000129657	1	SEC14L1	protein_coding	3	2	0.52451	own-gene 3'UTR verified vs GTF; audit only, not a published ranked list (20 disclosure 1, issue #99)
205741	17	78141017	78141405	+	ENSG00000167895	1	TMC8	protein_coding	1	2	0.47656	own-gene 3'UTR verified vs GTF; audit only, not a published ranked list (20 disclosure 1, issue #99)
205999	17	78674047	78674191	-	ENSG00000108669	1	CYTH1	protein_coding	3	2	0.35935	own-gene 3'UTR verified vs GTF; audit only, not a published ranked list (20 disclosure 1, issue #99)
206131	17	78795651	78795962	-	ENSG00000055483	1	AC022966.1	protein_coding	2	3	0.27344	own-gene 3'UTR verified vs GTF; audit only, not a published ranked list (20 disclosure 1, issue #99)
206180	17	78852976	78852977	-	ENSG00000035862	1	TIMP2	protein_coding	3	3	0.68033	own-gene 3'UTR verified vs GTF; audit only, not a published ranked list (20 disclosure 1, issue #99)
206182	17	78853233	78853244	-	ENSG00000035862	1	TIMP2	protein_coding	6	2	0.72986	own-gene 3'UTR verified vs GTF; audit only, not a published ranked list (20 disclosure 1, issue #99)
206185	17	78855541	78855546	-	ENSG00000035862	1	TIMP2	protein_coding	4	2	0.47184	own-gene 3'UTR verified vs GTF; audit only, not a published ranked list (20 disclosure 1, issue #99)
206389	17	80135213	80135411	-	ENSG00000141543	1	EIF4A3	protein_coding	1	2	0.15287	own-gene 3'UTR verified vs GTF; audit only, not a published ranked list (20 disclosure 1, issue #99)
206435	17	80253065	80253513	+	ENSG00000181045	1	SLC26A11	protein_coding	1	2	0.70494	own-gene 3'UTR verified vs GTF; audit only, not a published ranked list (20 disclosure 1, issue #99)
206542	17	80393440	80393798	+	ENSG00000173821	1	RNF213	protein_coding	2	3	0.18689	own-gene 3'UTR verified vs GTF; audit only, not a published ranked list (20 disclosure 1, issue #99)
206543	17	80393937	80394366	+	ENSG00000173821	1	RNF213	protein_coding	1	2	0.15238	own-gene 3'UTR verified vs GTF; audit only, not a published ranked list (20 disclosure 1, issue #99)
206546	17	80395218	80395312	+	ENSG00000173821	1	RNF213	protein_coding	2	2	0.38268	own-gene 3'UTR verified vs GTF; audit only, not a published ranked list (20 disclosure 1, issue #99)
206768	17	81241141	81241310	+	ENSG00000224877	1	NDUFAF8	protein_coding	3	4	0.21142	own-gene 3'UTR verified vs GTF; audit only, not a published ranked list (20 disclosure 1, issue #99)
206771	17	81244998	81245004	-	ENSG00000157637	1	SLC38A10	protein_coding	3	3	0.37873	own-gene 3'UTR verified vs GTF; audit only, not a published ranked list (20 disclosure 1, issue #99)
206774	17	81250869	81251514	-	ENSG00000157637	1	SLC38A10	protein_coding	1	2	0.41370	own-gene 3'UTR verified vs GTF; audit only, not a published ranked list (20 disclosure 1, issue #99)
206970	17	81702117	81702121	+	ENSG00000185359	1	HGS	protein_coding	1	3	0.43143	own-gene 3'UTR verified vs GTF; audit only, not a published ranked list (20 disclosure 1, issue #99)
207044	17	81911938	81912425	-	ENSG00000187531	1	SIRT7	protein_coding	2	2	0.33759	own-gene 3'UTR verified vs GTF; audit only, not a published ranked list (20 disclosure 1, issue #99)
207179	17	82239225	82239317	+	ENSG00000141526	1	SLC16A3	protein_coding	1	2	0.17374	own-gene 3'UTR verified vs GTF; audit only, not a published ranked list (20 disclosure 1, issue #99)
207185	17	82242665	82242672	-	ENSG00000141551	1	CSNK1D	protein_coding	2	3	0.46323	own-gene 3'UTR verified vs GTF; audit only, not a published ranked list (20 disclosure 1, issue #99)
207187	17	82244290	82244433	-	ENSG00000141551	1	CSNK1D	protein_coding	2	2	0.36948	own-gene 3'UTR verified vs GTF; audit only, not a published ranked list (20 disclosure 1, issue #99)
207314	17	82481151	82481752	+	ENSG00000141562	1	NARF	protein_coding	1	2	0.20028	own-gene 3'UTR verified vs GTF; audit only, not a published ranked list (20 disclosure 1, issue #99)
207322	17	82488258	82488267	+	ENSG00000141562	1	NARF	protein_coding	2	3	0.34226	own-gene 3'UTR verified vs GTF; audit only, not a published ranked list (20 disclosure 1, issue #99)
207396	17	82602020	82602417	+	ENSG00000141568	1	FOXK2	protein_coding	2	2	0.41961	own-gene 3'UTR verified vs GTF; audit only, not a published ranked list (20 disclosure 1, issue #99)
207687	18	214103	214629	+	ENSG00000101557	1	USP14	protein_coding	1	2	0.24015	own-gene 3'UTR verified vs GTF; audit only, not a published ranked list (20 disclosure 1, issue #99)
207829	18	673913	674058	-	ENSG00000132199	1	ENOSF1	protein_coding	1	3	0.43134	own-gene 3'UTR verified vs GTF; audit only, not a published ranked list (20 disclosure 1, issue #99)
207866	18	721710	722256	-	ENSG00000176105	1	YES1	protein_coding	1	3	0.51467	own-gene 3'UTR verified vs GTF; audit only, not a published ranked list (20 disclosure 1, issue #99)
208318	18	2914065	2914087	+	ENSG00000132205	1	EMILIN2	protein_coding	2	2	0.61382	own-gene 3'UTR verified vs GTF; audit only, not a published ranked list (20 disclosure 1, issue #99)
208324	18	2916993	2917063	-	ENSG00000101577	1	LPIN2	protein_coding	3	4	0.38436	own-gene 3'UTR verified vs GTF; audit only, not a published ranked list (20 disclosure 1, issue #99)
209302	18	9103591	9105057	+	ENSG00000178127	2	NDUFV2	protein_coding	1	2	0.21389	own-gene 3'UTR verified vs GTF; audit only, not a published ranked list (20 disclosure 1, issue #99)
209343	18	9134334	9134341	+	ENSG00000178127	2	NDUFV2	protein_coding	4	5	0.34709	own-gene 3'UTR verified vs GTF; audit only, not a published ranked list (20 disclosure 1, issue #99)
209525	18	9401973	9402424	+	ENSG00000128791	1	TWSG1	protein_coding	3	2	0.67043	own-gene 3'UTR verified vs GTF; audit only, not a published ranked list (20 disclosure 1, issue #99)
209724	18	9859240	9859794	+	ENSG00000168461	1	RAB31	protein_coding	3	3	0.43873	own-gene 3'UTR verified vs GTF; audit only, not a published ranked list (20 disclosure 1, issue #99)
209728	18	9862208	9862551	+	ENSG00000168461	1	RAB31	protein_coding	3	3	0.41224	own-gene 3'UTR verified vs GTF; audit only, not a published ranked list (20 disclosure 1, issue #99)
209778	18	9954398	9954508	+	ENSG00000101558	1	VAPA	protein_coding	2	2	0.25982	own-gene 3'UTR verified vs GTF; audit only, not a published ranked list (20 disclosure 1, issue #99)
209780	18	9954813	9954826	+	ENSG00000101558	1	VAPA	protein_coding	2	2	0.14613	own-gene 3'UTR verified vs GTF; audit only, not a published ranked list (20 disclosure 1, issue #99)
209781	18	9956323	9956837	+	ENSG00000101558	1	VAPA	protein_coding	3	4	0.24136	own-gene 3'UTR verified vs GTF; audit only, not a published ranked list (20 disclosure 1, issue #99)
209783	18	9959123	9960021	+	ENSG00000101558	1	VAPA	protein_coding	4	2	0.22340	own-gene 3'UTR verified vs GTF; audit only, not a published ranked list (20 disclosure 1, issue #99)
209825	18	10552312	10552769	+	ENSG00000134265	1	NAPG	protein_coding	3	3	0.45780	own-gene 3'UTR verified vs GTF; audit only, not a published ranked list (20 disclosure 1, issue #99)
210061	18	12326235	12326569	+	ENSG00000176014	1	TUBB6	protein_coding	1	3	0.46910	own-gene 3'UTR verified vs GTF; audit only, not a published ranked list (20 disclosure 1, issue #99)
210692	18	13764194	13764556	+	ENSG00000101654	1	RNMT	protein_coding	1	3	0.25294	own-gene 3'UTR verified vs GTF; audit only, not a published ranked list (20 disclosure 1, issue #99)
210776	18	20949739	20951173	-	ENSG00000067900	1	ROCK1	protein_coding	4	4	0.39511	own-gene 3'UTR verified vs GTF; audit only, not a published ranked list (20 disclosure 1, issue #99)
210986	18	21623819	21624598	+	ENSG00000167088	1	SNRPD1	protein_coding	2	3	0.23446	own-gene 3'UTR verified vs GTF; audit only, not a published ranked list (20 disclosure 1, issue #99)
210994	18	21629234	21629235	+	ENSG00000167088	1	SNRPD1	protein_coding	2	2	0.28778	own-gene 3'UTR verified vs GTF; audit only, not a published ranked list (20 disclosure 1, issue #99)
211015	18	21650896	21650901	-	ENSG00000158201	1	ABHD3	protein_coding	5	5	0.39189	own-gene 3'UTR verified vs GTF; audit only, not a published ranked list (20 disclosure 1, issue #99)
211073	18	21701118	21702471	-	ENSG00000158201	1	ABHD3	protein_coding	2	3	0.23515	own-gene 3'UTR verified vs GTF; audit only, not a published ranked list (20 disclosure 1, issue #99)
211162	18	21864898	21865919	+	ENSG00000101752	1	MIB1	protein_coding	1	2	0.18089	own-gene 3'UTR verified vs GTF; audit only, not a published ranked list (20 disclosure 1, issue #99)
211426	18	23482697	23483140	+	ENSG00000101782	1	RIOK3	protein_coding	3	3	0.44861	own-gene 3'UTR verified vs GTF; audit only, not a published ranked list (20 disclosure 1, issue #99)
211473	18	23531436	23532058	-	ENSG00000141458	1	NPC1	protein_coding	5	4	0.59066	own-gene 3'UTR verified vs GTF; audit only, not a published ranked list (20 disclosure 1, issue #99)
211521	18	23648392	23648414	-	ENSG00000154065	1	ANKRD29	protein_coding	1	2	0.53571	own-gene 3'UTR verified vs GTF; audit only, not a published ranked list (20 disclosure 1, issue #99)
211633	18	24020281	24020288	+	ENSG00000168234	1	TTC39C	protein_coding	1	2	0.24054	own-gene 3'UTR verified vs GTF; audit only, not a published ranked list (20 disclosure 1, issue #99)
212337	18	32072797	32073192	+	ENSG00000101695	2	RNF125	protein_coding	1	2	0.38406	own-gene 3'UTR verified vs GTF; audit only, not a published ranked list (20 disclosure 1, issue #99)
212719	18	35141850	35141860	+	ENSG00000166974	1	MAPRE2	protein_coding	1	2	0.48248	own-gene 3'UTR verified vs GTF; audit only, not a published ranked list (20 disclosure 1, issue #99)
212720	18	35142660	35143726	+	ENSG00000166974	1	MAPRE2	protein_coding	2	2	0.37738	own-gene 3'UTR verified vs GTF; audit only, not a published ranked list (20 disclosure 1, issue #99)
212740	18	35243252	35244181	+	ENSG00000186812	1	ZNF397	protein_coding	1	2	0.51090	own-gene 3'UTR verified vs GTF; audit only, not a published ranked list (20 disclosure 1, issue #99)
212788	18	35332211	35332763	-	ENSG00000172466	1	ZNF24	protein_coding	4	2	0.47626	own-gene 3'UTR verified vs GTF; audit only, not a published ranked list (20 disclosure 1, issue #99)
212898	18	35989823	35990437	-	ENSG00000141425	1	RPRD1A	protein_coding	1	3	0.56042	own-gene 3'UTR verified vs GTF; audit only, not a published ranked list (20 disclosure 1, issue #99)
213083	18	36796058	36796529	-	ENSG00000134779	1	TPGS2	protein_coding	3	2	0.49033	own-gene 3'UTR verified vs GTF; audit only, not a published ranked list (20 disclosure 1, issue #99)
213668	18	46266565	46266992	+	ENSG00000152242	1	C18orf25	protein_coding	2	2	0.53416	own-gene 3'UTR verified vs GTF; audit only, not a published ranked list (20 disclosure 1, issue #99)
213849	18	47840249	47840255	-	ENSG00000175387	1	SMAD2	protein_coding	1	2	0.21413	own-gene 3'UTR verified vs GTF; audit only, not a published ranked list (20 disclosure 1, issue #99)
214025	18	48919852	48920456	-	ENSG00000101665	1	SMAD7	protein_coding	2	3	0.56634	own-gene 3'UTR verified vs GTF; audit only, not a published ranked list (20 disclosure 1, issue #99)
214224	18	49488347	49488796	-	ENSG00000215472	2	RPL17-C18orf32	protein_coding	1	2	0.10827	own-gene 3'UTR verified vs GTF; audit only, not a published ranked list (20 disclosure 1, issue #99)
214392	18	50947114	50947890	+	ENSG00000082212	1	ME2	protein_coding	1	2	0.31681	own-gene 3'UTR verified vs GTF; audit only, not a published ranked list (20 disclosure 1, issue #99)
214444	18	51079222	51079945	+	ENSG00000141646	1	SMAD4	protein_coding	1	2	0.66246	own-gene 3'UTR verified vs GTF; audit only, not a published ranked list (20 disclosure 1, issue #99)
215476	18	59155396	59156077	+	ENSG00000166562	1	SEC11C	protein_coding	6	6	0.54525	own-gene 3'UTR verified vs GTF; audit only, not a published ranked list (20 disclosure 1, issue #99)
215495	18	59327822	59328215	-	ENSG00000074695	1	LMAN1	protein_coding	4	4	0.61856	own-gene 3'UTR verified vs GTF; audit only, not a published ranked list (20 disclosure 1, issue #99)
215501	18	59330923	59331038	-	ENSG00000074695	1	LMAN1	protein_coding	5	6	0.75391	own-gene 3'UTR verified vs GTF; audit only, not a published ranked list (20 disclosure 1, issue #99)
215547	18	59902937	59903033	+	ENSG00000141682	1	PMAIP1	protein_coding	3	2	0.33365	own-gene 3'UTR verified vs GTF; audit only, not a published ranked list (20 disclosure 1, issue #99)
215548	18	59903261	59903559	+	ENSG00000141682	1	PMAIP1	protein_coding	1	2	0.29439	own-gene 3'UTR verified vs GTF; audit only, not a published ranked list (20 disclosure 1, issue #99)
215549	18	59903952	59904065	+	ENSG00000141682	1	PMAIP1	protein_coding	2	2	0.43996	own-gene 3'UTR verified vs GTF; audit only, not a published ranked list (20 disclosure 1, issue #99)
215550	18	59904188	59904305	+	ENSG00000141682	1	PMAIP1	protein_coding	3	3	0.45233	own-gene 3'UTR verified vs GTF; audit only, not a published ranked list (20 disclosure 1, issue #99)
216675	18	74253295	74253296	-	ENSG00000166347	1	CYB5A	protein_coding	8	5	0.66787	own-gene 3'UTR verified vs GTF; audit only, not a published ranked list (20 disclosure 1, issue #99)
216676	18	74253404	74253528	-	ENSG00000166347	1	CYB5A	protein_coding	1	2	0.08056	own-gene 3'UTR verified vs GTF; audit only, not a published ranked list (20 disclosure 1, issue #99)
217025	18	77012778	77012793	-	ENSG00000197971	1	MBP	protein_coding	3	3	0.26990	own-gene 3'UTR verified vs GTF; audit only, not a published ranked list (20 disclosure 1, issue #99)
217369	18	79903699	79904060	-	ENSG00000122490	1	SLC66A2	protein_coding	1	2	0.29915	own-gene 3'UTR verified vs GTF; audit only, not a published ranked list (20 disclosure 1, issue #99)
217575	19	582865	582909	+	ENSG00000172270	1	BSG	protein_coding	8	4	0.40613	own-gene 3'UTR verified vs GTF; audit only, not a published ranked list (20 disclosure 1, issue #99)
217576	19	583098	583300	+	ENSG00000172270	1	BSG	protein_coding	2	3	0.34412	own-gene 3'UTR verified vs GTF; audit only, not a published ranked list (20 disclosure 1, issue #99)
217577	19	583424	583487	+	ENSG00000172270	1	BSG	protein_coding	5	4	0.32693	own-gene 3'UTR verified vs GTF; audit only, not a published ranked list (20 disclosure 1, issue #99)
217742	19	1065365	1065572	+	ENSG00000064687	1	ABCA7	protein_coding	2	5	0.51367	own-gene 3'UTR verified vs GTF; audit only, not a published ranked list (20 disclosure 1, issue #99)
217847	19	1259094	1259143	+	ENSG00000167470	1	MIDN	protein_coding	1	2	0.30156	own-gene 3'UTR verified vs GTF; audit only, not a published ranked list (20 disclosure 1, issue #99)
217858	19	1272512	1272550	+	ENSG00000099622	1	CIRBP	protein_coding	3	2	0.16972	own-gene 3'UTR verified vs GTF; audit only, not a published ranked list (20 disclosure 1, issue #99)
217861	19	1273023	1273172	+	ENSG00000099622	1	CIRBP	protein_coding	7	5	0.28626	own-gene 3'UTR verified vs GTF; audit only, not a published ranked list (20 disclosure 1, issue #99)
217864	19	1274809	1274810	+	ENSG00000099622	1	CIRBP	protein_coding	2	2	0.32366	own-gene 3'UTR verified vs GTF; audit only, not a published ranked list (20 disclosure 1, issue #99)
217917	19	1435256	1435303	+	ENSG00000071626	1	DAZAP1	protein_coding	3	3	0.44475	own-gene 3'UTR verified vs GTF; audit only, not a published ranked list (20 disclosure 1, issue #99)
217918	19	1435683	1435684	+	ENSG00000071626	1	DAZAP1	protein_coding	5	4	0.31198	own-gene 3'UTR verified vs GTF; audit only, not a published ranked list (20 disclosure 1, issue #99)
217933	19	1474167	1474174	-	ENSG00000119559	1	C19orf25	protein_coding	5	4	0.45520	own-gene 3'UTR verified vs GTF; audit only, not a published ranked list (20 disclosure 1, issue #99)
218051	19	1925657	1926013	+	ENSG00000227500	1	SCAMP4	protein_coding	3	3	0.60401	own-gene 3'UTR verified vs GTF; audit only, not a published ranked list (20 disclosure 1, issue #99)
218132	19	2037469	2037473	-	ENSG00000099875	1	MKNK2	protein_coding	1	2	0.25098	own-gene 3'UTR verified vs GTF; audit only, not a published ranked list (20 disclosure 1, issue #99)
218187	19	2100993	2101349	-	ENSG00000065000	1	AP3D1	protein_coding	3	3	0.50908	own-gene 3'UTR verified vs GTF; audit only, not a published ranked list (20 disclosure 1, issue #99)
218274	19	2273069	2273101	+	ENSG00000104904	2	OAZ1	protein_coding	1	2	0.28270	own-gene 3'UTR verified vs GTF; audit only, not a published ranked list (20 disclosure 1, issue #99)
218344	19	2477629	2477716	+	ENSG00000099860	1	GADD45B	protein_coding	3	2	0.34503	own-gene 3'UTR verified vs GTF; audit only, not a published ranked list (20 disclosure 1, issue #99)
218370	19	2514449	2515049	-	ENSG00000176533	1	GNG7	protein_coding	1	3	0.38130	own-gene 3'UTR verified vs GTF; audit only, not a published ranked list (20 disclosure 1, issue #99)
218629	19	3163314	3163769	+	ENSG00000060558	1	GNA15	protein_coding	2	2	0.39899	own-gene 3'UTR verified vs GTF; audit only, not a published ranked list (20 disclosure 1, issue #99)
218641	19	3180331	3180337	+	ENSG00000125910	1	S1PR4	protein_coding	4	4	0.41586	own-gene 3'UTR verified vs GTF; audit only, not a published ranked list (20 disclosure 1, issue #99)
218657	19	3208028	3208031	+	ENSG00000125912	1	NCLN	protein_coding	1	2	0.67142	own-gene 3'UTR verified vs GTF; audit only, not a published ranked list (20 disclosure 1, issue #99)
218658	19	3209156	3209603	+	ENSG00000125912	1	NCLN	protein_coding	1	2	0.65787	own-gene 3'UTR verified vs GTF; audit only, not a published ranked list (20 disclosure 1, issue #99)
218710	19	3462621	3463006	+	ENSG00000141905	1	NFIC	protein_coding	1	2	0.38435	own-gene 3'UTR verified vs GTF; audit only, not a published ranked list (20 disclosure 1, issue #99)
218711	19	3464785	3465467	+	ENSG00000141905	1	NFIC	protein_coding	1	2	0.26619	own-gene 3'UTR verified vs GTF; audit only, not a published ranked list (20 disclosure 1, issue #99)
218713	19	3468751	3469217	+	ENSG00000141905	1	NFIC	protein_coding	1	2	0.33760	own-gene 3'UTR verified vs GTF; audit only, not a published ranked list (20 disclosure 1, issue #99)
218897	19	4046331	4047031	-	ENSG00000178951	1	ZBTB7A	protein_coding	1	3	0.51976	own-gene 3'UTR verified vs GTF; audit only, not a published ranked list (20 disclosure 1, issue #99)
219409	19	5586998	5587366	-	ENSG00000130254	1	SAFB2	protein_coding	4	4	0.55128	own-gene 3'UTR verified vs GTF; audit only, not a published ranked list (20 disclosure 1, issue #99)
219470	19	5668102	5668478	+	ENSG00000160633	1	SAFB	protein_coding	2	3	0.34914	own-gene 3'UTR verified vs GTF; audit only, not a published ranked list (20 disclosure 1, issue #99)
219484	19	5691779	5691875	+	ENSG00000130255	1	RPL36	protein_coding	4	6	0.31259	own-gene 3'UTR verified vs GTF; audit only, not a published ranked list (20 disclosure 1, issue #99)
219704	19	6368901	6368939	+	ENSG00000125656	1	CLPP	protein_coding	4	3	0.48135	own-gene 3'UTR verified vs GTF; audit only, not a published ranked list (20 disclosure 1, issue #99)
219852	19	6677834	6677840	-	ENSG00000125730	1	C3	protein_coding	14	4	0.91548	own-gene 3'UTR verified vs GTF; audit only, not a published ranked list (20 disclosure 1, issue #99)
219888	19	6751819	6752558	-	ENSG00000125731	1	SH2D3A	protein_coding	1	4	0.49437	own-gene 3'UTR verified vs GTF; audit only, not a published ranked list (20 disclosure 1, issue #99)
219956	19	6857079	6857366	+	ENSG00000141968	1	VAV1	protein_coding	2	4	0.47359	own-gene 3'UTR verified vs GTF; audit only, not a published ranked list (20 disclosure 1, issue #99)
220261	19	7679176	7679259	+	ENSG00000183019	2	MCEMP1	protein_coding	3	2	0.28143	own-gene 3'UTR verified vs GTF; audit only, not a published ranked list (20 disclosure 1, issue #99)
220263	19	7679599	7679642	+	ENSG00000183019	2	MCEMP1	protein_coding	5	4	0.77699	own-gene 3'UTR verified vs GTF; audit only, not a published ranked list (20 disclosure 1, issue #99)
220264	19	7679813	7679829	+	ENSG00000183019	2	MCEMP1	protein_coding	12	6	0.84309	own-gene 3'UTR verified vs GTF; audit only, not a published ranked list (20 disclosure 1, issue #99)
220304	19	7913945	7914480	+	ENSG00000076984	1	MAP2K7	protein_coding	1	2	0.46099	own-gene 3'UTR verified vs GTF; audit only, not a published ranked list (20 disclosure 1, issue #99)
220432	19	8262420	8262421	+	ENSG00000090661	1	CERS4	protein_coding	7	5	0.70364	own-gene 3'UTR verified vs GTF; audit only, not a published ranked list (20 disclosure 1, issue #99)
220599	19	8521111	8521515	-	ENSG00000142347	1	MYO1F	protein_coding	4	4	0.50355	own-gene 3'UTR verified vs GTF; audit only, not a published ranked list (20 disclosure 1, issue #99)
220787	19	9560314	9560722	-	ENSG00000197961	1	ZNF121	protein_coding	1	2	0.52982	own-gene 3'UTR verified vs GTF; audit only, not a published ranked list (20 disclosure 1, issue #99)
220795	19	9565901	9566779	-	ENSG00000197961	1	ZNF121	protein_coding	2	2	0.59941	own-gene 3'UTR verified vs GTF; audit only, not a published ranked list (20 disclosure 1, issue #99)
220984	19	10133344	10133419	-	ENSG00000130816	1	DNMT1	protein_coding	4	3	0.58662	own-gene 3'UTR verified vs GTF; audit only, not a published ranked list (20 disclosure 1, issue #99)
221062	19	10285717	10285866	+	ENSG00000090339	1	ICAM1	protein_coding	1	2	0.40507	own-gene 3'UTR verified vs GTF; audit only, not a published ranked list (20 disclosure 1, issue #99)
221065	19	10286526	10286650	+	ENSG00000090339	1	ICAM1	protein_coding	6	4	0.56682	own-gene 3'UTR verified vs GTF; audit only, not a published ranked list (20 disclosure 1, issue #99)
221126	19	10391132	10391135	-	ENSG00000105401	1	CDC37	protein_coding	1	2	0.17602	own-gene 3'UTR verified vs GTF; audit only, not a published ranked list (20 disclosure 1, issue #99)
221128	19	10391462	10391479	-	ENSG00000105401	1	CDC37	protein_coding	3	4	0.30328	own-gene 3'UTR verified vs GTF; audit only, not a published ranked list (20 disclosure 1, issue #99)
221194	19	10467367	10467931	+	ENSG00000065989	1	PDE4A	protein_coding	5	4	0.44643	own-gene 3'UTR verified vs GTF; audit only, not a published ranked list (20 disclosure 1, issue #99)
221198	19	10469629	10469631	+	ENSG00000065989	1	PDE4A	protein_coding	5	4	0.49141	own-gene 3'UTR verified vs GTF; audit only, not a published ranked list (20 disclosure 1, issue #99)
221334	19	10680948	10681512	+	ENSG00000129351	1	ILF3	protein_coding	1	2	0.42630	own-gene 3'UTR verified vs GTF; audit only, not a published ranked list (20 disclosure 1, issue #99)
221339	19	10692383	10692419	+	ENSG00000129351	1	ILF3	protein_coding	2	3	0.29179	own-gene 3'UTR verified vs GTF; audit only, not a published ranked list (20 disclosure 1, issue #99)
221448	19	10922744	10923080	-	ENSG00000130733	1	YIPF2	protein_coding	1	2	0.42358	own-gene 3'UTR verified vs GTF; audit only, not a published ranked list (20 disclosure 1, issue #99)
221728	19	11574659	11574714	-	ENSG00000102575	1	ACP5	protein_coding	1	2	0.31910	own-gene 3'UTR verified vs GTF; audit only, not a published ranked list (20 disclosure 1, issue #99)
221730	19	11574889	11574902	-	ENSG00000102575	1	ACP5	protein_coding	1	2	0.37944	own-gene 3'UTR verified vs GTF; audit only, not a published ranked list (20 disclosure 1, issue #99)
222191	19	12646507	12646516	-	ENSG00000269242	2	AC010422.3	protein_coding	5	3	0.60259	own-gene 3'UTR verified vs GTF; audit only, not a published ranked list (20 disclosure 1, issue #99)
222271	19	12762998	12763331	-	ENSG00000095066	1	HOOK2	protein_coding	6	7	0.30733	own-gene 3'UTR verified vs GTF; audit only, not a published ranked list (20 disclosure 1, issue #99)
222385	19	12953641	12953642	+	ENSG00000179262	1	RAD23A	protein_coding	2	2	0.31415	own-gene 3'UTR verified vs GTF; audit only, not a published ranked list (20 disclosure 1, issue #99)
222859	19	14408686	14408723	+	ENSG00000123146	1	ADGRE5	protein_coding	7	4	0.35239	own-gene 3'UTR verified vs GTF; audit only, not a published ranked list (20 disclosure 1, issue #99)
222943	19	14514768	14515060	-	ENSG00000132002	1	DNAJB1	protein_coding	2	2	0.25451	own-gene 3'UTR verified vs GTF; audit only, not a published ranked list (20 disclosure 1, issue #99)
222985	19	14565918	14565980	+	ENSG00000099797	1	TECR	protein_coding	4	5	0.28017	own-gene 3'UTR verified vs GTF; audit only, not a published ranked list (20 disclosure 1, issue #99)
223206	19	15353520	15354259	-	ENSG00000105127	1	AKAP8	protein_coding	1	2	0.43285	own-gene 3'UTR verified vs GTF; audit only, not a published ranked list (20 disclosure 1, issue #99)
223328	19	16078001	16079093	+	ENSG00000167460	1	TPM4	protein_coding	3	2	0.24497	own-gene 3'UTR verified vs GTF; audit only, not a published ranked list (20 disclosure 1, issue #99)
223354	19	16101356	16101590	+	ENSG00000167460	1	TPM4	protein_coding	3	2	0.27966	own-gene 3'UTR verified vs GTF; audit only, not a published ranked list (20 disclosure 1, issue #99)
223355	19	16101742	16101743	+	ENSG00000167460	1	TPM4	protein_coding	1	2	0.19773	own-gene 3'UTR verified vs GTF; audit only, not a published ranked list (20 disclosure 1, issue #99)
223358	19	16102356	16102453	+	ENSG00000167460	1	TPM4	protein_coding	2	3	0.31909	own-gene 3'UTR verified vs GTF; audit only, not a published ranked list (20 disclosure 1, issue #99)
223360	19	16102791	16103005	+	ENSG00000167460	1	TPM4	protein_coding	8	6	0.45945	own-gene 3'UTR verified vs GTF; audit only, not a published ranked list (20 disclosure 1, issue #99)
223833	19	17212937	17213289	+	ENSG00000099331	1	MYO9B	protein_coding	3	2	0.42794	own-gene 3'UTR verified vs GTF; audit only, not a published ranked list (20 disclosure 1, issue #99)
224081	19	17788334	17788562	+	ENSG00000130475	1	FCHO1	protein_coding	1	2	0.97368	own-gene 3'UTR verified vs GTF; audit only, not a published ranked list (20 disclosure 1, issue #99)
224253	19	18169634	18170615	+	ENSG00000268173	2	AC007192.1	protein_coding	5	5	0.32724	own-gene 3'UTR verified vs GTF; audit only, not a published ranked list (20 disclosure 1, issue #99)
224260	19	18175046	18176049	+	ENSG00000268173	2	AC007192.1	protein_coding	1	2	0.24826	own-gene 3'UTR verified vs GTF; audit only, not a published ranked list (20 disclosure 1, issue #99)
224264	19	18177148	18177580	+	ENSG00000268173	2	AC007192.1	protein_coding	12	5	0.74364	own-gene 3'UTR verified vs GTF; audit only, not a published ranked list (20 disclosure 1, issue #99)
224266	19	18177977	18178117	+	ENSG00000268173	2	AC007192.1	protein_coding	5	3	0.24289	own-gene 3'UTR verified vs GTF; audit only, not a published ranked list (20 disclosure 1, issue #99)
224335	19	18257095	18257098	-	ENSG00000130518	1	IQCN	protein_coding	1	3	0.45065	own-gene 3'UTR verified vs GTF; audit only, not a published ranked list (20 disclosure 1, issue #99)
224383	19	18306915	18306918	-	ENSG00000130520	1	LSM4	protein_coding	5	4	0.34109	own-gene 3'UTR verified vs GTF; audit only, not a published ranked list (20 disclosure 1, issue #99)
224522	19	18575442	18575443	+	ENSG00000221983	1	UBA52	protein_coding	3	3	0.20308	own-gene 3'UTR verified vs GTF; audit only, not a published ranked list (20 disclosure 1, issue #99)
224707	19	19145566	19145569	-	ENSG00000213999	2	MEF2B	protein_coding	8	7	0.87556	own-gene 3'UTR verified vs GTF; audit only, not a published ranked list (20 disclosure 1, issue #99)
224956	19	19629473	19629869	-	ENSG00000089639	1	GMIP	protein_coding	3	3	0.49682	own-gene 3'UTR verified vs GTF; audit only, not a published ranked list (20 disclosure 1, issue #99)
224962	19	19640813	19641928	-	ENSG00000089639	1	GMIP	protein_coding	1	2	0.44899	own-gene 3'UTR verified vs GTF; audit only, not a published ranked list (20 disclosure 1, issue #99)
225999	19	29207265	29207422	-	ENSG00000169021	1	UQCRFS1	protein_coding	4	3	0.16353	own-gene 3'UTR verified vs GTF; audit only, not a published ranked list (20 disclosure 1, issue #99)
226019	19	29615692	29615800	+	ENSG00000105171	1	POP4	protein_coding	2	2	0.33229	own-gene 3'UTR verified vs GTF; audit only, not a published ranked list (20 disclosure 1, issue #99)
226384	19	33386949	33386955	-	ENSG00000124299	1	PEPD	protein_coding	1	2	0.31969	own-gene 3'UTR verified vs GTF; audit only, not a published ranked list (20 disclosure 1, issue #99)
226483	19	34228025	34228096	+	ENSG00000257103	1	LSM14A	protein_coding	1	2	0.29688	own-gene 3'UTR verified vs GTF; audit only, not a published ranked list (20 disclosure 1, issue #99)
226485	19	34228405	34229307	+	ENSG00000257103	1	LSM14A	protein_coding	1	2	0.30190	own-gene 3'UTR verified vs GTF; audit only, not a published ranked list (20 disclosure 1, issue #99)
226578	19	34400327	34400328	+	ENSG00000105220	2	GPI	protein_coding	1	2	0.26638	own-gene 3'UTR verified vs GTF; audit only, not a published ranked list (20 disclosure 1, issue #99)
226580	19	34401624	34402413	+	ENSG00000105220	2	GPI	protein_coding	3	4	0.38249	own-gene 3'UTR verified vs GTF; audit only, not a published ranked list (20 disclosure 1, issue #99)
226730	19	35010310	35010978	+	ENSG00000089351	1	GRAMD1A	protein_coding	2	3	0.67273	own-gene 3'UTR verified vs GTF; audit only, not a published ranked list (20 disclosure 1, issue #99)
226737	19	35026467	35026469	+	ENSG00000089351	1	GRAMD1A	protein_coding	2	2	0.60171	own-gene 3'UTR verified vs GTF; audit only, not a published ranked list (20 disclosure 1, issue #99)
226864	19	35346997	35347361	+	ENSG00000012124	1	CD22	protein_coding	1	2	0.59763	own-gene 3'UTR verified vs GTF; audit only, not a published ranked list (20 disclosure 1, issue #99)
226946	19	35716598	35717048	+	ENSG00000011590	1	ZBTB32	protein_coding	1	2	0.86828	own-gene 3'UTR verified vs GTF; audit only, not a published ranked list (20 disclosure 1, issue #99)
226967	19	35747001	35747002	+	ENSG00000205155	2	PSENEN	protein_coding	2	4	0.24605	own-gene 3'UTR verified vs GTF; audit only, not a published ranked list (20 disclosure 1, issue #99)
227055	19	35906372	35907663	-	ENSG00000011600	1	TYROBP	protein_coding	16	6	0.91167	own-gene 3'UTR verified vs GTF; audit only, not a published ranked list (20 disclosure 1, issue #99)
227176	19	36238672	36238774	+	ENSG00000167635	1	ZNF146	protein_coding	2	3	0.42845	own-gene 3'UTR verified vs GTF; audit only, not a published ranked list (20 disclosure 1, issue #99)
227555	19	37165381	37165518	-	ENSG00000267360	2	AC012309.1	protein_coding	2	3	0.50672	own-gene 3'UTR verified vs GTF; audit only, not a published ranked list (20 disclosure 1, issue #99)
227976	19	38292081	38292097	+	ENSG00000167642	2	SPINT2	protein_coding	5	4	0.38961	own-gene 3'UTR verified vs GTF; audit only, not a published ranked list (20 disclosure 1, issue #99)
227978	19	38292363	38292451	+	ENSG00000167642	2	SPINT2	protein_coding	2	2	0.22593	own-gene 3'UTR verified vs GTF; audit only, not a published ranked list (20 disclosure 1, issue #99)
228034	19	38383340	38383475	+	ENSG00000099341	1	PSMD8	protein_coding	1	2	0.16024	own-gene 3'UTR verified vs GTF; audit only, not a published ranked list (20 disclosure 1, issue #99)
228035	19	38383777	38383824	+	ENSG00000099341	1	PSMD8	protein_coding	6	4	0.42075	own-gene 3'UTR verified vs GTF; audit only, not a published ranked list (20 disclosure 1, issue #99)
228135	19	38730080	38730258	+	ENSG00000130402	1	ACTN4	protein_coding	4	3	0.37542	own-gene 3'UTR verified vs GTF; audit only, not a published ranked list (20 disclosure 1, issue #99)
228137	19	38730439	38730531	+	ENSG00000130402	1	ACTN4	protein_coding	8	6	0.55934	own-gene 3'UTR verified vs GTF; audit only, not a published ranked list (20 disclosure 1, issue #99)
228211	19	38878559	38878605	-	ENSG00000068903	1	SIRT2	protein_coding	3	4	0.50586	own-gene 3'UTR verified vs GTF; audit only, not a published ranked list (20 disclosure 1, issue #99)
228330	19	39328358	39328394	-	ENSG00000130755	1	GMFG	protein_coding	1	2	0.10003	own-gene 3'UTR verified vs GTF; audit only, not a published ranked list (20 disclosure 1, issue #99)
228381	19	39397775	39397776	+	ENSG00000063322	1	MED29	protein_coding	5	5	0.57386	own-gene 3'UTR verified vs GTF; audit only, not a published ranked list (20 disclosure 1, issue #99)
228396	19	39406939	39407743	+	ENSG00000128016	1	ZFP36	protein_coding	1	2	0.09548	own-gene 3'UTR verified vs GTF; audit only, not a published ranked list (20 disclosure 1, issue #99)
228446	19	39476669	39476670	+	ENSG00000196235	1	SUPT5H	protein_coding	3	3	0.40418	own-gene 3'UTR verified vs GTF; audit only, not a published ranked list (20 disclosure 1, issue #99)
228689	19	40378482	40378483	+	ENSG00000105223	1	PLD3	protein_coding	4	3	0.30439	own-gene 3'UTR verified vs GTF; audit only, not a published ranked list (20 disclosure 1, issue #99)
228712	19	40422398	40422501	-	ENSG00000197019	1	SERTAD1	protein_coding	2	2	0.18651	own-gene 3'UTR verified vs GTF; audit only, not a published ranked list (20 disclosure 1, issue #99)
228726	19	40447788	40447840	-	ENSG00000090013	1	BLVRB	protein_coding	5	4	0.40892	own-gene 3'UTR verified vs GTF; audit only, not a published ranked list (20 disclosure 1, issue #99)
228842	19	40765304	40765389	+	ENSG00000077312	1	SNRPA	protein_coding	1	2	0.29625	own-gene 3'UTR verified vs GTF; audit only, not a published ranked list (20 disclosure 1, issue #99)
228857	19	40780201	40783409	+	ENSG00000268975	3	MIA-RAB4B	protein_coding	1	3	0.30422	own-gene 3'UTR verified vs GTF; audit only, not a published ranked list (20 disclosure 1, issue #99)
228867	19	40796935	40796942	+	ENSG00000268975	3	MIA-RAB4B	protein_coding	1	2	0.19315	own-gene 3'UTR verified vs GTF; audit only, not a published ranked list (20 disclosure 1, issue #99)
229021	19	41261198	41261201	+	ENSG00000167601	1	AXL	protein_coding	1	2	0.68505	own-gene 3'UTR verified vs GTF; audit only, not a published ranked list (20 disclosure 1, issue #99)
229067	19	41307373	41307377	+	ENSG00000105323	1	HNRNPUL1	protein_coding	2	2	0.34126	own-gene 3'UTR verified vs GTF; audit only, not a published ranked list (20 disclosure 1, issue #99)
229068	19	41307590	41307787	+	ENSG00000105323	1	HNRNPUL1	protein_coding	3	3	0.30259	own-gene 3'UTR verified vs GTF; audit only, not a published ranked list (20 disclosure 1, issue #99)
229094	19	41330913	41330914	-	ENSG00000105329	1	TGFB1	protein_coding	1	5	0.28691	own-gene 3'UTR verified vs GTF; audit only, not a published ranked list (20 disclosure 1, issue #99)
229244	19	41586560	41586844	+	ENSG00000007129	1	CEACAM21	protein_coding	3	5	0.76667	own-gene 3'UTR verified vs GTF; audit only, not a published ranked list (20 disclosure 1, issue #99)
229299	19	41771219	41771251	+	ENSG00000086548	1	CEACAM6	protein_coding	1	2	0.31504	own-gene 3'UTR verified vs GTF; audit only, not a published ranked list (20 disclosure 1, issue #99)
229300	19	41771907	41771990	+	ENSG00000086548	1	CEACAM6	protein_coding	3	3	0.73291	own-gene 3'UTR verified vs GTF; audit only, not a published ranked list (20 disclosure 1, issue #99)
229302	19	41772210	41772211	+	ENSG00000086548	1	CEACAM6	protein_coding	2	3	0.45280	own-gene 3'UTR verified vs GTF; audit only, not a published ranked list (20 disclosure 1, issue #99)
229342	19	41881369	41881372	+	ENSG00000105369	1	CD79A	protein_coding	2	5	0.52937	own-gene 3'UTR verified vs GTF; audit only, not a published ranked list (20 disclosure 1, issue #99)
229417	19	42093003	42093839	-	ENSG00000028277	1	POU2F2	protein_coding	1	2	0.44305	own-gene 3'UTR verified vs GTF; audit only, not a published ranked list (20 disclosure 1, issue #99)
229701	19	43646093	43646104	-	ENSG00000011422	1	PLAUR	protein_coding	3	4	0.27181	own-gene 3'UTR verified vs GTF; audit only, not a published ranked list (20 disclosure 1, issue #99)
229702	19	43646271	43646451	-	ENSG00000011422	1	PLAUR	protein_coding	11	5	0.61062	own-gene 3'UTR verified vs GTF; audit only, not a published ranked list (20 disclosure 1, issue #99)
229706	19	43648575	43648711	-	ENSG00000011422	1	PLAUR	protein_coding	8	5	0.48328	own-gene 3'UTR verified vs GTF; audit only, not a published ranked list (20 disclosure 1, issue #99)
229711	19	43651127	43652288	-	ENSG00000011422	1	PLAUR	protein_coding	6	4	0.37078	own-gene 3'UTR verified vs GTF; audit only, not a published ranked list (20 disclosure 1, issue #99)
229721	19	43661180	43662153	-	ENSG00000011422	1	PLAUR	protein_coding	3	2	0.49017	own-gene 3'UTR verified vs GTF; audit only, not a published ranked list (20 disclosure 1, issue #99)
230119	19	44915885	44916864	+	ENSG00000130208	1	APOC1	protein_coding	11	6	0.85274	own-gene 3'UTR verified vs GTF; audit only, not a published ranked list (20 disclosure 1, issue #99)
230125	19	44919274	44919346	+	ENSG00000130208	1	APOC1	protein_coding	3	3	0.20585	own-gene 3'UTR verified vs GTF; audit only, not a published ranked list (20 disclosure 1, issue #99)
230382	19	45471704	45472089	+	ENSG00000125740	1	FOSB	protein_coding	12	5	0.50358	own-gene 3'UTR verified vs GTF; audit only, not a published ranked list (20 disclosure 1, issue #99)
230387	19	45473871	45473984	+	ENSG00000125740	1	FOSB	protein_coding	3	2	0.36454	own-gene 3'UTR verified vs GTF; audit only, not a published ranked list (20 disclosure 1, issue #99)
230388	19	45474282	45474672	+	ENSG00000125740	1	FOSB	protein_coding	7	2	0.52687	own-gene 3'UTR verified vs GTF; audit only, not a published ranked list (20 disclosure 1, issue #99)
230432	19	45526561	45526591	+	ENSG00000125753	1	VASP	protein_coding	3	4	0.31326	own-gene 3'UTR verified vs GTF; audit only, not a published ranked list (20 disclosure 1, issue #99)
230433	19	45526784	45526989	+	ENSG00000125753	1	VASP	protein_coding	4	3	0.24438	own-gene 3'UTR verified vs GTF; audit only, not a published ranked list (20 disclosure 1, issue #99)
230736	19	46609259	46609305	+	ENSG00000160014	1	CALM3	protein_coding	9	6	0.53635	own-gene 3'UTR verified vs GTF; audit only, not a published ranked list (20 disclosure 1, issue #99)
230737	19	46610702	46610782	+	ENSG00000160014	1	CALM3	protein_coding	3	3	0.44391	own-gene 3'UTR verified vs GTF; audit only, not a published ranked list (20 disclosure 1, issue #99)
231069	19	47343019	47344382	+	ENSG00000134830	1	C5AR2	protein_coding	3	2	0.37361	own-gene 3'UTR verified vs GTF; audit only, not a published ranked list (20 disclosure 1, issue #99)
231122	19	47487636	47487642	-	ENSG00000105402	2	NAPA	protein_coding	8	5	0.42775	own-gene 3'UTR verified vs GTF; audit only, not a published ranked list (20 disclosure 1, issue #99)
231410	19	48327355	48329507	+	ENSG00000142227	1	EMP3	protein_coding	4	3	0.31801	own-gene 3'UTR verified vs GTF; audit only, not a published ranked list (20 disclosure 1, issue #99)
231412	19	48330552	48330553	+	ENSG00000142227	1	EMP3	protein_coding	1	2	0.21262	own-gene 3'UTR verified vs GTF; audit only, not a published ranked list (20 disclosure 1, issue #99)
231429	19	48382574	48382628	-	ENSG00000105438	1	KDELR1	protein_coding	1	2	0.31517	own-gene 3'UTR verified vs GTF; audit only, not a published ranked list (20 disclosure 1, issue #99)
231539	19	48629965	48630718	+	ENSG00000063176	1	SPHK2	protein_coding	1	2	0.57564	own-gene 3'UTR verified vs GTF; audit only, not a published ranked list (20 disclosure 1, issue #99)
231700	19	48923270	48923330	+	ENSG00000104805	1	NUCB1	protein_coding	3	2	0.34451	own-gene 3'UTR verified vs GTF; audit only, not a published ranked list (20 disclosure 1, issue #99)
231736	19	48960883	48961075	+	ENSG00000087088	1	BAX	protein_coding	2	3	0.13605	own-gene 3'UTR verified vs GTF; audit only, not a published ranked list (20 disclosure 1, issue #99)
231739	19	48961674	48961798	+	ENSG00000087088	1	BAX	protein_coding	15	6	0.57154	own-gene 3'UTR verified vs GTF; audit only, not a published ranked list (20 disclosure 1, issue #99)
231902	19	49338728	49338997	+	ENSG00000104894	1	CD37	protein_coding	2	2	0.12897	own-gene 3'UTR verified vs GTF; audit only, not a published ranked list (20 disclosure 1, issue #99)
231904	19	49339811	49340027	+	ENSG00000104894	1	CD37	protein_coding	2	4	0.24362	own-gene 3'UTR verified vs GTF; audit only, not a published ranked list (20 disclosure 1, issue #99)
231918	19	49446297	49446299	-	ENSG00000104872	1	PIH1D1	protein_coding	1	3	0.47709	own-gene 3'UTR verified vs GTF; audit only, not a published ranked list (20 disclosure 1, issue #99)
231929	19	49470357	49470622	+	ENSG00000161618	2	ALDH16A1	protein_coding	2	3	0.51373	own-gene 3'UTR verified vs GTF; audit only, not a published ranked list (20 disclosure 1, issue #99)
231940	19	49486065	49486231	+	ENSG00000269469	3	AC010619.2	protein_coding	2	2	0.73719	own-gene 3'UTR verified vs GTF; audit only, not a published ranked list (20 disclosure 1, issue #99)
232139	19	49860739	49860742	+	ENSG00000104960	1	PTOV1	protein_coding	2	4	0.41855	own-gene 3'UTR verified vs GTF; audit only, not a published ranked list (20 disclosure 1, issue #99)
232157	19	49889653	49889654	-	ENSG00000104951	1	IL4I1	protein_coding	3	3	0.61158	own-gene 3'UTR verified vs GTF; audit only, not a published ranked list (20 disclosure 1, issue #99)
232388	19	50476608	50477417	+	ENSG00000161671	1	EMC10	protein_coding	3	3	0.21164	own-gene 3'UTR verified vs GTF; audit only, not a published ranked list (20 disclosure 1, issue #99)
232389	19	50482621	50482622	+	ENSG00000161671	1	EMC10	protein_coding	3	3	0.26629	own-gene 3'UTR verified vs GTF; audit only, not a published ranked list (20 disclosure 1, issue #99)
232391	19	50483124	50483901	+	ENSG00000161671	1	EMC10	protein_coding	4	5	0.43113	own-gene 3'UTR verified vs GTF; audit only, not a published ranked list (20 disclosure 1, issue #99)
232399	19	50487500	50489998	+	ENSG00000161671	1	EMC10	protein_coding	1	3	0.25858	own-gene 3'UTR verified vs GTF; audit only, not a published ranked list (20 disclosure 1, issue #99)
233213	19	53066613	53067453	-	ENSG00000170949	1	ZNF160	protein_coding	1	3	0.58279	own-gene 3'UTR verified vs GTF; audit only, not a published ranked list (20 disclosure 1, issue #99)
233413	19	53577605	53578442	+	ENSG00000130844	1	ZNF331	protein_coding	7	4	0.45589	own-gene 3'UTR verified vs GTF; audit only, not a published ranked list (20 disclosure 1, issue #99)
233416	19	53579210	53580269	+	ENSG00000130844	1	ZNF331	protein_coding	1	2	0.36773	own-gene 3'UTR verified vs GTF; audit only, not a published ranked list (20 disclosure 1, issue #99)
233464	19	53875331	53875336	+	ENSG00000179820	1	MYADM	protein_coding	1	2	0.28450	own-gene 3'UTR verified vs GTF; audit only, not a published ranked list (20 disclosure 1, issue #99)
233468	19	53876291	53876315	+	ENSG00000179820	1	MYADM	protein_coding	1	2	0.31298	own-gene 3'UTR verified vs GTF; audit only, not a published ranked list (20 disclosure 1, issue #99)
233469	19	53876431	53876438	+	ENSG00000179820	1	MYADM	protein_coding	4	4	0.45225	own-gene 3'UTR verified vs GTF; audit only, not a published ranked list (20 disclosure 1, issue #99)
233551	19	54173411	54173416	-	ENSG00000125505	1	MBOAT7	protein_coding	4	3	0.51794	own-gene 3'UTR verified vs GTF; audit only, not a published ranked list (20 disclosure 1, issue #99)
233579	19	54206270	54206718	+	ENSG00000170889	1	RPS9	protein_coding	5	2	0.26214	own-gene 3'UTR verified vs GTF; audit only, not a published ranked list (20 disclosure 1, issue #99)
233596	19	54216241	54217192	-	ENSG00000204577	1	LILRB3	protein_coding	3	2	0.52405	own-gene 3'UTR verified vs GTF; audit only, not a published ranked list (20 disclosure 1, issue #99)
233650	19	54353621	54354138	-	ENSG00000167613	1	LAIR1	protein_coding	1	2	0.48142	own-gene 3'UTR verified vs GTF; audit only, not a published ranked list (20 disclosure 1, issue #99)
234045	19	55386417	55386952	+	ENSG00000108107	1	RPL28	protein_coding	9	3	0.34961	own-gene 3'UTR verified vs GTF; audit only, not a published ranked list (20 disclosure 1, issue #99)
234048	19	55391420	55392142	+	ENSG00000108107	1	RPL28	protein_coding	1	3	0.11020	own-gene 3'UTR verified vs GTF; audit only, not a published ranked list (20 disclosure 1, issue #99)
234078	19	55484074	55484488	+	ENSG00000197483	1	ZNF628	protein_coding	2	2	0.66059	own-gene 3'UTR verified vs GTF; audit only, not a published ranked list (20 disclosure 1, issue #99)
234129	19	55642944	55643470	+	ENSG00000213015	3	ZNF580	protein_coding	6	4	0.60113	own-gene 3'UTR verified vs GTF; audit only, not a published ranked list (20 disclosure 1, issue #99)
234977	2	277443	277608	+	ENSG00000143727	1	ACP1	protein_coding	2	3	0.32842	own-gene 3'UTR verified vs GTF; audit only, not a published ranked list (20 disclosure 1, issue #99)
234978	2	278098	278283	+	ENSG00000143727	1	ACP1	protein_coding	2	2	0.41502	own-gene 3'UTR verified vs GTF; audit only, not a published ranked list (20 disclosure 1, issue #99)
235177	2	3497365	3497923	-	ENSG00000182551	1	ADI1	protein_coding	1	2	0.26347	own-gene 3'UTR verified vs GTF; audit only, not a published ranked list (20 disclosure 1, issue #99)
235178	2	3498231	3498267	-	ENSG00000182551	1	ADI1	protein_coding	1	2	0.29583	own-gene 3'UTR verified vs GTF; audit only, not a published ranked list (20 disclosure 1, issue #99)
235224	2	3580902	3580916	+	ENSG00000171863	1	RPS7	protein_coding	1	2	0.28476	own-gene 3'UTR verified vs GTF; audit only, not a published ranked list (20 disclosure 1, issue #99)
235535	2	8684156	8684157	+	ENSG00000115738	1	ID2	protein_coding	6	2	0.49385	own-gene 3'UTR verified vs GTF; audit only, not a published ranked list (20 disclosure 1, issue #99)
235552	2	8728859	8729367	-	ENSG00000134313	1	KIDINS220	protein_coding	2	2	0.56160	own-gene 3'UTR verified vs GTF; audit only, not a published ranked list (20 disclosure 1, issue #99)
235823	2	9583963	9583995	-	ENSG00000134308	1	YWHAQ	protein_coding	1	2	0.31820	own-gene 3'UTR verified vs GTF; audit only, not a published ranked list (20 disclosure 1, issue #99)
236046	2	10427603	10427609	+	ENSG00000115756	1	HPCAL1	protein_coding	1	2	0.15075	own-gene 3'UTR verified vs GTF; audit only, not a published ranked list (20 disclosure 1, issue #99)
236403	2	11827394	11827409	+	ENSG00000134324	1	LPIN1	protein_coding	1	3	0.51235	own-gene 3'UTR verified vs GTF; audit only, not a published ranked list (20 disclosure 1, issue #99)
236623	2	16549190	16550507	-	ENSG00000197872	1	FAM49A	protein_coding	1	2	0.30832	own-gene 3'UTR verified vs GTF; audit only, not a published ranked list (20 disclosure 1, issue #99)
236940	2	20033041	20033169	-	ENSG00000068697	1	LAPTM4A	protein_coding	4	2	0.48521	own-gene 3'UTR verified vs GTF; audit only, not a published ranked list (20 disclosure 1, issue #99)
236963	2	20200792	20200797	-	ENSG00000115884	1	SDC1	protein_coding	1	3	0.33103	own-gene 3'UTR verified vs GTF; audit only, not a published ranked list (20 disclosure 1, issue #99)
236964	2	20201480	20201991	-	ENSG00000115884	1	SDC1	protein_coding	2	2	0.75752	own-gene 3'UTR verified vs GTF; audit only, not a published ranked list (20 disclosure 1, issue #99)
236978	2	20248678	20248764	-	ENSG00000055917	1	PUM2	protein_coding	3	3	0.34184	own-gene 3'UTR verified vs GTF; audit only, not a published ranked list (20 disclosure 1, issue #99)
236981	2	20249694	20250766	-	ENSG00000055917	1	PUM2	protein_coding	3	4	0.24460	own-gene 3'UTR verified vs GTF; audit only, not a published ranked list (20 disclosure 1, issue #99)
237073	2	20448563	20448664	+	ENSG00000143878	1	RHOB	protein_coding	3	2	0.44750	own-gene 3'UTR verified vs GTF; audit only, not a published ranked list (20 disclosure 1, issue #99)
237074	2	20448847	20449488	+	ENSG00000143878	1	RHOB	protein_coding	2	2	0.38939	own-gene 3'UTR verified vs GTF; audit only, not a published ranked list (20 disclosure 1, issue #99)
237457	2	24067585	24067723	-	ENSG00000115128	1	SF3B6	protein_coding	2	3	0.09941	own-gene 3'UTR verified vs GTF; audit only, not a published ranked list (20 disclosure 1, issue #99)
237507	2	24202863	24203333	-	ENSG00000198399	1	ITSN2	protein_coding	2	2	0.26218	own-gene 3'UTR verified vs GTF; audit only, not a published ranked list (20 disclosure 1, issue #99)
237521	2	24238932	24239557	-	ENSG00000198399	1	ITSN2	protein_coding	3	3	0.26141	own-gene 3'UTR verified vs GTF; audit only, not a published ranked list (20 disclosure 1, issue #99)
237919	2	25281444	25281825	-	ENSG00000119772	1	DNMT3A	protein_coding	1	2	0.53166	own-gene 3'UTR verified vs GTF; audit only, not a published ranked list (20 disclosure 1, issue #99)
238302	2	26135095	26135110	+	ENSG00000084733	1	RAB10	protein_coding	6	3	0.35430	own-gene 3'UTR verified vs GTF; audit only, not a published ranked list (20 disclosure 1, issue #99)
238303	2	26135215	26135473	+	ENSG00000084733	1	RAB10	protein_coding	10	6	0.48477	own-gene 3'UTR verified vs GTF; audit only, not a published ranked list (20 disclosure 1, issue #99)
238306	2	26136584	26137454	+	ENSG00000084733	1	RAB10	protein_coding	4	5	0.31894	own-gene 3'UTR verified vs GTF; audit only, not a published ranked list (20 disclosure 1, issue #99)
238642	2	27364350	27364423	-	ENSG00000115211	1	EIF2B4	protein_coding	2	4	0.60613	own-gene 3'UTR verified vs GTF; audit only, not a published ranked list (20 disclosure 1, issue #99)
238647	2	27369463	27370355	-	ENSG00000115211	1	EIF2B4	protein_coding	2	4	0.60613	own-gene 3'UTR verified vs GTF; audit only, not a published ranked list (20 disclosure 1, issue #99)
238698	2	27442258	27442259	+	ENSG00000115216	1	NRBP1	protein_coding	9	6	0.59443	own-gene 3'UTR verified vs GTF; audit only, not a published ranked list (20 disclosure 1, issue #99)
238832	2	27781446	27781739	-	ENSG00000171174	1	RBKS	protein_coding	7	5	0.74012	own-gene 3'UTR verified vs GTF; audit only, not a published ranked list (20 disclosure 1, issue #99)
239068	2	28338448	28338901	+	ENSG00000158019	1	BABAM2	protein_coding	2	2	0.36890	own-gene 3'UTR verified vs GTF; audit only, not a published ranked list (20 disclosure 1, issue #99)
239104	2	28416690	28416745	+	ENSG00000075426	1	FOSL2	protein_coding	1	2	0.23685	own-gene 3'UTR verified vs GTF; audit only, not a published ranked list (20 disclosure 1, issue #99)
239108	2	28417217	28417314	+	ENSG00000075426	1	FOSL2	protein_coding	2	2	0.39370	own-gene 3'UTR verified vs GTF; audit only, not a published ranked list (20 disclosure 1, issue #99)
239235	2	28800940	28801037	+	ENSG00000213639	2	PPP1CB	protein_coding	5	4	0.41839	own-gene 3'UTR verified vs GTF; audit only, not a published ranked list (20 disclosure 1, issue #99)
239236	2	28801265	28801656	+	ENSG00000213639	2	PPP1CB	protein_coding	3	5	0.38295	own-gene 3'UTR verified vs GTF; audit only, not a published ranked list (20 disclosure 1, issue #99)
239238	2	28801893	28802947	+	ENSG00000213639	2	PPP1CB	protein_coding	2	3	0.25580	own-gene 3'UTR verified vs GTF; audit only, not a published ranked list (20 disclosure 1, issue #99)
239458	2	30159142	30159285	+	ENSG00000119801	1	YPEL5	protein_coding	2	4	0.23490	own-gene 3'UTR verified vs GTF; audit only, not a published ranked list (20 disclosure 1, issue #99)
239459	2	30159550	30159551	+	ENSG00000119801	1	YPEL5	protein_coding	1	2	0.31561	own-gene 3'UTR verified vs GTF; audit only, not a published ranked list (20 disclosure 1, issue #99)
239489	2	30259651	30260028	+	ENSG00000213626	1	LBH	protein_coding	1	2	0.38255	own-gene 3'UTR verified vs GTF; audit only, not a published ranked list (20 disclosure 1, issue #99)
239678	2	31867120	31868369	-	ENSG00000162959	2	MEMO1	protein_coding	1	2	0.41144	own-gene 3'UTR verified vs GTF; audit only, not a published ranked list (20 disclosure 1, issue #99)
240425	2	36550187	36551135	+	ENSG00000150938	1	CRIM1	protein_coding	1	2	0.61532	own-gene 3'UTR verified vs GTF; audit only, not a published ranked list (20 disclosure 1, issue #99)
240657	2	37204691	37204743	+	ENSG00000218739	1	CEBPZOS	protein_coding	2	2	0.38405	own-gene 3'UTR verified vs GTF; audit only, not a published ranked list (20 disclosure 1, issue #99)
240906	2	38294879	38294880	-	ENSG00000119787	1	ATL2	protein_coding	1	2	0.39991	own-gene 3'UTR verified vs GTF; audit only, not a published ranked list (20 disclosure 1, issue #99)
240994	2	38563312	38563882	-	ENSG00000143889	1	HNRNPLL	protein_coding	1	2	0.25376	own-gene 3'UTR verified vs GTF; audit only, not a published ranked list (20 disclosure 1, issue #99)
241144	2	38733840	38734768	+	ENSG00000143891	1	GALM	protein_coding	2	2	0.54033	own-gene 3'UTR verified vs GTF; audit only, not a published ranked list (20 disclosure 1, issue #99)
241156	2	38743598	38744393	-	ENSG00000115875	1	SRSF7	protein_coding	4	5	0.30194	own-gene 3'UTR verified vs GTF; audit only, not a published ranked list (20 disclosure 1, issue #99)
241158	2	38744892	38745080	-	ENSG00000115875	1	SRSF7	protein_coding	3	4	0.31690	own-gene 3'UTR verified vs GTF; audit only, not a published ranked list (20 disclosure 1, issue #99)
241162	2	38747473	38748532	-	ENSG00000115875	1	SRSF7	protein_coding	1	2	0.09818	own-gene 3'UTR verified vs GTF; audit only, not a published ranked list (20 disclosure 1, issue #99)
241164	2	38748751	38748828	-	ENSG00000115875	1	SRSF7	protein_coding	7	5	0.43391	own-gene 3'UTR verified vs GTF; audit only, not a published ranked list (20 disclosure 1, issue #99)
241165	2	38749060	38749107	-	ENSG00000115875	1	SRSF7	protein_coding	1	2	0.24009	own-gene 3'UTR verified vs GTF; audit only, not a published ranked list (20 disclosure 1, issue #99)
241215	2	38981548	38981982	-	ENSG00000115904	1	SOS1	protein_coding	1	2	0.34153	own-gene 3'UTR verified vs GTF; audit only, not a published ranked list (20 disclosure 1, issue #99)
241910	2	42332153	42332548	+	ENSG00000143924	1	EML4	protein_coding	7	6	0.50806	own-gene 3'UTR verified vs GTF; audit only, not a published ranked list (20 disclosure 1, issue #99)
242114	2	43222973	43223476	-	ENSG00000152518	1	ZFP36L2	protein_coding	1	2	0.15727	own-gene 3'UTR verified vs GTF; audit only, not a published ranked list (20 disclosure 1, issue #99)
242117	2	43223943	43224101	-	ENSG00000152518	1	ZFP36L2	protein_coding	2	2	0.10931	own-gene 3'UTR verified vs GTF; audit only, not a published ranked list (20 disclosure 1, issue #99)
242125	2	43230850	43231220	-	ENSG00000115970	1	THADA	protein_coding	2	3	0.59613	own-gene 3'UTR verified vs GTF; audit only, not a published ranked list (20 disclosure 1, issue #99)
242460	2	44318762	44318765	-	ENSG00000138078	1	PREPL	protein_coding	5	3	0.59147	own-gene 3'UTR verified vs GTF; audit only, not a published ranked list (20 disclosure 1, issue #99)
242948	2	46386696	46386697	+	ENSG00000116016	1	EPAS1	protein_coding	10	6	0.87615	own-gene 3'UTR verified vs GTF; audit only, not a published ranked list (20 disclosure 1, issue #99)
243015	2	46582953	46583121	+	ENSG00000119729	1	RHOQ	protein_coding	3	3	0.65125	own-gene 3'UTR verified vs GTF; audit only, not a published ranked list (20 disclosure 1, issue #99)
243115	2	46901873	46902233	-	ENSG00000180398	1	MCFD2	protein_coding	2	2	0.35502	own-gene 3'UTR verified vs GTF; audit only, not a published ranked list (20 disclosure 1, issue #99)
243116	2	46905068	46905529	-	ENSG00000180398	1	MCFD2	protein_coding	1	3	0.29172	own-gene 3'UTR verified vs GTF; audit only, not a published ranked list (20 disclosure 1, issue #99)
243346	2	47805286	47808268	-	ENSG00000138081	1	FBXO11	protein_coding	3	4	0.28034	own-gene 3'UTR verified vs GTF; audit only, not a published ranked list (20 disclosure 1, issue #99)
243768	2	53817994	53818250	+	ENSG00000068912	1	ERLEC1	protein_coding	3	2	0.47431	own-gene 3'UTR verified vs GTF; audit only, not a published ranked list (20 disclosure 1, issue #99)
243772	2	53818793	53818809	+	ENSG00000068912	1	ERLEC1	protein_coding	1	2	0.38711	own-gene 3'UTR verified vs GTF; audit only, not a published ranked list (20 disclosure 1, issue #99)
244025	2	54305025	54305144	+	ENSG00000170634	1	ACYP2	protein_coding	2	2	0.55692	own-gene 3'UTR verified vs GTF; audit only, not a published ranked list (20 disclosure 1, issue #99)
244100	2	54669672	54669675	+	ENSG00000115306	1	SPTBN1	protein_coding	4	5	0.59596	own-gene 3'UTR verified vs GTF; audit only, not a published ranked list (20 disclosure 1, issue #99)
244132	2	54972188	54972347	-	ENSG00000115310	1	RTN4	protein_coding	13	6	0.48653	own-gene 3'UTR verified vs GTF; audit only, not a published ranked list (20 disclosure 1, issue #99)
244133	2	54972483	54972484	-	ENSG00000115310	1	RTN4	protein_coding	5	3	0.53927	own-gene 3'UTR verified vs GTF; audit only, not a published ranked list (20 disclosure 1, issue #99)
244134	2	54972721	54972828	-	ENSG00000115310	1	RTN4	protein_coding	7	5	0.45099	own-gene 3'UTR verified vs GTF; audit only, not a published ranked list (20 disclosure 1, issue #99)
244135	2	54972997	54973117	-	ENSG00000115310	1	RTN4	protein_coding	6	3	0.49661	own-gene 3'UTR verified vs GTF; audit only, not a published ranked list (20 disclosure 1, issue #99)
244224	2	55235513	55235659	+	ENSG00000143947	1	RPS27A	protein_coding	1	2	0.02704	own-gene 3'UTR verified vs GTF; audit only, not a published ranked list (20 disclosure 1, issue #99)
244374	2	55547291	55547720	-	ENSG00000275052	1	PPP4R3B	protein_coding	2	2	0.28767	own-gene 3'UTR verified vs GTF; audit only, not a published ranked list (20 disclosure 1, issue #99)
244375	2	55548255	55548375	-	ENSG00000275052	1	PPP4R3B	protein_coding	2	2	0.43056	own-gene 3'UTR verified vs GTF; audit only, not a published ranked list (20 disclosure 1, issue #99)
244865	2	60921863	60923522	+	ENSG00000162924	1	REL	protein_coding	5	4	0.40420	own-gene 3'UTR verified vs GTF; audit only, not a published ranked list (20 disclosure 1, issue #99)
244871	2	60926549	60927262	+	ENSG00000162924	2	REL	protein_coding	1	2	0.11083	own-gene 3'UTR verified vs GTF; audit only, not a published ranked list (20 disclosure 1, issue #99)
244872	2	60927440	60928176	+	ENSG00000162924	2	REL	protein_coding	4	2	0.28512	own-gene 3'UTR verified vs GTF; audit only, not a published ranked list (20 disclosure 1, issue #99)
244873	2	60928849	60930257	+	ENSG00000162924	2	REL	protein_coding	3	4	0.36285	own-gene 3'UTR verified vs GTF; audit only, not a published ranked list (20 disclosure 1, issue #99)
244876	2	60931549	60931622	+	ENSG00000162924	2	REL	protein_coding	4	3	0.16137	own-gene 3'UTR verified vs GTF; audit only, not a published ranked list (20 disclosure 1, issue #99)
244954	2	61009847	61010195	-	ENSG00000162927	1	PUS10	protein_coding	1	2	0.18741	own-gene 3'UTR verified vs GTF; audit only, not a published ranked list (20 disclosure 1, issue #99)
244985	2	61051331	61051991	+	ENSG00000162928	1	PEX13	protein_coding	1	2	0.45681	own-gene 3'UTR verified vs GTF; audit only, not a published ranked list (20 disclosure 1, issue #99)
245251	2	61477933	61478035	-	ENSG00000082898	1	XPO1	protein_coding	3	3	0.50491	own-gene 3'UTR verified vs GTF; audit only, not a published ranked list (20 disclosure 1, issue #99)
245463	2	62136017	62136058	+	ENSG00000173163	1	COMMD1	protein_coding	16	6	0.57100	own-gene 3'UTR verified vs GTF; audit only, not a published ranked list (20 disclosure 1, issue #99)
245473	2	62146496	62147630	+	ENSG00000173163	2	COMMD1	protein_coding	5	3	0.20898	own-gene 3'UTR verified vs GTF; audit only, not a published ranked list (20 disclosure 1, issue #99)
246005	2	64092855	64092856	-	ENSG00000197329	1	PELI1	protein_coding	4	2	0.38405	own-gene 3'UTR verified vs GTF; audit only, not a published ranked list (20 disclosure 1, issue #99)
246084	2	64461087	64461381	+	ENSG00000119862	1	LGALSL	protein_coding	1	2	0.42563	own-gene 3'UTR verified vs GTF; audit only, not a published ranked list (20 disclosure 1, issue #99)
246347	2	65086852	65086856	-	ENSG00000138069	1	RAB1A	protein_coding	3	3	0.21599	own-gene 3'UTR verified vs GTF; audit only, not a published ranked list (20 disclosure 1, issue #99)
246350	2	65087807	65088013	-	ENSG00000138069	1	RAB1A	protein_coding	7	3	0.34024	own-gene 3'UTR verified vs GTF; audit only, not a published ranked list (20 disclosure 1, issue #99)
246353	2	65088427	65088428	-	ENSG00000138069	1	RAB1A	protein_coding	1	2	0.32506	own-gene 3'UTR verified vs GTF; audit only, not a published ranked list (20 disclosure 1, issue #99)
246458	2	65268657	65268791	+	ENSG00000138071	1	ACTR2	protein_coding	3	3	0.27523	own-gene 3'UTR verified vs GTF; audit only, not a published ranked list (20 disclosure 1, issue #99)
246464	2	65269892	65269987	+	ENSG00000138071	1	ACTR2	protein_coding	4	3	0.34565	own-gene 3'UTR verified vs GTF; audit only, not a published ranked list (20 disclosure 1, issue #99)
246465	2	65270117	65270269	+	ENSG00000138071	1	ACTR2	protein_coding	6	4	0.43194	own-gene 3'UTR verified vs GTF; audit only, not a published ranked list (20 disclosure 1, issue #99)
246467	2	65270656	65270657	+	ENSG00000138071	1	ACTR2	protein_coding	2	3	0.33215	own-gene 3'UTR verified vs GTF; audit only, not a published ranked list (20 disclosure 1, issue #99)
246468	2	65270898	65271253	+	ENSG00000138071	1	ACTR2	protein_coding	13	6	0.53045	own-gene 3'UTR verified vs GTF; audit only, not a published ranked list (20 disclosure 1, issue #99)
246922	2	69319777	69320204	-	ENSG00000198380	1	GFPT1	protein_coding	1	3	0.18791	own-gene 3'UTR verified vs GTF; audit only, not a published ranked list (20 disclosure 1, issue #99)
246925	2	69321517	69322062	-	ENSG00000198380	1	GFPT1	protein_coding	2	3	0.24342	own-gene 3'UTR verified vs GTF; audit only, not a published ranked list (20 disclosure 1, issue #99)
246929	2	69324855	69326104	-	ENSG00000198380	1	GFPT1	protein_coding	2	4	0.32518	own-gene 3'UTR verified vs GTF; audit only, not a published ranked list (20 disclosure 1, issue #99)
247018	2	69457994	69458470	-	ENSG00000115977	1	AAK1	protein_coding	1	3	0.39628	own-gene 3'UTR verified vs GTF; audit only, not a published ranked list (20 disclosure 1, issue #99)
247268	2	69940275	69940649	+	ENSG00000059728	1	MXD1	protein_coding	1	2	0.42866	own-gene 3'UTR verified vs GTF; audit only, not a published ranked list (20 disclosure 1, issue #99)
247270	2	69942944	69942945	+	ENSG00000059728	1	MXD1	protein_coding	2	3	0.29411	own-gene 3'UTR verified vs GTF; audit only, not a published ranked list (20 disclosure 1, issue #99)
247452	2	70281306	70281504	-	ENSG00000143977	1	SNRPG	protein_coding	3	3	0.18905	own-gene 3'UTR verified vs GTF; audit only, not a published ranked list (20 disclosure 1, issue #99)
248114	2	73958906	73958961	+	ENSG00000114956	1	DGUOK	protein_coding	2	2	0.16532	own-gene 3'UTR verified vs GTF; audit only, not a published ranked list (20 disclosure 1, issue #99)
248198	2	74152527	74152594	-	ENSG00000114978	1	MOB1A	protein_coding	6	4	0.40408	own-gene 3'UTR verified vs GTF; audit only, not a published ranked list (20 disclosure 1, issue #99)
248204	2	74155720	74155721	-	ENSG00000114978	1	MOB1A	protein_coding	2	2	0.26270	own-gene 3'UTR verified vs GTF; audit only, not a published ranked list (20 disclosure 1, issue #99)
248205	2	74155931	74156267	-	ENSG00000114978	1	MOB1A	protein_coding	4	4	0.36676	own-gene 3'UTR verified vs GTF; audit only, not a published ranked list (20 disclosure 1, issue #99)
248288	2	74361154	74361158	-	ENSG00000264324	2	AC006030.1	protein_coding	1	2	0.46255	own-gene 3'UTR verified vs GTF; audit only, not a published ranked list (20 disclosure 1, issue #99)
248313	2	74457619	74457977	+	ENSG00000115274	2	INO80B	protein_coding	1	2	0.30481	own-gene 3'UTR verified vs GTF; audit only, not a published ranked list (20 disclosure 1, issue #99)
248318	2	74461061	74461071	-	ENSG00000115275	1	MOGS	protein_coding	4	4	0.64383	own-gene 3'UTR verified vs GTF; audit only, not a published ranked list (20 disclosure 1, issue #99)
248320	2	74463745	74464704	-	ENSG00000115275	1	MOGS	protein_coding	4	5	0.63101	own-gene 3'UTR verified vs GTF; audit only, not a published ranked list (20 disclosure 1, issue #99)
249056	2	85318026	85318275	-	ENSG00000152291	1	TGOLN2	protein_coding	7	6	0.45659	own-gene 3'UTR verified vs GTF; audit only, not a published ranked list (20 disclosure 1, issue #99)
249173	2	85549182	85550037	-	ENSG00000115486	1	GGCX	protein_coding	2	2	0.51549	own-gene 3'UTR verified vs GTF; audit only, not a published ranked list (20 disclosure 1, issue #99)
249204	2	85593392	85593420	+	ENSG00000168899	1	VAMP5	protein_coding	16	5	0.59058	own-gene 3'UTR verified vs GTF; audit only, not a published ranked list (20 disclosure 1, issue #99)
249265	2	85657309	85657327	-	ENSG00000168878	1	SFTPB	protein_coding	2	2	0.37283	own-gene 3'UTR verified vs GTF; audit only, not a published ranked list (20 disclosure 1, issue #99)
249266	2	85657678	85657935	-	ENSG00000168878	1	SFTPB	protein_coding	11	5	0.83166	own-gene 3'UTR verified vs GTF; audit only, not a published ranked list (20 disclosure 1, issue #99)
249268	2	85658043	85658044	-	ENSG00000168878	1	SFTPB	protein_coding	4	2	0.60327	own-gene 3'UTR verified vs GTF; audit only, not a published ranked list (20 disclosure 1, issue #99)
249269	2	85658211	85658314	-	ENSG00000168878	1	SFTPB	protein_coding	11	6	0.79365	own-gene 3'UTR verified vs GTF; audit only, not a published ranked list (20 disclosure 1, issue #99)
249270	2	85658467	85658498	-	ENSG00000168878	1	SFTPB	protein_coding	11	6	0.85365	own-gene 3'UTR verified vs GTF; audit only, not a published ranked list (20 disclosure 1, issue #99)
249271	2	85658643	85658724	-	ENSG00000168878	1	SFTPB	protein_coding	11	4	0.84105	own-gene 3'UTR verified vs GTF; audit only, not a published ranked list (20 disclosure 1, issue #99)
249272	2	85658848	85659254	-	ENSG00000168878	1	SFTPB	protein_coding	11	4	0.54123	own-gene 3'UTR verified vs GTF; audit only, not a published ranked list (20 disclosure 1, issue #99)
249424	2	86107384	86108571	+	ENSG00000132300	1	PTCD3	protein_coding	1	3	0.40053	own-gene 3'UTR verified vs GTF; audit only, not a published ranked list (20 disclosure 1, issue #99)
249539	2	86503429	86503506	-	ENSG00000115561	1	CHMP3	protein_coding	3	3	0.32556	own-gene 3'UTR verified vs GTF; audit only, not a published ranked list (20 disclosure 1, issue #99)
249542	2	86505401	86505604	-	ENSG00000115561	1	CHMP3	protein_coding	3	2	0.53784	own-gene 3'UTR verified vs GTF; audit only, not a published ranked list (20 disclosure 1, issue #99)
249668	2	86777391	86778038	+	ENSG00000153561	1	RMND5A	protein_coding	1	3	0.49708	own-gene 3'UTR verified vs GTF; audit only, not a published ranked list (20 disclosure 1, issue #99)
249670	2	86784609	86784623	-	ENSG00000153563	1	CD8A	protein_coding	1	2	0.45627	own-gene 3'UTR verified vs GTF; audit only, not a published ranked list (20 disclosure 1, issue #99)
249671	2	86784748	86784839	-	ENSG00000153563	1	CD8A	protein_coding	1	2	0.29061	own-gene 3'UTR verified vs GTF; audit only, not a published ranked list (20 disclosure 1, issue #99)
249822	2	87012549	87012808	+	ENSG00000187627	1	RGPD1	protein_coding	1	3	0.15097	own-gene 3'UTR verified vs GTF; audit only, not a published ranked list (20 disclosure 1, issue #99)
250308	2	88556740	88556741	-	ENSG00000172071	1	EIF2AK3	protein_coding	1	2	0.32112	own-gene 3'UTR verified vs GTF; audit only, not a published ranked list (20 disclosure 1, issue #99)
250936	2	95859750	95860505	-	ENSG00000174501	1	ANKRD36C	protein_coding	2	2	0.49148	own-gene 3'UTR verified vs GTF; audit only, not a published ranked list (20 disclosure 1, issue #99)
251115	2	96250494	96251287	-	ENSG00000135956	1	TMEM127	protein_coding	4	4	0.51483	own-gene 3'UTR verified vs GTF; audit only, not a published ranked list (20 disclosure 1, issue #99)
251136	2	96274730	96274734	-	ENSG00000144028	1	SNRNP200	protein_coding	5	6	0.56914	own-gene 3'UTR verified vs GTF; audit only, not a published ranked list (20 disclosure 1, issue #99)
251319	2	96811477	96811874	+	ENSG00000158158	1	CNNM4	protein_coding	1	3	0.49736	own-gene 3'UTR verified vs GTF; audit only, not a published ranked list (20 disclosure 1, issue #99)
251515	2	97648131	97648194	+	ENSG00000135940	1	COX5B	protein_coding	1	2	0.11887	own-gene 3'UTR verified vs GTF; audit only, not a published ranked list (20 disclosure 1, issue #99)
251832	2	98725938	98726379	-	ENSG00000071073	1	MGAT4A	protein_coding	1	2	0.43180	own-gene 3'UTR verified vs GTF; audit only, not a published ranked list (20 disclosure 1, issue #99)
252057	2	99399212	99400069	+	ENSG00000158417	1	EIF5B	protein_coding	2	4	0.34341	own-gene 3'UTR verified vs GTF; audit only, not a published ranked list (20 disclosure 1, issue #99)
252430	2	101006283	101006994	+	ENSG00000071082	1	RPL31	protein_coding	3	4	0.32242	own-gene 3'UTR verified vs GTF; audit only, not a published ranked list (20 disclosure 1, issue #99)
252582	2	101271212	101271644	-	ENSG00000163162	1	RNF149	protein_coding	2	5	0.21715	own-gene 3'UTR verified vs GTF; audit only, not a published ranked list (20 disclosure 1, issue #99)
252594	2	101275800	101275801	-	ENSG00000163162	1	RNF149	protein_coding	1	2	0.19919	own-gene 3'UTR verified vs GTF; audit only, not a published ranked list (20 disclosure 1, issue #99)
252598	2	101276536	101276537	-	ENSG00000163162	1	RNF149	protein_coding	13	6	0.59485	own-gene 3'UTR verified vs GTF; audit only, not a published ranked list (20 disclosure 1, issue #99)
252599	2	101276654	101276764	-	ENSG00000163162	1	RNF149	protein_coding	3	3	0.53092	own-gene 3'UTR verified vs GTF; audit only, not a published ranked list (20 disclosure 1, issue #99)
252601	2	101277013	101277138	-	ENSG00000163162	1	RNF149	protein_coding	2	6	0.55826	own-gene 3'UTR verified vs GTF; audit only, not a published ranked list (20 disclosure 1, issue #99)
252802	2	101891198	101892127	+	ENSG00000071054	1	MAP4K4	protein_coding	4	2	0.58113	own-gene 3'UTR verified vs GTF; audit only, not a published ranked list (20 disclosure 1, issue #99)
252806	2	101894316	101894690	+	ENSG00000071054	1	MAP4K4	protein_coding	1	2	0.21694	own-gene 3'UTR verified vs GTF; audit only, not a published ranked list (20 disclosure 1, issue #99)
253503	2	108509032	108509398	+	ENSG00000135968	1	GCC2	protein_coding	4	3	0.30104	own-gene 3'UTR verified vs GTF; audit only, not a published ranked list (20 disclosure 1, issue #99)
253628	2	108684150	108684458	+	ENSG00000169756	1	LIMS1	protein_coding	2	4	0.35947	own-gene 3'UTR verified vs GTF; audit only, not a published ranked list (20 disclosure 1, issue #99)
253632	2	108686479	108686480	+	ENSG00000169756	1	LIMS1	protein_coding	1	2	0.30800	own-gene 3'UTR verified vs GTF; audit only, not a published ranked list (20 disclosure 1, issue #99)
253635	2	108687245	108687246	+	ENSG00000169756	1	LIMS1	protein_coding	4	4	0.45473	own-gene 3'UTR verified vs GTF; audit only, not a published ranked list (20 disclosure 1, issue #99)
253729	2	108784104	108784105	+	ENSG00000153201	1	RANBP2	protein_coding	2	4	0.34416	own-gene 3'UTR verified vs GTF; audit only, not a published ranked list (20 disclosure 1, issue #99)
253732	2	108785193	108785811	+	ENSG00000153201	1	RANBP2	protein_coding	1	2	0.13120	own-gene 3'UTR verified vs GTF; audit only, not a published ranked list (20 disclosure 1, issue #99)
253992	2	109855072	109855987	+	ENSG00000015568	1	RGPD5	protein_coding	2	3	0.29277	own-gene 3'UTR verified vs GTF; audit only, not a published ranked list (20 disclosure 1, issue #99)
253994	2	109856167	109856752	+	ENSG00000015568	1	RGPD5	protein_coding	1	2	0.07327	own-gene 3'UTR verified vs GTF; audit only, not a published ranked list (20 disclosure 1, issue #99)
253995	2	109857237	109857705	+	ENSG00000015568	1	RGPD5	protein_coding	3	4	0.26454	own-gene 3'UTR verified vs GTF; audit only, not a published ranked list (20 disclosure 1, issue #99)
254167	2	110513801	110514245	-	ENSG00000183054	1	RGPD6	protein_coding	2	4	0.28071	own-gene 3'UTR verified vs GTF; audit only, not a published ranked list (20 disclosure 1, issue #99)
254168	2	110514751	110515309	-	ENSG00000183054	1	RGPD6	protein_coding	1	2	0.07843	own-gene 3'UTR verified vs GTF; audit only, not a published ranked list (20 disclosure 1, issue #99)
254170	2	110515519	110516432	-	ENSG00000183054	1	RGPD6	protein_coding	2	3	0.29923	own-gene 3'UTR verified vs GTF; audit only, not a published ranked list (20 disclosure 1, issue #99)
254830	2	112368368	112368812	-	ENSG00000169629	1	RGPD8	protein_coding	2	4	0.30513	own-gene 3'UTR verified vs GTF; audit only, not a published ranked list (20 disclosure 1, issue #99)
255260	2	113495724	113495803	+	ENSG00000136682	1	CBWD2	protein_coding	4	4	0.28873	own-gene 3'UTR verified vs GTF; audit only, not a published ranked list (20 disclosure 1, issue #99)
255327	2	113706762	113707213	-	ENSG00000115084	1	SLC35F5	protein_coding	3	2	0.46667	own-gene 3'UTR verified vs GTF; audit only, not a published ranked list (20 disclosure 1, issue #99)
255430	2	113958400	113958401	+	ENSG00000115091	1	ACTR3	protein_coding	5	4	0.50254	own-gene 3'UTR verified vs GTF; audit only, not a published ranked list (20 disclosure 1, issue #99)
255431	2	113958554	113958590	+	ENSG00000115091	1	ACTR3	protein_coding	8	6	0.50854	own-gene 3'UTR verified vs GTF; audit only, not a published ranked list (20 disclosure 1, issue #99)
255432	2	113958742	113959392	+	ENSG00000115091	1	ACTR3	protein_coding	2	2	0.17252	own-gene 3'UTR verified vs GTF; audit only, not a published ranked list (20 disclosure 1, issue #99)
255435	2	113960957	113961558	+	ENSG00000115091	1	ACTR3	protein_coding	1	2	0.15142	own-gene 3'UTR verified vs GTF; audit only, not a published ranked list (20 disclosure 1, issue #99)
255629	2	117832305	117832379	+	ENSG00000088205	1	DDX18	protein_coding	2	2	0.20835	own-gene 3'UTR verified vs GTF; audit only, not a published ranked list (20 disclosure 1, issue #99)
255640	2	117915477	117915936	-	ENSG00000125633	1	CCDC93	protein_coding	1	2	0.73028	own-gene 3'UTR verified vs GTF; audit only, not a published ranked list (20 disclosure 1, issue #99)
256022	2	120104595	120105117	+	ENSG00000115109	1	EPB41L5	protein_coding	2	3	0.48829	own-gene 3'UTR verified vs GTF; audit only, not a published ranked list (20 disclosure 1, issue #99)
256463	2	126696194	126696234	+	ENSG00000136732	1	GYPC	protein_coding	1	2	0.28590	own-gene 3'UTR verified vs GTF; audit only, not a published ranked list (20 disclosure 1, issue #99)
256601	2	127480806	127480865	-	ENSG00000163166	1	IWS1	protein_coding	2	3	0.38969	own-gene 3'UTR verified vs GTF; audit only, not a published ranked list (20 disclosure 1, issue #99)
256640	2	127700984	127701436	-	ENSG00000136709	1	WDR33	protein_coding	1	2	0.25006	own-gene 3'UTR verified vs GTF; audit only, not a published ranked list (20 disclosure 1, issue #99)
256647	2	127705913	127706354	-	ENSG00000136709	1	WDR33	protein_coding	2	3	0.24830	own-gene 3'UTR verified vs GTF; audit only, not a published ranked list (20 disclosure 1, issue #99)
256986	2	130346621	130346624	+	ENSG00000136718	1	IMP4	protein_coding	1	2	0.46749	own-gene 3'UTR verified vs GTF; audit only, not a published ranked list (20 disclosure 1, issue #99)
256998	2	130370143	130370444	+	ENSG00000072135	1	PTPN18	protein_coding	3	3	0.38728	own-gene 3'UTR verified vs GTF; audit only, not a published ranked list (20 disclosure 1, issue #99)
257003	2	130375404	130375405	+	ENSG00000072135	1	PTPN18	protein_coding	1	2	0.43133	own-gene 3'UTR verified vs GTF; audit only, not a published ranked list (20 disclosure 1, issue #99)
257160	2	131149812	131149845	+	ENSG00000115762	1	PLEKHB2	protein_coding	1	3	0.31623	own-gene 3'UTR verified vs GTF; audit only, not a published ranked list (20 disclosure 1, issue #99)
257207	2	131483959	131483974	-	ENSG00000173272	1	MZT2A	protein_coding	2	2	0.27417	own-gene 3'UTR verified vs GTF; audit only, not a published ranked list (20 disclosure 1, issue #99)
257697	2	134454220	134454621	+	ENSG00000152127	1	MGAT5	protein_coding	1	2	0.40725	own-gene 3'UTR verified vs GTF; audit only, not a published ranked list (20 disclosure 1, issue #99)
257868	2	134953456	134954039	+	ENSG00000082258	1	CCNT2	protein_coding	1	3	0.42225	own-gene 3'UTR verified vs GTF; audit only, not a published ranked list (20 disclosure 1, issue #99)
258156	2	135784146	135785063	+	ENSG00000144224	1	UBXN4	protein_coding	2	2	0.43640	own-gene 3'UTR verified vs GTF; audit only, not a published ranked list (20 disclosure 1, issue #99)
258338	2	137967128	137967444	+	ENSG00000150540	1	HNMT	protein_coding	4	3	0.46622	own-gene 3'UTR verified vs GTF; audit only, not a published ranked list (20 disclosure 1, issue #99)
258358	2	138014427	138014484	+	ENSG00000150540	1	HNMT	protein_coding	4	2	0.75445	own-gene 3'UTR verified vs GTF; audit only, not a published ranked list (20 disclosure 1, issue #99)
258359	2	138014645	138014658	+	ENSG00000150540	1	HNMT	protein_coding	2	4	0.45438	own-gene 3'UTR verified vs GTF; audit only, not a published ranked list (20 disclosure 1, issue #99)
258669	2	143042310	143042311	+	ENSG00000115919	1	KYNU	protein_coding	2	2	0.45181	own-gene 3'UTR verified vs GTF; audit only, not a published ranked list (20 disclosure 1, issue #99)
259023	2	143768085	143768352	+	ENSG00000075884	1	ARHGAP15	protein_coding	2	2	0.38278	own-gene 3'UTR verified vs GTF; audit only, not a published ranked list (20 disclosure 1, issue #99)
259172	2	144384298	144385121	-	ENSG00000169554	1	ZEB2	protein_coding	3	3	0.17278	own-gene 3'UTR verified vs GTF; audit only, not a published ranked list (20 disclosure 1, issue #99)
259175	2	144388003	144388591	-	ENSG00000169554	1	ZEB2	protein_coding	4	3	0.43909	own-gene 3'UTR verified vs GTF; audit only, not a published ranked list (20 disclosure 1, issue #99)
259288	2	144511383	144511733	-	ENSG00000169554	1	ZEB2	protein_coding	1	2	0.22724	own-gene 3'UTR verified vs GTF; audit only, not a published ranked list (20 disclosure 1, issue #99)
260018	2	151475304	151477343	+	ENSG00000080345	1	RIF1	protein_coding	1	2	0.35144	own-gene 3'UTR verified vs GTF; audit only, not a published ranked list (20 disclosure 1, issue #99)
260081	2	151800978	151801053	-	ENSG00000162980	1	ARL5A	protein_coding	2	2	0.21965	own-gene 3'UTR verified vs GTF; audit only, not a published ranked list (20 disclosure 1, issue #99)
260755	2	156585384	156586405	+	ENSG00000115159	1	GPD2	protein_coding	1	2	0.54724	own-gene 3'UTR verified vs GTF; audit only, not a published ranked list (20 disclosure 1, issue #99)
260837	2	157415014	157415174	-	ENSG00000115165	1	CYTIP	protein_coding	4	3	0.51788	own-gene 3'UTR verified vs GTF; audit only, not a published ranked list (20 disclosure 1, issue #99)
260838	2	157415307	157415627	-	ENSG00000115165	1	CYTIP	protein_coding	3	4	0.37723	own-gene 3'UTR verified vs GTF; audit only, not a published ranked list (20 disclosure 1, issue #99)
261459	2	159768627	159769219	-	ENSG00000241399	1	CD302	protein_coding	4	3	0.52755	own-gene 3'UTR verified vs GTF; audit only, not a published ranked list (20 disclosure 1, issue #99)
261464	2	159771537	159771855	-	ENSG00000241399	2	CD302	protein_coding	5	5	0.64947	own-gene 3'UTR verified vs GTF; audit only, not a published ranked list (20 disclosure 1, issue #99)
261620	2	160272150	160272165	-	ENSG00000153250	1	RBMS1	protein_coding	2	3	0.20052	own-gene 3'UTR verified vs GTF; audit only, not a published ranked list (20 disclosure 1, issue #99)
261621	2	160272278	160272804	-	ENSG00000153250	1	RBMS1	protein_coding	2	3	0.27209	own-gene 3'UTR verified vs GTF; audit only, not a published ranked list (20 disclosure 1, issue #99)
261964	2	161992240	161992777	-	ENSG00000197635	1	DPP4	protein_coding	1	2	0.29712	own-gene 3'UTR verified vs GTF; audit only, not a published ranked list (20 disclosure 1, issue #99)
262065	2	162360897	162360935	+	ENSG00000115271	1	GCA	protein_coding	1	2	0.23975	own-gene 3'UTR verified vs GTF; audit only, not a published ranked list (20 disclosure 1, issue #99)
262066	2	162361115	162361122	+	ENSG00000115271	1	GCA	protein_coding	3	2	0.39166	own-gene 3'UTR verified vs GTF; audit only, not a published ranked list (20 disclosure 1, issue #99)
262839	2	169637646	169637744	+	ENSG00000138398	1	PPIG	protein_coding	1	2	0.35191	own-gene 3'UTR verified vs GTF; audit only, not a published ranked list (20 disclosure 1, issue #99)
262847	2	169645744	169646081	-	ENSG00000154479	1	CCDC173	protein_coding	1	2	0.30779	own-gene 3'UTR verified vs GTF; audit only, not a published ranked list (20 disclosure 1, issue #99)
262911	2	169811874	169812064	+	ENSG00000138385	1	SSB	protein_coding	5	4	0.55166	own-gene 3'UTR verified vs GTF; audit only, not a published ranked list (20 disclosure 1, issue #99)
263435	2	171952979	171953889	+	ENSG00000128708	1	HAT1	protein_coding	1	2	0.28122	own-gene 3'UTR verified vs GTF; audit only, not a published ranked list (20 disclosure 1, issue #99)
264023	2	174559570	174560421	-	ENSG00000115935	1	WIPF1	protein_coding	3	5	0.30995	own-gene 3'UTR verified vs GTF; audit only, not a published ranked list (20 disclosure 1, issue #99)
264030	2	174564763	174566489	-	ENSG00000115935	1	WIPF1	protein_coding	1	2	0.14204	own-gene 3'UTR verified vs GTF; audit only, not a published ranked list (20 disclosure 1, issue #99)
264166	2	175072249	175072662	-	ENSG00000115966	1	ATF2	protein_coding	2	5	0.47044	own-gene 3'UTR verified vs GTF; audit only, not a published ranked list (20 disclosure 1, issue #99)
264224	2	175176257	175176693	-	ENSG00000154518	2	ATP5MC3	protein_coding	1	2	0.06095	own-gene 3'UTR verified vs GTF; audit only, not a published ranked list (20 disclosure 1, issue #99)
264412	2	177219605	177219770	+	ENSG00000170144	1	HNRNPA3	protein_coding	1	2	0.23647	own-gene 3'UTR verified vs GTF; audit only, not a published ranked list (20 disclosure 1, issue #99)
264414	2	177220118	177220172	+	ENSG00000170144	1	HNRNPA3	protein_coding	1	3	0.28383	own-gene 3'UTR verified vs GTF; audit only, not a published ranked list (20 disclosure 1, issue #99)
264417	2	177220511	177220534	+	ENSG00000170144	1	HNRNPA3	protein_coding	1	2	0.13973	own-gene 3'UTR verified vs GTF; audit only, not a published ranked list (20 disclosure 1, issue #99)
264418	2	177220781	177224046	+	ENSG00000170144	1	HNRNPA3	protein_coding	5	4	0.35348	own-gene 3'UTR verified vs GTF; audit only, not a published ranked list (20 disclosure 1, issue #99)
264435	2	177230307	177230397	-	ENSG00000116044	1	NFE2L2	protein_coding	2	3	0.28288	own-gene 3'UTR verified vs GTF; audit only, not a published ranked list (20 disclosure 1, issue #99)
265318	2	181537271	181537775	+	ENSG00000115232	1	ITGA4	protein_coding	3	3	0.48307	own-gene 3'UTR verified vs GTF; audit only, not a published ranked list (20 disclosure 1, issue #99)
265320	2	181538361	181539290	+	ENSG00000115232	1	ITGA4	protein_coding	2	2	0.24721	own-gene 3'UTR verified vs GTF; audit only, not a published ranked list (20 disclosure 1, issue #99)
265939	2	186680897	186680901	+	ENSG00000138448	1	ITGAV	protein_coding	3	4	0.83690	own-gene 3'UTR verified vs GTF; audit only, not a published ranked list (20 disclosure 1, issue #99)
266174	2	189011724	189012142	+	ENSG00000168542	1	COL3A1	protein_coding	3	3	0.60196	own-gene 3'UTR verified vs GTF; audit only, not a published ranked list (20 disclosure 1, issue #99)
266176	2	189012742	189012746	+	ENSG00000168542	1	COL3A1	protein_coding	3	2	0.62271	own-gene 3'UTR verified vs GTF; audit only, not a published ranked list (20 disclosure 1, issue #99)
266385	2	190199841	190200445	+	ENSG00000187699	1	C2orf88	protein_coding	2	3	0.37395	own-gene 3'UTR verified vs GTF; audit only, not a published ranked list (20 disclosure 1, issue #99)
266387	2	190204626	190204644	-	ENSG00000198130	1	HIBCH	protein_coding	2	3	0.24327	own-gene 3'UTR verified vs GTF; audit only, not a published ranked list (20 disclosure 1, issue #99)
266388	2	190204905	190204915	-	ENSG00000198130	1	HIBCH	protein_coding	4	4	0.43363	own-gene 3'UTR verified vs GTF; audit only, not a published ranked list (20 disclosure 1, issue #99)
266621	2	190692225	190692766	+	ENSG00000138386	1	NAB1	protein_coding	1	2	0.33903	own-gene 3'UTR verified vs GTF; audit only, not a published ranked list (20 disclosure 1, issue #99)
266738	2	190932592	190933363	+	ENSG00000115419	1	GLS	protein_coding	1	2	0.17433	own-gene 3'UTR verified vs GTF; audit only, not a published ranked list (20 disclosure 1, issue #99)
266740	2	190934664	190935400	+	ENSG00000115419	1	GLS	protein_coding	9	4	0.63353	own-gene 3'UTR verified vs GTF; audit only, not a published ranked list (20 disclosure 1, issue #99)
266783	2	190969263	190969388	-	ENSG00000115415	1	STAT1	protein_coding	7	5	0.63275	own-gene 3'UTR verified vs GTF; audit only, not a published ranked list (20 disclosure 1, issue #99)
266792	2	190975534	190975984	-	ENSG00000115415	1	STAT1	protein_coding	1	3	0.31005	own-gene 3'UTR verified vs GTF; audit only, not a published ranked list (20 disclosure 1, issue #99)
266869	2	191066822	191069751	-	ENSG00000138378	1	STAT4	protein_coding	2	2	0.28093	own-gene 3'UTR verified vs GTF; audit only, not a published ranked list (20 disclosure 1, issue #99)
267039	2	191693925	191694772	+	ENSG00000173559	2	NABP1	protein_coding	1	2	0.17075	own-gene 3'UTR verified vs GTF; audit only, not a published ranked list (20 disclosure 1, issue #99)
267041	2	191696222	191696664	+	ENSG00000173559	2	NABP1	protein_coding	1	2	0.20038	own-gene 3'UTR verified vs GTF; audit only, not a published ranked list (20 disclosure 1, issue #99)
267275	2	195737279	195737702	+	ENSG00000196950	1	SLC39A10	protein_coding	4	5	0.76689	own-gene 3'UTR verified vs GTF; audit only, not a published ranked list (20 disclosure 1, issue #99)
267580	2	196986661	196987002	-	ENSG00000065413	1	ANKRD44	protein_coding	1	3	0.23063	own-gene 3'UTR verified vs GTF; audit only, not a published ranked list (20 disclosure 1, issue #99)
267791	2	197391826	197392130	-	ENSG00000115524	1	SF3B1	protein_coding	3	4	0.33287	own-gene 3'UTR verified vs GTF; audit only, not a published ranked list (20 disclosure 1, issue #99)
267880	2	197486580	197486939	-	ENSG00000144381	1	HSPD1	protein_coding	4	2	0.31141	own-gene 3'UTR verified vs GTF; audit only, not a published ranked list (20 disclosure 1, issue #99)
267893	2	197494656	197495257	-	ENSG00000144381	1	HSPD1	protein_coding	1	2	0.28503	own-gene 3'UTR verified vs GTF; audit only, not a published ranked list (20 disclosure 1, issue #99)
267898	2	197496882	197499954	-	ENSG00000144381	1	HSPD1	protein_coding	4	3	0.42713	own-gene 3'UTR verified vs GTF; audit only, not a published ranked list (20 disclosure 1, issue #99)
267906	2	197503156	197503616	+	ENSG00000115541	2	HSPE1	protein_coding	2	2	0.21356	own-gene 3'UTR verified vs GTF; audit only, not a published ranked list (20 disclosure 1, issue #99)
268332	2	200478075	200478530	+	ENSG00000196141	1	SPATS2L	protein_coding	1	2	0.51816	own-gene 3'UTR verified vs GTF; audit only, not a published ranked list (20 disclosure 1, issue #99)
268386	2	200823657	200823846	+	ENSG00000082153	1	BZW1	protein_coding	1	2	0.26049	own-gene 3'UTR verified vs GTF; audit only, not a published ranked list (20 disclosure 1, issue #99)
268638	2	201140286	201140920	+	ENSG00000003402	1	CFLAR	protein_coding	1	2	0.15215	own-gene 3'UTR verified vs GTF; audit only, not a published ranked list (20 disclosure 1, issue #99)
268639	2	201141492	201141598	+	ENSG00000003402	1	CFLAR	protein_coding	2	2	0.26764	own-gene 3'UTR verified vs GTF; audit only, not a published ranked list (20 disclosure 1, issue #99)
268676	2	201164114	201164118	+	ENSG00000003402	1	CFLAR	protein_coding	1	2	0.17800	own-gene 3'UTR verified vs GTF; audit only, not a published ranked list (20 disclosure 1, issue #99)
268677	2	201164255	201164386	+	ENSG00000003402	1	CFLAR	protein_coding	1	2	0.31015	own-gene 3'UTR verified vs GTF; audit only, not a published ranked list (20 disclosure 1, issue #99)
268681	2	201166512	201170756	+	ENSG00000003402	2	CFLAR	protein_coding	2	4	0.31864	own-gene 3'UTR verified vs GTF; audit only, not a published ranked list (20 disclosure 1, issue #99)
268682	2	201171228	201171738	+	ENSG00000003402	1	CFLAR	protein_coding	2	4	0.32710	own-gene 3'UTR verified vs GTF; audit only, not a published ranked list (20 disclosure 1, issue #99)
268683	2	201171987	201172684	+	ENSG00000003402	1	CFLAR	protein_coding	1	3	0.15378	own-gene 3'UTR verified vs GTF; audit only, not a published ranked list (20 disclosure 1, issue #99)
268778	2	201287404	201287438	+	ENSG00000064012	1	CASP8	protein_coding	1	2	0.19418	own-gene 3'UTR verified vs GTF; audit only, not a published ranked list (20 disclosure 1, issue #99)
268933	2	202206179	202206182	-	ENSG00000116030	1	SUMO1	protein_coding	1	2	0.18194	own-gene 3'UTR verified vs GTF; audit only, not a published ranked list (20 disclosure 1, issue #99)
269180	2	202567338	202567751	+	ENSG00000204217	1	BMPR2	protein_coding	2	4	0.42231	own-gene 3'UTR verified vs GTF; audit only, not a published ranked list (20 disclosure 1, issue #99)
269592	2	203429205	203429687	+	ENSG00000138443	1	ABI2	protein_coding	1	2	0.34409	own-gene 3'UTR verified vs GTF; audit only, not a published ranked list (20 disclosure 1, issue #99)
269597	2	203433391	203434209	-	ENSG00000173166	1	RAPH1	protein_coding	1	3	0.48139	own-gene 3'UTR verified vs GTF; audit only, not a published ranked list (20 disclosure 1, issue #99)
269757	2	203872758	203872985	+	ENSG00000163599	1	CTLA4	protein_coding	1	3	0.38301	own-gene 3'UTR verified vs GTF; audit only, not a published ranked list (20 disclosure 1, issue #99)
270003	2	205993720	205994622	-	ENSG00000114933	1	INO80D	protein_coding	1	2	0.56608	own-gene 3'UTR verified vs GTF; audit only, not a published ranked list (20 disclosure 1, issue #99)
270102	2	206159880	206161965	+	ENSG00000114942	4	EEF1B2	protein_coding	3	3	0.27939	own-gene 3'UTR verified vs GTF; audit only, not a published ranked list (20 disclosure 1, issue #99)
270104	2	206162878	206162928	+	ENSG00000114942	1	EEF1B2	protein_coding	1	2	0.04905	own-gene 3'UTR verified vs GTF; audit only, not a published ranked list (20 disclosure 1, issue #99)
270532	2	208236226	208236272	-	ENSG00000138413	1	IDH1	protein_coding	3	4	0.42461	own-gene 3'UTR verified vs GTF; audit only, not a published ranked list (20 disclosure 1, issue #99)
271279	2	215360436	215360495	-	ENSG00000115414	1	FN1	protein_coding	1	3	0.30480	own-gene 3'UTR verified vs GTF; audit only, not a published ranked list (20 disclosure 1, issue #99)
271493	2	216206280	216206281	+	ENSG00000079246	1	XRCC5	protein_coding	3	5	0.37377	own-gene 3'UTR verified vs GTF; audit only, not a published ranked list (20 disclosure 1, issue #99)
271747	2	218238758	218239197	+	ENSG00000163466	1	ARPC2	protein_coding	2	3	0.18767	own-gene 3'UTR verified vs GTF; audit only, not a published ranked list (20 disclosure 1, issue #99)
271763	2	218264128	218264173	-	ENSG00000127837	1	AAMP	protein_coding	2	2	0.30578	own-gene 3'UTR verified vs GTF; audit only, not a published ranked list (20 disclosure 1, issue #99)
271766	2	218272942	218272947	+	ENSG00000127838	1	PNKD	protein_coding	2	3	0.35546	own-gene 3'UTR verified vs GTF; audit only, not a published ranked list (20 disclosure 1, issue #99)
271769	2	218274196	218274197	-	ENSG00000135926	1	TMBIM1	protein_coding	7	5	0.40137	own-gene 3'UTR verified vs GTF; audit only, not a published ranked list (20 disclosure 1, issue #99)
271801	2	218346382	218346793	+	ENSG00000127838	1	PNKD	protein_coding	13	5	0.54506	own-gene 3'UTR verified vs GTF; audit only, not a published ranked list (20 disclosure 1, issue #99)
271835	2	218395022	218395652	+	ENSG00000018280	1	SLC11A1	protein_coding	4	2	0.72885	own-gene 3'UTR verified vs GTF; audit only, not a published ranked list (20 disclosure 1, issue #99)
271837	2	218395775	218395967	+	ENSG00000018280	1	SLC11A1	protein_coding	1	3	0.23747	own-gene 3'UTR verified vs GTF; audit only, not a published ranked list (20 disclosure 1, issue #99)
271838	2	218396890	218396894	+	ENSG00000018280	1	SLC11A1	protein_coding	1	3	0.46412	own-gene 3'UTR verified vs GTF; audit only, not a published ranked list (20 disclosure 1, issue #99)
272111	2	219171896	219171897	-	ENSG00000115649	1	CNPPD1	protein_coding	3	2	0.45179	own-gene 3'UTR verified vs GTF; audit only, not a published ranked list (20 disclosure 1, issue #99)
272206	2	219541451	219541866	-	ENSG00000123989	1	CHPF	protein_coding	1	2	0.35233	own-gene 3'UTR verified vs GTF; audit only, not a published ranked list (20 disclosure 1, issue #99)
272411	2	222562126	222562621	+	ENSG00000163082	1	SGPP2	protein_coding	2	2	0.40588	own-gene 3'UTR verified vs GTF; audit only, not a published ranked list (20 disclosure 1, issue #99)
272564	2	222944274	222944639	+	ENSG00000123983	1	ACSL3	protein_coding	1	2	0.24320	own-gene 3'UTR verified vs GTF; audit only, not a published ranked list (20 disclosure 1, issue #99)
272780	2	224473898	224473979	-	ENSG00000036257	1	CUL3	protein_coding	3	3	0.52012	own-gene 3'UTR verified vs GTF; audit only, not a published ranked list (20 disclosure 1, issue #99)
272869	2	224765089	224765575	-	ENSG00000135905	1	DOCK10	protein_coding	1	2	0.37551	own-gene 3'UTR verified vs GTF; audit only, not a published ranked list (20 disclosure 1, issue #99)
273365	2	227554725	227555127	+	ENSG00000173744	1	AGFG1	protein_coding	1	2	0.30622	own-gene 3'UTR verified vs GTF; audit only, not a published ranked list (20 disclosure 1, issue #99)
273603	2	229763834	229764837	-	ENSG00000153827	1	TRIP12	protein_coding	1	2	0.25630	own-gene 3'UTR verified vs GTF; audit only, not a published ranked list (20 disclosure 1, issue #99)
273852	2	230312611	230313217	+	ENSG00000079263	1	SP140	protein_coding	1	2	0.22705	own-gene 3'UTR verified vs GTF; audit only, not a published ranked list (20 disclosure 1, issue #99)
273918	2	230470519	230470535	+	ENSG00000067066	1	SP100	protein_coding	3	2	0.23548	own-gene 3'UTR verified vs GTF; audit only, not a published ranked list (20 disclosure 1, issue #99)
273959	2	230544635	230545606	+	ENSG00000067066	1	SP100	protein_coding	1	2	0.16442	own-gene 3'UTR verified vs GTF; audit only, not a published ranked list (20 disclosure 1, issue #99)
274066	2	230821069	230821075	+	ENSG00000135932	1	CAB39	protein_coding	1	2	0.26765	own-gene 3'UTR verified vs GTF; audit only, not a published ranked list (20 disclosure 1, issue #99)
274235	2	231454902	231455162	-	ENSG00000115053	1	NCL	protein_coding	2	2	0.32650	own-gene 3'UTR verified vs GTF; audit only, not a published ranked list (20 disclosure 1, issue #99)
274315	2	231711099	231711990	+	ENSG00000187514	2	PTMA	protein_coding	6	4	0.41982	own-gene 3'UTR verified vs GTF; audit only, not a published ranked list (20 disclosure 1, issue #99)
274319	2	231712886	231713556	+	ENSG00000187514	2	PTMA	protein_coding	1	2	0.04234	own-gene 3'UTR verified vs GTF; audit only, not a published ranked list (20 disclosure 1, issue #99)
274711	2	233207555	233207903	+	ENSG00000168918	1	INPP5D	protein_coding	3	4	0.60364	own-gene 3'UTR verified vs GTF; audit only, not a published ranked list (20 disclosure 1, issue #99)
274916	2	234493040	234493041	-	ENSG00000188042	1	ARL4C	protein_coding	3	3	0.40502	own-gene 3'UTR verified vs GTF; audit only, not a published ranked list (20 disclosure 1, issue #99)
274922	2	234494489	234495752	-	ENSG00000188042	1	ARL4C	protein_coding	2	2	0.28240	own-gene 3'UTR verified vs GTF; audit only, not a published ranked list (20 disclosure 1, issue #99)
275547	2	237765112	237765157	+	ENSG00000124831	1	LRRFIP1	protein_coding	5	4	0.37740	own-gene 3'UTR verified vs GTF; audit only, not a published ranked list (20 disclosure 1, issue #99)
275551	2	237765858	237765915	+	ENSG00000124831	1	LRRFIP1	protein_coding	11	6	0.56529	own-gene 3'UTR verified vs GTF; audit only, not a published ranked list (20 disclosure 1, issue #99)
275566	2	237779982	237780315	+	ENSG00000124831	1	LRRFIP1	protein_coding	5	2	0.46306	own-gene 3'UTR verified vs GTF; audit only, not a published ranked list (20 disclosure 1, issue #99)
275654	2	238041541	238042100	+	ENSG00000184182	2	UBE2F	protein_coding	1	2	0.22168	own-gene 3'UTR verified vs GTF; audit only, not a published ranked list (20 disclosure 1, issue #99)
276144	2	241041060	241041721	+	ENSG00000162804	1	SNED1	protein_coding	1	3	0.24176	own-gene 3'UTR verified vs GTF; audit only, not a published ranked list (20 disclosure 1, issue #99)
276172	2	241089142	241089176	-	ENSG00000122085	1	MTERF4	protein_coding	2	2	0.53880	own-gene 3'UTR verified vs GTF; audit only, not a published ranked list (20 disclosure 1, issue #99)
276176	2	241092555	241093069	+	ENSG00000162804	1	SNED1	protein_coding	1	2	0.11968	own-gene 3'UTR verified vs GTF; audit only, not a published ranked list (20 disclosure 1, issue #99)
276231	2	241229211	241229218	-	ENSG00000115677	1	HDLBP	protein_coding	2	4	0.34889	own-gene 3'UTR verified vs GTF; audit only, not a published ranked list (20 disclosure 1, issue #99)
276306	2	241353738	241353739	+	ENSG00000168385	1	SEPTIN2	protein_coding	1	2	0.43565	own-gene 3'UTR verified vs GTF; audit only, not a published ranked list (20 disclosure 1, issue #99)
276307	2	241353863	241354027	+	ENSG00000168385	1	SEPTIN2	protein_coding	7	5	0.50477	own-gene 3'UTR verified vs GTF; audit only, not a published ranked list (20 disclosure 1, issue #99)
276512	2	241768427	241768811	+	ENSG00000180902	1	D2HGDH	protein_coding	2	4	0.58267	own-gene 3'UTR verified vs GTF; audit only, not a published ranked list (20 disclosure 1, issue #99)
276725	20	481106	481919	-	ENSG00000101266	1	CSNK2A1	protein_coding	1	2	0.35002	own-gene 3'UTR verified vs GTF; audit only, not a published ranked list (20 disclosure 1, issue #99)
276830	20	1165475	1165524	+	ENSG00000125818	1	PSMF1	protein_coding	1	2	0.33915	own-gene 3'UTR verified vs GTF; audit only, not a published ranked list (20 disclosure 1, issue #99)
276831	20	1167013	1167321	+	ENSG00000125818	1	PSMF1	protein_coding	2	3	0.23027	own-gene 3'UTR verified vs GTF; audit only, not a published ranked list (20 disclosure 1, issue #99)
276851	20	1309974	1310338	-	ENSG00000125775	1	SDCBP2	protein_coding	1	2	0.71990	own-gene 3'UTR verified vs GTF; audit only, not a published ranked list (20 disclosure 1, issue #99)
277730	20	4701453	4701588	+	ENSG00000171867	1	PRNP	protein_coding	1	2	0.10676	own-gene 3'UTR verified vs GTF; audit only, not a published ranked list (20 disclosure 1, issue #99)
277843	20	5100297	5100312	-	ENSG00000089063	1	TMEM230	protein_coding	1	2	0.38060	own-gene 3'UTR verified vs GTF; audit only, not a published ranked list (20 disclosure 1, issue #99)
277949	20	5544399	5544760	-	ENSG00000125772	1	GPCPD1	protein_coding	2	3	0.25874	own-gene 3'UTR verified vs GTF; audit only, not a published ranked list (20 disclosure 1, issue #99)
277951	20	5546378	5546504	-	ENSG00000125772	1	GPCPD1	protein_coding	4	5	0.47173	own-gene 3'UTR verified vs GTF; audit only, not a published ranked list (20 disclosure 1, issue #99)
277952	20	5546641	5546644	-	ENSG00000125772	1	GPCPD1	protein_coding	4	6	0.41272	own-gene 3'UTR verified vs GTF; audit only, not a published ranked list (20 disclosure 1, issue #99)
277954	20	5546963	5547084	-	ENSG00000125772	1	GPCPD1	protein_coding	1	3	0.18171	own-gene 3'UTR verified vs GTF; audit only, not a published ranked list (20 disclosure 1, issue #99)
278142	20	6037385	6037427	+	ENSG00000286235	2	AL035461.4	protein_coding	1	2	0.32663	own-gene 3'UTR verified vs GTF; audit only, not a published ranked list (20 disclosure 1, issue #99)
279155	20	17607125	17607538	+	ENSG00000125868	1	DSTN	protein_coding	7	5	0.39772	own-gene 3'UTR verified vs GTF; audit only, not a published ranked list (20 disclosure 1, issue #99)
279156	20	17607920	17608069	+	ENSG00000125868	1	DSTN	protein_coding	11	5	0.51117	own-gene 3'UTR verified vs GTF; audit only, not a published ranked list (20 disclosure 1, issue #99)
279157	20	17608241	17608242	+	ENSG00000125868	1	DSTN	protein_coding	15	6	0.59126	own-gene 3'UTR verified vs GTF; audit only, not a published ranked list (20 disclosure 1, issue #99)
279161	20	17613677	17613681	-	ENSG00000125844	1	RRBP1	protein_coding	6	4	0.52076	own-gene 3'UTR verified vs GTF; audit only, not a published ranked list (20 disclosure 1, issue #99)
279203	20	17941599	17941600	-	ENSG00000089006	1	SNX5	protein_coding	2	3	0.44720	own-gene 3'UTR verified vs GTF; audit only, not a published ranked list (20 disclosure 1, issue #99)
279851	20	23047061	23047731	-	ENSG00000178726	1	THBD	protein_coding	1	2	0.45461	own-gene 3'UTR verified vs GTF; audit only, not a published ranked list (20 disclosure 1, issue #99)
280005	20	24962943	24963021	-	ENSG00000101474	1	APMAP	protein_coding	1	2	0.18946	own-gene 3'UTR verified vs GTF; audit only, not a published ranked list (20 disclosure 1, issue #99)
280069	20	25294742	25295020	-	ENSG00000100997	1	ABHD12	protein_coding	1	2	0.24382	own-gene 3'UTR verified vs GTF; audit only, not a published ranked list (20 disclosure 1, issue #99)
280072	20	25300213	25300217	-	ENSG00000100997	1	ABHD12	protein_coding	5	5	0.56408	own-gene 3'UTR verified vs GTF; audit only, not a published ranked list (20 disclosure 1, issue #99)
280470	20	31540473	31541737	+	ENSG00000101294	1	HM13	protein_coding	1	2	0.29147	own-gene 3'UTR verified vs GTF; audit only, not a published ranked list (20 disclosure 1, issue #99)
280658	20	32101749	32101856	+	ENSG00000101336	1	HCK	protein_coding	1	2	0.16521	own-gene 3'UTR verified vs GTF; audit only, not a published ranked list (20 disclosure 1, issue #99)
280698	20	32166806	32167256	+	ENSG00000101337	1	TM9SF4	protein_coding	3	4	0.56106	own-gene 3'UTR verified vs GTF; audit only, not a published ranked list (20 disclosure 1, issue #99)
280949	20	32849097	32849184	+	ENSG00000101367	1	MAPRE1	protein_coding	1	3	0.29586	own-gene 3'UTR verified vs GTF; audit only, not a published ranked list (20 disclosure 1, issue #99)
280950	20	32849648	32850402	+	ENSG00000101367	1	MAPRE1	protein_coding	1	2	0.19399	own-gene 3'UTR verified vs GTF; audit only, not a published ranked list (20 disclosure 1, issue #99)
280990	20	33358824	33358845	-	ENSG00000101391	1	CDK5RAP1	protein_coding	3	3	0.42715	own-gene 3'UTR verified vs GTF; audit only, not a published ranked list (20 disclosure 1, issue #99)
281211	20	33853831	33853832	+	ENSG00000101421	1	CHMP4B	protein_coding	2	2	0.51142	own-gene 3'UTR verified vs GTF; audit only, not a published ranked list (20 disclosure 1, issue #99)
281270	20	34089430	34089467	-	ENSG00000125977	1	EIF2S2	protein_coding	3	2	0.26320	own-gene 3'UTR verified vs GTF; audit only, not a published ranked list (20 disclosure 1, issue #99)
281271	20	34089619	34089648	-	ENSG00000125977	1	EIF2S2	protein_coding	3	3	0.25299	own-gene 3'UTR verified vs GTF; audit only, not a published ranked list (20 disclosure 1, issue #99)
281652	20	35002403	35002781	-	ENSG00000100991	1	TRPC4AP	protein_coding	5	4	0.53301	own-gene 3'UTR verified vs GTF; audit only, not a published ranked list (20 disclosure 1, issue #99)
281787	20	35276656	35276998	+	ENSG00000125966	1	MMP24	protein_coding	2	2	0.63176	own-gene 3'UTR verified vs GTF; audit only, not a published ranked list (20 disclosure 1, issue #99)
281788	20	35276933	35276951	-	ENSG00000126005	2	MMP24OS	protein_coding	2	3	0.30556	own-gene 3'UTR verified vs GTF; audit only, not a published ranked list (20 disclosure 1, issue #99)
281789	20	35277262	35277432	-	ENSG00000126005	2	MMP24OS	protein_coding	4	5	0.36993	own-gene 3'UTR verified vs GTF; audit only, not a published ranked list (20 disclosure 1, issue #99)
281880	20	35543641	35543916	+	ENSG00000125991	1	ERGIC3	protein_coding	1	2	0.18151	own-gene 3'UTR verified vs GTF; audit only, not a published ranked list (20 disclosure 1, issue #99)
281930	20	35626043	35626044	-	ENSG00000214078	1	CPNE1	protein_coding	1	2	0.28557	own-gene 3'UTR verified vs GTF; audit only, not a published ranked list (20 disclosure 1, issue #99)
281984	20	35703460	35704160	-	ENSG00000131051	1	RBM39	protein_coding	6	5	0.38733	own-gene 3'UTR verified vs GTF; audit only, not a published ranked list (20 disclosure 1, issue #99)
281985	20	35704277	35704396	-	ENSG00000131051	1	RBM39	protein_coding	4	3	0.30270	own-gene 3'UTR verified vs GTF; audit only, not a published ranked list (20 disclosure 1, issue #99)
282016	20	35732005	35732094	-	ENSG00000131051	1	RBM39	protein_coding	1	2	0.13274	own-gene 3'UTR verified vs GTF; audit only, not a published ranked list (20 disclosure 1, issue #99)
282023	20	35738967	35739646	-	ENSG00000131051	1	RBM39	protein_coding	4	3	0.24983	own-gene 3'UTR verified vs GTF; audit only, not a published ranked list (20 disclosure 1, issue #99)
282200	20	35949675	35950431	+	ENSG00000025293	1	PHF20	protein_coding	3	3	0.25723	own-gene 3'UTR verified vs GTF; audit only, not a published ranked list (20 disclosure 1, issue #99)
282508	20	36890212	36890229	-	ENSG00000101347	1	SAMHD1	protein_coding	1	4	0.35330	own-gene 3'UTR verified vs GTF; audit only, not a published ranked list (20 disclosure 1, issue #99)
282509	20	36890388	36890465	-	ENSG00000101347	1	SAMHD1	protein_coding	6	5	0.49790	own-gene 3'UTR verified vs GTF; audit only, not a published ranked list (20 disclosure 1, issue #99)
282510	20	36890628	36890646	-	ENSG00000101347	1	SAMHD1	protein_coding	2	2	0.59260	own-gene 3'UTR verified vs GTF; audit only, not a published ranked list (20 disclosure 1, issue #99)
282514	20	36892689	36892845	-	ENSG00000101347	1	SAMHD1	protein_coding	1	2	0.27188	own-gene 3'UTR verified vs GTF; audit only, not a published ranked list (20 disclosure 1, issue #99)
282724	20	37518722	37519170	-	ENSG00000166619	1	BLCAP	protein_coding	1	2	0.23979	own-gene 3'UTR verified vs GTF; audit only, not a published ranked list (20 disclosure 1, issue #99)
282845	20	38128460	38128560	-	ENSG00000198959	1	TGM2	protein_coding	1	2	0.72472	own-gene 3'UTR verified vs GTF; audit only, not a published ranked list (20 disclosure 1, issue #99)
283034	20	38922386	38923024	+	ENSG00000101445	1	PPP1R16B	protein_coding	1	3	0.16890	own-gene 3'UTR verified vs GTF; audit only, not a published ranked list (20 disclosure 1, issue #99)
283128	20	40685847	40686518	-	ENSG00000204103	1	MAFB	protein_coding	1	3	0.32434	own-gene 3'UTR verified vs GTF; audit only, not a published ranked list (20 disclosure 1, issue #99)
283130	20	40686691	40687649	-	ENSG00000204103	1	MAFB	protein_coding	3	2	0.71737	own-gene 3'UTR verified vs GTF; audit only, not a published ranked list (20 disclosure 1, issue #99)
283247	20	41123202	41124487	+	ENSG00000198900	1	TOP1	protein_coding	4	4	0.38512	own-gene 3'UTR verified vs GTF; audit only, not a published ranked list (20 disclosure 1, issue #99)
283681	20	44497434	44497462	-	ENSG00000132824	1	SERINC3	protein_coding	1	2	0.32142	own-gene 3'UTR verified vs GTF; audit only, not a published ranked list (20 disclosure 1, issue #99)
283790	20	44906531	44906532	+	ENSG00000166913	1	YWHAB	protein_coding	2	3	0.30924	own-gene 3'UTR verified vs GTF; audit only, not a published ranked list (20 disclosure 1, issue #99)
283799	20	44908386	44908532	+	ENSG00000166913	1	YWHAB	protein_coding	5	4	0.57386	own-gene 3'UTR verified vs GTF; audit only, not a published ranked list (20 disclosure 1, issue #99)
283923	20	45079847	45080019	+	ENSG00000101109	1	STK4	protein_coding	7	4	0.41644	own-gene 3'UTR verified vs GTF; audit only, not a published ranked list (20 disclosure 1, issue #99)
283985	20	45325287	45325288	-	ENSG00000124145	1	SDC4	protein_coding	3	4	0.40403	own-gene 3'UTR verified vs GTF; audit only, not a published ranked list (20 disclosure 1, issue #99)
283986	20	45325791	45325813	-	ENSG00000124145	1	SDC4	protein_coding	1	2	0.30545	own-gene 3'UTR verified vs GTF; audit only, not a published ranked list (20 disclosure 1, issue #99)
284284	20	46349540	46350397	-	ENSG00000080189	1	SLC35C2	protein_coding	1	2	0.34735	own-gene 3'UTR verified vs GTF; audit only, not a published ranked list (20 disclosure 1, issue #99)
284921	20	49113522	49113559	-	ENSG00000124214	1	STAU1	protein_coding	2	3	0.43911	own-gene 3'UTR verified vs GTF; audit only, not a published ranked list (20 disclosure 1, issue #99)
285025	20	49238621	49239357	-	ENSG00000124201	1	ZNFX1	protein_coding	2	2	0.48805	own-gene 3'UTR verified vs GTF; audit only, not a published ranked list (20 disclosure 1, issue #99)
285032	20	49245467	49246420	-	ENSG00000124201	1	ZNFX1	protein_coding	2	2	0.54336	own-gene 3'UTR verified vs GTF; audit only, not a published ranked list (20 disclosure 1, issue #99)
285266	20	49952210	49952219	+	ENSG00000124226	1	RNF114	protein_coding	1	3	0.38909	own-gene 3'UTR verified vs GTF; audit only, not a published ranked list (20 disclosure 1, issue #99)
285297	20	50081313	50081365	-	ENSG00000124208	2	TMEM189-UBE2V1	protein_coding	2	2	0.50152	own-gene 3'UTR verified vs GTF; audit only, not a published ranked list (20 disclosure 1, issue #99)
285302	20	50082559	50082653	-	ENSG00000124208	2	TMEM189-UBE2V1	protein_coding	2	2	0.26306	own-gene 3'UTR verified vs GTF; audit only, not a published ranked list (20 disclosure 1, issue #99)
285304	20	50082754	50082807	-	ENSG00000124208	2	TMEM189-UBE2V1	protein_coding	3	2	0.29876	own-gene 3'UTR verified vs GTF; audit only, not a published ranked list (20 disclosure 1, issue #99)
285532	20	50584755	50584762	+	ENSG00000196396	1	PTPN1	protein_coding	1	2	0.20139	own-gene 3'UTR verified vs GTF; audit only, not a published ranked list (20 disclosure 1, issue #99)
285638	20	50889047	50889450	-	ENSG00000101126	1	ADNP	protein_coding	2	2	0.25075	own-gene 3'UTR verified vs GTF; audit only, not a published ranked list (20 disclosure 1, issue #99)
285640	20	50890342	50890354	-	ENSG00000101126	1	ADNP	protein_coding	2	2	0.34653	own-gene 3'UTR verified vs GTF; audit only, not a published ranked list (20 disclosure 1, issue #99)
286348	20	56366166	56366487	+	ENSG00000124098	1	FAM210B	protein_coding	1	2	0.35694	own-gene 3'UTR verified vs GTF; audit only, not a published ranked list (20 disclosure 1, issue #99)
286698	20	58678991	58679501	+	ENSG00000124222	2	STX16	protein_coding	1	4	0.47742	own-gene 3'UTR verified vs GTF; audit only, not a published ranked list (20 disclosure 1, issue #99)
286743	20	58910897	58910906	+	ENSG00000087460	1	GNAS	protein_coding	6	2	0.57917	own-gene 3'UTR verified vs GTF; audit only, not a published ranked list (20 disclosure 1, issue #99)
286744	20	58911028	58911192	+	ENSG00000087460	1	GNAS	protein_coding	12	7	0.42962	own-gene 3'UTR verified vs GTF; audit only, not a published ranked list (20 disclosure 1, issue #99)
286789	20	58995184	58995418	-	ENSG00000101160	1	CTSZ	protein_coding	2	2	0.10974	own-gene 3'UTR verified vs GTF; audit only, not a published ranked list (20 disclosure 1, issue #99)
286814	20	59028684	59028741	-	ENSG00000124172	1	ATP5F1E	protein_coding	12	5	0.38299	own-gene 3'UTR verified vs GTF; audit only, not a published ranked list (20 disclosure 1, issue #99)
286820	20	59033144	59033767	-	ENSG00000101166	1	PRELID3B	protein_coding	1	2	0.61047	own-gene 3'UTR verified vs GTF; audit only, not a published ranked list (20 disclosure 1, issue #99)
287596	20	63522053	63522206	+	ENSG00000125534	1	PPDPF	protein_coding	1	2	0.11042	own-gene 3'UTR verified vs GTF; audit only, not a published ranked list (20 disclosure 1, issue #99)
287703	20	63736135	63736146	+	ENSG00000197114	2	ZGPAT	protein_coding	13	6	0.69929	own-gene 3'UTR verified vs GTF; audit only, not a published ranked list (20 disclosure 1, issue #99)
287798	20	63931560	63931821	+	ENSG00000101152	1	DNAJC5	protein_coding	1	2	0.32816	own-gene 3'UTR verified vs GTF; audit only, not a published ranked list (20 disclosure 1, issue #99)
287947	21	5116247	5116343	-	ENSG00000280071	2	GATD3B	protein_coding	2	2	0.44707	own-gene 3'UTR verified vs GTF; audit only, not a published ranked list (20 disclosure 1, issue #99)
288165	21	6484622	6484722	-	ENSG00000275895	1	U2AF1L5	protein_coding	1	2	0.16244	own-gene 3'UTR verified vs GTF; audit only, not a published ranked list (20 disclosure 1, issue #99)
288880	21	14485227	14485366	-	ENSG00000155307	1	SAMSN1	protein_coding	4	3	0.40462	own-gene 3'UTR verified vs GTF; audit only, not a published ranked list (20 disclosure 1, issue #99)
288882	21	14485706	14485822	-	ENSG00000155307	1	SAMSN1	protein_coding	7	3	0.52367	own-gene 3'UTR verified vs GTF; audit only, not a published ranked list (20 disclosure 1, issue #99)
289708	21	25772009	25772460	+	ENSG00000154727	1	GABPA	protein_coding	1	2	0.63266	own-gene 3'UTR verified vs GTF; audit only, not a published ranked list (20 disclosure 1, issue #99)
289721	21	25880549	25880553	-	ENSG00000142192	1	APP	protein_coding	3	2	0.53251	own-gene 3'UTR verified vs GTF; audit only, not a published ranked list (20 disclosure 1, issue #99)
289723	21	25880805	25880912	-	ENSG00000142192	1	APP	protein_coding	5	3	0.78332	own-gene 3'UTR verified vs GTF; audit only, not a published ranked list (20 disclosure 1, issue #99)
290076	21	29054487	29054488	+	ENSG00000156256	1	USP16	protein_coding	1	2	0.45181	own-gene 3'UTR verified vs GTF; audit only, not a published ranked list (20 disclosure 1, issue #99)
290162	21	29345560	29346169	+	ENSG00000156273	1	BACH1	protein_coding	1	3	0.40835	own-gene 3'UTR verified vs GTF; audit only, not a published ranked list (20 disclosure 1, issue #99)
290314	21	31118415	31118789	-	ENSG00000156299	1	TIAM1	protein_coding	1	2	0.45856	own-gene 3'UTR verified vs GTF; audit only, not a published ranked list (20 disclosure 1, issue #99)
290668	21	32515023	32515716	+	ENSG00000166979	1	EVA1C	protein_coding	1	2	0.49257	own-gene 3'UTR verified vs GTF; audit only, not a published ranked list (20 disclosure 1, issue #99)
290893	21	33296948	33297005	+	ENSG00000249624	2	AP000295.1	protein_coding	9	5	0.50342	own-gene 3'UTR verified vs GTF; audit only, not a published ranked list (20 disclosure 1, issue #99)
290981	21	33437157	33437214	+	ENSG00000159128	1	IFNGR2	protein_coding	3	2	0.62486	own-gene 3'UTR verified vs GTF; audit only, not a published ranked list (20 disclosure 1, issue #99)
290983	21	33437504	33437516	+	ENSG00000159128	1	IFNGR2	protein_coding	5	5	0.62299	own-gene 3'UTR verified vs GTF; audit only, not a published ranked list (20 disclosure 1, issue #99)
290989	21	33449022	33449145	-	ENSG00000142188	1	TMEM50B	protein_coding	1	2	0.34404	own-gene 3'UTR verified vs GTF; audit only, not a published ranked list (20 disclosure 1, issue #99)
290993	21	33450596	33450701	-	ENSG00000142188	1	TMEM50B	protein_coding	1	2	0.36020	own-gene 3'UTR verified vs GTF; audit only, not a published ranked list (20 disclosure 1, issue #99)
291082	21	33576985	33577518	+	ENSG00000159140	1	SON	protein_coding	4	5	0.40481	own-gene 3'UTR verified vs GTF; audit only, not a published ranked list (20 disclosure 1, issue #99)
291509	21	34787800	34787810	-	ENSG00000159216	1	RUNX1	protein_coding	3	3	0.38282	own-gene 3'UTR verified vs GTF; audit only, not a published ranked list (20 disclosure 1, issue #99)
291512	21	34788257	34788353	-	ENSG00000159216	1	RUNX1	protein_coding	2	2	0.41663	own-gene 3'UTR verified vs GTF; audit only, not a published ranked list (20 disclosure 1, issue #99)
291922	21	36376130	36376632	+	ENSG00000159256	1	MORC3	protein_coding	1	2	0.44937	own-gene 3'UTR verified vs GTF; audit only, not a published ranked list (20 disclosure 1, issue #99)
292139	21	37202346	37203107	+	ENSG00000182670	1	TTC3	protein_coding	4	6	0.45083	own-gene 3'UTR verified vs GTF; audit only, not a published ranked list (20 disclosure 1, issue #99)
292146	21	37223419	37224025	-	ENSG00000157538	1	VPS26C	protein_coding	3	2	0.55952	own-gene 3'UTR verified vs GTF; audit only, not a published ranked list (20 disclosure 1, issue #99)
292254	21	37514504	37515260	+	ENSG00000157540	1	DYRK1A	protein_coding	1	2	0.28235	own-gene 3'UTR verified vs GTF; audit only, not a published ranked list (20 disclosure 1, issue #99)
292380	21	38824590	38824955	+	ENSG00000157557	1	ETS2	protein_coding	1	4	0.33727	own-gene 3'UTR verified vs GTF; audit only, not a published ranked list (20 disclosure 1, issue #99)
292529	21	39342682	39342793	-	ENSG00000205581	1	HMGN1	protein_coding	4	3	0.31385	own-gene 3'UTR verified vs GTF; audit only, not a published ranked list (20 disclosure 1, issue #99)
292719	21	41408313	41408943	+	ENSG00000183486	1	MX2	protein_coding	1	2	0.40378	own-gene 3'UTR verified vs GTF; audit only, not a published ranked list (20 disclosure 1, issue #99)
292929	21	42296695	42297244	+	ENSG00000160179	1	ABCG1	protein_coding	2	6	0.54694	own-gene 3'UTR verified vs GTF; audit only, not a published ranked list (20 disclosure 1, issue #99)
293200	21	43092955	43093055	-	ENSG00000160201	1	U2AF1	protein_coding	1	2	0.15708	own-gene 3'UTR verified vs GTF; audit only, not a published ranked list (20 disclosure 1, issue #99)
293267	21	43414479	43414677	-	ENSG00000142178	1	SIK1	protein_coding	1	2	0.22242	own-gene 3'UTR verified vs GTF; audit only, not a published ranked list (20 disclosure 1, issue #99)
293384	21	43756143	43756274	+	ENSG00000160209	1	PDXK	protein_coding	3	3	0.42839	own-gene 3'UTR verified vs GTF; audit only, not a published ranked list (20 disclosure 1, issue #99)
293392	21	43762295	43762300	+	ENSG00000160209	1	PDXK	protein_coding	4	3	0.35250	own-gene 3'UTR verified vs GTF; audit only, not a published ranked list (20 disclosure 1, issue #99)
293399	21	43772478	43773173	-	ENSG00000160213	1	CSTB	protein_coding	5	5	0.26401	own-gene 3'UTR verified vs GTF; audit only, not a published ranked list (20 disclosure 1, issue #99)
293400	21	43773619	43773697	-	ENSG00000160213	1	CSTB	protein_coding	5	5	0.19521	own-gene 3'UTR verified vs GTF; audit only, not a published ranked list (20 disclosure 1, issue #99)
293514	21	44059053	44060262	+	ENSG00000160218	1	TRAPPC10	protein_coding	1	2	0.43111	own-gene 3'UTR verified vs GTF; audit only, not a published ranked list (20 disclosure 1, issue #99)
293568	21	44145708	44145804	+	ENSG00000160221	1	GATD3A	protein_coding	3	2	0.49830	own-gene 3'UTR verified vs GTF; audit only, not a published ranked list (20 disclosure 1, issue #99)
293707	21	44769039	44769114	-	ENSG00000184787	1	UBE2G2	protein_coding	1	2	0.34773	own-gene 3'UTR verified vs GTF; audit only, not a published ranked list (20 disclosure 1, issue #99)
293726	21	44805615	44806155	-	ENSG00000184900	1	SUMO3	protein_coding	1	3	0.27591	own-gene 3'UTR verified vs GTF; audit only, not a published ranked list (20 disclosure 1, issue #99)
293728	21	44806623	44806758	-	ENSG00000184900	1	SUMO3	protein_coding	6	3	0.40972	own-gene 3'UTR verified vs GTF; audit only, not a published ranked list (20 disclosure 1, issue #99)
293969	21	46003784	46004106	+	ENSG00000142156	1	COL6A1	protein_coding	1	2	0.33001	own-gene 3'UTR verified vs GTF; audit only, not a published ranked list (20 disclosure 1, issue #99)
293983	21	46129408	46129801	+	ENSG00000142173	1	COL6A2	protein_coding	1	3	0.43352	own-gene 3'UTR verified vs GTF; audit only, not a published ranked list (20 disclosure 1, issue #99)
293984	21	46132374	46132848	+	ENSG00000142173	1	COL6A2	protein_coding	1	2	0.35000	own-gene 3'UTR verified vs GTF; audit only, not a published ranked list (20 disclosure 1, issue #99)
294057	21	46301129	46301605	-	ENSG00000160298	1	C21orf58	protein_coding	2	2	0.96429	own-gene 3'UTR verified vs GTF; audit only, not a published ranked list (20 disclosure 1, issue #99)
294209	21	46649885	46649888	+	ENSG00000160310	1	PRMT2	protein_coding	1	2	0.35115	own-gene 3'UTR verified vs GTF; audit only, not a published ranked list (20 disclosure 1, issue #99)
294224	21	46664607	46665124	+	ENSG00000160310	1	PRMT2	protein_coding	3	4	0.32007	own-gene 3'UTR verified vs GTF; audit only, not a published ranked list (20 disclosure 1, issue #99)
294553	22	17112243	17112777	+	ENSG00000177663	1	IL17RA	protein_coding	1	2	0.41410	own-gene 3'UTR verified vs GTF; audit only, not a published ranked list (20 disclosure 1, issue #99)
294674	22	17592452	17592584	-	ENSG00000131100	1	ATP6V1E1	protein_coding	1	2	0.22023	own-gene 3'UTR verified vs GTF; audit only, not a published ranked list (20 disclosure 1, issue #99)
294955	22	18906653	18906934	+	ENSG00000183628	2	DGCR6	protein_coding	1	2	0.25067	own-gene 3'UTR verified vs GTF; audit only, not a published ranked list (20 disclosure 1, issue #99)
294990	22	19036281	19036286	-	ENSG00000070413	1	DGCR2	protein_coding	1	2	0.41987	own-gene 3'UTR verified vs GTF; audit only, not a published ranked list (20 disclosure 1, issue #99)
295768	22	21760264	21760802	-	ENSG00000100030	1	MAPK1	protein_coding	1	4	0.39794	own-gene 3'UTR verified vs GTF; audit only, not a published ranked list (20 disclosure 1, issue #99)
296077	22	22895472	22895834	+	ENSG00000254709	2	IGLL5	protein_coding	11	7	0.86279	own-gene 3'UTR verified vs GTF; audit only, not a published ranked list (20 disclosure 1, issue #99)
296078	22	22896106	22896111	+	ENSG00000254709	1	IGLL5	protein_coding	2	3	0.11169	own-gene 3'UTR verified vs GTF; audit only, not a published ranked list (20 disclosure 1, issue #99)
296251	22	23836733	23837078	-	ENSG00000099958	1	DERL3	protein_coding	2	3	0.44566	own-gene 3'UTR verified vs GTF; audit only, not a published ranked list (20 disclosure 1, issue #99)
296590	22	25197052	25197448	+	ENSG00000197077	1	KIAA1671	protein_coding	2	2	0.79286	own-gene 3'UTR verified vs GTF; audit only, not a published ranked list (20 disclosure 1, issue #99)
297225	22	28794832	28795186	-	ENSG00000100219	1	XBP1	protein_coding	12	6	0.60163	own-gene 3'UTR verified vs GTF; audit only, not a published ranked list (20 disclosure 1, issue #99)
297385	22	29300335	29300336	+	ENSG00000182944	1	EWSR1	protein_coding	1	2	0.14910	own-gene 3'UTR verified vs GTF; audit only, not a published ranked list (20 disclosure 1, issue #99)
297394	22	29327679	29328282	-	ENSG00000100280	1	AP1B1	protein_coding	1	2	0.29457	own-gene 3'UTR verified vs GTF; audit only, not a published ranked list (20 disclosure 1, issue #99)
297507	22	29770326	29770426	+	ENSG00000184076	1	UQCR10	protein_coding	1	2	0.30560	own-gene 3'UTR verified vs GTF; audit only, not a published ranked list (20 disclosure 1, issue #99)
297511	22	29788607	29788981	-	ENSG00000100325	1	ASCC2	protein_coding	1	4	0.49646	own-gene 3'UTR verified vs GTF; audit only, not a published ranked list (20 disclosure 1, issue #99)
297788	22	30576624	30576630	-	ENSG00000100029	1	PES1	protein_coding	3	2	0.62225	own-gene 3'UTR verified vs GTF; audit only, not a published ranked list (20 disclosure 1, issue #99)
298063	22	31434157	31434186	+	ENSG00000185721	1	DRG1	protein_coding	3	2	0.38064	own-gene 3'UTR verified vs GTF; audit only, not a published ranked list (20 disclosure 1, issue #99)
298351	22	32387574	32387596	-	ENSG00000100220	1	RTCB	protein_coding	1	5	0.34128	own-gene 3'UTR verified vs GTF; audit only, not a published ranked list (20 disclosure 1, issue #99)
298418	22	32859276	32859731	+	ENSG00000100234	1	TIMP3	protein_coding	2	3	0.68342	own-gene 3'UTR verified vs GTF; audit only, not a published ranked list (20 disclosure 1, issue #99)
298419	22	32860006	32861084	+	ENSG00000100234	1	TIMP3	protein_coding	1	2	0.35363	own-gene 3'UTR verified vs GTF; audit only, not a published ranked list (20 disclosure 1, issue #99)
298617	22	35264686	35265608	+	ENSG00000100281	1	HMGXB4	protein_coding	6	2	0.50104	own-gene 3'UTR verified vs GTF; audit only, not a published ranked list (20 disclosure 1, issue #99)
298658	22	35347621	35347994	+	ENSG00000100284	1	TOM1	protein_coding	2	2	0.50291	own-gene 3'UTR verified vs GTF; audit only, not a published ranked list (20 disclosure 1, issue #99)
298733	22	35664356	35665136	+	ENSG00000221963	1	APOL6	protein_coding	1	2	0.26240	own-gene 3'UTR verified vs GTF; audit only, not a published ranked list (20 disclosure 1, issue #99)
298734	22	35665503	35666243	+	ENSG00000221963	1	APOL6	protein_coding	1	2	0.27843	own-gene 3'UTR verified vs GTF; audit only, not a published ranked list (20 disclosure 1, issue #99)
298882	22	36281279	36281505	-	ENSG00000100345	1	MYH9	protein_coding	3	3	0.40244	own-gene 3'UTR verified vs GTF; audit only, not a published ranked list (20 disclosure 1, issue #99)
298883	22	36281618	36281698	-	ENSG00000100345	1	MYH9	protein_coding	3	3	0.36388	own-gene 3'UTR verified vs GTF; audit only, not a published ranked list (20 disclosure 1, issue #99)
299010	22	36510854	36510862	-	ENSG00000100353	1	EIF3D	protein_coding	2	3	0.23467	own-gene 3'UTR verified vs GTF; audit only, not a published ranked list (20 disclosure 1, issue #99)
299103	22	37225269	37225314	-	ENSG00000128340	1	RAC2	protein_coding	2	2	0.32742	own-gene 3'UTR verified vs GTF; audit only, not a published ranked list (20 disclosure 1, issue #99)
299104	22	37225482	37225559	-	ENSG00000128340	1	RAC2	protein_coding	1	2	0.31984	own-gene 3'UTR verified vs GTF; audit only, not a published ranked list (20 disclosure 1, issue #99)
299128	22	37315340	37315348	+	ENSG00000100055	1	CYTH4	protein_coding	1	2	0.45117	own-gene 3'UTR verified vs GTF; audit only, not a published ranked list (20 disclosure 1, issue #99)
299194	22	37633563	37633564	+	ENSG00000100083	1	GGA1	protein_coding	2	2	0.34205	own-gene 3'UTR verified vs GTF; audit only, not a published ranked list (20 disclosure 1, issue #99)
299215	22	37678483	37679329	+	ENSG00000100097	1	LGALS1	protein_coding	8	3	0.54903	own-gene 3'UTR verified vs GTF; audit only, not a published ranked list (20 disclosure 1, issue #99)
299217	22	37679711	37679802	+	ENSG00000100097	1	LGALS1	protein_coding	2	4	0.14922	own-gene 3'UTR verified vs GTF; audit only, not a published ranked list (20 disclosure 1, issue #99)
299264	22	37830850	37831380	-	ENSG00000100124	1	ANKRD54	protein_coding	1	2	0.58752	own-gene 3'UTR verified vs GTF; audit only, not a published ranked list (20 disclosure 1, issue #99)
299414	22	38219290	38219690	-	ENSG00000198792	1	TMEM184B	protein_coding	4	3	0.70179	own-gene 3'UTR verified vs GTF; audit only, not a published ranked list (20 disclosure 1, issue #99)
299456	22	38296205	38296584	-	ENSG00000213923	2	CSNK1E	protein_coding	1	2	0.34363	own-gene 3'UTR verified vs GTF; audit only, not a published ranked list (20 disclosure 1, issue #99)
299522	22	38483437	38483438	-	ENSG00000100201	1	DDX17	protein_coding	13	7	0.52610	own-gene 3'UTR verified vs GTF; audit only, not a published ranked list (20 disclosure 1, issue #99)
299526	22	38485137	38486442	-	ENSG00000100201	1	DDX17	protein_coding	1	2	0.09387	own-gene 3'UTR verified vs GTF; audit only, not a published ranked list (20 disclosure 1, issue #99)
299604	22	38685542	38685626	-	ENSG00000100221	1	JOSD1	protein_coding	1	3	0.33734	own-gene 3'UTR verified vs GTF; audit only, not a published ranked list (20 disclosure 1, issue #99)
299656	22	38733189	38733593	+	ENSG00000100226	1	GTPBP1	protein_coding	1	3	0.27720	own-gene 3'UTR verified vs GTF; audit only, not a published ranked list (20 disclosure 1, issue #99)
299657	22	38734713	38734736	-	ENSG00000100242	1	SUN2	protein_coding	4	3	0.58881	own-gene 3'UTR verified vs GTF; audit only, not a published ranked list (20 disclosure 1, issue #99)
299861	22	39312881	39312888	-	ENSG00000100316	1	RPL3	protein_coding	1	2	0.17014	own-gene 3'UTR verified vs GTF; audit only, not a published ranked list (20 disclosure 1, issue #99)
300232	22	40335279	40335789	+	ENSG00000100354	1	TNRC6B	protein_coding	1	2	0.18859	own-gene 3'UTR verified vs GTF; audit only, not a published ranked list (20 disclosure 1, issue #99)
300465	22	40824440	40824840	-	ENSG00000100380	1	ST13	protein_coding	5	6	0.37256	own-gene 3'UTR verified vs GTF; audit only, not a published ranked list (20 disclosure 1, issue #99)
300466	22	40825137	40825328	-	ENSG00000100380	1	ST13	protein_coding	4	5	0.28135	own-gene 3'UTR verified vs GTF; audit only, not a published ranked list (20 disclosure 1, issue #99)
300467	22	40826006	40826273	-	ENSG00000100380	1	ST13	protein_coding	2	4	0.24512	own-gene 3'UTR verified vs GTF; audit only, not a published ranked list (20 disclosure 1, issue #99)
300468	22	40826461	40826590	-	ENSG00000100380	1	ST13	protein_coding	2	3	0.41216	own-gene 3'UTR verified vs GTF; audit only, not a published ranked list (20 disclosure 1, issue #99)
300477	22	40835219	40835860	-	ENSG00000100380	1	ST13	protein_coding	4	4	0.23866	own-gene 3'UTR verified vs GTF; audit only, not a published ranked list (20 disclosure 1, issue #99)
300650	22	41179631	41180103	+	ENSG00000100393	1	EP300	protein_coding	1	3	0.56268	own-gene 3'UTR verified vs GTF; audit only, not a published ranked list (20 disclosure 1, issue #99)
300787	22	41433478	41434394	-	ENSG00000183864	1	TOB2	protein_coding	4	3	0.43843	own-gene 3'UTR verified vs GTF; audit only, not a published ranked list (20 disclosure 1, issue #99)
300869	22	41528581	41528974	+	ENSG00000100412	1	ACO2	protein_coding	2	3	0.28563	own-gene 3'UTR verified vs GTF; audit only, not a published ranked list (20 disclosure 1, issue #99)
300898	22	41598027	41598403	-	ENSG00000100418	1	DESI1	protein_coding	1	2	0.31791	own-gene 3'UTR verified vs GTF; audit only, not a published ranked list (20 disclosure 1, issue #99)
300952	22	41664035	41664041	+	ENSG00000196419	1	XRCC6	protein_coding	1	2	0.15623	own-gene 3'UTR verified vs GTF; audit only, not a published ranked list (20 disclosure 1, issue #99)
300960	22	41673929	41674001	-	ENSG00000100138	1	SNU13	protein_coding	4	2	0.45654	own-gene 3'UTR verified vs GTF; audit only, not a published ranked list (20 disclosure 1, issue #99)
300962	22	41674812	41674813	-	ENSG00000100138	1	SNU13	protein_coding	3	3	0.28577	own-gene 3'UTR verified vs GTF; audit only, not a published ranked list (20 disclosure 1, issue #99)
301072	22	41906957	41907305	+	ENSG00000198911	1	SREBF2	protein_coding	2	5	0.35339	own-gene 3'UTR verified vs GTF; audit only, not a published ranked list (20 disclosure 1, issue #99)
301144	22	42079019	42079441	+	ENSG00000177096	1	PHETA2	protein_coding	4	3	0.37025	own-gene 3'UTR verified vs GTF; audit only, not a published ranked list (20 disclosure 1, issue #99)
301329	22	42512546	42512574	-	ENSG00000189306	1	RRP7A	protein_coding	4	3	0.40775	own-gene 3'UTR verified vs GTF; audit only, not a published ranked list (20 disclosure 1, issue #99)
301459	22	42796526	42796737	-	ENSG00000242247	1	ARFGAP3	protein_coding	1	2	0.36733	own-gene 3'UTR verified vs GTF; audit only, not a published ranked list (20 disclosure 1, issue #99)
301511	22	42869772	42870099	-	ENSG00000100266	1	PACSIN2	protein_coding	1	2	0.41366	own-gene 3'UTR verified vs GTF; audit only, not a published ranked list (20 disclosure 1, issue #99)
301783	22	44168686	44169123	+	ENSG00000188677	1	PARVB	protein_coding	1	2	0.47375	own-gene 3'UTR verified vs GTF; audit only, not a published ranked list (20 disclosure 1, issue #99)
301810	22	44206527	44206730	+	ENSG00000138964	1	PARVG	protein_coding	1	2	0.23127	own-gene 3'UTR verified vs GTF; audit only, not a published ranked list (20 disclosure 1, issue #99)
302061	22	45600662	45601135	+	ENSG00000077942	1	FBLN1	protein_coding	1	3	0.51147	own-gene 3'UTR verified vs GTF; audit only, not a published ranked list (20 disclosure 1, issue #99)
302134	22	45843797	45843990	+	ENSG00000130638	1	ATXN10	protein_coding	1	2	0.38984	own-gene 3'UTR verified vs GTF; audit only, not a published ranked list (20 disclosure 1, issue #99)
302388	22	46684408	46685064	-	ENSG00000100422	1	CERK	protein_coding	1	2	0.40693	own-gene 3'UTR verified vs GTF; audit only, not a published ranked list (20 disclosure 1, issue #99)
302560	22	47174082	47174093	+	ENSG00000054611	1	TBC1D22A	protein_coding	2	4	0.39885	own-gene 3'UTR verified vs GTF; audit only, not a published ranked list (20 disclosure 1, issue #99)
302716	22	49773282	49774038	-	ENSG00000100425	1	BRD1	protein_coding	1	2	0.47910	own-gene 3'UTR verified vs GTF; audit only, not a published ranked list (20 disclosure 1, issue #99)
302863	22	50198442	50198711	+	ENSG00000170638	1	TRABD	protein_coding	2	2	0.47825	own-gene 3'UTR verified vs GTF; audit only, not a published ranked list (20 disclosure 1, issue #99)
302979	22	50443905	50444391	+	ENSG00000100239	1	PPP6R2	protein_coding	2	2	0.36813	own-gene 3'UTR verified vs GTF; audit only, not a published ranked list (20 disclosure 1, issue #99)
303012	22	50523567	50523568	-	ENSG00000284194	1	SCO2	protein_coding	4	3	0.43114	own-gene 3'UTR verified vs GTF; audit only, not a published ranked list (20 disclosure 1, issue #99)
303671	3	4984943	4985050	+	ENSG00000134107	1	BHLHE40	protein_coding	3	2	0.58091	own-gene 3'UTR verified vs GTF; audit only, not a published ranked list (20 disclosure 1, issue #99)
303673	3	4985180	4985181	+	ENSG00000134107	1	BHLHE40	protein_coding	1	2	0.19055	own-gene 3'UTR verified vs GTF; audit only, not a published ranked list (20 disclosure 1, issue #99)
303756	3	5178677	5180088	+	ENSG00000134108	1	ARL8B	protein_coding	1	2	0.32898	own-gene 3'UTR verified vs GTF; audit only, not a published ranked list (20 disclosure 1, issue #99)
303758	3	5180742	5180751	+	ENSG00000134108	1	ARL8B	protein_coding	2	3	0.38974	own-gene 3'UTR verified vs GTF; audit only, not a published ranked list (20 disclosure 1, issue #99)
303789	3	5215907	5216184	+	ENSG00000134109	1	EDEM1	protein_coding	1	2	0.45376	own-gene 3'UTR verified vs GTF; audit only, not a published ranked list (20 disclosure 1, issue #99)
304138	3	9477822	9478146	+	ENSG00000168137	1	SETD5	protein_coding	1	3	0.37393	own-gene 3'UTR verified vs GTF; audit only, not a published ranked list (20 disclosure 1, issue #99)
304232	3	9806477	9806534	+	ENSG00000241553	2	ARPC4	protein_coding	2	3	0.34532	own-gene 3'UTR verified vs GTF; audit only, not a published ranked list (20 disclosure 1, issue #99)
304388	3	10126404	10126428	+	ENSG00000254999	1	BRK1	protein_coding	1	2	0.24780	own-gene 3'UTR verified vs GTF; audit only, not a published ranked list (20 disclosure 1, issue #99)
304389	3	10126578	10126667	+	ENSG00000254999	1	BRK1	protein_coding	1	2	0.32748	own-gene 3'UTR verified vs GTF; audit only, not a published ranked list (20 disclosure 1, issue #99)
304391	3	10127189	10127190	+	ENSG00000254999	1	BRK1	protein_coding	10	4	0.51875	own-gene 3'UTR verified vs GTF; audit only, not a published ranked list (20 disclosure 1, issue #99)
304734	3	11555079	11555083	+	ENSG00000197548	1	ATG7	protein_coding	2	2	0.38999	own-gene 3'UTR verified vs GTF; audit only, not a published ranked list (20 disclosure 1, issue #99)
304735	3	11556068	11556493	-	ENSG00000144560	1	VGLL4	protein_coding	1	2	0.38539	own-gene 3'UTR verified vs GTF; audit only, not a published ranked list (20 disclosure 1, issue #99)
304965	3	12433993	12434348	+	ENSG00000132170	1	PPARG	protein_coding	3	3	0.75892	own-gene 3'UTR verified vs GTF; audit only, not a published ranked list (20 disclosure 1, issue #99)
305028	3	12583600	12583702	-	ENSG00000132155	1	RAF1	protein_coding	1	2	0.46699	own-gene 3'UTR verified vs GTF; audit only, not a published ranked list (20 disclosure 1, issue #99)
305334	3	14488841	14489349	+	ENSG00000131389	1	SLC6A6	protein_coding	2	4	0.68058	own-gene 3'UTR verified vs GTF; audit only, not a published ranked list (20 disclosure 1, issue #99)
305480	3	15052207	15052302	-	ENSG00000131368	1	MRPS25	protein_coding	1	2	0.22673	own-gene 3'UTR verified vs GTF; audit only, not a published ranked list (20 disclosure 1, issue #99)
305763	3	15645372	15645822	+	ENSG00000169814	1	BTD	protein_coding	1	4	0.27871	own-gene 3'UTR verified vs GTF; audit only, not a published ranked list (20 disclosure 1, issue #99)
305935	3	16260335	16260389	-	ENSG00000154813	1	DPH3	protein_coding	1	2	0.20723	own-gene 3'UTR verified vs GTF; audit only, not a published ranked list (20 disclosure 1, issue #99)
305989	3	16315844	16316227	-	ENSG00000131378	1	RFTN1	protein_coding	5	3	0.64576	own-gene 3'UTR verified vs GTF; audit only, not a published ranked list (20 disclosure 1, issue #99)
306180	3	17157163	17157613	-	ENSG00000131374	1	TBC1D5	protein_coding	2	4	0.45284	own-gene 3'UTR verified vs GTF; audit only, not a published ranked list (20 disclosure 1, issue #99)
306647	3	19984896	19984933	+	ENSG00000144566	1	RAB5A	protein_coding	4	2	0.35926	own-gene 3'UTR verified vs GTF; audit only, not a published ranked list (20 disclosure 1, issue #99)
306648	3	19985170	19985247	+	ENSG00000144566	1	RAB5A	protein_coding	2	3	0.37822	own-gene 3'UTR verified vs GTF; audit only, not a published ranked list (20 disclosure 1, issue #99)
306743	3	20154010	20154788	+	ENSG00000114166	1	KAT2B	protein_coding	2	2	0.59685	own-gene 3'UTR verified vs GTF; audit only, not a published ranked list (20 disclosure 1, issue #99)
307058	3	23589901	23590675	+	ENSG00000182247	1	UBE2E2	protein_coding	2	3	0.40678	own-gene 3'UTR verified vs GTF; audit only, not a published ranked list (20 disclosure 1, issue #99)
307158	3	23920771	23920847	+	ENSG00000174748	1	RPL15	protein_coding	7	3	0.29061	own-gene 3'UTR verified vs GTF; audit only, not a published ranked list (20 disclosure 1, issue #99)
307330	3	25597983	25597989	-	ENSG00000077097	1	TOP2B	protein_coding	1	3	0.33708	own-gene 3'UTR verified vs GTF; audit only, not a published ranked list (20 disclosure 1, issue #99)
307372	3	25719060	25719581	-	ENSG00000151092	1	NGLY1	protein_coding	1	2	0.50105	own-gene 3'UTR verified vs GTF; audit only, not a published ranked list (20 disclosure 1, issue #99)
307667	3	28331689	28331690	-	ENSG00000163512	1	AZI2	protein_coding	1	2	0.26056	own-gene 3'UTR verified vs GTF; audit only, not a published ranked list (20 disclosure 1, issue #99)
307958	3	30693993	30694142	+	ENSG00000163513	1	TGFBR2	protein_coding	2	4	0.43527	own-gene 3'UTR verified vs GTF; audit only, not a published ranked list (20 disclosure 1, issue #99)
308033	3	31635988	31636412	+	ENSG00000163527	1	STT3B	protein_coding	1	2	0.30348	own-gene 3'UTR verified vs GTF; audit only, not a published ranked list (20 disclosure 1, issue #99)
308034	3	31637488	31637622	+	ENSG00000163527	1	STT3B	protein_coding	2	2	0.49425	own-gene 3'UTR verified vs GTF; audit only, not a published ranked list (20 disclosure 1, issue #99)
308286	3	32454833	32454847	+	ENSG00000153551	1	CMTM7	protein_coding	7	5	0.60818	own-gene 3'UTR verified vs GTF; audit only, not a published ranked list (20 disclosure 1, issue #99)
308308	3	32481311	32481837	-	ENSG00000091317	1	CMTM6	protein_coding	8	6	0.47110	own-gene 3'UTR verified vs GTF; audit only, not a published ranked list (20 disclosure 1, issue #99)
308677	3	33496983	33497497	-	ENSG00000163539	1	CLASP2	protein_coding	3	3	0.38736	own-gene 3'UTR verified vs GTF; audit only, not a published ranked list (20 disclosure 1, issue #99)
308838	3	33866781	33867009	+	ENSG00000170248	1	PDCD6IP	protein_coding	4	5	0.44409	own-gene 3'UTR verified vs GTF; audit only, not a published ranked list (20 disclosure 1, issue #99)
308841	3	33869138	33869703	+	ENSG00000170248	1	PDCD6IP	protein_coding	2	4	0.25365	own-gene 3'UTR verified vs GTF; audit only, not a published ranked list (20 disclosure 1, issue #99)
309040	3	36987863	36988286	-	ENSG00000178567	1	EPM2AIP1	protein_coding	2	2	0.19514	own-gene 3'UTR verified vs GTF; audit only, not a published ranked list (20 disclosure 1, issue #99)
309254	3	37366358	37366749	+	ENSG00000144674	1	GOLGA4	protein_coding	4	5	0.27636	own-gene 3'UTR verified vs GTF; audit only, not a published ranked list (20 disclosure 1, issue #99)
309449	3	38254835	38255488	+	ENSG00000172939	1	OXSR1	protein_coding	1	2	0.35453	own-gene 3'UTR verified vs GTF; audit only, not a published ranked list (20 disclosure 1, issue #99)
309647	3	39412390	39412542	+	ENSG00000168028	1	RPSA	protein_coding	1	2	0.06485	own-gene 3'UTR verified vs GTF; audit only, not a published ranked list (20 disclosure 1, issue #99)
309841	3	41240413	41240443	+	ENSG00000168036	1	CTNNB1	protein_coding	4	5	0.38227	own-gene 3'UTR verified vs GTF; audit only, not a published ranked list (20 disclosure 1, issue #99)
310115	3	42547966	42547969	-	ENSG00000093183	1	SEC22C	protein_coding	4	3	0.56813	own-gene 3'UTR verified vs GTF; audit only, not a published ranked list (20 disclosure 1, issue #99)
310118	3	42550755	42552061	-	ENSG00000093183	1	SEC22C	protein_coding	1	2	0.38878	own-gene 3'UTR verified vs GTF; audit only, not a published ranked list (20 disclosure 1, issue #99)
310195	3	42648223	42648741	+	ENSG00000114857	1	NKTR	protein_coding	3	4	0.41710	own-gene 3'UTR verified vs GTF; audit only, not a published ranked list (20 disclosure 1, issue #99)
310392	3	43718412	43718893	+	ENSG00000011198	1	ABHD5	protein_coding	5	3	0.58114	own-gene 3'UTR verified vs GTF; audit only, not a published ranked list (20 disclosure 1, issue #99)
310396	3	43720424	43722905	+	ENSG00000011198	1	ABHD5	protein_coding	1	3	0.40859	own-gene 3'UTR verified vs GTF; audit only, not a published ranked list (20 disclosure 1, issue #99)
310582	3	44748743	44749175	-	ENSG00000163807	1	KIAA1143	protein_coding	1	4	0.31038	own-gene 3'UTR verified vs GTF; audit only, not a published ranked list (20 disclosure 1, issue #99)
310640	3	45011467	45011473	+	ENSG00000075914	2	EXOSC7	protein_coding	4	3	0.79716	own-gene 3'UTR verified vs GTF; audit only, not a published ranked list (20 disclosure 1, issue #99)
310649	3	45082276	45082859	-	ENSG00000163814	1	CDCP1	protein_coding	1	3	0.60744	own-gene 3'UTR verified vs GTF; audit only, not a published ranked list (20 disclosure 1, issue #99)
310678	3	45110238	45110717	-	ENSG00000163814	1	CDCP1	protein_coding	1	3	0.68113	own-gene 3'UTR verified vs GTF; audit only, not a published ranked list (20 disclosure 1, issue #99)
310805	3	45680746	45681263	+	ENSG00000144791	1	LIMD1	protein_coding	2	3	0.65482	own-gene 3'UTR verified vs GTF; audit only, not a published ranked list (20 disclosure 1, issue #99)
311033	3	46921725	46921741	-	ENSG00000160799	1	CCDC12	protein_coding	4	4	0.43403	own-gene 3'UTR verified vs GTF; audit only, not a published ranked list (20 disclosure 1, issue #99)
311064	3	47009700	47009701	+	ENSG00000160796	1	NBEAL2	protein_coding	3	3	0.68673	own-gene 3'UTR verified vs GTF; audit only, not a published ranked list (20 disclosure 1, issue #99)
311292	3	47413708	47414006	-	ENSG00000114650	1	SCAP	protein_coding	1	3	0.43056	own-gene 3'UTR verified vs GTF; audit only, not a published ranked list (20 disclosure 1, issue #99)
311329	3	47585887	47586020	-	ENSG00000173473	1	SMARCC1	protein_coding	2	2	0.58547	own-gene 3'UTR verified vs GTF; audit only, not a published ranked list (20 disclosure 1, issue #99)
311697	3	48599001	48599002	-	ENSG00000010256	1	UQCRC1	protein_coding	5	3	0.36948	own-gene 3'UTR verified vs GTF; audit only, not a published ranked list (20 disclosure 1, issue #99)
311729	3	48688002	48688005	-	ENSG00000068745	1	IP6K2	protein_coding	2	2	0.63390	own-gene 3'UTR verified vs GTF; audit only, not a published ranked list (20 disclosure 1, issue #99)
311731	3	48692960	48694097	-	ENSG00000068745	1	IP6K2	protein_coding	5	4	0.60012	own-gene 3'UTR verified vs GTF; audit only, not a published ranked list (20 disclosure 1, issue #99)
311759	3	48746578	48746637	-	ENSG00000114302	1	PRKAR2A	protein_coding	4	2	0.35603	own-gene 3'UTR verified vs GTF; audit only, not a published ranked list (20 disclosure 1, issue #99)
311762	3	48747310	48747339	-	ENSG00000114302	1	PRKAR2A	protein_coding	1	2	0.24288	own-gene 3'UTR verified vs GTF; audit only, not a published ranked list (20 disclosure 1, issue #99)
311854	3	48856924	48857354	-	ENSG00000178537	1	SLC25A20	protein_coding	1	2	0.58031	own-gene 3'UTR verified vs GTF; audit only, not a published ranked list (20 disclosure 1, issue #99)
312087	3	49277535	49278363	-	ENSG00000114316	1	USP4	protein_coding	2	3	0.41348	own-gene 3'UTR verified vs GTF; audit only, not a published ranked list (20 disclosure 1, issue #99)
312137	3	49359144	49359145	-	ENSG00000067560	1	RHOA	protein_coding	13	6	0.45631	own-gene 3'UTR verified vs GTF; audit only, not a published ranked list (20 disclosure 1, issue #99)
312140	3	49359392	49359740	-	ENSG00000067560	1	RHOA	protein_coding	8	5	0.39269	own-gene 3'UTR verified vs GTF; audit only, not a published ranked list (20 disclosure 1, issue #99)
312141	3	49359912	49359913	-	ENSG00000067560	1	RHOA	protein_coding	4	2	0.53902	own-gene 3'UTR verified vs GTF; audit only, not a published ranked list (20 disclosure 1, issue #99)
312142	3	49360036	49360299	-	ENSG00000067560	1	RHOA	protein_coding	4	4	0.31891	own-gene 3'UTR verified vs GTF; audit only, not a published ranked list (20 disclosure 1, issue #99)
312272	3	49724293	49724890	-	ENSG00000176095	1	IP6K1	protein_coding	4	4	0.49194	own-gene 3'UTR verified vs GTF; audit only, not a published ranked list (20 disclosure 1, issue #99)
312444	3	50077005	50077249	+	ENSG00000004534	1	RBM6	protein_coding	4	3	0.31762	own-gene 3'UTR verified vs GTF; audit only, not a published ranked list (20 disclosure 1, issue #99)
312448	3	50091770	50092804	+	ENSG00000004534	2	RBM6	protein_coding	1	2	0.22319	own-gene 3'UTR verified vs GTF; audit only, not a published ranked list (20 disclosure 1, issue #99)
312520	3	50287731	50287755	-	ENSG00000214706	1	IFRD2	protein_coding	1	2	0.63829	own-gene 3'UTR verified vs GTF; audit only, not a published ranked list (20 disclosure 1, issue #99)
312541	3	50325960	50325993	-	ENSG00000114383	1	TUSC2	protein_coding	3	2	0.41322	own-gene 3'UTR verified vs GTF; audit only, not a published ranked list (20 disclosure 1, issue #99)
312572	3	50362798	50363364	-	ENSG00000007402	1	CACNA2D2	protein_coding	1	2	0.81845	own-gene 3'UTR verified vs GTF; audit only, not a published ranked list (20 disclosure 1, issue #99)
312833	3	51957453	51957460	-	ENSG00000090097	1	PCBP4	protein_coding	5	3	0.36966	own-gene 3'UTR verified vs GTF; audit only, not a published ranked list (20 disclosure 1, issue #99)
313003	3	52493065	52493068	+	ENSG00000010322	1	NISCH	protein_coding	3	3	0.57614	own-gene 3'UTR verified vs GTF; audit only, not a published ranked list (20 disclosure 1, issue #99)
313022	3	52545366	52546474	-	ENSG00000163939	1	PBRM1	protein_coding	3	3	0.47098	own-gene 3'UTR verified vs GTF; audit only, not a published ranked list (20 disclosure 1, issue #99)
313148	3	52694279	52694497	+	ENSG00000163938	1	GNL3	protein_coding	1	2	0.29053	own-gene 3'UTR verified vs GTF; audit only, not a published ranked list (20 disclosure 1, issue #99)
313383	3	53283422	53283853	-	ENSG00000272886	1	DCP1A	protein_coding	1	2	0.37231	own-gene 3'UTR verified vs GTF; audit only, not a published ranked list (20 disclosure 1, issue #99)
313514	3	53865101	53865795	+	ENSG00000056736	1	IL17RB	protein_coding	1	2	0.49978	own-gene 3'UTR verified vs GTF; audit only, not a published ranked list (20 disclosure 1, issue #99)
313527	3	53884409	53884417	-	ENSG00000113811	1	SELENOK	protein_coding	2	2	0.26478	own-gene 3'UTR verified vs GTF; audit only, not a published ranked list (20 disclosure 1, issue #99)
313528	3	53884621	53884628	-	ENSG00000113811	1	SELENOK	protein_coding	1	2	0.16844	own-gene 3'UTR verified vs GTF; audit only, not a published ranked list (20 disclosure 1, issue #99)
313731	3	56727419	56727420	-	ENSG00000163947	1	ARHGEF3	protein_coding	1	2	0.34467	own-gene 3'UTR verified vs GTF; audit only, not a published ranked list (20 disclosure 1, issue #99)
313984	3	57571362	57571493	-	ENSG00000168374	1	ARF4	protein_coding	4	2	0.27207	own-gene 3'UTR verified vs GTF; audit only, not a published ranked list (20 disclosure 1, issue #99)
313986	3	57571893	57572194	-	ENSG00000168374	1	ARF4	protein_coding	3	5	0.48759	own-gene 3'UTR verified vs GTF; audit only, not a published ranked list (20 disclosure 1, issue #99)
314184	3	57928690	57929172	+	ENSG00000163681	1	SLMAP	protein_coding	2	2	0.71726	own-gene 3'UTR verified vs GTF; audit only, not a published ranked list (20 disclosure 1, issue #99)
314273	3	58172250	58172251	+	ENSG00000136068	1	FLNB	protein_coding	1	2	0.45691	own-gene 3'UTR verified vs GTF; audit only, not a published ranked list (20 disclosure 1, issue #99)
315045	3	64000899	64002365	+	ENSG00000285258	2	ATXN7	protein_coding	2	2	0.40349	own-gene 3'UTR verified vs GTF; audit only, not a published ranked list (20 disclosure 1, issue #99)
315847	3	69019826	69020505	-	ENSG00000144747	1	TMF1	protein_coding	1	2	0.58495	own-gene 3'UTR verified vs GTF; audit only, not a published ranked list (20 disclosure 1, issue #99)
315849	3	69021655	69022961	-	ENSG00000144747	1	TMF1	protein_coding	2	3	0.38516	own-gene 3'UTR verified vs GTF; audit only, not a published ranked list (20 disclosure 1, issue #99)
315871	3	69054728	69054730	-	ENSG00000144744	1	UBA3	protein_coding	1	2	0.52262	own-gene 3'UTR verified vs GTF; audit only, not a published ranked list (20 disclosure 1, issue #99)
315908	3	69104829	69105036	+	ENSG00000144746	1	ARL6IP5	protein_coding	5	4	0.32965	own-gene 3'UTR verified vs GTF; audit only, not a published ranked list (20 disclosure 1, issue #99)
315909	3	69105218	69105399	+	ENSG00000144746	1	ARL6IP5	protein_coding	5	5	0.41394	own-gene 3'UTR verified vs GTF; audit only, not a published ranked list (20 disclosure 1, issue #99)
315911	3	69105614	69105842	+	ENSG00000144746	1	ARL6IP5	protein_coding	3	2	0.31522	own-gene 3'UTR verified vs GTF; audit only, not a published ranked list (20 disclosure 1, issue #99)
315912	3	69105949	69106066	+	ENSG00000144746	1	ARL6IP5	protein_coding	4	3	0.37351	own-gene 3'UTR verified vs GTF; audit only, not a published ranked list (20 disclosure 1, issue #99)
315927	3	69170094	69171358	-	ENSG00000114541	1	FRMD4B	protein_coding	2	4	0.64660	own-gene 3'UTR verified vs GTF; audit only, not a published ranked list (20 disclosure 1, issue #99)
316170	3	70955513	70957402	-	ENSG00000114861	1	FOXP1	protein_coding	2	2	0.42312	own-gene 3'UTR verified vs GTF; audit only, not a published ranked list (20 disclosure 1, issue #99)
316627	3	72377977	72378533	-	ENSG00000163602	1	RYBP	protein_coding	1	2	0.16843	own-gene 3'UTR verified vs GTF; audit only, not a published ranked list (20 disclosure 1, issue #99)
316764	3	73066624	73067193	+	ENSG00000163605	1	PPP4R2	protein_coding	3	3	0.33120	own-gene 3'UTR verified vs GTF; audit only, not a published ranked list (20 disclosure 1, issue #99)
316766	3	73068614	73069198	+	ENSG00000163605	1	PPP4R2	protein_coding	1	3	0.17853	own-gene 3'UTR verified vs GTF; audit only, not a published ranked list (20 disclosure 1, issue #99)
317366	3	88051949	88052475	-	ENSG00000163320	1	CGGBP1	protein_coding	5	5	0.40039	own-gene 3'UTR verified vs GTF; audit only, not a published ranked list (20 disclosure 1, issue #99)
317991	3	99847854	99848338	-	ENSG00000168386	1	FILIP1L	protein_coding	2	2	0.54569	own-gene 3'UTR verified vs GTF; audit only, not a published ranked list (20 disclosure 1, issue #99)
318128	3	100178599	100178603	+	ENSG00000184220	1	CMSS1	protein_coding	4	3	0.52255	own-gene 3'UTR verified vs GTF; audit only, not a published ranked list (20 disclosure 1, issue #99)
318376	3	101592730	101593031	+	ENSG00000081154	1	PCNP	protein_coding	1	2	0.23684	own-gene 3'UTR verified vs GTF; audit only, not a published ranked list (20 disclosure 1, issue #99)
318419	3	101681090	101681096	-	ENSG00000114391	1	RPL24	protein_coding	2	2	0.13912	own-gene 3'UTR verified vs GTF; audit only, not a published ranked list (20 disclosure 1, issue #99)
318519	3	101859489	101859541	+	ENSG00000144802	1	NFKBIZ	protein_coding	6	4	0.38374	own-gene 3'UTR verified vs GTF; audit only, not a published ranked list (20 disclosure 1, issue #99)
318524	3	101860818	101860871	+	ENSG00000144802	1	NFKBIZ	protein_coding	4	4	0.41534	own-gene 3'UTR verified vs GTF; audit only, not a published ranked list (20 disclosure 1, issue #99)
318525	3	101860974	101861079	+	ENSG00000144802	1	NFKBIZ	protein_coding	7	5	0.49609	own-gene 3'UTR verified vs GTF; audit only, not a published ranked list (20 disclosure 1, issue #99)
318817	3	105576060	105576223	+	ENSG00000170017	1	ALCAM	protein_coding	4	3	0.43621	own-gene 3'UTR verified vs GTF; audit only, not a published ranked list (20 disclosure 1, issue #99)
318820	3	105576897	105576911	+	ENSG00000170017	1	ALCAM	protein_coding	5	4	0.44556	own-gene 3'UTR verified vs GTF; audit only, not a published ranked list (20 disclosure 1, issue #99)
319173	3	107810614	107811339	+	ENSG00000114439	1	BBX	protein_coding	2	3	0.21660	own-gene 3'UTR verified vs GTF; audit only, not a published ranked list (20 disclosure 1, issue #99)
319194	3	108043036	108044015	-	ENSG00000196776	1	CD47	protein_coding	6	4	0.45351	own-gene 3'UTR verified vs GTF; audit only, not a published ranked list (20 disclosure 1, issue #99)
319197	3	108045336	108046757	-	ENSG00000196776	1	CD47	protein_coding	3	3	0.22436	own-gene 3'UTR verified vs GTF; audit only, not a published ranked list (20 disclosure 1, issue #99)
319200	3	108047064	108047197	-	ENSG00000196776	1	CD47	protein_coding	3	2	0.27016	own-gene 3'UTR verified vs GTF; audit only, not a published ranked list (20 disclosure 1, issue #99)
320023	3	113629057	113629578	+	ENSG00000072858	1	SIDT1	protein_coding	2	2	0.48091	own-gene 3'UTR verified vs GTF; audit only, not a published ranked list (20 disclosure 1, issue #99)
320153	3	113811516	113812056	+	ENSG00000114573	1	ATP6V1A	protein_coding	5	5	0.63546	own-gene 3'UTR verified vs GTF; audit only, not a published ranked list (20 disclosure 1, issue #99)
320252	3	114308007	114308402	+	ENSG00000181847	1	TIGIT	protein_coding	1	2	0.32484	own-gene 3'UTR verified vs GTF; audit only, not a published ranked list (20 disclosure 1, issue #99)
320265	3	114314499	114315250	-	ENSG00000181722	2	ZBTB20	protein_coding	1	3	0.22371	own-gene 3'UTR verified vs GTF; audit only, not a published ranked list (20 disclosure 1, issue #99)
320280	3	114333661	114334206	-	ENSG00000181722	1	ZBTB20	protein_coding	1	3	0.15128	own-gene 3'UTR verified vs GTF; audit only, not a published ranked list (20 disclosure 1, issue #99)
320737	3	115805355	115805814	-	ENSG00000185565	1	LSAMP	protein_coding	1	2	0.11658	own-gene 3'UTR verified vs GTF; audit only, not a published ranked list (20 disclosure 1, issue #99)
321852	3	119417306	119417722	+	ENSG00000031081	1	ARHGAP31	protein_coding	1	2	0.44535	own-gene 3'UTR verified vs GTF; audit only, not a published ranked list (20 disclosure 1, issue #99)
322359	3	121631398	121631527	-	ENSG00000180353	1	HCLS1	protein_coding	1	4	0.19668	own-gene 3'UTR verified vs GTF; audit only, not a published ranked list (20 disclosure 1, issue #99)
322382	3	121663200	121663636	-	ENSG00000173230	1	GOLGB1	protein_coding	2	3	0.20359	own-gene 3'UTR verified vs GTF; audit only, not a published ranked list (20 disclosure 1, issue #99)
322383	3	121664097	121664480	-	ENSG00000173230	1	GOLGB1	protein_coding	3	4	0.30388	own-gene 3'UTR verified vs GTF; audit only, not a published ranked list (20 disclosure 1, issue #99)
322589	3	122119813	122120299	+	ENSG00000114013	1	CD86	protein_coding	1	2	0.29367	own-gene 3'UTR verified vs GTF; audit only, not a published ranked list (20 disclosure 1, issue #99)
322677	3	122453505	122454195	-	ENSG00000114030	1	KPNA1	protein_coding	1	2	0.40514	own-gene 3'UTR verified vs GTF; audit only, not a published ranked list (20 disclosure 1, issue #99)
322840	3	122730644	122730674	+	ENSG00000173193	1	PARP14	protein_coding	4	3	0.42797	own-gene 3'UTR verified vs GTF; audit only, not a published ranked list (20 disclosure 1, issue #99)
322841	3	122730837	122730840	+	ENSG00000173193	1	PARP14	protein_coding	2	3	0.29686	own-gene 3'UTR verified vs GTF; audit only, not a published ranked list (20 disclosure 1, issue #99)
322917	3	122879359	122880144	+	ENSG00000138463	1	SLC49A4	protein_coding	2	3	0.74602	own-gene 3'UTR verified vs GTF; audit only, not a published ranked list (20 disclosure 1, issue #99)
322941	3	123161855	123162104	+	ENSG00000065485	2	PDIA5	protein_coding	3	2	0.65709	own-gene 3'UTR verified vs GTF; audit only, not a published ranked list (20 disclosure 1, issue #99)
323687	3	127689063	127689066	-	ENSG00000074416	1	MGLL	protein_coding	1	3	0.39184	own-gene 3'UTR verified vs GTF; audit only, not a published ranked list (20 disclosure 1, issue #99)
323762	3	128069572	128070114	+	ENSG00000058262	1	SEC61A1	protein_coding	4	5	0.53447	own-gene 3'UTR verified vs GTF; audit only, not a published ranked list (20 disclosure 1, issue #99)
323764	3	128071678	128071683	+	ENSG00000058262	1	SEC61A1	protein_coding	1	4	0.26919	own-gene 3'UTR verified vs GTF; audit only, not a published ranked list (20 disclosure 1, issue #99)
323980	3	128813465	128813551	+	ENSG00000075785	1	RAB7A	protein_coding	1	2	0.32476	own-gene 3'UTR verified vs GTF; audit only, not a published ranked list (20 disclosure 1, issue #99)
323981	3	128813803	128813804	+	ENSG00000075785	1	RAB7A	protein_coding	2	2	0.47660	own-gene 3'UTR verified vs GTF; audit only, not a published ranked list (20 disclosure 1, issue #99)
323982	3	128814053	128814194	+	ENSG00000075785	1	RAB7A	protein_coding	7	6	0.50810	own-gene 3'UTR verified vs GTF; audit only, not a published ranked list (20 disclosure 1, issue #99)
323983	3	128814333	128814470	+	ENSG00000075785	1	RAB7A	protein_coding	6	6	0.43985	own-gene 3'UTR verified vs GTF; audit only, not a published ranked list (20 disclosure 1, issue #99)
323984	3	128814796	128814797	+	ENSG00000075785	1	RAB7A	protein_coding	9	5	0.43642	own-gene 3'UTR verified vs GTF; audit only, not a published ranked list (20 disclosure 1, issue #99)
324115	3	129170177	129170443	-	ENSG00000169714	1	CNBP	protein_coding	1	3	0.21789	own-gene 3'UTR verified vs GTF; audit only, not a published ranked list (20 disclosure 1, issue #99)
324166	3	129277390	129277773	+	ENSG00000181789	1	COPG1	protein_coding	8	5	0.68953	own-gene 3'UTR verified vs GTF; audit only, not a published ranked list (20 disclosure 1, issue #99)
324566	3	131001321	131002239	+	ENSG00000017260	1	ATP2C1	protein_coding	5	3	0.55010	own-gene 3'UTR verified vs GTF; audit only, not a published ranked list (20 disclosure 1, issue #99)
324568	3	131002757	131003153	+	ENSG00000017260	1	ATP2C1	protein_coding	1	2	0.15703	own-gene 3'UTR verified vs GTF; audit only, not a published ranked list (20 disclosure 1, issue #99)
324580	3	131016124	131016712	+	ENSG00000017260	1	ATP2C1	protein_coding	1	2	0.27944	own-gene 3'UTR verified vs GTF; audit only, not a published ranked list (20 disclosure 1, issue #99)
324672	3	131388490	131388825	+	ENSG00000198585	1	NUDT16	protein_coding	1	2	0.19749	own-gene 3'UTR verified vs GTF; audit only, not a published ranked list (20 disclosure 1, issue #99)
325048	3	133819650	133819989	+	ENSG00000144867	1	SRPRB	protein_coding	1	3	0.36166	own-gene 3'UTR verified vs GTF; audit only, not a published ranked list (20 disclosure 1, issue #99)
325270	3	136148878	136149847	-	ENSG00000174579	1	MSL2	protein_coding	1	2	0.51932	own-gene 3'UTR verified vs GTF; audit only, not a published ranked list (20 disclosure 1, issue #99)
325689	3	136949058	136949126	+	ENSG00000158092	2	NCK1	protein_coding	2	2	0.33045	own-gene 3'UTR verified vs GTF; audit only, not a published ranked list (20 disclosure 1, issue #99)
326106	3	139357459	139357689	-	ENSG00000184432	1	COPB2	protein_coding	3	3	0.55789	own-gene 3'UTR verified vs GTF; audit only, not a published ranked list (20 disclosure 1, issue #99)
326195	3	140979574	140979943	+	ENSG00000114120	1	SLC25A36	protein_coding	1	2	0.36945	own-gene 3'UTR verified vs GTF; audit only, not a published ranked list (20 disclosure 1, issue #99)
326281	3	141447567	141448778	+	ENSG00000177311	1	ZBTB38	protein_coding	1	4	0.34432	own-gene 3'UTR verified vs GTF; audit only, not a published ranked list (20 disclosure 1, issue #99)
326489	3	141906911	141907871	+	ENSG00000069849	1	ATP1B3	protein_coding	1	2	0.10845	own-gene 3'UTR verified vs GTF; audit only, not a published ranked list (20 disclosure 1, issue #99)
326519	3	141925595	141925729	+	ENSG00000069849	1	ATP1B3	protein_coding	2	2	0.33395	own-gene 3'UTR verified vs GTF; audit only, not a published ranked list (20 disclosure 1, issue #99)
326521	3	141926070	141926200	+	ENSG00000069849	1	ATP1B3	protein_coding	9	6	0.43267	own-gene 3'UTR verified vs GTF; audit only, not a published ranked list (20 disclosure 1, issue #99)
326524	3	141926518	141926552	+	ENSG00000069849	1	ATP1B3	protein_coding	3	4	0.26891	own-gene 3'UTR verified vs GTF; audit only, not a published ranked list (20 disclosure 1, issue #99)
327434	3	146515177	146515250	-	ENSG00000188313	1	PLSCR1	protein_coding	2	2	0.39786	own-gene 3'UTR verified vs GTF; audit only, not a published ranked list (20 disclosure 1, issue #99)
327674	3	149369373	149369673	-	ENSG00000169908	1	TM4SF1	protein_coding	4	3	0.83333	own-gene 3'UTR verified vs GTF; audit only, not a published ranked list (20 disclosure 1, issue #99)
327702	3	149517234	149517821	-	ENSG00000018408	1	WWTR1	protein_coding	1	2	0.67686	own-gene 3'UTR verified vs GTF; audit only, not a published ranked list (20 disclosure 1, issue #99)
327704	3	149520244	149520918	-	ENSG00000018408	1	WWTR1	protein_coding	2	3	0.72893	own-gene 3'UTR verified vs GTF; audit only, not a published ranked list (20 disclosure 1, issue #99)
327878	3	149962123	149962128	+	ENSG00000082996	1	RNF13	protein_coding	1	2	0.32656	own-gene 3'UTR verified vs GTF; audit only, not a published ranked list (20 disclosure 1, issue #99)
327972	3	150459776	150460119	+	ENSG00000196428	1	TSC22D2	protein_coding	2	2	0.27527	own-gene 3'UTR verified vs GTF; audit only, not a published ranked list (20 disclosure 1, issue #99)
328021	3	150541992	150542046	-	ENSG00000120742	1	SERP1	protein_coding	6	6	0.17895	own-gene 3'UTR verified vs GTF; audit only, not a published ranked list (20 disclosure 1, issue #99)
328022	3	150542177	150542178	-	ENSG00000120742	1	SERP1	protein_coding	9	4	0.32113	own-gene 3'UTR verified vs GTF; audit only, not a published ranked list (20 disclosure 1, issue #99)
328023	3	150542494	150542649	-	ENSG00000120742	1	SERP1	protein_coding	10	6	0.37788	own-gene 3'UTR verified vs GTF; audit only, not a published ranked list (20 disclosure 1, issue #99)
328093	3	150630432	150630447	+	ENSG00000198843	1	SELENOT	protein_coding	2	2	0.17024	own-gene 3'UTR verified vs GTF; audit only, not a published ranked list (20 disclosure 1, issue #99)
328505	3	152465209	152465221	+	ENSG00000152601	1	MBNL1	protein_coding	1	2	0.24392	own-gene 3'UTR verified vs GTF; audit only, not a published ranked list (20 disclosure 1, issue #99)
328506	3	152465723	152465780	+	ENSG00000152601	1	MBNL1	protein_coding	7	6	0.41827	own-gene 3'UTR verified vs GTF; audit only, not a published ranked list (20 disclosure 1, issue #99)
329017	3	156540067	156540514	-	ENSG00000114850	1	SSR3	protein_coding	4	4	0.29636	own-gene 3'UTR verified vs GTF; audit only, not a published ranked list (20 disclosure 1, issue #99)
329021	3	156541308	156542134	-	ENSG00000114850	1	SSR3	protein_coding	3	5	0.39092	own-gene 3'UTR verified vs GTF; audit only, not a published ranked list (20 disclosure 1, issue #99)
329024	3	156542662	156542755	-	ENSG00000114850	1	SSR3	protein_coding	1	2	0.21183	own-gene 3'UTR verified vs GTF; audit only, not a published ranked list (20 disclosure 1, issue #99)
329025	3	156542895	156543083	-	ENSG00000114850	1	SSR3	protein_coding	3	2	0.32006	own-gene 3'UTR verified vs GTF; audit only, not a published ranked list (20 disclosure 1, issue #99)
329061	3	156706691	156706770	+	ENSG00000163659	1	TIPARP	protein_coding	2	4	0.37292	own-gene 3'UTR verified vs GTF; audit only, not a published ranked list (20 disclosure 1, issue #99)
329197	3	157147654	157148153	-	ENSG00000163660	1	CCNL1	protein_coding	5	5	0.38961	own-gene 3'UTR verified vs GTF; audit only, not a published ranked list (20 disclosure 1, issue #99)
329199	3	157149485	157151294	-	ENSG00000163660	1	CCNL1	protein_coding	2	2	0.24468	own-gene 3'UTR verified vs GTF; audit only, not a published ranked list (20 disclosure 1, issue #99)
329394	3	158606014	158606473	+	ENSG00000178053	1	MLF1	protein_coding	1	2	0.52909	own-gene 3'UTR verified vs GTF; audit only, not a published ranked list (20 disclosure 1, issue #99)
329467	3	158829127	158829130	+	ENSG00000118855	1	MFSD1	protein_coding	1	2	0.40986	own-gene 3'UTR verified vs GTF; audit only, not a published ranked list (20 disclosure 1, issue #99)
329468	3	158829276	158829417	+	ENSG00000118855	1	MFSD1	protein_coding	1	2	0.31978	own-gene 3'UTR verified vs GTF; audit only, not a published ranked list (20 disclosure 1, issue #99)
329632	3	160434600	160434962	+	ENSG00000113810	1	SMC4	protein_coding	1	3	0.45735	own-gene 3'UTR verified vs GTF; audit only, not a published ranked list (20 disclosure 1, issue #99)
329659	3	160500159	160500582	-	ENSG00000186432	1	KPNA4	protein_coding	2	2	0.37574	own-gene 3'UTR verified vs GTF; audit only, not a published ranked list (20 disclosure 1, issue #99)
330330	3	169083506	169083941	-	ENSG00000085276	1	MECOM	protein_coding	9	5	0.18806	own-gene 3'UTR verified vs GTF; audit only, not a published ranked list (20 disclosure 1, issue #99)
330635	3	169982492	169983066	+	ENSG00000008952	1	SEC62	protein_coding	2	2	0.33890	own-gene 3'UTR verified vs GTF; audit only, not a published ranked list (20 disclosure 1, issue #99)
330642	3	169993824	169993825	+	ENSG00000008952	1	SEC62	protein_coding	2	2	0.22659	own-gene 3'UTR verified vs GTF; audit only, not a published ranked list (20 disclosure 1, issue #99)
330644	3	169994177	169994183	+	ENSG00000008952	1	SEC62	protein_coding	3	4	0.23272	own-gene 3'UTR verified vs GTF; audit only, not a published ranked list (20 disclosure 1, issue #99)
330647	3	169995709	169996496	+	ENSG00000008952	1	SEC62	protein_coding	2	3	0.19636	own-gene 3'UTR verified vs GTF; audit only, not a published ranked list (20 disclosure 1, issue #99)
330648	3	169997897	169998373	+	ENSG00000008952	1	SEC62	protein_coding	1	2	0.09209	own-gene 3'UTR verified vs GTF; audit only, not a published ranked list (20 disclosure 1, issue #99)
330705	3	170084272	170085494	+	ENSG00000173890	1	GPR160	protein_coding	4	4	0.86318	own-gene 3'UTR verified vs GTF; audit only, not a published ranked list (20 disclosure 1, issue #99)
330710	3	170087583	170088039	-	ENSG00000173889	1	PHC3	protein_coding	1	2	0.25770	own-gene 3'UTR verified vs GTF; audit only, not a published ranked list (20 disclosure 1, issue #99)
330887	3	170392756	170393162	+	ENSG00000136603	1	SKIL	protein_coding	2	3	0.17735	own-gene 3'UTR verified vs GTF; audit only, not a published ranked list (20 disclosure 1, issue #99)
330894	3	170396370	170397075	+	ENSG00000136603	1	SKIL	protein_coding	5	3	0.38966	own-gene 3'UTR verified vs GTF; audit only, not a published ranked list (20 disclosure 1, issue #99)
331350	3	172186910	172187311	+	ENSG00000075420	1	FNDC3B	protein_coding	6	3	0.36438	own-gene 3'UTR verified vs GTF; audit only, not a published ranked list (20 disclosure 1, issue #99)
331462	3	172397202	172397702	+	ENSG00000075420	1	FNDC3B	protein_coding	2	2	0.28700	own-gene 3'UTR verified vs GTF; audit only, not a published ranked list (20 disclosure 1, issue #99)
331465	3	172398184	172398779	+	ENSG00000075420	1	FNDC3B	protein_coding	1	3	0.24526	own-gene 3'UTR verified vs GTF; audit only, not a published ranked list (20 disclosure 1, issue #99)
331467	3	172399895	172400703	+	ENSG00000075420	1	FNDC3B	protein_coding	6	4	0.40141	own-gene 3'UTR verified vs GTF; audit only, not a published ranked list (20 disclosure 1, issue #99)
331491	3	172505673	172505726	-	ENSG00000121858	1	TNFSF10	protein_coding	1	2	0.32558	own-gene 3'UTR verified vs GTF; audit only, not a published ranked list (20 disclosure 1, issue #99)
331523	3	172630644	172631737	-	ENSG00000144959	1	NCEH1	protein_coding	2	3	0.46544	own-gene 3'UTR verified vs GTF; audit only, not a published ranked list (20 disclosure 1, issue #99)
332329	3	179624098	179624133	+	ENSG00000136521	1	NDUFB5	protein_coding	1	2	0.21893	own-gene 3'UTR verified vs GTF; audit only, not a published ranked list (20 disclosure 1, issue #99)
332411	3	180609722	180611137	+	ENSG00000163728	1	TTC14	protein_coding	2	2	0.38566	own-gene 3'UTR verified vs GTF; audit only, not a published ranked list (20 disclosure 1, issue #99)
332639	3	182921237	182921654	+	ENSG00000058063	1	ATP11B	protein_coding	2	2	0.20328	own-gene 3'UTR verified vs GTF; audit only, not a published ranked list (20 disclosure 1, issue #99)
332804	3	183273285	183273391	+	ENSG00000176597	1	B3GNT5	protein_coding	3	3	0.56373	own-gene 3'UTR verified vs GTF; audit only, not a published ranked list (20 disclosure 1, issue #99)
333001	3	183684062	183684656	+	ENSG00000114796	1	KLHL24	protein_coding	5	3	0.44505	own-gene 3'UTR verified vs GTF; audit only, not a published ranked list (20 disclosure 1, issue #99)
333436	3	185482437	185482927	+	ENSG00000073803	1	MAP3K13	protein_coding	3	3	0.23702	own-gene 3'UTR verified vs GTF; audit only, not a published ranked list (20 disclosure 1, issue #99)
333623	3	185916743	185916809	-	ENSG00000136527	1	TRA2B	protein_coding	3	3	0.35181	own-gene 3'UTR verified vs GTF; audit only, not a published ranked list (20 disclosure 1, issue #99)
333625	3	185917038	185917126	-	ENSG00000136527	1	TRA2B	protein_coding	3	2	0.38098	own-gene 3'UTR verified vs GTF; audit only, not a published ranked list (20 disclosure 1, issue #99)
333638	3	185931539	185932211	-	ENSG00000136527	1	TRA2B	protein_coding	4	3	0.45711	own-gene 3'UTR verified vs GTF; audit only, not a published ranked list (20 disclosure 1, issue #99)
333891	3	187078117	187078553	+	ENSG00000073849	1	ST6GAL1	protein_coding	1	2	0.39506	own-gene 3'UTR verified vs GTF; audit only, not a published ranked list (20 disclosure 1, issue #99)
333939	3	187721380	187721381	-	ENSG00000113916	1	BCL6	protein_coding	4	3	0.52317	own-gene 3'UTR verified vs GTF; audit only, not a published ranked list (20 disclosure 1, issue #99)
334315	3	188890222	188890671	+	ENSG00000145012	1	LPP	protein_coding	2	3	0.33756	own-gene 3'UTR verified vs GTF; audit only, not a published ranked list (20 disclosure 1, issue #99)
335265	3	195274735	195275094	-	ENSG00000114331	1	ACAP2	protein_coding	1	2	0.42362	own-gene 3'UTR verified vs GTF; audit only, not a published ranked list (20 disclosure 1, issue #99)
335386	3	195516247	195516497	-	ENSG00000184203	1	PPP1R2	protein_coding	3	4	0.44917	own-gene 3'UTR verified vs GTF; audit only, not a published ranked list (20 disclosure 1, issue #99)
335402	3	195527838	195528416	-	ENSG00000184203	1	PPP1R2	protein_coding	1	2	0.11323	own-gene 3'UTR verified vs GTF; audit only, not a published ranked list (20 disclosure 1, issue #99)
335671	3	196049283	196049371	-	ENSG00000072274	1	TFRC	protein_coding	6	5	0.63435	own-gene 3'UTR verified vs GTF; audit only, not a published ranked list (20 disclosure 1, issue #99)
335739	3	196234366	196235088	-	ENSG00000161217	1	PCYT1A	protein_coding	2	3	0.50067	own-gene 3'UTR verified vs GTF; audit only, not a published ranked list (20 disclosure 1, issue #99)
336073	3	196829495	196830860	+	ENSG00000180370	1	PAK2	protein_coding	2	3	0.35723	own-gene 3'UTR verified vs GTF; audit only, not a published ranked list (20 disclosure 1, issue #99)
336139	3	196936313	196937104	-	ENSG00000114503	1	NCBP2	protein_coding	4	2	0.40140	own-gene 3'UTR verified vs GTF; audit only, not a published ranked list (20 disclosure 1, issue #99)
336335	3	197671977	197672516	-	ENSG00000145016	1	RUBCN	protein_coding	1	2	0.53690	own-gene 3'UTR verified vs GTF; audit only, not a published ranked list (20 disclosure 1, issue #99)
336486	3	197889064	197889425	-	ENSG00000114473	1	IQCG	protein_coding	5	4	0.67684	own-gene 3'UTR verified vs GTF; audit only, not a published ranked list (20 disclosure 1, issue #99)
336536	3	197955850	197955851	+	ENSG00000182899	1	RPL35A	protein_coding	5	3	0.22786	own-gene 3'UTR verified vs GTF; audit only, not a published ranked list (20 disclosure 1, issue #99)
336742	4	439955	440472	-	ENSG00000182903	2	ZNF721	protein_coding	1	2	0.26336	own-gene 3'UTR verified vs GTF; audit only, not a published ranked list (20 disclosure 1, issue #99)
336991	4	1166931	1167248	-	ENSG00000159674	1	SPON2	protein_coding	5	5	0.94466	own-gene 3'UTR verified vs GTF; audit only, not a published ranked list (20 disclosure 1, issue #99)
337906	4	4267586	4267945	-	ENSG00000145220	1	LYAR	protein_coding	1	2	0.25162	own-gene 3'UTR verified vs GTF; audit only, not a published ranked list (20 disclosure 1, issue #99)
338337	4	7060685	7060819	-	ENSG00000109519	1	GRPEL1	protein_coding	2	3	0.36587	own-gene 3'UTR verified vs GTF; audit only, not a published ranked list (20 disclosure 1, issue #99)
338748	4	10074338	10074511	-	ENSG00000071127	1	WDR1	protein_coding	4	3	0.50787	own-gene 3'UTR verified vs GTF; audit only, not a published ranked list (20 disclosure 1, issue #99)
339418	4	15848635	15849481	+	ENSG00000004468	1	CD38	protein_coding	1	2	0.44143	own-gene 3'UTR verified vs GTF; audit only, not a published ranked list (20 disclosure 1, issue #99)
339430	4	15960239	15960510	-	ENSG00000137441	1	FGFBP2	protein_coding	3	2	0.85417	own-gene 3'UTR verified vs GTF; audit only, not a published ranked list (20 disclosure 1, issue #99)
340381	4	25747422	25747854	-	ENSG00000091490	1	SEL1L3	protein_coding	1	2	0.29244	own-gene 3'UTR verified vs GTF; audit only, not a published ranked list (20 disclosure 1, issue #99)
340382	4	25748297	25748520	-	ENSG00000091490	1	SEL1L3	protein_coding	3	2	0.44460	own-gene 3'UTR verified vs GTF; audit only, not a published ranked list (20 disclosure 1, issue #99)
340726	4	26430678	26431361	+	ENSG00000168214	1	RBPJ	protein_coding	1	2	0.17385	own-gene 3'UTR verified vs GTF; audit only, not a published ranked list (20 disclosure 1, issue #99)
340733	4	26434431	26435018	+	ENSG00000168214	1	RBPJ	protein_coding	3	3	0.32821	own-gene 3'UTR verified vs GTF; audit only, not a published ranked list (20 disclosure 1, issue #99)
341287	4	37591178	37592394	+	ENSG00000154274	1	C4orf19	protein_coding	1	2	0.75594	own-gene 3'UTR verified vs GTF; audit only, not a published ranked list (20 disclosure 1, issue #99)
341299	4	37610633	37610968	-	ENSG00000181826	1	RELL1	protein_coding	2	2	0.62751	own-gene 3'UTR verified vs GTF; audit only, not a published ranked list (20 disclosure 1, issue #99)
341384	4	37952104	37952832	+	ENSG00000065882	1	TBC1D1	protein_coding	3	3	0.61396	own-gene 3'UTR verified vs GTF; audit only, not a published ranked list (20 disclosure 1, issue #99)
341440	4	38137250	38137624	+	ENSG00000065882	1	TBC1D1	protein_coding	5	3	0.59035	own-gene 3'UTR verified vs GTF; audit only, not a published ranked list (20 disclosure 1, issue #99)
341513	4	38700038	38701042	+	ENSG00000109787	1	KLF3	protein_coding	1	5	0.28618	own-gene 3'UTR verified vs GTF; audit only, not a published ranked list (20 disclosure 1, issue #99)
341730	4	39287454	39287872	-	ENSG00000035928	1	RFC1	protein_coding	1	2	0.44763	own-gene 3'UTR verified vs GTF; audit only, not a published ranked list (20 disclosure 1, issue #99)
341842	4	39547295	39547639	-	ENSG00000163683	1	SMIM14	protein_coding	6	3	0.67022	own-gene 3'UTR verified vs GTF; audit only, not a published ranked list (20 disclosure 1, issue #99)
341850	4	39551417	39551560	-	ENSG00000163683	1	SMIM14	protein_coding	1	2	0.29316	own-gene 3'UTR verified vs GTF; audit only, not a published ranked list (20 disclosure 1, issue #99)
341999	4	39778583	39778704	+	ENSG00000078140	1	UBE2K	protein_coding	3	2	0.34788	own-gene 3'UTR verified vs GTF; audit only, not a published ranked list (20 disclosure 1, issue #99)
342002	4	39782063	39782792	+	ENSG00000078140	1	UBE2K	protein_coding	4	4	0.22539	own-gene 3'UTR verified vs GTF; audit only, not a published ranked list (20 disclosure 1, issue #99)
342023	4	39822862	39823303	-	ENSG00000121892	1	PDS5A	protein_coding	2	4	0.23803	own-gene 3'UTR verified vs GTF; audit only, not a published ranked list (20 disclosure 1, issue #99)
342024	4	39824316	39824677	-	ENSG00000121892	1	PDS5A	protein_coding	2	4	0.33460	own-gene 3'UTR verified vs GTF; audit only, not a published ranked list (20 disclosure 1, issue #99)
342081	4	39907680	39908427	-	ENSG00000121892	1	PDS5A	protein_coding	1	2	0.11377	own-gene 3'UTR verified vs GTF; audit only, not a published ranked list (20 disclosure 1, issue #99)
342326	4	40423266	40423280	-	ENSG00000163694	1	RBM47	protein_coding	2	2	0.46467	own-gene 3'UTR verified vs GTF; audit only, not a published ranked list (20 disclosure 1, issue #99)
342559	4	40809576	40809985	+	ENSG00000179299	1	NSUN7	protein_coding	1	2	0.35949	own-gene 3'UTR verified vs GTF; audit only, not a published ranked list (20 disclosure 1, issue #99)
343021	4	42408372	42408769	-	ENSG00000124406	1	ATP8A1	protein_coding	3	4	0.49270	own-gene 3'UTR verified vs GTF; audit only, not a published ranked list (20 disclosure 1, issue #99)
343508	4	48497344	48498925	-	ENSG00000075539	1	FRYL	protein_coding	2	3	0.35666	own-gene 3'UTR verified vs GTF; audit only, not a published ranked list (20 disclosure 1, issue #99)
343672	4	48861046	48861248	+	ENSG00000109180	1	OCIAD1	protein_coding	2	2	0.16426	own-gene 3'UTR verified vs GTF; audit only, not a published ranked list (20 disclosure 1, issue #99)
344055	4	54009788	54009996	-	ENSG00000109220	1	CHIC2	protein_coding	2	2	0.31227	own-gene 3'UTR verified vs GTF; audit only, not a published ranked list (20 disclosure 1, issue #99)
344225	4	55425543	55425640	+	ENSG00000134851	1	TMEM165	protein_coding	1	2	0.19533	own-gene 3'UTR verified vs GTF; audit only, not a published ranked list (20 disclosure 1, issue #99)
344226	4	55425949	55426175	+	ENSG00000134851	1	TMEM165	protein_coding	9	6	0.54660	own-gene 3'UTR verified vs GTF; audit only, not a published ranked list (20 disclosure 1, issue #99)
344506	4	56502641	56503107	+	ENSG00000174780	1	SRP72	protein_coding	2	3	0.59893	own-gene 3'UTR verified vs GTF; audit only, not a published ranked list (20 disclosure 1, issue #99)
344550	4	56648488	56648567	-	ENSG00000171476	1	HOPX	protein_coding	3	3	0.54004	own-gene 3'UTR verified vs GTF; audit only, not a published ranked list (20 disclosure 1, issue #99)
344599	4	56929869	56930605	+	ENSG00000084093	1	REST	protein_coding	1	2	0.43002	own-gene 3'UTR verified vs GTF; audit only, not a published ranked list (20 disclosure 1, issue #99)
344605	4	56935425	56936029	+	ENSG00000084093	1	REST	protein_coding	3	3	0.43567	own-gene 3'UTR verified vs GTF; audit only, not a published ranked list (20 disclosure 1, issue #99)
344677	4	57030772	57030775	-	ENSG00000163453	1	IGFBP7	protein_coding	4	3	0.38611	own-gene 3'UTR verified vs GTF; audit only, not a published ranked list (20 disclosure 1, issue #99)
344679	4	57030993	57031258	+	ENSG00000047315	1	POLR2B	protein_coding	2	2	0.51609	own-gene 3'UTR verified vs GTF; audit only, not a published ranked list (20 disclosure 1, issue #99)
344682	4	57032394	57032559	-	ENSG00000163453	1	IGFBP7	protein_coding	6	2	0.74643	own-gene 3'UTR verified vs GTF; audit only, not a published ranked list (20 disclosure 1, issue #99)
345037	4	67616801	67617955	-	ENSG00000033178	1	UBA6	protein_coding	3	2	0.56080	own-gene 3'UTR verified vs GTF; audit only, not a published ranked list (20 disclosure 1, issue #99)
345136	4	68313317	68313325	-	ENSG00000083896	1	YTHDC1	protein_coding	2	4	0.35124	own-gene 3'UTR verified vs GTF; audit only, not a published ranked list (20 disclosure 1, issue #99)
345407	4	70987562	70988168	+	ENSG00000173542	1	MOB1B	protein_coding	2	2	0.75906	own-gene 3'UTR verified vs GTF; audit only, not a published ranked list (20 disclosure 1, issue #99)
345816	4	74097137	74097341	-	ENSG00000081041	1	CXCL2	protein_coding	1	2	0.31851	own-gene 3'UTR verified vs GTF; audit only, not a published ranked list (20 disclosure 1, issue #99)
345961	4	74454838	74455005	+	ENSG00000109321	1	AREG	protein_coding	2	2	0.39221	own-gene 3'UTR verified vs GTF; audit only, not a published ranked list (20 disclosure 1, issue #99)
346046	4	75046257	75046355	+	ENSG00000169116	1	PARM1	protein_coding	1	2	0.48159	own-gene 3'UTR verified vs GTF; audit only, not a published ranked list (20 disclosure 1, issue #99)
346052	4	75049620	75050113	+	ENSG00000169116	1	PARM1	protein_coding	1	3	0.58124	own-gene 3'UTR verified vs GTF; audit only, not a published ranked list (20 disclosure 1, issue #99)
346154	4	75642785	75642789	-	ENSG00000138757	1	G3BP2	protein_coding	6	5	0.48601	own-gene 3'UTR verified vs GTF; audit only, not a published ranked list (20 disclosure 1, issue #99)
346269	4	75814141	75814286	+	ENSG00000138768	1	USO1	protein_coding	1	3	0.37491	own-gene 3'UTR verified vs GTF; audit only, not a published ranked list (20 disclosure 1, issue #99)
346282	4	75913659	75913703	-	ENSG00000138744	1	NAAA	protein_coding	3	2	0.58000	own-gene 3'UTR verified vs GTF; audit only, not a published ranked list (20 disclosure 1, issue #99)
346284	4	75916331	75917356	-	ENSG00000138744	1	NAAA	protein_coding	1	2	0.28603	own-gene 3'UTR verified vs GTF; audit only, not a published ranked list (20 disclosure 1, issue #99)
346372	4	76158736	76159144	-	ENSG00000138760	1	SCARB2	protein_coding	3	4	0.60818	own-gene 3'UTR verified vs GTF; audit only, not a published ranked list (20 disclosure 1, issue #99)
346375	4	76161451	76161452	-	ENSG00000138760	1	SCARB2	protein_coding	2	3	0.45905	own-gene 3'UTR verified vs GTF; audit only, not a published ranked list (20 disclosure 1, issue #99)
346585	4	77039811	77040171	+	ENSG00000138758	1	SEPTIN11	protein_coding	1	2	0.25678	own-gene 3'UTR verified vs GTF; audit only, not a published ranked list (20 disclosure 1, issue #99)
346591	4	77047154	77047260	-	ENSG00000118816	1	CCNI	protein_coding	9	6	0.43073	own-gene 3'UTR verified vs GTF; audit only, not a published ranked list (20 disclosure 1, issue #99)
346595	4	77047880	77048185	-	ENSG00000118816	1	CCNI	protein_coding	4	2	0.28865	own-gene 3'UTR verified vs GTF; audit only, not a published ranked list (20 disclosure 1, issue #99)
346752	4	77724817	77726443	-	ENSG00000138767	1	CNOT6L	protein_coding	1	2	0.12548	own-gene 3'UTR verified vs GTF; audit only, not a published ranked list (20 disclosure 1, issue #99)
346947	4	77952578	77952785	+	ENSG00000169288	1	MRPL1	protein_coding	5	7	0.57028	own-gene 3'UTR verified vs GTF; audit only, not a published ranked list (20 disclosure 1, issue #99)
347484	4	82353970	82354066	-	ENSG00000138668	1	HNRNPD	protein_coding	1	2	0.26486	own-gene 3'UTR verified vs GTF; audit only, not a published ranked list (20 disclosure 1, issue #99)
347518	4	82423200	82423207	-	ENSG00000152795	1	HNRNPDL	protein_coding	1	2	0.23088	own-gene 3'UTR verified vs GTF; audit only, not a published ranked list (20 disclosure 1, issue #99)
347596	4	82818660	82818719	-	ENSG00000138674	1	SEC31A	protein_coding	6	7	0.56371	own-gene 3'UTR verified vs GTF; audit only, not a published ranked list (20 disclosure 1, issue #99)
347748	4	83092530	83093232	-	ENSG00000145287	1	PLAC8	protein_coding	1	2	0.20058	own-gene 3'UTR verified vs GTF; audit only, not a published ranked list (20 disclosure 1, issue #99)
347793	4	83263823	83264364	-	ENSG00000173085	1	COQ2	protein_coding	2	3	0.50495	own-gene 3'UTR verified vs GTF; audit only, not a published ranked list (20 disclosure 1, issue #99)
347797	4	83266449	83266974	-	ENSG00000173085	1	COQ2	protein_coding	2	2	0.48321	own-gene 3'UTR verified vs GTF; audit only, not a published ranked list (20 disclosure 1, issue #99)
348463	4	86814538	86815176	+	ENSG00000163629	1	PTPN13	protein_coding	2	3	0.51891	own-gene 3'UTR verified vs GTF; audit only, not a published ranked list (20 disclosure 1, issue #99)
348641	4	87140528	87141050	+	ENSG00000172493	1	AFF1	protein_coding	4	3	0.41526	own-gene 3'UTR verified vs GTF; audit only, not a published ranked list (20 disclosure 1, issue #99)
348888	4	87982821	87983008	+	ENSG00000118785	1	SPP1	protein_coding	4	3	0.45189	own-gene 3'UTR verified vs GTF; audit only, not a published ranked list (20 disclosure 1, issue #99)
348889	4	87983128	87983416	+	ENSG00000118785	1	SPP1	protein_coding	1	2	0.29696	own-gene 3'UTR verified vs GTF; audit only, not a published ranked list (20 disclosure 1, issue #99)
349210	4	89238851	89240057	-	ENSG00000185477	1	GPRIN3	protein_coding	1	2	0.26373	own-gene 3'UTR verified vs GTF; audit only, not a published ranked list (20 disclosure 1, issue #99)
349588	4	94298501	94299064	-	ENSG00000163106	1	HPGDS	protein_coding	1	2	0.45990	own-gene 3'UTR verified vs GTF; audit only, not a published ranked list (20 disclosure 1, issue #99)
349714	4	94668147	94668226	+	ENSG00000163110	1	PDLIM5	protein_coding	3	4	0.48072	own-gene 3'UTR verified vs GTF; audit only, not a published ranked list (20 disclosure 1, issue #99)
350115	4	98880052	98880229	-	ENSG00000151247	1	EIF4E	protein_coding	1	2	0.36327	own-gene 3'UTR verified vs GTF; audit only, not a published ranked list (20 disclosure 1, issue #99)
350270	4	99881204	99881305	-	ENSG00000109270	1	LAMTOR3	protein_coding	1	2	0.35296	own-gene 3'UTR verified vs GTF; audit only, not a published ranked list (20 disclosure 1, issue #99)
350360	4	101023427	101023857	-	ENSG00000138814	1	PPP3CA	protein_coding	1	2	0.32680	own-gene 3'UTR verified vs GTF; audit only, not a published ranked list (20 disclosure 1, issue #99)
350361	4	101024137	101025732	-	ENSG00000138814	1	PPP3CA	protein_coding	1	3	0.29375	own-gene 3'UTR verified vs GTF; audit only, not a published ranked list (20 disclosure 1, issue #99)
350616	4	102261665	102261766	-	ENSG00000138821	1	SLC39A8	protein_coding	2	3	0.29178	own-gene 3'UTR verified vs GTF; audit only, not a published ranked list (20 disclosure 1, issue #99)
350781	4	102617117	102617302	+	ENSG00000109320	1	NFKB1	protein_coding	3	4	0.50263	own-gene 3'UTR verified vs GTF; audit only, not a published ranked list (20 disclosure 1, issue #99)
350790	4	102631487	102631502	-	ENSG00000109323	1	MANBA	protein_coding	5	4	0.58963	own-gene 3'UTR verified vs GTF; audit only, not a published ranked list (20 disclosure 1, issue #99)
350877	4	102794381	102794737	-	ENSG00000109332	1	UBE2D3	protein_coding	2	3	0.15256	own-gene 3'UTR verified vs GTF; audit only, not a published ranked list (20 disclosure 1, issue #99)
350879	4	102795970	102796204	-	ENSG00000109332	1	UBE2D3	protein_coding	3	4	0.27293	own-gene 3'UTR verified vs GTF; audit only, not a published ranked list (20 disclosure 1, issue #99)
350881	4	102796589	102796874	-	ENSG00000109332	1	UBE2D3	protein_coding	4	5	0.28122	own-gene 3'UTR verified vs GTF; audit only, not a published ranked list (20 disclosure 1, issue #99)
350949	4	102887608	102887681	+	ENSG00000145354	1	CISD2	protein_coding	4	2	0.30097	own-gene 3'UTR verified vs GTF; audit only, not a published ranked list (20 disclosure 1, issue #99)
350951	4	102888203	102888221	+	ENSG00000145354	1	CISD2	protein_coding	1	2	0.24675	own-gene 3'UTR verified vs GTF; audit only, not a published ranked list (20 disclosure 1, issue #99)
351185	4	105279395	105279803	+	ENSG00000168769	1	TET2	protein_coding	2	2	0.38507	own-gene 3'UTR verified vs GTF; audit only, not a published ranked list (20 disclosure 1, issue #99)
351680	4	108035027	108035171	+	ENSG00000138796	1	HADH	protein_coding	1	2	0.57420	own-gene 3'UTR verified vs GTF; audit only, not a published ranked list (20 disclosure 1, issue #99)
351765	4	108630348	108630484	+	ENSG00000109475	1	RPL34	protein_coding	4	3	0.16732	own-gene 3'UTR verified vs GTF; audit only, not a published ranked list (20 disclosure 1, issue #99)
352553	4	113450842	113451528	-	ENSG00000145349	1	CAMK2D	protein_coding	1	2	0.21107	own-gene 3'UTR verified vs GTF; audit only, not a published ranked list (20 disclosure 1, issue #99)
352556	4	113452413	113453305	-	ENSG00000145349	1	CAMK2D	protein_coding	1	3	0.39103	own-gene 3'UTR verified vs GTF; audit only, not a published ranked list (20 disclosure 1, issue #99)
353063	4	119294040	119294746	+	ENSG00000145390	1	USP53	protein_coding	1	3	0.22633	own-gene 3'UTR verified vs GTF; audit only, not a published ranked list (20 disclosure 1, issue #99)
353066	4	119297051	119297054	-	ENSG00000164096	1	C4orf3	protein_coding	4	3	0.53472	own-gene 3'UTR verified vs GTF; audit only, not a published ranked list (20 disclosure 1, issue #99)
353071	4	119298352	119298686	-	ENSG00000164096	1	C4orf3	protein_coding	2	4	0.22341	own-gene 3'UTR verified vs GTF; audit only, not a published ranked list (20 disclosure 1, issue #99)
353308	4	121677206	121678228	-	ENSG00000164111	1	ANXA5	protein_coding	1	2	0.07821	own-gene 3'UTR verified vs GTF; audit only, not a published ranked list (20 disclosure 1, issue #99)
353309	4	121679424	121682166	-	ENSG00000164111	1	ANXA5	protein_coding	1	2	0.14847	own-gene 3'UTR verified vs GTF; audit only, not a published ranked list (20 disclosure 1, issue #99)
354123	4	128883992	128884660	-	ENSG00000151466	1	SCLT1	protein_coding	3	2	0.45830	own-gene 3'UTR verified vs GTF; audit only, not a published ranked list (20 disclosure 1, issue #99)
354244	4	129112268	129112688	+	ENSG00000151470	1	C4orf33	protein_coding	1	3	0.66088	own-gene 3'UTR verified vs GTF; audit only, not a published ranked list (20 disclosure 1, issue #99)
354639	4	139289951	139289991	-	ENSG00000109390	1	NDUFC1	protein_coding	2	2	0.39182	own-gene 3'UTR verified vs GTF; audit only, not a published ranked list (20 disclosure 1, issue #99)
354776	4	139506037	139506379	-	ENSG00000145391	1	SETD7	protein_coding	1	2	0.57958	own-gene 3'UTR verified vs GTF; audit only, not a published ranked list (20 disclosure 1, issue #99)
355861	4	145133648	145133742	-	ENSG00000164164	1	OTUD4	protein_coding	1	2	0.40850	own-gene 3'UTR verified vs GTF; audit only, not a published ranked list (20 disclosure 1, issue #99)
356396	4	148072399	148072778	+	ENSG00000071205	1	ARHGAP10	protein_coding	1	3	0.68869	own-gene 3'UTR verified vs GTF; audit only, not a published ranked list (20 disclosure 1, issue #99)
356622	4	150264540	150265140	-	ENSG00000198589	1	LRBA	protein_coding	1	2	0.28260	own-gene 3'UTR verified vs GTF; audit only, not a published ranked list (20 disclosure 1, issue #99)
356940	4	151102941	151103117	+	ENSG00000145425	1	RPS3A	protein_coding	2	2	0.23661	own-gene 3'UTR verified vs GTF; audit only, not a published ranked list (20 disclosure 1, issue #99)
356942	4	151103971	151104314	+	ENSG00000145425	1	RPS3A	protein_coding	4	3	0.18951	own-gene 3'UTR verified vs GTF; audit only, not a published ranked list (20 disclosure 1, issue #99)
356944	4	151104576	151104761	+	ENSG00000145425	1	RPS3A	protein_coding	1	2	0.09911	own-gene 3'UTR verified vs GTF; audit only, not a published ranked list (20 disclosure 1, issue #99)
357156	4	152321884	152323155	-	ENSG00000109670	1	FBXW7	protein_coding	3	2	0.25704	own-gene 3'UTR verified vs GTF; audit only, not a published ranked list (20 disclosure 1, issue #99)
357562	4	153636331	153636711	+	ENSG00000121210	1	TMEM131L	protein_coding	1	2	0.39431	own-gene 3'UTR verified vs GTF; audit only, not a published ranked list (20 disclosure 1, issue #99)
357613	4	153781172	153781467	-	ENSG00000145423	1	SFRP2	protein_coding	1	2	0.56106	own-gene 3'UTR verified vs GTF; audit only, not a published ranked list (20 disclosure 1, issue #99)
358092	4	158904645	158905796	+	ENSG00000052795	1	FNIP2	protein_coding	1	2	0.34230	own-gene 3'UTR verified vs GTF; audit only, not a published ranked list (20 disclosure 1, issue #99)
358239	4	159359681	159360150	+	ENSG00000109756	1	RAPGEF2	protein_coding	4	3	0.57748	own-gene 3'UTR verified vs GTF; audit only, not a published ranked list (20 disclosure 1, issue #99)
358370	4	163525474	163526373	-	ENSG00000145416	1	MARCHF1	protein_coding	1	2	0.25324	own-gene 3'UTR verified vs GTF; audit only, not a published ranked list (20 disclosure 1, issue #99)
358860	4	168928101	168928445	+	ENSG00000129116	1	PALLD	protein_coding	1	2	0.40770	own-gene 3'UTR verified vs GTF; audit only, not a published ranked list (20 disclosure 1, issue #99)
358979	4	169393272	169393676	-	ENSG00000137601	1	NEK1	protein_coding	1	2	0.26836	own-gene 3'UTR verified vs GTF; audit only, not a published ranked list (20 disclosure 1, issue #99)
359140	4	169722823	169723187	+	ENSG00000109572	1	CLCN3	protein_coding	1	2	0.40686	own-gene 3'UTR verified vs GTF; audit only, not a published ranked list (20 disclosure 1, issue #99)
359467	4	174490174	174490874	-	ENSG00000164120	1	HPGD	protein_coding	1	2	0.44303	own-gene 3'UTR verified vs GTF; audit only, not a published ranked list (20 disclosure 1, issue #99)
359598	4	176328350	176328804	+	ENSG00000129128	1	SPCS3	protein_coding	2	2	0.40487	own-gene 3'UTR verified vs GTF; audit only, not a published ranked list (20 disclosure 1, issue #99)
359600	4	176328950	176329203	+	ENSG00000129128	1	SPCS3	protein_coding	3	2	0.39377	own-gene 3'UTR verified vs GTF; audit only, not a published ranked list (20 disclosure 1, issue #99)
359607	4	176331715	176332376	+	ENSG00000129128	1	SPCS3	protein_coding	2	3	0.45847	own-gene 3'UTR verified vs GTF; audit only, not a published ranked list (20 disclosure 1, issue #99)
359776	4	182891105	182891393	-	ENSG00000129187	1	DCTD	protein_coding	1	2	0.47991	own-gene 3'UTR verified vs GTF; audit only, not a published ranked list (20 disclosure 1, issue #99)
360190	4	184755594	184755776	-	ENSG00000151726	1	ACSL1	protein_coding	3	2	0.85890	own-gene 3'UTR verified vs GTF; audit only, not a published ranked list (20 disclosure 1, issue #99)
360191	4	184756077	184756111	-	ENSG00000151726	1	ACSL1	protein_coding	1	2	0.40116	own-gene 3'UTR verified vs GTF; audit only, not a published ranked list (20 disclosure 1, issue #99)
360296	4	185160096	185160522	-	ENSG00000164323	1	CFAP97	protein_coding	2	2	0.41905	own-gene 3'UTR verified vs GTF; audit only, not a published ranked list (20 disclosure 1, issue #99)
360394	4	185363552	185363971	+	ENSG00000109762	1	SNX25	protein_coding	2	4	0.29030	own-gene 3'UTR verified vs GTF; audit only, not a published ranked list (20 disclosure 1, issue #99)
360488	4	185449151	185449826	+	ENSG00000205129	1	C4orf47	protein_coding	1	2	0.31353	own-gene 3'UTR verified vs GTF; audit only, not a published ranked list (20 disclosure 1, issue #99)
360689	4	186212585	186213463	+	ENSG00000145476	2	CYP4V2	protein_coding	2	3	0.48378	own-gene 3'UTR verified vs GTF; audit only, not a published ranked list (20 disclosure 1, issue #99)
360928	5	204752	205340	-	ENSG00000164366	1	CCDC127	protein_coding	1	2	0.33392	own-gene 3'UTR verified vs GTF; audit only, not a published ranked list (20 disclosure 1, issue #99)
361148	5	863675	864124	-	ENSG00000028310	1	BRD9	protein_coding	2	4	0.74571	own-gene 3'UTR verified vs GTF; audit only, not a published ranked list (20 disclosure 1, issue #99)
361191	5	1050383	1050762	-	ENSG00000113504	1	SLC12A7	protein_coding	3	5	0.64152	own-gene 3'UTR verified vs GTF; audit only, not a published ranked list (20 disclosure 1, issue #99)
361634	5	5489847	5490220	+	ENSG00000164151	1	ICE1	protein_coding	1	2	0.64236	own-gene 3'UTR verified vs GTF; audit only, not a published ranked list (20 disclosure 1, issue #99)
361650	5	6371915	6372220	-	ENSG00000133398	1	MED10	protein_coding	2	2	0.24989	own-gene 3'UTR verified vs GTF; audit only, not a published ranked list (20 disclosure 1, issue #99)
361688	5	6668889	6669565	+	ENSG00000145545	1	SRD5A1	protein_coding	1	2	0.46132	own-gene 3'UTR verified vs GTF; audit only, not a published ranked list (20 disclosure 1, issue #99)
361716	5	6756630	6757045	+	ENSG00000112941	1	TENT4A	protein_coding	2	4	0.49972	own-gene 3'UTR verified vs GTF; audit only, not a published ranked list (20 disclosure 1, issue #99)
361989	5	10436608	10437854	+	ENSG00000145495	1	MARCHF6	protein_coding	1	2	0.31625	own-gene 3'UTR verified vs GTF; audit only, not a published ranked list (20 disclosure 1, issue #99)
362061	5	10679229	10679316	-	ENSG00000112977	1	DAP	protein_coding	6	4	0.51246	own-gene 3'UTR verified vs GTF; audit only, not a published ranked list (20 disclosure 1, issue #99)
363888	5	32354349	32354877	-	ENSG00000056097	1	ZFR	protein_coding	3	5	0.44211	own-gene 3'UTR verified vs GTF; audit only, not a published ranked list (20 disclosure 1, issue #99)
363992	5	32598869	32599056	+	ENSG00000113387	1	SUB1	protein_coding	1	2	0.40097	own-gene 3'UTR verified vs GTF; audit only, not a published ranked list (20 disclosure 1, issue #99)
363994	5	32601444	32601461	+	ENSG00000113387	1	SUB1	protein_coding	1	2	0.09350	own-gene 3'UTR verified vs GTF; audit only, not a published ranked list (20 disclosure 1, issue #99)
363995	5	32601836	32601957	+	ENSG00000113387	1	SUB1	protein_coding	6	4	0.48057	own-gene 3'UTR verified vs GTF; audit only, not a published ranked list (20 disclosure 1, issue #99)
363996	5	32603642	32604080	+	ENSG00000113387	1	SUB1	protein_coding	1	3	0.15779	own-gene 3'UTR verified vs GTF; audit only, not a published ranked list (20 disclosure 1, issue #99)
364497	5	35867327	35868475	+	ENSG00000168685	1	IL7R	protein_coding	1	4	0.20752	own-gene 3'UTR verified vs GTF; audit only, not a published ranked list (20 disclosure 1, issue #99)
364508	5	35876266	35877454	+	ENSG00000168685	1	IL7R	protein_coding	9	7	0.62587	own-gene 3'UTR verified vs GTF; audit only, not a published ranked list (20 disclosure 1, issue #99)
364513	5	35879093	35879603	+	ENSG00000168685	1	IL7R	protein_coding	2	3	0.31211	own-gene 3'UTR verified vs GTF; audit only, not a published ranked list (20 disclosure 1, issue #99)
364760	5	37064625	37065651	+	ENSG00000164190	1	NIPBL	protein_coding	3	2	0.26039	own-gene 3'UTR verified vs GTF; audit only, not a published ranked list (20 disclosure 1, issue #99)
365136	5	38937919	38938784	-	ENSG00000164327	1	RICTOR	protein_coding	1	3	0.33367	own-gene 3'UTR verified vs GTF; audit only, not a published ranked list (20 disclosure 1, issue #99)
365229	5	39107012	39107477	-	ENSG00000082074	1	FYB1	protein_coding	1	2	0.25085	own-gene 3'UTR verified vs GTF; audit only, not a published ranked list (20 disclosure 1, issue #99)
365242	5	39125891	39126502	-	ENSG00000082074	1	FYB1	protein_coding	2	5	0.32966	own-gene 3'UTR verified vs GTF; audit only, not a published ranked list (20 disclosure 1, issue #99)
365449	5	40693070	40693740	+	ENSG00000171522	1	PTGER4	protein_coding	1	3	0.21680	own-gene 3'UTR verified vs GTF; audit only, not a published ranked list (20 disclosure 1, issue #99)
365509	5	40759821	40759924	-	ENSG00000132356	1	PRKAA1	protein_coding	2	2	0.44934	own-gene 3'UTR verified vs GTF; audit only, not a published ranked list (20 disclosure 1, issue #99)
365541	5	40825256	40825599	-	ENSG00000145592	1	RPL37	protein_coding	1	3	0.06422	own-gene 3'UTR verified vs GTF; audit only, not a published ranked list (20 disclosure 1, issue #99)
365544	5	40827582	40828290	-	ENSG00000145592	1	RPL37	protein_coding	2	2	0.11663	own-gene 3'UTR verified vs GTF; audit only, not a published ranked list (20 disclosure 1, issue #99)
365548	5	40832422	40832456	-	ENSG00000145592	1	RPL37	protein_coding	2	3	0.20962	own-gene 3'UTR verified vs GTF; audit only, not a published ranked list (20 disclosure 1, issue #99)
365681	5	42800120	42800131	-	ENSG00000250722	1	SELENOP	protein_coding	2	2	0.72333	own-gene 3'UTR verified vs GTF; audit only, not a published ranked list (20 disclosure 1, issue #99)
365975	5	43445221	43445779	-	ENSG00000151881	1	TMEM267	protein_coding	2	2	0.41283	own-gene 3'UTR verified vs GTF; audit only, not a published ranked list (20 disclosure 1, issue #99)
366018	5	43526266	43526608	-	ENSG00000172239	1	PAIP1	protein_coding	2	3	0.52218	own-gene 3'UTR verified vs GTF; audit only, not a published ranked list (20 disclosure 1, issue #99)
366019	5	43527092	43527190	-	ENSG00000172239	1	PAIP1	protein_coding	1	2	0.26119	own-gene 3'UTR verified vs GTF; audit only, not a published ranked list (20 disclosure 1, issue #99)
366235	5	50396191	50396365	-	ENSG00000170571	1	EMB	protein_coding	3	4	0.47162	own-gene 3'UTR verified vs GTF; audit only, not a published ranked list (20 disclosure 1, issue #99)
367010	5	55256244	55256515	-	ENSG00000067248	1	DHX29	protein_coding	1	2	0.47825	own-gene 3'UTR verified vs GTF; audit only, not a published ranked list (20 disclosure 1, issue #99)
367238	5	55936645	55936706	-	ENSG00000134352	1	IL6ST	protein_coding	6	4	0.45561	own-gene 3'UTR verified vs GTF; audit only, not a published ranked list (20 disclosure 1, issue #99)
367244	5	55940036	55941295	-	ENSG00000134352	1	IL6ST	protein_coding	1	2	0.37217	own-gene 3'UTR verified vs GTF; audit only, not a published ranked list (20 disclosure 1, issue #99)
367414	5	56895518	56896152	+	ENSG00000095015	1	MAP3K1	protein_coding	2	2	0.51701	own-gene 3'UTR verified vs GTF; audit only, not a published ranked list (20 disclosure 1, issue #99)
367616	5	57263528	57263585	+	ENSG00000062194	1	GPBP1	protein_coding	2	3	0.13662	own-gene 3'UTR verified vs GTF; audit only, not a published ranked list (20 disclosure 1, issue #99)
367689	5	58973806	58974373	-	ENSG00000113448	1	PDE4D	protein_coding	1	2	0.15001	own-gene 3'UTR verified vs GTF; audit only, not a published ranked list (20 disclosure 1, issue #99)
367701	5	58991937	58992550	-	ENSG00000113448	1	PDE4D	protein_coding	1	2	0.11463	own-gene 3'UTR verified vs GTF; audit only, not a published ranked list (20 disclosure 1, issue #99)
368632	5	61544050	61545341	+	ENSG00000130449	1	ZSWIM6	protein_coding	5	5	0.15492	own-gene 3'UTR verified vs GTF; audit only, not a published ranked list (20 disclosure 1, issue #99)
368633	5	61545678	61546412	+	ENSG00000130449	1	ZSWIM6	protein_coding	3	3	0.11980	own-gene 3'UTR verified vs GTF; audit only, not a published ranked list (20 disclosure 1, issue #99)
369190	5	66080085	66080516	+	ENSG00000112851	1	ERBIN	protein_coding	1	2	0.68090	own-gene 3'UTR verified vs GTF; audit only, not a published ranked list (20 disclosure 1, issue #99)
369243	5	66180355	66180935	+	ENSG00000153914	1	SREK1	protein_coding	2	2	0.29939	own-gene 3'UTR verified vs GTF; audit only, not a published ranked list (20 disclosure 1, issue #99)
369599	5	68293161	68293833	+	ENSG00000145675	1	PIK3R1	protein_coding	2	2	0.45864	own-gene 3'UTR verified vs GTF; audit only, not a published ranked list (20 disclosure 1, issue #99)
369668	5	69130582	69131072	+	ENSG00000145740	1	SLC30A5	protein_coding	1	2	0.21354	own-gene 3'UTR verified vs GTF; audit only, not a published ranked list (20 disclosure 1, issue #99)
369787	5	69351725	69351954	-	ENSG00000085231	1	AK6	protein_coding	5	3	0.51305	own-gene 3'UTR verified vs GTF; audit only, not a published ranked list (20 disclosure 1, issue #99)
369904	5	69592236	69592532	+	ENSG00000183474	1	GTF2H2C	protein_coding	1	2	0.45816	own-gene 3'UTR verified vs GTF; audit only, not a published ranked list (20 disclosure 1, issue #99)
370117	5	70032518	70032696	+	ENSG00000205572	1	SERF1B	protein_coding	1	3	0.37331	own-gene 3'UTR verified vs GTF; audit only, not a published ranked list (20 disclosure 1, issue #99)
370126	5	70042665	70043113	+	ENSG00000205572	1	SERF1B	protein_coding	1	2	0.41874	own-gene 3'UTR verified vs GTF; audit only, not a published ranked list (20 disclosure 1, issue #99)
370158	5	70077591	70077595	+	ENSG00000205571	1	SMN2	protein_coding	1	2	0.26762	own-gene 3'UTR verified vs GTF; audit only, not a published ranked list (20 disclosure 1, issue #99)
370598	5	70907937	70908115	+	ENSG00000172058	1	SERF1A	protein_coding	1	3	0.37331	own-gene 3'UTR verified vs GTF; audit only, not a published ranked list (20 disclosure 1, issue #99)
370608	5	70918082	70918530	+	ENSG00000172058	1	SERF1A	protein_coding	1	2	0.41874	own-gene 3'UTR verified vs GTF; audit only, not a published ranked list (20 disclosure 1, issue #99)
370637	5	70953011	70953015	+	ENSG00000172062	1	SMN1	protein_coding	1	2	0.27390	own-gene 3'UTR verified vs GTF; audit only, not a published ranked list (20 disclosure 1, issue #99)
370700	5	71002009	71003488	-	ENSG00000249437	1	NAIP	protein_coding	3	3	0.58891	own-gene 3'UTR verified vs GTF; audit only, not a published ranked list (20 disclosure 1, issue #99)
370719	5	71035342	71035638	-	ENSG00000145736	1	GTF2H2	protein_coding	5	4	0.48712	own-gene 3'UTR verified vs GTF; audit only, not a published ranked list (20 disclosure 1, issue #99)
371022	5	71658305	71658706	+	ENSG00000131844	1	MCCC2	protein_coding	1	2	0.47671	own-gene 3'UTR verified vs GTF; audit only, not a published ranked list (20 disclosure 1, issue #99)
371158	5	72909941	72910645	+	ENSG00000083312	1	TNPO1	protein_coding	1	2	0.23974	own-gene 3'UTR verified vs GTF; audit only, not a published ranked list (20 disclosure 1, issue #99)
371160	5	72914385	72914388	+	ENSG00000083312	1	TNPO1	protein_coding	1	3	0.41242	own-gene 3'UTR verified vs GTF; audit only, not a published ranked list (20 disclosure 1, issue #99)
371577	5	75371102	75371398	-	ENSG00000113163	1	CERT1	protein_coding	3	4	0.35531	own-gene 3'UTR verified vs GTF; audit only, not a published ranked list (20 disclosure 1, issue #99)
371578	5	75371807	75372864	-	ENSG00000113163	1	CERT1	protein_coding	4	4	0.44903	own-gene 3'UTR verified vs GTF; audit only, not a published ranked list (20 disclosure 1, issue #99)
371987	5	76707223	76708132	+	ENSG00000145703	1	IQGAP2	protein_coding	2	4	0.45170	own-gene 3'UTR verified vs GTF; audit only, not a published ranked list (20 disclosure 1, issue #99)
372239	5	78002252	78002721	-	ENSG00000132842	1	AP3B1	protein_coding	1	2	0.55167	own-gene 3'UTR verified vs GTF; audit only, not a published ranked list (20 disclosure 1, issue #99)
372917	5	80138834	80139533	-	ENSG00000164300	1	SERINC5	protein_coding	4	3	0.58120	own-gene 3'UTR verified vs GTF; audit only, not a published ranked list (20 disclosure 1, issue #99)
373128	5	80628730	80629064	-	ENSG00000228716	1	DHFR	protein_coding	4	2	0.19245	own-gene 3'UTR verified vs GTF; audit only, not a published ranked list (20 disclosure 1, issue #99)
373521	5	82273313	82273686	-	ENSG00000186468	1	RPS23	protein_coding	1	2	0.14109	own-gene 3'UTR verified vs GTF; audit only, not a published ranked list (20 disclosure 1, issue #99)
373730	5	83052845	83052920	-	ENSG00000174695	1	TMEM167A	protein_coding	2	2	0.36091	own-gene 3'UTR verified vs GTF; audit only, not a published ranked list (20 disclosure 1, issue #99)
374039	5	86620734	86620962	+	ENSG00000127184	1	COX7C	protein_coding	5	4	0.43522	own-gene 3'UTR verified vs GTF; audit only, not a published ranked list (20 disclosure 1, issue #99)
374190	5	87375945	87376493	-	ENSG00000134480	1	CCNH	protein_coding	2	2	0.21625	own-gene 3'UTR verified vs GTF; audit only, not a published ranked list (20 disclosure 1, issue #99)
374214	5	87391261	87391989	+	ENSG00000145715	1	RASA1	protein_coding	3	4	0.71222	own-gene 3'UTR verified vs GTF; audit only, not a published ranked list (20 disclosure 1, issue #99)
374221	5	87394266	87394368	-	ENSG00000134480	1	CCNH	protein_coding	2	2	0.45020	own-gene 3'UTR verified vs GTF; audit only, not a published ranked list (20 disclosure 1, issue #99)
374672	5	91368723	91369200	-	ENSG00000113369	1	ARRDC3	protein_coding	1	2	0.49389	own-gene 3'UTR verified vs GTF; audit only, not a published ranked list (20 disclosure 1, issue #99)
374768	5	93618068	93618467	-	ENSG00000113391	1	FAM172A	protein_coding	1	2	0.13660	own-gene 3'UTR verified vs GTF; audit only, not a published ranked list (20 disclosure 1, issue #99)
375215	5	95463893	95464735	-	ENSG00000198677	1	TTC37	protein_coding	1	2	0.53361	own-gene 3'UTR verified vs GTF; audit only, not a published ranked list (20 disclosure 1, issue #99)
375331	5	95813753	95813849	-	ENSG00000173221	1	GLRX	protein_coding	4	4	0.19227	own-gene 3'UTR verified vs GTF; audit only, not a published ranked list (20 disclosure 1, issue #99)
375332	5	95813977	95813978	-	ENSG00000173221	1	GLRX	protein_coding	5	3	0.42498	own-gene 3'UTR verified vs GTF; audit only, not a published ranked list (20 disclosure 1, issue #99)
375333	5	95814085	95814226	-	ENSG00000173221	1	GLRX	protein_coding	1	2	0.11832	own-gene 3'UTR verified vs GTF; audit only, not a published ranked list (20 disclosure 1, issue #99)
375388	5	95885089	95885720	-	ENSG00000118985	1	ELL2	protein_coding	6	4	0.16336	own-gene 3'UTR verified vs GTF; audit only, not a published ranked list (20 disclosure 1, issue #99)
375391	5	95887193	95887900	-	ENSG00000118985	1	ELL2	protein_coding	11	6	0.44688	own-gene 3'UTR verified vs GTF; audit only, not a published ranked list (20 disclosure 1, issue #99)
375393	5	95888337	95888888	-	ENSG00000118985	1	ELL2	protein_coding	1	2	0.08399	own-gene 3'UTR verified vs GTF; audit only, not a published ranked list (20 disclosure 1, issue #99)
375580	5	96729723	96729724	+	ENSG00000153113	1	CAST	protein_coding	1	2	0.26802	own-gene 3'UTR verified vs GTF; audit only, not a published ranked list (20 disclosure 1, issue #99)
375587	5	96735354	96736700	+	ENSG00000153113	1	CAST	protein_coding	2	3	0.13306	own-gene 3'UTR verified vs GTF; audit only, not a published ranked list (20 disclosure 1, issue #99)
375620	5	96772786	96772943	+	ENSG00000153113	1	CAST	protein_coding	3	4	0.34851	own-gene 3'UTR verified vs GTF; audit only, not a published ranked list (20 disclosure 1, issue #99)
375622	5	96773052	96773055	+	ENSG00000153113	1	CAST	protein_coding	3	3	0.33146	own-gene 3'UTR verified vs GTF; audit only, not a published ranked list (20 disclosure 1, issue #99)
375623	5	96773235	96773236	+	ENSG00000153113	1	CAST	protein_coding	2	3	0.19877	own-gene 3'UTR verified vs GTF; audit only, not a published ranked list (20 disclosure 1, issue #99)
375628	5	96774337	96774338	+	ENSG00000153113	1	CAST	protein_coding	1	2	0.34720	own-gene 3'UTR verified vs GTF; audit only, not a published ranked list (20 disclosure 1, issue #99)
375632	5	96774682	96774683	+	ENSG00000153113	1	CAST	protein_coding	5	5	0.37680	own-gene 3'UTR verified vs GTF; audit only, not a published ranked list (20 disclosure 1, issue #99)
375830	5	98855203	98856592	-	ENSG00000153922	1	CHD1	protein_coding	5	4	0.40760	own-gene 3'UTR verified vs GTF; audit only, not a published ranked list (20 disclosure 1, issue #99)
375990	5	100807197	100807689	-	ENSG00000113532	1	ST8SIA4	protein_coding	1	2	0.34672	own-gene 3'UTR verified vs GTF; audit only, not a published ranked list (20 disclosure 1, issue #99)
376271	5	103029417	103029602	+	ENSG00000145730	1	PAM	protein_coding	3	3	0.61798	own-gene 3'UTR verified vs GTF; audit only, not a published ranked list (20 disclosure 1, issue #99)
376272	5	103029712	103029716	+	ENSG00000145730	1	PAM	protein_coding	4	7	0.59295	own-gene 3'UTR verified vs GTF; audit only, not a published ranked list (20 disclosure 1, issue #99)
376874	5	109334703	109336286	-	ENSG00000198961	1	PJA2	protein_coding	6	5	0.70751	own-gene 3'UTR verified vs GTF; audit only, not a published ranked list (20 disclosure 1, issue #99)
377081	5	110764451	110765179	+	ENSG00000164209	1	SLC25A46	protein_coding	2	2	0.25829	own-gene 3'UTR verified vs GTF; audit only, not a published ranked list (20 disclosure 1, issue #99)
377474	5	112864448	112865146	+	ENSG00000258864	2	AC008575.1	protein_coding	1	2	0.23803	own-gene 3'UTR verified vs GTF; audit only, not a published ranked list (20 disclosure 1, issue #99)
377488	5	112876384	112876734	-	ENSG00000129625	1	REEP5	protein_coding	7	5	0.43882	own-gene 3'UTR verified vs GTF; audit only, not a published ranked list (20 disclosure 1, issue #99)
377493	5	112878479	112878480	-	ENSG00000129625	1	REEP5	protein_coding	4	5	0.35995	own-gene 3'UTR verified vs GTF; audit only, not a published ranked list (20 disclosure 1, issue #99)
377494	5	112878591	112878722	-	ENSG00000129625	1	REEP5	protein_coding	4	2	0.40964	own-gene 3'UTR verified vs GTF; audit only, not a published ranked list (20 disclosure 1, issue #99)
377819	5	115578371	115579461	-	ENSG00000251201	2	TMED7-TICAM2	protein_coding	3	3	0.48444	own-gene 3'UTR verified vs GTF; audit only, not a published ranked list (20 disclosure 1, issue #99)
377881	5	115831322	115831698	-	ENSG00000145782	1	ATG12	protein_coding	1	3	0.38197	own-gene 3'UTR verified vs GTF; audit only, not a published ranked list (20 disclosure 1, issue #99)
378524	5	122829750	122829757	+	ENSG00000205302	1	SNX2	protein_coding	2	2	0.34907	own-gene 3'UTR verified vs GTF; audit only, not a published ranked list (20 disclosure 1, issue #99)
378525	5	122830107	122830121	+	ENSG00000205302	1	SNX2	protein_coding	1	2	0.24077	own-gene 3'UTR verified vs GTF; audit only, not a published ranked list (20 disclosure 1, issue #99)
378823	5	126493471	126494169	+	ENSG00000155324	1	GRAMD2B	protein_coding	1	2	0.53959	own-gene 3'UTR verified vs GTF; audit only, not a published ranked list (20 disclosure 1, issue #99)
379166	5	128189637	128189708	+	ENSG00000064651	1	SLC12A2	protein_coding	1	3	0.47652	own-gene 3'UTR verified vs GTF; audit only, not a published ranked list (20 disclosure 1, issue #99)
379515	5	131394587	131394672	+	ENSG00000158985	1	CDC42SE2	protein_coding	3	4	0.33296	own-gene 3'UTR verified vs GTF; audit only, not a published ranked list (20 disclosure 1, issue #99)
379849	5	132192609	132192983	-	ENSG00000072682	1	P4HA2	protein_coding	2	2	0.67970	own-gene 3'UTR verified vs GTF; audit only, not a published ranked list (20 disclosure 1, issue #99)
379985	5	132486954	132487033	-	ENSG00000125347	1	IRF1	protein_coding	1	2	0.28592	own-gene 3'UTR verified vs GTF; audit only, not a published ranked list (20 disclosure 1, issue #99)
380114	5	132875378	132875773	-	ENSG00000072364	1	AFF4	protein_coding	3	5	0.34108	own-gene 3'UTR verified vs GTF; audit only, not a published ranked list (20 disclosure 1, issue #99)
380130	5	132891718	132892461	-	ENSG00000072364	1	AFF4	protein_coding	1	2	0.29655	own-gene 3'UTR verified vs GTF; audit only, not a published ranked list (20 disclosure 1, issue #99)
380288	5	133103786	133104477	+	ENSG00000170606	1	HSPA4	protein_coding	2	2	0.24643	own-gene 3'UTR verified vs GTF; audit only, not a published ranked list (20 disclosure 1, issue #99)
380291	5	133106231	133106449	+	ENSG00000170606	1	HSPA4	protein_coding	2	2	0.19254	own-gene 3'UTR verified vs GTF; audit only, not a published ranked list (20 disclosure 1, issue #99)
380425	5	134156390	134156396	-	ENSG00000113558	1	SKP1	protein_coding	1	2	0.18982	own-gene 3'UTR verified vs GTF; audit only, not a published ranked list (20 disclosure 1, issue #99)
380427	5	134156864	134156925	-	ENSG00000113558	1	SKP1	protein_coding	8	5	0.33966	own-gene 3'UTR verified vs GTF; audit only, not a published ranked list (20 disclosure 1, issue #99)
380428	5	134157040	134157119	-	ENSG00000113558	1	SKP1	protein_coding	10	5	0.45523	own-gene 3'UTR verified vs GTF; audit only, not a published ranked list (20 disclosure 1, issue #99)
380431	5	134158052	134158508	-	ENSG00000113558	1	SKP1	protein_coding	6	3	0.29851	own-gene 3'UTR verified vs GTF; audit only, not a published ranked list (20 disclosure 1, issue #99)
380547	5	134390361	134390779	+	ENSG00000119048	1	UBE2B	protein_coding	1	2	0.22995	own-gene 3'UTR verified vs GTF; audit only, not a published ranked list (20 disclosure 1, issue #99)
380552	5	134391524	134392028	+	ENSG00000119048	1	UBE2B	protein_coding	1	2	0.14441	own-gene 3'UTR verified vs GTF; audit only, not a published ranked list (20 disclosure 1, issue #99)
380624	5	134601132	134601551	-	ENSG00000152700	1	SAR1B	protein_coding	2	4	0.31432	own-gene 3'UTR verified vs GTF; audit only, not a published ranked list (20 disclosure 1, issue #99)
380632	5	134606423	134606429	-	ENSG00000152700	1	SAR1B	protein_coding	4	2	0.41404	own-gene 3'UTR verified vs GTF; audit only, not a published ranked list (20 disclosure 1, issue #99)
380724	5	134727454	134728864	+	ENSG00000113615	1	SEC24A	protein_coding	2	2	0.45110	own-gene 3'UTR verified vs GTF; audit only, not a published ranked list (20 disclosure 1, issue #99)
380818	5	134899820	134899920	+	ENSG00000113621	1	TXNDC15	protein_coding	1	2	0.42066	own-gene 3'UTR verified vs GTF; audit only, not a published ranked list (20 disclosure 1, issue #99)
380879	5	135334380	135334535	-	ENSG00000113648	1	MACROH2A1	protein_coding	3	2	0.14149	own-gene 3'UTR verified vs GTF; audit only, not a published ranked list (20 disclosure 1, issue #99)
381014	5	137751570	137751573	-	ENSG00000177733	1	HNRNPA0	protein_coding	6	4	0.36742	own-gene 3'UTR verified vs GTF; audit only, not a published ranked list (20 disclosure 1, issue #99)
381202	5	138349599	138349729	+	ENSG00000120709	1	FAM53C	protein_coding	1	4	0.52229	own-gene 3'UTR verified vs GTF; audit only, not a published ranked list (20 disclosure 1, issue #99)
381270	5	138468216	138468602	+	ENSG00000120738	1	EGR1	protein_coding	4	2	0.70447	own-gene 3'UTR verified vs GTF; audit only, not a published ranked list (20 disclosure 1, issue #99)
381304	5	138506094	138506095	-	ENSG00000120705	1	ETF1	protein_coding	3	3	0.38483	own-gene 3'UTR verified vs GTF; audit only, not a published ranked list (20 disclosure 1, issue #99)
381373	5	138555334	138555341	-	ENSG00000113013	1	HSPA9	protein_coding	3	3	0.36356	own-gene 3'UTR verified vs GTF; audit only, not a published ranked list (20 disclosure 1, issue #99)
381523	5	138934709	138934712	+	ENSG00000044115	1	CTNNA1	protein_coding	1	3	0.40096	own-gene 3'UTR verified vs GTF; audit only, not a published ranked list (20 disclosure 1, issue #99)
381524	5	138935028	138935034	+	ENSG00000044115	1	CTNNA1	protein_coding	2	4	0.51400	own-gene 3'UTR verified vs GTF; audit only, not a published ranked list (20 disclosure 1, issue #99)
381534	5	138946988	138946989	-	ENSG00000120725	1	SIL1	protein_coding	1	2	0.44403	own-gene 3'UTR verified vs GTF; audit only, not a published ranked list (20 disclosure 1, issue #99)
381686	5	139330399	139330477	+	ENSG00000280987	2	MATR3	protein_coding	2	3	0.26299	own-gene 3'UTR verified vs GTF; audit only, not a published ranked list (20 disclosure 1, issue #99)
381725	5	139368902	139368970	+	ENSG00000120727	1	PAIP2	protein_coding	2	3	0.31406	own-gene 3'UTR verified vs GTF; audit only, not a published ranked list (20 disclosure 1, issue #99)
381727	5	139369594	139369717	+	ENSG00000120727	1	PAIP2	protein_coding	1	2	0.27901	own-gene 3'UTR verified vs GTF; audit only, not a published ranked list (20 disclosure 1, issue #99)
381848	5	139627691	139627692	+	ENSG00000131508	1	UBE2D2	protein_coding	1	2	0.17610	own-gene 3'UTR verified vs GTF; audit only, not a published ranked list (20 disclosure 1, issue #99)
381950	5	140243544	140243789	+	ENSG00000120306	1	CYSTM1	protein_coding	9	5	0.55536	own-gene 3'UTR verified vs GTF; audit only, not a published ranked list (20 disclosure 1, issue #99)
382142	5	140539837	140539856	+	ENSG00000131503	2	ANKHD1	protein_coding	3	3	0.30791	own-gene 3'UTR verified vs GTF; audit only, not a published ranked list (20 disclosure 1, issue #99)
382220	5	140673810	140673905	-	ENSG00000170445	1	HARS1	protein_coding	1	2	0.36160	own-gene 3'UTR verified vs GTF; audit only, not a published ranked list (20 disclosure 1, issue #99)
382323	5	141318489	141318537	-	ENSG00000178913	1	TAF7	protein_coding	1	2	0.26312	own-gene 3'UTR verified vs GTF; audit only, not a published ranked list (20 disclosure 1, issue #99)
382382	5	141515015	141515148	-	ENSG00000131504	1	DIAPH1	protein_coding	3	4	0.44311	own-gene 3'UTR verified vs GTF; audit only, not a published ranked list (20 disclosure 1, issue #99)
382602	5	142152583	142152775	+	ENSG00000131507	1	NDFIP1	protein_coding	4	3	0.26479	own-gene 3'UTR verified vs GTF; audit only, not a published ranked list (20 disclosure 1, issue #99)
382605	5	142153568	142154446	+	ENSG00000131507	1	NDFIP1	protein_coding	1	2	0.14034	own-gene 3'UTR verified vs GTF; audit only, not a published ranked list (20 disclosure 1, issue #99)
382960	5	143277898	143278548	-	ENSG00000113580	1	NR3C1	protein_coding	3	4	0.26604	own-gene 3'UTR verified vs GTF; audit only, not a published ranked list (20 disclosure 1, issue #99)
382961	5	143279487	143280106	-	ENSG00000113580	1	NR3C1	protein_coding	1	2	0.10362	own-gene 3'UTR verified vs GTF; audit only, not a published ranked list (20 disclosure 1, issue #99)
383850	5	149494093	149494115	-	ENSG00000113712	1	CSNK1A1	protein_coding	2	2	0.29585	own-gene 3'UTR verified vs GTF; audit only, not a published ranked list (20 disclosure 1, issue #99)
383851	5	149494299	149494418	-	ENSG00000113712	2	CSNK1A1	protein_coding	6	5	0.34726	own-gene 3'UTR verified vs GTF; audit only, not a published ranked list (20 disclosure 1, issue #99)
383856	5	149495893	149496155	-	ENSG00000113712	2	CSNK1A1	protein_coding	5	4	0.39238	own-gene 3'UTR verified vs GTF; audit only, not a published ranked list (20 disclosure 1, issue #99)
383857	5	149496498	149496689	-	ENSG00000113712	2	CSNK1A1	protein_coding	2	2	0.19616	own-gene 3'UTR verified vs GTF; audit only, not a published ranked list (20 disclosure 1, issue #99)
383859	5	149497210	149499418	-	ENSG00000113712	2	CSNK1A1	protein_coding	1	2	0.27175	own-gene 3'UTR verified vs GTF; audit only, not a published ranked list (20 disclosure 1, issue #99)
383867	5	149508639	149510962	-	ENSG00000113712	1	CSNK1A1	protein_coding	3	3	0.20742	own-gene 3'UTR verified vs GTF; audit only, not a published ranked list (20 disclosure 1, issue #99)
384058	5	150400034	150400588	-	ENSG00000019582	1	CD74	protein_coding	1	2	0.03979	own-gene 3'UTR verified vs GTF; audit only, not a published ranked list (20 disclosure 1, issue #99)
384069	5	150405743	150406300	-	ENSG00000019582	1	CD74	protein_coding	14	7	0.60079	own-gene 3'UTR verified vs GTF; audit only, not a published ranked list (20 disclosure 1, issue #99)
384091	5	150444237	150444238	-	ENSG00000164587	1	RPS14	protein_coding	4	2	0.17132	own-gene 3'UTR verified vs GTF; audit only, not a published ranked list (20 disclosure 1, issue #99)
384148	5	150708741	150708751	-	ENSG00000132912	1	DCTN4	protein_coding	4	5	0.60469	own-gene 3'UTR verified vs GTF; audit only, not a published ranked list (20 disclosure 1, issue #99)
384297	5	151181051	151181700	-	ENSG00000198624	1	CCDC69	protein_coding	1	2	0.35869	own-gene 3'UTR verified vs GTF; audit only, not a published ranked list (20 disclosure 1, issue #99)
384381	5	151661446	151661839	-	ENSG00000113140	1	SPARC	protein_coding	5	3	0.86856	own-gene 3'UTR verified vs GTF; audit only, not a published ranked list (20 disclosure 1, issue #99)
384382	5	151662435	151662961	-	ENSG00000113140	1	SPARC	protein_coding	2	2	0.27514	own-gene 3'UTR verified vs GTF; audit only, not a published ranked list (20 disclosure 1, issue #99)
384384	5	151663406	151663444	-	ENSG00000113140	1	SPARC	protein_coding	1	2	0.34038	own-gene 3'UTR verified vs GTF; audit only, not a published ranked list (20 disclosure 1, issue #99)
384401	5	151742821	151742822	-	ENSG00000177556	1	ATOX1	protein_coding	11	7	0.69002	own-gene 3'UTR verified vs GTF; audit only, not a published ranked list (20 disclosure 1, issue #99)
384459	5	151811347	151811356	+	ENSG00000145907	1	G3BP1	protein_coding	3	5	0.27483	own-gene 3'UTR verified vs GTF; audit only, not a published ranked list (20 disclosure 1, issue #99)
384629	5	154420540	154420984	+	ENSG00000164574	1	GALNT10	protein_coding	2	4	0.52353	own-gene 3'UTR verified vs GTF; audit only, not a published ranked list (20 disclosure 1, issue #99)
384918	5	157085830	157086202	-	ENSG00000135077	1	HAVCR2	protein_coding	10	6	0.70119	own-gene 3'UTR verified vs GTF; audit only, not a published ranked list (20 disclosure 1, issue #99)
385209	5	157786286	157786401	-	ENSG00000113282	1	CLINT1	protein_coding	1	2	0.44763	own-gene 3'UTR verified vs GTF; audit only, not a published ranked list (20 disclosure 1, issue #99)
385365	5	159157408	159157409	-	ENSG00000145860	1	RNF145	protein_coding	3	4	0.42559	own-gene 3'UTR verified vs GTF; audit only, not a published ranked list (20 disclosure 1, issue #99)
385721	5	163444949	163445016	+	ENSG00000113328	1	CCNG1	protein_coding	2	2	0.20769	own-gene 3'UTR verified vs GTF; audit only, not a published ranked list (20 disclosure 1, issue #99)
385937	5	168492732	168493990	+	ENSG00000113643	1	RARS1	protein_coding	1	3	0.46449	own-gene 3'UTR verified vs GTF; audit only, not a published ranked list (20 disclosure 1, issue #99)
385963	5	168519300	168519306	+	ENSG00000113643	1	RARS1	protein_coding	1	2	0.55785	own-gene 3'UTR verified vs GTF; audit only, not a published ranked list (20 disclosure 1, issue #99)
386164	5	170082965	170083382	+	ENSG00000134516	1	DOCK2	protein_coding	1	2	0.38726	own-gene 3'UTR verified vs GTF; audit only, not a published ranked list (20 disclosure 1, issue #99)
386410	5	171406733	171406734	+	ENSG00000181163	1	NPM1	protein_coding	9	8	0.45585	own-gene 3'UTR verified vs GTF; audit only, not a published ranked list (20 disclosure 1, issue #99)
386444	5	171861462	171862103	-	ENSG00000072803	1	FBXW11	protein_coding	2	2	0.48426	own-gene 3'UTR verified vs GTF; audit only, not a published ranked list (20 disclosure 1, issue #99)
386919	5	172952508	172952683	+	ENSG00000113719	1	ERGIC1	protein_coding	1	2	0.29751	own-gene 3'UTR verified vs GTF; audit only, not a published ranked list (20 disclosure 1, issue #99)
387159	5	173956025	173957080	+	ENSG00000113742	1	CPEB4	protein_coding	1	2	0.31144	own-gene 3'UTR verified vs GTF; audit only, not a published ranked list (20 disclosure 1, issue #99)
387482	5	176509613	176510077	+	ENSG00000113194	1	FAF2	protein_coding	3	4	0.62375	own-gene 3'UTR verified vs GTF; audit only, not a published ranked list (20 disclosure 1, issue #99)
387722	5	177306948	177306949	+	ENSG00000169230	1	PRELID1	protein_coding	2	3	0.28928	own-gene 3'UTR verified vs GTF; audit only, not a published ranked list (20 disclosure 1, issue #99)
387737	5	177331561	177331567	-	ENSG00000169223	1	LMAN2	protein_coding	4	3	0.35433	own-gene 3'UTR verified vs GTF; audit only, not a published ranked list (20 disclosure 1, issue #99)
387738	5	177331951	177332025	-	ENSG00000169223	1	LMAN2	protein_coding	2	4	0.26284	own-gene 3'UTR verified vs GTF; audit only, not a published ranked list (20 disclosure 1, issue #99)
387789	5	177503747	177504132	-	ENSG00000146094	1	DOK3	protein_coding	2	2	0.55895	own-gene 3'UTR verified vs GTF; audit only, not a published ranked list (20 disclosure 1, issue #99)
387796	5	177519788	177520097	-	ENSG00000146067	1	FAM193B	protein_coding	1	2	0.77265	own-gene 3'UTR verified vs GTF; audit only, not a published ranked list (20 disclosure 1, issue #99)
387818	5	177596078	177596116	+	ENSG00000184840	1	TMED9	protein_coding	7	5	0.22186	own-gene 3'UTR verified vs GTF; audit only, not a published ranked list (20 disclosure 1, issue #99)
387979	5	178210959	178211163	+	ENSG00000197451	1	HNRNPAB	protein_coding	1	2	0.20469	own-gene 3'UTR verified vs GTF; audit only, not a published ranked list (20 disclosure 1, issue #99)
388259	5	179728829	179729152	+	ENSG00000127022	1	CANX	protein_coding	2	3	0.41921	own-gene 3'UTR verified vs GTF; audit only, not a published ranked list (20 disclosure 1, issue #99)
388264	5	179730449	179730460	+	ENSG00000127022	1	CANX	protein_coding	3	4	0.51632	own-gene 3'UTR verified vs GTF; audit only, not a published ranked list (20 disclosure 1, issue #99)
388265	5	179730637	179730656	+	ENSG00000127022	1	CANX	protein_coding	3	4	0.37208	own-gene 3'UTR verified vs GTF; audit only, not a published ranked list (20 disclosure 1, issue #99)
388266	5	179730924	179730953	+	ENSG00000127022	1	CANX	protein_coding	6	5	0.49401	own-gene 3'UTR verified vs GTF; audit only, not a published ranked list (20 disclosure 1, issue #99)
388267	5	179731079	179731641	+	ENSG00000127022	1	CANX	protein_coding	6	4	0.27658	own-gene 3'UTR verified vs GTF; audit only, not a published ranked list (20 disclosure 1, issue #99)
388330	5	179821661	179822090	+	ENSG00000161011	1	SQSTM1	protein_coding	4	5	0.32978	own-gene 3'UTR verified vs GTF; audit only, not a published ranked list (20 disclosure 1, issue #99)
388354	5	179836677	179836763	+	ENSG00000161011	1	SQSTM1	protein_coding	2	2	0.25003	own-gene 3'UTR verified vs GTF; audit only, not a published ranked list (20 disclosure 1, issue #99)
388356	5	179837157	179837398	+	ENSG00000161011	1	SQSTM1	protein_coding	9	5	0.34000	own-gene 3'UTR verified vs GTF; audit only, not a published ranked list (20 disclosure 1, issue #99)
388357	5	179837265	179837290	-	ENSG00000161010	1	MRNIP	protein_coding	2	2	0.66196	own-gene 3'UTR verified vs GTF; audit only, not a published ranked list (20 disclosure 1, issue #99)
388358	5	179838070	179838117	+	ENSG00000161011	1	SQSTM1	protein_coding	5	6	0.35871	own-gene 3'UTR verified vs GTF; audit only, not a published ranked list (20 disclosure 1, issue #99)
388421	5	179955450	179955569	-	ENSG00000113269	1	RNF130	protein_coding	9	4	0.67256	own-gene 3'UTR verified vs GTF; audit only, not a published ranked list (20 disclosure 1, issue #99)
388790	5	181238867	181239200	-	ENSG00000204628	1	RACK1	protein_coding	1	2	0.16059	own-gene 3'UTR verified vs GTF; audit only, not a published ranked list (20 disclosure 1, issue #99)
389048	6	1623799	1624144	-	ENSG00000112699	1	GMDS	protein_coding	1	2	0.40567	own-gene 3'UTR verified vs GTF; audit only, not a published ranked list (20 disclosure 1, issue #99)
389410	6	2832331	2832335	-	ENSG00000021355	1	SERPINB1	protein_coding	2	2	0.30187	own-gene 3'UTR verified vs GTF; audit only, not a published ranked list (20 disclosure 1, issue #99)
389413	6	2833022	2833029	-	ENSG00000021355	1	SERPINB1	protein_coding	2	3	0.33569	own-gene 3'UTR verified vs GTF; audit only, not a published ranked list (20 disclosure 1, issue #99)
389416	6	2833495	2833646	-	ENSG00000021355	1	SERPINB1	protein_coding	2	4	0.34801	own-gene 3'UTR verified vs GTF; audit only, not a published ranked list (20 disclosure 1, issue #99)
389447	6	2887168	2887712	-	ENSG00000170542	1	SERPINB9	protein_coding	1	2	0.15351	own-gene 3'UTR verified vs GTF; audit only, not a published ranked list (20 disclosure 1, issue #99)
389771	6	4061511	4062052	+	ENSG00000112739	1	PRPF4B	protein_coding	1	2	0.33414	own-gene 3'UTR verified vs GTF; audit only, not a published ranked list (20 disclosure 1, issue #99)
390318	6	7281142	7281532	-	ENSG00000124783	1	SSR1	protein_coding	2	2	0.27900	own-gene 3'UTR verified vs GTF; audit only, not a published ranked list (20 disclosure 1, issue #99)
390323	6	7284710	7285169	-	ENSG00000124783	1	SSR1	protein_coding	1	2	0.11464	own-gene 3'UTR verified vs GTF; audit only, not a published ranked list (20 disclosure 1, issue #99)
390326	6	7287569	7287570	-	ENSG00000124783	1	SSR1	protein_coding	3	2	0.39069	own-gene 3'UTR verified vs GTF; audit only, not a published ranked list (20 disclosure 1, issue #99)
390331	6	7289534	7289675	-	ENSG00000124783	1	SSR1	protein_coding	2	2	0.31201	own-gene 3'UTR verified vs GTF; audit only, not a published ranked list (20 disclosure 1, issue #99)
390457	6	7882711	7883165	-	ENSG00000239264	2	TXNDC5	protein_coding	3	5	0.55116	own-gene 3'UTR verified vs GTF; audit only, not a published ranked list (20 disclosure 1, issue #99)
390840	6	11183200	11183949	-	ENSG00000111859	1	NEDD9	protein_coding	3	4	0.38425	own-gene 3'UTR verified vs GTF; audit only, not a published ranked list (20 disclosure 1, issue #99)
390841	6	11184812	11185505	-	ENSG00000111859	1	NEDD9	protein_coding	3	3	0.45316	own-gene 3'UTR verified vs GTF; audit only, not a published ranked list (20 disclosure 1, issue #99)
391267	6	13272928	13273703	+	ENSG00000112137	1	PHACTR1	protein_coding	4	3	0.74253	own-gene 3'UTR verified vs GTF; audit only, not a published ranked list (20 disclosure 1, issue #99)
391401	6	13620771	13621014	+	ENSG00000225921	1	NOL7	protein_coding	2	2	0.51831	own-gene 3'UTR verified vs GTF; audit only, not a published ranked list (20 disclosure 1, issue #99)
391404	6	13621616	13621720	+	ENSG00000225921	1	NOL7	protein_coding	2	2	0.28994	own-gene 3'UTR verified vs GTF; audit only, not a published ranked list (20 disclosure 1, issue #99)
391547	6	14135721	14135890	+	ENSG00000112149	1	CD83	protein_coding	7	4	0.56025	own-gene 3'UTR verified vs GTF; audit only, not a published ranked list (20 disclosure 1, issue #99)
391549	6	14136185	14136232	+	ENSG00000112149	1	CD83	protein_coding	7	4	0.52385	own-gene 3'UTR verified vs GTF; audit only, not a published ranked list (20 disclosure 1, issue #99)
391551	6	14136550	14136680	+	ENSG00000112149	1	CD83	protein_coding	6	4	0.41914	own-gene 3'UTR verified vs GTF; audit only, not a published ranked list (20 disclosure 1, issue #99)
391552	6	14136851	14136955	+	ENSG00000112149	1	CD83	protein_coding	2	3	0.23236	own-gene 3'UTR verified vs GTF; audit only, not a published ranked list (20 disclosure 1, issue #99)
391865	6	15520622	15522057	+	ENSG00000008083	1	JARID2	protein_coding	3	3	0.45368	own-gene 3'UTR verified vs GTF; audit only, not a published ranked list (20 disclosure 1, issue #99)
391951	6	16148107	16148248	+	ENSG00000007944	1	MYLIP	protein_coding	2	3	0.33833	own-gene 3'UTR verified vs GTF; audit only, not a published ranked list (20 disclosure 1, issue #99)
391982	6	16299109	16299643	-	ENSG00000124788	1	ATXN1	protein_coding	1	2	0.21262	own-gene 3'UTR verified vs GTF; audit only, not a published ranked list (20 disclosure 1, issue #99)
393220	6	21595613	21597164	+	ENSG00000124766	1	SOX4	protein_coding	5	3	0.47479	own-gene 3'UTR verified vs GTF; audit only, not a published ranked list (20 disclosure 1, issue #99)
393223	6	21598112	21598619	+	ENSG00000124766	1	SOX4	protein_coding	3	2	0.40945	own-gene 3'UTR verified vs GTF; audit only, not a published ranked list (20 disclosure 1, issue #99)
394014	6	26124303	26125465	+	ENSG00000180573	1	H2AC6	protein_coding	5	4	0.57132	own-gene 3'UTR verified vs GTF; audit only, not a published ranked list (20 disclosure 1, issue #99)
394026	6	26138146	26138374	+	ENSG00000180573	1	H2AC6	protein_coding	1	2	0.36641	own-gene 3'UTR verified vs GTF; audit only, not a published ranked list (20 disclosure 1, issue #99)
394027	6	26138951	26138963	+	ENSG00000180573	1	H2AC6	protein_coding	4	4	0.49800	own-gene 3'UTR verified vs GTF; audit only, not a published ranked list (20 disclosure 1, issue #99)
394053	6	26170728	26171349	+	ENSG00000158373	1	H2BC5	protein_coding	1	2	0.48382	own-gene 3'UTR verified vs GTF; audit only, not a published ranked list (20 disclosure 1, issue #99)
394921	6	29602227	29602627	-	ENSG00000204681	1	GABBR1	protein_coding	2	3	0.18127	own-gene 3'UTR verified vs GTF; audit only, not a published ranked list (20 disclosure 1, issue #99)
395132	6	30184445	30184455	-	ENSG00000234127	1	TRIM26	protein_coding	2	2	0.43117	own-gene 3'UTR verified vs GTF; audit only, not a published ranked list (20 disclosure 1, issue #99)
395256	6	30494141	30494194	+	ENSG00000204592	1	HLA-E	protein_coding	2	3	0.18421	own-gene 3'UTR verified vs GTF; audit only, not a published ranked list (20 disclosure 1, issue #99)
395338	6	30600399	30600982	-	ENSG00000204569	1	PPP1R10	protein_coding	3	4	0.49473	own-gene 3'UTR verified vs GTF; audit only, not a published ranked list (20 disclosure 1, issue #99)
395366	6	30626256	30626395	+	ENSG00000204568	1	MRPS18B	protein_coding	1	2	0.36225	own-gene 3'UTR verified vs GTF; audit only, not a published ranked list (20 disclosure 1, issue #99)
395452	6	30727829	30727830	-	ENSG00000137312	1	FLOT1	protein_coding	1	2	0.37423	own-gene 3'UTR verified vs GTF; audit only, not a published ranked list (20 disclosure 1, issue #99)
395640	6	31270262	31270481	-	ENSG00000204525	2	HLA-C	protein_coding	2	3	0.17912	own-gene 3'UTR verified vs GTF; audit only, not a published ranked list (20 disclosure 1, issue #99)
395642	6	31270652	31271874	-	ENSG00000204525	2	HLA-C	protein_coding	3	4	0.21779	own-gene 3'UTR verified vs GTF; audit only, not a published ranked list (20 disclosure 1, issue #99)
395736	6	31530242	31530243	-	ENSG00000198563	2	DDX39B	protein_coding	5	6	0.50191	own-gene 3'UTR verified vs GTF; audit only, not a published ranked list (20 disclosure 1, issue #99)
395771	6	31573372	31574324	+	ENSG00000226979	1	LTA	protein_coding	1	2	0.47981	own-gene 3'UTR verified vs GTF; audit only, not a published ranked list (20 disclosure 1, issue #99)
395796	6	31616907	31617015	+	ENSG00000204472	1	AIF1	protein_coding	3	2	0.21312	own-gene 3'UTR verified vs GTF; audit only, not a published ranked list (20 disclosure 1, issue #99)
395845	6	31686948	31686961	-	ENSG00000204427	1	ABHD16A	protein_coding	1	2	0.17857	own-gene 3'UTR verified vs GTF; audit only, not a published ranked list (20 disclosure 1, issue #99)
395863	6	31727039	31727183	-	ENSG00000213722	1	DDAH2	protein_coding	24	6	0.71086	own-gene 3'UTR verified vs GTF; audit only, not a published ranked list (20 disclosure 1, issue #99)
395922	6	31809618	31810105	-	ENSG00000204390	1	HSPA1L	protein_coding	1	2	0.24421	own-gene 3'UTR verified vs GTF; audit only, not a published ranked list (20 disclosure 1, issue #99)
396038	6	31952077	31952228	-	ENSG00000204356	1	NELFE	protein_coding	1	2	0.46109	own-gene 3'UTR verified vs GTF; audit only, not a published ranked list (20 disclosure 1, issue #99)
396052	6	31969319	31969842	+	ENSG00000204351	1	SKIV2L	protein_coding	2	2	0.51314	own-gene 3'UTR verified vs GTF; audit only, not a published ranked list (20 disclosure 1, issue #99)
396061	6	31981445	31981448	+	ENSG00000204344	1	STK19	protein_coding	1	2	0.71277	own-gene 3'UTR verified vs GTF; audit only, not a published ranked list (20 disclosure 1, issue #99)
396118	6	32190764	32191309	-	ENSG00000213654	1	GPSM3	protein_coding	1	2	0.39066	own-gene 3'UTR verified vs GTF; audit only, not a published ranked list (20 disclosure 1, issue #99)
396150	6	32443741	32443945	+	ENSG00000204287	1	HLA-DRA	protein_coding	13	4	0.78984	own-gene 3'UTR verified vs GTF; audit only, not a published ranked list (20 disclosure 1, issue #99)
396154	6	32444739	32445193	+	ENSG00000204287	1	HLA-DRA	protein_coding	1	2	0.03797	own-gene 3'UTR verified vs GTF; audit only, not a published ranked list (20 disclosure 1, issue #99)
396221	6	32578682	32578769	-	ENSG00000196126	1	HLA-DRB1	protein_coding	3	2	0.34976	own-gene 3'UTR verified vs GTF; audit only, not a published ranked list (20 disclosure 1, issue #99)
396222	6	32578884	32579040	-	ENSG00000196126	1	HLA-DRB1	protein_coding	4	2	0.46413	own-gene 3'UTR verified vs GTF; audit only, not a published ranked list (20 disclosure 1, issue #99)
396264	6	32643106	32643299	+	ENSG00000196735	1	HLA-DQA1	protein_coding	4	3	0.33103	own-gene 3'UTR verified vs GTF; audit only, not a published ranked list (20 disclosure 1, issue #99)
396265	6	32643424	32643776	+	ENSG00000196735	1	HLA-DQA1	protein_coding	13	5	0.69164	own-gene 3'UTR verified vs GTF; audit only, not a published ranked list (20 disclosure 1, issue #99)
396288	6	32659425	32659499	-	ENSG00000179344	1	HLA-DQB1	protein_coding	12	6	0.58923	own-gene 3'UTR verified vs GTF; audit only, not a published ranked list (20 disclosure 1, issue #99)
396291	6	32659885	32660072	-	ENSG00000179344	1	HLA-DQB1	protein_coding	1	2	0.16748	own-gene 3'UTR verified vs GTF; audit only, not a published ranked list (20 disclosure 1, issue #99)
396353	6	32840716	32840745	-	ENSG00000204264	1	PSMB8	protein_coding	1	2	0.24087	own-gene 3'UTR verified vs GTF; audit only, not a published ranked list (20 disclosure 1, issue #99)
396378	6	32859537	32859585	+	ENSG00000240065	1	PSMB9	protein_coding	1	3	0.29090	own-gene 3'UTR verified vs GTF; audit only, not a published ranked list (20 disclosure 1, issue #99)
396433	6	32971690	32973478	+	ENSG00000204256	1	BRD2	protein_coding	2	4	0.34420	own-gene 3'UTR verified vs GTF; audit only, not a published ranked list (20 disclosure 1, issue #99)
396438	6	32977394	32978295	+	ENSG00000204256	1	BRD2	protein_coding	1	3	0.22839	own-gene 3'UTR verified vs GTF; audit only, not a published ranked list (20 disclosure 1, issue #99)
396442	6	32981309	32981310	+	ENSG00000204256	1	BRD2	protein_coding	3	2	0.36169	own-gene 3'UTR verified vs GTF; audit only, not a published ranked list (20 disclosure 1, issue #99)
396457	6	33006554	33006766	-	ENSG00000204252	1	HLA-DOA	protein_coding	1	2	0.28643	own-gene 3'UTR verified vs GTF; audit only, not a published ranked list (20 disclosure 1, issue #99)
396473	6	33067659	33067667	-	ENSG00000231389	1	HLA-DPA1	protein_coding	10	6	0.54246	own-gene 3'UTR verified vs GTF; audit only, not a published ranked list (20 disclosure 1, issue #99)
396474	6	33067769	33067788	-	ENSG00000231389	1	HLA-DPA1	protein_coding	1	2	0.66189	own-gene 3'UTR verified vs GTF; audit only, not a published ranked list (20 disclosure 1, issue #99)
396477	6	33068467	33068812	-	ENSG00000231389	1	HLA-DPA1	protein_coding	16	4	0.82595	own-gene 3'UTR verified vs GTF; audit only, not a published ranked list (20 disclosure 1, issue #99)
396500	6	33087185	33087206	+	ENSG00000223865	1	HLA-DPB1	protein_coding	3	3	0.16246	own-gene 3'UTR verified vs GTF; audit only, not a published ranked list (20 disclosure 1, issue #99)
396501	6	33087399	33087432	+	ENSG00000223865	1	HLA-DPB1	protein_coding	1	2	0.15097	own-gene 3'UTR verified vs GTF; audit only, not a published ranked list (20 disclosure 1, issue #99)
396502	6	33087603	33088287	+	ENSG00000223865	1	HLA-DPB1	protein_coding	5	3	0.27084	own-gene 3'UTR verified vs GTF; audit only, not a published ranked list (20 disclosure 1, issue #99)
396535	6	33204384	33204437	+	ENSG00000112473	1	SLC39A7	protein_coding	2	2	0.57720	own-gene 3'UTR verified vs GTF; audit only, not a published ranked list (20 disclosure 1, issue #99)
396572	6	33276465	33276504	+	ENSG00000231500	1	RPS18	protein_coding	4	2	0.20796	own-gene 3'UTR verified vs GTF; audit only, not a published ranked list (20 disclosure 1, issue #99)
396584	6	33290871	33290933	+	ENSG00000204220	1	PFDN6	protein_coding	1	2	0.25949	own-gene 3'UTR verified vs GTF; audit only, not a published ranked list (20 disclosure 1, issue #99)
396590	6	33298163	33298442	+	ENSG00000204220	1	PFDN6	protein_coding	1	2	0.31393	own-gene 3'UTR verified vs GTF; audit only, not a published ranked list (20 disclosure 1, issue #99)
396933	6	34587282	34587288	-	ENSG00000196821	1	ILRUN	protein_coding	2	3	0.48685	own-gene 3'UTR verified vs GTF; audit only, not a published ranked list (20 disclosure 1, issue #99)
397279	6	35427755	35428185	+	ENSG00000112033	1	PPARD	protein_coding	2	2	0.57097	own-gene 3'UTR verified vs GTF; audit only, not a published ranked list (20 disclosure 1, issue #99)
397358	6	35573589	35573644	-	ENSG00000096060	1	FKBP5	protein_coding	7	4	0.45989	own-gene 3'UTR verified vs GTF; audit only, not a published ranked list (20 disclosure 1, issue #99)
397360	6	35574134	35574242	-	ENSG00000096060	1	FKBP5	protein_coding	1	2	0.28790	own-gene 3'UTR verified vs GTF; audit only, not a published ranked list (20 disclosure 1, issue #99)
397361	6	35574669	35575443	-	ENSG00000096060	1	FKBP5	protein_coding	2	2	0.29466	own-gene 3'UTR verified vs GTF; audit only, not a published ranked list (20 disclosure 1, issue #99)
397524	6	35833033	35833462	-	ENSG00000096063	1	SRPK1	protein_coding	1	2	0.60058	own-gene 3'UTR verified vs GTF; audit only, not a published ranked list (20 disclosure 1, issue #99)
397561	6	35886023	35887008	-	ENSG00000096063	1	SRPK1	protein_coding	1	2	0.62770	own-gene 3'UTR verified vs GTF; audit only, not a published ranked list (20 disclosure 1, issue #99)
397755	6	36489692	36491325	+	ENSG00000112078	1	KCTD20	protein_coding	1	2	0.32982	own-gene 3'UTR verified vs GTF; audit only, not a published ranked list (20 disclosure 1, issue #99)
397759	6	36493881	36493892	-	ENSG00000112079	1	STK38	protein_coding	1	3	0.36711	own-gene 3'UTR verified vs GTF; audit only, not a published ranked list (20 disclosure 1, issue #99)
397825	6	36602054	36602547	+	ENSG00000112081	1	SRSF3	protein_coding	1	3	0.30873	own-gene 3'UTR verified vs GTF; audit only, not a published ranked list (20 disclosure 1, issue #99)
397826	6	36602744	36602935	+	ENSG00000112081	1	SRSF3	protein_coding	1	2	0.17333	own-gene 3'UTR verified vs GTF; audit only, not a published ranked list (20 disclosure 1, issue #99)
397828	6	36603426	36603431	+	ENSG00000112081	1	SRSF3	protein_coding	4	3	0.28089	own-gene 3'UTR verified vs GTF; audit only, not a published ranked list (20 disclosure 1, issue #99)
397936	6	36968140	36968338	-	ENSG00000137409	1	MTCH1	protein_coding	1	2	0.09280	own-gene 3'UTR verified vs GTF; audit only, not a published ranked list (20 disclosure 1, issue #99)
397958	6	37028721	37029083	+	ENSG00000146192	1	FGD2	protein_coding	1	2	0.40688	own-gene 3'UTR verified vs GTF; audit only, not a published ranked list (20 disclosure 1, issue #99)
398343	6	38152329	38152860	+	ENSG00000156639	1	ZFAND3	protein_coding	1	2	0.20123	own-gene 3'UTR verified vs GTF; audit only, not a published ranked list (20 disclosure 1, issue #99)
398345	6	38154151	38154624	+	ENSG00000156639	1	ZFAND3	protein_coding	2	2	0.29245	own-gene 3'UTR verified vs GTF; audit only, not a published ranked list (20 disclosure 1, issue #99)
398843	6	41273597	41274093	-	ENSG00000124731	1	TREM1	protein_coding	4	3	0.55291	own-gene 3'UTR verified vs GTF; audit only, not a published ranked list (20 disclosure 1, issue #99)
398844	6	41275202	41276116	-	ENSG00000124731	1	TREM1	protein_coding	1	2	0.12833	own-gene 3'UTR verified vs GTF; audit only, not a published ranked list (20 disclosure 1, issue #99)
398975	6	41934951	41934952	-	ENSG00000112576	1	CCND3	protein_coding	5	3	0.32617	own-gene 3'UTR verified vs GTF; audit only, not a published ranked list (20 disclosure 1, issue #99)
399458	6	42888998	42889889	+	ENSG00000146223	1	RPL7L1	protein_coding	3	4	0.33655	own-gene 3'UTR verified vs GTF; audit only, not a published ranked list (20 disclosure 1, issue #99)
399476	6	42939262	42939300	+	ENSG00000137161	1	CNPY3	protein_coding	1	2	0.23810	own-gene 3'UTR verified vs GTF; audit only, not a published ranked list (20 disclosure 1, issue #99)
399680	6	43522333	43522752	-	ENSG00000124571	1	XPO5	protein_coding	2	3	0.14115	own-gene 3'UTR verified vs GTF; audit only, not a published ranked list (20 disclosure 1, issue #99)
399740	6	43620484	43620862	-	ENSG00000172432	1	GTPBP2	protein_coding	4	3	0.70217	own-gene 3'UTR verified vs GTF; audit only, not a published ranked list (20 disclosure 1, issue #99)
399908	6	44253740	44253866	+	ENSG00000096384	1	HSP90AB1	protein_coding	7	4	0.36142	own-gene 3'UTR verified vs GTF; audit only, not a published ranked list (20 disclosure 1, issue #99)
399909	6	44254100	44254106	-	ENSG00000157593	1	SLC35B2	protein_coding	1	2	0.52436	own-gene 3'UTR verified vs GTF; audit only, not a published ranked list (20 disclosure 1, issue #99)
400594	6	47626507	47627141	+	ENSG00000198087	1	CD2AP	protein_coding	2	3	0.61190	own-gene 3'UTR verified vs GTF; audit only, not a published ranked list (20 disclosure 1, issue #99)
400961	6	53267403	53267502	-	ENSG00000012660	1	ELOVL5	protein_coding	3	2	0.44694	own-gene 3'UTR verified vs GTF; audit only, not a published ranked list (20 disclosure 1, issue #99)
400985	6	53294087	53295454	-	ENSG00000012660	1	ELOVL5	protein_coding	1	2	0.23301	own-gene 3'UTR verified vs GTF; audit only, not a published ranked list (20 disclosure 1, issue #99)
401424	6	57169804	57170353	+	ENSG00000112200	1	ZNF451	protein_coding	1	2	0.49220	own-gene 3'UTR verified vs GTF; audit only, not a published ranked list (20 disclosure 1, issue #99)
401923	6	63583276	63583385	+	ENSG00000112245	2	PTP4A1	protein_coding	7	5	0.50398	own-gene 3'UTR verified vs GTF; audit only, not a published ranked list (20 disclosure 1, issue #99)
401972	6	63713142	63714998	+	ENSG00000118482	1	PHF3	protein_coding	1	2	0.31632	own-gene 3'UTR verified vs GTF; audit only, not a published ranked list (20 disclosure 1, issue #99)
402151	6	69675792	69675944	-	ENSG00000168216	1	LMBRD1	protein_coding	5	6	0.54926	own-gene 3'UTR verified vs GTF; audit only, not a published ranked list (20 disclosure 1, issue #99)
402802	6	73515749	73516169	-	ENSG00000156508	1	EEF1A1	protein_coding	2	2	0.17614	own-gene 3'UTR verified vs GTF; audit only, not a published ranked list (20 disclosure 1, issue #99)
402999	6	75252923	75253313	-	ENSG00000112697	1	TMEM30A	protein_coding	4	3	0.46510	own-gene 3'UTR verified vs GTF; audit only, not a published ranked list (20 disclosure 1, issue #99)
403125	6	75715187	75716356	+	ENSG00000112701	1	SENP6	protein_coding	1	2	0.48944	own-gene 3'UTR verified vs GTF; audit only, not a published ranked list (20 disclosure 1, issue #99)
403652	6	81745728	81746132	-	ENSG00000112773	1	TENT5A	protein_coding	3	4	0.40133	own-gene 3'UTR verified vs GTF; audit only, not a published ranked list (20 disclosure 1, issue #99)
404056	6	85505650	85506079	-	ENSG00000135317	1	SNX14	protein_coding	1	2	0.51138	own-gene 3'UTR verified vs GTF; audit only, not a published ranked list (20 disclosure 1, issue #99)
404469	6	87674859	87675057	-	ENSG00000135334	1	AKIRIN2	protein_coding	1	2	0.29684	own-gene 3'UTR verified vs GTF; audit only, not a published ranked list (20 disclosure 1, issue #99)
404471	6	87675250	87675326	-	ENSG00000135334	1	AKIRIN2	protein_coding	2	3	0.28340	own-gene 3'UTR verified vs GTF; audit only, not a published ranked list (20 disclosure 1, issue #99)
404771	6	89326624	89327494	-	ENSG00000198833	1	UBE2J1	protein_coding	1	4	0.30626	own-gene 3'UTR verified vs GTF; audit only, not a published ranked list (20 disclosure 1, issue #99)
404772	6	89327636	89327661	-	ENSG00000198833	1	UBE2J1	protein_coding	1	2	0.18070	own-gene 3'UTR verified vs GTF; audit only, not a published ranked list (20 disclosure 1, issue #99)
404775	6	89328059	89328143	-	ENSG00000198833	1	UBE2J1	protein_coding	3	5	0.44096	own-gene 3'UTR verified vs GTF; audit only, not a published ranked list (20 disclosure 1, issue #99)
404777	6	89328976	89328977	-	ENSG00000198833	1	UBE2J1	protein_coding	3	3	0.30491	own-gene 3'UTR verified vs GTF; audit only, not a published ranked list (20 disclosure 1, issue #99)
404779	6	89329520	89329703	-	ENSG00000198833	1	UBE2J1	protein_coding	5	4	0.49617	own-gene 3'UTR verified vs GTF; audit only, not a published ranked list (20 disclosure 1, issue #99)
405286	6	96554788	96555276	+	ENSG00000014123	1	UFL1	protein_coding	2	2	0.41873	own-gene 3'UTR verified vs GTF; audit only, not a published ranked list (20 disclosure 1, issue #99)
405301	6	96891011	96891300	-	ENSG00000123545	1	NDUFAF4	protein_coding	1	2	0.39575	own-gene 3'UTR verified vs GTF; audit only, not a published ranked list (20 disclosure 1, issue #99)
405434	6	99400805	99401779	-	ENSG00000132424	1	PNISR	protein_coding	1	2	0.23339	own-gene 3'UTR verified vs GTF; audit only, not a published ranked list (20 disclosure 1, issue #99)
405541	6	99542386	99542475	-	ENSG00000112237	1	CCNC	protein_coding	2	2	0.32839	own-gene 3'UTR verified vs GTF; audit only, not a published ranked list (20 disclosure 1, issue #99)
406035	6	106185911	106186184	-	ENSG00000057663	1	ATG5	protein_coding	8	4	0.67353	own-gene 3'UTR verified vs GTF; audit only, not a published ranked list (20 disclosure 1, issue #99)
406153	6	106570099	106570449	+	ENSG00000112297	1	CRYBG1	protein_coding	1	2	0.32532	own-gene 3'UTR verified vs GTF; audit only, not a published ranked list (20 disclosure 1, issue #99)
406209	6	106969735	106970810	-	ENSG00000272398	1	CD24	protein_coding	3	3	0.55892	own-gene 3'UTR verified vs GTF; audit only, not a published ranked list (20 disclosure 1, issue #99)
406211	6	106971235	106971713	-	ENSG00000272398	1	CD24	protein_coding	4	2	0.80895	own-gene 3'UTR verified vs GTF; audit only, not a published ranked list (20 disclosure 1, issue #99)
406393	6	107704103	107705211	-	ENSG00000146285	1	SCML4	protein_coding	1	2	0.23354	own-gene 3'UTR verified vs GTF; audit only, not a published ranked list (20 disclosure 1, issue #99)
406568	6	108211221	108211222	-	ENSG00000112335	1	SNX3	protein_coding	8	5	0.43686	own-gene 3'UTR verified vs GTF; audit only, not a published ranked list (20 disclosure 1, issue #99)
406569	6	108211512	108211722	-	ENSG00000112335	1	SNX3	protein_coding	2	3	0.13877	own-gene 3'UTR verified vs GTF; audit only, not a published ranked list (20 disclosure 1, issue #99)
406570	6	108211825	108212033	-	ENSG00000112335	1	SNX3	protein_coding	9	5	0.48064	own-gene 3'UTR verified vs GTF; audit only, not a published ranked list (20 disclosure 1, issue #99)
406748	6	108683040	108684851	+	ENSG00000118689	1	FOXO3	protein_coding	7	4	0.44554	own-gene 3'UTR verified vs GTF; audit only, not a published ranked list (20 disclosure 1, issue #99)
406893	6	109366513	109366731	-	ENSG00000135535	1	CD164	protein_coding	8	4	0.36322	own-gene 3'UTR verified vs GTF; audit only, not a published ranked list (20 disclosure 1, issue #99)
406894	6	109367180	109367402	-	ENSG00000135535	1	CD164	protein_coding	6	5	0.40538	own-gene 3'UTR verified vs GTF; audit only, not a published ranked list (20 disclosure 1, issue #99)
406896	6	109368276	109368389	-	ENSG00000135535	1	CD164	protein_coding	3	4	0.27842	own-gene 3'UTR verified vs GTF; audit only, not a published ranked list (20 disclosure 1, issue #99)
406897	6	109368543	109368679	-	ENSG00000135535	1	CD164	protein_coding	7	4	0.41663	own-gene 3'UTR verified vs GTF; audit only, not a published ranked list (20 disclosure 1, issue #99)
406898	6	109368790	109368867	-	ENSG00000135535	1	CD164	protein_coding	3	5	0.41384	own-gene 3'UTR verified vs GTF; audit only, not a published ranked list (20 disclosure 1, issue #99)
407453	6	111374439	111376678	-	ENSG00000009413	1	REV3L	protein_coding	1	2	0.26416	own-gene 3'UTR verified vs GTF; audit only, not a published ranked list (20 disclosure 1, issue #99)
408107	6	116437775	116438279	+	ENSG00000111817	2	DSE	protein_coding	1	2	0.54469	own-gene 3'UTR verified vs GTF; audit only, not a published ranked list (20 disclosure 1, issue #99)
408662	6	119177200	119177548	-	ENSG00000111885	1	MAN1A1	protein_coding	6	4	0.60541	own-gene 3'UTR verified vs GTF; audit only, not a published ranked list (20 disclosure 1, issue #99)
408945	6	122443350	122443467	-	ENSG00000111897	1	SERINC1	protein_coding	4	3	0.26958	own-gene 3'UTR verified vs GTF; audit only, not a published ranked list (20 disclosure 1, issue #99)
409225	6	125929107	125930015	+	ENSG00000111912	1	NCOA7	protein_coding	4	4	0.51096	own-gene 3'UTR verified vs GTF; audit only, not a published ranked list (20 disclosure 1, issue #99)
409227	6	125931019	125931111	+	ENSG00000111912	1	NCOA7	protein_coding	6	7	0.76635	own-gene 3'UTR verified vs GTF; audit only, not a published ranked list (20 disclosure 1, issue #99)
409366	6	127288711	127288712	-	ENSG00000093144	1	ECHDC1	protein_coding	1	2	0.28519	own-gene 3'UTR verified vs GTF; audit only, not a published ranked list (20 disclosure 1, issue #99)
409887	6	129577094	129577191	-	ENSG00000146376	1	ARHGAP18	protein_coding	2	3	0.46072	own-gene 3'UTR verified vs GTF; audit only, not a published ranked list (20 disclosure 1, issue #99)
409888	6	129577327	129577339	-	ENSG00000146376	1	ARHGAP18	protein_coding	3	3	0.52483	own-gene 3'UTR verified vs GTF; audit only, not a published ranked list (20 disclosure 1, issue #99)
410101	6	130839345	130839793	-	ENSG00000079819	1	EPB41L2	protein_coding	1	2	0.37488	own-gene 3'UTR verified vs GTF; audit only, not a published ranked list (20 disclosure 1, issue #99)
410359	6	131746846	131747413	+	ENSG00000154269	1	ENPP3	protein_coding	1	2	0.84928	own-gene 3'UTR verified vs GTF; audit only, not a published ranked list (20 disclosure 1, issue #99)
410428	6	132460497	132460657	-	ENSG00000079950	1	STX7	protein_coding	1	2	0.26578	own-gene 3'UTR verified vs GTF; audit only, not a published ranked list (20 disclosure 1, issue #99)
411124	6	136258585	136258586	-	ENSG00000029363	1	BCLAF1	protein_coding	2	4	0.36902	own-gene 3'UTR verified vs GTF; audit only, not a published ranked list (20 disclosure 1, issue #99)
411231	6	136556798	136557416	-	ENSG00000197442	1	MAP3K5	protein_coding	1	3	0.49798	own-gene 3'UTR verified vs GTF; audit only, not a published ranked list (20 disclosure 1, issue #99)
411390	6	137197484	137197572	-	ENSG00000027697	1	IFNGR1	protein_coding	3	2	0.18013	own-gene 3'UTR verified vs GTF; audit only, not a published ranked list (20 disclosure 1, issue #99)
411544	6	137882277	137882365	+	ENSG00000118503	1	TNFAIP3	protein_coding	2	2	0.26657	own-gene 3'UTR verified vs GTF; audit only, not a published ranked list (20 disclosure 1, issue #99)
411545	6	137882581	137882598	+	ENSG00000118503	1	TNFAIP3	protein_coding	4	4	0.40552	own-gene 3'UTR verified vs GTF; audit only, not a published ranked list (20 disclosure 1, issue #99)
411547	6	137882877	137882901	+	ENSG00000118503	1	TNFAIP3	protein_coding	2	4	0.28462	own-gene 3'UTR verified vs GTF; audit only, not a published ranked list (20 disclosure 1, issue #99)
411548	6	137883068	137883405	+	ENSG00000118503	1	TNFAIP3	protein_coding	2	3	0.28477	own-gene 3'UTR verified vs GTF; audit only, not a published ranked list (20 disclosure 1, issue #99)
411584	6	138091700	138092179	-	ENSG00000112378	1	PERP	protein_coding	2	3	0.36810	own-gene 3'UTR verified vs GTF; audit only, not a published ranked list (20 disclosure 1, issue #99)
411998	6	139372255	139372377	-	ENSG00000164442	1	CITED2	protein_coding	2	2	0.21532	own-gene 3'UTR verified vs GTF; audit only, not a published ranked list (20 disclosure 1, issue #99)
412001	6	139372868	139373069	-	ENSG00000164442	1	CITED2	protein_coding	7	3	0.51819	own-gene 3'UTR verified vs GTF; audit only, not a published ranked list (20 disclosure 1, issue #99)
412399	6	143489237	143489905	+	ENSG00000034693	2	PEX3	protein_coding	1	2	0.69904	own-gene 3'UTR verified vs GTF; audit only, not a published ranked list (20 disclosure 1, issue #99)
412552	6	143823718	143824160	+	ENSG00000112419	2	PHACTR2	protein_coding	2	3	0.44066	own-gene 3'UTR verified vs GTF; audit only, not a published ranked list (20 disclosure 1, issue #99)
412555	6	143825530	143826335	+	ENSG00000112419	2	PHACTR2	protein_coding	1	2	0.38556	own-gene 3'UTR verified vs GTF; audit only, not a published ranked list (20 disclosure 1, issue #99)
412651	6	144190114	144190553	+	ENSG00000135604	1	STX11	protein_coding	2	2	0.25733	own-gene 3'UTR verified vs GTF; audit only, not a published ranked list (20 disclosure 1, issue #99)
412911	6	144852815	144853040	+	ENSG00000152818	1	UTRN	protein_coding	2	2	0.36286	own-gene 3'UTR verified vs GTF; audit only, not a published ranked list (20 disclosure 1, issue #99)
413509	6	149411133	149411611	+	ENSG00000055208	1	TAB2	protein_coding	3	4	0.47364	own-gene 3'UTR verified vs GTF; audit only, not a published ranked list (20 disclosure 1, issue #99)
413525	6	149458092	149459558	-	ENSG00000178199	1	ZC3H12D	protein_coding	1	2	0.42994	own-gene 3'UTR verified vs GTF; audit only, not a published ranked list (20 disclosure 1, issue #99)
413607	6	149590842	149590991	+	ENSG00000055211	1	GINM1	protein_coding	3	3	0.44432	own-gene 3'UTR verified vs GTF; audit only, not a published ranked list (20 disclosure 1, issue #99)
413608	6	149591141	149591151	+	ENSG00000055211	1	GINM1	protein_coding	3	2	0.53963	own-gene 3'UTR verified vs GTF; audit only, not a published ranked list (20 disclosure 1, issue #99)
413759	6	149802526	149802531	+	ENSG00000120265	1	PCMT1	protein_coding	5	3	0.38091	own-gene 3'UTR verified vs GTF; audit only, not a published ranked list (20 disclosure 1, issue #99)
413972	6	150843308	150843809	+	ENSG00000120278	1	PLEKHG1	protein_coding	1	2	0.28906	own-gene 3'UTR verified vs GTF; audit only, not a published ranked list (20 disclosure 1, issue #99)
414086	6	151101621	151101887	+	ENSG00000120254	1	MTHFD1L	protein_coding	6	4	0.27249	own-gene 3'UTR verified vs GTF; audit only, not a published ranked list (20 disclosure 1, issue #99)
414218	6	151620465	151621204	+	ENSG00000120262	1	CCDC170	protein_coding	1	2	0.47477	own-gene 3'UTR verified vs GTF; audit only, not a published ranked list (20 disclosure 1, issue #99)
414768	6	154833550	154834176	+	ENSG00000213079	2	SCAF8	protein_coding	1	3	0.44805	own-gene 3'UTR verified vs GTF; audit only, not a published ranked list (20 disclosure 1, issue #99)
415162	6	157208588	157209268	+	ENSG00000049618	1	ARID1B	protein_coding	2	4	0.32309	own-gene 3'UTR verified vs GTF; audit only, not a published ranked list (20 disclosure 1, issue #99)
415380	6	157942484	157943300	+	ENSG00000130340	1	SNX9	protein_coding	1	2	0.23692	own-gene 3'UTR verified vs GTF; audit only, not a published ranked list (20 disclosure 1, issue #99)
415383	6	157944018	157944536	+	ENSG00000130340	1	SNX9	protein_coding	4	2	0.44431	own-gene 3'UTR verified vs GTF; audit only, not a published ranked list (20 disclosure 1, issue #99)
415663	6	158635426	158635429	+	ENSG00000146433	1	TMEM181	protein_coding	1	2	0.45124	own-gene 3'UTR verified vs GTF; audit only, not a published ranked list (20 disclosure 1, issue #99)
415823	6	158764577	158764881	+	ENSG00000164674	1	SYTL3	protein_coding	3	2	0.27472	own-gene 3'UTR verified vs GTF; audit only, not a published ranked list (20 disclosure 1, issue #99)
415824	6	158765747	158765748	-	ENSG00000092820	1	EZR	protein_coding	14	7	0.49279	own-gene 3'UTR verified vs GTF; audit only, not a published ranked list (20 disclosure 1, issue #99)
415827	6	158766120	158766293	-	ENSG00000092820	1	EZR	protein_coding	13	6	0.55682	own-gene 3'UTR verified vs GTF; audit only, not a published ranked list (20 disclosure 1, issue #99)
415828	6	158766492	158766647	-	ENSG00000092820	1	EZR	protein_coding	8	4	0.36302	own-gene 3'UTR verified vs GTF; audit only, not a published ranked list (20 disclosure 1, issue #99)
416159	6	159679058	159679223	-	ENSG00000112096	2	SOD2	protein_coding	9	4	0.58162	own-gene 3'UTR verified vs GTF; audit only, not a published ranked list (20 disclosure 1, issue #99)
416161	6	159679538	159679593	-	ENSG00000112096	2	SOD2	protein_coding	8	4	0.51311	own-gene 3'UTR verified vs GTF; audit only, not a published ranked list (20 disclosure 1, issue #99)
416171	6	159682215	159682533	-	ENSG00000112096	2	SOD2	protein_coding	6	5	0.37116	own-gene 3'UTR verified vs GTF; audit only, not a published ranked list (20 disclosure 1, issue #99)
416177	6	159687337	159688921	-	ENSG00000112096	2	SOD2	protein_coding	5	4	0.41625	own-gene 3'UTR verified vs GTF; audit only, not a published ranked list (20 disclosure 1, issue #99)
416236	6	159756318	159756319	+	ENSG00000146457	1	WTAP	protein_coding	3	2	0.31622	own-gene 3'UTR verified vs GTF; audit only, not a published ranked list (20 disclosure 1, issue #99)
416259	6	159778951	159779117	-	ENSG00000120438	1	TCP1	protein_coding	1	2	0.15460	own-gene 3'UTR verified vs GTF; audit only, not a published ranked list (20 disclosure 1, issue #99)
416378	6	160106546	160106551	+	ENSG00000197081	1	IGF2R	protein_coding	5	4	0.56300	own-gene 3'UTR verified vs GTF; audit only, not a published ranked list (20 disclosure 1, issue #99)
416524	6	161136073	161136439	-	ENSG00000026652	1	AGPAT4	protein_coding	3	3	0.41633	own-gene 3'UTR verified vs GTF; audit only, not a published ranked list (20 disclosure 1, issue #99)
416881	6	163569395	163570145	+	ENSG00000112531	1	QKI	protein_coding	5	5	0.39827	own-gene 3'UTR verified vs GTF; audit only, not a published ranked list (20 disclosure 1, issue #99)
416883	6	163571029	163571802	+	ENSG00000112531	1	QKI	protein_coding	3	3	0.31064	own-gene 3'UTR verified vs GTF; audit only, not a published ranked list (20 disclosure 1, issue #99)
416885	6	163572669	163573873	+	ENSG00000112531	1	QKI	protein_coding	2	2	0.29778	own-gene 3'UTR verified vs GTF; audit only, not a published ranked list (20 disclosure 1, issue #99)
417058	6	166319727	166319860	-	ENSG00000198818	1	SFT2D1	protein_coding	5	4	0.48253	own-gene 3'UTR verified vs GTF; audit only, not a published ranked list (20 disclosure 1, issue #99)
417059	6	166319990	166320028	-	ENSG00000198818	1	SFT2D1	protein_coding	4	2	0.28915	own-gene 3'UTR verified vs GTF; audit only, not a published ranked list (20 disclosure 1, issue #99)
417084	6	166364880	166364919	-	ENSG00000060762	1	MPC1	protein_coding	5	2	0.44990	own-gene 3'UTR verified vs GTF; audit only, not a published ranked list (20 disclosure 1, issue #99)
417085	6	166365054	166365126	-	ENSG00000060762	1	MPC1	protein_coding	1	2	0.20859	own-gene 3'UTR verified vs GTF; audit only, not a published ranked list (20 disclosure 1, issue #99)
417107	6	166409363	166410125	-	ENSG00000071242	1	RPS6KA2	protein_coding	7	5	0.59338	own-gene 3'UTR verified vs GTF; audit only, not a published ranked list (20 disclosure 1, issue #99)
417108	6	166411123	166411720	-	ENSG00000071242	1	RPS6KA2	protein_coding	3	3	0.53585	own-gene 3'UTR verified vs GTF; audit only, not a published ranked list (20 disclosure 1, issue #99)
417870	7	874581	874902	+	ENSG00000164828	1	SUN1	protein_coding	3	3	0.42770	own-gene 3'UTR verified vs GTF; audit only, not a published ranked list (20 disclosure 1, issue #99)
417986	7	1151857	1152315	-	ENSG00000178381	1	ZFAND2A	protein_coding	1	2	0.16440	own-gene 3'UTR verified vs GTF; audit only, not a published ranked list (20 disclosure 1, issue #99)
418233	7	2380744	2380745	+	ENSG00000106263	1	EIF3B	protein_coding	3	5	0.56503	own-gene 3'UTR verified vs GTF; audit only, not a published ranked list (20 disclosure 1, issue #99)
418378	7	2728210	2728973	-	ENSG00000146535	1	GNA12	protein_coding	3	5	0.32210	own-gene 3'UTR verified vs GTF; audit only, not a published ranked list (20 disclosure 1, issue #99)
418380	7	2729724	2730258	-	ENSG00000146535	1	GNA12	protein_coding	1	2	0.16828	own-gene 3'UTR verified vs GTF; audit only, not a published ranked list (20 disclosure 1, issue #99)
418868	7	4771009	4771442	+	ENSG00000164916	1	FOXK1	protein_coding	1	2	0.44330	own-gene 3'UTR verified vs GTF; audit only, not a published ranked list (20 disclosure 1, issue #99)
419126	7	5527663	5527757	-	ENSG00000075624	1	ACTB	protein_coding	13	6	0.43340	own-gene 3'UTR verified vs GTF; audit only, not a published ranked list (20 disclosure 1, issue #99)
419127	7	5528004	5528643	-	ENSG00000075624	1	ACTB	protein_coding	4	3	0.21639	own-gene 3'UTR verified vs GTF; audit only, not a published ranked list (20 disclosure 1, issue #99)
419317	7	5925728	5925976	+	ENSG00000122674	1	CCZ1	protein_coding	5	5	0.51690	own-gene 3'UTR verified vs GTF; audit only, not a published ranked list (20 disclosure 1, issue #99)
419433	7	6161775	6162113	-	ENSG00000008256	1	CYTH3	protein_coding	1	4	0.44791	own-gene 3'UTR verified vs GTF; audit only, not a published ranked list (20 disclosure 1, issue #99)
419544	7	6402539	6402762	+	ENSG00000136238	1	RAC1	protein_coding	6	5	0.52680	own-gene 3'UTR verified vs GTF; audit only, not a published ranked list (20 disclosure 1, issue #99)
419546	7	6403866	6404006	+	ENSG00000136238	1	RAC1	protein_coding	18	8	0.67473	own-gene 3'UTR verified vs GTF; audit only, not a published ranked list (20 disclosure 1, issue #99)
419550	7	6409115	6409506	-	ENSG00000164535	1	DAGLB	protein_coding	4	2	0.25400	own-gene 3'UTR verified vs GTF; audit only, not a published ranked list (20 disclosure 1, issue #99)
419707	7	6798936	6799231	-	ENSG00000146574	1	CCZ1B	protein_coding	4	5	0.50037	own-gene 3'UTR verified vs GTF; audit only, not a published ranked list (20 disclosure 1, issue #99)
420061	7	8086516	8087443	+	ENSG00000106415	1	GLCCI1	protein_coding	1	2	0.39038	own-gene 3'UTR verified vs GTF; audit only, not a published ranked list (20 disclosure 1, issue #99)
420064	7	8089079	8089080	+	ENSG00000106415	1	GLCCI1	protein_coding	1	2	0.32890	own-gene 3'UTR verified vs GTF; audit only, not a published ranked list (20 disclosure 1, issue #99)
420075	7	8113771	8113785	-	ENSG00000003147	1	ICA1	protein_coding	2	3	0.45470	own-gene 3'UTR verified vs GTF; audit only, not a published ranked list (20 disclosure 1, issue #99)
420102	7	8157212	8158296	-	ENSG00000003147	1	ICA1	protein_coding	3	5	0.63719	own-gene 3'UTR verified vs GTF; audit only, not a published ranked list (20 disclosure 1, issue #99)
420379	7	12236805	12237264	+	ENSG00000106460	1	TMEM106B	protein_coding	1	2	0.40653	own-gene 3'UTR verified vs GTF; audit only, not a published ranked list (20 disclosure 1, issue #99)
420427	7	12688780	12689044	+	ENSG00000122644	1	ARL4A	protein_coding	1	2	0.32355	own-gene 3'UTR verified vs GTF; audit only, not a published ranked list (20 disclosure 1, issue #99)
420428	7	12689163	12689178	+	ENSG00000122644	1	ARL4A	protein_coding	2	2	0.35186	own-gene 3'UTR verified vs GTF; audit only, not a published ranked list (20 disclosure 1, issue #99)
420761	7	16791810	16792205	-	ENSG00000106541	1	AGR2	protein_coding	1	2	0.51739	own-gene 3'UTR verified vs GTF; audit only, not a published ranked list (20 disclosure 1, issue #99)
420965	7	17345700	17345771	+	ENSG00000106546	2	AHR	protein_coding	1	2	0.34194	own-gene 3'UTR verified vs GTF; audit only, not a published ranked list (20 disclosure 1, issue #99)
421982	7	23174900	23175421	+	ENSG00000122550	1	KLHL7	protein_coding	1	4	0.49861	own-gene 3'UTR verified vs GTF; audit only, not a published ranked list (20 disclosure 1, issue #99)
422011	7	23256974	23258048	+	ENSG00000136235	1	GPNMB	protein_coding	3	4	0.55159	own-gene 3'UTR verified vs GTF; audit only, not a published ranked list (20 disclosure 1, issue #99)
422026	7	23274973	23275108	+	ENSG00000136235	1	GPNMB	protein_coding	1	2	0.16651	own-gene 3'UTR verified vs GTF; audit only, not a published ranked list (20 disclosure 1, issue #99)
422098	7	23504779	23504780	-	ENSG00000164548	1	TRA2A	protein_coding	1	2	0.19493	own-gene 3'UTR verified vs GTF; audit only, not a published ranked list (20 disclosure 1, issue #99)
422099	7	23504936	23505013	-	ENSG00000164548	1	TRA2A	protein_coding	3	3	0.35735	own-gene 3'UTR verified vs GTF; audit only, not a published ranked list (20 disclosure 1, issue #99)
422101	7	23505137	23505156	-	ENSG00000164548	1	TRA2A	protein_coding	3	4	0.30006	own-gene 3'UTR verified vs GTF; audit only, not a published ranked list (20 disclosure 1, issue #99)
422395	7	25123457	25123778	-	ENSG00000172115	1	CYCS	protein_coding	6	6	0.34981	own-gene 3'UTR verified vs GTF; audit only, not a published ranked list (20 disclosure 1, issue #99)
422492	7	26172743	26173538	-	ENSG00000122566	1	HNRNPA2B1	protein_coding	3	3	0.24055	own-gene 3'UTR verified vs GTF; audit only, not a published ranked list (20 disclosure 1, issue #99)
422510	7	26185170	26186293	+	ENSG00000050344	1	NFE2L3	protein_coding	3	2	0.72094	own-gene 3'UTR verified vs GTF; audit only, not a published ranked list (20 disclosure 1, issue #99)
422515	7	26189926	26190125	-	ENSG00000122566	1	HNRNPA2B1	protein_coding	7	4	0.40513	own-gene 3'UTR verified vs GTF; audit only, not a published ranked list (20 disclosure 1, issue #99)
422516	7	26190234	26190304	-	ENSG00000122566	1	HNRNPA2B1	protein_coding	6	4	0.51734	own-gene 3'UTR verified vs GTF; audit only, not a published ranked list (20 disclosure 1, issue #99)
422522	7	26191843	26192150	-	ENSG00000122566	1	HNRNPA2B1	protein_coding	4	5	0.26026	own-gene 3'UTR verified vs GTF; audit only, not a published ranked list (20 disclosure 1, issue #99)
422523	7	26192266	26192267	-	ENSG00000122566	1	HNRNPA2B1	protein_coding	1	2	0.32679	own-gene 3'UTR verified vs GTF; audit only, not a published ranked list (20 disclosure 1, issue #99)
422546	7	26212959	26213607	+	ENSG00000122565	1	CBX3	protein_coding	2	3	0.34487	own-gene 3'UTR verified vs GTF; audit only, not a published ranked list (20 disclosure 1, issue #99)
422634	7	26667049	26667486	-	ENSG00000005020	1	SKAP2	protein_coding	2	2	0.41075	own-gene 3'UTR verified vs GTF; audit only, not a published ranked list (20 disclosure 1, issue #99)
422879	7	27828861	27828893	+	ENSG00000106052	1	TAX1BP1	protein_coding	1	2	0.36066	own-gene 3'UTR verified vs GTF; audit only, not a published ranked list (20 disclosure 1, issue #99)
422880	7	27829030	27829147	+	ENSG00000106052	1	TAX1BP1	protein_coding	1	3	0.28807	own-gene 3'UTR verified vs GTF; audit only, not a published ranked list (20 disclosure 1, issue #99)
422881	7	27829258	27829261	+	ENSG00000106052	1	TAX1BP1	protein_coding	2	5	0.29478	own-gene 3'UTR verified vs GTF; audit only, not a published ranked list (20 disclosure 1, issue #99)
422882	7	27829554	27829767	+	ENSG00000106052	1	TAX1BP1	protein_coding	3	5	0.27910	own-gene 3'UTR verified vs GTF; audit only, not a published ranked list (20 disclosure 1, issue #99)
423957	7	33014075	33014248	-	ENSG00000122643	1	NT5C3A	protein_coding	2	3	0.34599	own-gene 3'UTR verified vs GTF; audit only, not a published ranked list (20 disclosure 1, issue #99)
424537	7	36512968	36513281	-	ENSG00000136250	1	AOAH	protein_coding	2	4	0.54234	own-gene 3'UTR verified vs GTF; audit only, not a published ranked list (20 disclosure 1, issue #99)
424691	7	36854352	36854768	-	ENSG00000155849	1	ELMO1	protein_coding	1	2	0.27249	own-gene 3'UTR verified vs GTF; audit only, not a published ranked list (20 disclosure 1, issue #99)
425012	7	37951445	37951941	+	ENSG00000086289	1	EPDR1	protein_coding	1	2	0.83351	own-gene 3'UTR verified vs GTF; audit only, not a published ranked list (20 disclosure 1, issue #99)
425684	7	41688498	41690481	-	ENSG00000122641	1	INHBA	protein_coding	1	2	0.56366	own-gene 3'UTR verified vs GTF; audit only, not a published ranked list (20 disclosure 1, issue #99)
425852	7	43625113	43625398	+	ENSG00000164543	1	STK17A	protein_coding	2	3	0.29382	own-gene 3'UTR verified vs GTF; audit only, not a published ranked list (20 disclosure 1, issue #99)
425871	7	43639256	43639360	-	ENSG00000106603	1	COA1	protein_coding	1	2	0.36707	own-gene 3'UTR verified vs GTF; audit only, not a published ranked list (20 disclosure 1, issue #99)
426119	7	44383587	44383993	-	ENSG00000015676	1	NUDCD3	protein_coding	1	2	0.68085	own-gene 3'UTR verified vs GTF; audit only, not a published ranked list (20 disclosure 1, issue #99)
426169	7	44565803	44565804	-	ENSG00000136271	1	DDX56	protein_coding	2	3	0.46494	own-gene 3'UTR verified vs GTF; audit only, not a published ranked list (20 disclosure 1, issue #99)
426172	7	44570964	44571629	-	ENSG00000136271	1	DDX56	protein_coding	2	2	0.44770	own-gene 3'UTR verified vs GTF; audit only, not a published ranked list (20 disclosure 1, issue #99)
426183	7	44578306	44578310	-	ENSG00000158604	1	TMED4	protein_coding	1	2	0.25649	own-gene 3'UTR verified vs GTF; audit only, not a published ranked list (20 disclosure 1, issue #99)
426185	7	44579162	44579405	-	ENSG00000158604	1	TMED4	protein_coding	2	4	0.48180	own-gene 3'UTR verified vs GTF; audit only, not a published ranked list (20 disclosure 1, issue #99)
426277	7	44708522	44709070	+	ENSG00000105953	1	OGDH	protein_coding	6	5	0.47614	own-gene 3'UTR verified vs GTF; audit only, not a published ranked list (20 disclosure 1, issue #99)
426308	7	44799613	44800023	+	ENSG00000196262	1	PPIA	protein_coding	9	5	0.47463	own-gene 3'UTR verified vs GTF; audit only, not a published ranked list (20 disclosure 1, issue #99)
426314	7	44802664	44803117	+	ENSG00000196262	1	PPIA	protein_coding	4	3	0.24619	own-gene 3'UTR verified vs GTF; audit only, not a published ranked list (20 disclosure 1, issue #99)
426329	7	44826788	44826791	-	ENSG00000105968	1	H2AZ2	protein_coding	8	4	0.28390	own-gene 3'UTR verified vs GTF; audit only, not a published ranked list (20 disclosure 1, issue #99)
426339	7	44834160	44834440	-	ENSG00000105968	1	H2AZ2	protein_coding	1	2	0.13664	own-gene 3'UTR verified vs GTF; audit only, not a published ranked list (20 disclosure 1, issue #99)
426390	7	44968297	44969048	-	ENSG00000136286	1	MYO1G	protein_coding	1	2	0.33868	own-gene 3'UTR verified vs GTF; audit only, not a published ranked list (20 disclosure 1, issue #99)
426457	7	45076438	45076453	+	ENSG00000136280	1	CCM2	protein_coding	3	3	0.41330	own-gene 3'UTR verified vs GTF; audit only, not a published ranked list (20 disclosure 1, issue #99)
426874	7	50369171	50370110	+	ENSG00000185811	1	IKZF1	protein_coding	2	2	0.23080	own-gene 3'UTR verified vs GTF; audit only, not a published ranked list (20 disclosure 1, issue #99)
427233	7	55470607	55471406	-	ENSG00000154978	1	VOPP1	protein_coding	2	2	0.39231	own-gene 3'UTR verified vs GTF; audit only, not a published ranked list (20 disclosure 1, issue #99)
427236	7	55472663	55472676	-	ENSG00000154978	1	VOPP1	protein_coding	5	5	0.40398	own-gene 3'UTR verified vs GTF; audit only, not a published ranked list (20 disclosure 1, issue #99)
427365	7	56000112	56000181	+	ENSG00000146729	1	NIPSNAP2	protein_coding	1	2	0.34828	own-gene 3'UTR verified vs GTF; audit only, not a published ranked list (20 disclosure 1, issue #99)
427402	7	56063185	56063579	+	ENSG00000146731	1	CCT6A	protein_coding	3	3	0.30121	own-gene 3'UTR verified vs GTF; audit only, not a published ranked list (20 disclosure 1, issue #99)
427403	7	56063894	56063990	+	ENSG00000146731	1	CCT6A	protein_coding	1	3	0.32009	own-gene 3'UTR verified vs GTF; audit only, not a published ranked list (20 disclosure 1, issue #99)
427420	7	56080664	56080670	+	ENSG00000129103	1	SUMF2	protein_coding	1	2	0.21178	own-gene 3'UTR verified vs GTF; audit only, not a published ranked list (20 disclosure 1, issue #99)
427718	7	64974562	64975016	-	ENSG00000152926	1	ZNF117	protein_coding	1	2	0.34197	own-gene 3'UTR verified vs GTF; audit only, not a published ranked list (20 disclosure 1, issue #99)
427720	7	64976588	64977923	-	ENSG00000152926	1	ZNF117	protein_coding	1	2	0.24510	own-gene 3'UTR verified vs GTF; audit only, not a published ranked list (20 disclosure 1, issue #99)
428010	7	66092953	66092954	+	ENSG00000126522	2	ASL	protein_coding	5	4	0.58417	own-gene 3'UTR verified vs GTF; audit only, not a published ranked list (20 disclosure 1, issue #99)
428454	7	66809045	66809865	+	ENSG00000284461	2	AC027644.4	protein_coding	2	2	0.16798	own-gene 3'UTR verified vs GTF; audit only, not a published ranked list (20 disclosure 1, issue #99)
428456	7	66810760	66811464	+	ENSG00000284461	2	AC027644.4	protein_coding	2	3	0.15875	own-gene 3'UTR verified vs GTF; audit only, not a published ranked list (20 disclosure 1, issue #99)
428526	7	66958550	66958551	+	ENSG00000106609	1	TMEM248	protein_coding	4	4	0.46689	own-gene 3'UTR verified vs GTF; audit only, not a published ranked list (20 disclosure 1, issue #99)
429140	7	70792146	70792891	+	ENSG00000158321	1	AUTS2	protein_coding	2	4	0.44249	own-gene 3'UTR verified vs GTF; audit only, not a published ranked list (20 disclosure 1, issue #99)
429384	7	72948293	72948299	+	ENSG00000196313	1	POM121	protein_coding	1	2	0.69144	own-gene 3'UTR verified vs GTF; audit only, not a published ranked list (20 disclosure 1, issue #99)
429794	7	73680490	73681351	-	ENSG00000176410	1	DNAJC30	protein_coding	2	2	0.36816	own-gene 3'UTR verified vs GTF; audit only, not a published ranked list (20 disclosure 1, issue #99)
430197	7	74651122	74651707	+	ENSG00000263001	1	GTF2I	protein_coding	2	2	0.40543	own-gene 3'UTR verified vs GTF; audit only, not a published ranked list (20 disclosure 1, issue #99)
430276	7	74759969	74760224	+	ENSG00000263001	1	GTF2I	protein_coding	2	3	0.39145	own-gene 3'UTR verified vs GTF; audit only, not a published ranked list (20 disclosure 1, issue #99)
430277	7	74760683	74760692	+	ENSG00000263001	1	GTF2I	protein_coding	3	3	0.57644	own-gene 3'UTR verified vs GTF; audit only, not a published ranked list (20 disclosure 1, issue #99)
430307	7	74796140	74796544	-	ENSG00000196275	1	GTF2IRD2	protein_coding	2	2	0.35396	own-gene 3'UTR verified vs GTF; audit only, not a published ranked list (20 disclosure 1, issue #99)
430335	7	74832515	74832847	-	ENSG00000196275	1	GTF2IRD2	protein_coding	3	2	0.50060	own-gene 3'UTR verified vs GTF; audit only, not a published ranked list (20 disclosure 1, issue #99)
430528	7	75112481	75112824	+	ENSG00000174428	1	GTF2IRD2B	protein_coding	3	2	0.49082	own-gene 3'UTR verified vs GTF; audit only, not a published ranked list (20 disclosure 1, issue #99)
430564	7	75149394	75149820	+	ENSG00000174428	1	GTF2IRD2B	protein_coding	4	2	0.37029	own-gene 3'UTR verified vs GTF; audit only, not a published ranked list (20 disclosure 1, issue #99)
430867	7	75533231	75533757	-	ENSG00000127946	1	HIP1	protein_coding	1	2	0.42185	own-gene 3'UTR verified vs GTF; audit only, not a published ranked list (20 disclosure 1, issue #99)
431088	7	75986854	75986855	+	ENSG00000127948	1	POR	protein_coding	6	5	0.59460	own-gene 3'UTR verified vs GTF; audit only, not a published ranked list (20 disclosure 1, issue #99)
431170	7	76302664	76303436	+	ENSG00000106211	1	HSPB1	protein_coding	16	5	0.52857	own-gene 3'UTR verified vs GTF; audit only, not a published ranked list (20 disclosure 1, issue #99)
431173	7	76304090	76304607	+	ENSG00000106211	1	HSPB1	protein_coding	1	2	0.05333	own-gene 3'UTR verified vs GTF; audit only, not a published ranked list (20 disclosure 1, issue #99)
431198	7	76326798	76326849	-	ENSG00000170027	1	YWHAG	protein_coding	3	5	0.35270	own-gene 3'UTR verified vs GTF; audit only, not a published ranked list (20 disclosure 1, issue #99)
431626	7	77193179	77194872	-	ENSG00000127951	1	FGL2	protein_coding	2	3	0.56448	own-gene 3'UTR verified vs GTF; audit only, not a published ranked list (20 disclosure 1, issue #99)
432009	7	77957221	77957226	+	ENSG00000006576	1	PHTF2	protein_coding	1	2	0.42082	own-gene 3'UTR verified vs GTF; audit only, not a published ranked list (20 disclosure 1, issue #99)
432530	7	87196159	87196199	-	ENSG00000135185	1	TMEM243	protein_coding	1	3	0.32098	own-gene 3'UTR verified vs GTF; audit only, not a published ranked list (20 disclosure 1, issue #99)
432531	7	87196320	87196332	+	ENSG00000135164	1	DMTF1	protein_coding	1	2	0.47223	own-gene 3'UTR verified vs GTF; audit only, not a published ranked list (20 disclosure 1, issue #99)
432532	7	87196321	87196406	-	ENSG00000135185	1	TMEM243	protein_coding	1	2	0.28005	own-gene 3'UTR verified vs GTF; audit only, not a published ranked list (20 disclosure 1, issue #99)
432534	7	87197501	87198187	-	ENSG00000135185	1	TMEM243	protein_coding	3	3	0.32650	own-gene 3'UTR verified vs GTF; audit only, not a published ranked list (20 disclosure 1, issue #99)
432691	7	88205112	88205448	-	ENSG00000075142	1	SRI	protein_coding	5	4	0.49026	own-gene 3'UTR verified vs GTF; audit only, not a published ranked list (20 disclosure 1, issue #99)
432830	7	90384987	90385302	+	ENSG00000105793	2	GTPBP10	protein_coding	1	2	0.70725	own-gene 3'UTR verified vs GTF; audit only, not a published ranked list (20 disclosure 1, issue #99)
433234	7	92110620	92110673	+	ENSG00000127914	1	AKAP9	protein_coding	5	3	0.24469	own-gene 3'UTR verified vs GTF; audit only, not a published ranked list (20 disclosure 1, issue #99)
433560	7	93099515	93101636	-	ENSG00000205413	1	SAMD9	protein_coding	2	2	0.41521	own-gene 3'UTR verified vs GTF; audit only, not a published ranked list (20 disclosure 1, issue #99)
433571	7	93130732	93131979	-	ENSG00000177409	1	SAMD9L	protein_coding	1	2	0.42300	own-gene 3'UTR verified vs GTF; audit only, not a published ranked list (20 disclosure 1, issue #99)
433800	7	94430344	94430707	+	ENSG00000164692	1	COL1A2	protein_coding	4	2	0.50308	own-gene 3'UTR verified vs GTF; audit only, not a published ranked list (20 disclosure 1, issue #99)
433802	7	94430858	94431227	+	ENSG00000164692	1	COL1A2	protein_coding	4	3	0.61395	own-gene 3'UTR verified vs GTF; audit only, not a published ranked list (20 disclosure 1, issue #99)
434166	7	96688761	96688876	-	ENSG00000127922	1	SEM1	protein_coding	5	6	0.21299	own-gene 3'UTR verified vs GTF; audit only, not a published ranked list (20 disclosure 1, issue #99)
434381	7	98291295	98291325	+	ENSG00000164713	1	BRI3	protein_coding	5	3	0.32060	own-gene 3'UTR verified vs GTF; audit only, not a published ranked list (20 disclosure 1, issue #99)
434382	7	98291456	98291524	+	ENSG00000164713	1	BRI3	protein_coding	4	3	0.32487	own-gene 3'UTR verified vs GTF; audit only, not a published ranked list (20 disclosure 1, issue #99)
434383	7	98291648	98292031	-	ENSG00000006453	1	BAIAP2L1	protein_coding	10	6	0.23034	own-gene 3'UTR verified vs GTF; audit only, not a published ranked list (20 disclosure 1, issue #99)
434386	7	98293133	98293543	-	ENSG00000006453	1	BAIAP2L1	protein_coding	7	7	0.26718	own-gene 3'UTR verified vs GTF; audit only, not a published ranked list (20 disclosure 1, issue #99)
434720	7	99394555	99394832	+	ENSG00000284292	2	AC004922.1	protein_coding	9	4	0.26377	own-gene 3'UTR verified vs GTF; audit only, not a published ranked list (20 disclosure 1, issue #99)
434856	7	99564431	99564705	+	ENSG00000197343	2	ZNF655	protein_coding	3	2	0.35521	own-gene 3'UTR verified vs GTF; audit only, not a published ranked list (20 disclosure 1, issue #99)
434866	7	99576020	99576453	+	ENSG00000197343	2	ZNF655	protein_coding	3	4	0.52225	own-gene 3'UTR verified vs GTF; audit only, not a published ranked list (20 disclosure 1, issue #99)
435020	7	100091844	100091942	+	ENSG00000168090	1	COPS6	protein_coding	1	3	0.22882	own-gene 3'UTR verified vs GTF; audit only, not a published ranked list (20 disclosure 1, issue #99)
435053	7	100125081	100125508	+	ENSG00000166997	1	CNPY4	protein_coding	1	3	0.39435	own-gene 3'UTR verified vs GTF; audit only, not a published ranked list (20 disclosure 1, issue #99)
435093	7	100214102	100214388	+	ENSG00000066923	1	STAG3	protein_coding	4	5	0.82857	own-gene 3'UTR verified vs GTF; audit only, not a published ranked list (20 disclosure 1, issue #99)
435101	7	100221482	100221490	+	ENSG00000066923	2	STAG3	protein_coding	3	3	0.68164	own-gene 3'UTR verified vs GTF; audit only, not a published ranked list (20 disclosure 1, issue #99)
435228	7	100399876	100400096	+	ENSG00000085514	1	PILRA	protein_coding	1	2	0.43829	own-gene 3'UTR verified vs GTF; audit only, not a published ranked list (20 disclosure 1, issue #99)
435251	7	100434117	100434118	+	ENSG00000146834	1	MEPCE	protein_coding	1	2	0.27885	own-gene 3'UTR verified vs GTF; audit only, not a published ranked list (20 disclosure 1, issue #99)
435278	7	100466518	100466519	-	ENSG00000166925	1	TSC22D4	protein_coding	1	2	0.39219	own-gene 3'UTR verified vs GTF; audit only, not a published ranked list (20 disclosure 1, issue #99)
435398	7	100873451	100873516	+	ENSG00000087077	1	TRIP6	protein_coding	3	4	0.69473	own-gene 3'UTR verified vs GTF; audit only, not a published ranked list (20 disclosure 1, issue #99)
435464	7	101097423	101097967	+	ENSG00000169871	1	TRIM56	protein_coding	1	2	0.22434	own-gene 3'UTR verified vs GTF; audit only, not a published ranked list (20 disclosure 1, issue #99)
435490	7	101205983	101206337	-	ENSG00000106397	1	PLOD3	protein_coding	5	4	0.67947	own-gene 3'UTR verified vs GTF; audit only, not a published ranked list (20 disclosure 1, issue #99)
435495	7	101215326	101216213	-	ENSG00000106397	1	PLOD3	protein_coding	3	4	0.52634	own-gene 3'UTR verified vs GTF; audit only, not a published ranked list (20 disclosure 1, issue #99)
435779	7	102283632	102283958	+	ENSG00000257923	1	CUX1	protein_coding	5	3	0.59369	own-gene 3'UTR verified vs GTF; audit only, not a published ranked list (20 disclosure 1, issue #99)
435881	7	102425443	102425450	+	ENSG00000128563	1	PRKRIP1	protein_coding	2	2	0.51906	own-gene 3'UTR verified vs GTF; audit only, not a published ranked list (20 disclosure 1, issue #99)
435928	7	102483138	102483554	-	ENSG00000170667	1	RASA4B	protein_coding	1	3	0.52223	own-gene 3'UTR verified vs GTF; audit only, not a published ranked list (20 disclosure 1, issue #99)
435966	7	102537918	102538431	-	ENSG00000168255	2	POLR2J3	protein_coding	2	2	0.28318	own-gene 3'UTR verified vs GTF; audit only, not a published ranked list (20 disclosure 1, issue #99)
436706	7	105072617	105073760	+	ENSG00000005483	1	KMT2E	protein_coding	1	2	0.12953	own-gene 3'UTR verified vs GTF; audit only, not a published ranked list (20 disclosure 1, issue #99)
436751	7	105113717	105114175	+	ENSG00000005483	1	KMT2E	protein_coding	3	4	0.31960	own-gene 3'UTR verified vs GTF; audit only, not a published ranked list (20 disclosure 1, issue #99)
436758	7	105116373	105116770	-	ENSG00000135250	1	SRPK2	protein_coding	1	2	0.24720	own-gene 3'UTR verified vs GTF; audit only, not a published ranked list (20 disclosure 1, issue #99)
436986	7	105565107	105565510	-	ENSG00000185055	1	EFCAB10	protein_coding	3	3	0.54279	own-gene 3'UTR verified vs GTF; audit only, not a published ranked list (20 disclosure 1, issue #99)
437186	7	106090504	106090656	-	ENSG00000008282	1	SYPL1	protein_coding	4	5	0.34249	own-gene 3'UTR verified vs GTF; audit only, not a published ranked list (20 disclosure 1, issue #99)
437189	7	106091638	106091800	-	ENSG00000008282	1	SYPL1	protein_coding	1	2	0.24483	own-gene 3'UTR verified vs GTF; audit only, not a published ranked list (20 disclosure 1, issue #99)
437240	7	106248284	106248307	-	ENSG00000105835	1	NAMPT	protein_coding	4	4	0.30712	own-gene 3'UTR verified vs GTF; audit only, not a published ranked list (20 disclosure 1, issue #99)
437241	7	106248572	106248576	-	ENSG00000105835	1	NAMPT	protein_coding	6	5	0.41456	own-gene 3'UTR verified vs GTF; audit only, not a published ranked list (20 disclosure 1, issue #99)
437243	7	106249951	106250043	-	ENSG00000105835	1	NAMPT	protein_coding	7	4	0.60194	own-gene 3'UTR verified vs GTF; audit only, not a published ranked list (20 disclosure 1, issue #99)
437245	7	106250396	106250429	-	ENSG00000105835	1	NAMPT	protein_coding	6	4	0.50898	own-gene 3'UTR verified vs GTF; audit only, not a published ranked list (20 disclosure 1, issue #99)
437246	7	106250551	106250786	-	ENSG00000105835	1	NAMPT	protein_coding	8	4	0.65925	own-gene 3'UTR verified vs GTF; audit only, not a published ranked list (20 disclosure 1, issue #99)
437247	7	106250892	106251123	-	ENSG00000105835	1	NAMPT	protein_coding	5	4	0.59266	own-gene 3'UTR verified vs GTF; audit only, not a published ranked list (20 disclosure 1, issue #99)
437473	7	107202551	107203629	-	ENSG00000164597	1	COG5	protein_coding	1	2	0.39485	own-gene 3'UTR verified vs GTF; audit only, not a published ranked list (20 disclosure 1, issue #99)
437758	7	108471613	108472834	-	ENSG00000135241	1	PNPLA8	protein_coding	1	2	0.31039	own-gene 3'UTR verified vs GTF; audit only, not a published ranked list (20 disclosure 1, issue #99)
437804	7	108573125	108573700	+	ENSG00000128590	1	DNAJB9	protein_coding	1	2	0.25839	own-gene 3'UTR verified vs GTF; audit only, not a published ranked list (20 disclosure 1, issue #99)
437807	7	108574844	108574850	+	ENSG00000128590	1	DNAJB9	protein_coding	2	2	0.41077	own-gene 3'UTR verified vs GTF; audit only, not a published ranked list (20 disclosure 1, issue #99)
438732	7	114923655	114923669	+	ENSG00000135272	1	MDFIC	protein_coding	1	2	0.21333	own-gene 3'UTR verified vs GTF; audit only, not a published ranked list (20 disclosure 1, issue #99)
438783	7	115018289	115019022	+	ENSG00000135272	1	MDFIC	protein_coding	1	2	0.31124	own-gene 3'UTR verified vs GTF; audit only, not a published ranked list (20 disclosure 1, issue #99)
438914	7	116258738	116258786	+	ENSG00000135269	1	TES	protein_coding	1	2	0.45377	own-gene 3'UTR verified vs GTF; audit only, not a published ranked list (20 disclosure 1, issue #99)
439087	7	116918457	116918735	+	ENSG00000198898	1	CAPZA2	protein_coding	5	6	0.35276	own-gene 3'UTR verified vs GTF; audit only, not a published ranked list (20 disclosure 1, issue #99)
439089	7	116919017	116919386	+	ENSG00000198898	1	CAPZA2	protein_coding	5	4	0.35113	own-gene 3'UTR verified vs GTF; audit only, not a published ranked list (20 disclosure 1, issue #99)
439259	7	118188829	118189883	+	ENSG00000128534	1	LSM8	protein_coding	2	2	0.15720	own-gene 3'UTR verified vs GTF; audit only, not a published ranked list (20 disclosure 1, issue #99)
439262	7	118192093	118192883	+	ENSG00000128534	1	LSM8	protein_coding	1	2	0.22406	own-gene 3'UTR verified vs GTF; audit only, not a published ranked list (20 disclosure 1, issue #99)
439470	7	121348850	121349518	-	ENSG00000196937	1	FAM3C	protein_coding	2	2	0.65459	own-gene 3'UTR verified vs GTF; audit only, not a published ranked list (20 disclosure 1, issue #99)
439714	7	123541811	123542057	-	ENSG00000128609	1	NDUFA5	protein_coding	1	3	0.20388	own-gene 3'UTR verified vs GTF; audit only, not a published ranked list (20 disclosure 1, issue #99)
439903	7	127372504	127374931	-	ENSG00000048405	1	ZNF800	protein_coding	1	2	0.26248	own-gene 3'UTR verified vs GTF; audit only, not a published ranked list (20 disclosure 1, issue #99)
440067	7	128092588	128092593	+	ENSG00000197157	1	SND1	protein_coding	1	3	0.33721	own-gene 3'UTR verified vs GTF; audit only, not a published ranked list (20 disclosure 1, issue #99)
440296	7	128770128	128770132	+	ENSG00000128595	1	CALU	protein_coding	1	2	0.31040	own-gene 3'UTR verified vs GTF; audit only, not a published ranked list (20 disclosure 1, issue #99)
440297	7	128770595	128770596	+	ENSG00000128595	1	CALU	protein_coding	2	2	0.42377	own-gene 3'UTR verified vs GTF; audit only, not a published ranked list (20 disclosure 1, issue #99)
440299	7	128771407	128771475	+	ENSG00000128595	1	CALU	protein_coding	3	3	0.48723	own-gene 3'UTR verified vs GTF; audit only, not a published ranked list (20 disclosure 1, issue #99)
440555	7	129429835	129430211	+	ENSG00000158467	1	AHCYL2	protein_coding	3	5	0.53012	own-gene 3'UTR verified vs GTF; audit only, not a published ranked list (20 disclosure 1, issue #99)
440693	7	129830731	129830739	-	ENSG00000186591	1	UBE2H	protein_coding	4	6	0.39669	own-gene 3'UTR verified vs GTF; audit only, not a published ranked list (20 disclosure 1, issue #99)
440695	7	129833687	129833714	-	ENSG00000186591	1	UBE2H	protein_coding	1	2	0.21760	own-gene 3'UTR verified vs GTF; audit only, not a published ranked list (20 disclosure 1, issue #99)
441540	7	131496136	131496637	+	ENSG00000128585	1	MKLN1	protein_coding	1	2	0.28612	own-gene 3'UTR verified vs GTF; audit only, not a published ranked list (20 disclosure 1, issue #99)
441963	7	134065444	134065761	+	ENSG00000131558	1	EXOC4	protein_coding	1	2	0.27905	own-gene 3'UTR verified vs GTF; audit only, not a published ranked list (20 disclosure 1, issue #99)
442092	7	134933081	134933807	+	ENSG00000122786	1	CALD1	protein_coding	2	2	0.42708	own-gene 3'UTR verified vs GTF; audit only, not a published ranked list (20 disclosure 1, issue #99)
442121	7	134970191	134970729	+	ENSG00000122786	1	CALD1	protein_coding	2	2	0.60413	own-gene 3'UTR verified vs GTF; audit only, not a published ranked list (20 disclosure 1, issue #99)
442349	7	135674444	135674501	+	ENSG00000243317	1	STMP1	protein_coding	4	4	0.34715	own-gene 3'UTR verified vs GTF; audit only, not a published ranked list (20 disclosure 1, issue #99)
442352	7	135674975	135675238	+	ENSG00000243317	1	STMP1	protein_coding	1	2	0.48007	own-gene 3'UTR verified vs GTF; audit only, not a published ranked list (20 disclosure 1, issue #99)
442518	7	137874978	137875444	-	ENSG00000182158	1	CREB3L2	protein_coding	1	4	0.45998	own-gene 3'UTR verified vs GTF; audit only, not a published ranked list (20 disclosure 1, issue #99)
442522	7	137884096	137884762	-	ENSG00000182158	1	CREB3L2	protein_coding	1	2	0.35328	own-gene 3'UTR verified vs GTF; audit only, not a published ranked list (20 disclosure 1, issue #99)
442539	7	137912810	137912986	-	ENSG00000182158	1	CREB3L2	protein_coding	2	3	0.34712	own-gene 3'UTR verified vs GTF; audit only, not a published ranked list (20 disclosure 1, issue #99)
442667	7	138584787	138585588	+	ENSG00000122779	1	TRIM24	protein_coding	3	3	0.57191	own-gene 3'UTR verified vs GTF; audit only, not a published ranked list (20 disclosure 1, issue #99)
442743	7	139043511	139043928	-	ENSG00000105939	1	ZC3HAV1	protein_coding	2	3	0.24401	own-gene 3'UTR verified vs GTF; audit only, not a published ranked list (20 disclosure 1, issue #99)
442989	7	139561569	139562465	-	ENSG00000064393	1	HIPK2	protein_coding	2	3	0.67261	own-gene 3'UTR verified vs GTF; audit only, not a published ranked list (20 disclosure 1, issue #99)
443211	7	140020158	140020349	+	ENSG00000059377	1	TBXAS1	protein_coding	4	4	0.67872	own-gene 3'UTR verified vs GTF; audit only, not a published ranked list (20 disclosure 1, issue #99)
443427	7	140719333	140719770	-	ENSG00000157764	1	BRAF	protein_coding	2	4	0.14616	own-gene 3'UTR verified vs GTF; audit only, not a published ranked list (20 disclosure 1, issue #99)
445117	7	150693225	150693641	+	ENSG00000106560	1	GIMAP2	protein_coding	1	2	0.35304	own-gene 3'UTR verified vs GTF; audit only, not a published ranked list (20 disclosure 1, issue #99)
445543	7	152121799	152122347	+	ENSG00000178234	1	GALNT11	protein_coding	4	4	0.59038	own-gene 3'UTR verified vs GTF; audit only, not a published ranked list (20 disclosure 1, issue #99)
446118	7	156682363	156683525	-	ENSG00000105983	1	LMBR1	protein_coding	1	2	0.36446	own-gene 3'UTR verified vs GTF; audit only, not a published ranked list (20 disclosure 1, issue #99)
446317	7	157268759	157269370	+	ENSG00000009335	1	UBE3C	protein_coding	3	5	0.46464	own-gene 3'UTR verified vs GTF; audit only, not a published ranked list (20 disclosure 1, issue #99)
446387	7	157385913	157385916	+	ENSG00000105993	1	DNAJB6	protein_coding	1	2	0.20415	own-gene 3'UTR verified vs GTF; audit only, not a published ranked list (20 disclosure 1, issue #99)
446407	7	157417434	157417439	+	ENSG00000105993	1	DNAJB6	protein_coding	2	4	0.40038	own-gene 3'UTR verified vs GTF; audit only, not a published ranked list (20 disclosure 1, issue #99)
446575	7	158730996	158731002	-	ENSG00000117868	1	ESYT2	protein_coding	5	5	0.37277	own-gene 3'UTR verified vs GTF; audit only, not a published ranked list (20 disclosure 1, issue #99)
446580	7	158733441	158733617	-	ENSG00000117868	1	ESYT2	protein_coding	2	3	0.42722	own-gene 3'UTR verified vs GTF; audit only, not a published ranked list (20 disclosure 1, issue #99)
446851	8	664188	664553	-	ENSG00000104714	1	ERICH1	protein_coding	3	3	0.53686	own-gene 3'UTR verified vs GTF; audit only, not a published ranked list (20 disclosure 1, issue #99)
448081	8	11838666	11838764	+	ENSG00000079459	1	FDFT1	protein_coding	1	2	0.40956	own-gene 3'UTR verified vs GTF; audit only, not a published ranked list (20 disclosure 1, issue #99)
448083	8	11838961	11839002	+	ENSG00000079459	1	FDFT1	protein_coding	2	3	0.38397	own-gene 3'UTR verified vs GTF; audit only, not a published ranked list (20 disclosure 1, issue #99)
448085	8	11839292	11839298	+	ENSG00000079459	1	FDFT1	protein_coding	1	2	0.43903	own-gene 3'UTR verified vs GTF; audit only, not a published ranked list (20 disclosure 1, issue #99)
448093	8	11842523	11842630	-	ENSG00000164733	1	CTSB	protein_coding	13	6	0.71780	own-gene 3'UTR verified vs GTF; audit only, not a published ranked list (20 disclosure 1, issue #99)
448098	8	11844048	11844068	-	ENSG00000164733	1	CTSB	protein_coding	11	6	0.73902	own-gene 3'UTR verified vs GTF; audit only, not a published ranked list (20 disclosure 1, issue #99)
448099	8	11844273	11844601	-	ENSG00000164733	1	CTSB	protein_coding	5	5	0.24941	own-gene 3'UTR verified vs GTF; audit only, not a published ranked list (20 disclosure 1, issue #99)
448102	8	11844813	11844814	-	ENSG00000164733	1	CTSB	protein_coding	2	2	0.19067	own-gene 3'UTR verified vs GTF; audit only, not a published ranked list (20 disclosure 1, issue #99)
448359	8	13085480	13085897	-	ENSG00000164741	1	DLC1	protein_coding	1	2	0.44778	own-gene 3'UTR verified vs GTF; audit only, not a published ranked list (20 disclosure 1, issue #99)
448552	8	16107307	16108965	-	ENSG00000038945	1	MSR1	protein_coding	3	4	0.71958	own-gene 3'UTR verified vs GTF; audit only, not a published ranked list (20 disclosure 1, issue #99)
448554	8	16109430	16110140	-	ENSG00000038945	1	MSR1	protein_coding	2	3	0.47397	own-gene 3'UTR verified vs GTF; audit only, not a published ranked list (20 disclosure 1, issue #99)
448577	8	16139316	16139351	-	ENSG00000038945	1	MSR1	protein_coding	1	3	0.52706	own-gene 3'UTR verified vs GTF; audit only, not a published ranked list (20 disclosure 1, issue #99)
449135	8	18056414	18056581	-	ENSG00000104763	1	ASAH1	protein_coding	11	6	0.53812	own-gene 3'UTR verified vs GTF; audit only, not a published ranked list (20 disclosure 1, issue #99)
449137	8	18057188	18057359	-	ENSG00000104763	1	ASAH1	protein_coding	11	6	0.59666	own-gene 3'UTR verified vs GTF; audit only, not a published ranked list (20 disclosure 1, issue #99)
449139	8	18062681	18064016	-	ENSG00000104763	1	ASAH1	protein_coding	6	4	0.51221	own-gene 3'UTR verified vs GTF; audit only, not a published ranked list (20 disclosure 1, issue #99)
449142	8	18066762	18066765	-	ENSG00000104763	1	ASAH1	protein_coding	1	3	0.20158	own-gene 3'UTR verified vs GTF; audit only, not a published ranked list (20 disclosure 1, issue #99)
449143	8	18066882	18066938	-	ENSG00000104763	1	ASAH1	protein_coding	9	5	0.57784	own-gene 3'UTR verified vs GTF; audit only, not a published ranked list (20 disclosure 1, issue #99)
449144	8	18067139	18067179	-	ENSG00000104763	1	ASAH1	protein_coding	3	2	0.54087	own-gene 3'UTR verified vs GTF; audit only, not a published ranked list (20 disclosure 1, issue #99)
449550	8	19965410	19966166	+	ENSG00000175445	1	LPL	protein_coding	2	3	0.52689	own-gene 3'UTR verified vs GTF; audit only, not a published ranked list (20 disclosure 1, issue #99)
449571	8	20220350	20220582	+	ENSG00000147416	1	ATP6V1B2	protein_coding	1	2	0.26984	own-gene 3'UTR verified vs GTF; audit only, not a published ranked list (20 disclosure 1, issue #99)
449717	8	22163494	22163570	+	ENSG00000168484	1	SFTPC	protein_coding	3	2	0.63848	own-gene 3'UTR verified vs GTF; audit only, not a published ranked list (20 disclosure 1, issue #99)
449873	8	22540710	22541260	+	ENSG00000120910	1	PPP3CC	protein_coding	1	2	0.45089	own-gene 3'UTR verified vs GTF; audit only, not a published ranked list (20 disclosure 1, issue #99)
449909	8	22620526	22621100	-	ENSG00000147439	1	BIN3	protein_coding	1	2	0.33366	own-gene 3'UTR verified vs GTF; audit only, not a published ranked list (20 disclosure 1, issue #99)
450295	8	24335648	24336632	+	ENSG00000042980	1	ADAM28	protein_coding	1	2	0.34653	own-gene 3'UTR verified vs GTF; audit only, not a published ranked list (20 disclosure 1, issue #99)
450316	8	24354483	24355267	+	ENSG00000042980	1	ADAM28	protein_coding	1	2	0.27076	own-gene 3'UTR verified vs GTF; audit only, not a published ranked list (20 disclosure 1, issue #99)
450625	8	26413123	26413128	+	ENSG00000104765	1	BNIP3L	protein_coding	5	4	0.40656	own-gene 3'UTR verified vs GTF; audit only, not a published ranked list (20 disclosure 1, issue #99)
450693	8	26657898	26657907	+	ENSG00000092964	1	DPYSL2	protein_coding	1	2	0.47366	own-gene 3'UTR verified vs GTF; audit only, not a published ranked list (20 disclosure 1, issue #99)
450784	8	27458944	27459386	+	ENSG00000120899	1	PTK2B	protein_coding	2	2	0.41047	own-gene 3'UTR verified vs GTF; audit only, not a published ranked list (20 disclosure 1, issue #99)
451117	8	29067277	29067724	-	ENSG00000197892	1	KIF13B	protein_coding	3	3	0.43838	own-gene 3'UTR verified vs GTF; audit only, not a published ranked list (20 disclosure 1, issue #99)
451250	8	29336433	29336677	-	ENSG00000120875	1	DUSP4	protein_coding	3	3	0.29751	own-gene 3'UTR verified vs GTF; audit only, not a published ranked list (20 disclosure 1, issue #99)
451251	8	29336783	29336825	-	ENSG00000120875	1	DUSP4	protein_coding	3	3	0.50918	own-gene 3'UTR verified vs GTF; audit only, not a published ranked list (20 disclosure 1, issue #99)
451401	8	30063586	30063817	-	ENSG00000133872	1	SARAF	protein_coding	2	3	0.19461	own-gene 3'UTR verified vs GTF; audit only, not a published ranked list (20 disclosure 1, issue #99)
451406	8	30068940	30069993	-	ENSG00000133872	1	SARAF	protein_coding	8	4	0.30493	own-gene 3'UTR verified vs GTF; audit only, not a published ranked list (20 disclosure 1, issue #99)
451449	8	30106063	30106309	+	ENSG00000104660	1	LEPROTL1	protein_coding	7	3	0.39327	own-gene 3'UTR verified vs GTF; audit only, not a published ranked list (20 disclosure 1, issue #99)
451451	8	30107715	30108066	+	ENSG00000104660	1	LEPROTL1	protein_coding	1	2	0.20290	own-gene 3'UTR verified vs GTF; audit only, not a published ranked list (20 disclosure 1, issue #99)
451743	8	30785615	30785616	-	ENSG00000104695	1	PPP2CB	protein_coding	5	5	0.65560	own-gene 3'UTR verified vs GTF; audit only, not a published ranked list (20 disclosure 1, issue #99)
452058	8	37698429	37699003	+	ENSG00000183779	1	ZNF703	protein_coding	1	2	0.56444	own-gene 3'UTR verified vs GTF; audit only, not a published ranked list (20 disclosure 1, issue #99)
452059	8	37699606	37700019	+	ENSG00000183779	1	ZNF703	protein_coding	2	3	0.61742	own-gene 3'UTR verified vs GTF; audit only, not a published ranked list (20 disclosure 1, issue #99)
452073	8	37756619	37757806	+	ENSG00000147475	1	ERLIN2	protein_coding	2	2	0.62639	own-gene 3'UTR verified vs GTF; audit only, not a published ranked list (20 disclosure 1, issue #99)
452106	8	37858889	37859295	-	ENSG00000156675	1	RAB11FIP1	protein_coding	5	5	0.47969	own-gene 3'UTR verified vs GTF; audit only, not a published ranked list (20 disclosure 1, issue #99)
452107	8	37860267	37860994	-	ENSG00000156675	1	RAB11FIP1	protein_coding	3	3	0.37576	own-gene 3'UTR verified vs GTF; audit only, not a published ranked list (20 disclosure 1, issue #99)
452109	8	37861350	37862083	-	ENSG00000156675	1	RAB11FIP1	protein_coding	1	2	0.31048	own-gene 3'UTR verified vs GTF; audit only, not a published ranked list (20 disclosure 1, issue #99)
452282	8	38269698	38270067	-	ENSG00000147548	1	NSD3	protein_coding	1	2	0.15948	own-gene 3'UTR verified vs GTF; audit only, not a published ranked list (20 disclosure 1, issue #99)
452307	8	38316245	38317310	-	ENSG00000147548	1	NSD3	protein_coding	1	2	0.12301	own-gene 3'UTR verified vs GTF; audit only, not a published ranked list (20 disclosure 1, issue #99)
452309	8	38319747	38320174	-	ENSG00000147548	1	NSD3	protein_coding	1	2	0.09897	own-gene 3'UTR verified vs GTF; audit only, not a published ranked list (20 disclosure 1, issue #99)
452387	8	38412725	38413373	-	ENSG00000077782	1	FGFR1	protein_coding	1	2	0.49535	own-gene 3'UTR verified vs GTF; audit only, not a published ranked list (20 disclosure 1, issue #99)
452522	8	38852980	38853028	+	ENSG00000147526	1	TACC1	protein_coding	2	3	0.32200	own-gene 3'UTR verified vs GTF; audit only, not a published ranked list (20 disclosure 1, issue #99)
452599	8	38973520	38973912	+	ENSG00000169499	1	PLEKHA2	protein_coding	5	4	0.56397	own-gene 3'UTR verified vs GTF; audit only, not a published ranked list (20 disclosure 1, issue #99)
452661	8	39104871	39105001	+	ENSG00000168615	1	ADAM9	protein_coding	2	3	0.60628	own-gene 3'UTR verified vs GTF; audit only, not a published ranked list (20 disclosure 1, issue #99)
452739	8	40154082	40154366	+	ENSG00000176907	1	TCIM	protein_coding	1	2	0.56250	own-gene 3'UTR verified vs GTF; audit only, not a published ranked list (20 disclosure 1, issue #99)
452920	8	41929478	41929908	-	ENSG00000083168	1	KAT6A	protein_coding	1	2	0.46628	own-gene 3'UTR verified vs GTF; audit only, not a published ranked list (20 disclosure 1, issue #99)
453031	8	42170733	42171183	+	ENSG00000070718	1	AP3M2	protein_coding	1	2	0.32932	own-gene 3'UTR verified vs GTF; audit only, not a published ranked list (20 disclosure 1, issue #99)
453036	8	42175232	42175672	-	ENSG00000104368	1	PLAT	protein_coding	2	3	0.80128	own-gene 3'UTR verified vs GTF; audit only, not a published ranked list (20 disclosure 1, issue #99)
453149	8	42416474	42416902	-	ENSG00000168575	1	SLC20A2	protein_coding	2	5	0.32672	own-gene 3'UTR verified vs GTF; audit only, not a published ranked list (20 disclosure 1, issue #99)
453362	8	43022260	43023855	+	ENSG00000168172	2	HOOK3	protein_coding	1	2	0.19294	own-gene 3'UTR verified vs GTF; audit only, not a published ranked list (20 disclosure 1, issue #99)
453366	8	43030442	43030539	+	ENSG00000168172	2	HOOK3	protein_coding	2	3	0.23394	own-gene 3'UTR verified vs GTF; audit only, not a published ranked list (20 disclosure 1, issue #99)
453451	8	43201398	43201866	+	ENSG00000165102	1	HGSNAT	protein_coding	5	4	0.46018	own-gene 3'UTR verified vs GTF; audit only, not a published ranked list (20 disclosure 1, issue #99)
453957	8	51817565	51817587	-	ENSG00000168300	1	PCMTD1	protein_coding	1	2	0.42769	own-gene 3'UTR verified vs GTF; audit only, not a published ranked list (20 disclosure 1, issue #99)
454055	8	52622455	52623750	-	ENSG00000023287	1	RB1CC1	protein_coding	1	2	0.26941	own-gene 3'UTR verified vs GTF; audit only, not a published ranked list (20 disclosure 1, issue #99)
454532	8	56011019	56011381	+	ENSG00000254087	1	LYN	protein_coding	3	3	0.40330	own-gene 3'UTR verified vs GTF; audit only, not a published ranked list (20 disclosure 1, issue #99)
454590	8	56217468	56217569	+	ENSG00000170791	1	CHCHD7	protein_coding	2	2	0.39103	own-gene 3'UTR verified vs GTF; audit only, not a published ranked list (20 disclosure 1, issue #99)
454801	8	58582159	58582275	+	ENSG00000137575	1	SDCBP	protein_coding	7	5	0.48084	own-gene 3'UTR verified vs GTF; audit only, not a published ranked list (20 disclosure 1, issue #99)
454803	8	58582613	58582860	+	ENSG00000137575	1	SDCBP	protein_coding	1	2	0.06581	own-gene 3'UTR verified vs GTF; audit only, not a published ranked list (20 disclosure 1, issue #99)
455156	8	60620940	60620941	+	ENSG00000104388	1	RAB2A	protein_coding	7	5	0.40113	own-gene 3'UTR verified vs GTF; audit only, not a published ranked list (20 disclosure 1, issue #99)
455159	8	60621871	60621892	+	ENSG00000104388	1	RAB2A	protein_coding	3	3	0.34833	own-gene 3'UTR verified vs GTF; audit only, not a published ranked list (20 disclosure 1, issue #99)
455160	8	60621998	60622001	+	ENSG00000104388	1	RAB2A	protein_coding	8	5	0.58897	own-gene 3'UTR verified vs GTF; audit only, not a published ranked list (20 disclosure 1, issue #99)
455162	8	60622781	60623096	+	ENSG00000104388	1	RAB2A	protein_coding	3	4	0.19284	own-gene 3'UTR verified vs GTF; audit only, not a published ranked list (20 disclosure 1, issue #99)
455316	8	61624534	61624542	-	ENSG00000198363	1	ASPH	protein_coding	1	3	0.36631	own-gene 3'UTR verified vs GTF; audit only, not a published ranked list (20 disclosure 1, issue #99)
455438	8	63212066	63212786	+	ENSG00000185728	1	YTHDF3	protein_coding	3	3	0.46379	own-gene 3'UTR verified vs GTF; audit only, not a published ranked list (20 disclosure 1, issue #99)
455581	8	65710076	65710562	+	ENSG00000066855	1	MTFR1	protein_coding	2	3	0.80524	own-gene 3'UTR verified vs GTF; audit only, not a published ranked list (20 disclosure 1, issue #99)
455939	8	66859507	66861299	+	ENSG00000104205	1	SGK3	protein_coding	1	2	0.48153	own-gene 3'UTR verified vs GTF; audit only, not a published ranked list (20 disclosure 1, issue #99)
455941	8	66861866	66861867	+	ENSG00000104205	1	SGK3	protein_coding	2	3	0.72992	own-gene 3'UTR verified vs GTF; audit only, not a published ranked list (20 disclosure 1, issue #99)
455971	8	66988218	66988418	-	ENSG00000178125	1	PPP1R42	protein_coding	1	2	0.13177	own-gene 3'UTR verified vs GTF; audit only, not a published ranked list (20 disclosure 1, issue #99)
456088	8	67197644	67198136	-	ENSG00000066777	1	ARFGEF1	protein_coding	1	3	0.38902	own-gene 3'UTR verified vs GTF; audit only, not a published ranked list (20 disclosure 1, issue #99)
456415	8	70109766	70109892	-	ENSG00000140396	1	NCOA2	protein_coding	1	2	0.36282	own-gene 3'UTR verified vs GTF; audit only, not a published ranked list (20 disclosure 1, issue #99)
456568	8	70573217	70573488	-	ENSG00000067167	1	TRAM1	protein_coding	2	2	0.25235	own-gene 3'UTR verified vs GTF; audit only, not a published ranked list (20 disclosure 1, issue #99)
456569	8	70574169	70574977	-	ENSG00000067167	1	TRAM1	protein_coding	2	3	0.33229	own-gene 3'UTR verified vs GTF; audit only, not a published ranked list (20 disclosure 1, issue #99)
457025	8	73946093	73946149	-	ENSG00000154582	1	ELOC	protein_coding	1	2	0.15794	own-gene 3'UTR verified vs GTF; audit only, not a published ranked list (20 disclosure 1, issue #99)
457045	8	73981691	73981863	+	ENSG00000175606	1	TMEM70	protein_coding	3	2	0.31721	own-gene 3'UTR verified vs GTF; audit only, not a published ranked list (20 disclosure 1, issue #99)
457888	8	81477778	81478504	-	ENSG00000170323	1	FABP4	protein_coding	3	2	0.65626	own-gene 3'UTR verified vs GTF; audit only, not a published ranked list (20 disclosure 1, issue #99)
457890	8	81479437	81479535	-	ENSG00000170323	1	FABP4	protein_coding	4	4	0.88841	own-gene 3'UTR verified vs GTF; audit only, not a published ranked list (20 disclosure 1, issue #99)
458621	8	90044848	90045157	+	ENSG00000104325	1	DECR1	protein_coding	2	5	0.42183	own-gene 3'UTR verified vs GTF; audit only, not a published ranked list (20 disclosure 1, issue #99)
459283	8	96230852	96231033	-	ENSG00000156467	1	UQCRB	protein_coding	1	2	0.13603	own-gene 3'UTR verified vs GTF; audit only, not a published ranked list (20 disclosure 1, issue #99)
459286	8	96231772	96231857	-	ENSG00000156467	1	UQCRB	protein_coding	4	4	0.19963	own-gene 3'UTR verified vs GTF; audit only, not a published ranked list (20 disclosure 1, issue #99)
459574	8	97725964	97725981	+	ENSG00000147649	1	MTDH	protein_coding	1	2	0.22540	own-gene 3'UTR verified vs GTF; audit only, not a published ranked list (20 disclosure 1, issue #99)
459575	8	97726309	97726314	+	ENSG00000147649	1	MTDH	protein_coding	3	4	0.40892	own-gene 3'UTR verified vs GTF; audit only, not a published ranked list (20 disclosure 1, issue #99)
459579	8	97729801	97730260	+	ENSG00000147649	1	MTDH	protein_coding	2	2	0.12565	own-gene 3'UTR verified vs GTF; audit only, not a published ranked list (20 disclosure 1, issue #99)
459627	8	98041720	98041770	-	ENSG00000156482	1	RPL30	protein_coding	6	3	0.26265	own-gene 3'UTR verified vs GTF; audit only, not a published ranked list (20 disclosure 1, issue #99)
459634	8	98044937	98045001	-	ENSG00000156482	1	RPL30	protein_coding	3	2	0.17829	own-gene 3'UTR verified vs GTF; audit only, not a published ranked list (20 disclosure 1, issue #99)
460111	8	99878148	99878149	-	ENSG00000164919	1	COX6C	protein_coding	1	2	0.46408	own-gene 3'UTR verified vs GTF; audit only, not a published ranked list (20 disclosure 1, issue #99)
460140	8	100153517	100153669	+	ENSG00000147669	1	POLR2K	protein_coding	1	2	0.27348	own-gene 3'UTR verified vs GTF; audit only, not a published ranked list (20 disclosure 1, issue #99)
460141	8	100153778	100153900	+	ENSG00000147669	1	POLR2K	protein_coding	5	2	0.68452	own-gene 3'UTR verified vs GTF; audit only, not a published ranked list (20 disclosure 1, issue #99)
460142	8	100154001	100154003	+	ENSG00000147669	1	POLR2K	protein_coding	2	2	0.60918	own-gene 3'UTR verified vs GTF; audit only, not a published ranked list (20 disclosure 1, issue #99)
460192	8	100241436	100242108	+	ENSG00000104450	1	SPAG1	protein_coding	1	2	0.60181	own-gene 3'UTR verified vs GTF; audit only, not a published ranked list (20 disclosure 1, issue #99)
460511	8	100916843	100917296	-	ENSG00000164924	1	YWHAZ	protein_coding	1	2	0.11813	own-gene 3'UTR verified vs GTF; audit only, not a published ranked list (20 disclosure 1, issue #99)
460512	8	100918547	100918930	-	ENSG00000164924	1	YWHAZ	protein_coding	5	5	0.37613	own-gene 3'UTR verified vs GTF; audit only, not a published ranked list (20 disclosure 1, issue #99)
460515	8	100919688	100920005	-	ENSG00000164924	1	YWHAZ	protein_coding	5	5	0.46922	own-gene 3'UTR verified vs GTF; audit only, not a published ranked list (20 disclosure 1, issue #99)
460844	8	102204455	102205037	-	ENSG00000048392	1	RRM2B	protein_coding	2	3	0.60056	own-gene 3'UTR verified vs GTF; audit only, not a published ranked list (20 disclosure 1, issue #99)
461034	8	102826305	102826402	-	ENSG00000155096	1	AZIN1	protein_coding	3	3	0.44827	own-gene 3'UTR verified vs GTF; audit only, not a published ranked list (20 disclosure 1, issue #99)
461262	8	103382554	103383021	+	ENSG00000164932	1	CTHRC1	protein_coding	9	4	0.85682	own-gene 3'UTR verified vs GTF; audit only, not a published ranked list (20 disclosure 1, issue #99)
461272	8	103398428	103399801	-	ENSG00000164933	2	SLC25A32	protein_coding	1	2	0.42845	own-gene 3'UTR verified vs GTF; audit only, not a published ranked list (20 disclosure 1, issue #99)
461695	8	106752252	106752694	+	ENSG00000164830	1	OXR1	protein_coding	1	2	0.63862	own-gene 3'UTR verified vs GTF; audit only, not a published ranked list (20 disclosure 1, issue #99)
461772	8	108233363	108233394	-	ENSG00000104408	1	EIF3E	protein_coding	4	3	0.16535	own-gene 3'UTR verified vs GTF; audit only, not a published ranked list (20 disclosure 1, issue #99)
461893	8	109343540	109343671	+	ENSG00000120533	1	ENY2	protein_coding	9	5	0.38979	own-gene 3'UTR verified vs GTF; audit only, not a published ranked list (20 disclosure 1, issue #99)
462269	8	116644831	116645013	-	ENSG00000147677	1	EIF3H	protein_coding	1	2	0.06860	own-gene 3'UTR verified vs GTF; audit only, not a published ranked list (20 disclosure 1, issue #99)
462343	8	116845933	116845995	-	ENSG00000164754	1	RAD21	protein_coding	1	2	0.22277	own-gene 3'UTR verified vs GTF; audit only, not a published ranked list (20 disclosure 1, issue #99)
462424	8	117799362	117799850	-	ENSG00000182197	1	EXT1	protein_coding	3	6	0.27261	own-gene 3'UTR verified vs GTF; audit only, not a published ranked list (20 disclosure 1, issue #99)
462812	8	119243520	119244618	+	ENSG00000147676	1	MAL2	protein_coding	1	2	0.64632	own-gene 3'UTR verified vs GTF; audit only, not a published ranked list (20 disclosure 1, issue #99)
463375	8	122974043	122974514	+	ENSG00000178764	1	ZHX2	protein_coding	2	3	0.21814	own-gene 3'UTR verified vs GTF; audit only, not a published ranked list (20 disclosure 1, issue #99)
463382	8	123013343	123014460	-	ENSG00000136986	1	DERL1	protein_coding	2	2	0.39042	own-gene 3'UTR verified vs GTF; audit only, not a published ranked list (20 disclosure 1, issue #99)
463384	8	123015199	123015287	-	ENSG00000136986	1	DERL1	protein_coding	6	3	0.45587	own-gene 3'UTR verified vs GTF; audit only, not a published ranked list (20 disclosure 1, issue #99)
463693	8	124311382	124312613	-	ENSG00000164983	1	TMEM65	protein_coding	1	2	0.29732	own-gene 3'UTR verified vs GTF; audit only, not a published ranked list (20 disclosure 1, issue #99)
464631	8	129841469	129842000	-	ENSG00000153310	1	FAM49B	protein_coding	11	5	0.55555	own-gene 3'UTR verified vs GTF; audit only, not a published ranked list (20 disclosure 1, issue #99)
464745	8	130052094	130053354	-	ENSG00000153317	1	ASAP1	protein_coding	1	2	0.41216	own-gene 3'UTR verified vs GTF; audit only, not a published ranked list (20 disclosure 1, issue #99)
465016	8	132012744	132013642	+	ENSG00000132294	1	EFR3A	protein_coding	1	2	0.55254	own-gene 3'UTR verified vs GTF; audit only, not a published ranked list (20 disclosure 1, issue #99)
465250	8	133036727	133036730	-	ENSG00000155926	1	SLA	protein_coding	1	2	0.35118	own-gene 3'UTR verified vs GTF; audit only, not a published ranked list (20 disclosure 1, issue #99)
466472	8	143579693	143579728	-	ENSG00000104529	1	EEF1D	protein_coding	1	2	0.23085	own-gene 3'UTR verified vs GTF; audit only, not a published ranked list (20 disclosure 1, issue #99)
466594	8	143915152	143915153	-	ENSG00000178209	1	PLEC	protein_coding	1	2	0.19200	own-gene 3'UTR verified vs GTF; audit only, not a published ranked list (20 disclosure 1, issue #99)
466620	8	143993261	143993263	+	ENSG00000178719	1	GRINA	protein_coding	1	2	0.17096	own-gene 3'UTR verified vs GTF; audit only, not a published ranked list (20 disclosure 1, issue #99)
466621	8	143993371	143993416	+	ENSG00000178719	1	GRINA	protein_coding	2	2	0.40779	own-gene 3'UTR verified vs GTF; audit only, not a published ranked list (20 disclosure 1, issue #99)
466880	8	144790357	144790636	-	ENSG00000161016	1	RPL8	protein_coding	3	2	0.11748	own-gene 3'UTR verified vs GTF; audit only, not a published ranked list (20 disclosure 1, issue #99)
467006	9	14468	14796	-	ENSG00000181404	1	WASHC1	protein_coding	2	2	0.53576	own-gene 3'UTR verified vs GTF; audit only, not a published ranked list (20 disclosure 1, issue #99)
467037	9	121041	121089	-	ENSG00000172785	1	CBWD1	protein_coding	2	2	0.18178	own-gene 3'UTR verified vs GTF; audit only, not a published ranked list (20 disclosure 1, issue #99)
467038	9	121406	121411	-	ENSG00000172785	1	CBWD1	protein_coding	3	3	0.32850	own-gene 3'UTR verified vs GTF; audit only, not a published ranked list (20 disclosure 1, issue #99)
467254	9	465142	465270	+	ENSG00000107099	1	DOCK8	protein_coding	1	5	0.38694	own-gene 3'UTR verified vs GTF; audit only, not a published ranked list (20 disclosure 1, issue #99)
467471	9	2193576	2193625	+	ENSG00000080503	1	SMARCA2	protein_coding	6	5	0.52556	own-gene 3'UTR verified vs GTF; audit only, not a published ranked list (20 disclosure 1, issue #99)
467920	9	4711277	4711278	-	ENSG00000147853	1	AK3	protein_coding	1	2	0.32006	own-gene 3'UTR verified vs GTF; audit only, not a published ranked list (20 disclosure 1, issue #99)
468210	9	5775698	5776557	+	ENSG00000107036	1	RIC1	protein_coding	2	2	0.38409	own-gene 3'UTR verified vs GTF; audit only, not a published ranked list (20 disclosure 1, issue #99)
468419	9	6506626	6507054	+	ENSG00000147854	1	UHRF2	protein_coding	1	2	0.55060	own-gene 3'UTR verified vs GTF; audit only, not a published ranked list (20 disclosure 1, issue #99)
468996	9	15163621	15164646	-	ENSG00000155158	1	TTC39B	protein_coding	2	2	0.56267	own-gene 3'UTR verified vs GTF; audit only, not a published ranked list (20 disclosure 1, issue #99)
469413	9	19115760	19116006	-	ENSG00000147872	1	PLIN2	protein_coding	3	4	0.40415	own-gene 3'UTR verified vs GTF; audit only, not a published ranked list (20 disclosure 1, issue #99)
469415	9	19116185	19116256	-	ENSG00000147872	1	PLIN2	protein_coding	4	2	0.55579	own-gene 3'UTR verified vs GTF; audit only, not a published ranked list (20 disclosure 1, issue #99)
469425	9	19123197	19123683	-	ENSG00000147872	1	PLIN2	protein_coding	4	3	0.21803	own-gene 3'UTR verified vs GTF; audit only, not a published ranked list (20 disclosure 1, issue #99)
469549	9	19372247	19374144	+	ENSG00000137145	1	DENND4C	protein_coding	2	5	0.58017	own-gene 3'UTR verified vs GTF; audit only, not a published ranked list (20 disclosure 1, issue #99)
469558	9	19376184	19376314	-	ENSG00000137154	1	RPS6	protein_coding	4	2	0.21871	own-gene 3'UTR verified vs GTF; audit only, not a published ranked list (20 disclosure 1, issue #99)
469851	9	21331018	21331415	-	ENSG00000198642	1	KLHL9	protein_coding	2	2	0.64936	own-gene 3'UTR verified vs GTF; audit only, not a published ranked list (20 disclosure 1, issue #99)
470323	9	27560423	27561349	-	ENSG00000147894	1	C9orf72	protein_coding	2	2	0.35484	own-gene 3'UTR verified vs GTF; audit only, not a published ranked list (20 disclosure 1, issue #99)
470592	9	32540543	32541612	-	ENSG00000197579	1	TOPORS	protein_coding	2	2	0.46640	own-gene 3'UTR verified vs GTF; audit only, not a published ranked list (20 disclosure 1, issue #99)
470691	9	33038952	33039678	+	ENSG00000086061	1	DNAJA1	protein_coding	1	2	0.31225	own-gene 3'UTR verified vs GTF; audit only, not a published ranked list (20 disclosure 1, issue #99)
470693	9	33039901	33039907	+	ENSG00000086061	1	DNAJA1	protein_coding	8	4	0.49048	own-gene 3'UTR verified vs GTF; audit only, not a published ranked list (20 disclosure 1, issue #99)
470750	9	33110641	33110642	-	ENSG00000086062	1	B4GALT1	protein_coding	11	6	0.56603	own-gene 3'UTR verified vs GTF; audit only, not a published ranked list (20 disclosure 1, issue #99)
470836	9	33281450	33281565	+	ENSG00000086065	1	CHMP5	protein_coding	5	4	0.28363	own-gene 3'UTR verified vs GTF; audit only, not a published ranked list (20 disclosure 1, issue #99)
471044	9	33921692	33922333	-	ENSG00000137073	1	UBAP2	protein_coding	2	4	0.49742	own-gene 3'UTR verified vs GTF; audit only, not a published ranked list (20 disclosure 1, issue #99)
471414	9	35056063	35056082	-	ENSG00000165280	1	VCP	protein_coding	1	3	0.14791	own-gene 3'UTR verified vs GTF; audit only, not a published ranked list (20 disclosure 1, issue #99)
471416	9	35056556	35056612	-	ENSG00000165280	1	VCP	protein_coding	7	4	0.51973	own-gene 3'UTR verified vs GTF; audit only, not a published ranked list (20 disclosure 1, issue #99)
471417	9	35056877	35056954	-	ENSG00000165280	1	VCP	protein_coding	7	5	0.46125	own-gene 3'UTR verified vs GTF; audit only, not a published ranked list (20 disclosure 1, issue #99)
471767	9	36162589	36162590	+	ENSG00000122694	1	GLIPR2	protein_coding	6	5	0.64019	own-gene 3'UTR verified vs GTF; audit only, not a published ranked list (20 disclosure 1, issue #99)
471770	9	36163908	36163909	+	ENSG00000122694	1	GLIPR2	protein_coding	3	2	0.32301	own-gene 3'UTR verified vs GTF; audit only, not a published ranked list (20 disclosure 1, issue #99)
471849	9	36336395	36336800	-	ENSG00000137075	1	RNF38	protein_coding	2	4	0.44175	own-gene 3'UTR verified vs GTF; audit only, not a published ranked list (20 disclosure 1, issue #99)
472353	9	37866584	37867669	+	ENSG00000122741	1	DCAF10	protein_coding	1	2	0.23569	own-gene 3'UTR verified vs GTF; audit only, not a published ranked list (20 disclosure 1, issue #99)
472917	9	41131673	41131752	-	ENSG00000215126	1	CBWD6	protein_coding	1	2	0.27377	own-gene 3'UTR verified vs GTF; audit only, not a published ranked list (20 disclosure 1, issue #99)
474110	9	65681749	65681830	+	ENSG00000147996	1	CBWD5	protein_coding	1	2	0.20720	own-gene 3'UTR verified vs GTF; audit only, not a published ranked list (20 disclosure 1, issue #99)
474156	9	65733597	65733674	+	ENSG00000147996	1	CBWD5	protein_coding	3	3	0.22325	own-gene 3'UTR verified vs GTF; audit only, not a published ranked list (20 disclosure 1, issue #99)
474157	9	65733993	65734041	+	ENSG00000147996	1	CBWD5	protein_coding	1	2	0.11111	own-gene 3'UTR verified vs GTF; audit only, not a published ranked list (20 disclosure 1, issue #99)
474477	9	68247788	68248078	+	ENSG00000196873	1	CBWD3	protein_coding	2	2	0.24967	own-gene 3'UTR verified vs GTF; audit only, not a published ranked list (20 disclosure 1, issue #99)
474517	9	68299568	68299647	+	ENSG00000196873	1	CBWD3	protein_coding	2	2	0.22307	own-gene 3'UTR verified vs GTF; audit only, not a published ranked list (20 disclosure 1, issue #99)
474518	9	68299954	68300012	+	ENSG00000196873	1	CBWD3	protein_coding	2	2	0.14605	own-gene 3'UTR verified vs GTF; audit only, not a published ranked list (20 disclosure 1, issue #99)
474642	9	69008714	69009176	+	ENSG00000107242	1	PIP5K1B	protein_coding	3	2	0.65789	own-gene 3'UTR verified vs GTF; audit only, not a published ranked list (20 disclosure 1, issue #99)
474790	9	69757466	69758213	-	ENSG00000188647	1	PTAR1	protein_coding	1	2	0.74167	own-gene 3'UTR verified vs GTF; audit only, not a published ranked list (20 disclosure 1, issue #99)
474940	9	70354430	70354873	+	ENSG00000198887	1	SMC5	protein_coding	2	2	0.54814	own-gene 3'UTR verified vs GTF; audit only, not a published ranked list (20 disclosure 1, issue #99)
475046	9	71683365	71684079	-	ENSG00000135048	1	CEMIP2	protein_coding	2	2	0.35218	own-gene 3'UTR verified vs GTF; audit only, not a published ranked list (20 disclosure 1, issue #99)
475324	9	72350920	72352002	-	ENSG00000107372	1	ZFAND5	protein_coding	4	4	0.39552	own-gene 3'UTR verified vs GTF; audit only, not a published ranked list (20 disclosure 1, issue #99)
475329	9	72354233	72354503	-	ENSG00000107372	1	ZFAND5	protein_coding	6	4	0.44647	own-gene 3'UTR verified vs GTF; audit only, not a published ranked list (20 disclosure 1, issue #99)
475330	9	72354711	72354778	-	ENSG00000107372	1	ZFAND5	protein_coding	2	2	0.33672	own-gene 3'UTR verified vs GTF; audit only, not a published ranked list (20 disclosure 1, issue #99)
475331	9	72354982	72355185	-	ENSG00000107372	1	ZFAND5	protein_coding	2	2	0.35736	own-gene 3'UTR verified vs GTF; audit only, not a published ranked list (20 disclosure 1, issue #99)
475332	9	72355542	72356003	-	ENSG00000107372	1	ZFAND5	protein_coding	9	4	0.52160	own-gene 3'UTR verified vs GTF; audit only, not a published ranked list (20 disclosure 1, issue #99)
475430	9	73170176	73170393	+	ENSG00000135046	1	ANXA1	protein_coding	1	2	0.06481	own-gene 3'UTR verified vs GTF; audit only, not a published ranked list (20 disclosure 1, issue #99)
475562	9	75146835	75146847	+	ENSG00000134996	1	OSTF1	protein_coding	1	2	0.23790	own-gene 3'UTR verified vs GTF; audit only, not a published ranked list (20 disclosure 1, issue #99)
475563	9	75146990	75147198	+	ENSG00000134996	1	OSTF1	protein_coding	4	3	0.42542	own-gene 3'UTR verified vs GTF; audit only, not a published ranked list (20 disclosure 1, issue #99)
475740	9	76503677	76504259	+	ENSG00000187210	1	GCNT1	protein_coding	1	2	0.71416	own-gene 3'UTR verified vs GTF; audit only, not a published ranked list (20 disclosure 1, issue #99)
475996	9	77717284	77718405	-	ENSG00000156052	1	GNAQ	protein_coding	2	2	0.28680	own-gene 3'UTR verified vs GTF; audit only, not a published ranked list (20 disclosure 1, issue #99)
475997	9	77718715	77720805	-	ENSG00000156052	1	GNAQ	protein_coding	2	4	0.39387	own-gene 3'UTR verified vs GTF; audit only, not a published ranked list (20 disclosure 1, issue #99)
476619	9	83659962	83660132	-	ENSG00000135018	1	UBQLN1	protein_coding	2	2	0.47735	own-gene 3'UTR verified vs GTF; audit only, not a published ranked list (20 disclosure 1, issue #99)
476748	9	83968082	83968474	-	ENSG00000165119	1	HNRNPK	protein_coding	8	6	0.39354	own-gene 3'UTR verified vs GTF; audit only, not a published ranked list (20 disclosure 1, issue #99)
477137	9	86287732	86288287	-	ENSG00000083223	1	TUT7	protein_coding	2	2	0.39609	own-gene 3'UTR verified vs GTF; audit only, not a published ranked list (20 disclosure 1, issue #99)
477328	9	87731258	87731469	+	ENSG00000135047	1	CTSL	protein_coding	1	4	0.23891	own-gene 3'UTR verified vs GTF; audit only, not a published ranked list (20 disclosure 1, issue #99)
477900	9	92210206	92210803	-	ENSG00000196305	1	IARS1	protein_coding	3	5	0.51659	own-gene 3'UTR verified vs GTF; audit only, not a published ranked list (20 disclosure 1, issue #99)
478006	9	92456204	92456577	-	ENSG00000106819	1	ASPN	protein_coding	3	2	1.00000	own-gene 3'UTR verified vs GTF; audit only, not a published ranked list (20 disclosure 1, issue #99)
478293	9	93446362	93446505	-	ENSG00000188938	1	FAM120AOS	protein_coding	2	4	0.47440	own-gene 3'UTR verified vs GTF; audit only, not a published ranked list (20 disclosure 1, issue #99)
478336	9	93566104	93566115	+	ENSG00000048828	1	FAM120A	protein_coding	1	2	0.28532	own-gene 3'UTR verified vs GTF; audit only, not a published ranked list (20 disclosure 1, issue #99)
478578	9	94460762	94460920	+	ENSG00000148110	1	MFSD14B	protein_coding	2	3	0.42599	own-gene 3'UTR verified vs GTF; audit only, not a published ranked list (20 disclosure 1, issue #99)
478797	9	95086755	95087437	+	ENSG00000148120	1	AOPEP	protein_coding	1	2	0.38598	own-gene 3'UTR verified vs GTF; audit only, not a published ranked list (20 disclosure 1, issue #99)
479489	9	98015437	98015658	+	ENSG00000136938	1	ANP32B	protein_coding	1	2	0.20447	own-gene 3'UTR verified vs GTF; audit only, not a published ranked list (20 disclosure 1, issue #99)
479541	9	98082965	98083077	+	ENSG00000095380	1	NANS	protein_coding	9	4	0.45292	own-gene 3'UTR verified vs GTF; audit only, not a published ranked list (20 disclosure 1, issue #99)
479837	9	99865180	99865713	+	ENSG00000119508	1	NR4A3	protein_coding	2	3	0.34894	own-gene 3'UTR verified vs GTF; audit only, not a published ranked list (20 disclosure 1, issue #99)
479838	9	99865934	99866352	+	ENSG00000119508	1	NR4A3	protein_coding	1	2	0.20661	own-gene 3'UTR verified vs GTF; audit only, not a published ranked list (20 disclosure 1, issue #99)
479840	9	99866888	99866891	+	ENSG00000119508	1	NR4A3	protein_coding	4	4	0.39852	own-gene 3'UTR verified vs GTF; audit only, not a published ranked list (20 disclosure 1, issue #99)
479917	9	99971555	99972327	+	ENSG00000136874	1	STX17	protein_coding	1	2	0.21539	own-gene 3'UTR verified vs GTF; audit only, not a published ranked list (20 disclosure 1, issue #99)
480184	9	101562795	101563345	+	ENSG00000155827	1	RNF20	protein_coding	1	2	0.51881	own-gene 3'UTR verified vs GTF; audit only, not a published ranked list (20 disclosure 1, issue #99)
480437	9	105390972	105391422	+	ENSG00000070214	1	SLC44A1	protein_coding	3	5	0.67846	own-gene 3'UTR verified vs GTF; audit only, not a published ranked list (20 disclosure 1, issue #99)
480464	9	105438377	105438504	+	ENSG00000070214	1	SLC44A1	protein_coding	3	4	0.61117	own-gene 3'UTR verified vs GTF; audit only, not a published ranked list (20 disclosure 1, issue #99)
480651	9	107330741	107330893	+	ENSG00000119318	1	RAD23B	protein_coding	3	4	0.38315	own-gene 3'UTR verified vs GTF; audit only, not a published ranked list (20 disclosure 1, issue #99)
480823	9	109015151	109015624	-	ENSG00000106771	1	TMEM245	protein_coding	2	5	0.47036	own-gene 3'UTR verified vs GTF; audit only, not a published ranked list (20 disclosure 1, issue #99)
480824	9	109016440	109017346	-	ENSG00000106771	1	TMEM245	protein_coding	1	5	0.34672	own-gene 3'UTR verified vs GTF; audit only, not a published ranked list (20 disclosure 1, issue #99)
481258	9	111669402	111669546	+	ENSG00000244115	2	DNAJC25-GNG10	protein_coding	1	2	0.18988	own-gene 3'UTR verified vs GTF; audit only, not a published ranked list (20 disclosure 1, issue #99)
481261	9	111670225	111670242	+	ENSG00000244115	2	DNAJC25-GNG10	protein_coding	8	5	0.58906	own-gene 3'UTR verified vs GTF; audit only, not a published ranked list (20 disclosure 1, issue #99)
481371	9	111934917	111935413	+	ENSG00000148154	1	UGCG	protein_coding	1	4	0.43647	own-gene 3'UTR verified vs GTF; audit only, not a published ranked list (20 disclosure 1, issue #99)
481475	9	112218603	112218604	-	ENSG00000119314	1	PTBP3	protein_coding	2	3	0.32866	own-gene 3'UTR verified vs GTF; audit only, not a published ranked list (20 disclosure 1, issue #99)
481783	9	113163276	113164140	+	ENSG00000136867	1	SLC31A2	protein_coding	2	2	0.44794	own-gene 3'UTR verified vs GTF; audit only, not a published ranked list (20 disclosure 1, issue #99)
482009	9	114333248	114333256	+	ENSG00000228278	1	ORM2	protein_coding	3	2	0.87121	own-gene 3'UTR verified vs GTF; audit only, not a published ranked list (20 disclosure 1, issue #99)
482120	9	114597852	114598153	+	ENSG00000136888	1	ATP6V1G1	protein_coding	4	4	0.22172	own-gene 3'UTR verified vs GTF; audit only, not a published ranked list (20 disclosure 1, issue #99)
482121	9	114598287	114598598	+	ENSG00000136888	1	ATP6V1G1	protein_coding	4	3	0.16387	own-gene 3'UTR verified vs GTF; audit only, not a published ranked list (20 disclosure 1, issue #99)
482649	9	120759086	120759580	-	ENSG00000119402	1	FBXW2	protein_coding	2	2	0.44783	own-gene 3'UTR verified vs GTF; audit only, not a published ranked list (20 disclosure 1, issue #99)
482652	9	120764142	120764659	-	ENSG00000119402	1	FBXW2	protein_coding	2	2	0.43570	own-gene 3'UTR verified vs GTF; audit only, not a published ranked list (20 disclosure 1, issue #99)
482677	9	120816052	120816818	-	ENSG00000095261	1	PSMD5	protein_coding	1	3	0.40792	own-gene 3'UTR verified vs GTF; audit only, not a published ranked list (20 disclosure 1, issue #99)
482856	9	121179272	121180077	-	ENSG00000119396	1	RAB14	protein_coding	1	2	0.29294	own-gene 3'UTR verified vs GTF; audit only, not a published ranked list (20 disclosure 1, issue #99)
482914	9	121338986	121339077	-	ENSG00000148175	1	STOM	protein_coding	3	4	0.39048	own-gene 3'UTR verified vs GTF; audit only, not a published ranked list (20 disclosure 1, issue #99)
482917	9	121340066	121340598	-	ENSG00000148175	1	STOM	protein_coding	2	3	0.43422	own-gene 3'UTR verified vs GTF; audit only, not a published ranked list (20 disclosure 1, issue #99)
483012	9	122241503	122241667	-	ENSG00000119446	1	RBM18	protein_coding	1	2	0.38748	own-gene 3'UTR verified vs GTF; audit only, not a published ranked list (20 disclosure 1, issue #99)
483101	9	122849436	122849822	-	ENSG00000056586	1	RC3H2	protein_coding	1	2	0.50370	own-gene 3'UTR verified vs GTF; audit only, not a published ranked list (20 disclosure 1, issue #99)
483256	9	123104114	123104866	+	ENSG00000011454	1	RABGAP1	protein_coding	4	3	0.61522	own-gene 3'UTR verified vs GTF; audit only, not a published ranked list (20 disclosure 1, issue #99)
483526	9	124351106	124351458	+	ENSG00000119408	1	NEK6	protein_coding	1	2	0.37099	own-gene 3'UTR verified vs GTF; audit only, not a published ranked list (20 disclosure 1, issue #99)
483529	9	124353464	124353477	-	ENSG00000136930	1	PSMB7	protein_coding	1	2	0.17040	own-gene 3'UTR verified vs GTF; audit only, not a published ranked list (20 disclosure 1, issue #99)
483744	9	125146572	125147044	-	ENSG00000119414	1	PPP6C	protein_coding	1	3	0.27579	own-gene 3'UTR verified vs GTF; audit only, not a published ranked list (20 disclosure 1, issue #99)
483749	9	125149126	125149128	-	ENSG00000119414	1	PPP6C	protein_coding	1	2	0.37133	own-gene 3'UTR verified vs GTF; audit only, not a published ranked list (20 disclosure 1, issue #99)
483810	9	125234810	125235687	-	ENSG00000044574	1	HSPA5	protein_coding	1	2	0.10920	own-gene 3'UTR verified vs GTF; audit only, not a published ranked list (20 disclosure 1, issue #99)
483811	9	125236235	125236240	-	ENSG00000044574	1	HSPA5	protein_coding	1	2	0.11653	own-gene 3'UTR verified vs GTF; audit only, not a published ranked list (20 disclosure 1, issue #99)
483880	9	125364353	125365009	+	ENSG00000165219	1	GAPVD1	protein_coding	1	2	0.45735	own-gene 3'UTR verified vs GTF; audit only, not a published ranked list (20 disclosure 1, issue #99)
484061	9	125966697	125967377	+	ENSG00000167081	1	PBX3	protein_coding	2	2	0.47331	own-gene 3'UTR verified vs GTF; audit only, not a published ranked list (20 disclosure 1, issue #99)
484171	9	126837730	126838210	+	ENSG00000169155	1	ZBTB43	protein_coding	2	3	0.41850	own-gene 3'UTR verified vs GTF; audit only, not a published ranked list (20 disclosure 1, issue #99)
484282	9	127447673	127447728	-	ENSG00000197958	1	RPL12	protein_coding	1	2	0.27849	own-gene 3'UTR verified vs GTF; audit only, not a published ranked list (20 disclosure 1, issue #99)
484599	9	128109154	128109245	+	ENSG00000148339	1	SLC25A25	protein_coding	1	2	0.45242	own-gene 3'UTR verified vs GTF; audit only, not a published ranked list (20 disclosure 1, issue #99)
484683	9	128334030	128334072	+	ENSG00000167113	1	COQ4	protein_coding	3	3	0.46154	own-gene 3'UTR verified vs GTF; audit only, not a published ranked list (20 disclosure 1, issue #99)
484696	9	128361213	128361223	+	ENSG00000167114	1	SLC27A4	protein_coding	2	2	0.24380	own-gene 3'UTR verified vs GTF; audit only, not a published ranked list (20 disclosure 1, issue #99)
484818	9	128633629	128633662	+	ENSG00000197694	1	SPTAN1	protein_coding	2	3	0.37749	own-gene 3'UTR verified vs GTF; audit only, not a published ranked list (20 disclosure 1, issue #99)
484868	9	128695446	128695533	+	ENSG00000119335	1	SET	protein_coding	1	2	0.51196	own-gene 3'UTR verified vs GTF; audit only, not a published ranked list (20 disclosure 1, issue #99)
484869	9	128695968	128696396	+	ENSG00000119335	1	SET	protein_coding	4	4	0.35194	own-gene 3'UTR verified vs GTF; audit only, not a published ranked list (20 disclosure 1, issue #99)
484880	9	128729785	128730240	-	ENSG00000160445	1	ZER1	protein_coding	3	4	0.68963	own-gene 3'UTR verified vs GTF; audit only, not a published ranked list (20 disclosure 1, issue #99)
485164	9	129635568	129635600	+	ENSG00000148335	1	NTMT1	protein_coding	1	3	0.34963	own-gene 3'UTR verified vs GTF; audit only, not a published ranked list (20 disclosure 1, issue #99)
485202	9	129810788	129811290	+	ENSG00000136816	1	TOR1B	protein_coding	4	3	0.68175	own-gene 3'UTR verified vs GTF; audit only, not a published ranked list (20 disclosure 1, issue #99)
485248	9	129881431	129881842	+	ENSG00000136878	1	USP20	protein_coding	2	2	0.65556	own-gene 3'UTR verified vs GTF; audit only, not a published ranked list (20 disclosure 1, issue #99)
485266	9	129895260	129896151	-	ENSG00000187239	1	FNBP1	protein_coding	5	5	0.36130	own-gene 3'UTR verified vs GTF; audit only, not a published ranked list (20 disclosure 1, issue #99)
485469	9	130135121	130135405	+	ENSG00000148358	1	GPR107	protein_coding	1	2	0.28291	own-gene 3'UTR verified vs GTF; audit only, not a published ranked list (20 disclosure 1, issue #99)
485472	9	130139772	130140165	+	ENSG00000148358	1	GPR107	protein_coding	2	3	0.45666	own-gene 3'UTR verified vs GTF; audit only, not a published ranked list (20 disclosure 1, issue #99)
485518	9	130581425	130582483	+	ENSG00000107164	1	FUBP3	protein_coding	1	2	0.46795	own-gene 3'UTR verified vs GTF; audit only, not a published ranked list (20 disclosure 1, issue #99)
485539	9	130637966	130638352	+	ENSG00000107164	1	FUBP3	protein_coding	1	2	0.39996	own-gene 3'UTR verified vs GTF; audit only, not a published ranked list (20 disclosure 1, issue #99)
485733	9	131233624	131233707	+	ENSG00000126883	1	NUP214	protein_coding	1	2	0.34082	own-gene 3'UTR verified vs GTF; audit only, not a published ranked list (20 disclosure 1, issue #99)
485831	9	131499722	131500197	+	ENSG00000130723	1	PRRC2B	protein_coding	2	4	0.33775	own-gene 3'UTR verified vs GTF; audit only, not a published ranked list (20 disclosure 1, issue #99)
485839	9	131523340	131523799	+	ENSG00000130714	1	POMT1	protein_coding	1	2	0.63942	own-gene 3'UTR verified vs GTF; audit only, not a published ranked list (20 disclosure 1, issue #99)
485871	9	131576769	131576775	-	ENSG00000107263	1	RAPGEF1	protein_coding	5	5	0.41860	own-gene 3'UTR verified vs GTF; audit only, not a published ranked list (20 disclosure 1, issue #99)
486064	9	132261355	132262045	-	ENSG00000107290	1	SETX	protein_coding	1	2	0.44254	own-gene 3'UTR verified vs GTF; audit only, not a published ranked list (20 disclosure 1, issue #99)
486232	9	132889685	132890108	+	ENSG00000165698	1	SPACA9	protein_coding	1	2	0.64618	own-gene 3'UTR verified vs GTF; audit only, not a published ranked list (20 disclosure 1, issue #99)
486283	9	133097719	133097814	-	ENSG00000160271	1	RALGDS	protein_coding	4	6	0.57690	own-gene 3'UTR verified vs GTF; audit only, not a published ranked list (20 disclosure 1, issue #99)
486351	9	133361463	133361491	-	ENSG00000148248	1	SURF4	protein_coding	3	6	0.45331	own-gene 3'UTR verified vs GTF; audit only, not a published ranked list (20 disclosure 1, issue #99)
486540	9	134843665	134843671	+	ENSG00000130635	1	COL5A1	protein_coding	1	2	0.55217	own-gene 3'UTR verified vs GTF; audit only, not a published ranked list (20 disclosure 1, issue #99)
486541	9	134844171	134844548	+	ENSG00000130635	1	COL5A1	protein_coding	1	3	0.48166	own-gene 3'UTR verified vs GTF; audit only, not a published ranked list (20 disclosure 1, issue #99)
486550	9	134908310	134908721	-	ENSG00000085265	1	FCN1	protein_coding	1	2	0.16798	own-gene 3'UTR verified vs GTF; audit only, not a published ranked list (20 disclosure 1, issue #99)
486785	9	136494443	136495021	-	ENSG00000148400	1	NOTCH1	protein_coding	3	3	0.70599	own-gene 3'UTR verified vs GTF; audit only, not a published ranked list (20 disclosure 1, issue #99)
487017	9	137191615	137192025	-	ENSG00000176058	1	TPRN	protein_coding	2	2	0.34074	own-gene 3'UTR verified vs GTF; audit only, not a published ranked list (20 disclosure 1, issue #99)
487281	9	137835221	137836127	+	ENSG00000181090	1	EHMT1	protein_coding	2	3	0.64646	own-gene 3'UTR verified vs GTF; audit only, not a published ranked list (20 disclosure 1, issue #99)
488646	X	1309542	1310578	+	ENSG00000198223	1	CSF2RA	protein_coding	2	2	0.49176	own-gene 3'UTR verified vs GTF; audit only, not a published ranked list (20 disclosure 1, issue #99)
488719	X	1382487	1382689	+	ENSG00000185291	1	IL3RA	protein_coding	5	5	0.80888	own-gene 3'UTR verified vs GTF; audit only, not a published ranked list (20 disclosure 1, issue #99)
488725	X	1386137	1386310	-	ENSG00000169100	1	SLC25A6	protein_coding	3	3	0.13398	own-gene 3'UTR verified vs GTF; audit only, not a published ranked list (20 disclosure 1, issue #99)
488987	X	2220710	2220851	-	ENSG00000169084	1	DHRSX	protein_coding	3	2	0.60022	own-gene 3'UTR verified vs GTF; audit only, not a published ranked list (20 disclosure 1, issue #99)
489176	X	2733453	2733810	+	ENSG00000002586	1	CD99	protein_coding	2	2	0.11692	own-gene 3'UTR verified vs GTF; audit only, not a published ranked list (20 disclosure 1, issue #99)
489184	X	2741229	2741309	+	ENSG00000002586	1	CD99	protein_coding	1	2	0.14132	own-gene 3'UTR verified vs GTF; audit only, not a published ranked list (20 disclosure 1, issue #99)
489284	X	3604369	3604775	-	ENSG00000183943	1	PRKX	protein_coding	2	3	0.62010	own-gene 3'UTR verified vs GTF; audit only, not a published ranked list (20 disclosure 1, issue #99)
489759	X	9719056	9719743	+	ENSG00000101849	1	TBL1X	protein_coding	3	3	0.70834	own-gene 3'UTR verified vs GTF; audit only, not a published ranked list (20 disclosure 1, issue #99)
490198	X	13709577	13709674	+	ENSG00000123595	1	RAB9A	protein_coding	1	2	0.27472	own-gene 3'UTR verified vs GTF; audit only, not a published ranked list (20 disclosure 1, issue #99)
490247	X	13768961	13769361	+	ENSG00000046651	1	OFD1	protein_coding	1	2	0.14030	own-gene 3'UTR verified vs GTF; audit only, not a published ranked list (20 disclosure 1, issue #99)
490348	X	15319451	15319865	-	ENSG00000165195	1	PIGA	protein_coding	1	2	0.50740	own-gene 3'UTR verified vs GTF; audit only, not a published ranked list (20 disclosure 1, issue #99)
490489	X	15826067	15826096	-	ENSG00000182287	1	AP1S2	protein_coding	2	3	0.44241	own-gene 3'UTR verified vs GTF; audit only, not a published ranked list (20 disclosure 1, issue #99)
490495	X	15830048	15830787	-	ENSG00000182287	1	AP1S2	protein_coding	2	3	0.55371	own-gene 3'UTR verified vs GTF; audit only, not a published ranked list (20 disclosure 1, issue #99)
490620	X	16764909	16765430	+	ENSG00000169895	1	SYAP1	protein_coding	3	4	0.22078	own-gene 3'UTR verified vs GTF; audit only, not a published ranked list (20 disclosure 1, issue #99)
490671	X	16843913	16844519	+	ENSG00000086712	1	TXLNG	protein_coding	1	4	0.45798	own-gene 3'UTR verified vs GTF; audit only, not a published ranked list (20 disclosure 1, issue #99)
490673	X	16844649	16844650	-	ENSG00000102054	1	RBBP7	protein_coding	1	2	0.15638	own-gene 3'UTR verified vs GTF; audit only, not a published ranked list (20 disclosure 1, issue #99)
491257	X	20124512	20124929	-	ENSG00000173674	1	EIF1AX	protein_coding	2	4	0.18804	own-gene 3'UTR verified vs GTF; audit only, not a published ranked list (20 disclosure 1, issue #99)
491258	X	20125484	20126493	-	ENSG00000173674	1	EIF1AX	protein_coding	2	4	0.20495	own-gene 3'UTR verified vs GTF; audit only, not a published ranked list (20 disclosure 1, issue #99)
491261	X	20127217	20127405	-	ENSG00000173674	1	EIF1AX	protein_coding	3	2	0.22184	own-gene 3'UTR verified vs GTF; audit only, not a published ranked list (20 disclosure 1, issue #99)
491280	X	20149910	20150592	-	ENSG00000177189	1	RPS6KA3	protein_coding	1	2	0.26186	own-gene 3'UTR verified vs GTF; audit only, not a published ranked list (20 disclosure 1, issue #99)
491665	X	23686396	23686397	+	ENSG00000123131	1	PRDX4	protein_coding	1	2	0.48331	own-gene 3'UTR verified vs GTF; audit only, not a published ranked list (20 disclosure 1, issue #99)
491741	X	23785792	23786279	+	ENSG00000130066	1	SAT1	protein_coding	1	2	0.24470	own-gene 3'UTR verified vs GTF; audit only, not a published ranked list (20 disclosure 1, issue #99)
491869	X	24078779	24078810	+	ENSG00000130741	1	EIF2S3	protein_coding	7	6	0.41149	own-gene 3'UTR verified vs GTF; audit only, not a published ranked list (20 disclosure 1, issue #99)
492229	X	30694413	30694675	+	ENSG00000198814	1	GK	protein_coding	3	2	0.46767	own-gene 3'UTR verified vs GTF; audit only, not a published ranked list (20 disclosure 1, issue #99)
492263	X	30728920	30728934	+	ENSG00000198814	1	GK	protein_coding	1	2	0.24186	own-gene 3'UTR verified vs GTF; audit only, not a published ranked list (20 disclosure 1, issue #99)
492265	X	30729299	30729961	+	ENSG00000198814	1	GK	protein_coding	4	4	0.47850	own-gene 3'UTR verified vs GTF; audit only, not a published ranked list (20 disclosure 1, issue #99)
492704	X	40051245	40052237	-	ENSG00000183337	1	BCOR	protein_coding	1	2	0.23230	own-gene 3'UTR verified vs GTF; audit only, not a published ranked list (20 disclosure 1, issue #99)
492768	X	40605871	40605884	+	ENSG00000182220	1	ATP6AP2	protein_coding	7	5	0.50261	own-gene 3'UTR verified vs GTF; audit only, not a published ranked list (20 disclosure 1, issue #99)
492769	X	40606290	40606637	+	ENSG00000182220	1	ATP6AP2	protein_coding	3	4	0.50437	own-gene 3'UTR verified vs GTF; audit only, not a published ranked list (20 disclosure 1, issue #99)
492775	X	40626920	40627408	-	ENSG00000185753	1	CXorf38	protein_coding	1	2	0.26678	own-gene 3'UTR verified vs GTF; audit only, not a published ranked list (20 disclosure 1, issue #99)
492979	X	41350066	41350274	+	ENSG00000215301	1	DDX3X	protein_coding	3	5	0.38467	own-gene 3'UTR verified vs GTF; audit only, not a published ranked list (20 disclosure 1, issue #99)
493039	X	41519203	41519901	-	ENSG00000147044	1	CASK	protein_coding	1	3	0.47968	own-gene 3'UTR verified vs GTF; audit only, not a published ranked list (20 disclosure 1, issue #99)
493476	X	45111419	45112602	+	ENSG00000147050	1	KDM6A	protein_coding	1	2	0.51750	own-gene 3'UTR verified vs GTF; audit only, not a published ranked list (20 disclosure 1, issue #99)
493789	X	47215127	47215168	+	ENSG00000130985	1	UBA1	protein_coding	5	4	0.39742	own-gene 3'UTR verified vs GTF; audit only, not a published ranked list (20 disclosure 1, issue #99)
493880	X	47635520	47636116	-	ENSG00000126767	1	ELK1	protein_coding	1	2	0.51434	own-gene 3'UTR verified vs GTF; audit only, not a published ranked list (20 disclosure 1, issue #99)
494008	X	48577661	48577662	+	ENSG00000102317	1	RBM3	protein_coding	1	2	0.17733	own-gene 3'UTR verified vs GTF; audit only, not a published ranked list (20 disclosure 1, issue #99)
494083	X	48903182	48903189	-	ENSG00000102100	1	SLC35A2	protein_coding	1	3	0.39954	own-gene 3'UTR verified vs GTF; audit only, not a published ranked list (20 disclosure 1, issue #99)
494567	X	53191972	53192696	-	ENSG00000126012	1	KDM5C	protein_coding	2	2	0.41295	own-gene 3'UTR verified vs GTF; audit only, not a published ranked list (20 disclosure 1, issue #99)
494658	X	53532789	53532794	-	ENSG00000086758	1	HUWE1	protein_coding	3	2	0.41998	own-gene 3'UTR verified vs GTF; audit only, not a published ranked list (20 disclosure 1, issue #99)
495115	X	56731985	56732471	+	ENSG00000204272	1	NBDY	protein_coding	2	2	0.31867	own-gene 3'UTR verified vs GTF; audit only, not a published ranked list (20 disclosure 1, issue #99)
495145	X	56817570	56817696	+	ENSG00000204272	1	NBDY	protein_coding	5	5	0.32510	own-gene 3'UTR verified vs GTF; audit only, not a published ranked list (20 disclosure 1, issue #99)
495318	X	57488851	57489196	+	ENSG00000165591	1	FAAH2	protein_coding	3	3	0.20833	own-gene 3'UTR verified vs GTF; audit only, not a published ranked list (20 disclosure 1, issue #99)
495785	X	65741930	65741931	+	ENSG00000147065	1	MSN	protein_coding	8	5	0.44586	own-gene 3'UTR verified vs GTF; audit only, not a published ranked list (20 disclosure 1, issue #99)
496294	X	71301051	71301168	+	ENSG00000147140	1	NONO	protein_coding	2	3	0.20076	own-gene 3'UTR verified vs GTF; audit only, not a published ranked list (20 disclosure 1, issue #99)
496421	X	71573931	71574521	+	ENSG00000147162	1	OGT	protein_coding	1	2	0.28624	own-gene 3'UTR verified vs GTF; audit only, not a published ranked list (20 disclosure 1, issue #99)
496425	X	71575831	71575892	+	ENSG00000147162	1	OGT	protein_coding	1	4	0.35433	own-gene 3'UTR verified vs GTF; audit only, not a published ranked list (20 disclosure 1, issue #99)
496565	X	72272602	72272692	-	ENSG00000198034	1	RPS4X	protein_coding	1	2	0.12012	own-gene 3'UTR verified vs GTF; audit only, not a published ranked list (20 disclosure 1, issue #99)
497030	X	74585225	74585822	-	ENSG00000131263	1	RLIM	protein_coding	1	3	0.41344	own-gene 3'UTR verified vs GTF; audit only, not a published ranked list (20 disclosure 1, issue #99)
497253	X	77506407	77507503	-	ENSG00000085224	1	ATRX	protein_coding	2	3	0.25013	own-gene 3'UTR verified vs GTF; audit only, not a published ranked list (20 disclosure 1, issue #99)
497389	X	77826267	77826364	-	ENSG00000102158	1	MAGT1	protein_coding	2	3	0.40548	own-gene 3'UTR verified vs GTF; audit only, not a published ranked list (20 disclosure 1, issue #99)
497512	X	78126181	78126273	+	ENSG00000102144	1	PGK1	protein_coding	4	3	0.17516	own-gene 3'UTR verified vs GTF; audit only, not a published ranked list (20 disclosure 1, issue #99)
497514	X	78126761	78126949	+	ENSG00000102144	1	PGK1	protein_coding	6	3	0.28675	own-gene 3'UTR verified vs GTF; audit only, not a published ranked list (20 disclosure 1, issue #99)
497728	X	79360383	79360446	-	ENSG00000078596	1	ITM2A	protein_coding	1	2	0.41166	own-gene 3'UTR verified vs GTF; audit only, not a published ranked list (20 disclosure 1, issue #99)
497933	X	81297313	81297769	+	ENSG00000131171	1	SH3BGRL	protein_coding	11	6	0.58345	own-gene 3'UTR verified vs GTF; audit only, not a published ranked list (20 disclosure 1, issue #99)
497934	X	81298249	81298547	+	ENSG00000131171	1	SH3BGRL	protein_coding	7	4	0.27119	own-gene 3'UTR verified vs GTF; audit only, not a published ranked list (20 disclosure 1, issue #99)
499022	X	101349449	101349819	-	ENSG00000010671	1	BTK	protein_coding	1	2	0.59133	own-gene 3'UTR verified vs GTF; audit only, not a published ranked list (20 disclosure 1, issue #99)
499058	X	101397800	101397807	-	ENSG00000102393	1	GLA	protein_coding	8	5	0.49308	own-gene 3'UTR verified vs GTF; audit only, not a published ranked list (20 disclosure 1, issue #99)
499060	X	101398223	101398697	-	ENSG00000102393	1	GLA	protein_coding	1	2	0.24806	own-gene 3'UTR verified vs GTF; audit only, not a published ranked list (20 disclosure 1, issue #99)
499135	X	101626843	101627843	+	ENSG00000102401	1	ARMCX3	protein_coding	4	4	0.36330	own-gene 3'UTR verified vs GTF; audit only, not a published ranked list (20 disclosure 1, issue #99)
499347	X	103675497	103675498	-	ENSG00000123562	1	MORF4L2	protein_coding	13	6	0.53641	own-gene 3'UTR verified vs GTF; audit only, not a published ranked list (20 disclosure 1, issue #99)
499348	X	103675742	103675743	-	ENSG00000123562	1	MORF4L2	protein_coding	3	2	0.38715	own-gene 3'UTR verified vs GTF; audit only, not a published ranked list (20 disclosure 1, issue #99)
499452	X	104195461	104195902	+	ENSG00000123575	1	FAM199X	protein_coding	1	2	0.56515	own-gene 3'UTR verified vs GTF; audit only, not a published ranked list (20 disclosure 1, issue #99)
499713	X	107713715	107713927	-	ENSG00000157514	1	TSC22D3	protein_coding	1	3	0.20779	own-gene 3'UTR verified vs GTF; audit only, not a published ranked list (20 disclosure 1, issue #99)
499841	X	109641329	109641449	-	ENSG00000068366	1	ACSL4	protein_coding	4	2	0.49875	own-gene 3'UTR verified vs GTF; audit only, not a published ranked list (20 disclosure 1, issue #99)
500053	X	111685303	111686382	+	ENSG00000101901	1	ALG13	protein_coding	1	2	0.21050	own-gene 3'UTR verified vs GTF; audit only, not a published ranked list (20 disclosure 1, issue #99)
500110	X	111760053	111760649	+	ENSG00000101901	1	ALG13	protein_coding	1	2	0.15372	own-gene 3'UTR verified vs GTF; audit only, not a published ranked list (20 disclosure 1, issue #99)
500484	X	118685703	118686220	+	ENSG00000147251	1	DOCK11	protein_coding	1	3	0.41049	own-gene 3'UTR verified vs GTF; audit only, not a published ranked list (20 disclosure 1, issue #99)
500748	X	119583292	119583454	+	ENSG00000077721	1	UBE2A	protein_coding	3	2	0.35806	own-gene 3'UTR verified vs GTF; audit only, not a published ranked list (20 disclosure 1, issue #99)
500785	X	119619318	119619321	-	ENSG00000125354	1	SEPTIN6	protein_coding	2	2	0.38813	own-gene 3'UTR verified vs GTF; audit only, not a published ranked list (20 disclosure 1, issue #99)
500796	X	119627915	119629455	-	ENSG00000125354	1	SEPTIN6	protein_coding	2	3	0.30821	own-gene 3'UTR verified vs GTF; audit only, not a published ranked list (20 disclosure 1, issue #99)
500903	X	119833976	119834433	-	ENSG00000125351	1	UPF3B	protein_coding	2	2	0.23802	own-gene 3'UTR verified vs GTF; audit only, not a published ranked list (20 disclosure 1, issue #99)
500923	X	119876661	119876699	+	ENSG00000125356	1	NDUFA1	protein_coding	3	4	0.39798	own-gene 3'UTR verified vs GTF; audit only, not a published ranked list (20 disclosure 1, issue #99)
501023	X	120430821	120430984	-	ENSG00000005893	1	LAMP2	protein_coding	5	6	0.56839	own-gene 3'UTR verified vs GTF; audit only, not a published ranked list (20 disclosure 1, issue #99)
501024	X	120431141	120431276	-	ENSG00000005893	1	LAMP2	protein_coding	9	5	0.60517	own-gene 3'UTR verified vs GTF; audit only, not a published ranked list (20 disclosure 1, issue #99)
501030	X	120436493	120436589	-	ENSG00000005893	1	LAMP2	protein_coding	7	4	0.44824	own-gene 3'UTR verified vs GTF; audit only, not a published ranked list (20 disclosure 1, issue #99)
501392	X	124100524	124101498	+	ENSG00000101972	1	STAG2	protein_coding	4	4	0.33560	own-gene 3'UTR verified vs GTF; audit only, not a published ranked list (20 disclosure 1, issue #99)
501393	X	124102293	124102499	+	ENSG00000101972	1	STAG2	protein_coding	7	5	0.51299	own-gene 3'UTR verified vs GTF; audit only, not a published ranked list (20 disclosure 1, issue #99)
502552	X	136511985	136512492	+	ENSG00000102241	1	HTATSF1	protein_coding	1	2	0.24591	own-gene 3'UTR verified vs GTF; audit only, not a published ranked list (20 disclosure 1, issue #99)
502646	X	136869186	136869732	-	ENSG00000147274	1	RBMX	protein_coding	1	2	0.44013	own-gene 3'UTR verified vs GTF; audit only, not a published ranked list (20 disclosure 1, issue #99)
503042	X	149478768	149478882	-	ENSG00000010404	2	IDS	protein_coding	2	2	0.36694	own-gene 3'UTR verified vs GTF; audit only, not a published ranked list (20 disclosure 1, issue #99)
503043	X	149479000	149479001	-	ENSG00000010404	2	IDS	protein_coding	1	2	0.33163	own-gene 3'UTR verified vs GTF; audit only, not a published ranked list (20 disclosure 1, issue #99)
503321	X	151405058	151405161	+	ENSG00000160131	1	VMA21	protein_coding	7	5	0.73507	own-gene 3'UTR verified vs GTF; audit only, not a published ranked list (20 disclosure 1, issue #99)
503325	X	151408937	151409364	+	ENSG00000160131	1	VMA21	protein_coding	6	5	0.58082	own-gene 3'UTR verified vs GTF; audit only, not a published ranked list (20 disclosure 1, issue #99)
503555	X	154021679	154022244	-	ENSG00000169057	1	MECP2	protein_coding	1	2	0.15863	own-gene 3'UTR verified vs GTF; audit only, not a published ranked list (20 disclosure 1, issue #99)
503558	X	154024718	154025256	-	ENSG00000169057	1	MECP2	protein_coding	1	3	0.22349	own-gene 3'UTR verified vs GTF; audit only, not a published ranked list (20 disclosure 1, issue #99)
503759	X	154436512	154436516	+	ENSG00000071553	1	ATP6AP1	protein_coding	2	3	0.24898	own-gene 3'UTR verified vs GTF; audit only, not a published ranked list (20 disclosure 1, issue #99)
503779	X	154477768	154477775	-	ENSG00000196976	1	LAGE3	protein_coding	1	2	0.22281	own-gene 3'UTR verified vs GTF; audit only, not a published ranked list (20 disclosure 1, issue #99)
503805	X	154531390	154531459	-	ENSG00000160211	1	G6PD	protein_coding	1	2	0.16211	own-gene 3'UTR verified vs GTF; audit only, not a published ranked list (20 disclosure 1, issue #99)
503994	X	155277126	155277961	-	ENSG00000155962	1	CLIC2	protein_coding	2	2	0.66300	own-gene 3'UTR verified vs GTF; audit only, not a published ranked list (20 disclosure 1, issue #99)
