cb	stage_pas	stage_gex	umap1_pas	umap2_pas	umi_pas	mouse
TCTGGAATCCCGACTT	RoundSpermatid	RoundSpermatid	-5.83512	11.855819	37522	mouse1
GTGAAGGCAGAAGCAC	RoundSpermatid	RoundSpermatid	0.9493066	7.4691105	22158	mouse1
AGAATAGGTTCCGGCA	RoundSpermatid	RoundSpermatid	-0.0061976234	11.426318	25850	mouse1
CTTACCGCACACGCTG	RoundSpermatid	RoundSpermatid	0.7130554	8.3725	20473	mouse1
TTGAACGGTGTGGTTT	RoundSpermatid	RoundSpermatid	0.08321252	9.582598	27388	mouse1
TGCCAAACATTGGTAC	RoundSpermatid	RoundSpermatid	-4.792829	11.784894	30253	mouse1
CTCTAATTCTATCGCC	RoundSpermatid	RoundSpermatid	2.622984	6.2486606	21215	mouse1
CATGGCGTCAGTACGT	RoundSpermatid	RoundSpermatid	1.9713758	6.522218	17124	mouse1
CAGTAACAGCAGCCTC	Elongating	Elongating	-4.971105	6.8880835	17275	mouse1
CGAATGTGTTGTTTGG	RoundSpermatid	RoundSpermatid	2.1504292	4.216249	23014	mouse1
GCTTCCAAGGCCGAAT	RoundSpermatid	RoundSpermatid	-1.7429883	11.87087	17376	mouse1
ATTGGTGGTAGAGCTG	RoundSpermatid	RoundSpermatid	-5.1174726	12.164775	26564	mouse1
TACGGTAGTACCGAGA	RoundSpermatid	RoundSpermatid	-3.7826314	12.039588	34275	mouse1
AGCATACAGTGTGGCA	RoundSpermatid	RoundSpermatid	-5.0069904	11.283682	8442	mouse1
CACACAAGTGTCTGAT	Elongating	Elongating	-2.740519	5.24326	23608	mouse1
GAATGAATCCATGAGT	RoundSpermatid	RoundSpermatid	-4.920393	11.6568575	25554	mouse1
CTACATTCATTACGAC	RoundSpermatid	RoundSpermatid	-5.9198833	11.747291	22191	mouse1
ATCATGGGTTCGTCTC	RoundSpermatid	RoundSpermatid	-5.197773	11.933707	27145	mouse1
CTCGTACGTCCGAATT	RoundSpermatid	RoundSpermatid	-6.183576	11.421096	31576	mouse1
TGGCTGGTCCTAGTGA	RoundSpermatid	RoundSpermatid	-6.384596	11.674315	16344	mouse1
AAACGGGTCCTCATTA	RoundSpermatid	RoundSpermatid	-6.129022	11.210525	16874	mouse1
CTTTGCGGTCTAAAGA	RoundSpermatid	RoundSpermatid	-5.355034	11.961045	28601	mouse1
GGCGTGTCAATGGTCT	RoundSpermatid	RoundSpermatid	-6.243933	11.707046	26058	mouse1
CACAAACTCCTGCTTG	RoundSpermatid	RoundSpermatid	-5.5902643	12.176829	32651	mouse1
CTTAACTTCGGTCTAA	RoundSpermatid	RoundSpermatid	-5.6713705	11.321793	25563	mouse1
TATCAGGAGAGCTGCA	Elongating	Elongating	-7.4441824	10.420933	26675	mouse1
CATCGAAAGTAGCGGT	Elongating	Elongating	-7.5627184	9.074069	27616	mouse1
GGCGACTGTGAGTATA	Spermatocyte	Spermatocyte	-13.783115	-4.080735	89368	mouse1
ACGCCGAGTACTCAAC	Elongating	Elongating	-6.8553834	8.0269	10902	mouse1
GGTGCGTGTGCACCAC	RoundSpermatid	RoundSpermatid	-6.174257	11.661365	26248	mouse1
CAGCAGCCAAGCCATT	RoundSpermatid	RoundSpermatid	-6.1229467	11.523373	33722	mouse1
CGAGAAGCAGCTTCGG	RoundSpermatid	RoundSpermatid	-3.909285	11.936622	32423	mouse1
CTCGTCACAAGCCTAT	Spermatocyte	Spermatocyte	5.8853483	-1.7328317	19601	mouse1
TCGGTAAAGTGAACGC	RoundSpermatid	RoundSpermatid	2.373404	3.862046	24711	mouse1
TTTATGCAGGTAGCTG	RoundSpermatid	RoundSpermatid	2.3923063	6.2935843	45807	mouse1
ACACCGGAGAAGGCCT	RoundSpermatid	RoundSpermatid	1.1680856	7.360519	22121	mouse1
CACATAGGTCACTTCC	RoundSpermatid	RoundSpermatid	3.0342495	3.9894087	20596	mouse1
ACTTGTTAGCGATGAC	RoundSpermatid	RoundSpermatid	4.738852	1.0445746	21738	mouse1
GGTATTGTCAGCCTAA	RoundSpermatid	RoundSpermatid	2.8681312	4.499427	16731	mouse1
CTGTGCTCAGGTCCAC	Spermatocyte	Spermatocyte	-13.5360985	-3.804243	103415	mouse1
AACTCAGGTAAATGTG	RoundSpermatid	RoundSpermatid	3.5453568	2.2707665	16679	mouse1
GGTATTGTCGTGGTCG	Spermatocyte	Spermatocyte	5.7495522	-0.5544654	19868	mouse1
ATCACGACAAATCCGT	Spermatocyte	Spermatocyte	5.5650544	-2.0824711	18785	mouse1
TTCTACACACGAGAGT	RoundSpermatid	RoundSpermatid	3.7007813	2.460253	19166	mouse1
GACACGCGTACCGTAT	RoundSpermatid	RoundSpermatid	3.1307516	3.2086225	17893	mouse1
TGACTAGTCGAACGGA	RoundSpermatid	RoundSpermatid	2.4088833	3.2318265	28110	mouse1
CTAAGACCAAGTCTAC	Spermatocyte	Spermatocyte	-17.36371	-3.7301152	80349	mouse1
TTTGTCAGTAATAGCA	RoundSpermatid	RoundSpermatid	2.3407545	6.6685634	39857	mouse1
GCAAACTGTGTAACGG	Spermatocyte	Spermatocyte	5.6864533	-1.1489059	19442	mouse1
TCAGGATCATGGTCAT	RoundSpermatid	RoundSpermatid	4.7600737	0.581299	22668	mouse1
CGTTCTGTCGTCCAGG	Spermatocyte	Spermatocyte	4.2402864	-2.756146	22108	mouse1
ACACTGAAGTCTCAAC	Spermatocyte	Spermatocyte	5.611435	-1.908377	42528	mouse1
CGTGTAAAGGAGTTTA	RoundSpermatid	RoundSpermatid	4.844885	1.285462	9310	mouse1
AAAGATGAGGTACTCT	RoundSpermatid	RoundSpermatid	2.5952513	4.227501	19214	mouse1
GAGGTGATCTAACCGA	Spermatocyte	Spermatocyte	4.7602305	-2.7191222	15514	mouse1
CGTTGGGGTTCCGGCA	RoundSpermatid	RoundSpermatid	1.9830967	3.4642367	9132	mouse1
GATCTAGGTCACAAGG	RoundSpermatid	RoundSpermatid	0.060037423	8.773929	111237	mouse1
CGTTGGGCAATCCGAT	Spermatocyte	Spermatocyte	5.7680945	-1.4628252	17204	mouse1
TTTACTGTCAACACAC	RoundSpermatid	RoundSpermatid	4.2721624	1.4329647	27300	mouse1
CAGTCCTCACTACAGT	Spermatocyte	Spermatocyte	-15.1260805	-6.7770343	19076	mouse1
TCACGAACAACTTGAC	RoundSpermatid	RoundSpermatid	3.2567708	2.2089972	20441	mouse1
CTAACTTAGACCGGAT	Spermatocyte	Spermatocyte	5.0503955	-1.9000205	26705	mouse1
CTACACCTCGTGGACC	RoundSpermatid	RoundSpermatid	4.339023	0.7567802	25794	mouse1
GACGGCTAGATCTGCT	RoundSpermatid	RoundSpermatid	2.5832255	3.4214952	23762	mouse1
CTACGTCAGGGAAACA	RoundSpermatid	RoundSpermatid	4.1075993	0.65097576	21824	mouse1
TACTTACGTAATAGCA	RoundSpermatid	RoundSpermatid	-0.059746396	8.270442	24378	mouse1
AGCATACGTTCGTTGA	RoundSpermatid	RoundSpermatid	0.30892792	9.1984825	21815	mouse1
TGTTCCGCATTCTCAT	RoundSpermatid	RoundSpermatid	3.4065785	2.0903432	23377	mouse1
AACTGGTAGAGAGCTC	RoundSpermatid	RoundSpermatid	4.5872703	0.065549396	23831	mouse1
CTTTGCGAGTTTCCTT	Spermatocyte	Spermatocyte	6.350558	-0.19772281	17911	mouse1
TCACAAGGTCCAAGTT	RoundSpermatid	RoundSpermatid	0.4731873	7.9068675	26917	mouse1
ATCTGCCAGACAGGCT	Spermatocyte	Spermatocyte	6.021586	-0.1366629	26060	mouse1
TAAACCGTCTAACTCT	RoundSpermatid	RoundSpermatid	4.935735	1.1515086	22587	mouse1
GACGCGTAGCGATGAC	RoundSpermatid	RoundSpermatid	2.9150357	3.662291	19766	mouse1
CCCAATCAGTACGCGA	RoundSpermatid	RoundSpermatid	2.2306376	6.1655726	25749	mouse1
CTACGTCCAGCGTCCA	RoundSpermatid	RoundSpermatid	-1.2766956	11.447519	25604	mouse1
GATCGATAGCGTGAGT	Spermatocyte	Spermatocyte	-15.157182	-6.162351	18627	mouse1
ACGAGGAGTGATGCCC	RoundSpermatid	RoundSpermatid	2.4020445	3.638895	28886	mouse1
CACTCCATCGCGGATC	RoundSpermatid	RoundSpermatid	4.637775	0.77499527	19167	mouse1
CGGACTGTCTCGATGA	Elongating	Elongating	-7.5837784	10.228909	41408	mouse1
AAACGGGTCATTTGGG	RoundSpermatid	RoundSpermatid	-5.41026	11.147601	21188	mouse1
CGCGTTTGTAGCTCCG	RoundSpermatid	RoundSpermatid	4.069658	1.8187882	17815	mouse1
TCAGATGAGAATTCCC	Spermatocyte	Spermatocyte	6.161313	-1.0045213	17534	mouse1
CACAAACGTTTGTGTG	Spermatocyte	Spermatocyte	5.7813935	-0.95426255	20635	mouse1
AACCATGAGAGGTACC	Spermatocyte	Spermatocyte	4.1747594	-2.9161363	21573	mouse1
TGTTCCGTCTTCAACT	Spermatocyte	Spermatocyte	6.561151	-0.8468545	18609	mouse1
CTCGTACCAGGTGCCT	RoundSpermatid	RoundSpermatid	2.9088895	3.4822397	21889	mouse1
CGGTTAAAGGTGCTAG	RoundSpermatid	RoundSpermatid	1.4843924	6.1846395	20581	mouse1
ACAGCTACAATCGGTT	RoundSpermatid	RoundSpermatid	2.1456032	3.2714312	26769	mouse1
TCGCGTTCACAGATTC	Spermatocyte	Spermatocyte	-17.056116	-3.7746706	87615	mouse1
GAACATCAGCCACGCT	RoundSpermatid	RoundSpermatid	4.0663934	0.99028933	24699	mouse1
AAGCCGCAGAACAACT	RoundSpermatid	RoundSpermatid	4.1938567	1.5897181	21175	mouse1
CCTCTGAAGTGGGCTA	Spermatocyte	Spermatocyte	6.058361	-0.44723386	22333	mouse1
ATAAGAGAGAATGTTG	Spermatocyte	Spermatocyte	3.305543	-3.3845544	18542	mouse1
GTTCGGGGTGCAGTAG	Spermatocyte	Spermatocyte	5.0602517	-2.4637926	18134	mouse1
GAACGGAAGAAACCGC	Spermatocyte	Spermatocyte	5.8584366	-1.9804424	20320	mouse1
CAACCAAAGCAATATG	RoundSpermatid	RoundSpermatid	2.3703988	6.7446117	26238	mouse1
GCACATAGTTCCACGG	RoundSpermatid	RoundSpermatid	4.493309	1.1467214	17329	mouse1
TGATTTCGTCTTCGTC	RoundSpermatid	RoundSpermatid	3.6781495	1.3894747	25813	mouse1
ACACCCTTCTTAGAGC	Spermatocyte	Spermatocyte	6.3655787	-0.87952137	25778	mouse1
ACGGAGACATCTACGA	Elongating	Elongating	-6.759567	7.769324	17949	mouse1
CGGACACTCCCAACGG	RoundSpermatid	RoundSpermatid	3.5898607	2.7403767	23316	mouse1
GTACGTATCGTGGTCG	RoundSpermatid	RoundSpermatid	-2.7513309	11.248448	11413	mouse1
TGCTGCTTCTAACTGG	RoundSpermatid	RoundSpermatid	1.8540546	7.6627874	18751	mouse1
TGCACCTAGGATGGTC	Spermatocyte	Spermatocyte	6.2812204	-1.1010725	32895	mouse1
CGAATGTAGGTGGGTT	RoundSpermatid	RoundSpermatid	3.3162339	2.95438	26606	mouse1
GGAAAGCTCAACTCTT	RoundSpermatid	RoundSpermatid	-5.949847	11.225558	26450	mouse1
GGCTCGACACAGACTT	Spermatocyte	Spermatogonia	-18.215862	-2.134505	50804	mouse1
AATCGGTCAGGGAGAG	Spermatocyte	Spermatogonia	-17.812323	-1.8988701	36738	mouse1
AAACGGGCACTCAGGC	Spermatocyte	Spermatocyte	-18.816591	-4.2868247	9590	mouse1
CGAGCACAGATGAGAG	RoundSpermatid	RoundSpermatid	1.8220224	7.931451	9367	mouse1
AATCGGTGTATAGTAG	Spermatocyte	Spermatogonia	-17.734583	-1.4579449	30013	mouse1
CCACCTAGTATGGTTC	Spermatocyte	Spermatocyte	-17.17255	-7.2414474	44713	mouse1
GGCCGATAGCTGTCTA	RoundSpermatid	RoundSpermatid	-5.607032	11.665097	33957	mouse1
TATTACCAGAGTCTGG	Spermatocyte	Spermatocyte	-14.706875	-4.9148355	95060	mouse1
TAGACCAGTCTAGAGG	RoundSpermatid	RoundSpermatid	4.2949414	1.9024563	16163	mouse1
GCTCTGTGTAGGGTAC	RoundSpermatid	RoundSpermatid	-5.2144465	11.951269	24228	mouse1
AACTGGTGTCAATGTC	Spermatocyte	Spermatocyte	-19.036167	-4.246567	12444	mouse1
TTGGAACGTAAGTGTA	Spermatocyte	Spermatogonia	-17.388233	-1.2784816	23744	mouse1
AGTGAGGTCAGCTTAG	Spermatocyte	Spermatocyte	-15.968669	-3.417212	89605	mouse1
AAGACCTGTGTTCGAT	RoundSpermatid	RoundSpermatid	2.0946367	6.6792626	23116	mouse1
ACATGGTCATCAGTCA	RoundSpermatid	RoundSpermatid	-4.2867494	11.328503	22345	mouse1
CAGTCCTCAGACGCCT	RoundSpermatid	RoundSpermatid	-6.436828	11.3747225	35858	mouse1
CATCAAGCATTTGCCC	Spermatocyte	Spermatocyte	-17.794886	-3.3796394	74852	mouse1
CGTCCATGTACCCAAT	RoundSpermatid	RoundSpermatid	3.8629208	1.7212193	18522	mouse1
TGAAAGACATGCAATC	Spermatocyte	Spermatocyte	-18.435383	-2.3003747	14780	mouse1
GCGCAGTCAGCTCGAC	Spermatocyte	Spermatocyte	-16.797438	-7.3630843	46556	mouse1
TACGGTAGTCAACTGT	Spermatocyte	Spermatocyte	-17.950172	-2.9480143	66231	mouse1
TACTCATAGCGCCTCA	Spermatocyte	Spermatocyte	-15.178384	-4.984108	104676	mouse1
TCTCTAAGTGAGGCTA	Spermatocyte	Spermatocyte	-19.095142	-5.433647	23098	mouse1
AGTTGGTTCAGCTTAG	Spermatocyte	Spermatocyte	-19.028858	-4.8254666	12364	mouse1
GCCTCTAAGACAGGCT	Spermatocyte	Spermatocyte	-15.982912	-5.121174	120869	mouse1
ATGGGAGTCTTGAGAC	Spermatocyte	Spermatocyte	-15.695108	-6.9253893	16895	mouse1
CCTCAGTCATTACGAC	Spermatocyte	Spermatocyte	5.586022	-1.645624	27907	mouse1
TTGACTTGTCCGAACC	Spermatocyte	Spermatocyte	-18.954967	-5.4991994	17294	mouse1
CGGACGTCACTTACGA	Spermatocyte	Spermatocyte	5.895766	-0.23572457	21415	mouse1
AGGGATGTCAACGAAA	Spermatocyte	Spermatocyte	-15.654742	-5.123884	101368	mouse1
GCACTCTAGATAGCAT	Spermatocyte	Spermatocyte	-15.781084	-6.9823847	23983	mouse1
GTCATTTTCACCATAG	Spermatocyte	Spermatocyte	-17.596159	-3.474886	89757	mouse1
TCGGTAAGTCTCACCT	Spermatocyte	Spermatocyte	-15.62587	-3.3134303	81031	mouse1
CTCGGAGGTCCAACTA	Spermatocyte	Spermatocyte	-17.45151	-3.6871095	67861	mouse1
CTGAAGTTCGCCCTTA	Spermatocyte	Spermatocyte	-19.034184	-5.5253224	14521	mouse1
CTAAGACTCCACGAAT	Spermatocyte	Spermatocyte	5.6006517	-0.92679036	23045	mouse1
CCTTTCTAGATGTTAG	Spermatocyte	Spermatocyte	-13.9826975	-3.4631593	93363	mouse1
CGTTGGGAGCAGACTG	Spermatocyte	Spermatocyte	-16.816599	-4.0338883	57087	mouse1
GGACAGATCCATGAAC	Spermatocyte	Spermatocyte	-17.62378	-3.6537309	72829	mouse1
TTCTACAGTCGCGTGT	Spermatocyte	Spermatocyte	-16.375292	-5.650396	42068	mouse1
CATCCACCATTCGACA	Spermatocyte	Spermatocyte	-17.23477	-5.807366	147319	mouse1
GAGCAGACATAAGACA	RoundSpermatid	RoundSpermatid	-0.2593888	8.94621	21673	mouse1
TAAGCGTCAGCTCGCA	Spermatocyte	Spermatocyte	-16.12318	-3.4869792	68648	mouse1
TGTTCCGCATGTAAGA	Spermatocyte	Spermatocyte	-15.288065	-2.9654295	85620	mouse1
CGGGTCATCACGCATA	RoundSpermatid	RoundSpermatid	0.58071494	7.6089926	27411	mouse1
TAGACCACATGTAAGA	Spermatocyte	Spermatocyte	-13.682032	-4.1664114	96204	mouse1
CTTCTCTCACATCCGG	Spermatocyte	Spermatocyte	5.181959	-2.2348073	17932	mouse1
CCTACCACAATGGACG	Spermatocyte	Spermatocyte	-13.66481	-3.907746	105618	mouse1
GTACTTTTCTTTACGT	Spermatocyte	Spermatocyte	-19.128817	-5.4513655	13230	mouse1
GGATGTTTCTGGTTCC	Spermatocyte	Spermatocyte	-17.950579	-4.1529875	65748	mouse1
TACAGTGAGTGTACTC	RoundSpermatid	RoundSpermatid	5.0116987	0.272047	21886	mouse1
CTACCCAGTACCCAAT	RoundSpermatid	RoundSpermatid	3.9692216	1.3132168	22769	mouse1
ATCTACTCACGGTAGA	Spermatocyte	Spermatocyte	-15.053952	-3.074014	66944	mouse1
AGTGGGACAATGCCAT	Spermatocyte	Spermatocyte	-16.687222	-5.414872	54582	mouse1
TTGAACGAGGCTAGGT	Spermatocyte	Spermatocyte	-15.338827	-4.991202	106247	mouse1
ACACTGATCCACGTGG	Spermatocyte	Spermatocyte	-16.79721	-6.7551336	43482	mouse1
CCTTCGATCCTTTACA	Spermatocyte	Spermatocyte	-18.4405	-3.1140027	9950	mouse1
TAAGAGACATGCATGT	RoundSpermatid	RoundSpermatid	0.47044268	9.642273	22655	mouse1
ACAGCTAAGGACATTA	Spermatocyte	Spermatocyte	-18.02664	-2.7461686	41610	mouse1
GTCCTCACACGAGGTA	Spermatocyte	Spermatocyte	-19.138638	-4.673132	16912	mouse1
CATTATCGTTTGCATG	Spermatocyte	Spermatocyte	-14.620778	-4.8347774	97577	mouse1
GATGAAAGTCGAGTTT	Spermatocyte	Spermatocyte	-13.706573	-4.0550637	93629	mouse1
GGATGTTGTGATGCCC	RoundSpermatid	RoundSpermatid	-0.31721523	8.468522	20191	mouse1
AATCGGTCAAGTCTAC	Spermatocyte	Spermatocyte	-17.015087	-7.0178366	35814	mouse1
TCGCGAGAGGGTGTTG	Spermatocyte	Spermatocyte	4.467498	-2.8777113	16943	mouse1
GGGATGATCCTTTCTC	Spermatocyte	Spermatocyte	-16.7914	-6.4114914	37720	mouse1
AGGGAGTTCGAATGCT	Spermatocyte	Spermatocyte	-15.218774	-3.1066492	72919	mouse1
GGTATTGAGCGTGAGT	Spermatocyte	Spermatocyte	-18.810326	-5.0142083	9770	mouse1
CGCTTCAAGCTAGTGG	Spermatocyte	Spermatocyte	-15.414319	-3.3111012	80932	mouse1
GCAAACTAGTGTCCCG	Spermatocyte	Spermatocyte	-14.815834	-3.229141	78706	mouse1
GAATAAGCAAACTGCT	Spermatocyte	Spermatocyte	-16.764608	-5.664821	50034	mouse1
GAGTCCGCAGACGCCT	Spermatocyte	Spermatocyte	-16.588253	-5.6554933	55391	mouse1
CATTATCGTTAGTGGG	Spermatocyte	Spermatocyte	-15.156722	-2.9848979	82649	mouse1
CAGCAGCAGTATGACA	Spermatocyte	Spermatocyte	-18.864882	-4.8152785	12240	mouse1
TGACAACCAATGGACG	Spermatocyte	Spermatogonia	-16.333296	-2.4134614	61864	mouse1
GTATCTTAGCATCATC	Spermatocyte	Spermatocyte	-17.920202	-3.8520494	61470	mouse1
GCGCAACAGTGCAAGC	Spermatocyte	Spermatocyte	-15.184132	-3.0788732	87898	mouse1
CGGCTAGCATCCGTGG	Spermatocyte	Spermatocyte	6.268786	-1.3742748	19747	mouse1
GGAATAAGTAAATACG	Spermatocyte	Spermatocyte	-16.03369	-5.137125	129698	mouse1
GGACAAGCATCCGTGG	Spermatocyte	Spermatocyte	-13.556678	-3.8147295	87623	mouse1
TACCTATCAGCTATTG	Spermatocyte	Spermatocyte	-19.304129	-5.6212845	10681	mouse1
ATCTGCCTCGATCCCT	Spermatocyte	Spermatocyte	-16.001602	-5.3434873	121795	mouse1
ACCGTAAGTGCAGTAG	Spermatocyte	Spermatocyte	-13.635279	-4.244256	76946	mouse1
AACGTTGAGGGAGTAA	Spermatocyte	Spermatocyte	-17.503204	-3.564147	69075	mouse1
CGTCAGGGTGCTGTAT	Spermatocyte	Spermatocyte	-16.746216	-5.48592	54016	mouse1
AGATCTGTCTGATTCT	Spermatocyte	Spermatocyte	5.0307274	-1.1793576	20000	mouse1
CATATGGCACCAGTTA	Spermatocyte	Spermatocyte	5.54574	-1.490256	22291	mouse1
GTAACGTCATCGGAAG	Spermatocyte	Spermatocyte	-16.602968	-5.599663	44392	mouse1
GGACATTCAAACAACA	Spermatocyte	Spermatocyte	-15.205157	-3.3464057	122031	mouse1
GGAACTTAGCCAGAAC	Spermatocyte	Spermatocyte	-19.243711	-5.441175	44586	mouse1
GTCTTCGGTCGGCACT	RoundSpermatid	RoundSpermatid	-0.086287454	8.212445	11739	mouse1
CCATTCGAGTCTTGCA	RoundSpermatid	RoundSpermatid	0.8987376	10.673508	23435	mouse1
TTTGGTTTCGGTGTCG	RoundSpermatid	RoundSpermatid	2.2328444	3.171058	20708	mouse1
TCTTCGGCATGTCGAT	Spermatocyte	Spermatocyte	-17.118439	-7.2545977	49796	mouse1
TACTCATCAGAGTGTG	RoundSpermatid	RoundSpermatid	-2.4581711	11.097367	32072	mouse1
TTTGTCACAAGTTAAG	Spermatocyte	Spermatocyte	2.793619	-3.6895092	20717	mouse1
GGCTGGTAGCTGGAAC	Spermatocyte	Spermatocyte	-13.8459425	-3.5200007	81550	mouse1
TCCCGATCATTCACTT	RoundSpermatid	RoundSpermatid	0.28789532	8.332504	24381	mouse1
CTTACCGCAGTCCTTC	RoundSpermatid	RoundSpermatid	0.9335767	10.588215	28971	mouse1
ACGATGTCATTCGACA	Spermatocyte	Spermatocyte	-17.09036	-3.7859569	78992	mouse1
CTGCCTAGTCGAAAGC	Spermatocyte	Spermatocyte	-16.682356	-7.146781	32199	mouse1
ATCCACCCAGTACACT	Spermatocyte	Spermatocyte	-19.371468	-5.5312257	14928	mouse1
AAAGTAGTCCGCAGTG	Spermatocyte	Spermatocyte	-14.776782	-4.904264	105296	mouse1
TTCTTAGCAATCGAAA	RoundSpermatid	RoundSpermatid	2.6637576	4.3036737	18217	mouse1
ACATCAGCATCGGACC	Spermatocyte	Spermatocyte	5.079783	-1.7178221	21643	mouse1
GATCGCGAGGCTAGCA	RoundSpermatid	RoundSpermatid	1.4275222	6.6633034	23385	mouse1
TCACGAATCACAACGT	Elongating	Elongating	-1.978728	3.938513	18778	mouse1
CTACCCAGTGTGAAAT	Spermatocyte	Spermatocyte	-13.805488	-3.491919	83547	mouse1
GATCGATGTAGTACCT	RoundSpermatid	RoundSpermatid	2.094465	7.054101	24203	mouse1
CACCAGGCAGCCTTTC	Spermatocyte	Spermatocyte	-18.471699	-5.670551	21063	mouse1
GAAGCAGGTCAAAGAT	RoundSpermatid	Spermatogonia	3.2390013	1.1407691	11957	mouse1
AGCGTATAGTCATGCT	Spermatocyte	Spermatocyte	5.89495	-1.5466461	18810	mouse1
AACTTTCGTCCGTCAG	Spermatocyte	Spermatocyte	-16.47882	-6.872665	38013	mouse1
CGGGTCAGTATCACCA	RoundSpermatid	RoundSpermatid	2.6150374	2.369931	22027	mouse1
ATAGACCCAGTCAGAG	RoundSpermatid	RoundSpermatid	1.2507106	10.96318	22354	mouse1
CAGCCGAAGAACTCGG	RoundSpermatid	RoundSpermatid	3.6430635	0.77152616	23166	mouse1
CACATAGGTAGCCTCG	Spermatocyte	Spermatocyte	-14.507497	-4.8866243	85672	mouse1
ACACCAACAAGCGATG	Spermatocyte	Spermatocyte	3.093022	-3.578774	17018	mouse1
CACCTTGAGGCTCATT	Spermatocyte	Spermatocyte	3.0504243	-3.5002177	27910	mouse1
AAATGCCCAAAGGTGC	Spermatocyte	Spermatocyte	-19.455252	-5.174978	10864	mouse1
AGGTCATAGAGGGATA	RoundSpermatid	RoundSpermatid	4.687207	0.92314756	25675	mouse1
CCATGTCGTGATGTCT	RoundSpermatid	RoundSpermatid	-4.813236	11.51952	16997	mouse1
GATCTAGGTCACTGGC	Spermatocyte	Spermatocyte	-15.511682	-3.1106782	70844	mouse1
CGGACACTCGCACTCT	Spermatocyte	Spermatocyte	-15.37348	-6.761949	20448	mouse1
TCACGAAAGTTTAGGA	Spermatocyte	Spermatocyte	-14.834003	-4.9850397	104949	mouse1
CCACCTACAGACGTAG	RoundSpermatid	RoundSpermatid	-5.557947	11.050014	18926	mouse1
TCTTCGGAGCTAGCCC	Spermatocyte	Spermatocyte	-14.952814	-3.1192656	95983	mouse1
GAGGTGATCTGAGTGT	RoundSpermatid	RoundSpermatid	0.2362171	8.212391	24353	mouse1
GCTGCGAAGCGGCTTC	Spermatocyte	Spermatocyte	4.3244743	-2.439983	26582	mouse1
CTACCCAGTTCCGTCT	RoundSpermatid	Spermatocyte	5.5462756	0.68979746	15898	mouse1
TGACGGCCATTAACCG	Spermatocyte	Spermatocyte	3.6308048	-3.1196072	9916	mouse1
GCTGCTTTCATCGATG	Spermatocyte	Spermatocyte	3.2678967	-3.3850758	37377	mouse1
GAGTCCGGTTAGGGTG	Spermatocyte	Spermatocyte	-13.744433	-3.7382457	96866	mouse1
ACTGAGTAGCCAACAG	Spermatocyte	Spermatocyte	-15.636944	-5.9162345	17222	mouse1
GGACAGAGTGTCAATC	RoundSpermatid	RoundSpermatid	3.739419	0.10417018	10783	mouse1
CGAGCCACAGCCTGTG	Spermatocyte	Spermatocyte	-15.540295	-3.1906767	86039	mouse1
AACTCTTTCAGTTTGG	Spermatocyte	Spermatocyte	-15.169664	-6.682237	17261	mouse1
CTTAACTCATGTCTCC	RoundSpermatid	RoundSpermatid	0.546199	10.555826	25530	mouse1
CACCAGGTCACATAGC	RoundSpermatid	RoundSpermatid	3.0935578	2.7863333	22301	mouse1
ATCGAGTCACAGCGTC	RoundSpermatid	RoundSpermatid	4.3266425	0.08247836	25668	mouse1
GTCGGGTGTAGCCTCG	RoundSpermatid	RoundSpermatid	0.13548328	8.006971	23635	mouse1
GGATTACTCCGTACAA	RoundSpermatid	RoundSpermatid	2.237232	6.865541	27067	mouse1
GCATACAGTCTTGCGG	Spermatocyte	Spermatocyte	3.1096652	-3.333487	21491	mouse1
GGCTGGTTCTGGTATG	Spermatocyte	Spermatocyte	3.945133	-2.9701016	18774	mouse1
GCCAAATCAAGCGATG	Spermatocyte	Spermatocyte	4.011215	-3.0438201	19001	mouse1
GAGCAGAAGAATGTGT	Spermatocyte	Spermatocyte	3.4523563	-3.286896	24638	mouse1
CATGGCGAGGTGATTA	Spermatocyte	Spermatocyte	-17.033276	-5.7480006	45468	mouse1
GATGAAAGTGTGCGTC	RoundSpermatid	RoundSpermatid	-4.230297	12.075017	25664	mouse1
TAAGCGTAGGATGCGT	RoundSpermatid	Spermatocyte	4.390803	-0.76385105	19419	mouse1
TTCCCAGCATAACCTG	Elongating	Elongating	-6.820296	7.791659	15659	mouse1
GGGAGATTCGTCTGCT	RoundSpermatid	RoundSpermatid	-0.20883481	11.424938	25596	mouse1
GATTCAGAGTTACGGG	RoundSpermatid	RoundSpermatid	1.7179844	6.7456326	19924	mouse1
ACGAGGATCTTACCGC	Elongating	Elongating	-6.0863504	2.122799	8558	mouse1
TGATTTCAGGATGGTC	RoundSpermatid	RoundSpermatid	4.7396345	1.4478911	35655	mouse1
TGCTACCAGAAGGACA	RoundSpermatid	RoundSpermatid	1.607426	5.751488	12099	mouse1
CTGATAGAGGCATGGT	RoundSpermatid	Elongating	4.1189194	1.6727836	28697	mouse1
GGTGAAGCAACGATCT	RoundSpermatid	RoundSpermatid	0.20040502	8.642197	45859	mouse1
CTGAAACTCTTACCTA	RoundSpermatid	Elongating	1.2799084	8.509681	12220	mouse1
AAAGCAAGTGATGATA	Spermatocyte	Spermatocyte	-15.026266	-2.9275446	83282	mouse1
TTATGCTGTACCGTAT	RoundSpermatid	RoundSpermatid	-1.8348331	11.708423	27346	mouse1
TTCTCAAGTAGGGACT	RoundSpermatid	RoundSpermatid	0.14491874	11.251139	21325	mouse1
ACGAGGAAGATCCGAG	RoundSpermatid	RoundSpermatid	1.5370898	6.3749027	38881	mouse1
CCAATCCAGTGAATTG	RoundSpermatid	RoundSpermatid	-0.08527124	8.692547	36930	mouse1
GTATCTTTCCTTAATC	RoundSpermatid	RoundSpermatid	4.590246	1.7282757	19095	mouse1
ATAGACCTCCCATTAT	RoundSpermatid	RoundSpermatid	2.554877	7.0604916	18865	mouse1
GGTATTGGTGCAGGTA	Spermatocyte	Spermatocyte	5.649189	-0.94029677	23104	mouse1
CGAGAAGAGAGTACCG	RoundSpermatid	RoundSpermatid	1.9014237	6.9057093	75345	mouse1
CGAGCACCATCAGTCA	RoundSpermatid	RoundSpermatid	0.95452577	10.883516	24276	mouse1
TTATGCTAGTACCGGA	Spermatocyte	Spermatocyte	-16.378126	-3.5634577	71349	mouse1
GCACATACATCTGGTA	RoundSpermatid	RoundSpermatid	2.399737	6.871072	59305	mouse1
CCGGGATGTACTTAGC	Spermatocyte	Spermatocyte	6.019123	-1.496179	55374	mouse1
TGAGAGGAGTCACGCC	RoundSpermatid	RoundSpermatid	-1.433579	12.046919	25212	mouse1
TCGGTAACATGGTCAT	RoundSpermatid	RoundSpermatid	-4.1139636	12.023143	31178	mouse1
CCAGCGAGTTGTCTTT	Spermatocyte	Spermatocyte	6.278422	-1.0841538	15079	mouse1
TCACGAAGTTGGAGGT	RoundSpermatid	RoundSpermatid	1.1123174	7.2074924	25747	mouse1
CATTCGCAGATGTGTA	Spermatocyte	Spermatocyte	4.311061	-3.2155516	16741	mouse1
CAAGAAACACGTCTCT	Spermatocyte	Spermatocyte	-16.574108	-6.431116	45308	mouse1
CTCTGGTCATCACAAC	RoundSpermatid	RoundSpermatid	0.7314927	9.117362	20963	mouse1
CCATTCGTCGCGGATC	RoundSpermatid	RoundSpermatid	0.60046375	10.138167	24504	mouse1
TGAGAGGTCACGACTA	RoundSpermatid	RoundSpermatid	4.734955	0.45262006	15426	mouse1
CTGATCCGTTGTCTTT	RoundSpermatid	RoundSpermatid	0.18705739	9.056173	25623	mouse1
ATTGGACGTTAAGTAG	Elongating	Elongating	-3.0799642	5.149545	10281	mouse1
GGGTCTGCATGAGCGA	RoundSpermatid	RoundSpermatid	3.0751522	4.2597737	12758	mouse1
GCAGCCACACACGCTG	RoundSpermatid	RoundSpermatid	0.34120536	9.266542	29601	mouse1
GATCGTACAGATGGGT	RoundSpermatid	RoundSpermatid	2.3968422	5.1489315	48239	mouse1
GGGTCTGAGTTAAGTG	RoundSpermatid	RoundSpermatid	2.2537477	5.411986	24594	mouse1
GACGTGCCATGTAAGA	RoundSpermatid	RoundSpermatid	2.3555822	4.4604626	20801	mouse1
GTCCTCATCGCAAGCC	RoundSpermatid	RoundSpermatid	0.7426857	7.580685	24944	mouse1
GCCAAATTCTAACCGA	RoundSpermatid	RoundSpermatid	-1.7184068	11.962756	26836	mouse1
TTGGCAATCACCGTAA	RoundSpermatid	RoundSpermatid	3.0564156	3.022432	49351	mouse1
TGGGAAGTCAGTCCCT	RoundSpermatid	RoundSpermatid	-0.28550512	10.083059	8840	mouse1
CGTTCTGCAGACGCTC	RoundSpermatid	RoundSpermatid	-0.32991838	10.566432	16605	mouse1
CTTCTCTCATGCAATC	RoundSpermatid	RoundSpermatid	-3.3033724	11.3872595	25588	mouse1
GTGTTAGAGCTGATAA	Spermatocyte	Spermatocyte	5.807657	-1.4640375	13378	mouse1
GGAACTTGTAGCTTGT	RoundSpermatid	RoundSpermatid	-3.690922	11.3142805	14418	mouse1
CGTGTCTTCCTCTAGC	RoundSpermatid	RoundSpermatid	-0.06932786	11.755594	21327	mouse1
TGGGAAGCAATCGGTT	RoundSpermatid	RoundSpermatid	3.7420998	2.1080422	14493	mouse1
CTGCTGTGTACCGTAT	RoundSpermatid	RoundSpermatid	-0.58764625	11.781942	26542	mouse1
GCAGCCACATGTAGTC	RoundSpermatid	RoundSpermatid	2.9056382	2.5848897	18669	mouse1
CATATTCTCGCTTGTC	RoundSpermatid	RoundSpermatid	3.377181	3.213235	18037	mouse1
CGGAGTCAGGCGCTCT	RoundSpermatid	RoundSpermatid	0.5024947	10.122725	27080	mouse1
GTATCTTTCTTTCCTC	RoundSpermatid	RoundSpermatid	3.2259548	3.277572	16417	mouse1
GATCGATTCGAATGGG	RoundSpermatid	RoundSpermatid	0.9656375	8.046867	21569	mouse1
CGTCTACGTAGCGTGA	RoundSpermatid	RoundSpermatid	2.767441	4.712466	18779	mouse1
TACCTATGTTCGTGAT	Elongating	Elongating	-5.246878	6.44398	16644	mouse1
TACTCATAGGGATCTG	RoundSpermatid	RoundSpermatid	1.7919745	7.377734	18208	mouse1
AACTTTCCACAGACTT	Spermatocyte	Spermatocyte	4.3250904	-2.9940858	22344	mouse1
ACGCCGAGTCTAGCGC	RoundSpermatid	RoundSpermatid	-4.7755213	11.168674	21759	mouse1
ACTGATGCAATGGAGC	RoundSpermatid	RoundSpermatid	3.8113265	1.2285403	24266	mouse1
AACGTTGTCCACGTGG	RoundSpermatid	RoundSpermatid	0.32348534	7.891632	23762	mouse1
GGTGAAGCAGCCTATA	RoundSpermatid	RoundSpermatid	0.05914806	12.065469	27058	mouse1
CAGTAACTCCCTTGTG	RoundSpermatid	RoundSpermatid	-0.91544765	11.453916	10175	mouse1
AGTGAGGGTCCATGAT	RoundSpermatid	RoundSpermatid	2.5293038	2.8435104	61773	mouse1
GGGACCTGTTCCCTTG	RoundSpermatid	RoundSpermatid	1.5403925	6.1047783	22146	mouse1
CCCAGTTTCGCAGGCT	RoundSpermatid	RoundSpermatid	0.39720032	7.544574	30406	mouse1
GCTGCAGCAGACGCCT	Spermatocyte	Spermatocyte	-16.264824	-5.3290067	101539	mouse1
CATATGGTCAACCAAC	RoundSpermatid	RoundSpermatid	2.9825597	4.0080485	20720	mouse1
GATCTAGCACGAAGCA	Spermatocyte	Spermatocyte	6.352056	-0.020136405	22192	mouse1
TTGGAACGTAGGGTAC	RoundSpermatid	RoundSpermatid	2.1125882	5.587635	23676	mouse1
ACGCCGAGTCTCCACT	RoundSpermatid	RoundSpermatid	0.041016538	7.6452565	20432	mouse1
CAGCTAAGTATTCGTG	RoundSpermatid	RoundSpermatid	0.38139763	7.606576	21525	mouse1
CACACTCTCGTTGCCT	RoundSpermatid	RoundSpermatid	4.561242	2.005572	17460	mouse1
TCAGGATAGTCATGCT	RoundSpermatid	RoundSpermatid	-2.9131062	11.051741	70227	mouse1
TTTGTCAGTCTCGTTC	RoundSpermatid	RoundSpermatid	0.74763	8.752809	18054	mouse1
TCAGGATGTCTTCTCG	Elongating	Elongating	-2.2410345	2.570668	15305	mouse1
AGTGAGGGTTTGGCGC	RoundSpermatid	RoundSpermatid	-0.18884033	8.936208	27820	mouse1
CAACTAGTCAACACCA	Spermatocyte	Spermatocyte	6.0694065	-0.72352743	27731	mouse1
ACATGGTGTGCATCTA	Spermatocyte	Spermatocyte	-13.7189	-3.7315266	99516	mouse1
CTCTAATGTGTTTGGT	Elongating	Elongating	-4.1102023	6.404468	13252	mouse1
GCTTCCAAGTCGATAA	RoundSpermatid	RoundSpermatid	2.3585482	5.0755763	23450	mouse1
AGCTCCTGTTGAGTTC	RoundSpermatid	RoundSpermatid	2.5177314	3.8128917	22364	mouse1
GTGTGCGAGGAGTTGC	Elongating	Elongating	-3.8016145	2.9804943	8296	mouse1
GTTCGGGAGGCTCAGA	RoundSpermatid	RoundSpermatid	0.33804765	9.480944	23147	mouse1
ATCACGATCTTGTACT	RoundSpermatid	RoundSpermatid	0.029170867	8.22061	33258	mouse1
GGATGTTCACGACTCG	RoundSpermatid	RoundSpermatid	1.9344826	7.1218114	12902	mouse1
ACTGCTCAGTGCGATG	RoundSpermatid	RoundSpermatid	4.3715906	0.47498542	22913	mouse1
ATTCTACAGTGTTAGA	RoundSpermatid	RoundSpermatid	-1.3505312	11.936837	22983	mouse1
CGGACTGTCCTTTCGG	RoundSpermatid	RoundSpermatid	2.833198	4.1462803	12479	mouse1
CAGCGACGTAATTGGA	RoundSpermatid	RoundSpermatid	2.647634	3.5152442	21282	mouse1
CAACTAGTCAGGCAAG	RoundSpermatid	RoundSpermatid	2.0679777	4.957683	27812	mouse1
AAACGGGCACAGGTTT	RoundSpermatid	RoundSpermatid	-3.3038406	11.696263	30909	mouse1
TCTATTGTCCCTAACC	RoundSpermatid	RoundSpermatid	-3.5823536	11.976458	28814	mouse1
TACTTACTCCGTTGTC	Spermatocyte	Spermatocyte	5.8309603	-0.3424041	22193	mouse1
GACCAATGTAGGAGTC	RoundSpermatid	RoundSpermatid	3.0655155	1.9624088	22924	mouse1
CGGTTAATCGAACTGT	RoundSpermatid	RoundSpermatid	2.191435	4.515079	15359	mouse1
CACATTTCACCATCCT	RoundSpermatid	RoundSpermatid	4.23313	1.944867	25750	mouse1
CTTTGCGTCTCAACTT	RoundSpermatid	RoundSpermatid	0.09576717	8.401606	26468	mouse1
ATGTGTGCATCAGTAC	RoundSpermatid	RoundSpermatid	-4.055018	12.070929	26385	mouse1
CCCTCCTCAATGGATA	Spermatocyte	Spermatocyte	3.116447	-3.0836399	16772	mouse1
AAACCTGTCAACGAAA	RoundSpermatid	RoundSpermatid	-3.0932434	11.100589	26206	mouse1
CAAGGCCTCCTAAGTG	Elongating	Elongating	-7.2099776	7.4396534	27136	mouse1
TATGCCCTCTTCCTTC	RoundSpermatid	RoundSpermatid	-3.8288743	11.612272	31416	mouse1
TATCAGGAGTGAACGC	RoundSpermatid	RoundSpermatid	-4.5508165	11.667622	25394	mouse1
ATTTCTGGTGAGGCTA	Elongating	Elongating	-7.016139	7.1651363	13204	mouse1
TCAACGAGTTCCACAA	RoundSpermatid	RoundSpermatid	-4.5326314	12.082992	28079	mouse1
GACGTGCAGAGGGATA	Elongating	Elongating	-3.2236335	6.0145493	8608	mouse1
AAAGTAGCAGCGTAAG	Elongating	Elongating	-4.0981364	6.3051753	18270	mouse1
AGCAGCCCAAATCCGT	RoundSpermatid	Elongating	-3.3629098	11.070243	9721	mouse1
ACTATCTAGGTGCACA	RoundSpermatid	RoundSpermatid	-3.2974145	11.479157	65157	mouse1
TACGGGCCAGGAATCG	Spermatocyte	Spermatocyte	5.4709196	-0.09419862	20269	mouse1
AATCCAGCATCCCACT	RoundSpermatid	RoundSpermatid	-0.25986838	12.0178385	24164	mouse1
GGTGTTACACACCGCA	RoundSpermatid	RoundSpermatid	-2.0638068	11.776639	20554	mouse1
GCGCCAAAGAAGATTC	RoundSpermatid	RoundSpermatid	-1.3436314	11.636005	30865	mouse1
CTTTGCGTCTCCAGGG	RoundSpermatid	RoundSpermatid	-2.9726427	11.212601	25085	mouse1
CCAATCCGTTTCCACC	RoundSpermatid	RoundSpermatid	-0.71201205	12.041122	21541	mouse1
AAAGCAAAGGTACTCT	RoundSpermatid	RoundSpermatid	-4.414124	11.552992	77257	mouse1
GGCTGGTCAATGTTGC	RoundSpermatid	RoundSpermatid	-1.9314296	11.472701	26946	mouse1
CATCAAGCACGTGAGA	RoundSpermatid	RoundSpermatid	-6.5237794	11.055956	29851	mouse1
CCCTCCTGTACCATCA	Elongating	Elongating	-3.9205563	6.501316	20509	mouse1
GTACTTTAGAAGGCCT	RoundSpermatid	RoundSpermatid	-6.7387805	11.316653	9724	mouse1
GACTGCGCAGGAATCG	RoundSpermatid	RoundSpermatid	-5.434372	12.204543	37322	mouse1
TACGGGCGTCGCGGTT	RoundSpermatid	RoundSpermatid	-4.7798853	11.936134	72625	mouse1
TTGACTTCAGGATTGG	RoundSpermatid	RoundSpermatid	-6.0075245	11.868322	29223	mouse1
TGGCCAGCACCAACCG	RoundSpermatid	RoundSpermatid	-5.8763947	10.978339	75719	mouse1
CGAATGTAGACTAGGC	Elongating	Elongating	-6.6357923	7.3272657	10577	mouse1
ATCCACCAGCTAACAA	RoundSpermatid	RoundSpermatid	-1.7404503	11.957172	28073	mouse1
CAAGTTGCATGGTTGT	RoundSpermatid	RoundSpermatid	-5.485113	10.924084	9194	mouse1
CCATGTCCAATAACGA	RoundSpermatid	RoundSpermatid	-4.686144	12.111728	20979	mouse1
GCGGGTTCATGCCCGA	RoundSpermatid	RoundSpermatid	-6.02118	10.932285	9460	mouse1
AGGTCCGAGAGCTTCT	RoundSpermatid	RoundSpermatid	-2.9108696	11.094555	17746	mouse1
TGATTTCGTACGACCC	RoundSpermatid	RoundSpermatid	0.03415628	11.833679	30833	mouse1
GTTAAGCCACATAACC	Elongating	Elongating	-7.746569	10.506066	29156	mouse1
CCGTACTAGAGCAATT	RoundSpermatid	RoundSpermatid	-6.1895165	11.837115	45559	mouse1
CGCTGGACACAGTCGC	RoundSpermatid	RoundSpermatid	-4.578534	11.990253	29843	mouse1
GGATGTTCATGCGCAC	RoundSpermatid	RoundSpermatid	-2.9998155	11.295798	29449	mouse1
TGAAAGAAGCGTGAGT	Elongating	Elongating	-7.4431086	10.353438	28900	mouse1
TATCAGGAGTTCCACA	RoundSpermatid	RoundSpermatid	-5.8866677	10.959514	23294	mouse1
GCAATCAGTGTGAATA	Elongating	Elongating	-4.010873	1.4791485	11553	mouse1
TTCGGTCAGTGAAGTT	RoundSpermatid	RoundSpermatid	-3.2058716	11.56578	56146	mouse1
TGAGCCGGTGAGGCTA	RoundSpermatid	RoundSpermatid	-6.306793	11.123182	35809	mouse1
TTCGAAGAGACTGGGT	Elongating	Elongating	-2.616856	2.2842822	29971	mouse1
GACTGCGAGTGTCCCG	RoundSpermatid	RoundSpermatid	-5.9557376	12.148279	35814	mouse1
AGAATAGGTGTCTGAT	Elongating	Elongating	-5.2877593	1.9510291	13413	mouse1
TTCGGTCTCCAATGGT	Elongating	Elongating	-2.4281914	4.1470213	12135	mouse1
TCGGGACGTCACTTCC	Elongating	Elongating	-6.207808	6.6218953	13405	mouse1
CTGAAACAGTCCTCCT	Elongating	Elongating	-6.8677015	0.6074969	9331	mouse1
TAGCCGGGTCCTAGCG	RoundSpermatid	RoundSpermatid	-3.1133392	11.615054	32468	mouse1
GGGACCTGTTGGTTTG	Elongating	Elongating	-7.4693074	9.938337	32245	mouse1
CATGCCTCAAGCTGGA	Elongating	Elongating	-7.6213713	10.321842	29352	mouse1
GGCCGATCACCTATCC	Elongating	Elongating	-3.047952	2.048978	24554	mouse1
ACTGATGCATCACGTA	Elongating	Elongating	-7.1465764	-0.57002676	8175	mouse1
TGCACCTTCTCAACTT	Elongating	Elongating	-7.688077	10.011197	26283	mouse1
TTTGCGCAGAATAGGG	RoundSpermatid	RoundSpermatid	-4.2246237	11.849991	28913	mouse1
GGGTCTGGTGTGGCTC	RoundSpermatid	RoundSpermatid	-4.306945	11.684656	46414	mouse1
CTCTAATTCAGTTAGC	RoundSpermatid	RoundSpermatid	-5.8812537	11.044179	23455	mouse1
ACAGCCGAGAGAGCTC	RoundSpermatid	RoundSpermatid	-4.3362894	12.026116	26384	mouse1
CCGGGATCATCCGGGT	Spermatocyte	Spermatogonia	-18.018688	-1.526097	30409	mouse1
CTCTGGTCAAGTCATC	RoundSpermatid	RoundSpermatid	-2.7545736	11.0952425	24378	mouse1
TCCACACAGACACGAC	RoundSpermatid	RoundSpermatid	-2.7159026	11.356801	28691	mouse1
TAGTTGGCACGTGAGA	RoundSpermatid	RoundSpermatid	-2.3335943	11.528537	37164	mouse1
ACCGTAATCAAACGGG	RoundSpermatid	RoundSpermatid	-5.30744	11.17539	17648	mouse1
AGTGGGACAATGGTCT	RoundSpermatid	RoundSpermatid	-3.141518	11.464516	25164	mouse1
GACGCGTGTACGACCC	Elongating	Elongating	-7.6828218	10.532144	33662	mouse1
GATGAGGTCCTAGGGC	RoundSpermatid	RoundSpermatid	-5.6607985	12.146583	27724	mouse1
AGAATAGGTATGGTTC	RoundSpermatid	RoundSpermatid	-5.3441973	10.986855	10034	mouse1
CTGCTGTTCATGTAGC	RoundSpermatid	RoundSpermatid	-4.3753114	11.307817	12031	mouse1
CGCTGGACACAAGCCC	RoundSpermatid	RoundSpermatid	-3.4249861	10.974322	9596	mouse1
GACGTTAAGTCTTGCA	Elongating	Elongating	-7.564236	8.444662	33261	mouse1
TCGTAGATCCGCGCAA	RoundSpermatid	RoundSpermatid	2.3655589	3.0789752	23637	mouse1
CGAGCCACAATGGATA	RoundSpermatid	RoundSpermatid	-2.7930212	10.905327	26520	mouse1
CCACCTAAGCTCCCAG	Elongating	Elongating	-4.35788	3.9340122	8364	mouse1
AGCTCCTAGTTAGGTA	RoundSpermatid	RoundSpermatid	-6.1437893	11.713749	27714	mouse1
CGTCTACTCACAAACC	Elongating	Elongating	-7.687676	9.346471	31623	mouse1
AGCGGTCTCCGTAGGC	Elongating	Elongating	-6.7675724	7.113794	21850	mouse1
CGAGCACCAAGAGGCT	RoundSpermatid	RoundSpermatid	-2.470632	11.245441	23226	mouse1
GATGAAACAATCAGAA	RoundSpermatid	RoundSpermatid	-6.2552705	11.328898	28321	mouse1
AGTGGGATCCTGCAGG	Elongating	Elongating	-7.207942	8.017493	23253	mouse1
GAGCAGAGTTCACCTC	Elongating	Elongating	-2.3843722	4.684527	14809	mouse1
TTGGAACCAGACGCCT	Elongating	Elongating	-2.9338288	2.583098	13301	mouse1
CAGCCGAAGAGGTTAT	Elongating	Elongating	-2.8444963	5.845643	14811	mouse1
GACTGCGCACGTTGGC	Elongating	Elongating	-3.2936199	5.4344745	23011	mouse1
GCGCCAATCCTTTCGG	Elongating	Elongating	-4.2163196	5.790223	9391	mouse1
TCTATTGTCGCCGTGA	Elongating	Elongating	-3.4174695	2.002725	13014	mouse1
CATGCCTCATACGCTA	Elongating	Elongating	-7.4704914	9.99129	9960	mouse1
CGTCCATAGTGGTAGC	RoundSpermatid	RoundSpermatid	-5.3424296	11.794675	18855	mouse1
AGCTTGAAGACCGGAT	Elongating	Elongating	-4.929501	2.1832826	9160	mouse1
AGCTTGACACAAGACG	Elongating	Elongating	-2.305889	4.4396105	9567	mouse1
TCAGATGCAATAGCGG	Elongating	Elongating	-7.8751135	9.935901	9635	mouse1
TGAGGGAGTAAGTTCC	Elongating	Elongating	-2.279305	2.6317525	15797	mouse1
TAAACCGCATCCTAGA	Elongating	Elongating	-4.204586	6.0653567	10807	mouse1
GTCTTCGTCCATGAGT	Spermatocyte	Spermatocyte	-18.72606	-4.492929	15521	mouse1
CCCAGTTTCGCCTGAG	Elongating	Elongating	-3.7574623	6.4885955	18143	mouse1
GATCGTAAGTGACATA	Elongating	Elongating	-5.432362	2.096703	11063	mouse1
TAGACCAAGCGCTCCA	RoundSpermatid	RoundSpermatid	0.43207368	8.209355	19317	mouse1
CTAATGGGTGGCCCTA	Elongating	Elongating	-6.708605	6.61506	9082	mouse1
ATTTCTGTCCTGCTTG	RoundSpermatid	RoundSpermatid	4.101475	1.2581086	23500	mouse1
CGAGCACGTCTGCGGT	Elongating	Elongating	-2.4773965	4.9907928	14173	mouse1
TGATTTCAGAATTGTG	Elongating	Elongating	-6.514519	6.6674523	14614	mouse1
TACAGTGTCAACACAC	Elongating	Elongating	-2.6484337	5.862136	19230	mouse1
TCACAAGAGATCTGCT	RoundSpermatid	RoundSpermatid	-2.6515722	11.184812	29401	mouse1
AAGCCGCAGTTCGCAT	Elongating	Elongating	-2.2025301	3.4395003	12282	mouse1
CCACCTATCTACCAGA	Elongating	Elongating	-2.4594362	4.9625535	16587	mouse1
GGACATTTCAACGAAA	Elongating	Elongating	-1.9400096	3.966513	16609	mouse1
CTCACACCATATACGC	RoundSpermatid	RoundSpermatid	-1.5762267	11.835501	32449	mouse1
TCGCGTTCACCGCTAG	Elongating	Elongating	-2.2455041	5.2256207	12072	mouse1
CGCCAAGCATGACGGA	Elongating	Elongating	-6.4864197	7.536615	24362	mouse1
ATGCGATAGACAGGCT	Elongating	Elongating	-3.8989956	3.8232806	19984	mouse1
TTGGAACTCGAGAACG	Elongating	Elongating	-2.9111357	5.3272085	10315	mouse1
CTTAACTAGCCCGAAA	Elongating	Elongating	-5.264315	6.7811384	18385	mouse1
GCCAAATCACTGAAGG	Elongating	Elongating	-7.871696	10.1636915	17801	mouse1
GTACTTTGTACCGCTG	Elongating	Elongating	-6.131986	7.305728	23557	mouse1
AACCGCGCAGGATCGA	Elongating	Elongating	-5.9756603	6.992545	26046	mouse1
GACGGCTAGGATGTAT	Elongating	Elongating	-5.1383786	6.7844996	23178	mouse1
GATCTAGAGATCCCGC	Elongating	Elongating	-6.067261	6.9942365	18755	mouse1
GTACTCCTCAAACCAC	RoundSpermatid	RoundSpermatid	3.1800206	3.93806	21836	mouse1
CCCAGTTGTCTAGGTT	Elongating	Elongating	-1.9745511	4.265024	13377	mouse1
CTCGGAGGTCGATTGT	RoundSpermatid	RoundSpermatid	0.15118466	9.804783	25935	mouse1
ACCAGTAAGGCTCTTA	Elongating	Elongating	-4.666523	6.149777	9427	mouse1
GACGTTAAGCTGGAAC	RoundSpermatid	RoundSpermatid	-3.8166018	12.175745	22102	mouse1
TTTATGCGTTTGTTTC	RoundSpermatid	RoundSpermatid	0.52272326	7.746659	19946	mouse1
TTCCCAGTCAGCGACC	Spermatocyte	Elongating	-16.535452	-0.96221584	46160	mouse1
CTAGAGTTCGCAAACT	Elongating	Elongating	-5.641005	6.734388	14474	mouse1
GTGAAGGTCTTCGAGA	Elongating	Elongating	-3.2226706	6.0853267	16203	mouse1
GTTCGGGCAAGCTGTT	Elongating	Elongating	-2.5949306	4.974631	12505	mouse1
ACATACGAGATGGGTC	Elongating	Elongating	-3.9452546	5.653085	13485	mouse1
AGCGTATAGTGCGATG	RoundSpermatid	RoundSpermatid	-1.7274776	11.380037	23545	mouse1
GACTGCGGTGGCTCCA	Elongating	Elongating	-4.029731	3.951339	7990	mouse1
TAGAGCTAGCTCCTTC	RoundSpermatid	RoundSpermatid	0.46873257	11.143128	33815	mouse1
GAGCAGATCCGAATGT	Elongating	Elongating	-3.7016463	6.4419146	15644	mouse1
CAGCAGCAGCGATCCC	Elongating	Elongating	-6.7731786	7.207292	17548	mouse1
TTTGGTTAGTCCAGGA	Elongating	Elongating	-5.578471	6.4933176	10555	mouse1
CACAGGCCATCGTCGG	Elongating	Elongating	-7.786612	9.577712	26091	mouse1
TGATTTCAGCTAGTCT	Elongating	Elongating	-6.9340224	7.04828	16093	mouse1
TAAGAGAGTACTTAGC	Elongating	Elongating	-7.3378034	7.182309	10310	mouse1
TGTCCCAAGAATTCCC	Elongating	Elongating	-4.106435	6.782946	16561	mouse1
TCTATTGTCTATCCCG	Elongating	Elongating	-7.0435185	8.117753	22919	mouse1
CTGAAGTCATTAGGCT	RoundSpermatid	RoundSpermatid	-3.5109239	12.048357	25795	mouse1
GGGACCTTCACAATGC	RoundSpermatid	RoundSpermatid	-5.8211207	12.225882	11723	mouse1
CGGAGCTGTAGCTGCC	RoundSpermatid	RoundSpermatid	-4.2297254	11.832955	22886	mouse1
TGAGCATAGAATTCCC	Elongating	Elongating	-5.7818904	6.644817	22968	mouse1
TGGGAAGAGAGTACCG	Elongating	Elongating	-7.5819454	8.850447	22628	mouse1
GATCGTACAAACCCAT	Elongating	Elongating	-4.368282	1.9414587	11422	mouse1
CGATGGCCATGACGGA	Elongating	Elongating	-1.9113803	4.625188	23682	mouse1
CATCCACCACAGTCGC	RoundSpermatid	RoundSpermatid	0.78703773	11.276408	18237	mouse1
GCAATCAGTACGCACC	RoundSpermatid	RoundSpermatid	2.2657492	6.6490035	25294	mouse1
ACGGAGACAATGGAGC	Elongating	Elongating	-3.993635	2.3301475	11746	mouse1
GTAGGCCCATCGGTTA	RoundSpermatid	RoundSpermatid	0.098886535	11.151983	25664	mouse1
GGGAATGAGTACGATA	RoundSpermatid	RoundSpermatid	1.0019542	10.658415	49928	mouse1
GGTGCGTAGTCGTACT	RoundSpermatid	RoundSpermatid	3.4703815	2.5908413	31732	mouse1
CTACATTGTGACGCCT	Elongating	Elongating	-7.6433873	9.762176	26659	mouse1
GTTCTCGGTACTTAGC	Elongating	Elongating	-7.015408	-0.5283359	8125	mouse1
TGAGCATAGTTACCCA	RoundSpermatid	RoundSpermatid	-0.22853929	9.244981	29991	mouse1
TCAGCAACATTGCGGC	RoundSpermatid	Elongating	3.5098803	1.8185004	47547	mouse1
GCGGGTTAGGGCATGT	RoundSpermatid	RoundSpermatid	-0.80360585	11.862796	25768	mouse1
GAAATGAAGATGGGTC	RoundSpermatid	RoundSpermatid	-1.2199267	11.678512	27859	mouse1
ACGATGTTCCTGCAGG	Elongating	Elongating	-5.329411	6.8983397	28323	mouse1
CTTAACTCAAAGGAAG	RoundSpermatid	RoundSpermatid	-0.022197582	9.363871	23730	mouse1
GACTAACTCCGCATCT	RoundSpermatid	RoundSpermatid	0.56443536	11.240436	31380	mouse1
AGCGTATGTTAAGGGC	Elongating	Elongating	-7.6272745	10.385982	29784	mouse1
GACCAATTCCTCAATT	RoundSpermatid	RoundSpermatid	0.60384774	10.581982	25493	mouse1
CTACGTCAGCAGCCTC	Elongating	Elongating	-6.358984	1.6610546	10762	mouse1
GCTGGGTGTAGCGCAA	Elongating	Elongating	-3.0854304	6.0833387	16826	mouse1
CCATGTCAGATCCTGT	Elongating	Elongating	-6.8093185	0.50250417	9728	mouse1
CATTCGCGTTCCCTTG	RoundSpermatid	RoundSpermatid	0.29740453	11.856129	29380	mouse1
GCATGATAGGACCACA	Elongating	Elongating	-7.078205	6.964994	7990	mouse1
CGCGGTAAGTGCTGCC	Elongating	Elongating	-4.865843	6.669268	16319	mouse1
TATCTCATCCGTCAAA	RoundSpermatid	RoundSpermatid	-0.04157739	12.041613	29811	mouse1
TTATGCTCAGCTGTGC	RoundSpermatid	RoundSpermatid	-1.4673241	11.922519	24842	mouse1
TCTTTCCGTCGCATCG	Elongating	Elongating	-7.251867	7.137793	15067	mouse1
GTTCGGGGTCATACTG	RoundSpermatid	RoundSpermatid	-0.2644886	11.710535	51560	mouse1
CTAAGACCAAGACACG	RoundSpermatid	RoundSpermatid	0.5161654	9.267066	16999	mouse1
CACTCCATCATAAAGG	RoundSpermatid	RoundSpermatid	0.39635286	8.73348	29104	mouse1
TCACGAAGTACCGCTG	RoundSpermatid	RoundSpermatid	-0.7920952	11.224472	21202	mouse1
CACAGGCAGGGATGGG	RoundSpermatid	RoundSpermatid	-1.5079044	11.316991	22545	mouse1
CGTCCATTCTGAAAGA	RoundSpermatid	RoundSpermatid	-0.05539076	10.954887	25864	mouse1
AAGTCTGGTCCAGTGC	RoundSpermatid	RoundSpermatid	-1.5499552	11.580782	31341	mouse1
CGGGTCAAGTCGTTTG	Elongating	Elongating	-5.6656365	6.745987	21154	mouse1
TTCCCAGTCCCGGATG	RoundSpermatid	RoundSpermatid	-4.0453644	11.9891205	25195	mouse1
ACCGTAATCCGCATCT	Elongating	Elongating	-6.7606063	7.9638076	24084	mouse1
GGGCATCTCGAGAGCA	RoundSpermatid	RoundSpermatid	0.07700079	9.107111	44183	mouse1
CGTCTACTCGAGAGCA	RoundSpermatid	RoundSpermatid	0.4856073	8.191199	20304	mouse1
TCGCGTTTCCGCATCT	RoundSpermatid	RoundSpermatid	-2.3374872	11.036626	24742	mouse1
GTACTTTAGCCCGAAA	RoundSpermatid	RoundSpermatid	0.26533157	11.478246	25149	mouse1
GTTAAGCAGACAGGCT	RoundSpermatid	RoundSpermatid	1.0328429	11.117749	22964	mouse1
GCACTCTCATGCCCGA	Elongating	Elongating	-3.8896937	1.6307821	12734	mouse1
CTCGTCATCCTAGTGA	Spermatocyte	Spermatocyte	6.523461	-0.68710387	17058	mouse1
CCTCAGTCATCTCGCT	RoundSpermatid	RoundSpermatid	2.2564125	7.27992	13700	mouse1
CAGAGAGAGCTGAAAT	Elongating	Elongating	-3.5005054	4.323208	8195	mouse1
CGCGGTACACGACGAA	RoundSpermatid	RoundSpermatid	-0.23422252	8.846228	22366	mouse1
AAGGAGCGTGCACTTA	Spermatocyte	Spermatocyte	5.64999	-2.1473415	21551	mouse1
TGAAAGAGTCTTGCGG	Elongating	Elongating	-3.5443041	5.9966173	11876	mouse1
CGAACATAGTCAAGCG	RoundSpermatid	RoundSpermatid	0.5555242	11.071685	30260	mouse1
CGTTGGGGTACCCAAT	RoundSpermatid	RoundSpermatid	2.1913016	6.49725	21947	mouse1
ATTACTCGTGCCTTGG	Elongating	Elongating	-2.3701558	2.933422	15103	mouse1
CTCGTCACAGCTCGAC	RoundSpermatid	RoundSpermatid	-0.33426508	11.879715	27553	mouse1
CAACCAAAGGACGAAA	RoundSpermatid	RoundSpermatid	-1.0699459	11.809056	25562	mouse1
GGAACTTTCGTCCGTT	RoundSpermatid	RoundSpermatid	0.34494638	11.784605	25980	mouse1
GTTTCTATCTCTTGAT	RoundSpermatid	RoundSpermatid	0.7753292	6.9365125	9434	mouse1
ATAAGAGAGAAACCGC	RoundSpermatid	RoundSpermatid	-0.6932912	11.781842	28219	mouse1
GCCAAATCATCGGACC	Spermatocyte	Spermatogonia	-17.175573	-1.3237116	33344	mouse1
CTTTGCGCAAGTAATG	RoundSpermatid	RoundSpermatid	2.08251	7.2536473	22144	mouse1
CCGTGGAAGGTAAACT	RoundSpermatid	RoundSpermatid	0.79300255	11.394254	12224	mouse1
TGCCAAACAGCTATTG	Elongating	Elongating	-4.3872066	1.5615628	33275	mouse1
AGCGTCGAGCCGGTAA	Elongating	Elongating	-4.385133	5.9136295	8128	mouse1
TTCGAAGGTATGAATG	RoundSpermatid	RoundSpermatid	-0.3714106	11.115875	13014	mouse1
AGCGTATCAATGAATG	Elongating	Elongating	-4.8672333	2.0309227	10795	mouse1
AGTCTTTCACAGACTT	RoundSpermatid	RoundSpermatid	0.16079809	11.663033	15833	mouse1
GCTGCGAAGGACAGAA	RoundSpermatid	RoundSpermatid	0.5198192	7.724621	21829	mouse1
ACTGAACGTGGGTCAA	RoundSpermatid	RoundSpermatid	0.07418371	8.653639	22075	mouse1
CCGGTAGTCCAAGTAC	RoundSpermatid	RoundSpermatid	0.124171756	8.345273	24812	mouse1
TGACTAGTCCCAACGG	RoundSpermatid	RoundSpermatid	0.8392214	11.1576185	28507	mouse1
GGATGTTTCAACCAAC	RoundSpermatid	RoundSpermatid	-0.049591508	11.881372	23978	mouse1
CGGACGTTCAGCTCTC	RoundSpermatid	RoundSpermatid	-0.2880524	12.080264	26363	mouse1
GCGAGAACACGAAACG	RoundSpermatid	RoundSpermatid	0.20813428	9.776304	27789	mouse1
CTACACCGTCCGTGAC	RoundSpermatid	RoundSpermatid	-3.458049	11.28861	10650	mouse1
ACGAGGACAGACAGGT	RoundSpermatid	RoundSpermatid	-0.4253154	11.893336	22230	mouse1
TGGGCGTCAATCTGCA	RoundSpermatid	RoundSpermatid	0.6826325	7.7329707	25149	mouse1
AACGTTGCAGATGGGT	Elongating	Elongating	-7.00809	-0.46567765	8481	mouse1
CGACCTTTCTGGTTCC	RoundSpermatid	RoundSpermatid	2.078051	5.849441	27516	mouse1
GATTCAGCAGCTCGCA	Elongating	Elongating	-2.9042652	2.4104843	13140	mouse1
GCGCAACTCTGATTCT	RoundSpermatid	RoundSpermatid	1.2204304	7.917029	21420	mouse1
GATCGCGTCCAATGGT	RoundSpermatid	RoundSpermatid	1.1220546	8.075747	12659	mouse1
CCTCTGATCACGCATA	RoundSpermatid	RoundSpermatid	2.4886222	5.016475	20646	mouse1
AAAGCAAAGACAGACC	Spermatocyte	Spermatocyte	-14.573683	-4.827258	126646	mouse1
CGATGGCGTCTGCAAT	Elongating	Elongating	-7.5747075	10.688789	19424	mouse1
CGTTGGGTCGGAAACG	Spermatocyte	Spermatocyte	4.469469	-2.5100527	22987	mouse1
TGGTTCCGTGCTCTTC	Elongating	Elongating	-6.305883	1.6155947	9110	mouse1
ACAGCCGGTTTGCATG	Elongating	Elongating	-3.5633218	4.6201878	10468	mouse1
TCATTACTCAACACTG	Elongating	Elongating	-1.7407179	4.044053	19426	mouse1
CACAGTATCTTGTATC	Elongating	Elongating	-5.7531757	1.8166068	11210	mouse1
GCTCTGTAGCGTTCCG	Elongating	Elongating	-4.358215	1.6879879	9706	mouse1
GTCGGGTCAGGTCTCG	Elongating	Elongating	-3.4501023	2.1883368	9991	mouse1
ATCTGCCGTTACGACT	Elongating	Elongating	-1.9206377	4.355937	16772	mouse1
CAGCTGGGTCTTGATG	Elongating	Elongating	-2.8609407	4.781553	13110	mouse1
GTTCGGGCAATCCAAC	Spermatocyte	Spermatocyte	-16.686426	-5.799842	53495	mouse1
CACAGTAGTTCCGGCA	Elongating	Elongating	-6.8562565	0.4347008	9450	mouse1
CGTCTACAGCGATTCT	Elongating	Elongating	-3.5626135	2.3880312	14404	mouse1
CCCTCCTAGTGTTGAA	Elongating	Elongating	-7.1486487	-0.45366132	9572	mouse1
CTGCGGAGTTACGGAG	Elongating	Elongating	-2.2094524	4.2567673	9903	mouse1
AACTCAGCAATGGTCT	Elongating	Elongating	-6.8192706	0.7991275	9733	mouse1
ATCCACCAGAAACGCC	Spermatocyte	Spermatocyte	4.9674706	-2.4361734	21522	mouse1
CATCGGGAGTATCGAA	RoundSpermatid	RoundSpermatid	-0.3354557	8.5725355	9081	mouse1
CTCTGGTAGTGGTAAT	Spermatocyte	Spermatogonia	-17.526146	-0.90588456	23914	mouse1
AGTCTTTGTCAGAATA	RoundSpermatid	RoundSpermatid	-1.3561474	11.953311	29930	mouse1
GCTGCTTTCGCCTGTT	Spermatocyte	Spermatocyte	-17.640348	-4.038611	101067	mouse1
AAGACCTCACAGGTTT	Spermatocyte	Spermatocyte	-15.290222	-6.317385	20154	mouse1
GACGGCTAGCCCAACC	Elongating	Elongating	-6.1223154	7.0991096	24047	mouse1
CTCACACGTCAGATAA	RoundSpermatid	RoundSpermatid	0.8583264	10.7337675	30976	mouse1
CAAGGCCAGCGAAGGG	Elongating	Elongating	-3.0634382	5.1151705	12434	mouse1
CAAGTTGTCTGTTTGT	Elongating	Elongating	-2.5412593	2.5580637	13432	mouse1
TGCTGCTCAAGACGTG	RoundSpermatid	RoundSpermatid	-2.133144	11.399871	23373	mouse1
CGTGTAAGTGTGAAAT	RoundSpermatid	RoundSpermatid	-0.7971893	12.087517	10714	mouse1
GTGGGTCGTCGCATAT	Spermatocyte	Spermatocyte	-19.321962	-4.956555	12533	mouse1
GTGCAGCCACATCCAA	Elongating	Elongating	-3.8454888	6.556409	18815	mouse1
GCGAGAAGTAAACCTC	Elongating	Elongating	-7.3210387	7.5043807	9492	mouse1
CTCAGAACATCTCGCT	Elongating	Elongating	-5.3906617	6.9628644	14280	mouse1
GCTCTGTGTCATCCCT	Elongating	Elongating	-3.4216595	3.562657	8678	mouse1
TGACGGCCATCTCCCA	Elongating	Elongating	-5.5179005	1.8122019	12091	mouse1
TTTGGTTGTATCTGCA	Elongating	Elongating	-6.454873	1.4150604	12816	mouse1
GTTCGGGAGGGAAACA	Elongating	Elongating	-4.807832	3.2848084	10747	mouse1
ATTATCCGTTCTGGTA	Elongating	Elongating	-3.284409	5.81475	11432	mouse1
ACATACGAGAAGGCCT	Elongating	Elongating	-2.6182837	2.8891864	13930	mouse1
GAATAAGCACAGTCGC	Elongating	Elongating	-3.7819984	2.440857	9568	mouse1
ACATACGTCCCATTAT	RoundSpermatid	RoundSpermatid	-5.820869	12.031586	8097	mouse1
AGATCTGAGACATAAC	Elongating	Elongating	-2.343565	2.5104587	15040	mouse1
CTCGAAAGTCAGCTAT	Elongating	Elongating	-4.0488253	2.0402725	18326	mouse1
CATGCCTGTGGCGAAT	Elongating	Elongating	-7.3446636	8.066231	17838	mouse1
TCCACACCACGGCGTT	Elongating	Elongating	-7.661174	9.61942	15567	mouse1
TGACAACCATACTCTT	Elongating	Elongating	-5.83765	2.4286208	13294	mouse1
ATTATCCAGGCTACGA	RoundSpermatid	RoundSpermatid	-1.727503	11.75852	26023	mouse1
AGTTGGTTCCCTCTTT	Elongating	Elongating	-4.5574093	1.8071789	13448	mouse1
GATTCAGTCGTAGGTT	Elongating	Elongating	-6.4495764	1.8433203	8871	mouse1
CCCAGTTTCATGTGGT	Elongating	Elongating	-3.6995246	1.8254417	11418	mouse1
GGAACTTTCCGAATGT	Elongating	Elongating	-7.4941916	8.366335	26242	mouse1
AGAGTGGAGGTTACCT	RoundSpermatid	RoundSpermatid	0.7862524	11.246391	25375	mouse1
ACACCAAAGAGCAATT	RoundSpermatid	RoundSpermatid	4.017221	0.9144178	17676	mouse1
GCAGCCATCCAGATCA	Elongating	Elongating	-3.7194352	6.578007	11682	mouse1
GCCTCTACAACACCTA	Elongating	Elongating	-3.2446527	5.457076	13478	mouse1
TTTACTGCACCAGGTC	Spermatocyte	Spermatogonia	-17.919582	-2.0795896	21858	mouse1
ACACCCTGTAGGACAC	Elongating	Elongating	-3.584556	5.0505958	29759	mouse1
CAGAATCGTTGAGGTG	RoundSpermatid	RoundSpermatid	0.35476643	9.859496	21306	mouse1
GCGGGTTGTATAGGGC	RoundSpermatid	RoundSpermatid	0.93734163	11.02893	19573	mouse1
ATCCACCGTGTTTGTG	RoundSpermatid	RoundSpermatid	2.6987588	4.2492256	26446	mouse1
ATAACGCTCCGGGTGT	Elongating	Elongating	-6.2884617	7.1168303	26898	mouse1
GGAACTTTCATGTCCC	Elongating	Elongating	-6.620154	1.2019099	13012	mouse1
GTGTTAGTCTCTGTCG	Elongating	Elongating	-2.36557	4.160322	12565	mouse1
CGTGAGCGTATGAATG	Elongating	Elongating	-7.5032477	8.441281	21538	mouse1
TGAGCCGGTGATGTCT	RoundSpermatid	RoundSpermatid	-3.1199484	11.147904	25980	mouse1
ACGAGGAGTACCGTTA	RoundSpermatid	RoundSpermatid	-0.14931725	11.666737	25503	mouse1
CGCTTCACATTTCACT	Elongating	Elongating	-6.574225	1.1549562	10044	mouse1
GACTAACGTCTCTTTA	Elongating	Elongating	-7.614986	9.940549	26790	mouse1
CATTATCCATCAGTAC	RoundSpermatid	RoundSpermatid	3.1528392	3.3024485	21745	mouse1
TCTCTAATCTGTCTCG	Elongating	Elongating	-7.257783	-0.6712621	9722	mouse1
TAGGCATTCGGCGGTT	Elongating	Elongating	-6.7457256	0.7559909	8926	mouse1
CAACTAGGTCCAAGTT	RoundSpermatid	RoundSpermatid	1.6856971	6.8186474	28911	mouse1
AGCTCTCAGGTGACCA	Elongating	Elongating	-3.644346	2.681014	11483	mouse1
TCGTACCCAGCCTATA	Elongating	Elongating	-2.0186908	4.604517	16396	mouse1
GATCGCGAGAGATGAG	Elongating	Elongating	-2.2520692	2.5950017	14741	mouse1
GGACATTCAAAGGTGC	RoundSpermatid	RoundSpermatid	-5.9692397	11.509888	27631	mouse1
CGATGTATCATAAAGG	Elongating	Elongating	-3.5936341	6.4942756	23427	mouse1
CACCTTGCAGCTGTGC	Spermatocyte	Spermatocyte	4.994262	-1.4911809	20453	mouse1
TTCGGTCTCACATAGC	Elongating	Elongating	-3.6242995	5.242054	11104	mouse1
CACAGGCGTCGCATAT	RoundSpermatid	RoundSpermatid	1.652395	6.474197	22843	mouse1
GTACGTACATTGGTAC	RoundSpermatid	RoundSpermatid	-0.21061914	11.629608	25852	mouse1
GCGCAACGTTCCTCCA	Elongating	Elongating	-2.520882	2.6653295	20305	mouse1
CATCGAAGTCGCGGTT	Elongating	Elongating	-7.053553	-0.7064019	9110	mouse1
ACGGGTCTCTCTTGAT	Elongating	Elongating	-3.3179212	2.152052	12859	mouse1
CCTTACGGTACGAAAT	Elongating	Elongating	-6.552599	1.0914099	20067	mouse1
CTCGAGGGTGCTTCTC	RoundSpermatid	RoundSpermatid	0.5977781	9.047611	21765	mouse1
GGACAGAGTGAGCGAT	Elongating	Elongating	-7.023317	-0.38908672	8434	mouse1
CGTAGCGAGCGATTCT	Elongating	Elongating	-7.6344304	9.08416	27092	mouse1
CGAATGTTCGCCCTTA	Elongating	Elongating	-5.6702433	6.907714	21586	mouse1
GTAACTGAGACCACGA	Elongating	Elongating	-2.110612	4.367107	16985	mouse1
GTAGGCCAGCGATGAC	Elongating	Elongating	-2.0934381	2.912578	12953	mouse1
CTCGAGGAGCATGGCA	RoundSpermatid	RoundSpermatid	2.5358326	7.019757	18193	mouse1
TGCGGGTTCGTAGATC	Elongating	Elongating	-2.447196	3.1379285	14806	mouse1
GTCAAGTCATACGCTA	Elongating	Elongating	-3.7023864	2.1369023	10987	mouse1
GCAGTTAAGGACCACA	RoundSpermatid	RoundSpermatid	2.758864	2.1152189	26748	mouse1
TGTGGTAAGTCTCCTC	Elongating	Elongating	-4.7600694	6.9181366	21405	mouse1
TAGAGCTCACGTTGGC	Elongating	Elongating	-4.5183506	3.1672769	9695	mouse1
CACACTCAGGATATAC	Elongating	Elongating	-3.8916001	1.6502758	14554	mouse1
AGGGATGAGATGTAAC	RoundSpermatid	RoundSpermatid	1.5971817	6.3509054	19224	mouse1
GACGCGTGTGGTCTCG	Elongating	Elongating	-2.5849397	4.9446692	12762	mouse1
GGCGTGTCAGCTGTAT	Elongating	Elongating	-3.3542507	2.1550477	8833	mouse1
TGACAACCATTACGAC	Elongating	Elongating	-6.937949	6.685641	10964	mouse1
AGAGCTTGTAGCGTAG	Elongating	Elongating	-7.103347	-0.25658724	8874	mouse1
CGTCACTAGTGACTCT	Elongating	Elongating	-7.156303	0.3418181	10871	mouse1
GAGCAGACATCCCACT	Elongating	Elongating	-5.4486556	5.697804	15252	mouse1
CTAGAGTCAAGCGATG	Elongating	Elongating	-7.023624	0.36417297	10493	mouse1
TCGGTAATCCGCTGTT	Elongating	Elongating	-4.0978856	1.6573132	22770	mouse1
CTAAGACAGGGAGTAA	Elongating	Elongating	-4.9017057	2.9456475	11856	mouse1
GTTCTCGAGTACGCCC	RoundSpermatid	RoundSpermatid	2.9135778	3.7596707	28679	mouse1
AGTGTCAGTGTGCCTG	Elongating	Elongating	-4.8923793	2.086818	10368	mouse1
GACCAATAGACAAGCC	Elongating	Elongating	-4.598512	1.4889019	11370	mouse1
CCTTTCTTCTGCGTAA	Elongating	Elongating	-4.102165	5.195475	19747	mouse1
GACTACAGTCTGGAGA	Elongating	Elongating	-2.9788306	2.4575124	11638	mouse1
GTTTCTATCTGGCGTG	Elongating	Elongating	-2.6588192	5.495927	15761	mouse1
CTCGAAAGTTTACTCT	Elongating	Elongating	-2.2685144	3.0056834	13405	mouse1
CGGACTGGTGGTTTCA	Spermatocyte	Spermatogonia	-18.33309	-1.9215018	9643	mouse1
TATCTCATCCATGAAC	Elongating	Elongating	-5.4148197	2.1804047	10627	mouse1
GCTCTGTAGTGCTGCC	Spermatocyte	Spermatocyte	-15.202975	-6.5520906	19671	mouse1
ATCCGAACACGGCGTT	Spermatocyte	Spermatocyte	4.630236	-2.3391936	31503	mouse1
GTCAAGTTCGGTTCGG	Elongating	Elongating	-7.3962235	-0.72975063	10943	mouse1
CGCGTTTTCACAAACC	Elongating	Elongating	-2.9762104	5.64653	15699	mouse1
ATCATCTAGGTAGCTG	RoundSpermatid	RoundSpermatid	2.7682836	2.4710977	24833	mouse1
TCGGGACGTCCTGCTT	Elongating	Elongating	-6.1263266	1.8816767	8770	mouse1
GGAGCAACACTTAAGC	RoundSpermatid	RoundSpermatid	-0.34528401	8.9511795	24676	mouse1
CCGTACTCAGACGCTC	Elongating	Elongating	-3.8627808	6.3697476	18714	mouse1
GTGAAGGGTTGGTAAA	Elongating	Elongating	-2.802066	5.3292747	12149	mouse1
GAACCTAAGTTAGCGG	Spermatocyte	Spermatocyte	-15.24672	-6.376788	21075	mouse1
TCTATTGGTAAGTGGC	Elongating	Elongating	-6.307544	6.706747	16317	mouse1
GGAAAGCAGCTACCTA	Spermatocyte	Spermatocyte	-18.071981	-3.0507615	60185	mouse1
CCCATACAGTGACATA	Elongating	Elongating	-2.778066	2.750277	12331	mouse1
CTTCTCTCATTGAGCT	Elongating	Elongating	-6.936061	-0.55211836	8430	mouse1
CTCGAAATCGGCCGAT	Elongating	Elongating	-2.3969707	5.6039186	16116	mouse1
TGCACCTTCCAATGGT	Elongating	Elongating	-3.1241367	2.8065176	9778	mouse1
TGCCAAATCGATAGAA	Elongating	Elongating	-6.869917	0.04793459	8162	mouse1
AGTTGGTGTAAGGGCT	Elongating	Elongating	-6.814604	7.2506204	19306	mouse1
GCATGTATCCGTCATC	Spermatocyte	Spermatocyte	-17.448196	-6.310906	17673	mouse1
TTGAACGGTGCACTTA	RoundSpermatid	RoundSpermatid	-0.042248685	12.033532	21267	mouse1
GTAACGTGTCTTGCGG	Elongating	Elongating	-5.345282	6.9575753	21113	mouse1
GGCTCGAAGTGAAGTT	Elongating	Elongating	-6.9834924	8.158622	22928	mouse1
ACACCCTTCCATTCTA	RoundSpermatid	RoundSpermatid	-3.6441715	11.917269	28125	mouse1
GATCAGTCAATGACCT	Elongating	Elongating	-5.6985354	1.8817161	13011	mouse1
GCATACAAGCTGCCCA	RoundSpermatid	RoundSpermatid	-6.382643	12.011822	9368	mouse1
GGACGTCGTCCGACGT	Elongating	Elongating	-3.1657944	3.117816	15559	mouse1
AGACGTTTCTTGAGGT	Elongating	Elongating	-6.5703673	1.0971897	8827	mouse1
ACACCAATCGCTTAGA	Elongating	Elongating	-2.0254974	2.9262166	11079	mouse1
CACAAACAGCTAGTCT	Elongating	Elongating	-3.7863848	5.660541	8393	mouse1
CTCATTAGTGTCGCTG	Elongating	Elongating	-6.3621783	2.0210836	12682	mouse1
CGACTTCGTTGGTAAA	Elongating	Elongating	-5.209911	1.6801052	13870	mouse1
GGTGTTATCAGCACAT	RoundSpermatid	RoundSpermatid	2.0991232	7.6926956	13359	mouse1
TACGGTAAGCAATCTC	Elongating	Elongating	-1.9542062	3.7715275	14772	mouse1
ACTATCTGTAAATGAC	Spermatocyte	Spermatocyte	6.097377	-1.8066276	22305	mouse1
TGCACCTAGTTCCACA	Elongating	Elongating	-3.0416822	6.0660257	18368	mouse1
ACTGATGAGAGCTTCT	RoundSpermatid	RoundSpermatid	-0.48358348	9.070939	21284	mouse1
AGTCTTTAGGAGCGTT	RoundSpermatid	RoundSpermatid	2.2126172	3.5572286	20555	mouse1
GTCGGGTGTAGCGATG	Elongating	Elongating	-5.4291453	2.8026414	8844	mouse1
GATCTAGTCCGCTGTT	Spermatocyte	Spermatocyte	-15.19296	-5.0683146	108965	mouse1
TCGGTAAGTCCAAGTT	Spermatocyte	Spermatocyte	-19.305256	-5.4570694	12250	mouse1
GCCAAATTCTCACATT	Elongating	Elongating	-6.8672485	-0.06114439	11167	mouse1
CCTCAGTAGCTTCGCG	Elongating	Elongating	-2.6556938	5.4941874	9610	mouse1
AGTAGTCCAGGCTCAC	Elongating	Elongating	-3.9640443	2.271786	11541	mouse1
ACTGATGCATGACGGA	RoundSpermatid	RoundSpermatid	0.58255786	7.9563136	18503	mouse1
AACACGTGTCGCTTCT	Elongating	Elongating	-3.9549506	1.663291	18865	mouse1
CTAACTTCAACTGCGC	Elongating	Elongating	-2.822905	5.5567207	12615	mouse1
TTAGGACTCCAAGCCG	Spermatocyte	Spermatocyte	-16.371859	-5.2584343	55724	mouse1
GCACATACATGAACCT	Elongating	Elongating	-4.945491	6.6643033	8778	mouse1
CACACAAAGAGATGAG	Elongating	Elongating	-4.775249	6.579165	20224	mouse1
AGGGAGTTCCAGAGGA	Elongating	Elongating	-6.034495	2.1715329	8846	mouse1
CAGAATCGTGCTGTAT	Elongating	Elongating	-3.841146	2.8044457	11068	mouse1
CTACACCCATGGTCAT	Elongating	Elongating	-6.0097156	6.6696796	14321	mouse1
TGCGCAGAGTTGTAGA	RoundSpermatid	RoundSpermatid	-0.8819059	11.934815	20061	mouse1
TGTTCCGTCACAGGCC	RoundSpermatid	RoundSpermatid	0.34253782	8.94756	22983	mouse1
CGCTGGATCTCGATGA	RoundSpermatid	RoundSpermatid	2.9334586	4.5502567	21309	mouse1
TTTACTGAGGCAAAGA	Elongating	Elongating	-2.748735	2.7435567	13058	mouse1
CCTACCATCTAAGCCA	Elongating	Elongating	-6.20832	1.6903296	8195	mouse1
GTAACGTAGTGAATTG	Elongating	Elongating	-3.049266	3.813813	13032	mouse1
ACACCGGAGTCCGGTC	RoundSpermatid	RoundSpermatid	2.7264557	5.059624	19152	mouse1
TCGTAGACAATCTACG	Elongating	Elongating	-2.08885	4.0000534	15025	mouse1
CCTTACGAGTGTGAAT	RoundSpermatid	RoundSpermatid	2.723329	3.025441	54508	mouse1
CTAATGGCACGAAGCA	Elongating	Elongating	-2.4472144	3.622768	11565	mouse1
CTAACTTCAGTGGAGT	Elongating	Elongating	-2.2256954	4.8411927	11380	mouse1
CGTCAGGCATTCCTCG	Elongating	Elongating	-3.4498591	5.3552995	23302	mouse1
GAAATGAGTACCTACA	RoundSpermatid	RoundSpermatid	4.3175645	1.2803562	20080	mouse1
GTGTGCGTCCTTCAAT	Spermatocyte	Spermatocyte	-16.906326	-7.0523734	18872	mouse1
CATCGGGAGAGAGCTC	RoundSpermatid	RoundSpermatid	-1.9182966	11.162956	44254	mouse1
ACATGGTCAGCATACT	RoundSpermatid	Elongating	4.164558	0.96417767	44085	mouse1
GTAACTGTCGTAGATC	Elongating	Elongating	-4.2385936	6.682753	25694	mouse1
TACAGTGAGCTGTTCA	Elongating	Elongating	-7.7212844	10.0004225	21769	mouse1
TAGTTGGGTCCGTTAA	Elongating	Elongating	-6.402467	7.095607	17312	mouse1
TCACGAATCAATCACG	Elongating	Elongating	-5.920304	2.341735	10140	mouse1
CGTTAGAGTGACCAAG	Elongating	Elongating	-7.02272	-0.025755387	9770	mouse1
CGAGCACCAAGCTGAG	Elongating	Elongating	-7.028365	0.01666091	8171	mouse1
ACTTACTAGCGTTTAC	RoundSpermatid	RoundSpermatid	-0.17177916	8.077751	12860	mouse1
ACATGGTTCTGCCCTA	Spermatocyte	Spermatocyte	4.327169	-2.7847672	23396	mouse1
CCTAAAGGTCTTCTCG	Elongating	Elongating	-2.451869	2.6784678	11044	mouse1
TGCCCATTCTAGCACA	RoundSpermatid	RoundSpermatid	0.8870462	11.557179	27164	mouse1
GCTCTGTGTACACCGC	Spermatocyte	Spermatocyte	-16.785332	-6.950511	44241	mouse1
AAGGAGCGTCTTTCAT	RoundSpermatid	RoundSpermatid	0.22048157	10.953591	17003	mouse1
GAACGGATCTGATACG	Spermatocyte	Spermatocyte	-14.72509	-3.0997834	85987	mouse1
CCCAGTTTCTCGGACG	RoundSpermatid	RoundSpermatid	1.4187423	7.449514	20685	mouse1
TGAGAGGAGCGTTCCG	Spermatocyte	Spermatocyte	-17.747702	-4.048377	56192	mouse1
CTACGTCTCAACGAAA	Spermatocyte	Spermatocyte	-18.14867	-2.8597207	63321	mouse1
AAATGCCCACTTACGA	RoundSpermatid	RoundSpermatid	2.8767817	2.9647632	21510	mouse1
TGCGTGGAGCGAAGGG	Spermatocyte	Spermatogonia	-17.673603	-1.3946663	24974	mouse1
CATATTCGTCTCACCT	Elongating	Elongating	-2.1405256	2.7059631	14982	mouse1
CGTCAGGGTCTGATCA	RoundSpermatid	RoundSpermatid	2.3392653	6.580793	21838	mouse1
TTGACTTGTAACGACG	RoundSpermatid	RoundSpermatid	-4.8401713	11.315613	10448	mouse1
TAGTGGTAGTTACGGG	Spermatocyte	Spermatocyte	-19.247421	-4.5476985	10557	mouse1
GGCTCGAGTCTTGATG	RoundSpermatid	RoundSpermatid	2.5365558	3.5756295	24175	mouse1
TCATTTGGTCTTCTCG	Spermatocyte	Spermatogonia	-17.260996	-0.93910426	11988	mouse1
CACACTCTCGCGCCAA	RoundSpermatid	RoundSpermatid	2.7179487	4.5230756	22222	mouse1
ACGGAGAGTTATCACG	RoundSpermatid	RoundSpermatid	0.20778023	10.994239	30576	mouse1
ACGATACGTAGCGTGA	RoundSpermatid	Elongating	0.17698605	10.443223	36718	mouse1
CGAATGTTCGTCTGAA	RoundSpermatid	RoundSpermatid	1.9654063	6.1774535	21947	mouse1
CCAATCCGTCTTCGTC	RoundSpermatid	RoundSpermatid	0.5341221	8.711771	17818	mouse1
GCACTCTCACGGACAA	Spermatocyte	Spermatogonia	-17.060627	-1.7062377	12748	mouse1
CGAGCCACACTTAACG	Elongating	Elongating	-3.916324	3.3827457	8870	mouse1
GACACGCCATGCATGT	Elongating	Elongating	-6.0349007	6.3196335	14575	mouse1
CAAGATCCAGTTCCCT	Elongating	Elongating	-7.106799	-0.5772869	8544	mouse1
CTCGTCAGTATTCGTG	Elongating	Elongating	-6.983067	7.887795	19439	mouse1
GATCGCGGTCAGAATA	Elongating	Elongating	-3.727697	6.46674	13228	mouse1
TTGTAGGCACCGAATT	Elongating	Elongating	-4.5664167	1.662583	10295	mouse1
AGCAGCCGTTACCGAT	Elongating	Elongating	-3.5501037	5.7793264	10017	mouse1
ACTTGTTAGGGCTTCC	Elongating	Elongating	-3.9483855	6.2072372	15511	mouse1
CACAAACAGACGCACA	Elongating	Elongating	-5.674643	1.8934824	11495	mouse1
GGTGCGTTCGAATCCA	Elongating	Elongating	-3.4522805	5.4226913	8851	mouse1
TTAACTCGTATATGAG	Elongating	Elongating	-2.430093	4.4534144	9024	mouse1
TGCTGCTAGCTGAAAT	Elongating	Elongating	-7.387686	7.6968026	24227	mouse1
GCACATATCTTCGAGA	Elongating	Elongating	-3.2924073	5.9059467	11578	mouse1
AACACGTCAAGTCTAC	Elongating	Elongating	-2.5560806	3.9877641	8847	mouse1
TACCTTATCCGCAGTG	Elongating	Elongating	-5.0165954	1.9427819	10921	mouse1
CCATTCGCACTCAGGC	Elongating	Elongating	-3.664005	1.9831203	13909	mouse1
GGTGTTAGTGTAAGTA	Elongating	Elongating	-2.3296034	5.0230446	12720	mouse1
TGAGCATCATCGGGTC	Elongating	Elongating	-4.562351	1.7665544	19008	mouse1
CTTGGCTCACCAGATT	RoundSpermatid	RoundSpermatid	2.0411406	7.4428945	27012	mouse1
CATATTCCAAGACGTG	Elongating	Elongating	-5.74901	2.4904306	13903	mouse1
TTAGTTCTCTTGCCGT	RoundSpermatid	RoundSpermatid	0.2139341	7.7618394	28421	mouse1
CCTTTCTGTGATAAGT	Elongating	Elongating	-4.8591924	2.6087327	11135	mouse1
ATAGACCGTTCCACGG	Elongating	Elongating	-3.9802053	6.786149	30526	mouse1
AGTCTTTAGTGTTGAA	Elongating	Elongating	-2.5789359	4.2550526	10220	mouse1
GCGAGAACAAGCTGAG	Spermatocyte	Spermatocyte	5.7579107	-0.9588572	22634	mouse1
GGATTACGTCCAGTAT	Elongating	Elongating	-7.7862854	10.290817	21734	mouse1
GCACTCTAGGGATACC	Elongating	Elongating	-5.3801804	2.5376613	8493	mouse1
CGGCTAGCAGCCAATT	Elongating	Elongating	-6.864952	6.870976	10774	mouse1
CAAGAAATCTAACTGG	Elongating	Elongating	-3.7393732	1.8431996	11079	mouse1
CAGTCCTCAGGGTACA	Elongating	Elongating	-4.703588	2.2490652	9454	mouse1
GTCTTCGCACTCAGGC	Elongating	Elongating	-4.683566	1.8743104	11627	mouse1
TAGACCAAGGGTTTCT	Elongating	Elongating	-2.9975197	3.1855006	15858	mouse1
ATCATCTGTCCCTACT	Elongating	Elongating	-2.7328236	3.3371236	10752	mouse1
ACGATGTGTTGGTTTG	Elongating	Elongating	-6.6646094	0.9636863	8804	mouse1
ATTCTACTCGGCGGTT	Elongating	Elongating	-4.712823	2.5492089	11420	mouse1
TCTTCGGGTCTGGTCG	Spermatocyte	Spermatocyte	-18.899424	-4.5291905	14496	mouse1
ATCCACCAGTCTCAAC	RoundSpermatid	RoundSpermatid	0.24449362	9.075573	23108	mouse1
ACTTGTTCATGCAACT	Spermatocyte	Spermatocyte	-19.262938	-5.1250544	18297	mouse1
TTCCCAGAGCCAGAAC	Elongating	Elongating	-4.051933	1.7723097	12541	mouse1
GAATAAGGTACGAAAT	RoundSpermatid	RoundSpermatid	2.9249892	2.1582944	20406	mouse1
TGGCGCAAGGCATGTG	Elongating	Elongating	-6.2707076	7.3572803	21175	mouse1
AAAGCAAGTTCCTCCA	RoundSpermatid	RoundSpermatid	-6.5011005	11.711669	15425	mouse1
AAACCTGAGCTTATCG	RoundSpermatid	RoundSpermatid	0.3725478	9.330177	26535	mouse1
TCACGAATCACGAAGG	Elongating	Elongating	-6.980313	6.960792	8100	mouse1
CTTTGCGGTACTTCTT	Elongating	Elongating	-6.716477	0.907416	10052	mouse1
GAGGTGACATCGGTTA	Elongating	Elongating	-6.523055	1.5242109	8838	mouse1
GGACGTCTCGGACAAG	Elongating	Elongating	-4.1191354	6.7529206	18603	mouse1
CTCTACGGTCGTGGCT	RoundSpermatid	RoundSpermatid	3.351803	1.2723367	23936	mouse1
CCCAGTTAGAGTTGGC	RoundSpermatid	RoundSpermatid	-0.50358474	8.313681	32792	mouse1
GACAGAGTCACCGTAA	Elongating	Elongating	-6.693873	7.9455338	10472	mouse1
ATTATCCGTGTGTGCC	RoundSpermatid	RoundSpermatid	1.1536145	10.522364	21088	mouse1
ACATCAGCATGGTTGT	Elongating	Elongating	-6.7122464	1.3432797	8812	mouse1
GAGGTGATCGGTGTCG	RoundSpermatid	RoundSpermatid	1.7559737	6.838355	21369	mouse1
GGCCGATGTATTCTCT	Elongating	Elongating	-4.6163054	6.7021527	11015	mouse1
CGGGTCATCTGCCAGG	Spermatocyte	RoundSpermatid	5.425973	0.43951744	21409	mouse1
CTAACTTCAAAGTGCG	RoundSpermatid	RoundSpermatid	2.4983997	4.34169	19671	mouse1
CGGACGTGTACATGTC	Elongating	Elongating	-6.9219723	0.10751725	9804	mouse1
TGGTTAGTCTGAGGGA	Spermatocyte	Spermatocyte	5.982412	-0.7914707	17929	mouse1
CAAGGCCAGAGCCCAA	RoundSpermatid	RoundSpermatid	-0.53793305	8.676124	13937	mouse1
TCGGTAATCTGCCCTA	Elongating	Elongating	-7.558241	7.560532	14704	mouse1
TGAAAGAAGTGGAGTC	Elongating	Elongating	-5.031598	2.8434963	10692	mouse1
GGGCACTTCACCATAG	Spermatocyte	Spermatocyte	-17.065084	-6.0252857	41860	mouse1
GACAGAGCAATTGCTG	Elongating	Elongating	-6.1124797	1.8195649	11363	mouse1
CCTAGCTCATTCCTCG	RoundSpermatid	RoundSpermatid	1.1654947	10.823747	30573	mouse1
CGTAGCGCAAGCCATT	RoundSpermatid	RoundSpermatid	1.8614546	7.170858	24795	mouse1
CGGACTGAGCTAGTTC	Elongating	Elongating	-7.8509564	9.572565	17293	mouse1
TCGCGTTAGACTAGGC	RoundSpermatid	RoundSpermatid	0.6964576	7.4723597	16554	mouse1
AAGGTTCTCTTCGAGA	Elongating	Elongating	-4.234195	2.1406567	11465	mouse1
AACCATGAGATCCGAG	Elongating	Elongating	-2.4479623	2.5473063	9430	mouse1
TGACTAGGTCATATGC	Elongating	Elongating	-4.173233	1.6394153	12757	mouse1
GCTTGAATCGGAAACG	Elongating	Elongating	-2.5614443	5.3847327	12784	mouse1
GCGCAGTCAAGTTAAG	Elongating	Elongating	-1.8878912	3.9458175	18661	mouse1
CACCACTTCTACTATC	Elongating	Elongating	-2.5887804	3.513407	12327	mouse1
GACAGAGGTGCGAAAC	RoundSpermatid	RoundSpermatid	4.3347597	0.6701806	33149	mouse1
CGAGCACTCATAGCAC	Elongating	Elongating	-3.4177191	2.1841838	13661	mouse1
GCGCAACCATGACATC	RoundSpermatid	RoundSpermatid	3.659097	1.453543	22974	mouse1
CATTATCTCTGGTGTA	Elongating	Elongating	-2.6862025	5.5119205	9955	mouse1
AGGCCGTGTTATGTGC	RoundSpermatid	RoundSpermatid	1.3118372	7.290185	11489	mouse1
AAACCTGGTTGAGTTC	RoundSpermatid	RoundSpermatid	0.47366518	8.512161	21658	mouse1
CGTGTAAGTGGTTTCA	Elongating	Elongating	-2.3649693	2.8877635	9422	mouse1
AGTGGGACATCTCGCT	Elongating	Elongating	-4.4748254	4.4994545	20205	mouse1
TTGTAGGTCGGAAATA	Spermatocyte	Spermatocyte	5.571904	-1.070267	17436	mouse1
ACCGTAAGTGTTCGAT	Spermatocyte	Spermatogonia	-17.201302	-1.2370266	8904	mouse1
GGAGCAACAGCCACCA	Elongating	Elongating	-5.094129	1.7844756	10231	mouse1
CCAGCGAGTCTCTTTA	Elongating	Elongating	-2.389455	3.2526326	9873	mouse1
GTCGGGTTCAGTTTGG	RoundSpermatid	RoundSpermatid	3.9515123	1.5991293	16456	mouse1
TACAGTGTCATGCAAC	RoundSpermatid	RoundSpermatid	-5.2837977	12.247267	11452	mouse1
CCCAATCGTATTACCG	Spermatocyte	Spermatocyte	3.8049629	-3.3911076	20043	mouse1
ACACCGGAGTATCTCG	Spermatocyte	Spermatocyte	5.458514	-1.1081603	18448	mouse1
CTCTGGTTCACGCATA	Elongating	Elongating	-4.195633	6.6409783	13096	mouse1
GTACGTAAGCAGACTG	Spermatocyte	Spermatocyte	-15.767508	-6.094197	8482	mouse1
ACACTGAGTGCGGTAA	Spermatocyte	Spermatocyte	-16.664722	-6.831711	46951	mouse1
GTTTCTATCCGCGGTA	Elongating	Elongating	-2.1782036	3.3825383	12194	mouse1
AGAGTGGTCCTAGTGA	RoundSpermatid	RoundSpermatid	0.1665749	9.308007	17457	mouse1
TCAATCTAGTTAGCGG	RoundSpermatid	RoundSpermatid	-0.69038785	11.649485	20904	mouse1
ACTGCTCCACAGACAG	Spermatocyte	Spermatogonia	-17.722158	-1.3156303	47069	mouse1
AGCCTAAAGAGGTAGA	Elongating	Elongating	-2.9876702	3.226932	11994	mouse1
CTGAAACCACGACGAA	Spermatocyte	Spermatocyte	3.6306536	-3.1858628	29971	mouse1
GCGCGATGTTCCACTC	Elongating	Elongating	-2.7431386	5.418461	8864	mouse1
ATCACGATCTTCGAGA	Elongating	Elongating	-6.225121	6.439923	10478	mouse1
TTCCCAGAGATATACG	Elongating	Elongating	-3.664615	2.6378589	12706	mouse1
CACCACTCAAACTGTC	Spermatocyte	Spermatocyte	3.3449802	-3.4680018	25505	mouse1
TCAGGTAGTGACCAAG	Elongating	Elongating	-5.494122	1.7360134	11964	mouse1
GCATACAAGGCAAAGA	Spermatocyte	Spermatocyte	-17.079853	-5.4590054	9140	mouse1
TCTGAGAAGCTAGTGG	Elongating	Elongating	-2.4976063	2.286549	10967	mouse1
ACGCAGCAGACAGGCT	Elongating	Elongating	-4.6596675	6.1572313	10019	mouse1
AAAGCAACAAAGTCAA	Spermatocyte	Spermatocyte	3.5424724	-3.082777	21212	mouse1
CCTATTAGTATAAACG	Spermatocyte	Spermatocyte	-16.448517	-3.993139	62878	mouse1
TCGGTAACATAGAAAC	RoundSpermatid	RoundSpermatid	-0.49363324	8.374883	25842	mouse1
AGTAGTCAGGAGTACC	RoundSpermatid	RoundSpermatid	4.3372307	1.4704126	19961	mouse1
CAGCAGCGTTCACCTC	Spermatocyte	Spermatocyte	5.5447307	0.06359003	20917	mouse1
GACACGCTCTCTTATG	Spermatocyte	Spermatogonia	-16.864553	-0.94572645	12598	mouse1
TGACTTTTCCCTTGCA	Elongating	Elongating	-3.2815537	4.298965	8127	mouse1
AGCGGTCTCGTACGGC	Elongating	Elongating	-6.712693	0.8523211	12093	mouse1
ACTTACTCACGACGAA	Elongating	Elongating	-5.8852997	6.262827	8310	mouse1
AGCTCTCGTATAATGG	Spermatocyte	Spermatocyte	-16.910788	-6.104499	35116	mouse1
CTCTGGTTCTGAAAGA	Spermatocyte	Spermatocyte	-13.960453	-3.3635013	89772	mouse1
TAAACCGAGTATCGAA	Spermatocyte	Spermatogonia	-17.360243	-1.0568993	10803	mouse1
CGTCTACGTGGTAACG	Spermatocyte	Spermatocyte	-14.007891	-4.3756175	94752	mouse1
TTTACTGGTGTTGAGG	RoundSpermatid	RoundSpermatid	4.41359	1.2242535	17055	mouse1
CTCCTAGAGTAGGTGC	Spermatocyte	Spermatogonia	-18.168093	-1.7304449	26416	mouse1
CGATTGAGTCCAAGTT	Spermatocyte	Spermatogonia	-17.49375	-1.2257956	20802	mouse1
ACTTACTTCCTTGGTC	Spermatocyte	Spermatogonia	-17.596846	-1.1260604	68895	mouse1
AACTCTTGTTGGTGGA	RoundSpermatid	RoundSpermatid	-1.0538939	11.798819	19836	mouse1
CCAATCCTCTGTCTAT	Spermatocyte	Spermatogonia	-17.09391	-0.710257	15206	mouse1
GCTGGGTGTTATTCTC	Spermatocyte	Spermatogonia	-17.23341	-0.75211215	12194	mouse1
CAAGGCCAGTACCGGA	Spermatocyte	Spermatogonia	-17.805521	-1.456491	35259	mouse1
AGCAGCCAGCTATGCT	RoundSpermatid	RoundSpermatid	0.51901436	7.4433804	25555	mouse1
TGCACCTGTTGGACCC	Spermatocyte	Spermatocyte	-16.034262	-5.260615	113327	mouse1
TTCTACATCTTGCATT	Spermatocyte	Spermatogonia	-18.238735	-2.1896966	39500	mouse1
GAACATCGTACCGTAT	Spermatocyte	Spermatocyte	-13.650624	-3.693356	69719	mouse1
ATCCGAACATGGATGG	Spermatocyte	Spermatocyte	-17.92853	-3.1372619	66652	mouse1
CTCACACTCAAAGTAG	RoundSpermatid	RoundSpermatid	3.2275221	1.9934442	20344	mouse1
CATGCCTTCAAACCAC	Spermatocyte	Spermatocyte	-17.389967	-5.661724	9256	mouse1
CACACTCTCTGAGGGA	Spermatocyte	Spermatocyte	-16.490934	-5.6249914	51335	mouse1
CTACACCGTCCGAATT	Spermatocyte	Spermatogonia	-17.713676	-0.96938974	18970	mouse1
TCGCGAGCAGGACGTA	RoundSpermatid	RoundSpermatid	2.4131033	2.262105	19121	mouse1
GCCAAATTCCACGAAT	Spermatocyte	Spermatocyte	-18.497204	-5.126221	20545	mouse1
GTGCATAAGTGTTTGC	Spermatocyte	Spermatogonia	-16.955782	-2.1892653	8070	mouse1
GTAACGTAGCACACAG	Spermatocyte	Spermatocyte	4.921283	-1.4362382	20530	mouse1
CAAGAAATCGCTAGCG	Spermatocyte	Spermatocyte	-18.87326	-4.9621663	12004	mouse1
TTAGTTCCAGACAGGT	RoundSpermatid	RoundSpermatid	3.4905071	1.7067484	24993	mouse1
GTTAAGCGTGGTTTCA	Spermatocyte	Spermatogonia	-17.049122	-1.0192397	13239	mouse1
TGAAAGAAGAATCTCC	Spermatocyte	Spermatocyte	-16.824995	-6.783144	53573	mouse1
CCACCTAAGACTAGGC	Spermatocyte	Spermatogonia	-17.999231	-2.2913082	37332	mouse1
ACGAGGATCTGGCGAC	Spermatocyte	Spermatocyte	5.445313	-2.0991712	19664	mouse1
GGCCGATGTCGTGGCT	Spermatocyte	Spermatogonia	-17.967476	-1.9940243	29935	mouse1
TGGACGCCACCCAGTG	Spermatocyte	Spermatogonia	-17.971031	-1.5223817	20963	mouse1
GTACTTTGTCCGTCAG	RoundSpermatid	RoundSpermatid	2.4229562	4.377096	46521	mouse1
ATAACGCTCACTCCTG	Spermatocyte	Spermatogonia	-17.946255	-1.4918816	39698	mouse1
CGGAGTCAGGGTGTTG	RoundSpermatid	RoundSpermatid	2.6488395	3.691851	18278	mouse1
TGCCCTAAGTCCTCCT	Spermatocyte	Spermatogonia	-18.00206	-1.2111706	13379	mouse1
TGCTGCTGTCACCCAG	Spermatocyte	Spermatocyte	5.349903	-1.5035379	27383	mouse1
GTATCTTTCAGTCAGT	Elongating	Elongating	-7.1441097	-0.19763555	9830	mouse1
TCTATTGCACGGACAA	RoundSpermatid	RoundSpermatid	2.1844153	6.155592	37243	mouse1
CGAGCCAAGAACTGTA	RoundSpermatid	RoundSpermatid	2.447467	4.3567696	27422	mouse1
CACCACTGTTCAGTAC	Spermatocyte	Spermatocyte	-15.118282	-2.8624165	94580	mouse1
AACTGGTCAGTCCTTC	RoundSpermatid	RoundSpermatid	0.5366628	7.3874197	21439	mouse1
GTGTTAGTCGTTTATC	RoundSpermatid	RoundSpermatid	3.5616183	1.2153404	12511	mouse1
AGGCCGTCACGGCGTT	RoundSpermatid	RoundSpermatid	0.4591624	8.236452	19788	mouse1
TGAGGGAAGGCGCTCT	RoundSpermatid	RoundSpermatid	1.9856164	5.934648	27840	mouse1
TCAGGATCAACGATGG	RoundSpermatid	RoundSpermatid	3.968559	0.673403	16934	mouse1
GTCTTCGGTTGATTCG	Spermatocyte	Spermatogonia	-17.067972	-0.96250695	10830	mouse1
CGCTTCATCTCAACTT	Spermatocyte	Spermatocyte	-18.99013	-4.642245	12097	mouse1
CCCAATCCACATCCGG	Spermatocyte	Spermatocyte	5.192391	-2.0270088	25573	mouse1
CACCACTCAAACTGCT	RoundSpermatid	RoundSpermatid	0.9837306	11.507525	28001	mouse1
ACGCCAGTCACGCGGT	Spermatocyte	Spermatogonia	-17.09677	-0.9397799	9119	mouse1
ATCATCTGTACCCAAT	Spermatocyte	Spermatogonia	-17.430485	-1.190363	17319	mouse1
GAAGCAGAGGAGCGAG	Spermatocyte	Spermatogonia	-17.521404	-6.2526565	14012	mouse1
AGGCCACGTAGCAAAT	Spermatocyte	Spermatogonia	-17.4549	-0.7810021	12291	mouse1
TGGTTCCTCATGGTCA	Spermatocyte	Spermatocyte	2.1323571	-2.77079	8886	mouse1
CGATGGCAGTGCCATT	Spermatocyte	Spermatocyte	-13.712794	-3.8016775	81275	mouse1
GCATGTATCTCTAAGG	RoundSpermatid	RoundSpermatid	2.2243168	6.487556	20264	mouse1
TCTTCGGGTCCTCCAT	RoundSpermatid	RoundSpermatid	3.070339	3.7050006	22311	mouse1
ACGCCGACACCCATTC	Spermatocyte	Spermatogonia	-17.400158	-2.2127416	7525	mouse1
CACATAGAGTACGCGA	Spermatocyte	Spermatogonia	-17.310184	-0.79453444	12711	mouse1
ACTATCTTCTCGCTTG	Spermatocyte	Spermatogonia	-15.805299	-6.07976	7886	mouse1
GGGCATCGTCCAGTGC	RoundSpermatid	RoundSpermatid	2.8205607	4.2541494	22283	mouse1
CACTCCACAGTATAAG	Spermatocyte	Spermatocyte	3.5165358	-3.0152702	20224	mouse1
GCACTCTTCGGCGGTT	Elongating	Elongating	-7.2716117	8.1835	20443	mouse1
TGCGTGGGTCGATTGT	RoundSpermatid	RoundSpermatid	-1.5037616	11.722428	23517	mouse1
CCAATCCCAACGCACC	Spermatocyte	Spermatocyte	5.5500693	-2.1618743	24006	mouse1
GACGGCTCAATGCCAT	Elongating	Elongating	-4.634816	3.2712567	10112	mouse1
TGAGAGGCAAGTTAAG	Spermatocyte	Spermatocyte	3.4418523	-3.2582664	17599	mouse1
CCGTACTTCTTAACCT	Spermatocyte	Spermatocyte	4.4922667	-2.862567	21104	mouse1
GGACAGATCCCAAGAT	RoundSpermatid	RoundSpermatid	-0.28517365	9.509313	19881	mouse1
AGCTCTCGTACCATCA	Elongating	Elongating	-3.8552196	4.1531696	8760	mouse1
GAAGCAGAGTCAAGGC	Elongating	Elongating	-2.2670522	3.276624	13674	mouse1
TCAGGTACATCCGTGG	Elongating	Elongating	-6.450507	1.9135097	8757	mouse1
GCTCCTATCTACCTGC	Elongating	Elongating	-6.1813083	2.0487742	11330	mouse1
GGTGAAGTCTATGTGG	RoundSpermatid	RoundSpermatid	2.342292	4.6776075	24678	mouse1
TAAACCGGTGATAAGT	Spermatocyte	Spermatogonia	-17.605331	-1.1840743	20814	mouse1
GTGTTAGGTCCATCCT	Spermatocyte	Spermatogonia	-17.372667	-1.0002629	15165	mouse1
GGCCGATCACACTGCG	Spermatocyte	Spermatogonia	-17.435045	-2.1231833	12495	mouse1
TGACTAGTCACAATGC	Spermatocyte	Spermatocyte	-16.90172	-3.926283	79067	mouse1
TCACAAGGTCGTGGCT	Spermatocyte	Spermatocyte	-18.054226	-2.5182898	50581	mouse1
CGCTGGACATCTGGTA	Spermatocyte	Spermatogonia	-17.175558	-0.99633116	10419	mouse1
TCGAGGCCAAGCCGCT	Spermatocyte	Spermatogonia	-17.544846	-0.8242797	11306	mouse1
TACTCATAGATCTGCT	Spermatocyte	Spermatogonia	-17.106586	-1.1525605	13965	mouse1
CTCTAATTCAGGTTCA	Spermatocyte	Spermatogonia	-17.968607	-0.94673926	14036	mouse1
ATCCACCGTTATCACG	RoundSpermatid	RoundSpermatid	0.3226074	11.652332	22141	mouse1
AAATGCCGTACCTACA	Spermatocyte	Spermatogonia	-17.63222	-2.4634428	16660	mouse1
AACTCTTGTGAGCGAT	Spermatocyte	Spermatocyte	3.6764872	-3.113874	17052	mouse1
CTCACACAGAGGTACC	Spermatocyte	Spermatocyte	-13.702145	-3.6195927	96312	mouse1
CGGACACGTCATACTG	Spermatocyte	Spermatogonia	-17.979956	-1.9699404	39707	mouse1
GTGCGGTCATCTGGTA	Spermatocyte	Spermatocyte	-13.967396	-4.3975515	96253	mouse1
ACTTACTGTCTCTTTA	RoundSpermatid	RoundSpermatid	4.2489047	1.637399	16794	mouse1
ACATGGTAGACGCAAC	Spermatocyte	Spermatocyte	-17.454117	-5.8023963	11473	mouse1
TACTCGCTCCAGATCA	Spermatocyte	Spermatocyte	-17.700352	-3.2730088	57837	mouse1
CGAGAAGCACTTAAGC	Spermatocyte	Spermatocyte	-17.51892	-3.3171012	68332	mouse1
TGCACCTCATGGGAAC	Spermatocyte	Spermatocyte	-16.718658	-7.1574335	36362	mouse1
CTCGGGAGTCATGCAT	Spermatocyte	Spermatocyte	3.6138065	-3.4637704	20108	mouse1
GAGTCCGAGCTGCAAG	Spermatocyte	Spermatocyte	-16.782171	-6.537253	47411	mouse1
TGCCAAATCGCCAGCA	Spermatocyte	Spermatocyte	-15.707004	-6.63462	25490	mouse1
CAGATCACATAGACTC	Spermatocyte	Spermatocyte	-17.485378	-5.540152	15086	mouse1
TCATTTGAGTTACGGG	Spermatocyte	Spermatocyte	-14.317936	-4.6339507	93825	mouse1
GCAGCCACATCTACGA	Spermatocyte	Spermatocyte	4.804604	-2.6839366	19395	mouse1
CCTTCGACAAAGGCGT	Spermatocyte	Spermatocyte	-14.527241	-3.314743	94809	mouse1
GGAAAGCAGAATAGGG	Spermatocyte	Spermatocyte	-19.217329	-5.09055	17052	mouse1
TATCAGGAGCCAGAAC	Spermatocyte	Spermatocyte	-16.80338	-7.121674	107584	mouse1
TACTCGCCACGGACAA	Spermatocyte	Spermatocyte	-15.591902	-6.7152395	24526	mouse1
GTTCATTCACTGTTAG	Spermatocyte	Spermatocyte	-17.325417	-6.8689218	36999	mouse1
CCAGCGATCCAGAGGA	Spermatocyte	Spermatogonia	-17.576374	-1.011901	11147	mouse1
TCGCGAGCACGGTAAG	Spermatocyte	Spermatocyte	-15.877499	-3.3500361	60268	mouse1
TGTTCCGGTCCAGTTA	Spermatocyte	Spermatocyte	-18.11046	-2.5764887	48044	mouse1
TGCGCAGAGTGTACCT	Spermatocyte	Spermatogonia	-17.347296	-0.8344336	18116	mouse1
ACGAGGAGTCCGTTAA	Spermatocyte	Spermatocyte	-16.754805	-5.892564	49833	mouse1
GTGCATATCGAACTGT	Spermatocyte	Spermatocyte	-16.24921	-3.5463965	79358	mouse1
TTCGGTCCAAGTCATC	Spermatocyte	Spermatocyte	4.5953946	-2.8656065	17745	mouse1
AGTTGGTAGCCCAATT	Spermatocyte	Spermatocyte	-17.746199	-5.6873083	9855	mouse1
TGCGTGGGTCAATGTC	Spermatocyte	Spermatocyte	5.9869447	-1.2223359	15769	mouse1
GCTCTGTTCACGACTA	Spermatocyte	Spermatogonia	-17.755829	-1.0123181	13273	mouse1
AGGTCATAGTACGATA	Spermatocyte	Spermatocyte	3.627993	-3.7197876	18559	mouse1
CTTTGCGCACCAGCAC	Spermatocyte	Spermatocyte	5.319256	-2.1741667	18889	mouse1
TTGGCAATCACTCCTG	Spermatocyte	Spermatocyte	5.361542	-1.988585	21419	mouse1
CCGTGGATCACGCATA	Spermatocyte	Spermatogonia	-17.77364	-1.1511556	16071	mouse1
ATAAGAGTCGCATGGC	Spermatocyte	Spermatocyte	3.3894775	-3.4440129	21995	mouse1
AACCGCGAGGACCACA	Spermatocyte	Spermatogonia	3.4778361	-3.4311712	19916	mouse1
TCAACGATCAGTTCGA	Spermatocyte	Spermatocyte	-17.938236	-2.8946276	48321	mouse1
CCTTCGATCACATACG	Spermatocyte	Spermatogonia	-18.059923	-2.1043923	26980	mouse1
GCGCGATGTAAGTGTA	Spermatocyte	Spermatocyte	-17.43914	-3.2822294	51641	mouse1
CTACCCACAACGATCT	Spermatocyte	Spermatocyte	-18.126823	-2.6118302	48461	mouse1
TCTCTAAAGATCTGAA	Spermatocyte	Spermatocyte	-17.75102	-3.3527718	62550	mouse1
CGATCGGGTAGCGATG	Spermatocyte	Spermatocyte	-14.938592	-3.5682313	71601	mouse1
GCATGCGCAGCTGTGC	Spermatocyte	Spermatocyte	-14.8225975	-3.0940104	90640	mouse1
CTACACCTCGCCGTGA	Spermatocyte	Spermatocyte	-17.096174	-7.070238	43650	mouse1
CAACTAGTCGCTGATA	Spermatocyte	Spermatocyte	-16.335154	-5.8711653	16644	mouse1
GTTCGGGTCGCGATCG	Spermatocyte	Spermatocyte	-18.749481	-5.387	12502	mouse1
ACCTTTACAGACGCTC	Spermatocyte	Spermatogonia	-17.402185	-1.1748908	14098	mouse1
CACACCTTCTTCGAGA	RoundSpermatid	RoundSpermatid	2.489574	4.802638	20876	mouse1
ACGCCAGAGCCAGGAT	Spermatocyte	Spermatocyte	5.3755236	-2.1957183	18583	mouse1
GGACAAGAGATCCCGC	Spermatocyte	Spermatocyte	5.830515	-1.6763248	25918	mouse1
TAAGCGTCAACTGCGC	Spermatocyte	Spermatocyte	6.3171873	-1.4767295	17031	mouse1
GAGCAGAGTTGGTGGA	Spermatocyte	Spermatocyte	-18.968002	-4.582369	12976	mouse1
GGGTCTGGTTACGACT	Spermatocyte	Spermatocyte	4.9007196	-2.3540363	24227	mouse1
GGACAAGGTGCCTGTG	Spermatocyte	Spermatocyte	-16.998133	-5.8163924	43245	mouse1
CGTGTAACAAGTAGTA	RoundSpermatid	RoundSpermatid	-1.6618493	11.507101	14618	mouse1
GGGCATCTCACTTATC	RoundSpermatid	RoundSpermatid	2.5192752	5.969468	20242	mouse1
CTGCTGTTCGCTTAGA	Spermatocyte	Spermatocyte	-17.676739	-2.8930707	65136	mouse1
CAGCATATCGTGGACC	Spermatocyte	Spermatocyte	-17.730944	-5.8928037	9050	mouse1
CAACTAGAGTTGAGAT	Spermatocyte	Spermatogonia	-17.231453	-1.9698963	9996	mouse1
ATTCTACCATGAAGTA	RoundSpermatid	RoundSpermatid	5.169024	0.6989689	17433	mouse1
CCGGTAGGTGAGCGAT	Spermatocyte	Spermatocyte	-18.23177	-5.736985	21371	mouse1
CGCGTTTAGGGTTCCC	Spermatocyte	Spermatocyte	-16.824095	-5.90344	44946	mouse1
CGTGTCTGTATATCCG	Spermatocyte	Spermatocyte	-16.703524	-6.664853	31928	mouse1
GTACTTTTCTAACCGA	RoundSpermatid	RoundSpermatid	3.813765	1.4877678	21985	mouse1
CTCGTCAGTGCATCTA	Spermatocyte	Spermatocyte	-19.316488	-5.7445645	10950	mouse1
CACCTTGAGTGTTGAA	Spermatocyte	Spermatocyte	-15.380326	-6.0665827	19890	mouse1
CGCTTCAGTTAAGAAC	Spermatocyte	Spermatocyte	-18.036825	-5.6299114	11403	mouse1
TTCGGTCAGTGGTAAT	Spermatocyte	Spermatocyte	4.92963	-0.061510097	25847	mouse1
ACCAGTAAGATATGGT	Spermatocyte	Spermatogonia	-17.124979	-0.7825696	9257	mouse1
TTCTACACATGCGCAC	Spermatocyte	Spermatocyte	3.1509342	-3.3972015	24823	mouse1
TGCTACCAGGCTCATT	Spermatocyte	Spermatocyte	-19.136883	-4.8845525	14383	mouse1
CAGCAGCTCACCTCGT	Spermatocyte	Spermatocyte	4.7214026	-1.7406521	16694	mouse1
CTACATTTCCATGCTC	RoundSpermatid	RoundSpermatid	2.2044334	3.3466306	17834	mouse1
ATTATCCGTGCAACGA	Spermatocyte	Spermatocyte	-17.101374	-7.1888757	48398	mouse1
AGGGAGTGTCGGCTCA	RoundSpermatid	RoundSpermatid	4.269301	1.1572207	17823	mouse1
TTCGGTCCAGACAGGT	RoundSpermatid	RoundSpermatid	2.852796	2.852948	27348	mouse1
CTGTGCTAGTCTCCTC	Spermatocyte	Spermatocyte	-15.082351	-5.0770917	96454	mouse1
GACCAATGTTATCCGA	Elongating	Elongating	-3.0274942	3.089915	10610	mouse1
CGGTTAATCTTACCGC	Spermatocyte	Spermatocyte	-17.049974	-7.1781964	49817	mouse1
AAAGTAGGTGTTCGAT	Spermatocyte	Spermatocyte	-18.203373	-5.651428	16481	mouse1
TACCTTACATAAGACA	Spermatocyte	Spermatocyte	-19.118795	-5.105708	18819	mouse1
GTGAAGGAGAGCTGCA	RoundSpermatid	RoundSpermatid	2.3972714	3.6537497	20968	mouse1
ATCCACCCATTTCAGG	Spermatocyte	Spermatocyte	-18.99771	-5.124909	17778	mouse1
CAGCTAAGTAAGTAGT	RoundSpermatid	RoundSpermatid	0.3224897	8.595284	16155	mouse1
TGAGCATAGACGACGT	RoundSpermatid	RoundSpermatid	2.5245278	7.06848	17541	mouse1
GTTAAGCGTTCGTGAT	Spermatocyte	Spermatocyte	-16.16384	-5.894937	16144	mouse1
CACACTCGTGGTCCGT	Spermatocyte	Spermatocyte	-16.006407	-6.4467874	18112	mouse1
GCGCCAAGTTAAAGTG	RoundSpermatid	RoundSpermatid	2.7189865	4.6639366	18656	mouse1
TGACAACTCTTCATGT	RoundSpermatid	RoundSpermatid	3.4003308	2.4949393	20793	mouse1
TGATTTCAGGCAGGTT	Spermatocyte	Spermatocyte	5.361946	-1.3705076	32211	mouse1
TCTCTAAAGACCACGA	Spermatocyte	Spermatocyte	-17.601173	-6.022814	11958	mouse1
CGGACTGCAGTAACGG	Spermatocyte	Spermatocyte	5.492103	-0.038278434	26832	mouse1
TCAGATGGTTGTCGCG	Spermatocyte	Spermatocyte	-16.259226	-6.801417	49959	mouse1
ACTTACTAGTCTTGCA	Spermatocyte	Spermatocyte	2.8980792	-3.635084	23360	mouse1
GAGTCCGCAGACGCTC	Spermatocyte	Spermatocyte	-15.668754	-6.938444	24293	mouse1
CGGCTAGTCTGATACG	Spermatocyte	Spermatocyte	-15.255578	-6.698625	19863	mouse1
GCTCCTACATCTGGTA	Spermatocyte	Spermatocyte	4.477093	-2.26193	10968	mouse1
AAGTCTGTCTACTATC	Spermatocyte	Spermatocyte	-19.33173	-5.4447875	14039	mouse1
AGTGAGGTCCGCTGTT	Spermatocyte	Spermatocyte	-19.149694	-5.201245	16437	mouse1
TAAGAGAAGGCCCTCA	Spermatocyte	Spermatocyte	5.814557	-0.6421604	17567	mouse1
CTCAGAATCATCGCTC	RoundSpermatid	RoundSpermatid	0.7571881	10.77581	37142	mouse1
TATCAGGAGCCCAACC	Spermatocyte	Spermatocyte	6.2705994	-0.030409833	19837	mouse1
AGTGTCATCCCTAATT	Spermatocyte	RoundSpermatid	6.24236	-0.071122766	14150	mouse1
GAACCTAAGTAATCCC	Spermatocyte	Spermatocyte	-15.601544	-7.0148997	19430	mouse1
AGTGGGATCATCTGTT	Spermatocyte	Elongating	-17.808662	-5.9721727	12494	mouse1
CAGCTAAGTATGAATG	Spermatocyte	Spermatocyte	3.9785006	-3.317365	20819	mouse1
AGTCTTTAGACATAAC	RoundSpermatid	RoundSpermatid	3.733624	2.5936687	13180	mouse1
TGAGGGAAGCTAACAA	Spermatocyte	Spermatocyte	5.5693874	-1.575149	19692	mouse1
CACAAACCACACGCTG	RoundSpermatid	RoundSpermatid	4.4259415	2.0256534	18510	mouse1
TTCCCAGTCTACGAGT	Spermatocyte	Spermatocyte	2.9585812	-3.5846102	21062	mouse1
ATAACGCAGTCCAGGA	RoundSpermatid	RoundSpermatid	4.993975	0.6211057	18596	mouse1
GATTCAGGTTGTACAC	Spermatocyte	Spermatocyte	5.8904457	-1.0977876	25499	mouse1
ACTGCTCCAGACACTT	Spermatocyte	Spermatocyte	6.247165	-0.22418089	20680	mouse1
GGTGTTACATGCCTTC	RoundSpermatid	RoundSpermatid	2.792064	2.449111	25296	mouse1
CGTTGGGTCACTTATC	Spermatocyte	Spermatocyte	-15.5484915	-6.7422576	26158	mouse1
TAGTTGGCATCCCATC	RoundSpermatid	RoundSpermatid	4.1801305	1.1872535	23721	mouse1
AAGTCTGAGTAGGTGC	RoundSpermatid	RoundSpermatid	2.201495	4.2936835	24799	mouse1
GTGCATATCCGTACAA	Spermatocyte	Spermatocyte	-15.485466	-6.943017	26379	mouse1
GATTCAGCACCATGTA	RoundSpermatid	RoundSpermatid	2.492615	2.777732	28957	mouse1
TTAGGACAGTTGAGAT	RoundSpermatid	RoundSpermatid	2.8181036	4.7189784	20960	mouse1
CGTCAGGAGTGACTCT	RoundSpermatid	RoundSpermatid	3.5227406	1.0137742	21282	mouse1
CCTTCCCGTACTCAAC	RoundSpermatid	RoundSpermatid	3.3114188	2.7965791	24505	mouse1
CGCTATCTCAGCTGGC	Spermatocyte	Spermatocyte	-15.912601	-6.5364723	25013	mouse1
TAGTGGTTCATTGCGA	Spermatocyte	Spermatocyte	-18.972355	-5.6126056	17988	mouse1
ACGCCGAAGACCTTTG	Spermatocyte	Spermatocyte	-18.757284	-3.795805	10310	mouse1
TTCCCAGTCTGGGCCA	RoundSpermatid	RoundSpermatid	2.8592093	3.6585095	21730	mouse1
GTGCGGTCACACCGCA	RoundSpermatid	RoundSpermatid	3.781204	0.77157414	23175	mouse1
TGAGCATCAGCTGTAT	Spermatocyte	Spermatocyte	6.195638	-1.1551266	20026	mouse1
TCGTAGAGTGTTCGAT	RoundSpermatid	RoundSpermatid	4.0944214	-0.2607332	20041	mouse1
TCAACGACAGTCCTTC	Spermatocyte	Spermatocyte	5.471162	-1.0927218	20347	mouse1
CATCGAACAGTGGGAT	Spermatocyte	Spermatocyte	6.209005	-0.6796782	21171	mouse1
CTTAACTCAAAGAATC	RoundSpermatid	RoundSpermatid	0.36947852	8.01335	23724	mouse1
TTAGTTCAGTAGATGT	RoundSpermatid	RoundSpermatid	1.8249265	5.965776	14978	mouse1
TCGCGAGTCCATTCTA	Spermatocyte	Spermatocyte	3.9257245	-3.114994	19357	mouse1
CTAAGACCAATAGCAA	Spermatocyte	Spermatocyte	5.1821623	-0.8073892	17780	mouse1
AGTGTCAGTTACGGAG	Spermatocyte	Spermatocyte	4.4472065	-1.702991	15271	mouse1
ATGGGAGGTGCTCTTC	Spermatocyte	Spermatocyte	2.7538886	-3.6550164	15399	mouse1
TATGCCCTCGGCATCG	Spermatocyte	Spermatocyte	-19.1981	-4.7225604	14804	mouse1
TCATTTGGTGACCAAG	RoundSpermatid	RoundSpermatid	2.006735	6.8392987	22756	mouse1
CCCTCCTGTTGCCTCT	Spermatocyte	Spermatocyte	2.9292982	-3.4576664	24781	mouse1
AAGTCTGGTAAATACG	Spermatocyte	Spermatocyte	-15.57839	-6.5265427	22818	mouse1
GACGCGTCAAGCGCTC	RoundSpermatid	RoundSpermatid	0.81258655	8.9409895	20776	mouse1
CTACCCATCGGCGCAT	Spermatocyte	Spermatocyte	-17.840273	-5.712797	20029	mouse1
GCTGGGTAGTTTAGGA	RoundSpermatid	RoundSpermatid	4.0170665	-0.35464627	8997	mouse1
GCAGTTACACCTATCC	Spermatocyte	Spermatocyte	-17.502724	-5.8471966	12782	mouse1
TTTCCTCTCTTTAGGG	Spermatocyte	Spermatocyte	6.2378583	-0.31982726	18320	mouse1
TCCCGATCACGCCAGT	Spermatocyte	Spermatocyte	6.1267405	-0.4972096	18282	mouse1
AACACGTCAGACAGGT	Spermatocyte	Spermatocyte	-15.3538265	-6.3073955	33588	mouse1
CAACCTCAGATCGATA	RoundSpermatid	RoundSpermatid	2.16876	4.507749	19846	mouse1
GCTCTGTTCAGCTCTC	RoundSpermatid	RoundSpermatid	3.1960065	2.2782266	31062	mouse1
CTAGCCTAGACAGAGA	Spermatocyte	Spermatocyte	-18.78318	-5.0332603	10977	mouse1
CACATTTTCGCAAACT	Spermatocyte	Spermatocyte	-19.069233	-4.7180285	16156	mouse1
CTCTACGGTAACGTTC	RoundSpermatid	RoundSpermatid	-0.18245082	10.750102	14232	mouse1
ACGAGCCTCCTGCAGG	RoundSpermatid	RoundSpermatid	2.183799	6.4087567	23857	mouse1
GGACATTTCTTGAGAC	Spermatocyte	Spermatocyte	-15.930355	-5.8173695	10798	mouse1
CAGCCGACAGCTGTAT	Spermatocyte	Spermatocyte	-15.305902	-6.89693	23693	mouse1
ATCTGCCGTGATGCCC	RoundSpermatid	RoundSpermatid	-0.46098343	11.698537	25589	mouse1
ACAGCCGAGCTACCTA	RoundSpermatid	RoundSpermatid	1.7304364	6.914466	29694	mouse1
AGTGAGGCAGATGGGT	Spermatocyte	Spermatocyte	5.1639714	-1.1264102	29885	mouse1
TTGAACGTCCGCGCAA	Spermatocyte	Spermatocyte	2.4677336	-3.223184	14298	mouse1
TGGTTAGGTAGCGTCC	Spermatocyte	Spermatocyte	5.94877	-2.2729232	13475	mouse1
CATTCGCTCCGATATG	RoundSpermatid	RoundSpermatid	4.960958	1.3503962	18115	mouse1
CCTAGCTGTAGCGTCC	Spermatocyte	Spermatocyte	3.4160225	-3.6282163	11557	mouse1
CATCGAACAGTGAGTG	RoundSpermatid	RoundSpermatid	3.7193043	1.1137962	25084	mouse1
ACTGTCCGTGGACGAT	Spermatocyte	Spermatocyte	-19.332254	-4.8071537	11645	mouse1
GATCGATAGAAAGTGG	Spermatocyte	Spermatocyte	4.9323573	-2.0715003	24811	mouse1
TTCTTAGTCTTACCGC	RoundSpermatid	RoundSpermatid	4.685776	1.4339697	18593	mouse1
CTGCCTATCTGCTGTC	RoundSpermatid	RoundSpermatid	-0.20446455	8.490816	25599	mouse1
AGCTCTCGTACTCTCC	Spermatocyte	Spermatocyte	2.9132655	-3.1813502	23913	mouse1
AGTAGTCTCGGATGTT	RoundSpermatid	RoundSpermatid	3.541744	0.57473207	22123	mouse1
CTCGGAGTCAACGCTA	Spermatocyte	Spermatocyte	2.7629728	-3.6423302	17538	mouse1
CGACTTCCAGCTATTG	RoundSpermatid	RoundSpermatid	3.7847931	1.384135	24396	mouse1
GATGCTACACTGCCAG	RoundSpermatid	RoundSpermatid	2.211395	4.265832	23333	mouse1
TTCGGTCAGCCCTAAT	RoundSpermatid	RoundSpermatid	2.8151116	1.979707	22906	mouse1
CAGAGAGCAGGACCCT	Spermatocyte	Spermatocyte	-15.544822	-6.6557813	22419	mouse1
ACATACGAGAGCTATA	RoundSpermatid	RoundSpermatid	1.3831074	6.2639246	17579	mouse1
TCGGGACAGAGACTAT	RoundSpermatid	RoundSpermatid	-0.41202083	8.918246	23594	mouse1
AGCAGCCTCCTAAGTG	RoundSpermatid	RoundSpermatid	4.948337	0.81921655	23998	mouse1
TTAGGACTCGCCAAAT	RoundSpermatid	RoundSpermatid	1.7520133	6.240013	23023	mouse1
GCGCAACAGCTTCGCG	RoundSpermatid	RoundSpermatid	-0.13143878	7.9819355	26483	mouse1
CGAGAAGTCCAATGGT	RoundSpermatid	RoundSpermatid	-3.5151982	11.215995	8408	mouse1
CCACTACAGCCGTCGT	Spermatocyte	Spermatocyte	4.147036	-2.3846908	17240	mouse1
GCACATATCGCACTCT	RoundSpermatid	RoundSpermatid	2.115586	7.2983956	26554	mouse1
AAGGAGCGTCTTCGTC	RoundSpermatid	RoundSpermatid	3.1727219	1.7356619	17715	mouse1
GGTGTTAGTAAGTTCC	Spermatocyte	Spermatocyte	3.8562613	-2.7872074	18245	mouse1
GTACTTTTCAAACCAC	RoundSpermatid	RoundSpermatid	3.0119226	2.4700074	19023	mouse1
CATATTCAGATGGGTC	Spermatocyte	Spermatocyte	-19.195227	-4.498784	13969	mouse1
GTCTCGTAGCTAAACA	RoundSpermatid	RoundSpermatid	3.438662	2.0708525	16627	mouse1
CACCTTGCATGGTCAT	RoundSpermatid	RoundSpermatid	3.1499014	2.510327	24485	mouse1
TACTTGTTCAGCACAT	Elongating	Elongating	-4.1789145	3.5268228	9429	mouse1
CTAGCCTAGACAGGCT	Spermatocyte	Spermatocyte	-15.460216	-7.060057	8567	mouse1
TCATTTGTCTCCGGTT	RoundSpermatid	RoundSpermatid	2.6905708	3.300934	12574	mouse1
GCTGCAGAGGCTAGGT	RoundSpermatid	RoundSpermatid	4.1767726	-0.22297582	9783	mouse1
CTCACACCATTACGAC	RoundSpermatid	RoundSpermatid	0.24959269	8.162452	22989	mouse1
TCAACGATCCAAGCCG	Elongating	Elongating	-4.2866135	3.7940502	10358	mouse1
CTTCTCTGTAAGTGGC	RoundSpermatid	RoundSpermatid	3.9526317	2.5693088	13329	mouse1
GTACGTACAGCTGCAC	Spermatocyte	Spermatocyte	-17.933573	-5.8596387	25455	mouse1
TGGGCGTAGAGCCCAA	Spermatocyte	Spermatocyte	5.9865103	-0.062157743	17251	mouse1
AGTGTCAGTGAGTGAC	RoundSpermatid	Spermatocyte	4.490912	-0.29253495	19070	mouse1
CACATTTAGGGTGTTG	RoundSpermatid	RoundSpermatid	0.47232032	7.92799	10313	mouse1
TGACTAGTCATACGGT	Spermatocyte	Spermatocyte	5.7193007	-1.1787908	18974	mouse1
ATCTACTTCTTTAGGG	Spermatocyte	Spermatocyte	-15.826782	-6.91785	21319	mouse1
ACTTTCATCCAGTATG	RoundSpermatid	RoundSpermatid	1.1550165	7.043877	21273	mouse1
CATTATCCAGGAACGT	Spermatocyte	Spermatocyte	-15.993899	-6.0168366	11600	mouse1
TTGCGTCGTCGACTGC	Spermatocyte	Spermatocyte	5.422417	-1.687864	12635	mouse1
CGAGCACGTGCAACGA	RoundSpermatid	RoundSpermatid	3.8293128	2.299565	18473	mouse1
CGGGTCATCTTGCATT	RoundSpermatid	RoundSpermatid	0.64313656	11.66157	11012	mouse1
TCGTAGAGTGTTTGTG	Spermatocyte	Spermatocyte	5.5429726	-0.989641	20959	mouse1
TCATTACCACCCTATC	Spermatocyte	Spermatocyte	-18.904638	-5.259692	19454	mouse1
GAACCTATCTTGTCAT	RoundSpermatid	RoundSpermatid	4.670619	1.0233496	22970	mouse1
GTTACAGCATTTCAGG	Spermatocyte	Spermatogonia	2.7808907	-2.640584	21793	mouse1
CGTAGGCTCGAATCCA	Spermatocyte	Spermatocyte	-18.921444	-5.55791	13439	mouse1
GTGTTAGAGTGTCCAT	Spermatocyte	Spermatocyte	4.608854	-2.0782316	16862	mouse1
CTAGCCTGTCGAATCT	Elongating	Elongating	-7.357274	10.468501	8536	mouse1
TACTTACGTTGTGGAG	RoundSpermatid	RoundSpermatid	2.373575	2.8475432	19863	mouse1
ACACCCTCAACACCTA	RoundSpermatid	RoundSpermatid	2.5210507	6.6089664	19964	mouse1
GCGAGAAGTTAAGAAC	RoundSpermatid	RoundSpermatid	3.178704	1.6562915	19017	mouse1
GGCTGGTAGGGAGTAA	Spermatocyte	Spermatocyte	-18.955847	-5.7714057	17182	mouse1
GGACAGAAGGATCGCA	RoundSpermatid	RoundSpermatid	0.3117057	11.094386	15020	mouse1
TAGGCATAGAATTCCC	Spermatocyte	Spermatocyte	5.649961	-1.3322806	14966	mouse1
TCTGAGATCAGAGGTG	Spermatocyte	Spermatocyte	-15.154843	-6.6507573	17867	mouse1
GGCGACTGTACATCCA	RoundSpermatid	RoundSpermatid	2.1052709	4.3751054	26352	mouse1
CTAACTTCACATCTTT	RoundSpermatid	RoundSpermatid	5.4327636	1.0324417	19775	mouse1
AGCGGTCAGCGTGAAC	RoundSpermatid	RoundSpermatid	2.7149463	3.5784366	22115	mouse1
TCGTACCGTCACCTAA	Spermatocyte	Spermatocyte	-16.273731	-5.991836	26028	mouse1
GAACATCGTCAGAATA	RoundSpermatid	RoundSpermatid	4.2148423	0.36851418	23579	mouse1
GCGCAGTGTTGGACCC	RoundSpermatid	RoundSpermatid	4.199864	0.31552023	22244	mouse1
ACGAGCCGTTAAGATG	Spermatocyte	Spermatocyte	4.3734446	-1.9124585	16738	mouse1
CAAGAAAAGAACTCGG	Spermatocyte	Spermatocyte	5.4894547	-1.5123019	23408	mouse1
GACACGCCATCCCATC	RoundSpermatid	RoundSpermatid	4.692824	1.5012237	19219	mouse1
GTGGGTCGTAAATGTG	RoundSpermatid	RoundSpermatid	3.8779035	1.532577	15138	mouse1
TGAAAGAGTCCTCCAT	Spermatocyte	Spermatocyte	2.7574556	-3.577737	18033	mouse1
ATGTGTGTCGTCGTTC	Elongating	Elongating	-3.0083501	5.6547775	9072	mouse1
TGTCCCAGTGCAGGTA	RoundSpermatid	RoundSpermatid	1.9021939	6.788079	25126	mouse1
CGTGTCTAGCACAGGT	Spermatocyte	Spermatocyte	-19.152508	-5.2978106	10782	mouse1
CTAATGGCATGCCTAA	Spermatocyte	Spermatocyte	5.27854	-2.4252017	18019	mouse1
AGTAGTCAGGTGCAAC	RoundSpermatid	RoundSpermatid	1.2271873	7.8559227	8899	mouse1
TACGGGCCAGTACACT	Spermatocyte	Spermatogonia	5.445911	-2.3378212	18179	mouse1
TACAGTGCACACCGAC	Spermatocyte	Spermatocyte	5.9709	-1.8432268	17771	mouse1
ATCCGAATCTTCCTTC	RoundSpermatid	RoundSpermatid	0.92269945	8.7237425	19527	mouse1
CCACTACCACTCTGTC	RoundSpermatid	RoundSpermatid	2.039441	3.0337086	9811	mouse1
CTGTTTAAGGCAGGTT	Spermatocyte	Spermatocyte	3.982956	-3.287005	15335	mouse1
TCTATTGGTAGAAAGG	Spermatocyte	Spermatocyte	4.7462234	-2.9592226	15005	mouse1
CACCACTAGCTATGCT	Spermatocyte	Spermatogonia	-18.177614	-1.1626279	11929	mouse1
TCAGGATAGGCTAGGT	RoundSpermatid	RoundSpermatid	3.07962	1.5509666	24153	mouse1
CAAGGCCGTTGAGGTG	RoundSpermatid	RoundSpermatid	0.4454212	11.422444	22773	mouse1
CCTCTGACAGGTTTCA	Elongating	Elongating	-6.1356664	6.1450777	9950	mouse1
GATCGATGTACCGAGA	RoundSpermatid	RoundSpermatid	2.5379581	6.8785696	21091	mouse1
GCAGCCACAATACGCT	Elongating	Elongating	-4.39308	6.482633	11920	mouse1
GGCTCGATCATGTCTT	Spermatocyte	Spermatocyte	5.980823	-1.8608056	18513	mouse1
CTAGCCTGTTTACTCT	Spermatocyte	Spermatocyte	-16.927967	-7.2890706	18151	mouse1
GCTCCTATCTTAGAGC	RoundSpermatid	RoundSpermatid	3.2021666	3.7219918	21109	mouse1
GAAACTCAGAGCAATT	RoundSpermatid	RoundSpermatid	2.5212538	6.6001124	20543	mouse1
CGTGAGCCAAGCGATG	RoundSpermatid	RoundSpermatid	4.197365	-0.504079	9334	mouse1
GCTCTGTTCAACGGGA	Spermatocyte	Spermatocyte	5.191765	-2.4694977	19793	mouse1
CTGATAGGTAGCTGCC	RoundSpermatid	RoundSpermatid	3.7480385	0.9868793	16801	mouse1
AGAATAGAGGGAAACA	Elongating	Elongating	-5.993605	6.701871	14476	mouse1
AGGGTGATCATCGCTC	Spermatocyte	Spermatogonia	-17.202206	-1.6487556	14303	mouse1
AGTGAGGGTGGAAAGA	Elongating	Elongating	-2.7468839	2.4252799	13251	mouse1
CGTGTCTCACCTGGTG	Elongating	Elongating	-5.3558555	6.002942	10083	mouse1
GATCGTATCGCAGGCT	RoundSpermatid	RoundSpermatid	3.6955326	0.3006981	12446	mouse1
CAGCTGGCAACAACCT	RoundSpermatid	RoundSpermatid	1.7533383	4.487927	33273	mouse1
TCACAAGTCCGCAGTG	Spermatocyte	Spermatocyte	-15.380274	-6.9231515	13082	mouse1
CGAGCCACAATGAATG	RoundSpermatid	RoundSpermatid	3.9125597	2.2199616	11783	mouse1
AACTCAGTCGACGGAA	Elongating	Elongating	-6.0721717	6.4143753	12611	mouse1
CTCTACGCAGGGTTAG	RoundSpermatid	RoundSpermatid	0.605733	8.834412	19476	mouse1
AGCTCCTCATCGGGTC	RoundSpermatid	RoundSpermatid	2.4902682	5.284144	21372	mouse1
CGATTGAAGACGACGT	RoundSpermatid	RoundSpermatid	2.2784848	4.9286838	18900	mouse1
TCGTAGAAGTACGCGA	Spermatocyte	Spermatocyte	3.1421676	-3.0366886	19468	mouse1
CGGACGTAGACAAAGG	Spermatocyte	Spermatocyte	3.614047	-2.734321	18910	mouse1
TTGTAGGGTCACAAGG	Spermatocyte	Spermatogonia	-18.105696	-1.8382623	20910	mouse1
TGTTCCGAGAAACCGC	Spermatocyte	Spermatocyte	6.1583095	-1.348148	12571	mouse1
GCTCCTAGTCTCAACA	RoundSpermatid	Spermatocyte	4.376659	-0.943073	8186	mouse1
TGAGCATGTTTGGCGC	Elongating	Elongating	-5.8338246	2.0944107	9964	mouse1
GACTACATCCTGTACC	RoundSpermatid	RoundSpermatid	3.9934216	-0.124613	10040	mouse1
CTGAAGTCATGCCTTC	Spermatocyte	Spermatocyte	6.2831745	-0.37192646	21771	mouse1
AACCGCGGTCATGCAT	Spermatocyte	Spermatocyte	-14.805408	-6.14944	10796	mouse1
CGTGAGCGTTCCCGAG	Elongating	Elongating	-5.385593	1.6573582	10273	mouse1
GGGTTGCCAGCCTATA	Elongating	Elongating	-2.4024212	5.5725236	14693	mouse1
ATGAGGGCATCCTTGC	Elongating	Elongating	-3.4681823	5.509306	14714	mouse1
ATGTGTGTCTCCAGGG	Elongating	Elongating	-4.6484137	2.4081159	9665	mouse1
CATCAAGGTACCATCA	Elongating	Elongating	-5.1559973	6.4134703	9775	mouse1
ACGTCAAAGGCCCTTG	Spermatocyte	Spermatocyte	-16.388845	-4.857056	8537	mouse1
CTGAAACTCGATAGAA	RoundSpermatid	Spermatocyte	5.1708803	0.2654164	9615	mouse1
TACGGATCACCGCTAG	Elongating	Elongating	-2.718393	4.3720927	10434	mouse1
AGGTCATAGTAGCGGT	Elongating	Elongating	-6.801095	10.527501	10596	mouse1
CAGCGACGTTGGACCC	RoundSpermatid	RoundSpermatid	-0.44855288	8.821257	11010	mouse1
TGAGGGAGTGCTAGCC	Elongating	Elongating	-4.171051	2.8511717	8625	mouse1
ACTTTCAAGCAATCTC	Elongating	Elongating	-4.5126834	6.289808	7984	mouse1
GGTGTTAGTTACGGAG	Elongating	Elongating	-4.018687	3.1960642	9697	mouse1
CAGATCATCAAGCCTA	Elongating	Elongating	-3.917349	1.8415555	11560	mouse1
CGGAGTCTCCAAACAC	Elongating	Elongating	-3.03442	2.2798219	14235	mouse1
CTGTGCTTCAGAGACG	Elongating	Elongating	-2.9666758	4.3098164	7800	mouse1
GGCTCGAAGCAGCCTC	Elongating	Elongating	-6.2962017	6.2642913	9135	mouse1
GAACATCCAAACTGCT	Elongating	Elongating	-1.870112	4.1729236	11487	mouse1
GAGTCCGCATTCCTCG	RoundSpermatid	RoundSpermatid	4.1354384	-0.3905187	8535	mouse1
AACGTTGTCTGCCAGG	Elongating	Elongating	-3.0487816	4.9599304	10556	mouse1
ATGGGAGAGAAGCCCA	RoundSpermatid	RoundSpermatid	9.909039	3.61415	60323	mouse2
CGATGGCAGTGCTGCC	RoundSpermatid	RoundSpermatid	11.217921	2.9389956	42969	mouse2
ATTGGTGTCGCATGAT	RoundSpermatid	RoundSpermatid	9.527473	1.7533042	53063	mouse2
TTCTCCTAGTAGCCGA	RoundSpermatid	RoundSpermatid	10.735548	1.6457956	26280	mouse2
TAAGCGTCATGTTGAC	RoundSpermatid	RoundSpermatid	10.380042	2.4059398	13798	mouse2
GGGCACTCAGCCTTTC	RoundSpermatid	RoundSpermatid	11.29996	4.779096	17915	mouse2
GGCTGGTAGTATCTCG	RoundSpermatid	RoundSpermatid	11.162342	3.5142198	20830	mouse2
CTCAGAACAGCCAATT	RoundSpermatid	RoundSpermatid	10.113757	1.9201491	30028	mouse2
GCGCGATTCGGCATCG	RoundSpermatid	RoundSpermatid	11.896705	4.404625	29241	mouse2
TTAGTTCCACAGGCCT	RoundSpermatid	RoundSpermatid	10.406016	3.6642537	21340	mouse2
AGGGATGGTTGATTCG	RoundSpermatid	RoundSpermatid	10.381834	4.9665394	47000	mouse2
TCTCATATCTTAGCCC	RoundSpermatid	RoundSpermatid	9.8028555	-0.47494626	24343	mouse2
TCACGAACATGCTGGC	RoundSpermatid	RoundSpermatid	10.701786	5.784112	53702	mouse2
TGACAACTCAACACCA	RoundSpermatid	RoundSpermatid	10.713585	2.6430175	26129	mouse2
CCATGTCTCGCGTAGC	RoundSpermatid	RoundSpermatid	11.813644	4.8393836	21744	mouse2
CGATGTACATGCCTAA	RoundSpermatid	RoundSpermatid	11.838591	9.154178	54595	mouse2
GGAAAGCCAAGCCGTC	RoundSpermatid	RoundSpermatid	13.402376	9.12883	36359	mouse2
ACTTGTTTCTGGTGTA	RoundSpermatid	RoundSpermatid	9.676585	4.740581	53675	mouse2
ACGGGTCAGCTGCGAA	RoundSpermatid	RoundSpermatid	13.737655	9.561811	23695	mouse2
CCACGGACAATCAGAA	RoundSpermatid	RoundSpermatid	10.858061	-0.424906	24183	mouse2
CGTTCTGGTGTGGTTT	Elongating	Elongating	20.723074	15.199361	28012	mouse2
CTGATCCAGAGACTAT	RoundSpermatid	RoundSpermatid	13.336186	9.806297	20368	mouse2
TAGTTGGAGGTCGGAT	RoundSpermatid	RoundSpermatid	10.5111265	1.7625966	22932	mouse2
CCTCAGTAGACAAGCC	RoundSpermatid	RoundSpermatid	10.361221	1.9949446	11813	mouse2
ATCGAGTTCAAGAAGT	RoundSpermatid	RoundSpermatid	16.988228	14.128832	30062	mouse2
GGGTTGCAGCAGATCG	RoundSpermatid	RoundSpermatid	12.015262	5.4596534	27027	mouse2
CATCAAGGTTAGAACA	RoundSpermatid	RoundSpermatid	15.373983	11.865073	29707	mouse2
TTAACTCCAGTAAGAT	RoundSpermatid	RoundSpermatid	17.740276	16.224586	36317	mouse2
TTGACTTCAGACAAGC	RoundSpermatid	RoundSpermatid	16.098421	12.605833	28408	mouse2
CTTGGCTGTATCACCA	RoundSpermatid	RoundSpermatid	16.890913	13.734146	24881	mouse2
GTTACAGGTTACTGAC	RoundSpermatid	RoundSpermatid	15.053316	9.580383	47682	mouse2
AAACCTGCATACGCCG	RoundSpermatid	RoundSpermatid	14.984727	11.394277	66511	mouse2
GCAATCACAGGCTGAA	RoundSpermatid	RoundSpermatid	17.458447	15.145899	39047	mouse2
ACTGAACTCCGTAGGC	RoundSpermatid	RoundSpermatid	16.990982	14.808996	25748	mouse2
TGCCCTACACGCATCG	RoundSpermatid	RoundSpermatid	15.291656	11.562669	81852	mouse2
ACTTTCATCGAATGCT	RoundSpermatid	RoundSpermatid	15.695933	11.680197	24625	mouse2
CGCGTTTGTATCACCA	RoundSpermatid	RoundSpermatid	19.608046	16.8537	67250	mouse2
CCTCTGAAGAATGTTG	RoundSpermatid	RoundSpermatid	14.676651	10.21744	27127	mouse2
AGGGTGATCCTTCAAT	Elongating	Elongating	20.657957	8.683036	21550	mouse2
CCTACCAAGAGACGAA	RoundSpermatid	RoundSpermatid	16.66914	14.528158	19686	mouse2
TGAAAGAAGCATCATC	RoundSpermatid	RoundSpermatid	15.078293	11.074877	64907	mouse2
ACGGGTCTCTGACCTC	RoundSpermatid	RoundSpermatid	18.708927	17.012405	15787	mouse2
GGGATGATCCATTCTA	RoundSpermatid	RoundSpermatid	19.3966	16.349968	19416	mouse2
GTGGGTCGTCTAGAGG	RoundSpermatid	RoundSpermatid	17.407515	15.803229	32863	mouse2
TGCGCAGGTTCATGGT	RoundSpermatid	RoundSpermatid	19.01234	17.300783	8722	mouse2
TGCCAAACACAACGCC	RoundSpermatid	RoundSpermatid	19.05912	17.447514	17067	mouse2
TTAGGCATCAGCATGT	RoundSpermatid	RoundSpermatid	18.749449	17.259804	93068	mouse2
CAAGTTGCAGAGCCAA	RoundSpermatid	RoundSpermatid	16.256172	12.934867	26867	mouse2
TCGCGAGTCACCTTAT	RoundSpermatid	RoundSpermatid	16.611666	12.888621	28572	mouse2
AGCGTATCATCTCGCT	RoundSpermatid	RoundSpermatid	19.84066	16.641857	35200	mouse2
GTGTTAGAGTGGTAGC	Elongating	Elongating	20.918102	14.523861	30507	mouse2
CAGCGACCAGATGGCA	Elongating	RoundSpermatid	19.529596	15.411118	8047	mouse2
GGAAAGCGTATATGAG	RoundSpermatid	RoundSpermatid	19.392303	17.153328	62816	mouse2
GTATCTTGTTAGAACA	RoundSpermatid	RoundSpermatid	16.995766	14.472062	30050	mouse2
CGAGAAGCATAGTAAG	RoundSpermatid	RoundSpermatid	18.268475	15.703784	11659	mouse2
TGGTTCCGTTGCGCAC	Elongating	Elongating	20.593128	15.597519	17746	mouse2
CACAGTAAGCTACCGC	Elongating	Elongating	20.054787	14.678857	20349	mouse2
GACTGCGAGTCAAGCG	RoundSpermatid	RoundSpermatid	18.782974	16.915344	12665	mouse2
GTACTCCCATTGCGGC	RoundSpermatid	RoundSpermatid	16.907513	11.589222	26038	mouse2
CGACCTTAGAGGTTGC	RoundSpermatid	RoundSpermatid	19.380096	16.672073	31203	mouse2
AACCATGGTGCACTTA	Elongating	Elongating	20.313227	14.059453	13513	mouse2
TCAGCAAAGCTAGTCT	Elongating	Elongating	21.800776	11.828579	19895	mouse2
TCGCGTTCACCCATGG	RoundSpermatid	RoundSpermatid	9.584813	3.7932324	61139	mouse2
ACACTGACACATCCAA	RoundSpermatid	RoundSpermatid	17.354153	15.694276	124193	mouse2
CGTCAGGGTAAGTAGT	RoundSpermatid	RoundSpermatid	17.125221	14.915049	56780	mouse2
CTCGGAGGTTCACGGC	Elongating	Elongating	20.446104	7.994547	14447	mouse2
ACGGGCTAGCCCTAAT	RoundSpermatid	RoundSpermatid	17.759497	15.905692	31884	mouse2
TGTGTTTCAATGGAAT	RoundSpermatid	RoundSpermatid	17.80442	16.286825	28466	mouse2
GAATGAAAGCTTATCG	RoundSpermatid	RoundSpermatid	15.3266115	11.043561	33985	mouse2
TGTGGTACATATGAGA	RoundSpermatid	RoundSpermatid	16.701973	11.3736515	26038	mouse2
TGGCTGGGTATGCTTG	RoundSpermatid	RoundSpermatid	15.579646	11.585781	21623	mouse2
CAGGTGCGTGCAGTAG	RoundSpermatid	RoundSpermatid	11.517748	2.1761925	17465	mouse2
CACAGTAAGTGTCCAT	RoundSpermatid	RoundSpermatid	19.706123	16.784618	53978	mouse2
CAGCATATCGACCAGC	RoundSpermatid	RoundSpermatid	18.500805	16.65953	35702	mouse2
CAGCATACATCACCCT	RoundSpermatid	RoundSpermatid	17.542606	15.277301	55183	mouse2
AACTCAGCAGTAACGG	RoundSpermatid	RoundSpermatid	18.17603	15.559035	21493	mouse2
TCTTCGGAGTTCGCAT	Spermatocyte	Spermatocyte	24.197351	-2.9663563	43318	mouse2
GGTATTGTCCTTTCTC	RoundSpermatid	RoundSpermatid	9.46148	0.60148495	49572	mouse2
TCACAAGAGTGTCTCA	Spermatocyte	Spermatocyte	16.76769	-2.9717302	25353	mouse2
ATTTCTGAGATCTGCT	RoundSpermatid	RoundSpermatid	11.038761	3.456523	28391	mouse2
CTACACCCATCCGTGG	RoundSpermatid	RoundSpermatid	9.615831	2.8704534	53025	mouse2
ATGGGAGAGTGTGAAT	RoundSpermatid	RoundSpermatid	11.574958	4.4669156	31381	mouse2
CAGAATCGTCCCTTGT	RoundSpermatid	RoundSpermatid	10.084597	4.331207	102870	mouse2
CCTATTATCACCACCT	RoundSpermatid	RoundSpermatid	10.682331	5.3722014	24431	mouse2
TTGAACGCATGCGCAC	RoundSpermatid	RoundSpermatid	11.855247	-0.91871524	30731	mouse2
CATGCCTCACAGGCCT	RoundSpermatid	Elongating	11.190426	3.241408	33403	mouse2
ATCACGACAAGCTGTT	RoundSpermatid	RoundSpermatid	10.964944	3.790127	31185	mouse2
TGTGGTAGTGGCAAAC	Spermatocyte	Spermatocyte	16.654058	-2.9056203	17926	mouse2
AGGCCGTTCCCTGACT	RoundSpermatid	RoundSpermatid	10.2724695	-0.9936261	60847	mouse2
CACACAACATGAACCT	RoundSpermatid	RoundSpermatid	13.798798	-1.5170685	29386	mouse2
GCACTCTAGAGCTTCT	Spermatocyte	Spermatocyte	16.661272	-3.18779	24895	mouse2
TTTCCTCAGCCCAACC	RoundSpermatid	RoundSpermatid	13.026912	-1.1456919	34687	mouse2
GACGCGTTCGAATCCA	Spermatocyte	Spermatocyte	33.51478	-4.7283125	32837	mouse2
TTCTCAAGTAGCAAAT	RoundSpermatid	RoundSpermatid	10.029328	1.7778765	26590	mouse2
GCACATACACATAACC	RoundSpermatid	RoundSpermatid	11.743908	-0.8840425	28012	mouse2
TTAACTCTCAAAGACA	Spermatocyte	Spermatocyte	16.984816	-3.0316281	18822	mouse2
TAGGCATAGGGTGTTG	RoundSpermatid	RoundSpermatid	11.387584	3.9294596	25120	mouse2
CCCAGTTTCTAGCACA	Spermatocyte	Spermatocyte	16.666458	-2.7057312	67475	mouse2
TCGCGAGGTCTAGCCG	RoundSpermatid	RoundSpermatid	12.076221	-0.89456546	22342	mouse2
GTCGGGTGTTACCAGT	RoundSpermatid	RoundSpermatid	10.094574	0.8268078	18105	mouse2
GAACGGATCTTGAGGT	Elongating	Elongating	20.99584	8.740398	13175	mouse2
GCGCGATAGTTCGATC	RoundSpermatid	RoundSpermatid	12.645515	-0.98851925	30214	mouse2
CAGCATATCAATCACG	RoundSpermatid	RoundSpermatid	9.874259	0.6224689	27684	mouse2
CACAGTAGTCCCGACA	RoundSpermatid	RoundSpermatid	11.494272	-0.81893194	27997	mouse2
AAGACCTGTAGAAGGA	RoundSpermatid	RoundSpermatid	10.500433	-0.15742992	27593	mouse2
CGTCACTTCGCAGGCT	Spermatocyte	Spermatocyte	17.392143	-3.0351317	25393	mouse2
CATCCACTCCGCTGTT	Spermatocyte	Spermatocyte	17.215109	-3.0420046	20409	mouse2
GCATGTAAGTGAATTG	RoundSpermatid	RoundSpermatid	9.758651	-0.637857	14299	mouse2
GGGAATGCAAGCTGGA	RoundSpermatid	RoundSpermatid	11.715313	-1.2208804	10895	mouse2
AACACGTAGGATTCGG	RoundSpermatid	RoundSpermatid	11.707622	-0.66767144	30005	mouse2
GCATGATCACCAGCAC	RoundSpermatid	RoundSpermatid	9.486949	-0.08368528	141074	mouse2
ACCTTTATCGGCGCAT	RoundSpermatid	RoundSpermatid	13.663322	-1.3404325	26247	mouse2
CTTACCGAGACCCACC	RoundSpermatid	RoundSpermatid	10.446408	7.127462	32332	mouse2
GAACGGAAGTGTTAGA	RoundSpermatid	RoundSpermatid	11.6619835	-1.1823272	25243	mouse2
TGCCCTATCTTCGAGA	Spermatocyte	Spermatocyte	17.464434	-2.9696114	18854	mouse2
AAAGATGTCAGGCGAA	RoundSpermatid	RoundSpermatid	12.646061	-1.1679995	117210	mouse2
CAACCTCGTCTAAAGA	RoundSpermatid	RoundSpermatid	10.180162	-0.5991583	26329	mouse2
CTGAAACGTGAGGCTA	RoundSpermatid	RoundSpermatid	10.759983	1.3788419	32726	mouse2
ACGAGGACAGCTTCGG	RoundSpermatid	RoundSpermatid	12.605303	-1.2441595	21481	mouse2
GTCACAACAAGCCGCT	RoundSpermatid	RoundSpermatid	12.377217	9.074549	31875	mouse2
CTTGGCTTCTTATCTG	Spermatocyte	Spermatocyte	16.094341	-2.4868338	43496	mouse2
CTCACACGTACAGTGG	RoundSpermatid	RoundSpermatid	11.759845	5.0622926	26478	mouse2
CTTAGGATCGCCATAA	RoundSpermatid	RoundSpermatid	10.453616	2.0979824	28070	mouse2
ACTGATGTCAAACCAC	RoundSpermatid	RoundSpermatid	10.948407	4.5047536	27897	mouse2
CGAACATTCCCTTGCA	Spermatocyte	Spermatocyte	16.302607	-3.148845	24076	mouse2
GTCTTCGGTGGGTCAA	Spermatocyte	RoundSpermatid	15.440736	-2.492693	19753	mouse2
CTCGTCATCATGCATG	Spermatocyte	Spermatocyte	33.415874	-5.4887238	43901	mouse2
CCTTTCTAGTTTAGGA	RoundSpermatid	RoundSpermatid	14.810274	11.353043	26161	mouse2
ACGGAGATCGCGCCAA	Spermatocyte	Spermatocyte	17.32473	-3.2146049	16554	mouse2
CCATGTCGTACAGTTC	Spermatocyte	Spermatocyte	33.367607	-5.3682213	27516	mouse2
CCTTACGCAGACGCTC	Spermatocyte	Spermatocyte	15.995848	-2.6624439	23742	mouse2
GGAACTTAGTCTCAAC	RoundSpermatid	RoundSpermatid	12.71494	-0.8754754	24423	mouse2
GCTTGAAGTACGAAAT	RoundSpermatid	RoundSpermatid	11.21015	-1.1273932	48006	mouse2
CGGAGCTAGACAGAGA	RoundSpermatid	RoundSpermatid	13.489511	-1.0868565	15648	mouse2
TTCTCAAAGCTTATCG	RoundSpermatid	RoundSpermatid	15.740235	12.486347	31321	mouse2
TACACGAGTTCCGGCA	RoundSpermatid	RoundSpermatid	13.4024315	-1.3891642	24768	mouse2
GGCGTGTCAAGCTGTT	RoundSpermatid	RoundSpermatid	13.732284	-1.0599327	20732	mouse2
CAAGATCAGCCAGTAG	RoundSpermatid	RoundSpermatid	10.989427	2.0162983	31667	mouse2
GAACATCAGAAACCGC	RoundSpermatid	RoundSpermatid	9.813646	3.3855548	26829	mouse2
GCGGGTTAGAGGGCTT	RoundSpermatid	RoundSpermatid	11.429708	-0.8672364	33784	mouse2
GTAGTCAAGTAAGTAC	RoundSpermatid	RoundSpermatid	11.41257	4.4882684	29606	mouse2
GACGTTAAGGGAAACA	RoundSpermatid	RoundSpermatid	10.813017	-1.0770785	41231	mouse2
TAGGCATAGTACACCT	RoundSpermatid	RoundSpermatid	16.232304	13.217514	18704	mouse2
TGCGCAGTCATGTCTT	Spermatocyte	Spermatocyte	24.53653	-3.2727177	62767	mouse2
GCATGATGTGTTGAGG	Spermatocyte	Spermatocyte	22.929665	-3.5467677	46832	mouse2
CTTTGCGGTTGCGTTA	Spermatocyte	Spermatocyte	23.307495	-3.1449146	50809	mouse2
ACTTACTAGCTCCCAG	Spermatocyte	Spermatocyte	33.01792	-5.208681	36504	mouse2
CGCTGGAAGACAGACC	Spermatocyte	Spermatocyte	25.091341	-3.4600928	47120	mouse2
AACCATGGTCGACTAT	Spermatocyte	Spermatocyte	22.779444	-5.135971	99436	mouse2
CGTTGGGAGACGCACA	Spermatocyte	Spermatocyte	23.575953	-5.1983056	12233	mouse2
AGCTCTCAGCAGGTCA	Spermatocyte	Spermatocyte	23.837269	-3.1387484	42587	mouse2
TCCCGATTCTCGCTTG	Spermatocyte	Spermatocyte	23.309296	-5.843394	113188	mouse2
ACACCCTAGAGCTGGT	Spermatocyte	Spermatocyte	20.57585	-4.876683	49622	mouse2
GACACGCAGATATGCA	Spermatocyte	Spermatocyte	22.926785	-5.277657	73821	mouse2
TCTATTGAGATGGCGT	Spermatocyte	Spermatocyte	22.520569	-4.7724533	69193	mouse2
GGGCACTCACTTAAGC	Spermatocyte	Spermatocyte	19.699911	-5.139674	50725	mouse2
TTTGCGCCACCGATAT	Spermatocyte	Spermatocyte	23.404806	-4.426911	58219	mouse2
AGTTGGTAGACGACGT	RoundSpermatid	RoundSpermatid	11.0149145	6.122039	57508	mouse2
CGACCTTTCTTAGCCC	Spermatocyte	Spermatocyte	23.674992	-5.5568905	172375	mouse2
CGGTTAATCAACACCA	Spermatocyte	Spermatocyte	22.934265	-3.9769912	81964	mouse2
GACAGAGTCATCACCC	Spermatocyte	Spermatocyte	17.813446	-3.5725076	31589	mouse2
CCACCTAGTTACTGAC	Spermatocyte	Spermatocyte	23.636496	-5.279101	204320	mouse2
CTTGGCTTCATCTGTT	RoundSpermatid	RoundSpermatid	10.69417	6.60258	21742	mouse2
GGGCACTTCGAACTGT	Spermatocyte	Spermatocyte	20.383434	-5.041599	63812	mouse2
GAGGTGAGTTCGCTAA	Spermatocyte	Spermatocyte	33.987923	-4.817225	25918	mouse2
ACTATCTGTTAGGGTG	Spermatocyte	Spermatocyte	20.856438	-4.6057234	50139	mouse2
CCTATTAGTACGCACC	Spermatocyte	Spermatocyte	21.930845	-4.0811615	24334	mouse2
AGCTTGATCAGATAAG	Spermatocyte	Spermatocyte	20.75939	-4.924379	36510	mouse2
AAGTCTGAGCAGCGTA	Spermatocyte	Spermatocyte	21.827082	-3.57725	13169	mouse2
TGCGGGTAGGAGTACC	Spermatocyte	Spermatocyte	22.502821	-4.7082715	83384	mouse2
GTGTGCGTCCCAAGTA	Spermatocyte	Spermatocyte	23.220558	-5.9464087	105682	mouse2
TAGAGCTTCCGATATG	RoundSpermatid	RoundSpermatid	10.924596	1.9183629	23396	mouse2
GGCCGATTCCGCATCT	Spermatocyte	Spermatocyte	19.51537	-4.176052	25181	mouse2
CCGTTCAGTCTAGCCG	Spermatocyte	Spermatocyte	24.160511	-3.2761512	48218	mouse2
GCGCGATCAATTCCTT	Spermatocyte	Spermatocyte	23.423084	-3.8471382	59861	mouse2
CCTACACTCCGCGCAA	Spermatocyte	Spermatocyte	23.833403	-5.5711393	116237	mouse2
TCGTACCTCTACGAGT	Spermatocyte	Spermatocyte	20.929289	-4.548998	50080	mouse2
CTACACCAGGGCATGT	Spermatocyte	Spermatocyte	23.910267	-5.129201	61902	mouse2
CCACGGATCAACGGCC	Spermatocyte	Spermatocyte	23.218897	-5.0110445	85818	mouse2
TTGAACGGTGATGCCC	Spermatocyte	Spermatocyte	22.718065	-4.130768	192265	mouse2
TACACGATCGTCCAGG	Spermatocyte	Spermatocyte	23.212097	-3.2213721	49980	mouse2
TCACAAGGTCAAGCGA	Spermatocyte	Spermatocyte	16.10193	-3.2833884	18498	mouse2
CCCAATCGTCGAATCT	Spermatocyte	Spermatocyte	20.724026	-4.67093	51594	mouse2
GCTGGGTAGCGTTCCG	Spermatocyte	Spermatocyte	16.89893	-3.327743	28835	mouse2
TTCTCAAGTGTAAGTA	Spermatocyte	Spermatocyte	20.524876	-5.1671267	49329	mouse2
CATGACAAGGTGTTAA	RoundSpermatid	RoundSpermatid	10.967492	4.945432	18353	mouse2
GTTCGGGAGGCTAGGT	Spermatocyte	Spermatocyte	22.296122	-3.9086468	69260	mouse2
AAACCTGAGAGGGCTT	Spermatocyte	Spermatocyte	19.705503	-3.6076448	24514	mouse2
ACTGATGAGATGCGAC	Spermatocyte	Spermatocyte	22.624125	-5.018235	91354	mouse2
TTAACTCGTCATATCG	Spermatocyte	Spermatocyte	23.206636	-5.114177	106577	mouse2
CTCGGGATCAAGGCTT	RoundSpermatid	RoundSpermatid	11.62953	5.029984	17316	mouse2
TCAATCTGTACTTCTT	Spermatocyte	Spermatocyte	23.771866	-5.5157213	120940	mouse2
TACTTACCATATACGC	Spermatocyte	Spermatocyte	18.177664	-3.8219035	76834	mouse2
ACGCAGCAGTTGCAGG	RoundSpermatid	RoundSpermatid	9.81647	0.4439645	19723	mouse2
AACGTTGGTCGCTTCT	RoundSpermatid	RoundSpermatid	11.899742	7.5028577	28903	mouse2
TCTTCGGTCCAAATGC	RoundSpermatid	RoundSpermatid	17.136871	15.321203	145112	mouse2
GTATCTTTCAGTTTGG	RoundSpermatid	RoundSpermatid	14.295754	10.271775	21222	mouse2
AACCGCGAGCTACCGC	RoundSpermatid	RoundSpermatid	12.114091	-0.66753966	26570	mouse2
TAAGAGACATCACGAT	RoundSpermatid	RoundSpermatid	15.124028	11.135933	53770	mouse2
GTATCTTGTGAAATCA	RoundSpermatid	RoundSpermatid	10.008225	-0.5352212	26951	mouse2
ATGAGGGGTAGCTCCG	RoundSpermatid	RoundSpermatid	10.69271	6.9834914	26916	mouse2
CTTACCGAGACAAGCC	Spermatocyte	Spermatocyte	23.105484	-5.460516	102840	mouse2
CCGTGGAAGATTACCC	Spermatocyte	Spermatocyte	20.871922	-4.2703457	58246	mouse2
GATCAGTGTCTACCTC	Spermatocyte	Spermatocyte	19.205626	-3.6637516	25825	mouse2
CCGTGGACACTCGACG	RoundSpermatid	RoundSpermatid	11.568677	4.2110753	27084	mouse2
AGTTGGTAGCTGGAAC	Spermatocyte	Spermatocyte	23.102442	-3.8564565	133888	mouse2
ATAAGAGAGAACTGTA	Spermatocyte	Spermatocyte	19.457548	-4.1559777	43183	mouse2
TCGGGACTCGGCCGAT	RoundSpermatid	RoundSpermatid	9.522478	1.9288509	51524	mouse2
CACCACTCAAGCTGAG	RoundSpermatid	RoundSpermatid	11.958239	5.4649777	32365	mouse2
GGGTCTGCATCACAAC	RoundSpermatid	RoundSpermatid	14.998165	9.11038	11719	mouse2
CCTACCATCGTCCAGG	RoundSpermatid	RoundSpermatid	9.541852	0.6091226	27500	mouse2
AACGTTGTCTCTGCTG	RoundSpermatid	RoundSpermatid	10.493423	3.1418939	21162	mouse2
CGATGGCCAACTGCGC	RoundSpermatid	RoundSpermatid	11.777557	5.5272503	26404	mouse2
ACGCCAGGTCCGAATT	Spermatocyte	Spermatocyte	17.187376	-3.1501472	26460	mouse2
CAGCCGACATATGCTG	RoundSpermatid	RoundSpermatid	12.1711035	-0.70043564	33628	mouse2
AAGACCTAGCAGACTG	Spermatocyte	Spermatogonia	35.881615	-4.9581733	13820	mouse2
GCTGCAGTCGTACGGC	Spermatocyte	Spermatocyte	20.443327	-5.2187333	51985	mouse2
ACGATACGTCACCTAA	Spermatocyte	Spermatocyte	16.561983	-3.1296344	32445	mouse2
CGAGCACAGGGATACC	Spermatocyte	Spermatocyte	19.674395	-5.471866	132519	mouse2
TATGCCCTCAACACAC	RoundSpermatid	RoundSpermatid	12.438058	4.3747454	39017	mouse2
CGAGAAGCACTCGACG	RoundSpermatid	RoundSpermatid	16.307919	11.138444	33491	mouse2
TACTTGTCACCCTATC	Spermatocyte	Spermatocyte	17.466875	-3.5831566	22120	mouse2
GTATTCTAGGACATTA	RoundSpermatid	RoundSpermatid	10.434498	3.7529678	24296	mouse2
TCGAGGCAGATGTGTA	Spermatocyte	Spermatogonia	35.913944	-5.1787806	10561	mouse2
ACACCCTAGCTAGGCA	RoundSpermatid	RoundSpermatid	10.004941	5.9197664	78187	mouse2
TCTGGAATCGCGTAGC	RoundSpermatid	RoundSpermatid	11.153278	3.786656	19317	mouse2
GAGGTGAAGGCTCAGA	RoundSpermatid	RoundSpermatid	16.512487	13.232893	80774	mouse2
GCTGCTTGTCTTGATG	Spermatocyte	Spermatocyte	19.626144	-5.1248803	54240	mouse2
GACTGCGCATGCTAGT	RoundSpermatid	RoundSpermatid	12.183221	-1.633207	33466	mouse2
TGACGGCTCCGCATCT	Spermatocyte	Spermatocyte	19.610836	-4.063249	30819	mouse2
TATCTCACAGCGATCC	Elongating	Elongating	20.346392	14.432418	19717	mouse2
ACATCAGTCCGGGTGT	Spermatocyte	Spermatocyte	23.297392	-5.9409614	85023	mouse2
TCAGCTCGTTCGGCAC	RoundSpermatid	RoundSpermatid	11.569714	3.4729636	28623	mouse2
CGTCCATAGACAGACC	RoundSpermatid	RoundSpermatid	11.55699	8.012546	25231	mouse2
GCACATACAGCGTAAG	RoundSpermatid	RoundSpermatid	10.952486	-0.9006179	19871	mouse2
CTGAAACTCACTTATC	Spermatocyte	Spermatocyte	16.204214	-2.5573683	24235	mouse2
GGACAAGTCTGCAAGT	RoundSpermatid	RoundSpermatid	10.375374	2.5127997	24354	mouse2
GACACGCTCCATTCTA	RoundSpermatid	RoundSpermatid	13.79572	9.539415	23392	mouse2
TACCTATCAGCTGGCT	RoundSpermatid	RoundSpermatid	10.761866	1.4959943	26521	mouse2
AGGTCCGTCCTTTCGG	RoundSpermatid	RoundSpermatid	10.773208	-0.5500683	18775	mouse2
TCGAGGCTCACTGGGC	RoundSpermatid	RoundSpermatid	10.345924	2.0757353	21212	mouse2
CGGACTGTCACCTCGT	RoundSpermatid	RoundSpermatid	9.862346	1.9289076	29322	mouse2
GGGTCTGCAGTCAGAG	RoundSpermatid	RoundSpermatid	10.68021	4.3141418	23255	mouse2
GTTCATTAGACTCGGA	RoundSpermatid	RoundSpermatid	13.30075	8.672119	27070	mouse2
GAGCAGAGTTACGACT	RoundSpermatid	RoundSpermatid	10.92916	6.4152484	52222	mouse2
AAGCCGCTCACCGTAA	RoundSpermatid	RoundSpermatid	10.872517	2.4464507	28355	mouse2
AGATTGCAGCGAAGGG	RoundSpermatid	RoundSpermatid	11.737165	5.0376062	21359	mouse2
TCTGAGATCCACGTTC	RoundSpermatid	RoundSpermatid	15.405823	9.715852	23693	mouse2
ACGAGGATCGTCGTTC	RoundSpermatid	RoundSpermatid	18.62683	16.187994	31497	mouse2
CACAGGCGTCCAGTAT	RoundSpermatid	RoundSpermatid	10.570511	3.4695554	31449	mouse2
ACGATACCAATCGAAA	RoundSpermatid	RoundSpermatid	16.93341	13.248423	29339	mouse2
CTACATTTCCCAGGTG	RoundSpermatid	RoundSpermatid	12.363117	5.799305	14279	mouse2
TGCTGCTAGCCACGTC	RoundSpermatid	RoundSpermatid	10.32189	6.6285477	11863	mouse2
ATCTGCCCACCATGTA	RoundSpermatid	RoundSpermatid	9.795934	-0.38055947	31892	mouse2
TACGGGCGTCTTGATG	RoundSpermatid	RoundSpermatid	9.5409355	1.4739455	17845	mouse2
AGTGAGGCAACGCACC	RoundSpermatid	RoundSpermatid	11.1838	1.6033521	30159	mouse2
AGCATACAGCTGAAAT	RoundSpermatid	RoundSpermatid	12.323338	3.9580798	71912	mouse2
AAAGATGCAGACGCTC	RoundSpermatid	RoundSpermatid	9.68042	1.1231343	20398	mouse2
GCATGCGCACCACCAG	RoundSpermatid	RoundSpermatid	11.77882	8.385075	19402	mouse2
CTGTGCTTCTCTAAGG	RoundSpermatid	RoundSpermatid	14.209289	9.806232	21856	mouse2
AGTCTTTCATAGAAAC	RoundSpermatid	RoundSpermatid	12.311596	7.877874	17039	mouse2
GTACGTAGTACCGTTA	RoundSpermatid	RoundSpermatid	10.870547	3.7174313	30283	mouse2
AACTCCCCATCACGAT	RoundSpermatid	RoundSpermatid	10.09537	2.9009554	20820	mouse2
TATTACCCAGGGATTG	RoundSpermatid	RoundSpermatid	10.412959	5.6811147	86292	mouse2
GCTGCGACATATGCTG	Spermatocyte	Spermatocyte	16.044746	-2.9024086	27093	mouse2
GGGATGAGTTAGAACA	RoundSpermatid	RoundSpermatid	10.635611	4.2665815	46475	mouse2
CCTTCGAGTTCACCTC	RoundSpermatid	RoundSpermatid	11.43265	7.9405746	33089	mouse2
TCTGAGACAGGGTTAG	RoundSpermatid	RoundSpermatid	15.087295	10.3080635	23190	mouse2
CCACGGAGTAGCTCCG	Spermatocyte	RoundSpermatid	11.4449415	1.9858333	24642	mouse2
GTGCATATCTTTACAC	RoundSpermatid	RoundSpermatid	11.570516	7.060201	29840	mouse2
ACCTTTATCTGTCAAG	RoundSpermatid	RoundSpermatid	9.200829	2.0209525	50616	mouse2
CACAGTACAAACTGTC	RoundSpermatid	RoundSpermatid	9.480854	2.3621254	48495	mouse2
GTATCTTAGACGCACA	RoundSpermatid	RoundSpermatid	9.234536	2.4123743	54837	mouse2
CCTCTGACAAGTCTGT	RoundSpermatid	RoundSpermatid	11.526003	-1.3540379	42168	mouse2
TGACGGCTCCCTAACC	RoundSpermatid	RoundSpermatid	10.37839	3.1342785	33179	mouse2
TCATTACCAGCAGTTT	RoundSpermatid	RoundSpermatid	12.00525	2.7715948	10231	mouse2
ATCATCTGTTACCGAT	RoundSpermatid	RoundSpermatid	11.594352	5.762567	30277	mouse2
TACCTTAAGATCTGCT	Elongating	Elongating	21.571688	10.337376	29226	mouse2
GTTTCTAAGGTGTGGT	RoundSpermatid	RoundSpermatid	12.402573	5.501119	23906	mouse2
AGAGCTTTCTTGTTTG	RoundSpermatid	RoundSpermatid	9.368404	0.42130384	41015	mouse2
GTCAAGTGTTTACTCT	RoundSpermatid	RoundSpermatid	10.11628	2.4491358	22291	mouse2
GGGATGAGTCATACTG	RoundSpermatid	RoundSpermatid	11.261765	1.7865244	24674	mouse2
GATGAAACATCACAAC	RoundSpermatid	RoundSpermatid	10.979242	7.7611504	23402	mouse2
CATCGGGTCAGTTAGC	RoundSpermatid	RoundSpermatid	10.032673	3.6324587	25527	mouse2
TACACGATCCGTACAA	RoundSpermatid	RoundSpermatid	10.794786	6.0033693	21381	mouse2
TCAGATGTCACGACTA	RoundSpermatid	RoundSpermatid	11.431065	6.2590876	26701	mouse2
TAGGCATGTTACGACT	RoundSpermatid	RoundSpermatid	10.773334	2.1978161	19385	mouse2
CAGCTAACATCAGTAC	RoundSpermatid	RoundSpermatid	12.197454	2.4664474	9376	mouse2
GAACGGACAGGCTGAA	RoundSpermatid	RoundSpermatid	11.0722275	3.210876	25117	mouse2
CGACCTTTCAACGAAA	RoundSpermatid	RoundSpermatid	11.972864	6.210731	26702	mouse2
AGTGTCAGTTCCTCCA	RoundSpermatid	RoundSpermatid	10.312974	3.4435515	26018	mouse2
CATCGAATCACGGTTA	RoundSpermatid	RoundSpermatid	10.379506	2.1374693	26518	mouse2
GCAGCCAAGTAGGCCA	RoundSpermatid	RoundSpermatid	9.897405	-0.44716334	24309	mouse2
GGATTACCACGGTAAG	RoundSpermatid	RoundSpermatid	11.567865	3.982264	24999	mouse2
AAGGTTCAGAGTGACC	RoundSpermatid	RoundSpermatid	10.653412	2.3045988	31975	mouse2
GATCGTACAGATGAGC	RoundSpermatid	RoundSpermatid	11.6807785	6.458124	26482	mouse2
AGCCTAAGTGCAACTT	RoundSpermatid	RoundSpermatid	10.381854	3.7963283	63174	mouse2
CGTTGGGGTCTTTCAT	RoundSpermatid	RoundSpermatid	9.797197	1.1882188	17245	mouse2
GGACAGACATCACCCT	Spermatocyte	RoundSpermatid	11.600394	1.453789	14487	mouse2
GGGACCTCAGACACTT	RoundSpermatid	RoundSpermatid	11.371737	4.8034697	19029	mouse2
GTTTCTATCGCAAGCC	RoundSpermatid	RoundSpermatid	11.418534	6.937998	30953	mouse2
CATCAGAAGTGTTTGC	Elongating	Elongating	25.853983	2.0600643	10368	mouse2
CGTCAGGAGATGCGAC	RoundSpermatid	RoundSpermatid	11.4164	4.286127	20555	mouse2
AAACCTGTCTGCTTGC	RoundSpermatid	RoundSpermatid	10.796496	5.9885755	55756	mouse2
CAAGATCGTAGGGACT	RoundSpermatid	RoundSpermatid	14.77618	11.012231	83174	mouse2
ACTTACTTCATGCTCC	RoundSpermatid	RoundSpermatid	10.14333	4.149369	24020	mouse2
CAGCCGAAGGGTATCG	RoundSpermatid	RoundSpermatid	10.268465	4.0132627	53390	mouse2
CAGCATAAGGACACCA	RoundSpermatid	RoundSpermatid	11.680044	8.469185	31422	mouse2
TGAGGGAAGTGAACAT	RoundSpermatid	RoundSpermatid	12.697228	9.286022	27335	mouse2
GTTCTCGAGTGAATTG	RoundSpermatid	RoundSpermatid	11.83357	-0.99233043	19679	mouse2
ATAACGCTCGTGGGAA	RoundSpermatid	RoundSpermatid	12.736335	-0.9762669	20764	mouse2
ATCATCTTCGCTGATA	RoundSpermatid	RoundSpermatid	11.109497	7.2316318	56766	mouse2
AGTGAGGCACCAGGTC	RoundSpermatid	RoundSpermatid	10.428121	4.4717593	48211	mouse2
GTAACTGTCTTCCTTC	RoundSpermatid	RoundSpermatid	9.469846	0.2772075	27091	mouse2
GGTGAAGTCGCCATAA	RoundSpermatid	RoundSpermatid	11.301218	4.458921	24158	mouse2
GGTATTGCAAGGTTTC	RoundSpermatid	RoundSpermatid	9.766588	0.17284207	27654	mouse2
TTTATGCCAACACGCC	RoundSpermatid	RoundSpermatid	10.640254	4.0319138	28059	mouse2
ACGATACGTCTAAACC	RoundSpermatid	RoundSpermatid	10.167557	0.6195794	26241	mouse2
AAGCCGCCAAGAGGCT	RoundSpermatid	RoundSpermatid	11.7209015	-1.3288327	44820	mouse2
TACGGATTCCACTGGG	RoundSpermatid	RoundSpermatid	10.72841	6.56325	161790	mouse2
CCTACCAAGTCGTACT	RoundSpermatid	RoundSpermatid	11.272402	3.6679623	27970	mouse2
ATCGAGTCAAGTAATG	RoundSpermatid	RoundSpermatid	12.122204	7.4050508	28506	mouse2
TGACGGCGTGGTGTAG	RoundSpermatid	RoundSpermatid	12.255272	8.453475	20115	mouse2
GATTCAGCACCAGATT	RoundSpermatid	RoundSpermatid	15.434501	11.567167	27697	mouse2
CGAGCACTCGCTGATA	RoundSpermatid	RoundSpermatid	10.818586	2.368918	20489	mouse2
AGAATAGGTTCCCGAG	RoundSpermatid	RoundSpermatid	11.8025	6.979943	19013	mouse2
GGTGAAGCACCGATAT	RoundSpermatid	RoundSpermatid	12.069595	2.8228018	13096	mouse2
AGTCTTTTCAACGAAA	RoundSpermatid	RoundSpermatid	10.500646	0.543956	47207	mouse2
CATATTCAGAGACTAT	RoundSpermatid	RoundSpermatid	13.573304	7.5750117	8816	mouse2
CGAACATGTAGTAGTA	RoundSpermatid	RoundSpermatid	10.810336	6.3512444	75591	mouse2
TTCGAAGCAATGTAAG	RoundSpermatid	RoundSpermatid	16.280174	13.402111	18725	mouse2
ATTACTCGTAACGCGA	RoundSpermatid	RoundSpermatid	10.675591	2.5262213	24831	mouse2
TGGCTGGGTTCTGGTA	RoundSpermatid	RoundSpermatid	10.55732	6.0488815	47107	mouse2
CAACCAAGTAGGAGTC	RoundSpermatid	RoundSpermatid	10.130763	2.2247844	19425	mouse2
CTCTAATCAAGGTTTC	RoundSpermatid	RoundSpermatid	11.259349	7.6505103	30033	mouse2
CACTCCAGTCGCATCG	RoundSpermatid	RoundSpermatid	11.783623	7.664037	28904	mouse2
CTAAGACAGTGGACGT	RoundSpermatid	RoundSpermatid	12.841327	8.7912245	30503	mouse2
ACAGCTAAGGTGCTAG	RoundSpermatid	RoundSpermatid	16.588728	11.496217	36158	mouse2
CCCAATCAGGTGATAT	RoundSpermatid	RoundSpermatid	16.289038	13.165005	22788	mouse2
GGCCGATGTCAACATC	RoundSpermatid	RoundSpermatid	11.493671	3.252866	33807	mouse2
CTGAAACCACTTCGAA	RoundSpermatid	RoundSpermatid	9.58191	3.7136014	50192	mouse2
CCTACCAGTCTAACGT	RoundSpermatid	RoundSpermatid	15.850214	12.983148	22437	mouse2
GAAGCAGTCGTTGCCT	RoundSpermatid	RoundSpermatid	10.298018	0.8964648	30716	mouse2
AAATGCCCATAAAGGT	RoundSpermatid	RoundSpermatid	10.330818	3.5139008	31708	mouse2
CTCATTAAGAGCTGCA	RoundSpermatid	RoundSpermatid	10.798487	3.3599885	26957	mouse2
AACACGTAGTCATGCT	RoundSpermatid	RoundSpermatid	16.163624	12.9154625	51961	mouse2
ACTGCTCTCCAGAAGG	RoundSpermatid	RoundSpermatid	13.869087	10.224166	21629	mouse2
CGTCACTTCTTAGAGC	RoundSpermatid	RoundSpermatid	11.657797	7.8056626	32209	mouse2
CCTTTCTTCCCAAGTA	RoundSpermatid	RoundSpermatid	14.297004	9.728409	31606	mouse2
CTAGCCTTCAAGAAGT	Spermatocyte	Spermatocyte	16.416739	-3.2305534	24410	mouse2
GCATACATCCTTTCTC	RoundSpermatid	RoundSpermatid	10.178507	6.63141	14498	mouse2
CCGTGGACACATCCAA	RoundSpermatid	RoundSpermatid	11.563288	5.0344977	28742	mouse2
TAGTTGGTCAACACGT	RoundSpermatid	RoundSpermatid	9.827306	1.9787582	44513	mouse2
CATGCCTCATAGGATA	RoundSpermatid	RoundSpermatid	15.711158	11.12904	26818	mouse2
CTAGCCTGTATGAATG	RoundSpermatid	RoundSpermatid	10.629219	3.000708	29332	mouse2
CCCAGTTAGTACGTTC	RoundSpermatid	RoundSpermatid	14.108714	9.693806	31019	mouse2
CGGACGTCAAACGCGA	RoundSpermatid	RoundSpermatid	16.036497	11.177332	26955	mouse2
CCCAGTTAGGGTCGAT	Spermatocyte	RoundSpermatid	16.006182	-2.8830082	28549	mouse2
TGAGGGAGTCTAAAGA	RoundSpermatid	RoundSpermatid	11.63906	6.3274612	23406	mouse2
CGTTAGACACATGTGT	RoundSpermatid	RoundSpermatid	11.913327	9.331246	24971	mouse2
CTCGTCAGTACCGGCT	RoundSpermatid	RoundSpermatid	19.131273	16.81295	29743	mouse2
GATGAGGAGTTGTCGT	Elongating	Elongating	22.288364	3.6710422	10287	mouse2
CCATGTCGTAGTAGTA	RoundSpermatid	RoundSpermatid	14.207606	10.127465	26695	mouse2
TGTGTTTTCTCGATGA	RoundSpermatid	RoundSpermatid	16.93749	14.670254	25886	mouse2
TTGACTTAGTAGGTGC	RoundSpermatid	RoundSpermatid	16.219065	11.961888	16460	mouse2
TACTCATAGCTAAGAT	RoundSpermatid	RoundSpermatid	14.781907	11.192418	39446	mouse2
GAACCTACAGTAGAGC	RoundSpermatid	RoundSpermatid	15.7955475	10.63359	18647	mouse2
AGGGTGAAGGTACTCT	Elongating	Elongating	21.34182	9.762196	15995	mouse2
GACGTGCCATGGATGG	RoundSpermatid	RoundSpermatid	13.720741	10.047261	17605	mouse2
GCTCCTATCTTCTGGC	RoundSpermatid	RoundSpermatid	16.819225	14.091116	68591	mouse2
GCACATAGTCTTCGTC	RoundSpermatid	RoundSpermatid	14.281156	10.84328	24067	mouse2
TCATTTGCATCACCCT	RoundSpermatid	RoundSpermatid	16.787466	12.654135	89213	mouse2
ACTATCTAGTGGGCTA	RoundSpermatid	RoundSpermatid	15.683497	11.198281	29835	mouse2
GTTTCTATCAACTCTT	RoundSpermatid	RoundSpermatid	14.329213	10.694963	39235	mouse2
TAGCCGGTCACATAGC	RoundSpermatid	RoundSpermatid	16.692217	13.005472	25840	mouse2
CCTACACCACGGATAG	RoundSpermatid	RoundSpermatid	11.868748	7.55788	26810	mouse2
GACTACAAGAGGTTGC	RoundSpermatid	RoundSpermatid	14.021177	9.939398	22667	mouse2
GCGGGTTTCCATGCTC	RoundSpermatid	RoundSpermatid	15.97688	12.66845	25645	mouse2
CCCAGTTGTGACGCCT	RoundSpermatid	RoundSpermatid	16.76114	12.260442	28088	mouse2
CACTCCATCTTACCGC	RoundSpermatid	RoundSpermatid	15.606629	11.699917	28081	mouse2
GGGCATCGTTACCAGT	RoundSpermatid	RoundSpermatid	14.912985	11.115342	22066	mouse2
GATGCTAGTAAGTGTA	RoundSpermatid	RoundSpermatid	11.652782	8.425445	19137	mouse2
TTTGGTTAGGATATAC	RoundSpermatid	RoundSpermatid	11.964224	-1.5663264	13440	mouse2
GTCTTCGTCACCGTAA	RoundSpermatid	RoundSpermatid	16.44454	11.586392	30686	mouse2
AGGTCATCATTCGACA	RoundSpermatid	RoundSpermatid	15.336113	10.732306	28928	mouse2
GGACAAGAGTGTTGAA	RoundSpermatid	RoundSpermatid	17.614317	15.516801	36472	mouse2
TGCCAAAAGACTACAA	RoundSpermatid	RoundSpermatid	16.653656	12.600591	31402	mouse2
TAGGCATGTGCAGTAG	RoundSpermatid	RoundSpermatid	9.806362	-0.19696528	53493	mouse2
AACGTTGAGGTAAACT	RoundSpermatid	RoundSpermatid	13.835942	9.131778	29980	mouse2
AAGTCTGGTGACTACT	RoundSpermatid	RoundSpermatid	19.764479	16.811672	150651	mouse2
TGCTACCGTGCAACTT	RoundSpermatid	RoundSpermatid	17.826214	14.970182	15127	mouse2
GCTGCGACAGGCTGAA	RoundSpermatid	RoundSpermatid	18.935715	16.472116	31866	mouse2
TAGACCAGTTGATTGC	RoundSpermatid	RoundSpermatid	19.799051	16.933792	13593	mouse2
TTAGTTCGTGTTAAGA	RoundSpermatid	RoundSpermatid	17.856417	16.73424	16956	mouse2
TCATTTGAGATACACA	RoundSpermatid	RoundSpermatid	16.526182	11.14089	31064	mouse2
GATTCAGGTGATGATA	RoundSpermatid	RoundSpermatid	16.910124	12.974784	32614	mouse2
ACGAGGACACGACGAA	RoundSpermatid	RoundSpermatid	18.797739	16.704174	86345	mouse2
GCATGTACACGAAGCA	RoundSpermatid	RoundSpermatid	19.117645	16.989456	67732	mouse2
CCTTCCCTCAGCGATT	RoundSpermatid	RoundSpermatid	17.724197	16.31832	24323	mouse2
TCTCTAAGTTAAGATG	RoundSpermatid	RoundSpermatid	13.439885	8.972343	24921	mouse2
TTCGGTCCACAGAGGT	RoundSpermatid	RoundSpermatid	18.554575	17.322958	9679	mouse2
GGGAATGCACCTATCC	RoundSpermatid	RoundSpermatid	15.858853	12.659765	9176	mouse2
ATCGAGTGTAGGGACT	RoundSpermatid	RoundSpermatid	17.280272	15.757989	11236	mouse2
GCTGCAGCACATAACC	RoundSpermatid	RoundSpermatid	15.448557	12.005184	24548	mouse2
CTGAAACTCTACTATC	Elongating	Elongating	21.093435	14.750078	35293	mouse2
TCCCGATTCAGCTCGG	Elongating	Elongating	21.109167	9.890983	11853	mouse2
TGAGCATCAGACAAGC	RoundSpermatid	RoundSpermatid	18.209452	16.598179	32883	mouse2
CCACTACCAATACGCT	Elongating	Elongating	21.768614	11.960011	21433	mouse2
TTGAACGCAATGGAAT	Elongating	Elongating	20.04618	14.310819	8791	mouse2
GCCTCTATCCCAGGTG	RoundSpermatid	RoundSpermatid	16.618265	12.762538	59693	mouse2
GGGTCTGGTATTCTCT	RoundSpermatid	RoundSpermatid	18.354658	17.09827	24639	mouse2
CTCATTAGTAAGGGAA	RoundSpermatid	RoundSpermatid	16.50195	12.7957535	29318	mouse2
GGTGAAGCACTTGGAT	RoundSpermatid	RoundSpermatid	17.647764	14.894233	32891	mouse2
CTGAAACCACTCGACG	Elongating	Elongating	20.93586	13.400686	26251	mouse2
CTGATCCTCCAACCAA	Spermatocyte	Spermatocyte	23.362532	-4.0294433	125424	mouse2
AGCTCTCGTAAACGCG	RoundSpermatid	RoundSpermatid	18.43337	17.18948	10491	mouse2
TGCTACCTCCGCGGTA	Elongating	Elongating	20.855726	14.813076	32997	mouse2
CCTCAGTTCGGAAACG	Spermatocyte	Spermatocyte	19.587046	-3.8142693	26404	mouse2
AGGGTGATCCGAACGC	RoundSpermatid	RoundSpermatid	16.815903	13.412653	9673	mouse2
GATGCTATCCTCAACC	Elongating	Elongating	19.689436	15.168516	22494	mouse2
TGCGTGGTCGGTTAAC	RoundSpermatid	RoundSpermatid	17.249807	14.559873	27798	mouse2
CGTTGGGGTAGCGCTC	RoundSpermatid	RoundSpermatid	13.569102	9.275111	35154	mouse2
AGGTCCGAGAGGACGG	RoundSpermatid	RoundSpermatid	14.648227	8.968255	31482	mouse2
CCTACACGTTTGCATG	RoundSpermatid	RoundSpermatid	15.007171	11.673657	22901	mouse2
AAACCTGTCGCGGATC	RoundSpermatid	RoundSpermatid	18.850918	17.420547	10844	mouse2
TTCTCCTTCTACCTGC	RoundSpermatid	RoundSpermatid	16.835146	13.574732	53657	mouse2
TCGGTAAAGTGGAGAA	RoundSpermatid	RoundSpermatid	18.55688	16.592867	44873	mouse2
TCTTTCCAGAAGGACA	RoundSpermatid	RoundSpermatid	17.048302	15.216878	26478	mouse2
GACGTGCGTGCTCTTC	Elongating	Elongating	20.455927	8.025544	12940	mouse2
CCCAGTTAGGCTATCT	RoundSpermatid	RoundSpermatid	17.880589	15.028798	12173	mouse2
TACTTGTTCACATACG	RoundSpermatid	RoundSpermatid	18.048548	16.445597	11554	mouse2
CATCCACTCAAGAAGT	RoundSpermatid	RoundSpermatid	19.573467	16.911156	33065	mouse2
TGGGCGTTCCGTTGTC	RoundSpermatid	RoundSpermatid	17.071	14.783032	28189	mouse2
TACTTACTCAGGCAAG	RoundSpermatid	RoundSpermatid	14.596405	9.001785	23036	mouse2
ACAGCTAAGTGTTTGC	RoundSpermatid	RoundSpermatid	12.388436	7.565695	25203	mouse2
CATCAAGTCGGCGCTA	RoundSpermatid	RoundSpermatid	17.922522	15.771459	32675	mouse2
CCCATACCAAGTTGTC	RoundSpermatid	RoundSpermatid	15.677764	11.969222	59717	mouse2
GTGCTTCAGAGCAATT	Elongating	Elongating	20.731457	15.461703	27787	mouse2
TACGGTAAGTAGCGGT	RoundSpermatid	RoundSpermatid	13.929783	10.120156	22569	mouse2
CTCTACGTCGCTAGCG	Elongating	Elongating	19.758326	15.02007	21459	mouse2
ACTGAACCATCGGAAG	RoundSpermatid	RoundSpermatid	15.469806	10.862661	28985	mouse2
TCACGAAAGCAGCGTA	RoundSpermatid	RoundSpermatid	14.564232	9.510001	26760	mouse2
GTACTCCTCGGCCGAT	Elongating	Elongating	20.560677	15.434798	23890	mouse2
TCAGCAAAGGAGTACC	RoundSpermatid	RoundSpermatid	15.028533	10.724812	28308	mouse2
TCGGGACCATATACCG	RoundSpermatid	RoundSpermatid	11.929127	5.0726857	28662	mouse2
ATCCACCTCACTATTC	RoundSpermatid	RoundSpermatid	9.944622	5.280162	52992	mouse2
CACTCCAAGTGGAGAA	RoundSpermatid	RoundSpermatid	14.366424	10.511074	26808	mouse2
TTGACTTAGATCGATA	RoundSpermatid	RoundSpermatid	18.75618	16.904463	16633	mouse2
TTTGCGCTCTCGTATT	RoundSpermatid	RoundSpermatid	17.647966	15.468354	35480	mouse2
TCTGGAAGTGAAATCA	Spermatocyte	Spermatocyte	18.845657	-3.8960416	26905	mouse2
ATAAGAGGTTACGCGC	RoundSpermatid	RoundSpermatid	10.567456	4.232463	27939	mouse2
CTCGGAGAGCCACCTG	Elongating	Elongating	21.714005	9.912176	17128	mouse2
TCGCGTTGTTGTCTTT	RoundSpermatid	RoundSpermatid	18.953875	17.27052	10148	mouse2
ATAGACCTCGGATGTT	Elongating	Elongating	21.987488	10.19201	18498	mouse2
CACATTTGTTACCGAT	Elongating	Elongating	21.37614	11.773154	18091	mouse2
GAACCTATCTGCTTGC	Elongating	Elongating	21.59235	11.854634	20125	mouse2
ACATGGTGTGTGAAAT	RoundSpermatid	RoundSpermatid	12.398103	8.801187	25127	mouse2
AAGCCGCCAAACGCGA	RoundSpermatid	RoundSpermatid	13.779513	8.806157	34454	mouse2
CAGCAGCGTAACGCGA	RoundSpermatid	RoundSpermatid	11.529014	4.5051446	27197	mouse2
GACTGCGTCCCTGACT	RoundSpermatid	RoundSpermatid	18.024895	16.260752	31725	mouse2
GTGCTTCCACAGGAGT	Elongating	Elongating	21.573725	11.459086	16831	mouse2
GGGTTGCCACTGTGTA	Elongating	Elongating	19.802883	15.478515	12133	mouse2
GTTCGGGTCTCTGTCG	Elongating	Elongating	20.540543	6.050265	43397	mouse2
ATCATCTCATGCTGGC	Elongating	Elongating	21.072975	11.998331	11179	mouse2
TGCGCAGTCGCCATAA	Elongating	Elongating	21.499802	10.308539	11546	mouse2
CACATAGGTACGCTGC	Elongating	Elongating	20.457716	15.787469	29133	mouse2
CATCGGGTCTACCTGC	Spermatocyte	Spermatocyte	19.465818	-3.8302453	35055	mouse2
CGTCACTAGTACCGGA	RoundSpermatid	RoundSpermatid	13.080271	9.677962	19942	mouse2
TTATGCTAGGACACCA	RoundSpermatid	RoundSpermatid	13.714763	9.680591	27158	mouse2
AAGACCTGTTGGAGGT	Elongating	Elongating	20.535957	14.113512	26095	mouse2
CATTATCGTCCGCTGA	RoundSpermatid	RoundSpermatid	16.372883	12.820413	28880	mouse2
ACATGGTGTCGCCATG	RoundSpermatid	RoundSpermatid	15.072424	10.126007	25852	mouse2
CAGCTGGAGCAGACTG	RoundSpermatid	RoundSpermatid	11.4340105	3.101453	24213	mouse2
CTTTGCGAGAGGTACC	Elongating	Elongating	20.849356	8.818529	19170	mouse2
CGATTGAGTCAAACTC	Elongating	Elongating	20.825153	13.135051	17078	mouse2
TCACAAGTCACCACCT	Elongating	Elongating	20.982332	12.465652	16293	mouse2
AAACGGGAGCACAGGT	Elongating	Elongating	20.19449	14.485118	17922	mouse2
CGTAGCGGTCCTCTTG	Elongating	Elongating	21.571093	12.102791	21300	mouse2
CGTCTACTCAACGAAA	Elongating	Elongating	21.011871	12.7972355	18055	mouse2
TCTGAGACATTCCTGC	Elongating	Elongating	21.783058	10.411211	14273	mouse2
GATTCAGAGTGGTCCC	Elongating	Elongating	21.067186	10.641694	8101	mouse2
TCAACGACAGCCAGAA	RoundSpermatid	RoundSpermatid	16.294523	11.37341	25585	mouse2
CAGCATACATTCTCAT	RoundSpermatid	RoundSpermatid	15.306326	11.124419	36331	mouse2
CACATTTCATTAGCCA	RoundSpermatid	RoundSpermatid	9.837577	2.2311354	23540	mouse2
TTTGTCACATCGGTTA	RoundSpermatid	RoundSpermatid	14.717275	10.262467	27747	mouse2
AGAGTGGGTACCGAGA	Spermatocyte	Spermatogonia	34.719193	-4.905018	25678	mouse2
AGCGTATGTATGCTTG	Elongating	Elongating	21.101826	14.497136	20726	mouse2
AAAGTAGCACAGAGGT	Elongating	Elongating	21.01546	12.966455	14195	mouse2
GAATGAATCAACGGGA	RoundSpermatid	RoundSpermatid	18.070656	15.27732	21528	mouse2
GAATAAGGTCGCCATG	RoundSpermatid	RoundSpermatid	18.551926	15.6213255	10326	mouse2
AGACGTTAGGTCGGAT	Elongating	Elongating	21.002644	12.913115	14336	mouse2
CTCTGGTTCGGCCGAT	Elongating	Elongating	21.083677	13.698552	22520	mouse2
AAGACCTCAGGACCCT	Elongating	Elongating	20.948473	14.999756	17890	mouse2
GTACGTACAAACAACA	Elongating	Elongating	21.60846	11.736672	21870	mouse2
GACAGAGTCGCTTGTC	Elongating	Elongating	21.265581	6.4166765	61816	mouse2
GGTATTGAGGAACTGC	Spermatocyte	Spermatogonia	34.760155	-5.224946	12106	mouse2
CGTAGGCAGTCGTTTG	Elongating	Elongating	20.392548	7.575706	14171	mouse2
TGCGCAGGTGCCTGCA	Elongating	Elongating	21.032526	9.594761	11990	mouse2
GGAATAAGTTGTCGCG	Elongating	Elongating	21.09259	11.679324	8921	mouse2
CACCACTTCACAGGCC	RoundSpermatid	RoundSpermatid	9.765378	1.6792164	18675	mouse2
ATTCTACTCCGCATAA	Elongating	Elongating	20.13942	15.175093	39017	mouse2
ACTGAACCAGGCTGAA	RoundSpermatid	RoundSpermatid	19.223654	16.64423	33587	mouse2
GCATGCGGTATAATGG	RoundSpermatid	RoundSpermatid	13.734256	9.617889	19756	mouse2
GACGTTATCTTTACAC	RoundSpermatid	RoundSpermatid	15.720308	11.6738405	31670	mouse2
TGCTACCTCTCCTATA	Elongating	Elongating	21.588474	10.197202	14996	mouse2
AAGGAGCAGTGTACTC	RoundSpermatid	RoundSpermatid	16.577621	13.261319	17920	mouse2
CTCGTCATCATGCTCC	RoundSpermatid	RoundSpermatid	14.576995	11.115148	23211	mouse2
TACTTGTAGGACACCA	RoundSpermatid	RoundSpermatid	11.685605	8.911451	47962	mouse2
GGCTGGTTCTACCTGC	RoundSpermatid	RoundSpermatid	11.933951	8.518533	29957	mouse2
CCTTACGAGACAGAGA	RoundSpermatid	RoundSpermatid	16.388248	11.5280695	27274	mouse2
ACAGCTAAGGATATAC	RoundSpermatid	RoundSpermatid	13.667733	9.151482	30854	mouse2
GGATGTTGTTCGAATC	RoundSpermatid	RoundSpermatid	18.901613	16.542458	37454	mouse2
CAACTAGGTTTACTCT	Elongating	Elongating	20.775202	7.9348626	17042	mouse2
CATCGGGTCAAAGACA	RoundSpermatid	RoundSpermatid	11.421329	7.502531	15512	mouse2
TCACGAAGTCGAAAGC	Elongating	Elongating	20.104458	14.862482	22998	mouse2
CTAAGACCACCAGGCT	RoundSpermatid	RoundSpermatid	12.798522	9.505421	31148	mouse2
CAGAGAGTCAAACGGG	RoundSpermatid	RoundSpermatid	13.117881	9.205336	13874	mouse2
ACACTGATCAAAGTAG	RoundSpermatid	RoundSpermatid	11.663969	9.056294	26812	mouse2
GCGAGAACATGAACCT	Elongating	Elongating	20.58389	5.730483	38914	mouse2
ACGCAGCGTGGTACAG	Elongating	Elongating	20.951233	12.856661	15256	mouse2
AGTAGTCTCTTATCTG	Elongating	Elongating	20.863287	12.820774	17753	mouse2
GCGCGATAGTGCGATG	Elongating	Elongating	20.762291	12.458117	11025	mouse2
CCTAGCTCAGCCTTTC	RoundSpermatid	RoundSpermatid	18.865211	16.074385	26975	mouse2
CCGTACTAGGTGATAT	Elongating	Elongating	21.294651	10.233698	9884	mouse2
GGTATTGAGAAGGACA	RoundSpermatid	RoundSpermatid	13.79129	8.216425	14736	mouse2
ATCCGAACACATCTTT	RoundSpermatid	RoundSpermatid	16.225266	11.312731	37930	mouse2
CATATGGAGATCGGGT	RoundSpermatid	RoundSpermatid	16.436563	11.978417	23542	mouse2
ACGGCCATCGGAGCAA	Elongating	Elongating	21.140934	9.537583	26502	mouse2
CGCTTCAGTACAGTTC	RoundSpermatid	RoundSpermatid	16.079687	10.992673	14357	mouse2
GGCAATTGTCGGCACT	RoundSpermatid	RoundSpermatid	18.66095	17.320333	11616	mouse2
CAGTAACAGGAGCGAG	Elongating	Elongating	21.731712	11.452747	15049	mouse2
CATGGCGTCGTGGACC	RoundSpermatid	RoundSpermatid	18.903763	16.437067	29743	mouse2
ACCAGTAGTACAGTGG	RoundSpermatid	RoundSpermatid	19.541649	17.146498	17870	mouse2
CCACCTACAAAGCGGT	RoundSpermatid	RoundSpermatid	13.096284	9.227616	28628	mouse2
GGGATGAGTCCGAATT	RoundSpermatid	RoundSpermatid	12.040391	7.5893936	28150	mouse2
TCTGAGAGTAAAGGAG	RoundSpermatid	RoundSpermatid	13.55065	9.418895	24792	mouse2
AGGGATGTCTTGTCAT	RoundSpermatid	RoundSpermatid	11.135718	7.711742	48298	mouse2
CGACCTTAGCTAAACA	Elongating	Elongating	24.091352	2.8859084	19861	mouse2
GATTCAGAGTGTACCT	RoundSpermatid	RoundSpermatid	17.865822	15.349093	31393	mouse2
CGTCAGGTCAGGCGAA	RoundSpermatid	RoundSpermatid	19.658842	17.076159	19460	mouse2
CATTCGCTCTACTATC	RoundSpermatid	RoundSpermatid	13.280793	9.46773	34538	mouse2
TTGCGTCGTATATGAG	RoundSpermatid	RoundSpermatid	18.4751	16.030653	18107	mouse2
ATGGGAGGTTCGCGAC	RoundSpermatid	RoundSpermatid	17.21793	15.444864	28125	mouse2
GAACCTATCGCGATCG	Elongating	Elongating	20.817	9.129742	14028	mouse2
CCGGGATCATCCTTGC	RoundSpermatid	RoundSpermatid	15.632851	11.399398	36890	mouse2
ATTGGTGTCAGGTTCA	RoundSpermatid	RoundSpermatid	13.468724	9.108995	30469	mouse2
CCTTACGCATGCCTAA	Elongating	Elongating	20.520454	8.591184	13385	mouse2
ATAACGCAGCGTGAAC	RoundSpermatid	RoundSpermatid	10.101151	-0.33383155	19327	mouse2
AAAGATGTCGGCCGAT	RoundSpermatid	RoundSpermatid	15.793854	11.39763	30675	mouse2
GCGCCAAGTAGAGTGC	RoundSpermatid	RoundSpermatid	10.017699	-0.851903	18982	mouse2
CTAGAGTCATCATCCC	Elongating	Elongating	21.872904	11.590572	16620	mouse2
CAGAATCCATGGTAGG	RoundSpermatid	RoundSpermatid	11.660558	7.4712105	28487	mouse2
TGGTTAGTCGGACAAG	Elongating	Elongating	25.62512	2.244274	9279	mouse2
CGCGGTACACCGCTAG	RoundSpermatid	RoundSpermatid	15.520308	12.671762	19785	mouse2
TAAGAGACATTCCTGC	RoundSpermatid	RoundSpermatid	11.803424	8.70462	19484	mouse2
ATAGACCCAGCGATCC	RoundSpermatid	RoundSpermatid	10.723751	-1.1068336	32286	mouse2
TTCTCAAAGGCAGGTT	RoundSpermatid	RoundSpermatid	13.536045	9.048191	17165	mouse2
CCGGTAGGTAACGTTC	RoundSpermatid	RoundSpermatid	15.121175	10.504208	30191	mouse2
TATTACCCACAAGCCC	Spermatocyte	Spermatocyte	24.690456	-3.3704488	52455	mouse2
AGGGTGACAAGGTTCT	RoundSpermatid	RoundSpermatid	18.126518	15.386917	9117	mouse2
CGATGGCAGCGTTTAC	RoundSpermatid	RoundSpermatid	11.845874	3.2156186	24439	mouse2
CGTTCTGAGGTTCCTA	RoundSpermatid	RoundSpermatid	11.9839945	8.60794	20993	mouse2
CAGCTGGGTGGAAAGA	RoundSpermatid	RoundSpermatid	11.738484	5.869316	27822	mouse2
CACCAGGCAAGCTGAG	RoundSpermatid	RoundSpermatid	13.565259	8.572949	23083	mouse2
TTCTACATCTCGCTTG	RoundSpermatid	RoundSpermatid	14.903115	11.184318	30829	mouse2
CACACTCTCACCAGGC	RoundSpermatid	RoundSpermatid	11.645598	8.583825	35699	mouse2
ACGAGGAAGAAGGTGA	RoundSpermatid	RoundSpermatid	14.754691	9.940993	23567	mouse2
TACTTGTTCAGCGACC	RoundSpermatid	RoundSpermatid	13.964189	9.232395	32755	mouse2
TACTCATCAGTTCCCT	RoundSpermatid	RoundSpermatid	12.161055	5.661426	23173	mouse2
CCCAGTTGTATCTGCA	RoundSpermatid	RoundSpermatid	14.447883	9.826592	29545	mouse2
GTCTTCGCATGCATGT	RoundSpermatid	RoundSpermatid	14.639919	10.132393	25517	mouse2
AGTCTTTGTGCACCAC	RoundSpermatid	RoundSpermatid	11.764855	8.01597	17557	mouse2
ACTGCTCGTAGCCTAT	RoundSpermatid	RoundSpermatid	16.18563	11.666826	36046	mouse2
CCACGGAAGTATGACA	RoundSpermatid	RoundSpermatid	12.161355	9.327376	32471	mouse2
GCATGATGTAAATGTG	RoundSpermatid	RoundSpermatid	12.246207	7.6081533	43442	mouse2
TACTTACCATTTGCTT	Elongating	Elongating	21.106255	14.039416	51497	mouse2
CAGCCGAGTTTCGCTC	Elongating	Elongating	19.786093	15.388032	11705	mouse2
AGTCTTTTCGAACGGA	RoundSpermatid	RoundSpermatid	17.072037	14.996279	29842	mouse2
CCTCTGAAGACTACAA	RoundSpermatid	RoundSpermatid	11.568362	8.8269205	28238	mouse2
GCTGCTTGTGAAGGCT	RoundSpermatid	RoundSpermatid	17.115116	13.54147	30551	mouse2
CGATGGCAGCTCCTCT	RoundSpermatid	RoundSpermatid	11.533528	-1.2011906	64751	mouse2
CAACCAAAGTGCGTGA	RoundSpermatid	RoundSpermatid	9.731079	-0.115400694	34568	mouse2
ATCTGCCAGCAATCTC	Spermatocyte	Spermatocyte	23.325945	-4.1955943	70339	mouse2
GGCCGATCATCCTAGA	RoundSpermatid	RoundSpermatid	11.945506	2.3076587	21565	mouse2
CTGCTGTTCTCGGACG	Spermatocyte	Spermatocyte	23.898134	-5.0422792	25849	mouse2
TGGCTGGCATACGCTA	RoundSpermatid	RoundSpermatid	9.593058	1.3875738	46275	mouse2
GAGGTGACATTCTCAT	RoundSpermatid	RoundSpermatid	10.443116	1.4056158	20828	mouse2
TCGCGAGCAAGCGATG	RoundSpermatid	RoundSpermatid	12.274697	4.6917667	24458	mouse2
GCACTCTCATGCATGT	RoundSpermatid	RoundSpermatid	9.597896	4.1917815	83757	mouse2
TGGCGCACAAGCGAGT	RoundSpermatid	RoundSpermatid	11.456814	5.846121	24002	mouse2
TATTACCCAGTTCCCT	RoundSpermatid	RoundSpermatid	11.144422	5.388052	34321	mouse2
TTCTTAGCACCAGTTA	RoundSpermatid	RoundSpermatid	17.302143	15.483242	22344	mouse2
ACATACGAGTGAACGC	RoundSpermatid	RoundSpermatid	10.8416	4.0627	26472	mouse2
CGCCAAGGTTCCTCCA	RoundSpermatid	RoundSpermatid	16.534061	11.373993	22753	mouse2
TGCCCTATCCCTGACT	RoundSpermatid	RoundSpermatid	15.14161	11.419761	33054	mouse2
GATCGTAAGACAAGCC	Elongating	Elongating	20.298964	7.2671714	15303	mouse2
TGAGCATTCTTCGGTC	RoundSpermatid	RoundSpermatid	14.834978	9.399932	29493	mouse2
CCCATACAGAGTCGGT	Elongating	Elongating	20.939941	6.1908164	8644	mouse2
CAACTAGGTGGAAAGA	RoundSpermatid	RoundSpermatid	11.7918625	4.169026	15162	mouse2
TCGTACCTCAGTTAGC	RoundSpermatid	RoundSpermatid	11.5066805	8.678211	46657	mouse2
GGAATAACAACAACCT	RoundSpermatid	RoundSpermatid	16.524145	10.961216	9535	mouse2
CCTTCGACAGTAGAGC	RoundSpermatid	RoundSpermatid	12.536484	8.315199	22822	mouse2
TTAGGCAGTATATGGA	RoundSpermatid	RoundSpermatid	13.14997	9.176157	28871	mouse2
TATGCCCAGCGGCTTC	RoundSpermatid	RoundSpermatid	12.195629	3.6443686	14657	mouse2
CATCAGAGTCCGAGTC	RoundSpermatid	RoundSpermatid	11.139979	7.956477	23741	mouse2
CATTCGCTCGTCACGG	Elongating	Elongating	23.37063	3.7013984	8514	mouse2
GACGTTAAGATGCCTT	RoundSpermatid	RoundSpermatid	10.475055	3.3649335	20025	mouse2
TGGGCGTCATCTACGA	RoundSpermatid	RoundSpermatid	14.312972	8.513975	10504	mouse2
GCGAGAAAGTTAACGA	RoundSpermatid	RoundSpermatid	11.180023	4.7875586	15375	mouse2
GGTGAAGGTAGCCTCG	RoundSpermatid	RoundSpermatid	11.171963	3.9556859	27065	mouse2
GCTCTGTCAAGCGATG	RoundSpermatid	RoundSpermatid	12.291878	8.386934	20578	mouse2
GCGGGTTTCCGGCACA	RoundSpermatid	RoundSpermatid	10.645157	-0.48875788	27438	mouse2
TCCACACAGATCCGAG	RoundSpermatid	RoundSpermatid	12.447753	8.038125	27107	mouse2
TCACAAGGTACCGTAT	Elongating	Elongating	20.63217	15.235756	33468	mouse2
ACGATGTCAGGTTTCA	RoundSpermatid	RoundSpermatid	11.242098	7.5498323	28925	mouse2
CACCACTTCATTCACT	RoundSpermatid	RoundSpermatid	10.679921	7.4175124	22942	mouse2
TTCTCCTAGGACTGGT	RoundSpermatid	RoundSpermatid	17.728645	15.820964	36107	mouse2
TGGGAAGGTCCTAGCG	RoundSpermatid	RoundSpermatid	9.824349	0.78278893	17933	mouse2
CACCTTGTCTATCGCC	RoundSpermatid	RoundSpermatid	11.073099	5.9307275	29414	mouse2
CAAGATCTCCAAATGC	RoundSpermatid	RoundSpermatid	11.343542	7.083026	58977	mouse2
ATTTCTGAGCTTATCG	RoundSpermatid	RoundSpermatid	12.75514	9.478757	19272	mouse2
GACACGCAGTTTGCGT	Elongating	Elongating	20.485119	6.79308	27299	mouse2
GACTACAGTATTCGTG	RoundSpermatid	RoundSpermatid	15.525706	10.498277	30804	mouse2
GACGCGTAGCATCATC	RoundSpermatid	RoundSpermatid	11.750295	-0.7963156	18404	mouse2
GTCTCGTCAAACCTAC	RoundSpermatid	RoundSpermatid	10.790939	4.211591	22712	mouse2
AGGGTGAAGTGTTGAA	Elongating	Elongating	24.68692	2.6092649	13904	mouse2
AGCCTAAAGACTCGGA	RoundSpermatid	RoundSpermatid	12.050065	4.094205	29593	mouse2
CACCAGGTCCGAACGC	RoundSpermatid	RoundSpermatid	10.116536	3.3646634	20008	mouse2
ACTTACTTCCGTTGTC	RoundSpermatid	RoundSpermatid	13.558862	9.755602	27100	mouse2
CATATTCTCAATCTCT	RoundSpermatid	RoundSpermatid	10.727046	3.5281515	39480	mouse2
GGCGACTTCTGAAAGA	RoundSpermatid	RoundSpermatid	10.877341	3.8615928	23671	mouse2
TAGACCAGTCAGATAA	RoundSpermatid	RoundSpermatid	14.840789	10.783502	23820	mouse2
CTGATAGAGGGAACGG	Elongating	Elongating	20.921513	8.91502	19267	mouse2
GATGCTATCGGCCGAT	RoundSpermatid	RoundSpermatid	12.088912	5.424183	27937	mouse2
CTTCTCTTCCAAGTAC	RoundSpermatid	RoundSpermatid	16.04232	13.435864	22594	mouse2
CTAATGGCACATCTTT	Elongating	Elongating	20.929298	7.4448686	15694	mouse2
TCGCGTTTCTTGCATT	RoundSpermatid	RoundSpermatid	11.384262	5.520027	22400	mouse2
CACAGGCGTTATCGGT	Elongating	Elongating	23.197498	3.3624525	13200	mouse2
CTGTTTACACCAACCG	RoundSpermatid	RoundSpermatid	10.76565	-0.39887738	22872	mouse2
GGGAATGTCCCAAGAT	RoundSpermatid	RoundSpermatid	14.105124	9.483566	36253	mouse2
CAACCAACATGAACCT	RoundSpermatid	RoundSpermatid	10.048745	1.818754	29405	mouse2
TCTGAGAGTGCCTGTG	RoundSpermatid	RoundSpermatid	14.216705	8.623174	9505	mouse2
CTAAGACGTATCACCA	RoundSpermatid	RoundSpermatid	13.0918045	9.378472	32355	mouse2
TTATGCTCACACTGCG	RoundSpermatid	RoundSpermatid	12.076794	8.484185	29547	mouse2
ACGAGGATCTTGACGA	RoundSpermatid	RoundSpermatid	9.978149	0.14050603	30099	mouse2
CTCAGAAGTACAGCAG	RoundSpermatid	RoundSpermatid	12.194908	5.588285	28295	mouse2
TCTTTCCAGTGGACGT	RoundSpermatid	RoundSpermatid	10.696725	5.938202	19735	mouse2
CGGGTCACACTTAAGC	Spermatocyte	Spermatogonia	35.293972	-4.8167043	20302	mouse2
TTATGCTTCAGCTTAG	Elongating	Elongating	22.516644	3.7268016	9743	mouse2
CGAATGTAGCGTGAGT	RoundSpermatid	RoundSpermatid	11.693889	5.96862	28286	mouse2
CAACCTCTCAACACCA	RoundSpermatid	RoundSpermatid	11.445089	8.157616	27723	mouse2
AAGTCTGTCAATAAGG	Spermatocyte	Spermatogonia	35.54075	-5.398631	42355	mouse2
CAGCCGACATCACGAT	Elongating	Elongating	20.397026	15.410621	9573	mouse2
GCATGATAGCTAACAA	Spermatocyte	Spermatocyte	23.920343	-3.141928	57045	mouse2
AGGTCCGCATGATCCA	Spermatocyte	RoundSpermatid	14.686377	-1.9812019	27592	mouse2
TGCTACCCATAGACTC	Spermatocyte	Spermatocyte	23.881847	-3.1126614	56536	mouse2
AGTGTCATCCTACAGA	Spermatocyte	Spermatocyte	17.697975	-3.5263014	26744	mouse2
GTGTGCGCAAATTGCC	Spermatocyte	Spermatogonia	34.885117	-4.7723136	25749	mouse2
AGCTCCTTCATAACCG	Spermatocyte	Spermatocyte	33.714447	-5.2565417	19018	mouse2
ACATGGTAGGAGTAGA	Spermatocyte	Spermatocyte	19.844765	-5.325963	46248	mouse2
ACCCACTTCTCAACTT	Spermatocyte	Spermatocyte	23.925064	-5.203579	15213	mouse2
ACACCGGAGGGCACTA	Spermatocyte	Spermatogonia	34.604046	-4.8796163	29921	mouse2
TCTGGAACAAGCTGGA	RoundSpermatid	RoundSpermatid	9.966332	2.1211002	24942	mouse2
ACAGCTAAGGCCCTCA	Elongating	Elongating	21.462143	12.496982	38406	mouse2
GCAGCCAGTAATCACC	RoundSpermatid	RoundSpermatid	11.622553	3.6979358	21610	mouse2
CACACAAAGACAATAC	Spermatocyte	Spermatocyte	33.455994	-5.1133966	28387	mouse2
GACTAACGTAGCCTCG	Spermatocyte	RoundSpermatid	20.85776	-3.514087	8221	mouse2
TATGCCCTCGGTCTAA	Spermatocyte	Spermatocyte	23.998085	-5.1682715	14648	mouse2
CACACCTGTTTGACAC	Spermatocyte	Spermatocyte	23.295218	-4.9934545	153916	mouse2
ACGATGTAGCCTTGAT	Elongating	Elongating	20.506197	7.209086	14643	mouse2
CCCATACAGTGAACGC	RoundSpermatid	RoundSpermatid	10.838025	6.4626884	18318	mouse2
TCCCGATGTCAAGCGA	RoundSpermatid	RoundSpermatid	16.876102	11.899024	9145	mouse2
CATCGAAAGCGTAGTG	Elongating	Elongating	23.072495	3.8593228	8130	mouse2
GACGTGCTCAGTGTTG	Elongating	Elongating	25.840853	2.2831345	8753	mouse2
CGTAGCGAGGAATGGA	Elongating	Elongating	22.124382	3.963093	30609	mouse2
ACTATCTTCCGAATGT	RoundSpermatid	RoundSpermatid	13.556283	9.682714	20359	mouse2
GGCAATTCAGGGTATG	Spermatocyte	Spermatogonia	34.54588	-5.0620294	28501	mouse2
CGCCAAGAGGGCTTCC	Spermatocyte	Spermatogonia	35.92055	-4.996085	26529	mouse2
TCAATCTTCACAATGC	RoundSpermatid	RoundSpermatid	9.769904	-0.15487279	25567	mouse2
CTCTAATCAGTAAGCG	Spermatocyte	Spermatocyte	33.929955	-4.802676	30727	mouse2
ATCCACCAGACTAGAT	Spermatocyte	Spermatogonia	35.7863	-5.0390315	23852	mouse2
CAGGTGCTCGCACTCT	Spermatocyte	Spermatocyte	25.018988	-3.5361748	44735	mouse2
TACTTGTCATGAGCGA	RoundSpermatid	RoundSpermatid	11.453177	5.3530965	15861	mouse2
CGATCGGCATAGGATA	RoundSpermatid	RoundSpermatid	11.930483	2.791019	31543	mouse2
CGTTGGGAGCAGGCTA	RoundSpermatid	RoundSpermatid	10.1508	0.81064695	42295	mouse2
TTTATGCGTGGAAAGA	Spermatocyte	Spermatogonia	34.913357	-5.710064	10472	mouse2
ACTGCTCAGCCCAATT	Spermatocyte	Spermatogonia	35.871468	-4.72045	14457	mouse2
GACCAATGTTGCCTCT	RoundSpermatid	RoundSpermatid	17.838032	16.512014	21439	mouse2
TATCAGGCATATGAGA	Spermatocyte	Spermatogonia	35.59347	-5.0136523	15664	mouse2
AAGGTTCGTTTGCATG	Elongating	Elongating	20.35123	7.2901893	12809	mouse2
ACTGCTCAGCACCGCT	RoundSpermatid	RoundSpermatid	16.884535	11.533555	7868	mouse2
CTGATAGCAGGCTCAC	Elongating	Elongating	20.706125	14.213877	29718	mouse2
AGTGAGGAGATCCGAG	Spermatocyte	Spermatocyte	20.254333	-5.204458	43375	mouse2
TACAGTGAGATCCCGC	Elongating	Elongating	20.842394	6.544016	15191	mouse2
ATAAGAGCATGGTTGT	Elongating	Elongating	20.870121	12.568176	10083	mouse2
GTCGGGTGTCGTTGTA	Elongating	Elongating	20.373665	14.335453	19108	mouse2
GTAGGCCGTGAAATCA	Elongating	Elongating	25.775707	2.3284972	10486	mouse2
GAGGTGAGTTGGTTTG	Elongating	Elongating	20.358627	6.9700947	12574	mouse2
CTACCCAAGGTCATCT	Spermatocyte	Spermatogonia	35.227142	-4.4699497	12550	mouse2
GAATAAGCACGCGAAA	Elongating	Elongating	25.108517	2.4306557	11307	mouse2
ATTATCCGTACCTACA	RoundSpermatid	RoundSpermatid	19.398405	17.165396	20691	mouse2
CAGAGAGAGAACAACT	Elongating	Elongating	21.780174	10.377972	15940	mouse2
TTATGCTTCTTGTACT	Elongating	Elongating	20.579456	8.289536	10386	mouse2
GGGACCTTCTGATACG	Elongating	Elongating	24.482733	2.9332547	11626	mouse2
CCATTCGAGAGTACCG	Elongating	Elongating	24.615847	2.6595876	14508	mouse2
CAACCAAGTTGGGACA	Elongating	Elongating	26.065392	2.1319447	13007	mouse2
TTTGTCATCTTTCCTC	Elongating	Elongating	22.759768	3.6671154	14118	mouse2
TATCAGGCACCCAGTG	RoundSpermatid	RoundSpermatid	11.470639	6.9199853	28209	mouse2
GCGACCATCCGCAGTG	Elongating	Elongating	25.938404	2.1054025	10248	mouse2
GATGCTACAGGGAGAG	Elongating	Elongating	24.488003	2.700305	18228	mouse2
CACCTTGTCTTTACAC	RoundSpermatid	RoundSpermatid	11.329989	8.63906	28833	mouse2
CAGAGAGTCTTACCGC	RoundSpermatid	RoundSpermatid	10.307319	-0.46953732	21437	mouse2
AAAGTAGTCTGCTTGC	Elongating	Elongating	20.962328	6.668246	8105	mouse2
CTAGCCTTCTATCCCG	Elongating	Elongating	23.867594	3.1110017	9813	mouse2
GCTCCTAGTAGCGCTC	Elongating	Elongating	25.653442	2.1921256	13594	mouse2
CGATGGCCAGCTGCAC	RoundSpermatid	RoundSpermatid	19.927105	16.7823	17134	mouse2
AACTCAGAGTTAGGTA	Elongating	Elongating	22.508667	4.342219	7808	mouse2
ATGGGAGGTGGGTCAA	Elongating	Elongating	20.961283	5.7549963	13423	mouse2
ATTACTCCATTAGGCT	Elongating	Elongating	23.02815	3.8231626	11240	mouse2
CGTCTACCACTCAGGC	Elongating	Elongating	22.380196	3.5932415	23386	mouse2
TACCTATAGCTAACTC	RoundSpermatid	RoundSpermatid	9.971632	5.7356396	39667	mouse2
GAGTCCGTCAACTCTT	RoundSpermatid	RoundSpermatid	10.221758	1.7413596	31747	mouse2
GCGAGAAAGTAAGTAC	Elongating	Elongating	21.61912	5.247786	14147	mouse2
TTCTACAAGTGCTGCC	Elongating	Elongating	24.23999	2.9423769	8166	mouse2
GTAGGCCGTCGCTTCT	Spermatocyte	Spermatogonia	35.091785	-5.095717	43713	mouse2
CGACTTCTCGGTGTTA	Elongating	Elongating	20.220484	7.494893	19670	mouse2
CTAGTGACAGTATCTG	RoundSpermatid	RoundSpermatid	18.051134	16.732782	28727	mouse2
GAACATCCACGAAATA	RoundSpermatid	RoundSpermatid	18.570744	17.059113	17770	mouse2
GTGCATAAGAGGGCTT	RoundSpermatid	RoundSpermatid	13.147938	9.250211	24656	mouse2
GTGCGGTTCCTTGCCA	RoundSpermatid	RoundSpermatid	11.070354	8.228237	43201	mouse2
ACCGTAACACGGTAGA	RoundSpermatid	RoundSpermatid	11.847607	8.4052515	26350	mouse2
CCACTACAGCCACGTC	Spermatocyte	Spermatogonia	36.035194	-4.742918	15665	mouse2
TAGACCATCGAACGGA	RoundSpermatid	RoundSpermatid	12.010131	7.959696	27540	mouse2
ATCATCTGTAGCCTAT	RoundSpermatid	RoundSpermatid	10.877854	4.0902786	23730	mouse2
ACATGGTTCCGAAGAG	Spermatocyte	Spermatogonia	34.22581	-4.7628574	16101	mouse2
TTCTCAAGTGCGAAAC	Elongating	Elongating	20.528038	8.408474	17443	mouse2
CTACACCCAGCGTAAG	Elongating	Elongating	21.157768	5.3247027	15743	mouse2
TCAGCAAGTATGCTTG	Elongating	Elongating	21.483658	12.165041	35209	mouse2
TATGCCCCAGTAGAGC	RoundSpermatid	RoundSpermatid	10.781043	-0.8952493	21189	mouse2
CAAGGCCGTATAGGTA	Elongating	Elongating	22.43297	3.5588834	31238	mouse2
GTCAAGTCAGCTATTG	Elongating	Elongating	21.027426	14.956511	28696	mouse2
AGAATAGTCCATTCTA	Elongating	Elongating	25.847221	2.204019	14177	mouse2
AAACCTGTCGCGTAGC	Elongating	Elongating	21.128057	5.187787	9663	mouse2
TACTCATGTGACCAAG	RoundSpermatid	RoundSpermatid	12.930115	7.683586	12620	mouse2
GCAGCCATCTTTAGGG	Elongating	Elongating	25.879326	2.007366	20794	mouse2
GTACGTAGTGCAACTT	Elongating	Elongating	20.792694	12.122324	10200	mouse2
CATCAGATCCATGAAC	RoundSpermatid	RoundSpermatid	15.123092	11.065793	23483	mouse2
CAGCATAGTAGCACGA	Elongating	Elongating	21.837906	11.612382	35975	mouse2
CTGTGCTCACGACTCG	Elongating	Elongating	25.090754	2.509212	9562	mouse2
TACGGTAGTACAGTGG	Spermatocyte	Spermatocyte	16.479044	-2.9722123	25459	mouse2
TCAGCTCGTCGACTAT	Elongating	Elongating	21.33914	5.0468187	11161	mouse2
GAATGAATCTCCAGGG	RoundSpermatid	RoundSpermatid	18.23095	15.522706	8330	mouse2
CCACCTACAGTAGAGC	Spermatocyte	Spermatocyte	19.521114	-3.3609831	14255	mouse2
CTTCTCTAGCTAGCCC	RoundSpermatid	RoundSpermatid	15.482943	12.3429165	21144	mouse2
AGCTCCTTCAACTCTT	Elongating	Elongating	20.834446	8.159451	15183	mouse2
CAGCATAGTATCGCAT	RoundSpermatid	RoundSpermatid	11.750718	5.885581	40740	mouse2
TTAGGCACATGTAGTC	Elongating	Elongating	20.389122	6.642763	14628	mouse2
CCTCTGAAGAGTACCG	Elongating	Elongating	21.247692	12.235335	19946	mouse2
GCATGCGTCACGGTTA	Elongating	Elongating	21.734287	10.122483	17473	mouse2
CCAATCCGTCTTGATG	Elongating	Elongating	22.17952	3.9359286	11125	mouse2
GGCCGATTCGGCTTGG	RoundSpermatid	RoundSpermatid	16.283737	13.63911	10453	mouse2
AATCCAGCAAGAAGAG	Elongating	Elongating	21.296478	12.483105	18302	mouse2
TTTGCGCAGATGCCTT	Elongating	Elongating	21.702333	12.25496	21457	mouse2
CAAGTTGCACATGGGA	Elongating	Elongating	20.219038	15.836255	8838	mouse2
AATCCAGAGATGTGGC	Elongating	Elongating	21.31765	10.031753	9019	mouse2
CGGACGTGTGTGACCC	RoundSpermatid	RoundSpermatid	12.925977	-0.9881317	26069	mouse2
GACGGCTAGTCTTGCA	Elongating	Elongating	25.905664	2.231613	11632	mouse2
TGTCCCAGTACGACCC	RoundSpermatid	RoundSpermatid	14.060293	8.771512	23477	mouse2
TTCGAAGTCTAACGGT	Elongating	Elongating	23.908108	3.2879539	8171	mouse2
ATAACGCAGCGAGAAA	Elongating	Elongating	21.502111	11.2114105	11171	mouse2
CAGAATCGTAAACCTC	Elongating	Elongating	20.9815	13.452947	13161	mouse2
GCTGCAGGTCAAGCGA	Elongating	Elongating	19.821947	14.9456215	34238	mouse2
TGTCCCACATCGGAAG	RoundSpermatid	RoundSpermatid	14.177375	9.691865	17940	mouse2
ATCTACTGTAATAGCA	Elongating	Elongating	22.001451	10.39229	14070	mouse2
ATCGAGTGTCGTCTTC	RoundSpermatid	RoundSpermatid	12.774408	7.6341925	21418	mouse2
CCCTCCTGTCTGCAAT	Spermatocyte	Spermatocyte	25.473461	-3.629049	48740	mouse2
AGACGTTCAGATCCAT	Elongating	Elongating	25.584692	2.1346133	11141	mouse2
ATTTCTGAGTGCGTGA	RoundSpermatid	RoundSpermatid	11.966224	8.933752	16958	mouse2
CATCCACGTGTGGTTT	Spermatocyte	Spermatogonia	35.688625	-4.935978	15702	mouse2
ACGGGTCCAGGATTGG	RoundSpermatid	RoundSpermatid	10.447846	2.0619953	26897	mouse2
CGACCTTTCAGGTTCA	Elongating	Elongating	20.214136	6.520089	14936	mouse2
ATTTCTGAGTGATCGG	Elongating	Elongating	25.52514	2.2532666	8305	mouse2
TATGCCCCACCTCGTT	Elongating	Elongating	20.804798	7.0760064	14778	mouse2
ACGCAGCAGCCACGTC	Elongating	Elongating	22.586779	3.377967	26859	mouse2
CAAGATCCAAGCCATT	Elongating	Elongating	20.827278	5.8069086	15940	mouse2
ATGAGGGTCTGGGCCA	Elongating	Elongating	21.404829	10.116479	10985	mouse2
ACAGCCGTCACAACGT	RoundSpermatid	RoundSpermatid	11.854676	8.1076975	32891	mouse2
TGGCCAGGTGCCTGCA	RoundSpermatid	RoundSpermatid	9.837429	0.10274232	25743	mouse2
GGGCATCCATGGAATA	Spermatocyte	Spermatocyte	24.798212	-3.2776573	41539	mouse2
CGTCCATGTAAATACG	Elongating	Elongating	21.147573	12.385766	15806	mouse2
TCATTTGAGTTAGCGG	Elongating	Elongating	20.75957	7.950004	9843	mouse2
TAAGAGACAATGAAAC	Elongating	Elongating	20.795778	9.864241	9261	mouse2
GGCGTGTCAGTTTACG	RoundSpermatid	RoundSpermatid	10.384264	2.1246953	27353	mouse2
ATCACGATCCTCTAGC	Elongating	Elongating	20.684025	8.254108	16924	mouse2
TGTGTTTTCCGTTGTC	Elongating	Elongating	20.950283	5.4323883	19074	mouse2
GGAGCAAGTGTCAATC	Elongating	Elongating	21.894907	11.16075	22303	mouse2
GTGCAGCTCGACCAGC	Elongating	Elongating	23.873018	3.297916	9902	mouse2
CACAGGCTCTCGAGTA	Elongating	Elongating	22.943182	3.328368	19369	mouse2
CCATTCGCACAACTGT	RoundSpermatid	RoundSpermatid	11.2919655	8.359441	31541	mouse2
CATGGCGAGAAACCTA	RoundSpermatid	RoundSpermatid	9.481056	-0.01700977	45492	mouse2
TCACGAAAGGAATTAC	Elongating	Elongating	19.78403	15.220532	17758	mouse2
CCAATCCGTTGCTCCT	Elongating	Elongating	23.595228	3.2867696	19610	mouse2
TTCTTAGTCACGCATA	Elongating	Elongating	21.065958	9.287998	15279	mouse2
ATTCTACGTCTAAACC	Spermatocyte	Spermatocyte	25.255125	-3.4563031	45276	mouse2
TTGGCAATCAAGATCC	Elongating	Elongating	20.253605	14.420509	15757	mouse2
CTCGAGGCAGTCGTGC	RoundSpermatid	RoundSpermatid	16.146952	10.852847	34728	mouse2
GCTGGGTTCGGCTACG	RoundSpermatid	RoundSpermatid	10.144491	-0.86061215	47587	mouse2
GCTGCGAGTCCATGAT	Elongating	Elongating	21.104109	7.559278	11277	mouse2
CACACTCCAGTCTTCC	RoundSpermatid	RoundSpermatid	15.024776	11.76761	19426	mouse2
TCAGGATGTAGAGGAA	RoundSpermatid	RoundSpermatid	14.749051	8.982962	31504	mouse2
AAAGCAACAAGCTGAG	Elongating	Elongating	20.803677	8.454928	22692	mouse2
TATTACCAGAAACCTA	RoundSpermatid	RoundSpermatid	16.887321	12.665009	34885	mouse2
ATGGGAGAGTCTCCTC	RoundSpermatid	RoundSpermatid	10.997858	4.871214	19292	mouse2
CGATTGACAGGCTGAA	Elongating	Elongating	23.54874	3.5831332	8272	mouse2
CATATTCCAGTAAGAT	RoundSpermatid	RoundSpermatid	10.466806	6.938333	73394	mouse2
AGCGTATCAACTTGAC	Elongating	Elongating	19.666744	14.85016	31437	mouse2
TGGTTCCCACGGCCAT	Elongating	Elongating	25.312231	2.3974795	8305	mouse2
TCAACGATCGGCTTGG	Elongating	Elongating	20.725555	12.88349	11202	mouse2
CTACGTCCAGCGTTCG	Elongating	Elongating	20.12663	6.776836	12976	mouse2
CGAACATTCGCCATAA	Spermatocyte	Spermatogonia	35.73272	-5.25259	39585	mouse2
TGAGCCGGTACTTCTT	RoundSpermatid	RoundSpermatid	10.011851	3.306971	29833	mouse2
TTTCCTCGTGACCAAG	Elongating	Elongating	22.62497	3.594723	10757	mouse2
CGATCGGGTAAAGTCA	RoundSpermatid	RoundSpermatid	14.016329	-1.5766398	19017	mouse2
TGCGTGGAGAGGTTAT	RoundSpermatid	RoundSpermatid	11.2271595	4.3935704	26073	mouse2
CAACCTCTCTGGCGAC	Elongating	Elongating	21.195415	9.685016	14776	mouse2
TCTGGAAAGAATCTCC	Elongating	Elongating	21.015614	8.283019	8770	mouse2
CGATCGGAGTGCTGCC	RoundSpermatid	RoundSpermatid	13.594219	8.341448	17748	mouse2
ACGGCCATCCAAACAC	Elongating	Elongating	21.048334	5.2574754	10622	mouse2
CATGCCTGTGTTGGGA	RoundSpermatid	RoundSpermatid	10.237093	0.26845345	26271	mouse2
TAGACCACACAGAGGT	Elongating	Elongating	20.092497	14.258052	15559	mouse2
GACTAACCAGGATCGA	Spermatocyte	Spermatocyte	21.238892	-3.8035164	13720	mouse2
CAGCCGAAGATCGATA	Elongating	Elongating	20.986387	14.040867	17088	mouse2
CTGGTCTCATTGGGCC	Elongating	Elongating	20.243143	7.6084666	15731	mouse2
GTTCATTGTTCGGGCT	RoundSpermatid	RoundSpermatid	11.7824	4.125193	27598	mouse2
CTACGTCAGCTGCCCA	Elongating	Elongating	25.280632	2.3609931	8571	mouse2
GAACGGACACTTGGAT	Elongating	Elongating	20.654789	14.2184925	24002	mouse2
TAGCCGGAGATAGTCA	Spermatocyte	Spermatocyte	23.327408	-3.1880162	58777	mouse2
GGACAGACAAGGACAC	Elongating	Elongating	25.915241	2.1350877	10193	mouse2
TGTGGTATCATGTGGT	Elongating	Elongating	20.411432	6.217432	13953	mouse2
GAATAAGCAATCGGTT	Elongating	Elongating	20.640696	7.784642	15787	mouse2
CAGCTGGCAAGGACTG	RoundSpermatid	RoundSpermatid	19.380312	16.217474	28524	mouse2
ACACCGGCATGTCCTC	RoundSpermatid	RoundSpermatid	13.501289	-1.3495159	22506	mouse2
TATCAGGCAGTATCTG	Elongating	Elongating	25.22888	2.5514846	35659	mouse2
TTTGGTTGTCCAAGTT	Spermatocyte	Spermatogonia	35.26683	-5.1449533	18416	mouse2
CTCTAATTCCCGGATG	Elongating	Elongating	19.574654	15.331223	14222	mouse2
ACGATGTTCCGCTGTT	Elongating	Elongating	24.027716	3.0135188	9967	mouse2
CAAGTTGGTTGTGGCC	Elongating	Elongating	21.870502	11.022394	24077	mouse2
CCTATTAAGACTAAGT	RoundSpermatid	RoundSpermatid	11.489114	8.270412	27219	mouse2
GGATGTTAGGTCGGAT	RoundSpermatid	RoundSpermatid	16.247036	11.194716	25136	mouse2
GATCGCGTCGGTGTTA	RoundSpermatid	RoundSpermatid	12.079009	7.880231	9758	mouse2
TTTGTCAGTCCAGTTA	Elongating	Elongating	21.006784	7.895169	8964	mouse2
AGAGCGATCTCTAAGG	Elongating	Elongating	20.440638	7.7068887	18065	mouse2
GGGTCTGTCAGCAACT	Elongating	Elongating	21.212091	5.9456153	8813	mouse2
TGTCCCACACTATCTT	RoundSpermatid	RoundSpermatid	11.986882	3.2503512	8451	mouse2
TCCCGATAGTAGTGCG	RoundSpermatid	RoundSpermatid	12.712648	8.229032	32241	mouse2
TACGGATTCACCCGAG	Spermatocyte	Spermatocyte	22.230978	-4.250592	96656	mouse2
GTATTCTTCTAACTCT	Spermatocyte	Spermatocyte	23.779606	-4.448928	45829	mouse2
CAAGAAAAGGTAGCCA	RoundSpermatid	RoundSpermatid	11.329788	8.242781	29697	mouse2
GTTCGGGCAGTCACTA	Spermatocyte	Spermatocyte	24.046743	-3.0490463	48946	mouse2
CAGGTGCCATGTCTCC	Elongating	Elongating	23.408188	3.1319988	17704	mouse2
TTAGGCACATGGGAAC	RoundSpermatid	RoundSpermatid	11.070897	5.5610337	38725	mouse2
CTAGAGTGTATAATGG	Spermatocyte	Spermatocyte	24.433916	-3.3309186	46973	mouse2
AAAGATGCACAGCGTC	RoundSpermatid	RoundSpermatid	11.674828	5.6001444	27046	mouse2
CCCAATCCACCAGGCT	Spermatocyte	Spermatocyte	24.224916	-3.4009655	67025	mouse2
CTACGTCCATTACCTT	RoundSpermatid	RoundSpermatid	11.21979	-1.3917725	19444	mouse2
TCATTTGGTTCGAATC	RoundSpermatid	RoundSpermatid	19.803787	16.947992	32583	mouse2
GTAACGTAGCTAACAA	RoundSpermatid	RoundSpermatid	11.8262205	4.4959702	23200	mouse2
ACCAGTAAGAATGTTG	RoundSpermatid	RoundSpermatid	10.526738	2.194122	18428	mouse2
AATCGGTTCTGTACGA	Spermatocyte	Spermatocyte	22.702065	-3.9401524	63287	mouse2
ATGCGATTCTCTGCTG	RoundSpermatid	RoundSpermatid	12.384133	-1.2522444	21996	mouse2
AACTGGTCATCACGAT	RoundSpermatid	RoundSpermatid	11.33256	8.078092	25231	mouse2
TGCTACCGTGACTCAT	Spermatocyte	Spermatocyte	17.60391	-3.1035967	20866	mouse2
TTTATGCAGTCATCCA	RoundSpermatid	RoundSpermatid	9.99095	-0.47327226	22756	mouse2
TACCTTATCTTTACGT	RoundSpermatid	RoundSpermatid	12.584098	9.508425	24986	mouse2
CTGTTTACATGGTCAT	RoundSpermatid	RoundSpermatid	13.820208	9.315776	33264	mouse2
GTAGTCATCCAGAAGG	RoundSpermatid	RoundSpermatid	12.396875	9.282071	18349	mouse2
CTGCGGATCCCTTGTG	RoundSpermatid	RoundSpermatid	11.423101	4.4638324	25866	mouse2
GATCTAGTCTGCAGTA	RoundSpermatid	RoundSpermatid	12.924724	9.526721	25606	mouse2
CTAACTTTCTCACATT	RoundSpermatid	RoundSpermatid	11.25756	4.704714	24327	mouse2
TGACAACAGCGTGTCC	RoundSpermatid	RoundSpermatid	10.755331	3.9063554	19283	mouse2
ACCAGTATCCTCATTA	Spermatocyte	Spermatogonia	35.2441	-5.449566	11708	mouse2
AGCTCCTGTGCCTGGT	RoundSpermatid	RoundSpermatid	9.802852	1.9707463	22641	mouse2
CGTTAGATCACCAGGC	RoundSpermatid	RoundSpermatid	10.246544	2.5574245	21159	mouse2
GAGGTGATCCTGTAGA	RoundSpermatid	RoundSpermatid	11.042068	5.2225404	18253	mouse2
GACGTTACAGCTGTGC	Elongating	Elongating	21.375175	11.510563	10740	mouse2
CGGACACCATCTCCCA	Spermatocyte	RoundSpermatid	35.35594	-4.945469	12802	mouse2
ACATGGTGTTATCACG	Spermatocyte	Spermatogonia	35.497894	-4.8992133	30027	mouse2
TGAGCATTCTGTACGA	Elongating	Elongating	22.24797	4.30066	10842	mouse2
GTACGTATCATGTCCC	Elongating	Elongating	20.773474	14.551849	33540	mouse2
CGAGAAGAGAGCTGCA	RoundSpermatid	RoundSpermatid	11.27799	-0.64523464	38261	mouse2
TTGAACGTCACCGTAA	Elongating	Elongating	20.89475	6.602565	10652	mouse2
CACCTTGCAGGTGCCT	RoundSpermatid	RoundSpermatid	12.98164	9.705232	17291	mouse2
CCTAAAGGTTGGGACA	RoundSpermatid	RoundSpermatid	10.549948	7.325329	14999	mouse2
CTGCTGTAGTCATCCA	RoundSpermatid	RoundSpermatid	11.259736	2.6487653	22111	mouse2
GTAGGCCTCGTCACGG	RoundSpermatid	RoundSpermatid	11.628724	4.5444646	33152	mouse2
GAACCTAAGCGATCCC	Elongating	Elongating	20.553846	15.473162	8465	mouse2
GGGATGACAAGGTTTC	Elongating	Elongating	22.755198	4.1585484	8423	mouse2
GAACATCGTACATGTC	Elongating	Elongating	20.579418	6.3864136	11218	mouse2
TGATTTCAGGCACATG	Elongating	Elongating	21.615953	4.712441	11994	mouse2
AAAGCAACAGCCTTGG	Elongating	Elongating	20.657293	13.46373	16927	mouse2
TGACTTTTCCGTTGTC	RoundSpermatid	RoundSpermatid	11.856175	5.0392375	29057	mouse2
CACTCCAGTCCAAGTT	Elongating	Elongating	20.931913	7.7817802	8447	mouse2
GTTACAGGTACTTCTT	Elongating	Elongating	20.246988	14.401379	18044	mouse2
AGCTCCTGTACAGTGG	Elongating	Elongating	20.556843	6.3859024	19428	mouse2
TTCGAAGCATACTACG	Elongating	Elongating	22.771824	3.8952022	8758	mouse2
GCTGCGATCCACGACG	Elongating	Elongating	20.201277	6.820522	15893	mouse2
CGGACGTCAGGAACGT	RoundSpermatid	RoundSpermatid	11.500221	6.052603	23712	mouse2
GGCCGATCATGTCCTC	RoundSpermatid	RoundSpermatid	10.82365	-1.1577755	18300	mouse2
TGAAAGAAGTCGTACT	Elongating	Elongating	21.270905	9.393169	14207	mouse2
TACCTATCACAGGTTT	Elongating	Elongating	26.06099	2.0932739	9967	mouse2
GTTCGGGGTCGGCATC	RoundSpermatid	RoundSpermatid	12.010126	7.410817	28299	mouse2
TGCCCTAAGACAGACC	Elongating	Elongating	21.012737	12.042466	11718	mouse2
CCTACCACATCTCCCA	Elongating	Elongating	20.612299	6.1335607	21080	mouse2
CCTACCAGTGACCAAG	RoundSpermatid	RoundSpermatid	13.292759	7.2644463	10727	mouse2
GTGCAGCCAAGGGTCA	Elongating	Elongating	25.772732	2.1310878	19406	mouse2
GCAGCCACACCCATGG	Elongating	Elongating	20.164055	14.706182	14272	mouse2
GTTAAGCCATTTCAGG	RoundSpermatid	RoundSpermatid	11.382741	7.3619533	21397	mouse2
ATCATGGCAAGAGTCG	Elongating	Elongating	21.0117	9.056273	19464	mouse2
CGTTAGACAAGAAAGG	RoundSpermatid	RoundSpermatid	12.563458	8.99575	27783	mouse2
GGGCATCGTCTTGCGG	Elongating	Elongating	21.19568	5.365877	8289	mouse2
CGCTGGATCACCCGAG	RoundSpermatid	RoundSpermatid	18.0559	16.51429	34152	mouse2
TGAAAGAGTCCGTCAG	Elongating	Elongating	19.856712	15.323457	10740	mouse2
CTCGGGATCTAGCACA	Spermatocyte	Spermatocyte	17.549477	-2.896732	9788	mouse2
ACGGGCTCAAACTGCT	Spermatocyte	Spermatocyte	20.939854	-3.6340022	8638	mouse2
CCTACCAGTTTGCATG	Elongating	Elongating	22.12601	4.03924	13027	mouse2
CCTCTGATCCCAAGAT	Elongating	Elongating	21.56395	11.68425	22206	mouse2
TCAGCTCCAGGTGGAT	Elongating	Elongating	21.333725	5.4180064	8002	mouse2
TGCCAAAAGAAGGTTT	Elongating	Elongating	21.008162	12.347578	13680	mouse2
TCGGGACCAGTCAGCC	Elongating	Elongating	24.220486	3.0199099	10015	mouse2
CCGTACTTCGCCCTTA	Elongating	Elongating	23.791517	3.3723285	8948	mouse2
GCGGGTTTCGGCCGAT	RoundSpermatid	RoundSpermatid	16.413467	13.17305	23132	mouse2
CCGTGGAAGTAATCCC	RoundSpermatid	RoundSpermatid	9.597573	-0.37237564	20490	mouse2
TGAGGGATCGTCCGTT	Spermatocyte	Spermatocyte	19.41898	-3.4447367	17414	mouse2
CATCGAAGTTTGGCGC	Elongating	Elongating	21.4154	11.8321	16247	mouse2
GTAACTGCATGTCCTC	Spermatocyte	Spermatogonia	35.004417	-5.4909244	13594	mouse2
CTCACACCATTGAGCT	Elongating	Elongating	22.549145	4.0321603	9141	mouse2
ACTTTCACACTATCTT	Elongating	Elongating	23.3768	3.7899652	8321	mouse2
CCACGGAAGCCAGTAG	Spermatocyte	Spermatocyte	33.369953	-4.4909678	44942	mouse2
AAGGTTCTCAGGCCCA	Elongating	Elongating	24.49476	2.8124323	9344	mouse2
GCCTCTAAGCTAGCCC	Elongating	RoundSpermatid	19.364609	15.390267	9466	mouse2
CTGATCCAGGGTTCCC	Elongating	Elongating	25.075098	2.4930387	8891	mouse2
CTCGTACCATCGACGC	Elongating	Elongating	20.15546	7.2422013	22312	mouse2
ATTTCTGCAGATCGGA	Elongating	Elongating	21.692745	10.665059	11345	mouse2
AACCGCGTCCGCGTTT	Elongating	Elongating	21.305235	10.238538	7760	mouse2
ATTATCCTCACGCGGT	Spermatocyte	Spermatocyte	33.091164	-4.9144382	35477	mouse2
AACACGTAGATGAGAG	Elongating	Elongating	22.76669	4.245217	8781	mouse2
CCACTACCACCAACCG	RoundSpermatid	RoundSpermatid	10.291827	1.4216316	37842	mouse2
CTCAGAAAGCTAGGCA	RoundSpermatid	RoundSpermatid	13.591019	8.008297	10451	mouse2
CATCGGGTCTTTACAC	RoundSpermatid	RoundSpermatid	17.090284	15.200394	17783	mouse2
CCGGTAGGTTAAAGAC	Elongating	Elongating	20.951561	6.935372	7879	mouse2
TCAGATGTCCAATGGT	Elongating	Elongating	21.90233	4.4256606	9187	mouse2
ACACCAATCGTCTGAA	Elongating	Elongating	19.718035	14.9679985	14463	mouse2
GTCAAGTTCACATGCA	RoundSpermatid	RoundSpermatid	12.052316	9.007203	25579	mouse2
TAGCCGGGTGTTCTTT	Elongating	Elongating	20.840485	8.824344	18301	mouse2
TGGGCGTGTACCTACA	Spermatocyte	Spermatogonia	35.14605	-4.7761836	14998	mouse2
TAGAGCTCATGCCTAA	Spermatocyte	Spermatogonia	34.61508	-5.0383058	17270	mouse2
ATTACTCGTAATCACC	Elongating	Elongating	20.741066	5.8184495	13872	mouse2
GTCTCGTGTCTAAAGA	Elongating	Elongating	20.946882	8.256472	11557	mouse2
TACGGTAAGCCCAACC	RoundSpermatid	RoundSpermatid	12.021687	5.18586	22456	mouse2
GTACTCCCAGACGCCT	Spermatocyte	Spermatocyte	20.499317	-3.9361894	8516	mouse2
GATCAGTGTTCGTGAT	Elongating	Elongating	20.766958	12.155878	15366	mouse2
CTTCTCTGTACGACCC	Elongating	Elongating	21.826948	10.084427	14920	mouse2
AACGTTGAGCCGGTAA	Spermatocyte	Spermatocyte	21.216576	-3.6578803	11806	mouse2
CCTTCCCAGACTACAA	Elongating	Elongating	21.692097	10.438521	14571	mouse2
TCTGAGATCACCCTCA	Spermatocyte	Spermatocyte	19.817104	-5.363256	52372	mouse2
GGCCGATTCATATCGG	Spermatocyte	Spermatocyte	18.425549	-3.2941914	19757	mouse2
CAGAATCTCCTGCCAT	Elongating	Elongating	20.790659	9.540517	11999	mouse2
AGCAGCCTCGTTTAGG	RoundSpermatid	RoundSpermatid	10.605353	3.7916272	24048	mouse2
AATCCAGAGCCAGAAC	Elongating	Elongating	20.288311	7.862955	19513	mouse2
TACTTGTAGCGTCAAG	Spermatocyte	Spermatogonia	35.271095	-5.5002704	35540	mouse2
GTAGTCACAGAGCCAA	RoundSpermatid	RoundSpermatid	9.508275	2.3791673	40258	mouse2
CACACAAAGAAGATTC	RoundSpermatid	RoundSpermatid	10.879075	4.9061575	27073	mouse2
CGTCAGGGTGGTACAG	Elongating	Elongating	19.612473	15.115555	11465	mouse2
GCGACCACAGATGGCA	RoundSpermatid	RoundSpermatid	10.675299	1.6011413	25153	mouse2
CACACTCAGCGATTCT	RoundSpermatid	RoundSpermatid	10.45188	3.1041794	22963	mouse2
ATAGACCTCGCAAGCC	RoundSpermatid	RoundSpermatid	11.061985	7.155828	26224	mouse2
AAGTCTGGTCATCGGC	Spermatocyte	Spermatocyte	20.08302	-5.373537	50250	mouse2
ACTGTCCAGACACTAA	RoundSpermatid	RoundSpermatid	12.138734	-0.56057507	23689	mouse2
TATTACCTCGGAAATA	RoundSpermatid	RoundSpermatid	16.793236	11.235224	14185	mouse2
GACGTGCAGCGATGAC	Elongating	Elongating	21.930601	10.596652	13925	mouse2
CATATGGTCCTTTCTC	Elongating	Elongating	21.903612	11.159133	16636	mouse2
CTCACACCAAGTTCTG	RoundSpermatid	RoundSpermatid	10.968767	1.8438213	30626	mouse2
CAGCTGGGTACGCACC	Elongating	Elongating	21.487806	4.860449	15264	mouse2
GGGATGAGTATCAGTC	Elongating	Elongating	19.622942	15.607969	11333	mouse2
TGAGCCGTCACAACGT	RoundSpermatid	RoundSpermatid	14.110779	9.188564	32394	mouse2
AGAGCTTTCGCAAGCC	RoundSpermatid	RoundSpermatid	9.800986	2.235385	30065	mouse2
GGACAGACAAGAAGAG	Spermatocyte	Spermatogonia	34.995052	-4.8326883	18619	mouse2
GGTGCGTCAGTTCATG	Elongating	Elongating	21.691732	4.7741385	15961	mouse2
CGTCTACGTCAGATAA	RoundSpermatid	RoundSpermatid	11.631618	6.9993796	21794	mouse2
AAGGAGCGTCATATCG	Elongating	Elongating	20.465748	5.7935543	7692	mouse2
CAGTAACGTCGCCATG	RoundSpermatid	RoundSpermatid	10.10354	0.05430403	52169	mouse2
GAAATGATCGCTTGTC	Elongating	Elongating	23.217993	3.5209193	8604	mouse2
GAGCAGAAGCCAGAAC	Spermatocyte	Spermatocyte	19.659588	-3.615758	25884	mouse2
AGGTCATTCACATAGC	Spermatocyte	Spermatocyte	23.00948	-4.1702037	72529	mouse2
TTAGGACTCTCACATT	Spermatocyte	Spermatogonia	36.12075	-5.1025486	15983	mouse2
CTGAAACTCTGTCCGT	Elongating	Elongating	20.33556	15.748854	16625	mouse2
CACACAAGTCCGAAGA	RoundSpermatid	RoundSpermatid	11.551027	5.918603	25322	mouse2
TACTTACGTAGCTTGT	Spermatocyte	Spermatocyte	33.18744	-4.3716655	46289	mouse2
GCAGCCACAGTGGGAT	Elongating	Elongating	20.689236	9.134758	10204	mouse2
CTGCCTAAGAGTGAGA	RoundSpermatid	RoundSpermatid	11.577233	1.7902951	24478	mouse2
ACATGGTAGGAGTCTG	RoundSpermatid	RoundSpermatid	14.4760475	9.422757	23998	mouse2
ATAGACCTCTGCGGCA	Elongating	Elongating	20.125061	7.6569343	17081	mouse2
CGCGTTTGTTGTCGCG	RoundSpermatid	RoundSpermatid	12.477008	8.075804	22430	mouse2
ACACCAACATTGTGCA	RoundSpermatid	RoundSpermatid	11.558027	-0.9984603	22958	mouse2
GTCACAAGTCCAGTTA	RoundSpermatid	RoundSpermatid	18.558678	16.380598	19769	mouse2
CTACGTCCAGGATTGG	RoundSpermatid	RoundSpermatid	14.027087	8.3455925	19062	mouse2
CGAGCACCAAGTTAAG	RoundSpermatid	RoundSpermatid	11.375921	6.454789	28519	mouse2
GTTCATTCACTGTCGG	Spermatocyte	Spermatocyte	22.900352	-5.216262	88247	mouse2
CTGGTCTGTTCGTCTC	RoundSpermatid	RoundSpermatid	13.150491	-1.0692072	17350	mouse2
CATCGAATCCTCATTA	Spermatocyte	Spermatocyte	23.081512	-3.8436782	70793	mouse2
TTTATGCGTCACCTAA	RoundSpermatid	RoundSpermatid	9.557736	2.2463362	23545	mouse2
CCCAGTTCAAGGGTCA	Elongating	Elongating	22.828066	4.02098	10391	mouse2
CCGGTAGGTTACGGAG	Spermatocyte	Spermatocyte	22.882448	-3.5230472	80531	mouse2
TACGGGCAGAGGTTAT	Spermatocyte	Spermatogonia	36.009686	-5.2341933	27450	mouse2
TAGTTGGGTGTGGTTT	Spermatocyte	Spermatocyte	23.35252	-3.9566877	52818	mouse2
TGGCGCAGTCCGTGAC	Spermatocyte	Spermatocyte	20.036764	-5.2753916	55073	mouse2
CTACACCCACTATCTT	Spermatocyte	Spermatocyte	23.300385	-5.6789994	62649	mouse2
GATGCTAGTCTTGCGG	Spermatocyte	Spermatocyte	17.931095	-3.5749488	43610	mouse2
ACACTGAAGGCTAGGT	Spermatocyte	Spermatogonia	35.184093	-4.669149	19229	mouse2
AAATGCCGTGGCAAAC	Spermatocyte	Spermatocyte	23.88387	-4.6569858	25144	mouse2
TGTATTCCAATGTTGC	Spermatocyte	Spermatocyte	22.490417	-4.6232333	84512	mouse2
CGATGGCGTCGAATCT	RoundSpermatid	RoundSpermatid	10.59424	1.3113889	23464	mouse2
CTGAAACCAGAAGCAC	Spermatocyte	Spermatogonia	36.180077	-4.8770223	19370	mouse2
GGAAAGCGTAGCGCAA	Spermatocyte	Spermatogonia	35.693146	-4.7478104	20666	mouse2
GCAGCCACACAGGCCT	Spermatocyte	Spermatocyte	22.03137	-3.7289348	40914	mouse2
CCGTACTGTGCCTGGT	Spermatocyte	Spermatogonia	36.1095	-4.9632874	12967	mouse2
GATCAGTTCGACGGAA	Spermatocyte	Spermatocyte	20.33963	-4.6808524	24775	mouse2
GACACGCAGATGTAAC	Spermatocyte	Spermatogonia	35.6798	-4.5695496	18820	mouse2
TTTATGCTCCGCATCT	Spermatocyte	Spermatocyte	33.640587	-5.288248	25657	mouse2
GCTGCTTCATCGGGTC	Spermatocyte	Spermatocyte	21.29022	-3.6470451	9296	mouse2
GGGTTGCGTGATGTGG	Spermatocyte	Spermatocyte	33.323807	-4.675289	32734	mouse2
GTCACAAGTCTCGTTC	RoundSpermatid	RoundSpermatid	11.747092	-1.0409553	26791	mouse2
CTCTACGAGAGTCGGT	Spermatocyte	Spermatocyte	23.586393	-5.980674	78165	mouse2
ACGAGGAGTAGGGACT	Spermatocyte	Spermatocyte	24.81281	-3.1572943	53592	mouse2
GTGGGTCTCTCTTGAT	Spermatocyte	Spermatogonia	34.984215	-5.0923405	31592	mouse2
CTCTGGTCATGGTTGT	RoundSpermatid	RoundSpermatid	13.278169	-1.412733	20675	mouse2
GATCGATCATTCCTCG	Spermatocyte	Spermatocyte	19.884413	-5.307988	54822	mouse2
TAAGCGTGTACCGAGA	RoundSpermatid	RoundSpermatid	11.285994	4.5862365	26034	mouse2
GTAGTCAGTATAGGTA	Spermatocyte	Spermatogonia	35.23761	-4.9641457	37050	mouse2
AGCTCTCCAGTGACAG	Spermatocyte	Spermatogonia	35.687412	-5.1752043	19915	mouse2
GGTGCGTGTGTAATGA	Spermatocyte	Spermatogonia	35.143444	-5.3092375	15994	mouse2
TTGAACGGTGTGACGA	Spermatocyte	Spermatocyte	32.897057	-4.2758894	40829	mouse2
TATGCCCGTTCGCTAA	Spermatocyte	Spermatogonia	36.038464	-5.4086094	11297	mouse2
AACACGTTCCACGACG	Spermatocyte	Spermatogonia	35.952084	-5.574688	14853	mouse2
TACTCATCAACTTGAC	Spermatocyte	Spermatocyte	33.481693	-4.9734755	42792	mouse2
CGTTCTGAGGGATGGG	RoundSpermatid	RoundSpermatid	12.13418	-0.98638815	18086	mouse2
CTAATGGGTCTTGCGG	Spermatocyte	Spermatocyte	24.969501	-3.239281	41941	mouse2
TCACGAAGTTGATTCG	Spermatocyte	Spermatogonia	35.65366	-5.283887	11236	mouse2
CCCAATCGTACAAGTA	Spermatocyte	Spermatocyte	34.039154	-4.947634	37143	mouse2
CTCTAATAGTCGTACT	Spermatocyte	Spermatocyte	24.76312	-3.2152393	48303	mouse2
GAACCTAAGTCGATAA	Spermatocyte	Spermatocyte	33.85764	-4.6944165	37371	mouse2
CATGGCGCAAGACGTG	Spermatocyte	Spermatocyte	23.576454	-5.9655347	112011	mouse2
GACACGCGTGAGGGTT	Spermatocyte	Spermatogonia	35.663387	-5.2986684	19725	mouse2
TCATTTGTCACCGGGT	Spermatocyte	Spermatocyte	24.344412	-3.3736212	44094	mouse2
CCACGGACACCAGATT	Spermatocyte	Spermatogonia	35.37042	-5.60577	9300	mouse2
GTTACAGCAGCCAGAA	Spermatocyte	Spermatocyte	33.584957	-4.7036896	42300	mouse2
CGATCGGCACTTAACG	Spermatocyte	Spermatocyte	22.63051	-3.4220521	44832	mouse2
GGATTACTCAAGAAGT	Spermatocyte	Spermatocyte	22.870773	-4.8338766	58568	mouse2
TTGCCGTCACAGCCCA	Spermatocyte	RoundSpermatid	35.08302	-4.276571	10209	mouse2
CATGGCGAGCAAATCA	Spermatocyte	Spermatogonia	34.42501	-5.600032	12781	mouse2
CGTGTAAGTTAAGAAC	RoundSpermatid	RoundSpermatid	10.565509	2.0212615	11316	mouse2
CCTCTGATCGAACTGT	Spermatocyte	Spermatocyte	16.049503	-3.0094643	23727	mouse2
GGTGCGTAGGACGAAA	RoundSpermatid	RoundSpermatid	10.974002	4.691427	17546	mouse2
ATCACGAAGTAACCCT	RoundSpermatid	RoundSpermatid	11.855871	9.276817	16101	mouse2
GAACCTAAGCGTGTCC	RoundSpermatid	RoundSpermatid	12.073315	6.204277	24142	mouse2
GCTTCCACAATGTTGC	RoundSpermatid	RoundSpermatid	10.314991	6.2603416	20722	mouse2
CAAGTTGTCCCTGACT	Spermatocyte	Spermatogonia	35.835323	-5.3755684	20268	mouse2
TGTGGTATCTACCAGA	Spermatocyte	Spermatogonia	35.085476	-5.193764	21938	mouse2
CGTGTAAAGACCTTTG	RoundSpermatid	RoundSpermatid	10.5266905	-0.88432604	11945	mouse2
CATCAGATCCGAATGT	Spermatocyte	Spermatogonia	35.778843	-4.6339107	19695	mouse2
GGCTCGAGTCGATTGT	Spermatocyte	Spermatocyte	20.036562	-3.7058983	23156	mouse2
CTGTGCTTCCCTAACC	Spermatocyte	Spermatogonia	36.182095	-5.0181594	21977	mouse2
ACTTTCAGTGCACTTA	Spermatocyte	Spermatogonia	35.63116	-5.394433	13668	mouse2
GCTGCGAAGCGATGAC	Spermatocyte	Spermatogonia	35.543865	-5.194344	19728	mouse2
TTGCGTCAGAGATGAG	Spermatocyte	Spermatogonia	35.4426	-4.718978	18799	mouse2
GCACATAGTGAAGGCT	Spermatocyte	Spermatogonia	34.357845	-4.65759	28313	mouse2
CAGATCAAGTCCCACG	Elongating	Elongating	22.644222	3.757673	8979	mouse2
GCGCGATCAGGACCCT	Elongating	Elongating	20.26418	6.130107	16274	mouse2
CATGGCGAGACTCGGA	Spermatocyte	Spermatogonia	35.317364	-4.8459334	10709	mouse2
ATAACGCGTCGGCTCA	Elongating	Elongating	21.512201	4.930943	8287	mouse2
CGTCTACTCCTGTAGA	Spermatocyte	Spermatocyte	17.405727	-3.3752613	23645	mouse2
CCTTCGAGTACATGTC	RoundSpermatid	RoundSpermatid	9.63449	-0.058199093	16978	mouse2
CCCAGTTGTTTGGGCC	Spermatocyte	Spermatocyte	25.219418	-3.534096	41709	mouse2
CTCAGAAGTCTCCCTA	RoundSpermatid	RoundSpermatid	16.834991	12.003387	16666	mouse2
ATTACTCAGCGAGAAA	RoundSpermatid	RoundSpermatid	20.05531	16.563284	16585	mouse2
GGATTACAGGTGCACA	Spermatocyte	Spermatocyte	24.94304	-3.34753	43812	mouse2
GCCTCTAAGGCTACGA	RoundSpermatid	RoundSpermatid	16.357492	13.243585	21704	mouse2
CAGTCCTAGAATTCCC	Spermatocyte	Spermatocyte	19.405708	-3.982203	26539	mouse2
CGTAGGCCATCCGTGG	Spermatocyte	Spermatocyte	17.397041	-3.3406475	25588	mouse2
GTGCTTCAGCGATCCC	Spermatocyte	Spermatogonia	35.350937	-5.0505066	21625	mouse2
CACAGGCAGCTATGCT	Spermatocyte	Spermatogonia	36.041775	-5.5365496	21323	mouse2
CAAGAAACAGCGTAAG	Spermatocyte	Spermatogonia	35.901028	-4.757562	9200	mouse2
CCTACACCAGCTGTAT	Spermatocyte	Spermatocyte	24.059587	-3.8108335	53843	mouse2
TTTGTCATCTGTCCGT	Spermatocyte	Spermatocyte	33.86971	-5.038198	25443	mouse2
CCACGGACATCATCCC	Spermatocyte	Spermatocyte	22.951048	-4.5189323	85063	mouse2
CTCGAAAAGGGAAACA	Spermatocyte	Spermatocyte	23.422754	-5.79366	101679	mouse2
GTGCGGTGTCGCATCG	Spermatocyte	Spermatocyte	33.422012	-4.5479784	34497	mouse2
TGTCCCAAGTGGTAAT	Spermatocyte	Spermatocyte	33.950317	-4.6840987	32380	mouse2
CGAGCACGTTCGCTAA	Spermatocyte	Spermatogonia	35.110447	-4.8151135	20438	mouse2
GCGCGATCACCATGTA	RoundSpermatid	RoundSpermatid	13.351686	-1.5231469	24549	mouse2
TTTCCTCGTTCAGCGC	RoundSpermatid	RoundSpermatid	10.074925	0.68806005	22102	mouse2
CAGAGAGGTAGATTAG	RoundSpermatid	RoundSpermatid	10.52537	-0.27927807	26726	mouse2
AAGGCAGAGTCGTACT	RoundSpermatid	RoundSpermatid	17.305653	12.932201	7998	mouse2
TTTACTGTCTATCCCG	Elongating	Elongating	21.051397	6.195744	11603	mouse2
AGAATAGAGATGTCGG	Spermatocyte	Spermatocyte	34.163223	-4.8685455	26138	mouse2
ACACCCTGTCTGCGGT	Spermatocyte	Spermatocyte	20.682251	-4.712439	50094	mouse2
AGCAGCCCACGAGGTA	Spermatocyte	Spermatocyte	19.082556	-4.3923225	71288	mouse2
CCTCTGAGTGCCTTGG	Spermatocyte	Spermatocyte	17.623013	-3.0470808	19391	mouse2
TGGACGCGTCAAAGCG	RoundSpermatid	RoundSpermatid	11.616795	3.0421097	19990	mouse2
GACTAACCATCCTTGC	Spermatocyte	Spermatocyte	19.440807	-4.07506	45372	mouse2
CAGCAGCAGGAACTGC	Spermatocyte	Spermatocyte	19.480968	-5.0380015	57635	mouse2
AGATTGCTCGGCGCAT	Spermatocyte	Spermatocyte	17.34131	-3.65574	42513	mouse2
ACGATGTGTTTGTGTG	RoundSpermatid	RoundSpermatid	11.969888	6.138424	25213	mouse2
AGAATAGTCGCTTGTC	Spermatocyte	Spermatocyte	23.01408	-3.611437	66291	mouse2
GCCAAATCAGGTCCAC	Spermatocyte	Spermatocyte	23.655432	-5.4209905	88379	mouse2
CGTTAGATCGCTTAGA	RoundSpermatid	RoundSpermatid	10.459273	0.3470651	13092	mouse2
CGTTCTGGTGCTTCTC	Spermatocyte	Spermatogonia	34.45494	-4.9227414	17999	mouse2
CGATTGATCCTTTACA	Spermatocyte	Spermatocyte	20.66897	-4.918441	115975	mouse2
CCACGGAAGAAGGGTA	Spermatocyte	Spermatocyte	19.28407	-4.3520555	46985	mouse2
TGCGCAGCATTGAGCT	Spermatocyte	Spermatocyte	18.823694	-3.6905951	24009	mouse2
AATCCAGTCATGCTCC	Spermatocyte	Spermatogonia	35.60398	-4.8456435	21031	mouse2
ACTGCTCAGGGTGTGT	Spermatocyte	Spermatocyte	19.523077	-3.5193534	29279	mouse2
AACTCCCGTAATTGGA	Spermatocyte	Spermatocyte	15.885635	-2.6677294	27217	mouse2
CTCTAATAGCGCCTTG	Spermatocyte	Spermatocyte	23.116043	-5.0989866	75753	mouse2
TGCTGCTTCCTGCCAT	Spermatocyte	Spermatocyte	17.079058	-3.5892112	27335	mouse2
AGGCCACGTAGCGATG	Spermatocyte	Spermatocyte	20.009966	-3.6885948	22014	mouse2
TATCTCATCGCAGGCT	Spermatocyte	Spermatocyte	20.318262	-5.0866857	36161	mouse2
CAAGATCCAAGTTGTC	Spermatocyte	RoundSpermatid	12.169424	1.0355483	10830	mouse2
CTAGAGTAGATCCCAT	Spermatocyte	Spermatocyte	34.021416	-4.8960767	33963	mouse2
AGTGAGGAGCTAACTC	RoundSpermatid	RoundSpermatid	10.975328	0.04680857	24708	mouse2
GGGAGATAGGAACTGC	Spermatocyte	Spermatocyte	19.33433	-4.283703	53715	mouse2
GCGACCACACATCCGG	Spermatocyte	Spermatocyte	16.269674	-2.7505264	36002	mouse2
CTGGTCTCATAGAAAC	Spermatocyte	Spermatocyte	21.727333	-4.002796	39654	mouse2
TGCGGGTCATTACCTT	Spermatocyte	Spermatocyte	20.777401	-4.849465	31586	mouse2
CCTATTACATGAGCGA	Spermatocyte	Spermatocyte	20.874634	-3.7082005	14107	mouse2
TGGCTGGTCACAGTAC	Spermatocyte	Spermatocyte	21.337421	-3.6272871	12692	mouse2
GCTCTGTGTTTAGCTG	RoundSpermatid	RoundSpermatid	11.300324	1.626943	19361	mouse2
CCTACACGTCCAGTTA	Spermatocyte	Spermatocyte	23.229343	-3.9010186	60379	mouse2
GATGAAAGTCAATGTC	Spermatocyte	Spermatocyte	20.863169	-4.352047	38341	mouse2
CGTCTACCATTCCTGC	Spermatocyte	Spermatocyte	18.234356	-3.5847054	28286	mouse2
GTCTTCGAGGGTATCG	Spermatocyte	Spermatocyte	33.245945	-4.793325	30878	mouse2
TTCTCAAAGACAGAGA	RoundSpermatid	RoundSpermatid	13.653248	-1.3921868	22486	mouse2
AGTAGTCCATTTGCCC	Spermatocyte	Spermatocyte	18.367395	-3.56789	24053	mouse2
GACGTTATCACCTTAT	Spermatocyte	Spermatocyte	15.296257	-2.276442	20919	mouse2
CGAGCCACAGCTGGCT	Spermatocyte	Spermatocyte	23.69191	-3.0578048	59943	mouse2
TCAGGTAGTTCCACAA	Spermatocyte	Spermatocyte	20.072891	-3.6754441	17004	mouse2
GTTCTCGGTTCGAATC	Spermatocyte	Spermatocyte	33.945423	-4.9443245	34733	mouse2
CATCAAGGTCCAGTAT	RoundSpermatid	RoundSpermatid	12.045966	2.7473733	10369	mouse2
CGACCTTCAATTCCTT	Spermatocyte	Spermatocyte	24.284452	-3.8912666	9574	mouse2
CAGCAGCCACGACTCG	Spermatocyte	Spermatocyte	17.72466	-3.6776776	35007	mouse2
CACATTTAGGAGCGTT	Spermatocyte	Spermatocyte	23.955572	-3.021011	85345	mouse2
ACATACGCATTATCTC	Spermatocyte	Spermatocyte	19.481041	-4.2764463	25553	mouse2
TAAGCGTGTTAAAGTG	Spermatocyte	Spermatocyte	18.045088	-3.7292998	39844	mouse2
GGGAATGCATGAAGTA	Spermatocyte	Spermatocyte	23.977926	-4.4373856	11265	mouse2
GCGCAGTAGCCGGTAA	Spermatocyte	Spermatocyte	17.55718	-2.9358466	18371	mouse2
CGAATGTCAAGTCATC	Spermatocyte	Spermatocyte	24.828926	-3.7760727	40302	mouse2
GCTCCTATCGGTCCGA	Spermatocyte	Spermatogonia	35.086544	-5.557509	16341	mouse2
CGTAGCGCACAAGACG	RoundSpermatid	RoundSpermatid	10.471128	0.93919975	22470	mouse2
GCACTCTAGTTAACGA	Spermatocyte	Spermatocyte	33.48897	-5.3770943	31410	mouse2
AGAGCTTAGCCACCTG	Spermatocyte	Spermatogonia	36.018215	-5.3531394	9198	mouse2
GACTACACACCGTTGG	Spermatocyte	Spermatocyte	17.982622	-3.6782517	16453	mouse2
CAACCTCAGGCTACGA	RoundSpermatid	RoundSpermatid	9.930251	2.6495616	18967	mouse2
CTCGTCAAGCCCGAAA	Spermatocyte	Spermatogonia	35.011078	-5.30367	14508	mouse2
CACACCTTCATGCAAC	Spermatocyte	Spermatocyte	15.501962	-2.4150085	26246	mouse2
AACCATGTCTGCCAGG	Spermatocyte	Spermatocyte	23.67363	-3.392403	53819	mouse2
ACATGGTCATGAGCGA	RoundSpermatid	RoundSpermatid	12.320379	-1.0669007	19476	mouse2
AGGTCCGCACGAAATA	Spermatocyte	Spermatocyte	22.46384	-4.440099	96572	mouse2
ATTACTCGTAAACCTC	Spermatocyte	Spermatocyte	16.30728	-2.6850414	27772	mouse2
GTGCATACACAGATTC	RoundSpermatid	RoundSpermatid	12.691556	-1.4090495	18044	mouse2
GGGATGAGTCACTTCC	Spermatocyte	Spermatocyte	24.376856	-4.8363595	20063	mouse2
CGATTGACAACCGCCA	Spermatocyte	Spermatogonia	34.45554	-5.052248	26806	mouse2
GGACATTTCATCGCTC	RoundSpermatid	RoundSpermatid	12.779831	-1.07704	19515	mouse2
GCTGCAGTCACGCGGT	RoundSpermatid	RoundSpermatid	9.748668	3.1719172	19519	mouse2
TATTACCGTTTGACAC	RoundSpermatid	RoundSpermatid	11.184887	-1.1030865	21825	mouse2
CATGACAGTTCCGGCA	Spermatocyte	Spermatogonia	35.405834	-5.7718377	15469	mouse2
TTGCGTCAGAATAGGG	Spermatocyte	Spermatocyte	23.275366	-5.829219	94932	mouse2
CTCGGAGCAAGCTGTT	RoundSpermatid	RoundSpermatid	10.937437	1.2447398	21433	mouse2
TGCCAAATCTGCAGTA	Spermatocyte	Spermatocyte	17.952948	-3.3332067	22278	mouse2
CTTAACTTCCAGGGCT	Spermatocyte	Spermatocyte	24.130753	-3.174496	56451	mouse2
GGCGTGTTCGTTGACA	Spermatocyte	Spermatocyte	23.294174	-3.2694871	41797	mouse2
ATAACGCAGCTGTTCA	Spermatocyte	Spermatocyte	16.639446	-2.8534615	21196	mouse2
TGGTTCCTCATCATTC	RoundSpermatid	RoundSpermatid	12.756908	7.411636	8433	mouse2
CTCGAAACAAGCGTAG	Spermatocyte	Spermatocyte	20.874506	-3.6295836	8551	mouse2
CGGGTCACAGAAGCAC	Elongating	Elongating	20.889479	10.673403	11832	mouse2
CATCGGGGTACCGGCT	RoundSpermatid	RoundSpermatid	9.873649	1.8890753	22407	mouse2
TAGTTGGCAAGCGTAG	RoundSpermatid	RoundSpermatid	10.124626	-0.8444999	33294	mouse2
CTGTGCTAGTGTACGG	RoundSpermatid	RoundSpermatid	9.996891	-0.21555048	23429	mouse2
TCGCGTTAGTGAATTG	Spermatocyte	Spermatocyte	20.691898	-3.523329	19557	mouse2
AGACGTTAGGCGTACA	Elongating	Elongating	20.82277	15.415975	15871	mouse2
TGACAACCAGACAGGT	Spermatocyte	Spermatocyte	19.381159	-4.001394	33172	mouse2
ACTTACTTCGCACTCT	RoundSpermatid	RoundSpermatid	10.237661	-0.9072462	23738	mouse2
TGAGCCGGTCCTAGCG	RoundSpermatid	RoundSpermatid	10.323728	-0.8939271	21240	mouse2
TTAGGACCATAAGACA	RoundSpermatid	RoundSpermatid	10.616749	-0.31824583	22640	mouse2
GGGATGACAACTGGCC	RoundSpermatid	RoundSpermatid	12.223905	2.9782648	16116	mouse2
GTTTCTAGTTCGTTGA	RoundSpermatid	RoundSpermatid	12.145216	2.9735339	9571	mouse2
CTGAAGTGTCAAAGAT	Spermatocyte	Spermatocyte	19.763634	-3.9885948	21100	mouse2
TAGTTGGTCAACTCTT	RoundSpermatid	RoundSpermatid	9.62811	1.8500801	20238	mouse2
GACCAATTCAGTCAGT	Spermatocyte	Spermatocyte	16.437939	-3.0309072	18580	mouse2
GACGCGTGTTCGAATC	Spermatocyte	Spermatocyte	16.413263	-2.8714163	22865	mouse2
TCAGATGGTAGCGCAA	RoundSpermatid	RoundSpermatid	12.408475	-1.3105222	68227	mouse2
AATCCAGAGCGAAGGG	Spermatocyte	Spermatocyte	23.409681	-3.3356645	57817	mouse2
TCTTTCCGTGGTCCGT	RoundSpermatid	RoundSpermatid	13.284677	-1.0582824	22099	mouse2
CAGCATATCGGTCTAA	RoundSpermatid	RoundSpermatid	13.112962	-0.79825896	20180	mouse2
CCTCTGACACAGTCGC	Spermatocyte	Spermatocyte	23.157804	-5.7024584	101066	mouse2
TCCCGATGTTTGGGCC	RoundSpermatid	RoundSpermatid	9.612227	2.6769142	12800	mouse2
GCACTCTTCGGACAAG	Spermatocyte	Spermatocyte	19.732851	-3.87737	30328	mouse2
GTGGGTCCACATCTTT	RoundSpermatid	RoundSpermatid	13.790802	-1.4564968	27760	mouse2
TACACGAAGCGTCTAT	Spermatocyte	Spermatocyte	20.510288	-3.6280074	21257	mouse2
CGATCGGAGACAAAGG	Spermatocyte	Spermatocyte	17.618341	-3.263466	17900	mouse2
AGAGCTTCAGTTCATG	RoundSpermatid	RoundSpermatid	13.165761	-0.8649231	20595	mouse2
TGTGTTTTCAGGTTCA	RoundSpermatid	RoundSpermatid	9.609851	2.8826013	23287	mouse2
GACTGCGAGTCACGCC	RoundSpermatid	RoundSpermatid	11.783833	3.354526	18908	mouse2
CAAGAAACAGTGACAG	RoundSpermatid	RoundSpermatid	10.067075	1.904013	26980	mouse2
CAGTAACGTTCCACGG	RoundSpermatid	RoundSpermatid	10.228613	2.9219854	30717	mouse2
GTTACAGAGCTGAAAT	Spermatocyte	Spermatocyte	23.727287	-4.8318496	24087	mouse2
TAAGAGACATGTCTCC	RoundSpermatid	RoundSpermatid	11.417402	4.8938723	21299	mouse2
ACGCAGCGTCGAATCT	RoundSpermatid	RoundSpermatid	11.9392	8.551524	7719	mouse2
AACGTTGAGTTAAGTG	Spermatocyte	Spermatocyte	16.296959	-3.476319	14206	mouse2
TGGACGCCAGACGCAA	RoundSpermatid	RoundSpermatid	11.68229	-0.19235292	16187	mouse2
CGAGCACGTCGCATAT	Spermatocyte	Spermatocyte	15.692859	-2.5954974	23600	mouse2
CTAAGACCAATGCCAT	Spermatocyte	Spermatocyte	15.959849	-2.789158	27902	mouse2
TACGGGCTCTTACCGC	Spermatocyte	Spermatocyte	19.981823	-5.5373235	35568	mouse2
CTGTTTAGTAGCTTGT	RoundSpermatid	RoundSpermatid	10.0779915	-0.7001156	26070	mouse2
CTGATCCAGTGAATTG	RoundSpermatid	RoundSpermatid	11.966098	5.487935	25688	mouse2
CAGCTGGGTGCTCTTC	RoundSpermatid	RoundSpermatid	9.888172	-0.33845967	23743	mouse2
TATGCCCGTAAACCTC	Spermatocyte	Spermatocyte	21.08329	-3.8612254	16350	mouse2
ACGGCCAGTCCATCCT	Spermatocyte	Spermatocyte	17.523907	-3.507446	26019	mouse2
GGGATGAAGTTCGCAT	Spermatocyte	Spermatocyte	21.222166	-3.566665	8875	mouse2
GGGCACTCATCTACGA	RoundSpermatid	RoundSpermatid	10.39424	1.0725573	27119	mouse2
TACACGAGTCCCTTGT	Spermatocyte	Spermatocyte	16.986002	-3.1414888	26459	mouse2
GTTTCTAAGCTCCTTC	Spermatocyte	Spermatocyte	18.682356	-3.360995	14122	mouse2
GTACTCCGTTCTGTTT	RoundSpermatid	RoundSpermatid	14.3087845	-1.7094221	22510	mouse2
CTGAAACGTAAGTGGC	RoundSpermatid	RoundSpermatid	12.546949	-0.68801737	30377	mouse2
CACACTCCAAGCGTAG	RoundSpermatid	RoundSpermatid	13.045114	-1.4000895	41208	mouse2
GATCTAGTCGCCTGAG	RoundSpermatid	RoundSpermatid	11.906231	7.5042276	30776	mouse2
CTAGTGAGTTGGGACA	RoundSpermatid	RoundSpermatid	14.969993	10.524799	25513	mouse2
GGCGTGTTCCAGATCA	RoundSpermatid	RoundSpermatid	11.3638525	3.43995	18261	mouse2
CGATGTAAGGGAACGG	Spermatocyte	Spermatocyte	17.388865	-3.2309	21598	mouse2
GAATGAATCATCTGCC	RoundSpermatid	RoundSpermatid	13.563119	-1.0945415	22105	mouse2
ACATCAGAGGTAGCTG	RoundSpermatid	RoundSpermatid	11.56271	3.8341053	24140	mouse2
CAACCAAGTTTAGCTG	RoundSpermatid	RoundSpermatid	10.497353	2.9846377	31831	mouse2
CCTAGCTAGTCAAGCG	RoundSpermatid	RoundSpermatid	10.362778	-0.41223592	21121	mouse2
GTAGGCCGTCCAAGTT	RoundSpermatid	RoundSpermatid	9.780807	0.28294885	22178	mouse2
AAAGTAGTCCACGAAT	RoundSpermatid	RoundSpermatid	11.492457	-0.9912671	21925	mouse2
TGACGGCGTTGAGTTC	RoundSpermatid	RoundSpermatid	10.777147	-0.8294337	25629	mouse2
CGCTGGAGTGACGCCT	RoundSpermatid	RoundSpermatid	12.721613	8.109232	28787	mouse2
TAAGCGTTCAGTTAGC	RoundSpermatid	RoundSpermatid	13.341435	8.094295	14941	mouse2
AGGCCACAGATGCCAG	RoundSpermatid	RoundSpermatid	11.286558	5.1625814	21347	mouse2
GACTACATCGCTTGTC	RoundSpermatid	RoundSpermatid	11.217806	5.268184	21920	mouse2
CATCAGATCAGGTTCA	Spermatocyte	Spermatocyte	34.604195	-4.454788	10496	mouse2
ACGCCAGGTCGGGTCT	Spermatocyte	Spermatocyte	19.298548	-3.8160896	25047	mouse2
TTTGCGCAGCGATTCT	RoundSpermatid	RoundSpermatid	12.974638	-1.2823635	31662	mouse2
GTGCTTCTCTCTGAGA	RoundSpermatid	RoundSpermatid	15.863182	11.290685	26364	mouse2
GTAGGCCGTTGACGTT	Spermatocyte	Spermatocyte	19.187983	-3.3589926	18928	mouse2
CATCGGGTCAAGGTAA	RoundSpermatid	RoundSpermatid	11.284309	2.36117	30007	mouse2
GTCCTCATCGCCTGTT	RoundSpermatid	RoundSpermatid	13.100935	-1.455064	17828	mouse2
CCGTGGAGTACATCCA	Spermatocyte	Spermatocyte	16.839882	-3.1459079	19516	mouse2
GCGCAGTTCTTACCGC	RoundSpermatid	RoundSpermatid	10.138145	4.428009	45043	mouse2
CAACTAGCAAGAAAGG	Spermatocyte	Spermatocyte	21.552597	-3.7948432	13682	mouse2
ACACCGGCATATGCTG	RoundSpermatid	RoundSpermatid	10.966474	-1.3230962	22073	mouse2
TGGTTCCAGGCTCAGA	Spermatocyte	Spermatocyte	19.506142	-3.5010579	22308	mouse2
CTGGTCTTCGACCAGC	RoundSpermatid	RoundSpermatid	11.623311	5.469675	21124	mouse2
AGCGTCGCAATCCGAT	Spermatocyte	Spermatocyte	16.935291	-3.3479636	11993	mouse2
GACAGAGCATATGCTG	Spermatocyte	Spermatocyte	18.6188	-3.6578944	17669	mouse2
GCAATCATCCCATTTA	RoundSpermatid	RoundSpermatid	13.834578	-1.5553018	22443	mouse2
CGGGTCATCCTAGAAC	RoundSpermatid	RoundSpermatid	10.356216	0.29627833	24808	mouse2
ATAACGCAGCTAAACA	RoundSpermatid	RoundSpermatid	10.186393	-0.80254054	25762	mouse2
TTTGGTTTCTACTATC	RoundSpermatid	RoundSpermatid	10.488795	3.996298	17185	mouse2
CCGTACTGTCGGGTCT	RoundSpermatid	RoundSpermatid	12.219962	-0.9827185	29759	mouse2
GAGCAGAAGACTAGGC	Spermatocyte	Spermatocyte	17.166403	-3.7283556	20926	mouse2
GACAGAGAGTGTCCAT	RoundSpermatid	RoundSpermatid	12.244748	-1.4573482	21727	mouse2
GCAGCCAAGTGGTAGC	RoundSpermatid	RoundSpermatid	9.637162	1.0487597	22975	mouse2
GGAAAGCAGACAATAC	RoundSpermatid	RoundSpermatid	9.407814	2.0790534	24118	mouse2
GACGTGCTCTCACATT	Spermatocyte	Spermatocyte	16.762827	-3.3049977	20394	mouse2
GCACATATCTCGGACG	Spermatocyte	Spermatocyte	19.368994	-3.6210284	22386	mouse2
GTCATTTAGAGGTACC	RoundSpermatid	RoundSpermatid	11.58387	8.743175	22231	mouse2
TGATTTCGTTATCACG	RoundSpermatid	RoundSpermatid	18.911627	17.42484	9194	mouse2
GACGTGCGTACCTACA	RoundSpermatid	RoundSpermatid	11.99096	2.2975397	10859	mouse2
ACTATCTGTATGAAAC	Spermatocyte	Spermatocyte	33.641033	-4.269819	10131	mouse2
CTTGGCTTCACAACGT	RoundSpermatid	RoundSpermatid	12.383515	0.09219428	24139	mouse2
GCACATAAGCTGCGAA	RoundSpermatid	RoundSpermatid	10.950704	3.6428754	16341	mouse2
ATCACGAGTGTGCCTG	RoundSpermatid	RoundSpermatid	11.713742	5.270801	17872	mouse2
GCTCCTAGTTGTTTGG	Spermatocyte	Spermatocyte	17.042028	-2.6404834	19989	mouse2
AACCATGAGTAGGCCA	Spermatocyte	Spermatocyte	20.104918	-3.7659461	23914	mouse2
GCAATCAGTAGCGCAA	RoundSpermatid	RoundSpermatid	10.228165	6.2097287	14280	mouse2
CCTAGCTCATTACGAC	Spermatocyte	Spermatocyte	17.169773	-3.749971	21637	mouse2
AGCGGTCAGACAAGCC	Spermatocyte	Spermatocyte	23.697496	-5.2465663	10004	mouse2
ACTGCTCCACGCATCG	Spermatocyte	Spermatocyte	16.779171	-2.8431463	24517	mouse2
CAGCTGGTCGGCGCTA	Spermatocyte	Spermatocyte	16.759064	-2.7783494	24082	mouse2
CTGTGCTCAAGTAGTA	RoundSpermatid	RoundSpermatid	11.745554	2.3351498	25672	mouse2
ACCAGTAAGCCAGGAT	Spermatocyte	Spermatocyte	23.576426	-4.9256744	15313	mouse2
CACTCCACAAAGAATC	RoundSpermatid	RoundSpermatid	12.968382	-1.1098574	39029	mouse2
AATCGGTGTACCGGCT	RoundSpermatid	RoundSpermatid	11.978197	5.531122	23977	mouse2
TTAGGACAGCACAGGT	RoundSpermatid	RoundSpermatid	13.324301	7.872568	13870	mouse2
GGCAATTGTCGAAAGC	RoundSpermatid	RoundSpermatid	11.395977	3.65177	19189	mouse2
CTCGAAAAGTTCGCGC	RoundSpermatid	RoundSpermatid	10.03475	1.419305	24784	mouse2
CATTCGCAGGCTAGAC	Spermatocyte	RoundSpermatid	15.43155	-2.3745768	22651	mouse2
TTTGGTTGTGCAACTT	RoundSpermatid	RoundSpermatid	12.563172	-0.018685581	19924	mouse2
TGAAAGAGTACATGTC	RoundSpermatid	RoundSpermatid	11.945913	-1.31928	23377	mouse2
ACGGGCTAGATATACG	RoundSpermatid	RoundSpermatid	9.623252	0.7950805	49267	mouse2
GGGAATGCAGTCGTGC	RoundSpermatid	RoundSpermatid	10.689168	6.763023	12928	mouse2
CCTACCAAGCTAGTTC	Spermatocyte	Spermatocyte	19.614128	-3.7452912	24065	mouse2
TAGAGCTGTTCTGAAC	Spermatocyte	Spermatocyte	20.259064	-3.5440726	21276	mouse2
TCGCGTTAGATCCCAT	RoundSpermatid	RoundSpermatid	10.389489	2.3817182	26141	mouse2
TGGCGCACATGCAACT	Elongating	Elongating	20.887428	12.623816	8766	mouse2
TACTTACAGAGTAATC	RoundSpermatid	RoundSpermatid	13.943331	-1.2143317	12289	mouse2
CGATCGGAGTGGGTTG	RoundSpermatid	RoundSpermatid	17.135023	14.434979	10743	mouse2
TCAGGATGTCTAAACC	RoundSpermatid	RoundSpermatid	11.906379	2.0446794	9057	mouse2
ATTGGTGCAGAAGCAC	Spermatocyte	Spermatocyte	22.459904	-3.671489	12980	mouse2
CTGGTCTGTGTAAGTA	RoundSpermatid	RoundSpermatid	11.537665	4.209275	26264	mouse2
GAACCTAGTTAGTGGG	RoundSpermatid	RoundSpermatid	11.898279	2.432954	11827	mouse2
ACGGAGAGTAGGCTGA	Elongating	Elongating	20.997389	10.182563	9304	mouse2
GCAGCCACACTTAACG	Spermatocyte	Spermatocyte	19.8978	-3.6593509	10210	mouse2
ACGAGGAAGGTAGCTG	Spermatocyte	Spermatocyte	17.531036	-3.3963547	23497	mouse2
GACGCGTGTTATCACG	RoundSpermatid	RoundSpermatid	12.364355	3.242858	8349	mouse2
GACGTTAGTCAAGCGA	RoundSpermatid	RoundSpermatid	10.943345	3.3654952	22526	mouse2
CTGTTTACAATGGTCT	RoundSpermatid	RoundSpermatid	11.038843	8.169049	20983	mouse2
TGAGCCGCAGTTAACC	Spermatocyte	Spermatocyte	17.302042	-2.8170748	13752	mouse2
TCAGGTAAGAAGGTGA	RoundSpermatid	RoundSpermatid	13.994562	10.383071	18832	mouse2
GCATGATGTACTCAAC	RoundSpermatid	RoundSpermatid	11.884342	5.968105	23520	mouse2
GGAAAGCGTCAATGTC	Spermatocyte	Spermatogonia	35.402145	-5.167132	14072	mouse2
GTACTCCCAGAAGCAC	Spermatocyte	RoundSpermatid	34.69698	-4.6582294	10816	mouse2
TATCAGGAGCAAATCA	RoundSpermatid	RoundSpermatid	13.695427	-1.3811346	20660	mouse2
ATAACGCCAATCAGAA	RoundSpermatid	RoundSpermatid	10.51907	2.4227762	25856	mouse2
TGCGTGGCAATGCCAT	RoundSpermatid	RoundSpermatid	11.3322935	4.28235	22614	mouse2
TGCGTGGCAAAGGAAG	RoundSpermatid	RoundSpermatid	11.912667	-0.44802704	9103	mouse2
TAAGAGATCAGGCCCA	RoundSpermatid	RoundSpermatid	11.377295	3.413447	28110	mouse2
AGCGTATTCAGGATCT	Elongating	Elongating	20.911907	7.6634073	9922	mouse2
TTGCCGTAGCTCCCAG	Elongating	Elongating	20.38342	16.07928	14392	mouse2
ACCAGTAGTCGTTGTA	RoundSpermatid	RoundSpermatid	9.652058	2.3910336	17197	mouse2
CTACCCATCCAGAAGG	Elongating	Elongating	21.018118	6.054594	9210	mouse2
AAGGAGCAGACAAGCC	RoundSpermatid	RoundSpermatid	11.05925	-0.8969462	13678	mouse2
CACCAGGGTCCAGTGC	RoundSpermatid	RoundSpermatid	13.307925	-1.4058009	16351	mouse2
CTTACCGCATAGAAAC	RoundSpermatid	RoundSpermatid	10.324888	1.2945688	20191	mouse2
TAGTGGTTCGTTTAGG	RoundSpermatid	RoundSpermatid	13.092644	8.190696	25058	mouse2
ACTTTCAGTAGCACGA	RoundSpermatid	RoundSpermatid	10.046484	0.6169303	23167	mouse2
TTAGTTCGTAGCGATG	RoundSpermatid	RoundSpermatid	11.264877	5.0671616	18690	mouse2
TTCGGTCCACAGGCCT	RoundSpermatid	RoundSpermatid	10.892237	4.278528	24027	mouse2
TGCACCTCAATGGAGC	Spermatocyte	Spermatocyte	16.449902	-2.798612	22053	mouse2
CCGGGATTCATCGGAT	RoundSpermatid	RoundSpermatid	10.125961	1.0209054	14754	mouse2
ACCCACTCATATGAGA	Spermatocyte	Spermatogonia	35.04118	-5.660088	12298	mouse2
CTCTAATTCGTAGGAG	RoundSpermatid	RoundSpermatid	13.146573	7.036735	8505	mouse2
CAGCCGACAAAGGTGC	RoundSpermatid	RoundSpermatid	11.177838	4.4021797	25342	mouse2
GTAGTCAAGCTGCAAG	Spermatocyte	Spermatogonia	35.54222	-4.573992	9604	mouse2
TGATTTCGTCCAAGTT	RoundSpermatid	Elongating	20.129635	16.478628	8648	mouse2
TTCGGTCGTTATGCGT	Spermatocyte	Spermatocyte	17.117245	-2.7267365	11229	mouse2
GTTCGGGTCAGCTCTC	Spermatocyte	RoundSpermatid	11.848463	1.1970912	14252	mouse2
AACTCAGGTACATGTC	Elongating	Elongating	22.572004	3.9204452	8474	mouse2
GCCAAATGTTGCCTCT	RoundSpermatid	RoundSpermatid	12.271489	-0.6201324	10130	mouse2
ATCCGAATCTTTAGTC	Spermatocyte	Spermatocyte	21.774872	-3.6696403	9728	mouse2
ACGGGCTTCTTCCTTC	RoundSpermatid	RoundSpermatid	18.001507	15.054679	8582	mouse2
GACGCGTAGCACCGCT	RoundSpermatid	RoundSpermatid	13.53314	7.8541493	9106	mouse2
CAACTAGGTCTCACCT	Elongating	Elongating	21.290348	5.0905437	11435	mouse2
CCCAGTTTCGCGCCAA	Elongating	Elongating	25.109274	2.4299736	9387	mouse2
CGCTATCGTCGCGTGT	RoundSpermatid	RoundSpermatid	10.202635	0.06724578	19969	mouse2
AGCCTAACACTTAACG	RoundSpermatid	RoundSpermatid	13.496314	-1.0045143	11999	mouse2
GTCTCGTCAGCGTTCG	Elongating	Elongating	22.874683	3.973518	8379	mouse2
CATCAGAGTTCGCTAA	RoundSpermatid	RoundSpermatid	12.391357	8.956433	9950	mouse2
GCGAGAATCTTGTACT	Elongating	Elongating	20.819874	6.311449	9830	mouse2
GGAGCAACATGTTGAC	Elongating	Elongating	20.55912	6.8796782	13156	mouse2
GTGCTTCGTCATGCAT	Elongating	Elongating	20.485285	13.39381	7898	mouse2
ATCATCTGTGACCAAG	Elongating	Elongating	20.851076	7.741587	9142	mouse2
ATCCGAAGTGCCTTGG	Elongating	Elongating	20.363129	14.043599	16141	mouse2
CCCATACGTCGTCTTC	Elongating	Elongating	20.950493	9.985443	9701	mouse2
