cb	clu_pas	stage_pas	clu_gex	stage_gex	umi_pas	umap1_pas	umap2_pas	umap1_gex	umap2_gex
TCTGGAATCCCGACTT	0	RoundSpermatid	0	RoundSpermatid	37522	-5.83512	11.855819	-4.4352164	-1.03957
GTGAAGGCAGAAGCAC	1	RoundSpermatid	1	RoundSpermatid	22158	0.9493066	7.4691105	4.4054193	-0.31470248
AGAATAGGTTCCGGCA	2	RoundSpermatid	2	RoundSpermatid	25850	-0.0061976234	11.426318	-0.33685556	1.0984896
CTTACCGCACACGCTG	1	RoundSpermatid	3	RoundSpermatid	20473	0.7130554	8.3725	3.8438468	1.2978064
TTGAACGGTGTGGTTT	1	RoundSpermatid	2	RoundSpermatid	27388	0.08321252	9.582598	1.7102038	2.0030277
TGCCAAACATTGGTAC	0	RoundSpermatid	0	RoundSpermatid	30253	-4.792829	11.784894	-3.9357193	-2.4525828
CTCTAATTCTATCGCC	1	RoundSpermatid	1	RoundSpermatid	21215	2.622984	6.2486606	5.290432	-2.5225437
CATGGCGTCAGTACGT	1	RoundSpermatid	1	RoundSpermatid	17124	1.9713758	6.522218	5.479025	-2.3784142
CAGTAACAGCAGCCTC	3	Elongating	4	Elongating	17275	-4.971105	6.8880835	-1.4290373	5.727996
CGAATGTGTTGTTTGG	4	RoundSpermatid	5	RoundSpermatid	23014	2.1504292	4.216249	6.9547205	-2.960535
GCTTCCAAGGCCGAAT	2	RoundSpermatid	6	RoundSpermatid	17376	-1.7429883	11.87087	-0.50875145	-0.9672702
ATTGGTGGTAGAGCTG	0	RoundSpermatid	0	RoundSpermatid	26564	-5.1174726	12.164775	-4.2598124	-2.22149
TACGGTAGTACCGAGA	0	RoundSpermatid	0	RoundSpermatid	34275	-3.7826314	12.039588	-2.899973	-2.741349
AGCATACAGTGTGGCA	0	RoundSpermatid	0	RoundSpermatid	8442	-5.0069904	11.283682	-3.6498797	-1.8594563
CACACAAGTGTCTGAT	5	Elongating	7	Elongating	23608	-2.740519	5.24326	1.2188983	6.2896805
GAATGAATCCATGAGT	0	RoundSpermatid	0	RoundSpermatid	25554	-4.920393	11.6568575	-4.0388083	-2.2991245
CTACATTCATTACGAC	0	RoundSpermatid	0	RoundSpermatid	22191	-5.9198833	11.747291	-4.308053	-1.1785326
ATCATGGGTTCGTCTC	0	RoundSpermatid	0	RoundSpermatid	27145	-5.197773	11.933707	-4.0358095	-2.021931
CTCGTACGTCCGAATT	0	RoundSpermatid	0	RoundSpermatid	31576	-6.183576	11.421096	-4.460281	-0.07283287
TGGCTGGTCCTAGTGA	0	RoundSpermatid	0	RoundSpermatid	16344	-6.384596	11.674315	-3.9535198	-0.33724993
AAACGGGTCCTCATTA	0	RoundSpermatid	0	RoundSpermatid	16874	-6.129022	11.210525	-4.0683303	-0.335657
CTTTGCGGTCTAAAGA	0	RoundSpermatid	0	RoundSpermatid	28601	-5.355034	11.961045	-4.4495125	-1.7372482
GGCGTGTCAATGGTCT	0	RoundSpermatid	0	RoundSpermatid	26058	-6.243933	11.707046	-4.569145	-0.35258752
CACAAACTCCTGCTTG	0	RoundSpermatid	0	RoundSpermatid	32651	-5.5902643	12.176829	-4.558527	-1.6246296
CTTAACTTCGGTCTAA	0	RoundSpermatid	0	RoundSpermatid	25563	-5.6713705	11.321793	-4.1459208	-1.0908114
TATCAGGAGAGCTGCA	3	Elongating	8	Elongating	26675	-7.4441824	10.420933	-4.620009	1.561486
CATCGAAAGTAGCGGT	3	Elongating	8	Elongating	27616	-7.5627184	9.074069	-4.7900376	3.129868
GGCGACTGTGAGTATA	6	Spermatocyte	9	Spermatocyte	89368	-13.783115	-4.080735	16.659088	5.115088
ACGCCGAGTACTCAAC	3	Elongating	8	Elongating	10902	-6.8553834	8.0269	-4.6023765	3.6214182
GGTGCGTGTGCACCAC	0	RoundSpermatid	0	RoundSpermatid	26248	-6.174257	11.661365	-4.278564	-0.53990793
CAGCAGCCAAGCCATT	0	RoundSpermatid	0	RoundSpermatid	33722	-6.1229467	11.523373	-4.4398174	-0.597511
CGAGAAGCAGCTTCGG	0	RoundSpermatid	0	RoundSpermatid	32423	-3.909285	11.936622	-2.8410604	-2.762491
CTCGTCACAAGCCTAT	7	Spermatocyte	10	Spermatocyte	19601	5.8853483	-1.7328317	9.272755	4.0770164
TCGGTAAAGTGAACGC	4	RoundSpermatid	5	RoundSpermatid	24711	2.373404	3.862046	7.091029	-3.0558493
TTTATGCAGGTAGCTG	1	RoundSpermatid	1	RoundSpermatid	45807	2.3923063	6.2935843	5.0142646	-2.344638
ACACCGGAGAAGGCCT	1	RoundSpermatid	1	RoundSpermatid	22121	1.1680856	7.360519	4.8217325	-1.0146474
CACATAGGTCACTTCC	4	RoundSpermatid	5	RoundSpermatid	20596	3.0342495	3.9894087	7.9379387	-2.4689593
ACTTGTTAGCGATGAC	4	RoundSpermatid	11	RoundSpermatid	21738	4.738852	1.0445746	8.829377	0.43351784
GGTATTGTCAGCCTAA	4	RoundSpermatid	5	RoundSpermatid	16731	2.8681312	4.499427	7.0886283	-2.0602827
CTGTGCTCAGGTCCAC	6	Spermatocyte	9	Spermatocyte	103415	-13.5360985	-3.804243	16.609177	4.9129415
AACTCAGGTAAATGTG	4	RoundSpermatid	5	RoundSpermatid	16679	3.5453568	2.2707665	8.792457	-2.214582
GGTATTGTCGTGGTCG	7	Spermatocyte	10	Spermatocyte	19868	5.7495522	-0.5544654	8.582178	2.5578077
ATCACGACAAATCCGT	7	Spermatocyte	10	Spermatocyte	18785	5.5650544	-2.0824711	9.434284	4.463456
TTCTACACACGAGAGT	4	RoundSpermatid	5	RoundSpermatid	19166	3.7007813	2.460253	8.566708	-2.074606
GACACGCGTACCGTAT	4	RoundSpermatid	5	RoundSpermatid	17893	3.1307516	3.2086225	8.184641	-2.7230432
TGACTAGTCGAACGGA	4	RoundSpermatid	5	RoundSpermatid	28110	2.4088833	3.2318265	7.972435	-2.9217384
CTAAGACCAAGTCTAC	6	Spermatocyte	12	Spermatocyte	80349	-17.36371	-3.7301152	15.684514	0.8177444
TTTGTCAGTAATAGCA	1	RoundSpermatid	1	RoundSpermatid	39857	2.3407545	6.6685634	4.7745166	-1.5671035
GCAAACTGTGTAACGG	7	Spermatocyte	10	Spermatocyte	19442	5.6864533	-1.1489059	8.725675	3.5144975
TCAGGATCATGGTCAT	4	RoundSpermatid	11	RoundSpermatid	22668	4.7600737	0.581299	8.779038	1.2904406
CGTTCTGTCGTCCAGG	7	Spermatocyte	13	Spermatocyte	22108	4.2402864	-2.756146	10.770156	5.528533
ACACTGAAGTCTCAAC	7	Spermatocyte	10	Spermatocyte	42528	5.611435	-1.908377	9.358312	4.097333
CGTGTAAAGGAGTTTA	4	RoundSpermatid	11	RoundSpermatid	9310	4.844885	1.285462	9.111977	0.3530715
AAAGATGAGGTACTCT	4	RoundSpermatid	5	RoundSpermatid	19214	2.5952513	4.227501	7.5772405	-2.6699855
GAGGTGATCTAACCGA	7	Spermatocyte	13	Spermatocyte	15514	4.7602305	-2.7191222	9.88637	5.614117
CGTTGGGGTTCCGGCA	4	RoundSpermatid	5	RoundSpermatid	9132	1.9830967	3.4642367	8.013871	-1.4693366
GATCTAGGTCACAAGG	1	RoundSpermatid	3	RoundSpermatid	111237	0.060037423	8.773929	2.249853	1.4870985
CGTTGGGCAATCCGAT	7	Spermatocyte	10	Spermatocyte	17204	5.7680945	-1.4628252	9.364561	3.479928
TTTACTGTCAACACAC	4	RoundSpermatid	11	RoundSpermatid	27300	4.2721624	1.4329647	9.590789	0.75163186
CAGTCCTCACTACAGT	8	Spermatocyte	13	Spermatocyte	19076	-15.1260805	-6.7770343	12.31936	5.116633
TCACGAACAACTTGAC	4	RoundSpermatid	5	RoundSpermatid	20441	3.2567708	2.2089972	8.847324	-1.6292192
CTAACTTAGACCGGAT	7	Spermatocyte	10	Spermatocyte	26705	5.0503955	-1.9000205	9.076019	4.715249
CTACACCTCGTGGACC	4	RoundSpermatid	11	RoundSpermatid	25794	4.339023	0.7567802	8.994983	0.92914116
GACGGCTAGATCTGCT	4	RoundSpermatid	5	RoundSpermatid	23762	2.5832255	3.4214952	7.9093785	-2.3311193
CTACGTCAGGGAAACA	4	RoundSpermatid	11	RoundSpermatid	21824	4.1075993	0.65097576	9.12943	0.7748984
TACTTACGTAATAGCA	1	RoundSpermatid	3	RoundSpermatid	24378	-0.059746396	8.270442	3.5335627	1.1608182
AGCATACGTTCGTTGA	1	RoundSpermatid	3	RoundSpermatid	21815	0.30892792	9.1984825	2.622632	1.27354
TGTTCCGCATTCTCAT	4	RoundSpermatid	5	RoundSpermatid	23377	3.4065785	2.0903432	8.779686	-1.4762253
AACTGGTAGAGAGCTC	4	RoundSpermatid	11	RoundSpermatid	23831	4.5872703	0.065549396	8.818038	0.5488102
CTTTGCGAGTTTCCTT	7	Spermatocyte	10	Spermatocyte	17911	6.350558	-0.19772281	8.426774	2.313384
TCACAAGGTCCAAGTT	1	RoundSpermatid	3	RoundSpermatid	26917	0.4731873	7.9068675	3.9364088	0.88715756
ATCTGCCAGACAGGCT	7	Spermatocyte	10	Spermatocyte	26060	6.021586	-0.1366629	9.327707	2.4480395
TAAACCGTCTAACTCT	4	RoundSpermatid	11	RoundSpermatid	22587	4.935735	1.1515086	9.298116	0.5173628
GACGCGTAGCGATGAC	4	RoundSpermatid	5	RoundSpermatid	19766	2.9150357	3.662291	7.2999	-2.7264931
CCCAATCAGTACGCGA	1	RoundSpermatid	1	RoundSpermatid	25749	2.2306376	6.1655726	5.0043845	-2.1993666
CTACGTCCAGCGTCCA	2	RoundSpermatid	6	RoundSpermatid	25604	-1.2766956	11.447519	-0.23473239	-0.7309761
GATCGATAGCGTGAGT	8	Spermatocyte	13	Spermatocyte	18627	-15.157182	-6.162351	11.956574	5.823392
ACGAGGAGTGATGCCC	4	RoundSpermatid	5	RoundSpermatid	28886	2.4020445	3.638895	7.309943	-2.4365358
CACTCCATCGCGGATC	4	RoundSpermatid	11	RoundSpermatid	19167	4.637775	0.77499527	9.067537	0.6750497
CGGACTGTCTCGATGA	3	Elongating	8	Elongating	41408	-7.5837784	10.228909	-4.620414	1.5151353
AAACGGGTCATTTGGG	0	RoundSpermatid	0	RoundSpermatid	21188	-5.41026	11.147601	-3.882296	-1.2917243
CGCGTTTGTAGCTCCG	4	RoundSpermatid	5	RoundSpermatid	17815	4.069658	1.8187882	9.017494	-0.9243594
TCAGATGAGAATTCCC	7	Spermatocyte	10	Spermatocyte	17534	6.161313	-1.0045213	8.362396	3.458566
CACAAACGTTTGTGTG	7	Spermatocyte	10	Spermatocyte	20635	5.7813935	-0.95426255	9.22718	4.0170846
AACCATGAGAGGTACC	7	Spermatocyte	13	Spermatocyte	21573	4.1747594	-2.9161363	10.831215	5.4777803
TGTTCCGTCTTCAACT	7	Spermatocyte	10	Spermatocyte	18609	6.561151	-0.8468545	8.735575	2.7954578
CTCGTACCAGGTGCCT	4	RoundSpermatid	5	RoundSpermatid	21889	2.9088895	3.4822397	7.5046573	-3.242923
CGGTTAAAGGTGCTAG	1	RoundSpermatid	1	RoundSpermatid	20581	1.4843924	6.1846395	4.763311	-2.0665042
ACAGCTACAATCGGTT	4	RoundSpermatid	5	RoundSpermatid	26769	2.1456032	3.2714312	7.9802723	-2.5757551
TCGCGTTCACAGATTC	6	Spermatocyte	12	Spermatocyte	87615	-17.056116	-3.7746706	15.823884	0.36382586
GAACATCAGCCACGCT	4	RoundSpermatid	11	RoundSpermatid	24699	4.0663934	0.99028933	8.934787	0.022165857
AAGCCGCAGAACAACT	4	RoundSpermatid	11	RoundSpermatid	21175	4.1938567	1.5897181	9.179054	0.22622688
CCTCTGAAGTGGGCTA	7	Spermatocyte	10	Spermatocyte	22333	6.058361	-0.44723386	8.819122	2.5946026
ATAAGAGAGAATGTTG	7	Spermatocyte	13	Spermatocyte	18542	3.305543	-3.3845544	11.507114	5.6098905
GTTCGGGGTGCAGTAG	7	Spermatocyte	13	Spermatocyte	18134	5.0602517	-2.4637926	9.9861145	4.8180466
GAACGGAAGAAACCGC	7	Spermatocyte	10	Spermatocyte	20320	5.8584366	-1.9804424	9.288023	4.337291
CAACCAAAGCAATATG	1	RoundSpermatid	1	RoundSpermatid	26238	2.3703988	6.7446117	5.038066	-2.2134554
GCACATAGTTCCACGG	4	RoundSpermatid	11	RoundSpermatid	17329	4.493309	1.1467214	9.512044	0.37712222
TGATTTCGTCTTCGTC	4	RoundSpermatid	11	RoundSpermatid	25813	3.6781495	1.3894747	9.515979	-0.5158127
ACACCCTTCTTAGAGC	7	Spermatocyte	10	Spermatocyte	25778	6.3655787	-0.87952137	9.531293	2.4355602
ACGGAGACATCTACGA	3	Elongating	8	Elongating	17949	-6.759567	7.769324	-3.8109367	4.311697
CGGACACTCCCAACGG	4	RoundSpermatid	5	RoundSpermatid	23316	3.5898607	2.7403767	9.061666	-1.4233601
GTACGTATCGTGGTCG	0	RoundSpermatid	6	RoundSpermatid	11413	-2.7513309	11.248448	-0.89834774	-2.2045743
TGCTGCTTCTAACTGG	1	RoundSpermatid	1	RoundSpermatid	18751	1.8540546	7.6627874	4.802211	-1.877755
TGCACCTAGGATGGTC	7	Spermatocyte	10	Spermatocyte	32895	6.2812204	-1.1010725	9.159348	3.5503268
CGAATGTAGGTGGGTT	4	RoundSpermatid	5	RoundSpermatid	26606	3.3162339	2.95438	8.51274	-1.7865223
GGAAAGCTCAACTCTT	0	RoundSpermatid	0	RoundSpermatid	26450	-5.949847	11.225558	-4.4063816	-0.5610627
GGCTCGACACAGACTT	9	Spermatocyte	14	Spermatogonia	50804	-18.215862	-2.134505	12.529141	1.2742635
AATCGGTCAGGGAGAG	9	Spermatocyte	14	Spermatogonia	36738	-17.812323	-1.8988701	12.127134	1.149912
AAACGGGCACTCAGGC	10	Spermatocyte	15	Spermatocyte	9590	-18.816591	-4.2868247	13.152828	2.016546
CGAGCACAGATGAGAG	1	RoundSpermatid	1	RoundSpermatid	9367	1.8220224	7.931451	5.4028635	-1.7166561
AATCGGTGTATAGTAG	9	Spermatocyte	14	Spermatogonia	30013	-17.734583	-1.4579449	11.740636	1.3995162
CCACCTAGTATGGTTC	8	Spermatocyte	9	Spermatocyte	44713	-17.17255	-7.2414474	13.782301	6.057159
GGCCGATAGCTGTCTA	0	RoundSpermatid	0	RoundSpermatid	33957	-5.607032	11.665097	-4.563334	-1.3566942
TATTACCAGAGTCTGG	8	Spermatocyte	9	Spermatocyte	95060	-14.706875	-4.9148355	16.23615	5.9056244
TAGACCAGTCTAGAGG	4	RoundSpermatid	11	RoundSpermatid	16163	4.2949414	1.9024563	9.78069	0.8911038
GCTCTGTGTAGGGTAC	0	RoundSpermatid	0	RoundSpermatid	24228	-5.2144465	11.951269	-4.0486217	-1.7461635
AACTGGTGTCAATGTC	10	Spermatocyte	15	Spermatocyte	12444	-19.036167	-4.246567	13.23446	2.1656578
TTGGAACGTAAGTGTA	9	Spermatocyte	14	Spermatogonia	23744	-17.388233	-1.2784816	11.501363	2.2426395
AGTGAGGTCAGCTTAG	6	Spermatocyte	12	Spermatocyte	89605	-15.968669	-3.417212	15.696001	-0.19832264
AAGACCTGTGTTCGAT	1	RoundSpermatid	1	RoundSpermatid	23116	2.0946367	6.6792626	5.08897	-1.7133898
ACATGGTCATCAGTCA	0	RoundSpermatid	0	RoundSpermatid	22345	-4.2867494	11.328503	-3.612276	-2.4123564
CAGTCCTCAGACGCCT	0	RoundSpermatid	0	RoundSpermatid	35858	-6.436828	11.3747225	-4.2870684	-0.11367476
CATCAAGCATTTGCCC	6	Spermatocyte	12	Spermatocyte	74852	-17.794886	-3.3796394	15.103471	0.9567342
CGTCCATGTACCCAAT	4	RoundSpermatid	11	RoundSpermatid	18522	3.8629208	1.7212193	9.466496	-0.009701313
TGAAAGACATGCAATC	9	Spermatocyte	15	Spermatocyte	14780	-18.435383	-2.3003747	12.897094	1.7969394
GCGCAGTCAGCTCGAC	8	Spermatocyte	9	Spermatocyte	46556	-16.797438	-7.3630843	13.947675	6.240177
TACGGTAGTCAACTGT	9	Spermatocyte	12	Spermatocyte	66231	-17.950172	-2.9480143	14.713334	0.90282243
TACTCATAGCGCCTCA	8	Spermatocyte	9	Spermatocyte	104676	-15.178384	-4.984108	15.73877	6.5058103
TCTCTAAGTGAGGCTA	10	Spermatocyte	15	Spermatocyte	23098	-19.095142	-5.433647	14.178638	2.6593814
AGTTGGTTCAGCTTAG	10	Spermatocyte	15	Spermatocyte	12364	-19.028858	-4.8254666	13.602052	2.0711646
GCCTCTAAGACAGGCT	8	Spermatocyte	9	Spermatocyte	120869	-15.982912	-5.121174	15.207804	6.6720276
ATGGGAGTCTTGAGAC	8	Spermatocyte	13	Spermatocyte	16895	-15.695108	-6.9253893	12.690406	6.066785
CCTCAGTCATTACGAC	7	Spermatocyte	10	Spermatocyte	27907	5.586022	-1.645624	8.790534	3.195441
TTGACTTGTCCGAACC	10	Spermatocyte	15	Spermatocyte	17294	-18.954967	-5.4991994	14.211647	3.200786
CGGACGTCACTTACGA	7	Spermatocyte	10	Spermatocyte	21415	5.895766	-0.23572457	8.365992	1.976062
AGGGATGTCAACGAAA	8	Spermatocyte	9	Spermatocyte	101368	-15.654742	-5.123884	15.6586275	6.4864225
GCACTCTAGATAGCAT	8	Spermatocyte	13	Spermatocyte	23983	-15.781084	-6.9823847	12.684361	5.9213877
GTCATTTTCACCATAG	6	Spermatocyte	12	Spermatocyte	89757	-17.596159	-3.474886	15.281264	0.95053476
TCGGTAAGTCTCACCT	6	Spermatocyte	12	Spermatocyte	81031	-15.62587	-3.3134303	15.529539	0.031504475
CTCGGAGGTCCAACTA	6	Spermatocyte	12	Spermatocyte	67861	-17.45151	-3.6871095	15.170055	0.8862603
CTGAAGTTCGCCCTTA	10	Spermatocyte	15	Spermatocyte	14521	-19.034184	-5.5253224	14.456987	3.1415672
CTAAGACTCCACGAAT	7	Spermatocyte	10	Spermatocyte	23045	5.6006517	-0.92679036	8.817886	3.0467954
CCTTTCTAGATGTTAG	6	Spermatocyte	9	Spermatocyte	93363	-13.9826975	-3.4631593	16.517956	4.568572
CGTTGGGAGCAGACTG	6	Spermatocyte	12	Spermatocyte	57087	-16.816599	-4.0338883	15.598961	0.9374341
GGACAGATCCATGAAC	6	Spermatocyte	12	Spermatocyte	72829	-17.62378	-3.6537309	15.362667	0.99771553
TTCTACAGTCGCGTGT	8	Spermatocyte	9	Spermatocyte	42068	-16.375292	-5.650396	14.425712	6.577772
CATCCACCATTCGACA	8	Spermatocyte	13	Spermatocyte	147319	-17.23477	-5.807366	12.704037	5.5389714
GAGCAGACATAAGACA	1	RoundSpermatid	3	RoundSpermatid	21673	-0.2593888	8.94621	2.5649323	1.1083755
TAAGCGTCAGCTCGCA	6	Spermatocyte	12	Spermatocyte	68648	-16.12318	-3.4869792	15.664838	0.055863842
TGTTCCGCATGTAAGA	6	Spermatocyte	12	Spermatocyte	85620	-15.288065	-2.9654295	14.791529	-0.58989006
CGGGTCATCACGCATA	1	RoundSpermatid	3	RoundSpermatid	27411	0.58071494	7.6089926	3.9911203	0.76310384
TAGACCACATGTAAGA	6	Spermatocyte	9	Spermatocyte	96204	-13.682032	-4.1664114	16.451311	5.3711925
CTTCTCTCACATCCGG	7	Spermatocyte	13	Spermatocyte	17932	5.181959	-2.2348073	9.718786	5.101295
CCTACCACAATGGACG	6	Spermatocyte	9	Spermatocyte	105618	-13.66481	-3.907746	16.395636	4.9612536
GTACTTTTCTTTACGT	10	Spermatocyte	15	Spermatocyte	13230	-19.128817	-5.4513655	14.100547	3.1074107
GGATGTTTCTGGTTCC	6	Spermatocyte	12	Spermatocyte	65748	-17.950579	-4.1529875	15.545126	0.9263328
TACAGTGAGTGTACTC	4	RoundSpermatid	11	RoundSpermatid	21886	5.0116987	0.272047	8.612492	1.3475746
CTACCCAGTACCCAAT	4	RoundSpermatid	11	RoundSpermatid	22769	3.9692216	1.3132168	9.5329895	0.08845125
ATCTACTCACGGTAGA	6	Spermatocyte	12	Spermatocyte	66944	-15.053952	-3.074014	15.09085	-0.7749813
AGTGGGACAATGCCAT	8	Spermatocyte	9	Spermatocyte	54582	-16.687222	-5.414872	14.849218	6.6169443
TTGAACGAGGCTAGGT	8	Spermatocyte	9	Spermatocyte	106247	-15.338827	-4.991202	15.91085	6.3237176
ACACTGATCCACGTGG	8	Spermatocyte	9	Spermatocyte	43482	-16.79721	-6.7551336	14.020513	5.742302
CCTTCGATCCTTTACA	9	Spermatocyte	15	Spermatocyte	9950	-18.4405	-3.1140027	12.990628	1.8984447
TAAGAGACATGCATGT	1	RoundSpermatid	3	RoundSpermatid	22655	0.47044268	9.642273	2.121	1.6688223
ACAGCTAAGGACATTA	9	Spermatocyte	12	Spermatocyte	41610	-18.02664	-2.7461686	13.713482	1.0505688
GTCCTCACACGAGGTA	10	Spermatocyte	15	Spermatocyte	16912	-19.138638	-4.673132	13.932991	2.478206
CATTATCGTTTGCATG	8	Spermatocyte	9	Spermatocyte	97577	-14.620778	-4.8347774	16.091064	6.081964
GATGAAAGTCGAGTTT	6	Spermatocyte	9	Spermatocyte	93629	-13.706573	-4.0550637	16.766113	5.080648
GGATGTTGTGATGCCC	1	RoundSpermatid	3	RoundSpermatid	20191	-0.31721523	8.468522	3.18667	1.2404032
AATCGGTCAAGTCTAC	8	Spermatocyte	9	Spermatocyte	35814	-17.015087	-7.0178366	14.009806	6.238019
TCGCGAGAGGGTGTTG	7	Spermatocyte	13	Spermatocyte	16943	4.467498	-2.8777113	9.522892	5.6406703
GGGATGATCCTTTCTC	8	Spermatocyte	9	Spermatocyte	37720	-16.7914	-6.4114914	14.742284	6.88625
AGGGAGTTCGAATGCT	6	Spermatocyte	12	Spermatocyte	72919	-15.218774	-3.1066492	15.280309	-0.6055482
GGTATTGAGCGTGAGT	10	Spermatocyte	15	Spermatocyte	9770	-18.810326	-5.0142083	14.484037	2.764862
CGCTTCAAGCTAGTGG	6	Spermatocyte	12	Spermatocyte	80932	-15.414319	-3.3111012	15.426328	-0.5164695
GCAAACTAGTGTCCCG	6	Spermatocyte	12	Spermatocyte	78706	-14.815834	-3.229141	15.091166	-0.59428054
GAATAAGCAAACTGCT	8	Spermatocyte	9	Spermatocyte	50034	-16.764608	-5.664821	14.070202	6.766469
GAGTCCGCAGACGCCT	8	Spermatocyte	9	Spermatocyte	55391	-16.588253	-5.6554933	14.5182295	6.5761895
CATTATCGTTAGTGGG	6	Spermatocyte	12	Spermatocyte	82649	-15.156722	-2.9848979	14.973619	-0.6617372
CAGCAGCAGTATGACA	10	Spermatocyte	15	Spermatocyte	12240	-18.864882	-4.8152785	13.445987	2.3174431
TGACAACCAATGGACG	9	Spermatocyte	14	Spermatogonia	61864	-16.333296	-2.4134614	12.251041	2.8888927
GTATCTTAGCATCATC	6	Spermatocyte	12	Spermatocyte	61470	-17.920202	-3.8520494	15.498523	0.73398346
GCGCAACAGTGCAAGC	6	Spermatocyte	12	Spermatocyte	87898	-15.184132	-3.0788732	15.247589	-0.7010384
CGGCTAGCATCCGTGG	7	Spermatocyte	10	Spermatocyte	19747	6.268786	-1.3742748	8.557951	3.2125866
GGAATAAGTAAATACG	8	Spermatocyte	9	Spermatocyte	129698	-16.03369	-5.137125	15.410281	6.580065
GGACAAGCATCCGTGG	6	Spermatocyte	9	Spermatocyte	87623	-13.556678	-3.8147295	16.463772	4.8001285
TACCTATCAGCTATTG	10	Spermatocyte	15	Spermatocyte	10681	-19.304129	-5.6212845	14.607349	2.9916217
ATCTGCCTCGATCCCT	8	Spermatocyte	9	Spermatocyte	121795	-16.001602	-5.3434873	15.372198	6.6647143
ACCGTAAGTGCAGTAG	6	Spermatocyte	9	Spermatocyte	76946	-13.635279	-4.244256	16.2059	5.259525
AACGTTGAGGGAGTAA	6	Spermatocyte	12	Spermatocyte	69075	-17.503204	-3.564147	15.210768	1.0691016
CGTCAGGGTGCTGTAT	8	Spermatocyte	9	Spermatocyte	54016	-16.746216	-5.48592	14.484285	6.7101283
AGATCTGTCTGATTCT	7	Spermatocyte	10	Spermatocyte	20000	5.0307274	-1.1793576	8.520381	3.6544926
CATATGGCACCAGTTA	7	Spermatocyte	10	Spermatocyte	22291	5.54574	-1.490256	8.907691	3.9017777
GTAACGTCATCGGAAG	8	Spermatocyte	9	Spermatocyte	44392	-16.602968	-5.599663	14.970683	6.7852125
GGACATTCAAACAACA	6	Spermatocyte	12	Spermatocyte	122031	-15.205157	-3.3464057	15.182025	-0.35378006
GGAACTTAGCCAGAAC	10	Spermatocyte	15	Spermatocyte	44586	-19.243711	-5.441175	14.024055	3.0144632
GTCTTCGGTCGGCACT	1	RoundSpermatid	3	RoundSpermatid	11739	-0.086287454	8.212445	3.1832843	1.9818217
CCATTCGAGTCTTGCA	2	RoundSpermatid	2	RoundSpermatid	23435	0.8987376	10.673508	0.8436782	2.0510545
TTTGGTTTCGGTGTCG	4	RoundSpermatid	5	RoundSpermatid	20708	2.2328444	3.171058	9.202535	-1.7319373
TCTTCGGCATGTCGAT	8	Spermatocyte	9	Spermatocyte	49796	-17.118439	-7.2545977	13.739469	6.1333723
TACTCATCAGAGTGTG	0	RoundSpermatid	6	RoundSpermatid	32072	-2.4581711	11.097367	-0.8395741	-2.4316661
TTTGTCACAAGTTAAG	7	Spermatocyte	13	Spermatocyte	20717	2.793619	-3.6895092	11.924319	5.3725777
GGCTGGTAGCTGGAAC	6	Spermatocyte	9	Spermatocyte	81550	-13.8459425	-3.5200007	16.789145	4.5288343
TCCCGATCATTCACTT	1	RoundSpermatid	3	RoundSpermatid	24381	0.28789532	8.332504	3.2683115	1.3259863
CTTACCGCAGTCCTTC	2	RoundSpermatid	2	RoundSpermatid	28971	0.9335767	10.588215	1.0284057	2.166325
ACGATGTCATTCGACA	6	Spermatocyte	12	Spermatocyte	78992	-17.09036	-3.7859569	15.703855	0.49309754
CTGCCTAGTCGAAAGC	8	Spermatocyte	9	Spermatocyte	32199	-16.682356	-7.146781	13.930514	5.9154053
ATCCACCCAGTACACT	10	Spermatocyte	15	Spermatocyte	14928	-19.371468	-5.5312257	14.513889	2.6877851
AAAGTAGTCCGCAGTG	8	Spermatocyte	9	Spermatocyte	105296	-14.776782	-4.904264	15.761437	6.333682
TTCTTAGCAATCGAAA	4	RoundSpermatid	5	RoundSpermatid	18217	2.6637576	4.3036737	7.0749226	-3.208754
ACATCAGCATCGGACC	7	Spermatocyte	10	Spermatocyte	21643	5.079783	-1.7178221	8.748156	4.5221715
GATCGCGAGGCTAGCA	1	RoundSpermatid	1	RoundSpermatid	23385	1.4275222	6.6633034	4.8815722	-1.1492106
TCACGAATCACAACGT	5	Elongating	7	Elongating	18778	-1.978728	3.938513	2.623065	6.7343984
CTACCCAGTGTGAAAT	6	Spermatocyte	9	Spermatocyte	83547	-13.805488	-3.491919	16.578655	4.522276
GATCGATGTAGTACCT	1	RoundSpermatid	1	RoundSpermatid	24203	2.094465	7.054101	4.8917575	-1.6192687
CACCAGGCAGCCTTTC	10	Spermatocyte	15	Spermatocyte	21063	-18.471699	-5.670551	13.5724325	3.7608113
GAAGCAGGTCAAAGAT	4	RoundSpermatid	14	Spermatogonia	11957	3.2390013	1.1407691	10.184781	1.9496074
AGCGTATAGTCATGCT	7	Spermatocyte	10	Spermatocyte	18810	5.89495	-1.5466461	8.863449	3.366246
AACTTTCGTCCGTCAG	8	Spermatocyte	9	Spermatocyte	38013	-16.47882	-6.872665	13.850981	6.1348567
CGGGTCAGTATCACCA	4	RoundSpermatid	5	RoundSpermatid	22027	2.6150374	2.369931	8.945685	-1.8783969
ATAGACCCAGTCAGAG	2	RoundSpermatid	2	RoundSpermatid	22354	1.2507106	10.96318	0.7495875	1.7079043
CAGCCGAAGAACTCGG	4	RoundSpermatid	11	RoundSpermatid	23166	3.6430635	0.77152616	9.370785	-0.2127189
CACATAGGTAGCCTCG	8	Spermatocyte	9	Spermatocyte	85672	-14.507497	-4.8866243	16.458452	5.723764
ACACCAACAAGCGATG	7	Spermatocyte	13	Spermatocyte	17018	3.093022	-3.578774	12.011274	5.4515615
CACCTTGAGGCTCATT	7	Spermatocyte	13	Spermatocyte	27910	3.0504243	-3.5002177	11.804386	5.684154
AAATGCCCAAAGGTGC	10	Spermatocyte	15	Spermatocyte	10864	-19.455252	-5.174978	14.514498	2.860187
AGGTCATAGAGGGATA	4	RoundSpermatid	11	RoundSpermatid	25675	4.687207	0.92314756	9.159279	0.31488538
CCATGTCGTGATGTCT	0	RoundSpermatid	0	RoundSpermatid	16997	-4.813236	11.51952	-3.6912208	-2.162995
GATCTAGGTCACTGGC	6	Spermatocyte	12	Spermatocyte	70844	-15.511682	-3.1106782	15.417354	-0.29471526
CGGACACTCGCACTCT	8	Spermatocyte	13	Spermatocyte	20448	-15.37348	-6.761949	12.401301	5.8421926
TCACGAAAGTTTAGGA	8	Spermatocyte	9	Spermatocyte	104949	-14.834003	-4.9850397	16.030403	6.17655
CCACCTACAGACGTAG	0	RoundSpermatid	0	RoundSpermatid	18926	-5.557947	11.050014	-3.9458928	-1.0069492
TCTTCGGAGCTAGCCC	6	Spermatocyte	12	Spermatocyte	95983	-14.952814	-3.1192656	15.187387	-0.7115616
GAGGTGATCTGAGTGT	1	RoundSpermatid	3	RoundSpermatid	24353	0.2362171	8.212391	3.5769453	0.44468108
GCTGCGAAGCGGCTTC	7	Spermatocyte	13	Spermatocyte	26582	4.3244743	-2.439983	10.126485	5.3352823
CTACCCAGTTCCGTCT	4	RoundSpermatid	10	Spermatocyte	15898	5.5462756	0.68979746	8.69243	2.147541
TGACGGCCATTAACCG	7	Spermatocyte	13	Spermatocyte	9916	3.6308048	-3.1196072	11.246349	5.986874
GCTGCTTTCATCGATG	7	Spermatocyte	13	Spermatocyte	37377	3.2678967	-3.3850758	11.420948	5.882417
GAGTCCGGTTAGGGTG	6	Spermatocyte	9	Spermatocyte	96866	-13.744433	-3.7382457	16.567455	5.028489
ACTGAGTAGCCAACAG	8	Spermatocyte	13	Spermatocyte	17222	-15.636944	-5.9162345	11.342862	5.975599
GGACAGAGTGTCAATC	4	RoundSpermatid	5	RoundSpermatid	10783	3.739419	0.10417018	8.191442	-1.7217501
CGAGCCACAGCCTGTG	6	Spermatocyte	12	Spermatocyte	86039	-15.540295	-3.1906767	15.408178	-0.5073089
AACTCTTTCAGTTTGG	8	Spermatocyte	13	Spermatocyte	17261	-15.169664	-6.682237	12.40482	5.9247355
CTTAACTCATGTCTCC	2	RoundSpermatid	2	RoundSpermatid	25530	0.546199	10.555826	0.40982223	1.8642752
CACCAGGTCACATAGC	4	RoundSpermatid	5	RoundSpermatid	22301	3.0935578	2.7863333	8.493686	-2.5648618
ATCGAGTCACAGCGTC	4	RoundSpermatid	11	RoundSpermatid	25668	4.3266425	0.08247836	8.542585	0.7776309
GTCGGGTGTAGCCTCG	1	RoundSpermatid	3	RoundSpermatid	23635	0.13548328	8.006971	3.768391	0.69665086
GGATTACTCCGTACAA	1	RoundSpermatid	1	RoundSpermatid	27067	2.237232	6.865541	4.143758	-1.4306029
GCATACAGTCTTGCGG	7	Spermatocyte	13	Spermatocyte	21491	3.1096652	-3.333487	11.418389	5.732066
GGCTGGTTCTGGTATG	7	Spermatocyte	13	Spermatocyte	18774	3.945133	-2.9701016	10.862098	5.6708894
GCCAAATCAAGCGATG	7	Spermatocyte	13	Spermatocyte	19001	4.011215	-3.0438201	9.686161	5.4376254
GAGCAGAAGAATGTGT	7	Spermatocyte	13	Spermatocyte	24638	3.4523563	-3.286896	11.212117	5.8533573
CATGGCGAGGTGATTA	8	Spermatocyte	9	Spermatocyte	45468	-17.033276	-5.7480006	14.119208	6.398244
GATGAAAGTGTGCGTC	0	RoundSpermatid	0	RoundSpermatid	25664	-4.230297	12.075017	-3.0599196	-2.84253
TAAGCGTAGGATGCGT	4	RoundSpermatid	10	Spermatocyte	19419	4.390803	-0.76385105	8.163282	3.0526648
TTCCCAGCATAACCTG	3	Elongating	8	Elongating	15659	-6.820296	7.791659	-4.0901604	4.4771404
GGGAGATTCGTCTGCT	2	RoundSpermatid	2	RoundSpermatid	25596	-0.20883481	11.424938	-0.22560596	0.7763502
GATTCAGAGTTACGGG	1	RoundSpermatid	1	RoundSpermatid	19924	1.7179844	6.7456326	4.3457837	-1.598277
ACGAGGATCTTACCGC	11	Elongating	16	Elongating	8558	-6.0863504	2.122799	5.0944815	13.268558
TGATTTCAGGATGGTC	4	RoundSpermatid	11	RoundSpermatid	35655	4.7396345	1.4478911	9.371829	0.59367037
TGCTACCAGAAGGACA	1	RoundSpermatid	1	RoundSpermatid	12099	1.607426	5.751488	5.665454	-1.6806774
CTGATAGAGGCATGGT	4	RoundSpermatid	7	Elongating	28697	4.1189194	1.6727836	2.829368	4.1348696
GGTGAAGCAACGATCT	1	RoundSpermatid	3	RoundSpermatid	45859	0.20040502	8.642197	3.3240445	1.3529619
CTGAAACTCTTACCTA	1	RoundSpermatid	7	Elongating	12220	1.2799084	8.509681	2.3975217	3.7741017
AAAGCAAGTGATGATA	6	Spermatocyte	12	Spermatocyte	83282	-15.026266	-2.9275446	14.902139	-0.783223
TTATGCTGTACCGTAT	2	RoundSpermatid	6	RoundSpermatid	27346	-1.8348331	11.708423	-0.3512934	-1.4017355
TTCTCAAGTAGGGACT	2	RoundSpermatid	2	RoundSpermatid	21325	0.14491874	11.251139	-0.5844852	1.2558111
ACGAGGAAGATCCGAG	1	RoundSpermatid	1	RoundSpermatid	38881	1.5370898	6.3749027	4.329116	-1.2899259
CCAATCCAGTGAATTG	1	RoundSpermatid	3	RoundSpermatid	36930	-0.08527124	8.692547	2.5741987	1.2713162
GTATCTTTCCTTAATC	4	RoundSpermatid	11	RoundSpermatid	19095	4.590246	1.7282757	9.189396	0.2798249
ATAGACCTCCCATTAT	1	RoundSpermatid	1	RoundSpermatid	18865	2.554877	7.0604916	5.230882	-1.9573205
GGTATTGGTGCAGGTA	7	Spermatocyte	10	Spermatocyte	23104	5.649189	-0.94029677	8.509791	2.8813875
CGAGAAGAGAGTACCG	1	RoundSpermatid	1	RoundSpermatid	75345	1.9014237	6.9057093	4.453261	-0.78649175
CGAGCACCATCAGTCA	2	RoundSpermatid	2	RoundSpermatid	24276	0.95452577	10.883516	0.16716836	1.8102877
TTATGCTAGTACCGGA	6	Spermatocyte	12	Spermatocyte	71349	-16.378126	-3.5634577	16.061777	0.18592285
GCACATACATCTGGTA	1	RoundSpermatid	1	RoundSpermatid	59305	2.399737	6.871072	4.5091786	-2.0349934
CCGGGATGTACTTAGC	7	Spermatocyte	10	Spermatocyte	55374	6.019123	-1.496179	8.803319	3.602302
TGAGAGGAGTCACGCC	2	RoundSpermatid	6	RoundSpermatid	25212	-1.433579	12.046919	-0.38952166	-1.5746393
TCGGTAACATGGTCAT	0	RoundSpermatid	0	RoundSpermatid	31178	-4.1139636	12.023143	-3.1889343	-2.7003567
CCAGCGAGTTGTCTTT	7	Spermatocyte	10	Spermatocyte	15079	6.278422	-1.0841538	8.873305	3.7954326
TCACGAAGTTGGAGGT	1	RoundSpermatid	1	RoundSpermatid	25747	1.1123174	7.2074924	4.3794594	-0.56837136
CATTCGCAGATGTGTA	7	Spermatocyte	13	Spermatocyte	16741	4.311061	-3.2155516	10.141922	5.36804
CAAGAAACACGTCTCT	8	Spermatocyte	9	Spermatocyte	45308	-16.574108	-6.431116	14.370399	6.0390525
CTCTGGTCATCACAAC	1	RoundSpermatid	3	RoundSpermatid	20963	0.7314927	9.117362	2.3887734	1.270037
CCATTCGTCGCGGATC	2	RoundSpermatid	2	RoundSpermatid	24504	0.60046375	10.138167	1.3266511	1.8641016
TGAGAGGTCACGACTA	4	RoundSpermatid	11	RoundSpermatid	15426	4.734955	0.45262006	8.574729	1.3234138
CTGATCCGTTGTCTTT	1	RoundSpermatid	3	RoundSpermatid	25623	0.18705739	9.056173	2.9988656	1.5676142
ATTGGACGTTAAGTAG	5	Elongating	7	Elongating	10281	-3.0799642	5.149545	1.2854607	6.0599427
GGGTCTGCATGAGCGA	4	RoundSpermatid	5	RoundSpermatid	12758	3.0751522	4.2597737	6.8455358	-2.1869185
GCAGCCACACACGCTG	1	RoundSpermatid	3	RoundSpermatid	29601	0.34120536	9.266542	1.9299413	1.7178468
GATCGTACAGATGGGT	4	RoundSpermatid	1	RoundSpermatid	48239	2.3968422	5.1489315	5.860016	-2.5464935
GGGTCTGAGTTAAGTG	4	RoundSpermatid	1	RoundSpermatid	24594	2.2537477	5.411986	5.8905253	-2.5366273
GACGTGCCATGTAAGA	4	RoundSpermatid	5	RoundSpermatid	20801	2.3555822	4.4604626	6.688613	-2.8488045
GTCCTCATCGCAAGCC	1	RoundSpermatid	3	RoundSpermatid	24944	0.7426857	7.580685	4.0430408	0.10762676
GCCAAATTCTAACCGA	2	RoundSpermatid	6	RoundSpermatid	26836	-1.7184068	11.962756	-0.22626135	-1.5406814
TTGGCAATCACCGTAA	4	RoundSpermatid	5	RoundSpermatid	49351	3.0564156	3.022432	8.339192	-2.6771345
TGGGAAGTCAGTCCCT	2	RoundSpermatid	2	RoundSpermatid	8840	-0.28550512	10.083059	0.47939885	1.0777943
CGTTCTGCAGACGCTC	2	RoundSpermatid	2	RoundSpermatid	16605	-0.32991838	10.566432	0.07515964	0.22468302
CTTCTCTCATGCAATC	0	RoundSpermatid	6	RoundSpermatid	25588	-3.3033724	11.3872595	-1.4277755	-2.684611
GTGTTAGAGCTGATAA	7	Spermatocyte	10	Spermatocyte	13378	5.807657	-1.4640375	8.962159	4.3477135
GGAACTTGTAGCTTGT	0	RoundSpermatid	6	RoundSpermatid	14418	-3.690922	11.3142805	-1.5955514	-2.6634676
CGTGTCTTCCTCTAGC	2	RoundSpermatid	2	RoundSpermatid	21327	-0.06932786	11.755594	-0.7332559	0.8269417
TGGGAAGCAATCGGTT	4	RoundSpermatid	5	RoundSpermatid	14493	3.7420998	2.1080422	8.855759	-1.1644242
CTGCTGTGTACCGTAT	2	RoundSpermatid	2	RoundSpermatid	26542	-0.58764625	11.781942	-0.41748297	0.058163833
GCAGCCACATGTAGTC	4	RoundSpermatid	5	RoundSpermatid	18669	2.9056382	2.5848897	8.471936	-1.7333461
CATATTCTCGCTTGTC	4	RoundSpermatid	5	RoundSpermatid	18037	3.377181	3.213235	7.7408333	-2.835012
CGGAGTCAGGCGCTCT	2	RoundSpermatid	2	RoundSpermatid	27080	0.5024947	10.122725	0.95360756	1.8366406
GTATCTTTCTTTCCTC	4	RoundSpermatid	5	RoundSpermatid	16417	3.2259548	3.277572	7.88086	-2.2832067
GATCGATTCGAATGGG	1	RoundSpermatid	3	RoundSpermatid	21569	0.9656375	8.046867	2.6562645	2.1897779
CGTCTACGTAGCGTGA	4	RoundSpermatid	5	RoundSpermatid	18779	2.767441	4.712466	7.044869	-2.9876938
TACCTATGTTCGTGAT	3	Elongating	4	Elongating	16644	-5.246878	6.44398	-1.4845783	5.6134257
TACTCATAGGGATCTG	1	RoundSpermatid	1	RoundSpermatid	18208	1.7919745	7.377734	4.6043925	-0.908474
AACTTTCCACAGACTT	7	Spermatocyte	13	Spermatocyte	22344	4.3250904	-2.9940858	9.788319	5.2653885
ACGCCGAGTCTAGCGC	0	RoundSpermatid	0	RoundSpermatid	21759	-4.7755213	11.168674	-3.7100165	-1.920663
ACTGATGCAATGGAGC	4	RoundSpermatid	11	RoundSpermatid	24266	3.8113265	1.2285403	9.232987	-0.19184197
AACGTTGTCCACGTGG	1	RoundSpermatid	3	RoundSpermatid	23762	0.32348534	7.891632	4.0175734	0.40397948
GGTGAAGCAGCCTATA	2	RoundSpermatid	2	RoundSpermatid	27058	0.05914806	12.065469	-0.045392063	0.95826113
CAGTAACTCCCTTGTG	2	RoundSpermatid	2	RoundSpermatid	10175	-0.91544765	11.453916	-0.14299878	0.5209966
AGTGAGGGTCCATGAT	4	RoundSpermatid	5	RoundSpermatid	61773	2.5293038	2.8435104	7.706068	-2.273695
GGGACCTGTTCCCTTG	1	RoundSpermatid	1	RoundSpermatid	22146	1.5403925	6.1047783	5.536355	-2.0154917
CCCAGTTTCGCAGGCT	1	RoundSpermatid	3	RoundSpermatid	30406	0.39720032	7.544574	3.99507	0.39320603
GCTGCAGCAGACGCCT	8	Spermatocyte	9	Spermatocyte	101539	-16.264824	-5.3290067	15.223054	6.718623
CATATGGTCAACCAAC	4	RoundSpermatid	5	RoundSpermatid	20720	2.9825597	4.0080485	6.6600304	-2.8090708
GATCTAGCACGAAGCA	7	Spermatocyte	10	Spermatocyte	22192	6.352056	-0.020136405	8.548596	2.4075859
TTGGAACGTAGGGTAC	1	RoundSpermatid	1	RoundSpermatid	23676	2.1125882	5.587635	5.559132	-2.669508
ACGCCGAGTCTCCACT	1	RoundSpermatid	3	RoundSpermatid	20432	0.041016538	7.6452565	4.0612392	0.39452893
CAGCTAAGTATTCGTG	1	RoundSpermatid	3	RoundSpermatid	21525	0.38139763	7.606576	4.175882	0.11554295
CACACTCTCGTTGCCT	4	RoundSpermatid	11	RoundSpermatid	17460	4.561242	2.005572	9.775328	1.238626
TCAGGATAGTCATGCT	0	RoundSpermatid	6	RoundSpermatid	70227	-2.9131062	11.051741	-0.92182	-2.5561154
TTTGTCAGTCTCGTTC	1	RoundSpermatid	3	RoundSpermatid	18054	0.74763	8.752809	2.3565133	1.5270692
TCAGGATGTCTTCTCG	12	Elongating	7	Elongating	15305	-2.2410345	2.570668	3.2993164	7.6616707
AGTGAGGGTTTGGCGC	1	RoundSpermatid	3	RoundSpermatid	27820	-0.18884033	8.936208	2.5676217	1.563494
CAACTAGTCAACACCA	7	Spermatocyte	10	Spermatocyte	27731	6.0694065	-0.72352743	9.590746	2.483905
ACATGGTGTGCATCTA	6	Spermatocyte	9	Spermatocyte	99516	-13.7189	-3.7315266	16.427	5.310297
CTCTAATGTGTTTGGT	5	Elongating	4	Elongating	13252	-4.1102023	6.404468	-0.8012428	6.202737
GCTTCCAAGTCGATAA	4	RoundSpermatid	5	RoundSpermatid	23450	2.3585482	5.0755763	6.0686603	-2.9269915
AGCTCCTGTTGAGTTC	4	RoundSpermatid	5	RoundSpermatid	22364	2.5177314	3.8128917	6.89098	-2.4456167
GTGTGCGAGGAGTTGC	12	Elongating	7	Elongating	8296	-3.8016145	2.9804943	3.599327	8.965072
GTTCGGGAGGCTCAGA	1	RoundSpermatid	3	RoundSpermatid	23147	0.33804765	9.480944	1.8544154	1.8259635
ATCACGATCTTGTACT	1	RoundSpermatid	3	RoundSpermatid	33258	0.029170867	8.22061	3.239773	0.98354053
GGATGTTCACGACTCG	1	RoundSpermatid	1	RoundSpermatid	12902	1.9344826	7.1218114	6.059617	-2.1447473
ACTGCTCAGTGCGATG	4	RoundSpermatid	11	RoundSpermatid	22913	4.3715906	0.47498542	8.933812	0.94233775
ATTCTACAGTGTTAGA	2	RoundSpermatid	6	RoundSpermatid	22983	-1.3505312	11.936837	-0.34157705	-0.9165463
CGGACTGTCCTTTCGG	4	RoundSpermatid	5	RoundSpermatid	12479	2.833198	4.1462803	7.463242	-1.9863207
CAGCGACGTAATTGGA	4	RoundSpermatid	5	RoundSpermatid	21282	2.647634	3.5152442	8.068275	-3.0740733
CAACTAGTCAGGCAAG	4	RoundSpermatid	5	RoundSpermatid	27812	2.0679777	4.957683	6.0705957	-3.1425695
AAACGGGCACAGGTTT	0	RoundSpermatid	6	RoundSpermatid	30909	-3.3038406	11.696263	-1.5217242	-2.8368304
TCTATTGTCCCTAACC	0	RoundSpermatid	0	RoundSpermatid	28814	-3.5823536	11.976458	-2.9753509	-2.5378644
TACTTACTCCGTTGTC	7	Spermatocyte	10	Spermatocyte	22193	5.8309603	-0.3424041	8.937679	2.346234
GACCAATGTAGGAGTC	4	RoundSpermatid	5	RoundSpermatid	22924	3.0655155	1.9624088	8.958692	-1.1679609
CGGTTAATCGAACTGT	4	RoundSpermatid	5	RoundSpermatid	15359	2.191435	4.515079	7.362281	-2.747524
CACATTTCACCATCCT	4	RoundSpermatid	11	RoundSpermatid	25750	4.23313	1.944867	9.332689	-0.657736
CTTTGCGTCTCAACTT	1	RoundSpermatid	3	RoundSpermatid	26468	0.09576717	8.401606	3.5367327	1.5954744
ATGTGTGCATCAGTAC	0	RoundSpermatid	0	RoundSpermatid	26385	-4.055018	12.070929	-2.9457927	-2.5348785
CCCTCCTCAATGGATA	7	Spermatocyte	13	Spermatocyte	16772	3.116447	-3.0836399	11.777705	5.6988354
AAACCTGTCAACGAAA	0	RoundSpermatid	6	RoundSpermatid	26206	-3.0932434	11.100589	-1.1470772	-2.7105467
CAAGGCCTCCTAAGTG	3	Elongating	8	Elongating	27136	-7.2099776	7.4396534	-4.3199015	3.6354225
TATGCCCTCTTCCTTC	0	RoundSpermatid	0	RoundSpermatid	31416	-3.8288743	11.612272	-2.9050474	-2.3833616
TATCAGGAGTGAACGC	0	RoundSpermatid	0	RoundSpermatid	25394	-4.5508165	11.667622	-3.580286	-2.3600283
ATTTCTGGTGAGGCTA	3	Elongating	8	Elongating	13204	-7.016139	7.1651363	-4.430153	3.699161
TCAACGAGTTCCACAA	0	RoundSpermatid	0	RoundSpermatid	28079	-4.5326314	12.082992	-3.9046047	-2.5038345
GACGTGCAGAGGGATA	5	Elongating	4	Elongating	8608	-3.2236335	6.0145493	-0.048512153	6.346966
AAAGTAGCAGCGTAAG	5	Elongating	4	Elongating	18270	-4.0981364	6.3051753	-0.57826847	6.385718
AGCAGCCCAAATCCGT	0	RoundSpermatid	7	Elongating	9721	-3.3629098	11.070243	2.2681901	3.9671464
ACTATCTAGGTGCACA	0	RoundSpermatid	6	RoundSpermatid	65157	-3.2974145	11.479157	-1.5439756	-2.4203792
TACGGGCCAGGAATCG	7	Spermatocyte	10	Spermatocyte	20269	5.4709196	-0.09419862	8.774614	2.0874286
AATCCAGCATCCCACT	2	RoundSpermatid	2	RoundSpermatid	24164	-0.25986838	12.0178385	-0.49640644	0.99033815
GGTGTTACACACCGCA	2	RoundSpermatid	6	RoundSpermatid	20554	-2.0638068	11.776639	-0.6166528	-1.9532608
GCGCCAAAGAAGATTC	2	RoundSpermatid	6	RoundSpermatid	30865	-1.3436314	11.636005	-0.39538658	-1.158652
CTTTGCGTCTCCAGGG	0	RoundSpermatid	6	RoundSpermatid	25085	-2.9726427	11.212601	-0.86072505	-2.5541203
CCAATCCGTTTCCACC	2	RoundSpermatid	2	RoundSpermatid	21541	-0.71201205	12.041122	-0.44972986	-0.3108985
AAAGCAAAGGTACTCT	0	RoundSpermatid	0	RoundSpermatid	77257	-4.414124	11.552992	-3.4317205	-2.5855129
GGCTGGTCAATGTTGC	2	RoundSpermatid	6	RoundSpermatid	26946	-1.9314296	11.472701	-0.4570442	-2.014338
CATCAAGCACGTGAGA	0	RoundSpermatid	0	RoundSpermatid	29851	-6.5237794	11.055956	-4.5570064	0.10427599
CCCTCCTGTACCATCA	5	Elongating	4	Elongating	20509	-3.9205563	6.501316	-0.2182108	6.3345037
GTACTTTAGAAGGCCT	0	RoundSpermatid	0	RoundSpermatid	9724	-6.7387805	11.316653	-4.537102	0.53140765
GACTGCGCAGGAATCG	0	RoundSpermatid	0	RoundSpermatid	37322	-5.434372	12.204543	-4.3419886	-1.5942751
TACGGGCGTCGCGGTT	0	RoundSpermatid	0	RoundSpermatid	72625	-4.7798853	11.936134	-4.33339	-2.177287
TTGACTTCAGGATTGG	0	RoundSpermatid	0	RoundSpermatid	29223	-6.0075245	11.868322	-4.475467	-1.2332847
TGGCCAGCACCAACCG	0	RoundSpermatid	0	RoundSpermatid	75719	-5.8763947	10.978339	-4.4590135	-0.10830038
CGAATGTAGACTAGGC	3	Elongating	8	Elongating	10577	-6.6357923	7.3272657	-4.014939	4.2705107
ATCCACCAGCTAACAA	2	RoundSpermatid	6	RoundSpermatid	28073	-1.7404503	11.957172	-0.087623805	-1.0214612
CAAGTTGCATGGTTGT	0	RoundSpermatid	0	RoundSpermatid	9194	-5.485113	10.924084	-3.682236	-1.0136509
CCATGTCCAATAACGA	0	RoundSpermatid	0	RoundSpermatid	20979	-4.686144	12.111728	-3.9173443	-2.604926
GCGGGTTCATGCCCGA	0	RoundSpermatid	0	RoundSpermatid	9460	-6.02118	10.932285	-3.9662545	-0.6304045
AGGTCCGAGAGCTTCT	0	RoundSpermatid	6	RoundSpermatid	17746	-2.9108696	11.094555	-1.1224487	-2.527456
TGATTTCGTACGACCC	2	RoundSpermatid	2	RoundSpermatid	30833	0.03415628	11.833679	-0.45348448	0.8090142
GTTAAGCCACATAACC	3	Elongating	8	Elongating	29156	-7.746569	10.506066	-4.5292296	1.8198636
CCGTACTAGAGCAATT	0	RoundSpermatid	0	RoundSpermatid	45559	-6.1895165	11.837115	-4.622281	-0.56435454
CGCTGGACACAGTCGC	0	RoundSpermatid	0	RoundSpermatid	29843	-4.578534	11.990253	-3.946706	-2.7034633
GGATGTTCATGCGCAC	0	RoundSpermatid	6	RoundSpermatid	29449	-2.9998155	11.295798	-1.1229696	-2.762363
TGAAAGAAGCGTGAGT	3	Elongating	8	Elongating	28900	-7.4431086	10.353438	-4.7692237	1.7251678
TATCAGGAGTTCCACA	0	RoundSpermatid	0	RoundSpermatid	23294	-5.8866677	10.959514	-4.0733957	-0.74871343
GCAATCAGTGTGAATA	12	Elongating	17	Elongating	11553	-4.010873	1.4791485	4.3558817	10.781512
TTCGGTCAGTGAAGTT	0	RoundSpermatid	6	RoundSpermatid	56146	-3.2058716	11.56578	-1.4063522	-2.4128013
TGAGCCGGTGAGGCTA	0	RoundSpermatid	0	RoundSpermatid	35809	-6.306793	11.123182	-4.3102655	-0.01694692
TTCGAAGAGACTGGGT	12	Elongating	7	Elongating	29971	-2.616856	2.2842822	3.5049481	8.218992
GACTGCGAGTGTCCCG	0	RoundSpermatid	0	RoundSpermatid	35814	-5.9557376	12.148279	-4.547832	-1.0018857
AGAATAGGTGTCTGAT	11	Elongating	17	Elongating	13413	-5.2877593	1.9510291	5.101106	12.318693
TTCGGTCTCCAATGGT	5	Elongating	7	Elongating	12135	-2.4281914	4.1470213	2.1310163	6.656984
TCGGGACGTCACTTCC	3	Elongating	8	Elongating	13405	-6.207808	6.6218953	-2.8108757	4.717063
CTGAAACAGTCCTCCT	11	Elongating	16	Elongating	9331	-6.8677015	0.6074969	6.201884	15.044069
TAGCCGGGTCCTAGCG	0	RoundSpermatid	6	RoundSpermatid	32468	-3.1133392	11.615054	-1.3060266	-2.7005577
GGGACCTGTTGGTTTG	3	Elongating	8	Elongating	32245	-7.4693074	9.938337	-4.899532	2.3432627
CATGCCTCAAGCTGGA	3	Elongating	8	Elongating	29352	-7.6213713	10.321842	-4.5750995	1.3820751
GGCCGATCACCTATCC	12	Elongating	7	Elongating	24554	-3.047952	2.048978	3.5896122	8.711011
ACTGATGCATCACGTA	11	Elongating	16	Elongating	8175	-7.1465764	-0.57002676	6.4934783	15.783101
TGCACCTTCTCAACTT	3	Elongating	8	Elongating	26283	-7.688077	10.011197	-4.933436	2.1068861
TTTGCGCAGAATAGGG	0	RoundSpermatid	0	RoundSpermatid	28913	-4.2246237	11.849991	-2.892335	-2.692572
GGGTCTGGTGTGGCTC	0	RoundSpermatid	0	RoundSpermatid	46414	-4.306945	11.684656	-3.2834954	-2.4402702
CTCTAATTCAGTTAGC	0	RoundSpermatid	0	RoundSpermatid	23455	-5.8812537	11.044179	-4.0528903	-0.50613385
ACAGCCGAGAGAGCTC	0	RoundSpermatid	0	RoundSpermatid	26384	-4.3362894	12.026116	-3.7120392	-2.7363846
CCGGGATCATCCGGGT	9	Spermatocyte	14	Spermatogonia	30409	-18.018688	-1.526097	12.255217	1.2997459
CTCTGGTCAAGTCATC	0	RoundSpermatid	6	RoundSpermatid	24378	-2.7545736	11.0952425	-0.7845754	-2.4073336
TCCACACAGACACGAC	0	RoundSpermatid	6	RoundSpermatid	28691	-2.7159026	11.356801	-0.68582994	-2.433983
TAGTTGGCACGTGAGA	0	RoundSpermatid	6	RoundSpermatid	37164	-2.3335943	11.528537	-0.4538219	-1.4731369
ACCGTAATCAAACGGG	0	RoundSpermatid	0	RoundSpermatid	17648	-5.30744	11.17539	-3.7978473	-1.3458455
AGTGGGACAATGGTCT	0	RoundSpermatid	6	RoundSpermatid	25164	-3.141518	11.464516	-1.4061947	-2.72948
GACGCGTGTACGACCC	3	Elongating	8	Elongating	33662	-7.6828218	10.532144	-4.7623925	2.0923862
GATGAGGTCCTAGGGC	0	RoundSpermatid	0	RoundSpermatid	27724	-5.6607985	12.146583	-4.2154603	-1.5762471
AGAATAGGTATGGTTC	0	RoundSpermatid	0	RoundSpermatid	10034	-5.3441973	10.986855	-3.7179284	-1.5138072
CTGCTGTTCATGTAGC	0	RoundSpermatid	0	RoundSpermatid	12031	-4.3753114	11.307817	-3.50288	-1.9581479
CGCTGGACACAAGCCC	0	RoundSpermatid	6	RoundSpermatid	9596	-3.4249861	10.974322	-1.5470586	-2.470925
GACGTTAAGTCTTGCA	3	Elongating	8	Elongating	33261	-7.564236	8.444662	-4.8207035	3.2150621
TCGTAGATCCGCGCAA	4	RoundSpermatid	5	RoundSpermatid	23637	2.3655589	3.0789752	8.445641	-2.6399698
CGAGCCACAATGGATA	0	RoundSpermatid	6	RoundSpermatid	26520	-2.7930212	10.905327	-1.2015369	-2.259598
CCACCTAAGCTCCCAG	12	Elongating	7	Elongating	8364	-4.35788	3.9340122	2.4269946	4.6086855
AGCTCCTAGTTAGGTA	0	RoundSpermatid	0	RoundSpermatid	27714	-6.1437893	11.713749	-4.5975947	-0.7110847
CGTCTACTCACAAACC	3	Elongating	8	Elongating	31623	-7.687676	9.346471	-4.8650513	2.678403
AGCGGTCTCCGTAGGC	3	Elongating	8	Elongating	21850	-6.7675724	7.113794	-3.564912	4.2429357
CGAGCACCAAGAGGCT	0	RoundSpermatid	6	RoundSpermatid	23226	-2.470632	11.245441	-0.5965093	-2.0711598
GATGAAACAATCAGAA	0	RoundSpermatid	0	RoundSpermatid	28321	-6.2552705	11.328898	-4.0768867	-0.3821498
AGTGGGATCCTGCAGG	3	Elongating	8	Elongating	23253	-7.207942	8.017493	-4.347122	3.9539535
GAGCAGAGTTCACCTC	5	Elongating	7	Elongating	14809	-2.3843722	4.684527	1.922536	6.8267145
TTGGAACCAGACGCCT	12	Elongating	7	Elongating	13301	-2.9338288	2.583098	3.2069933	7.6945148
CAGCCGAAGAGGTTAT	5	Elongating	7	Elongating	14811	-2.8444963	5.845643	1.0841361	6.0134325
GACTGCGCACGTTGGC	5	Elongating	7	Elongating	23011	-3.2936199	5.4344745	0.9913148	5.5891933
GCGCCAATCCTTTCGG	5	Elongating	4	Elongating	9391	-4.2163196	5.790223	-0.18149452	5.728269
TCTATTGTCGCCGTGA	12	Elongating	7	Elongating	13014	-3.4174695	2.002725	3.6083713	8.738598
CATGCCTCATACGCTA	3	Elongating	8	Elongating	9960	-7.4704914	9.99129	-4.3403664	2.1353185
CGTCCATAGTGGTAGC	0	RoundSpermatid	0	RoundSpermatid	18855	-5.3424296	11.794675	-3.841294	-1.4897791
AGCTTGAAGACCGGAT	12	Elongating	17	Elongating	9160	-4.929501	2.1832826	4.934619	12.303639
AGCTTGACACAAGACG	5	Elongating	7	Elongating	9567	-2.305889	4.4396105	2.0184457	6.197094
TCAGATGCAATAGCGG	3	Elongating	8	Elongating	9635	-7.8751135	9.935901	-4.903644	2.8186517
TGAGGGAGTAAGTTCC	12	Elongating	7	Elongating	15797	-2.279305	2.6317525	3.6234076	8.334172
TAAACCGCATCCTAGA	5	Elongating	4	Elongating	10807	-4.204586	6.0653567	-0.78792024	6.1399636
GTCTTCGTCCATGAGT	10	Spermatocyte	15	Spermatocyte	15521	-18.72606	-4.492929	13.513184	2.3756049
CCCAGTTTCGCCTGAG	5	Elongating	4	Elongating	18143	-3.7574623	6.4885955	0.06214158	6.3444176
GATCGTAAGTGACATA	11	Elongating	16	Elongating	11063	-5.432362	2.096703	5.157896	13.374434
TAGACCAAGCGCTCCA	1	RoundSpermatid	3	RoundSpermatid	19317	0.43207368	8.209355	3.1435137	0.99615616
CTAATGGGTGGCCCTA	3	Elongating	8	Elongating	9082	-6.708605	6.61506	-3.4725926	3.9782705
ATTTCTGTCCTGCTTG	4	RoundSpermatid	11	RoundSpermatid	23500	4.101475	1.2581086	9.350911	-0.2870458
CGAGCACGTCTGCGGT	5	Elongating	7	Elongating	14173	-2.4773965	4.9907928	2.2413676	6.586249
TGATTTCAGAATTGTG	3	Elongating	8	Elongating	14614	-6.514519	6.6674523	-3.0628028	4.4830875
TACAGTGTCAACACAC	5	Elongating	7	Elongating	19230	-2.6484337	5.862136	0.81472534	6.323143
TCACAAGAGATCTGCT	0	RoundSpermatid	6	RoundSpermatid	29401	-2.6515722	11.184812	-0.6738043	-2.4427757
AAGCCGCAGTTCGCAT	12	Elongating	7	Elongating	12282	-2.2025301	3.4395003	2.4238086	6.8462787
CCACCTATCTACCAGA	5	Elongating	7	Elongating	16587	-2.4594362	4.9625535	1.5234213	6.3977647
GGACATTTCAACGAAA	5	Elongating	7	Elongating	16609	-1.9400096	3.966513	2.588922	7.104425
CTCACACCATATACGC	2	RoundSpermatid	6	RoundSpermatid	32449	-1.5762267	11.835501	-0.4061663	-0.9902689
TCGCGTTCACCGCTAG	5	Elongating	7	Elongating	12072	-2.2455041	5.2256207	1.8113998	6.558515
CGCCAAGCATGACGGA	3	Elongating	8	Elongating	24362	-6.4864197	7.536615	-2.5479617	4.9709096
ATGCGATAGACAGGCT	12	Elongating	7	Elongating	19984	-3.8989956	3.8232806	2.3996515	5.3854723
TTGGAACTCGAGAACG	5	Elongating	7	Elongating	10315	-2.9111357	5.3272085	0.9163321	6.184578
CTTAACTAGCCCGAAA	3	Elongating	4	Elongating	18385	-5.264315	6.7811384	-1.7127868	5.602042
GCCAAATCACTGAAGG	3	Elongating	8	Elongating	17801	-7.871696	10.1636915	-4.7719	1.4320335
GTACTTTGTACCGCTG	3	Elongating	8	Elongating	23557	-6.131986	7.305728	-2.29859	5.061779
AACCGCGCAGGATCGA	3	Elongating	8	Elongating	26046	-5.9756603	6.992545	-2.5596251	4.872706
GACGGCTAGGATGTAT	3	Elongating	4	Elongating	23178	-5.1383786	6.7844996	-1.6864358	5.7133813
GATCTAGAGATCCCGC	3	Elongating	8	Elongating	18755	-6.067261	6.9942365	-2.6540036	4.8683476
GTACTCCTCAAACCAC	4	RoundSpermatid	5	RoundSpermatid	21836	3.1800206	3.93806	7.7628	-3.0866413
CCCAGTTGTCTAGGTT	5	Elongating	7	Elongating	13377	-1.9745511	4.265024	2.0750885	6.228365
CTCGGAGGTCGATTGT	1	RoundSpermatid	2	RoundSpermatid	25935	0.15118466	9.804783	1.586847	1.8980387
ACCAGTAAGGCTCTTA	5	Elongating	4	Elongating	9427	-4.666523	6.149777	-0.784614	6.5027237
GACGTTAAGCTGGAAC	0	RoundSpermatid	0	RoundSpermatid	22102	-3.8166018	12.175745	-2.7539892	-2.637517
TTTATGCGTTTGTTTC	1	RoundSpermatid	3	RoundSpermatid	19946	0.52272326	7.746659	4.0664544	0.99894685
TTCCCAGTCAGCGACC	9	Spermatocyte	7	Elongating	46160	-16.535452	-0.96221584	2.3799024	4.6776886
CTAGAGTTCGCAAACT	3	Elongating	4	Elongating	14474	-5.641005	6.734388	-1.5779849	5.3557854
GTGAAGGTCTTCGAGA	5	Elongating	7	Elongating	16203	-3.2226706	6.0853267	0.66870916	6.1480064
GTTCGGGCAAGCTGTT	5	Elongating	7	Elongating	12505	-2.5949306	4.974631	1.3146799	6.583334
ACATACGAGATGGGTC	5	Elongating	4	Elongating	13485	-3.9452546	5.653085	-0.10458277	5.852005
AGCGTATAGTGCGATG	2	RoundSpermatid	6	RoundSpermatid	23545	-1.7274776	11.380037	-0.3206253	-1.6736356
GACTGCGGTGGCTCCA	12	Elongating	7	Elongating	7990	-4.029731	3.951339	2.1867356	5.326234
TAGAGCTAGCTCCTTC	2	RoundSpermatid	2	RoundSpermatid	33815	0.46873257	11.143128	0.1657618	1.6210757
GAGCAGATCCGAATGT	5	Elongating	4	Elongating	15644	-3.7016463	6.4419146	-0.46294647	6.229702
CAGCAGCAGCGATCCC	3	Elongating	8	Elongating	17548	-6.7731786	7.207292	-4.189635	4.015928
TTTGGTTAGTCCAGGA	3	Elongating	4	Elongating	10555	-5.578471	6.4933176	-1.820501	5.3994107
CACAGGCCATCGTCGG	3	Elongating	8	Elongating	26091	-7.786612	9.577712	-5.050926	2.6446383
TGATTTCAGCTAGTCT	3	Elongating	8	Elongating	16093	-6.9340224	7.04828	-3.8629296	3.8533351
TAAGAGAGTACTTAGC	3	Elongating	8	Elongating	10310	-7.3378034	7.182309	-4.209924	3.1386974
TGTCCCAAGAATTCCC	5	Elongating	4	Elongating	16561	-4.106435	6.782946	-0.903189	6.4825244
TCTATTGTCTATCCCG	3	Elongating	8	Elongating	22919	-7.0435185	8.117753	-4.009778	4.1812954
CTGAAGTCATTAGGCT	0	RoundSpermatid	0	RoundSpermatid	25795	-3.5109239	12.048357	-2.1268225	-2.6073437
GGGACCTTCACAATGC	0	RoundSpermatid	0	RoundSpermatid	11723	-5.8211207	12.225882	-4.2199984	-1.2034186
CGGAGCTGTAGCTGCC	0	RoundSpermatid	0	RoundSpermatid	22886	-4.2297254	11.832955	-3.1340857	-2.6650991
TGAGCATAGAATTCCC	3	Elongating	8	Elongating	22968	-5.7818904	6.644817	-2.327647	5.0950594
TGGGAAGAGAGTACCG	3	Elongating	8	Elongating	22628	-7.5819454	8.850447	-4.9489746	3.1506615
GATCGTACAAACCCAT	12	Elongating	17	Elongating	11422	-4.368282	1.9414587	4.2352176	10.44549
CGATGGCCATGACGGA	5	Elongating	7	Elongating	23682	-1.9113803	4.625188	1.941236	6.8992567
CATCCACCACAGTCGC	2	RoundSpermatid	2	RoundSpermatid	18237	0.78703773	11.276408	0.653499	1.7402647
GCAATCAGTACGCACC	1	RoundSpermatid	1	RoundSpermatid	25294	2.2657492	6.6490035	4.9452786	-1.3455878
ACGGAGACAATGGAGC	12	Elongating	17	Elongating	11746	-3.993635	2.3301475	3.798236	9.849095
GTAGGCCCATCGGTTA	2	RoundSpermatid	2	RoundSpermatid	25664	0.098886535	11.151983	-0.0019238218	1.5349865
GGGAATGAGTACGATA	2	RoundSpermatid	2	RoundSpermatid	49928	1.0019542	10.658415	1.144624	1.4819301
GGTGCGTAGTCGTACT	4	RoundSpermatid	5	RoundSpermatid	31732	3.4703815	2.5908413	8.86574	-1.640281
CTACATTGTGACGCCT	3	Elongating	8	Elongating	26659	-7.6433873	9.762176	-4.827971	2.909097
GTTCTCGGTACTTAGC	11	Elongating	16	Elongating	8125	-7.015408	-0.5283359	6.521931	15.720658
TGAGCATAGTTACCCA	1	RoundSpermatid	3	RoundSpermatid	29991	-0.22853929	9.244981	2.0405648	2.0415466
TCAGCAACATTGCGGC	4	RoundSpermatid	7	Elongating	47547	3.5098803	1.8185004	2.6431599	4.871771
GCGGGTTAGGGCATGT	2	RoundSpermatid	6	RoundSpermatid	25768	-0.80360585	11.862796	-0.13562578	-0.38912392
GAAATGAAGATGGGTC	2	RoundSpermatid	6	RoundSpermatid	27859	-1.2199267	11.678512	-0.19764285	-1.2122074
ACGATGTTCCTGCAGG	3	Elongating	4	Elongating	28323	-5.329411	6.8983397	-1.8133574	5.2808285
CTTAACTCAAAGGAAG	1	RoundSpermatid	3	RoundSpermatid	23730	-0.022197582	9.363871	2.0546775	1.7064135
GACTAACTCCGCATCT	2	RoundSpermatid	2	RoundSpermatid	31380	0.56443536	11.240436	0.5434278	1.5105343
AGCGTATGTTAAGGGC	3	Elongating	8	Elongating	29784	-7.6272745	10.385982	-4.8259344	2.3158987
GACCAATTCCTCAATT	2	RoundSpermatid	2	RoundSpermatid	25493	0.60384774	10.581982	0.7259754	1.6685723
CTACGTCAGCAGCCTC	11	Elongating	16	Elongating	10762	-6.358984	1.6610546	5.563857	14.10601
GCTGGGTGTAGCGCAA	5	Elongating	7	Elongating	16826	-3.0854304	6.0833387	0.79111814	6.3776584
CCATGTCAGATCCTGT	11	Elongating	16	Elongating	9728	-6.8093185	0.50250417	6.1604447	15.089295
CATTCGCGTTCCCTTG	2	RoundSpermatid	2	RoundSpermatid	29380	0.29740453	11.856129	-0.55060995	1.0482478
GCATGATAGGACCACA	3	Elongating	8	Elongating	7990	-7.078205	6.964994	-3.9895043	3.8570137
CGCGGTAAGTGCTGCC	3	Elongating	4	Elongating	16319	-4.865843	6.669268	-1.4079326	5.9847217
TATCTCATCCGTCAAA	2	RoundSpermatid	2	RoundSpermatid	29811	-0.04157739	12.041613	-0.3642934	0.8515568
TTATGCTCAGCTGTGC	2	RoundSpermatid	6	RoundSpermatid	24842	-1.4673241	11.922519	-0.14267384	-1.1560643
TCTTTCCGTCGCATCG	3	Elongating	8	Elongating	15067	-7.251867	7.137793	-4.000264	3.5807686
GTTCGGGGTCATACTG	2	RoundSpermatid	2	RoundSpermatid	51560	-0.2644886	11.710535	-0.4827789	0.0986573
CTAAGACCAAGACACG	1	RoundSpermatid	3	RoundSpermatid	16999	0.5161654	9.267066	1.8851929	1.6587043
CACTCCATCATAAAGG	1	RoundSpermatid	3	RoundSpermatid	29104	0.39635286	8.73348	2.722756	0.9579244
TCACGAAGTACCGCTG	2	RoundSpermatid	6	RoundSpermatid	21202	-0.7920952	11.224472	-0.23174934	-0.50525403
CACAGGCAGGGATGGG	2	RoundSpermatid	6	RoundSpermatid	22545	-1.5079044	11.316991	-0.38004327	-1.4026076
CGTCCATTCTGAAAGA	2	RoundSpermatid	2	RoundSpermatid	25864	-0.05539076	10.954887	-0.24883793	0.7502735
AAGTCTGGTCCAGTGC	2	RoundSpermatid	6	RoundSpermatid	31341	-1.5499552	11.580782	-0.23067006	-0.83667123
CGGGTCAAGTCGTTTG	3	Elongating	4	Elongating	21154	-5.6656365	6.745987	-1.9561791	5.0702815
TTCCCAGTCCCGGATG	0	RoundSpermatid	0	RoundSpermatid	25195	-4.0453644	11.9891205	-2.6262043	-2.745067
ACCGTAATCCGCATCT	3	Elongating	8	Elongating	24084	-6.7606063	7.9638076	-4.107034	4.189628
GGGCATCTCGAGAGCA	1	RoundSpermatid	3	RoundSpermatid	44183	0.07700079	9.107111	2.373948	1.5648221
CGTCTACTCGAGAGCA	1	RoundSpermatid	3	RoundSpermatid	20304	0.4856073	8.191199	3.7061188	1.207764
TCGCGTTTCCGCATCT	0	RoundSpermatid	6	RoundSpermatid	24742	-2.3374872	11.036626	-0.7272553	-2.581539
GTACTTTAGCCCGAAA	2	RoundSpermatid	2	RoundSpermatid	25149	0.26533157	11.478246	-0.111801974	1.2008582
GTTAAGCAGACAGGCT	2	RoundSpermatid	2	RoundSpermatid	22964	1.0328429	11.117749	0.52986395	1.5520823
GCACTCTCATGCCCGA	12	Elongating	17	Elongating	12734	-3.8896937	1.6307821	3.885001	9.70634
CTCGTCATCCTAGTGA	7	Spermatocyte	10	Spermatocyte	17058	6.523461	-0.68710387	9.034672	2.3065898
CCTCAGTCATCTCGCT	1	RoundSpermatid	1	RoundSpermatid	13700	2.2564125	7.27992	5.2733393	-2.10185
CAGAGAGAGCTGAAAT	5	Elongating	7	Elongating	8195	-3.5005054	4.323208	1.4448026	5.9386635
CGCGGTACACGACGAA	1	RoundSpermatid	3	RoundSpermatid	22366	-0.23422252	8.846228	2.1718166	1.5757499
AAGGAGCGTGCACTTA	7	Spermatocyte	10	Spermatocyte	21551	5.64999	-2.1473415	9.124205	4.4451785
TGAAAGAGTCTTGCGG	5	Elongating	7	Elongating	11876	-3.5443041	5.9966173	0.51971364	5.9296713
CGAACATAGTCAAGCG	2	RoundSpermatid	2	RoundSpermatid	30260	0.5555242	11.071685	0.21489562	1.2369108
CGTTGGGGTACCCAAT	1	RoundSpermatid	1	RoundSpermatid	21947	2.1913016	6.49725	4.7532887	-2.0668187
ATTACTCGTGCCTTGG	12	Elongating	7	Elongating	15103	-2.3701558	2.933422	3.4123595	8.146938
CTCGTCACAGCTCGAC	2	RoundSpermatid	2	RoundSpermatid	27553	-0.33426508	11.879715	-0.106063165	0.52123517
CAACCAAAGGACGAAA	2	RoundSpermatid	6	RoundSpermatid	25562	-1.0699459	11.809056	-0.39068186	-0.4802259
GGAACTTTCGTCCGTT	2	RoundSpermatid	2	RoundSpermatid	25980	0.34494638	11.784605	-0.4031063	0.917854
GTTTCTATCTCTTGAT	1	RoundSpermatid	3	RoundSpermatid	9434	0.7753292	6.9365125	2.8085916	2.95445
ATAAGAGAGAAACCGC	2	RoundSpermatid	2	RoundSpermatid	28219	-0.6932912	11.781842	-0.5258276	0.23293501
GCCAAATCATCGGACC	9	Spermatocyte	14	Spermatogonia	33344	-17.175573	-1.3237116	11.153581	1.8663704
CTTTGCGCAAGTAATG	1	RoundSpermatid	1	RoundSpermatid	22144	2.08251	7.2536473	4.730421	-1.9955616
CCGTGGAAGGTAAACT	2	RoundSpermatid	2	RoundSpermatid	12224	0.79300255	11.394254	0.021986743	1.8754381
TGCCAAACAGCTATTG	12	Elongating	17	Elongating	33275	-4.3872066	1.5615628	4.39664	10.988693
AGCGTCGAGCCGGTAA	5	Elongating	4	Elongating	8128	-4.385133	5.9136295	-0.6421149	6.0741677
TTCGAAGGTATGAATG	2	RoundSpermatid	2	RoundSpermatid	13014	-0.3714106	11.115875	0.03303199	0.77518755
AGCGTATCAATGAATG	12	Elongating	17	Elongating	10795	-4.8672333	2.0309227	4.7233047	11.920111
AGTCTTTCACAGACTT	2	RoundSpermatid	2	RoundSpermatid	15833	0.16079809	11.663033	-0.024486715	1.3154287
GCTGCGAAGGACAGAA	1	RoundSpermatid	3	RoundSpermatid	21829	0.5198192	7.724621	4.079527	0.59036964
ACTGAACGTGGGTCAA	1	RoundSpermatid	3	RoundSpermatid	22075	0.07418371	8.653639	3.0647366	0.9781139
CCGGTAGTCCAAGTAC	1	RoundSpermatid	3	RoundSpermatid	24812	0.124171756	8.345273	3.5525696	0.30923682
TGACTAGTCCCAACGG	2	RoundSpermatid	2	RoundSpermatid	28507	0.8392214	11.1576185	0.1707276	1.5514321
GGATGTTTCAACCAAC	2	RoundSpermatid	2	RoundSpermatid	23978	-0.049591508	11.881372	-0.4126295	0.5562253
CGGACGTTCAGCTCTC	2	RoundSpermatid	2	RoundSpermatid	26363	-0.2880524	12.080264	-0.42636576	0.44299364
GCGAGAACACGAAACG	1	RoundSpermatid	2	RoundSpermatid	27789	0.20813428	9.776304	1.584761	1.9909408
CTACACCGTCCGTGAC	0	RoundSpermatid	6	RoundSpermatid	10650	-3.458049	11.28861	-1.3134117	-2.2890692
ACGAGGACAGACAGGT	2	RoundSpermatid	2	RoundSpermatid	22230	-0.4253154	11.893336	-0.36420968	-0.13842303
TGGGCGTCAATCTGCA	1	RoundSpermatid	3	RoundSpermatid	25149	0.6826325	7.7329707	4.04598	0.26589775
AACGTTGCAGATGGGT	11	Elongating	16	Elongating	8481	-7.00809	-0.46567765	6.6681705	16.007008
CGACCTTTCTGGTTCC	1	RoundSpermatid	1	RoundSpermatid	27516	2.078051	5.849441	5.421465	-2.7354958
GATTCAGCAGCTCGCA	12	Elongating	7	Elongating	13140	-2.9042652	2.4104843	3.795524	9.064382
GCGCAACTCTGATTCT	1	RoundSpermatid	1	RoundSpermatid	21420	1.2204304	7.917029	5.971452	-1.7624905
GATCGCGTCCAATGGT	1	RoundSpermatid	3	RoundSpermatid	12659	1.1220546	8.075747	3.7951417	1.5005734
CCTCTGATCACGCATA	4	RoundSpermatid	5	RoundSpermatid	20646	2.4886222	5.016475	6.6193547	-2.6868804
AAAGCAAAGACAGACC	8	Spermatocyte	9	Spermatocyte	126646	-14.573683	-4.827258	15.890867	6.343021
CGATGGCGTCTGCAAT	3	Elongating	8	Elongating	19424	-7.5747075	10.688789	-4.6564236	1.3328823
CGTTGGGTCGGAAACG	7	Spermatocyte	13	Spermatocyte	22987	4.469469	-2.5100527	10.128703	5.7397256
TGGTTCCGTGCTCTTC	11	Elongating	16	Elongating	9110	-6.305883	1.6155947	5.6656075	13.930132
ACAGCCGGTTTGCATG	5	Elongating	7	Elongating	10468	-3.5633218	4.6201878	1.4889868	6.113609
TCATTACTCAACACTG	5	Elongating	7	Elongating	19426	-1.7407179	4.044053	2.8635085	7.057061
CACAGTATCTTGTATC	11	Elongating	17	Elongating	11210	-5.7531757	1.8166068	4.953264	12.364862
GCTCTGTAGCGTTCCG	12	Elongating	17	Elongating	9706	-4.358215	1.6879879	4.2009254	10.867995
GTCGGGTCAGGTCTCG	12	Elongating	7	Elongating	9991	-3.4501023	2.1883368	3.8378832	8.940868
ATCTGCCGTTACGACT	5	Elongating	7	Elongating	16772	-1.9206377	4.355937	2.5011435	6.957471
CAGCTGGGTCTTGATG	5	Elongating	7	Elongating	13110	-2.8609407	4.781553	1.5654615	6.771504
GTTCGGGCAATCCAAC	8	Spermatocyte	9	Spermatocyte	53495	-16.686426	-5.799842	13.960527	6.7846823
CACAGTAGTTCCGGCA	11	Elongating	16	Elongating	9450	-6.8562565	0.4347008	6.3130927	15.59122
CGTCTACAGCGATTCT	12	Elongating	7	Elongating	14404	-3.5626135	2.3880312	3.6717536	8.881533
CCCTCCTAGTGTTGAA	11	Elongating	16	Elongating	9572	-7.1486487	-0.45366132	6.7985587	15.854816
CTGCGGAGTTACGGAG	5	Elongating	7	Elongating	9903	-2.2094524	4.2567673	2.798238	6.5370326
AACTCAGCAATGGTCT	11	Elongating	16	Elongating	9733	-6.8192706	0.7991275	5.8563905	14.924885
ATCCACCAGAAACGCC	7	Spermatocyte	13	Spermatocyte	21522	4.9674706	-2.4361734	9.814303	5.282707
CATCGGGAGTATCGAA	1	RoundSpermatid	3	RoundSpermatid	9081	-0.3354557	8.5725355	3.3191097	1.8581142
CTCTGGTAGTGGTAAT	9	Spermatocyte	14	Spermatogonia	23914	-17.526146	-0.90588456	11.212519	2.0459595
AGTCTTTGTCAGAATA	2	RoundSpermatid	6	RoundSpermatid	29930	-1.3561474	11.953311	-0.40720513	-0.8106237
GCTGCTTTCGCCTGTT	6	Spermatocyte	12	Spermatocyte	101067	-17.640348	-4.038611	15.68231	0.6102334
AAGACCTCACAGGTTT	8	Spermatocyte	13	Spermatocyte	20154	-15.290222	-6.317385	12.566767	5.036759
GACGGCTAGCCCAACC	3	Elongating	8	Elongating	24047	-6.1223154	7.0991096	-2.6893892	4.81386
CTCACACGTCAGATAA	2	RoundSpermatid	2	RoundSpermatid	30976	0.8583264	10.7337675	0.8396207	1.5397905
CAAGGCCAGCGAAGGG	5	Elongating	7	Elongating	12434	-3.0634382	5.1151705	1.106501	6.175452
CAAGTTGTCTGTTTGT	12	Elongating	7	Elongating	13432	-2.5412593	2.5580637	3.2668989	8.074787
TGCTGCTCAAGACGTG	2	RoundSpermatid	6	RoundSpermatid	23373	-2.133144	11.399871	-0.743359	-1.4757329
CGTGTAAGTGTGAAAT	2	RoundSpermatid	2	RoundSpermatid	10714	-0.7971893	12.087517	-0.5427957	0.18463476
GTGGGTCGTCGCATAT	10	Spermatocyte	15	Spermatocyte	12533	-19.321962	-4.956555	13.740548	2.2159572
GTGCAGCCACATCCAA	5	Elongating	4	Elongating	18815	-3.8454888	6.556409	-0.60168356	6.45136
GCGAGAAGTAAACCTC	3	Elongating	8	Elongating	9492	-7.3210387	7.5043807	-4.4036584	3.0053768
CTCAGAACATCTCGCT	3	Elongating	4	Elongating	14280	-5.3906617	6.9628644	-1.8108577	5.5065584
GCTCTGTGTCATCCCT	12	Elongating	7	Elongating	8678	-3.4216595	3.562657	2.8299387	5.9612327
TGACGGCCATCTCCCA	11	Elongating	17	Elongating	12091	-5.5179005	1.8122019	4.6194735	11.758573
TTTGGTTGTATCTGCA	11	Elongating	16	Elongating	12816	-6.454873	1.4150604	5.9520226	14.418233
GTTCGGGAGGGAAACA	12	Elongating	17	Elongating	10747	-4.807832	3.2848084	5.0195374	12.48853
ATTATCCGTTCTGGTA	5	Elongating	7	Elongating	11432	-3.284409	5.81475	0.42335775	5.9768567
ACATACGAGAAGGCCT	12	Elongating	7	Elongating	13930	-2.6182837	2.8891864	3.2318537	7.187563
GAATAAGCACAGTCGC	12	Elongating	7	Elongating	9568	-3.7819984	2.440857	3.7489383	9.115885
ACATACGTCCCATTAT	0	RoundSpermatid	0	RoundSpermatid	8097	-5.820869	12.031586	-4.7264156	-1.0031003
AGATCTGAGACATAAC	12	Elongating	7	Elongating	15040	-2.343565	2.5104587	3.72183	7.6853657
CTCGAAAGTCAGCTAT	12	Elongating	17	Elongating	18326	-4.0488253	2.0402725	3.9076757	9.830793
CATGCCTGTGGCGAAT	3	Elongating	8	Elongating	17838	-7.3446636	8.066231	-4.054906	3.8000376
TCCACACCACGGCGTT	3	Elongating	8	Elongating	15567	-7.661174	9.61942	-5.0080256	2.5804594
TGACAACCATACTCTT	11	Elongating	16	Elongating	13294	-5.83765	2.4286208	5.0739174	12.981122
ATTATCCAGGCTACGA	2	RoundSpermatid	6	RoundSpermatid	26023	-1.727503	11.75852	-0.5251257	-1.2320628
AGTTGGTTCCCTCTTT	12	Elongating	17	Elongating	13448	-4.5574093	1.8071789	4.554347	11.411774
GATTCAGTCGTAGGTT	11	Elongating	16	Elongating	8871	-6.4495764	1.8433203	5.72161	14.040388
CCCAGTTTCATGTGGT	12	Elongating	17	Elongating	11418	-3.6995246	1.8254417	4.271836	10.522399
GGAACTTTCCGAATGT	3	Elongating	8	Elongating	26242	-7.4941916	8.366335	-4.548644	3.5535831
AGAGTGGAGGTTACCT	2	RoundSpermatid	2	RoundSpermatid	25375	0.7862524	11.246391	0.4129907	1.7680845
ACACCAAAGAGCAATT	4	RoundSpermatid	11	RoundSpermatid	17676	4.017221	0.9144178	8.946767	0.57591015
GCAGCCATCCAGATCA	5	Elongating	4	Elongating	11682	-3.7194352	6.578007	-0.5424912	6.627469
GCCTCTACAACACCTA	5	Elongating	7	Elongating	13478	-3.2446527	5.457076	0.8050033	5.853714
TTTACTGCACCAGGTC	9	Spermatocyte	14	Spermatogonia	21858	-17.919582	-2.0795896	12.466426	1.2763137
ACACCCTGTAGGACAC	5	Elongating	7	Elongating	29759	-3.584556	5.0505958	1.6841459	5.648413
CAGAATCGTTGAGGTG	1	RoundSpermatid	2	RoundSpermatid	21306	0.35476643	9.859496	1.5562202	2.1075344
GCGGGTTGTATAGGGC	2	RoundSpermatid	2	RoundSpermatid	19573	0.93734163	11.02893	-0.056488745	1.7275008
ATCCACCGTGTTTGTG	4	RoundSpermatid	5	RoundSpermatid	26446	2.6987588	4.2492256	6.582274	-3.1431906
ATAACGCTCCGGGTGT	3	Elongating	8	Elongating	26898	-6.2884617	7.1168303	-2.9739978	4.5423765
GGAACTTTCATGTCCC	11	Elongating	16	Elongating	13012	-6.620154	1.2019099	5.9220076	14.462215
GTGTTAGTCTCTGTCG	5	Elongating	7	Elongating	12565	-2.36557	4.160322	2.0578122	6.2320876
CGTGAGCGTATGAATG	3	Elongating	8	Elongating	21538	-7.5032477	8.441281	-4.764838	3.3180559
TGAGCCGGTGATGTCT	0	RoundSpermatid	6	RoundSpermatid	25980	-3.1199484	11.147904	-1.0918884	-2.3838174
ACGAGGAGTACCGTTA	2	RoundSpermatid	2	RoundSpermatid	25503	-0.14931725	11.666737	-0.7784293	1.0677638
CGCTTCACATTTCACT	11	Elongating	16	Elongating	10044	-6.574225	1.1549562	6.2989984	15.020456
GACTAACGTCTCTTTA	3	Elongating	8	Elongating	26790	-7.614986	9.940549	-5.00124	2.2815912
CATTATCCATCAGTAC	4	RoundSpermatid	5	RoundSpermatid	21745	3.1528392	3.3024485	8.319376	-2.3936517
TCTCTAATCTGTCTCG	11	Elongating	16	Elongating	9722	-7.257783	-0.6712621	6.54876	16.139072
TAGGCATTCGGCGGTT	11	Elongating	16	Elongating	8926	-6.7457256	0.7559909	6.1947985	14.678105
CAACTAGGTCCAAGTT	1	RoundSpermatid	1	RoundSpermatid	28911	1.6856971	6.8186474	5.631133	-2.1379774
AGCTCTCAGGTGACCA	12	Elongating	7	Elongating	11483	-3.644346	2.681014	3.8085954	9.41009
TCGTACCCAGCCTATA	5	Elongating	7	Elongating	16396	-2.0186908	4.604517	2.3324027	6.809942
GATCGCGAGAGATGAG	12	Elongating	7	Elongating	14741	-2.2520692	2.5950017	3.5026011	7.820486
GGACATTCAAAGGTGC	0	RoundSpermatid	0	RoundSpermatid	27631	-5.9692397	11.509888	-4.4074407	-0.6792071
CGATGTATCATAAAGG	5	Elongating	4	Elongating	23427	-3.5936341	6.4942756	-0.26027602	6.088472
CACCTTGCAGCTGTGC	7	Spermatocyte	10	Spermatocyte	20453	4.994262	-1.4911809	8.529114	4.0002975
TTCGGTCTCACATAGC	5	Elongating	7	Elongating	11104	-3.6242995	5.242054	0.5809409	5.569564
CACAGGCGTCGCATAT	1	RoundSpermatid	1	RoundSpermatid	22843	1.652395	6.474197	4.752343	-1.2185084
GTACGTACATTGGTAC	2	RoundSpermatid	2	RoundSpermatid	25852	-0.21061914	11.629608	-0.2894281	0.8076702
GCGCAACGTTCCTCCA	12	Elongating	7	Elongating	20305	-2.520882	2.6653295	2.801653	7.3881626
CATCGAAGTCGCGGTT	11	Elongating	16	Elongating	9110	-7.053553	-0.7064019	6.461664	15.94436
ACGGGTCTCTCTTGAT	12	Elongating	7	Elongating	12859	-3.3179212	2.152052	3.7876425	8.606162
CCTTACGGTACGAAAT	11	Elongating	16	Elongating	20067	-6.552599	1.0914099	6.1686506	15.031911
CTCGAGGGTGCTTCTC	1	RoundSpermatid	3	RoundSpermatid	21765	0.5977781	9.047611	2.3364186	1.7667361
GGACAGAGTGAGCGAT	11	Elongating	16	Elongating	8434	-7.023317	-0.38908672	6.4077363	15.802797
CGTAGCGAGCGATTCT	3	Elongating	8	Elongating	27092	-7.6344304	9.08416	-5.003443	2.681979
CGAATGTTCGCCCTTA	3	Elongating	4	Elongating	21586	-5.6702433	6.907714	-2.0624633	5.3908544
GTAACTGAGACCACGA	5	Elongating	7	Elongating	16985	-2.110612	4.367107	2.0523868	6.996829
GTAGGCCAGCGATGAC	12	Elongating	7	Elongating	12953	-2.0934381	2.912578	3.1665123	7.3918486
CTCGAGGAGCATGGCA	1	RoundSpermatid	1	RoundSpermatid	18193	2.5358326	7.019757	5.1220937	-1.454847
TGCGGGTTCGTAGATC	12	Elongating	7	Elongating	14806	-2.447196	3.1379285	3.2422273	7.4333043
GTCAAGTCATACGCTA	12	Elongating	7	Elongating	10987	-3.7023864	2.1369023	3.7471247	9.038337
GCAGTTAAGGACCACA	4	RoundSpermatid	5	RoundSpermatid	26748	2.758864	2.1152189	8.197745	-1.9245394
TGTGGTAAGTCTCCTC	3	Elongating	4	Elongating	21405	-4.7600694	6.9181366	-0.9681573	6.1007733
TAGAGCTCACGTTGGC	12	Elongating	17	Elongating	9695	-4.5183506	3.1672769	4.69593	11.220821
CACACTCAGGATATAC	12	Elongating	17	Elongating	14554	-3.8916001	1.6502758	4.0601	9.97405
AGGGATGAGATGTAAC	1	RoundSpermatid	1	RoundSpermatid	19224	1.5971817	6.3509054	4.287242	-1.7502441
GACGCGTGTGGTCTCG	5	Elongating	7	Elongating	12762	-2.5849397	4.9446692	1.6287694	6.5858
GGCGTGTCAGCTGTAT	12	Elongating	7	Elongating	8833	-3.3542507	2.1550477	3.572937	7.999284
TGACAACCATTACGAC	3	Elongating	8	Elongating	10964	-6.937949	6.685641	-3.7019367	4.125933
AGAGCTTGTAGCGTAG	11	Elongating	16	Elongating	8874	-7.103347	-0.25658724	6.3521867	15.5803
CGTCACTAGTGACTCT	11	Elongating	16	Elongating	10871	-7.156303	0.3418181	5.924842	15.1186495
GAGCAGACATCCCACT	3	Elongating	7	Elongating	15252	-5.4486556	5.697804	1.7079414	4.6220107
CTAGAGTCAAGCGATG	11	Elongating	16	Elongating	10493	-7.023624	0.36417297	6.180618	15.201901
TCGGTAATCCGCTGTT	12	Elongating	17	Elongating	22770	-4.0978856	1.6573132	4.19573	10.842212
CTAAGACAGGGAGTAA	12	Elongating	17	Elongating	11856	-4.9017057	2.9456475	4.79745	11.8494625
GTTCTCGAGTACGCCC	4	RoundSpermatid	5	RoundSpermatid	28679	2.9135778	3.7596707	6.5969877	-3.204603
AGTGTCAGTGTGCCTG	12	Elongating	17	Elongating	10368	-4.8923793	2.086818	4.3930135	11.499896
GACCAATAGACAAGCC	12	Elongating	17	Elongating	11370	-4.598512	1.4889019	4.3607597	10.729047
CCTTTCTTCTGCGTAA	5	Elongating	7	Elongating	19747	-4.102165	5.195475	1.4030391	5.2308393
GACTACAGTCTGGAGA	12	Elongating	7	Elongating	11638	-2.9788306	2.4575124	3.7201617	8.289388
GTTTCTATCTGGCGTG	5	Elongating	7	Elongating	15761	-2.6588192	5.495927	1.3353165	6.465366
CTCGAAAGTTTACTCT	12	Elongating	7	Elongating	13405	-2.2685144	3.0056834	3.276161	7.1319985
CGGACTGGTGGTTTCA	9	Spermatocyte	14	Spermatogonia	9643	-18.33309	-1.9215018	12.68827	1.7991989
TATCTCATCCATGAAC	11	Elongating	17	Elongating	10627	-5.4148197	2.1804047	4.670055	12.026933
GCTCTGTAGTGCTGCC	8	Spermatocyte	13	Spermatocyte	19671	-15.202975	-6.5520906	12.227604	5.873203
ATCCGAACACGGCGTT	7	Spermatocyte	13	Spermatocyte	31503	4.630236	-2.3391936	9.788003	5.4926105
GTCAAGTTCGGTTCGG	11	Elongating	16	Elongating	10943	-7.3962235	-0.72975063	6.726264	15.960035
CGCGTTTTCACAAACC	5	Elongating	7	Elongating	15699	-2.9762104	5.64653	0.9282384	6.333689
ATCATCTAGGTAGCTG	4	RoundSpermatid	5	RoundSpermatid	24833	2.7682836	2.4710977	8.5978985	-2.3151774
TCGGGACGTCCTGCTT	11	Elongating	16	Elongating	8770	-6.1263266	1.8816767	5.5402155	13.9378605
GGAGCAACACTTAAGC	1	RoundSpermatid	3	RoundSpermatid	24676	-0.34528401	8.9511795	3.0453687	1.473478
CCGTACTCAGACGCTC	5	Elongating	4	Elongating	18714	-3.8627808	6.3697476	-0.41206282	6.447231
GTGAAGGGTTGGTAAA	5	Elongating	7	Elongating	12149	-2.802066	5.3292747	1.0691878	6.432659
GAACCTAAGTTAGCGG	8	Spermatocyte	13	Spermatocyte	21075	-15.24672	-6.376788	12.295691	5.570025
TCTATTGGTAAGTGGC	3	Elongating	8	Elongating	16317	-6.307544	6.706747	-2.981606	4.448274
GGAAAGCAGCTACCTA	9	Spermatocyte	12	Spermatocyte	60185	-18.071981	-3.0507615	14.918435	1.0293901
CCCATACAGTGACATA	12	Elongating	7	Elongating	12331	-2.778066	2.750277	3.6521945	7.8031106
CTTCTCTCATTGAGCT	11	Elongating	16	Elongating	8430	-6.936061	-0.55211836	6.629118	15.891275
CTCGAAATCGGCCGAT	5	Elongating	7	Elongating	16116	-2.3969707	5.6039186	1.5112936	6.89414
TGCACCTTCCAATGGT	12	Elongating	7	Elongating	9778	-3.1241367	2.8065176	3.6519904	7.7233667
TGCCAAATCGATAGAA	11	Elongating	16	Elongating	8162	-6.869917	0.04793459	5.919329	15.1512575
AGTTGGTGTAAGGGCT	3	Elongating	8	Elongating	19306	-6.814604	7.2506204	-3.3240123	4.4510765
GCATGTATCCGTCATC	8	Spermatocyte	15	Spermatocyte	17673	-17.448196	-6.310906	13.099411	4.275844
TTGAACGGTGCACTTA	2	RoundSpermatid	2	RoundSpermatid	21267	-0.042248685	12.033532	-0.3649361	1.2733207
GTAACGTGTCTTGCGG	3	Elongating	4	Elongating	21113	-5.345282	6.9575753	-1.2045901	5.5742445
GGCTCGAAGTGAAGTT	3	Elongating	8	Elongating	22928	-6.9834924	8.158622	-4.154531	4.23757
ACACCCTTCCATTCTA	0	RoundSpermatid	0	RoundSpermatid	28125	-3.6441715	11.917269	-2.3480058	-2.4238675
GATCAGTCAATGACCT	11	Elongating	16	Elongating	13011	-5.6985354	1.8817161	5.353306	13.39959
GCATACAAGCTGCCCA	0	RoundSpermatid	0	RoundSpermatid	9368	-6.382643	12.011822	-4.763125	-0.44415888
GGACGTCGTCCGACGT	12	Elongating	7	Elongating	15559	-3.1657944	3.117816	3.4684649	7.3535695
AGACGTTTCTTGAGGT	11	Elongating	16	Elongating	8827	-6.5703673	1.0971897	6.0608754	14.751062
ACACCAATCGCTTAGA	12	Elongating	7	Elongating	11079	-2.0254974	2.9262166	2.983025	6.433247
CACAAACAGCTAGTCT	5	Elongating	4	Elongating	8393	-3.7863848	5.660541	-0.30933526	5.7202244
CTCATTAGTGTCGCTG	11	Elongating	16	Elongating	12682	-6.3621783	2.0210836	5.6097064	13.801909
CGACTTCGTTGGTAAA	11	Elongating	17	Elongating	13870	-5.209911	1.6801052	4.513934	11.707376
GGTGTTATCAGCACAT	1	RoundSpermatid	1	RoundSpermatid	13359	2.0991232	7.6926956	4.993906	-1.8823291
TACGGTAAGCAATCTC	5	Elongating	7	Elongating	14772	-1.9542062	3.7715275	2.8544567	6.872929
ACTATCTGTAAATGAC	7	Spermatocyte	10	Spermatocyte	22305	6.097377	-1.8066276	8.831348	3.6707592
TGCACCTAGTTCCACA	5	Elongating	4	Elongating	18368	-3.0416822	6.0660257	0.19074833	6.414134
ACTGATGAGAGCTTCT	1	RoundSpermatid	3	RoundSpermatid	21284	-0.48358348	9.070939	2.8076496	1.9582151
AGTCTTTAGGAGCGTT	4	RoundSpermatid	5	RoundSpermatid	20555	2.2126172	3.5572286	7.257946	-2.9626813
GTCGGGTGTAGCGATG	11	Elongating	7	Elongating	8844	-5.4291453	2.8026414	4.7634773	12.562388
GATCTAGTCCGCTGTT	8	Spermatocyte	9	Spermatocyte	108965	-15.19296	-5.0683146	16.074272	6.1444874
TCGGTAAGTCCAAGTT	10	Spermatocyte	15	Spermatocyte	12250	-19.305256	-5.4570694	14.64607	3.0538502
GCCAAATTCTCACATT	11	Elongating	16	Elongating	11167	-6.8672485	-0.06114439	6.456436	15.691718
CCTCAGTAGCTTCGCG	5	Elongating	7	Elongating	9610	-2.6556938	5.4941874	0.5457605	6.7795005
AGTAGTCCAGGCTCAC	12	Elongating	17	Elongating	11541	-3.9640443	2.271786	3.9799693	10.132908
ACTGATGCATGACGGA	1	RoundSpermatid	3	RoundSpermatid	18503	0.58255786	7.9563136	4.0811505	0.09724838
AACACGTGTCGCTTCT	12	Elongating	17	Elongating	18865	-3.9549506	1.663291	3.8127198	9.302179
CTAACTTCAACTGCGC	5	Elongating	7	Elongating	12615	-2.822905	5.5567207	0.7432529	6.608098
TTAGGACTCCAAGCCG	8	Spermatocyte	9	Spermatocyte	55724	-16.371859	-5.2584343	14.726687	6.5405564
GCACATACATGAACCT	3	Elongating	4	Elongating	8778	-4.945491	6.6643033	-0.7845659	5.8939857
CACACAAAGAGATGAG	3	Elongating	4	Elongating	20224	-4.775249	6.579165	-1.2700393	6.023197
AGGGAGTTCCAGAGGA	11	Elongating	16	Elongating	8846	-6.034495	2.1715329	5.449468	13.629508
CAGAATCGTGCTGTAT	12	Elongating	7	Elongating	11068	-3.841146	2.8044457	3.76891	9.122839
CTACACCCATGGTCAT	3	Elongating	8	Elongating	14321	-6.0097156	6.6696796	-3.1123912	4.4619594
TGCGCAGAGTTGTAGA	2	RoundSpermatid	2	RoundSpermatid	20061	-0.8819059	11.934815	-0.41986054	-0.37457827
TGTTCCGTCACAGGCC	1	RoundSpermatid	3	RoundSpermatid	22983	0.34253782	8.94756	2.9672852	1.1079856
CGCTGGATCTCGATGA	4	RoundSpermatid	5	RoundSpermatid	21309	2.9334586	4.5502567	7.2979994	-2.3418844
TTTACTGAGGCAAAGA	12	Elongating	7	Elongating	13058	-2.748735	2.7435567	3.2755604	7.6654143
CCTACCATCTAAGCCA	11	Elongating	16	Elongating	8195	-6.20832	1.6903296	5.3680754	13.6806
GTAACGTAGTGAATTG	12	Elongating	7	Elongating	13032	-3.049266	3.813813	2.533283	6.020332
ACACCGGAGTCCGGTC	4	RoundSpermatid	1	RoundSpermatid	19152	2.7264557	5.059624	5.8923306	-2.6574237
TCGTAGACAATCTACG	5	Elongating	7	Elongating	15025	-2.08885	4.0000534	2.3954296	7.153283
CCTTACGAGTGTGAAT	4	RoundSpermatid	5	RoundSpermatid	54508	2.723329	3.025441	8.07111	-2.665264
CTAATGGCACGAAGCA	12	Elongating	7	Elongating	11565	-2.4472144	3.622768	3.1291707	7.226496
CTAACTTCAGTGGAGT	5	Elongating	7	Elongating	11380	-2.2256954	4.8411927	1.9405884	6.196092
CGTCAGGCATTCCTCG	5	Elongating	7	Elongating	23302	-3.4498591	5.3552995	1.327861	5.8969016
GAAATGAGTACCTACA	4	RoundSpermatid	11	RoundSpermatid	20080	4.3175645	1.2803562	8.717799	0.20642117
GTGTGCGTCCTTCAAT	8	Spermatocyte	9	Spermatocyte	18872	-16.906326	-7.0523734	13.60093	6.0189676
CATCGGGAGAGAGCTC	2	RoundSpermatid	6	RoundSpermatid	44254	-1.9182966	11.162956	-0.7543709	-1.8372848
ACATGGTCAGCATACT	4	RoundSpermatid	7	Elongating	44085	4.164558	0.96417767	2.767787	4.47795
GTAACTGTCGTAGATC	5	Elongating	4	Elongating	25694	-4.2385936	6.682753	-0.5192158	6.406102
TACAGTGAGCTGTTCA	3	Elongating	8	Elongating	21769	-7.7212844	10.0004225	-4.855447	2.1380951
TAGTTGGGTCCGTTAA	3	Elongating	8	Elongating	17312	-6.402467	7.095607	-3.0499365	4.8370295
TCACGAATCAATCACG	11	Elongating	16	Elongating	10140	-5.920304	2.341735	5.2810793	13.438972
CGTTAGAGTGACCAAG	11	Elongating	16	Elongating	9770	-7.02272	-0.025755387	6.462379	15.572065
CGAGCACCAAGCTGAG	11	Elongating	16	Elongating	8171	-7.028365	0.01666091	6.4475417	15.363638
ACTTACTAGCGTTTAC	1	RoundSpermatid	3	RoundSpermatid	12860	-0.17177916	8.077751	3.730179	0.6018585
ACATGGTTCTGCCCTA	7	Spermatocyte	13	Spermatocyte	23396	4.327169	-2.7847672	10.340526	5.2022653
CCTAAAGGTCTTCTCG	12	Elongating	7	Elongating	11044	-2.451869	2.6784678	3.7177866	7.408098
TGCCCATTCTAGCACA	2	RoundSpermatid	2	RoundSpermatid	27164	0.8870462	11.557179	-0.054429732	1.5056857
GCTCTGTGTACACCGC	8	Spermatocyte	9	Spermatocyte	44241	-16.785332	-6.950511	14.172225	6.4308815
AAGGAGCGTCTTTCAT	2	RoundSpermatid	2	RoundSpermatid	17003	0.22048157	10.953591	-0.40499288	1.1879823
GAACGGATCTGATACG	6	Spermatocyte	12	Spermatocyte	85987	-14.72509	-3.0997834	14.935684	-0.50743705
CCCAGTTTCTCGGACG	1	RoundSpermatid	1	RoundSpermatid	20685	1.4187423	7.449514	4.5397725	-0.63960755
TGAGAGGAGCGTTCCG	6	Spermatocyte	12	Spermatocyte	56192	-17.747702	-4.048377	15.850993	0.7766307
CTACGTCTCAACGAAA	9	Spermatocyte	12	Spermatocyte	63321	-18.14867	-2.8597207	14.345079	1.0331169
AAATGCCCACTTACGA	4	RoundSpermatid	5	RoundSpermatid	21510	2.8767817	2.9647632	8.4588585	-2.380857
TGCGTGGAGCGAAGGG	9	Spermatocyte	14	Spermatogonia	24974	-17.673603	-1.3946663	11.680706	1.4364419
CATATTCGTCTCACCT	12	Elongating	7	Elongating	14982	-2.1405256	2.7059631	3.641758	7.8683763
CGTCAGGGTCTGATCA	1	RoundSpermatid	1	RoundSpermatid	21838	2.3392653	6.580793	4.3026814	-1.7523594
TTGACTTGTAACGACG	0	RoundSpermatid	0	RoundSpermatid	10448	-4.8401713	11.315613	-3.2642553	-1.9304415
TAGTGGTAGTTACGGG	10	Spermatocyte	15	Spermatocyte	10557	-19.247421	-4.5476985	13.298335	2.2627144
GGCTCGAGTCTTGATG	4	RoundSpermatid	5	RoundSpermatid	24175	2.5365558	3.5756295	7.660664	-2.6149197
TCATTTGGTCTTCTCG	9	Spermatocyte	14	Spermatogonia	11988	-17.260996	-0.93910426	10.866899	2.9125657
CACACTCTCGCGCCAA	4	RoundSpermatid	5	RoundSpermatid	22222	2.7179487	4.5230756	6.6521573	-3.0568655
ACGGAGAGTTATCACG	2	RoundSpermatid	2	RoundSpermatid	30576	0.20778023	10.994239	-0.13592985	1.3830689
ACGATACGTAGCGTGA	2	RoundSpermatid	7	Elongating	36718	0.17698605	10.443223	2.1849077	3.2560754
CGAATGTTCGTCTGAA	1	RoundSpermatid	1	RoundSpermatid	21947	1.9654063	6.1774535	5.5743904	-2.0197396
CCAATCCGTCTTCGTC	1	RoundSpermatid	3	RoundSpermatid	17818	0.5341221	8.711771	3.4261198	1.5060331
GCACTCTCACGGACAA	9	Spermatocyte	14	Spermatogonia	12748	-17.060627	-1.7062377	11.839054	3.3131053
CGAGCCACACTTAACG	12	Elongating	7	Elongating	8870	-3.916324	3.3827457	2.837192	5.3565764
GACACGCCATGCATGT	3	Elongating	4	Elongating	14575	-6.0349007	6.3196335	-1.6836054	5.116068
CAAGATCCAGTTCCCT	11	Elongating	16	Elongating	8544	-7.106799	-0.5772869	6.6467147	15.815717
CTCGTCAGTATTCGTG	3	Elongating	8	Elongating	19439	-6.983067	7.887795	-4.2148485	3.7603612
GATCGCGGTCAGAATA	5	Elongating	4	Elongating	13228	-3.727697	6.46674	-0.29375634	5.797334
TTGTAGGCACCGAATT	12	Elongating	17	Elongating	10295	-4.5664167	1.662583	4.119458	10.914868
AGCAGCCGTTACCGAT	5	Elongating	4	Elongating	10017	-3.5501037	5.7793264	-0.13220058	6.1759686
ACTTGTTAGGGCTTCC	5	Elongating	4	Elongating	15511	-3.9483855	6.2072372	-0.25587484	6.204701
CACAAACAGACGCACA	11	Elongating	16	Elongating	11495	-5.674643	1.8934824	5.305774	13.311812
GGTGCGTTCGAATCCA	5	Elongating	7	Elongating	8851	-3.4522805	5.4226913	1.2419766	5.8041663
TTAACTCGTATATGAG	5	Elongating	7	Elongating	9024	-2.430093	4.4534144	1.9428154	6.610796
TGCTGCTAGCTGAAAT	3	Elongating	8	Elongating	24227	-7.387686	7.6968026	-4.118477	3.3803184
GCACATATCTTCGAGA	5	Elongating	4	Elongating	11578	-3.2924073	5.9059467	-0.08717876	6.6297917
AACACGTCAAGTCTAC	5	Elongating	7	Elongating	8847	-2.5560806	3.9877641	2.619483	6.7587953
TACCTTATCCGCAGTG	12	Elongating	17	Elongating	10921	-5.0165954	1.9427819	4.3364935	11.378281
CCATTCGCACTCAGGC	12	Elongating	17	Elongating	13909	-3.664005	1.9831203	3.909166	9.669341
GGTGTTAGTGTAAGTA	5	Elongating	7	Elongating	12720	-2.3296034	5.0230446	1.4080775	6.6850715
TGAGCATCATCGGGTC	12	Elongating	17	Elongating	19008	-4.562351	1.7665544	4.3443727	11.279121
CTTGGCTCACCAGATT	1	RoundSpermatid	1	RoundSpermatid	27012	2.0411406	7.4428945	4.090437	-1.1005304
CATATTCCAAGACGTG	11	Elongating	16	Elongating	13903	-5.74901	2.4904306	5.6470766	14.404171
TTAGTTCTCTTGCCGT	1	RoundSpermatid	3	RoundSpermatid	28421	0.2139341	7.7618394	3.9960744	1.2903478
CCTTTCTGTGATAAGT	12	Elongating	17	Elongating	11135	-4.8591924	2.6087327	4.329924	10.813945
ATAGACCGTTCCACGG	5	Elongating	4	Elongating	30526	-3.9802053	6.786149	-0.20349589	5.870139
AGTCTTTAGTGTTGAA	5	Elongating	7	Elongating	10220	-2.5789359	4.2550526	1.6874157	6.4930353
GCGAGAACAAGCTGAG	7	Spermatocyte	10	Spermatocyte	22634	5.7579107	-0.9588572	8.437754	2.9284415
GGATTACGTCCAGTAT	3	Elongating	8	Elongating	21734	-7.7862854	10.290817	-4.9518223	1.8329564
GCACTCTAGGGATACC	11	Elongating	17	Elongating	8493	-5.3801804	2.5376613	4.827681	12.5948925
CGGCTAGCAGCCAATT	3	Elongating	8	Elongating	10774	-6.864952	6.870976	-3.3844914	4.2165313
CAAGAAATCTAACTGG	12	Elongating	17	Elongating	11079	-3.7393732	1.8431996	3.968393	10.261848
CAGTCCTCAGGGTACA	12	Elongating	17	Elongating	9454	-4.703588	2.2490652	4.541288	11.379799
GTCTTCGCACTCAGGC	12	Elongating	17	Elongating	11627	-4.683566	1.8743104	4.539902	11.463933
TAGACCAAGGGTTTCT	12	Elongating	7	Elongating	15858	-2.9975197	3.1855006	3.2516427	6.5995016
ATCATCTGTCCCTACT	12	Elongating	7	Elongating	10752	-2.7328236	3.3371236	3.3468819	6.804753
ACGATGTGTTGGTTTG	11	Elongating	16	Elongating	8804	-6.6646094	0.9636863	6.0202622	14.569286
ATTCTACTCGGCGGTT	12	Elongating	17	Elongating	11420	-4.712823	2.5492089	4.26446	10.749545
TCTTCGGGTCTGGTCG	10	Spermatocyte	15	Spermatocyte	14496	-18.899424	-4.5291905	13.401241	2.3974204
ATCCACCAGTCTCAAC	1	RoundSpermatid	3	RoundSpermatid	23108	0.24449362	9.075573	2.4718137	1.6746131
ACTTGTTCATGCAACT	10	Spermatocyte	15	Spermatocyte	18297	-19.262938	-5.1250544	14.255076	2.6309295
TTCCCAGAGCCAGAAC	12	Elongating	17	Elongating	12541	-4.051933	1.7723097	4.0510917	10.117801
GAATAAGGTACGAAAT	4	RoundSpermatid	5	RoundSpermatid	20406	2.9249892	2.1582944	8.649241	-1.9228424
TGGCGCAAGGCATGTG	3	Elongating	8	Elongating	21175	-6.2707076	7.3572803	-2.7195191	4.790007
AAAGCAAGTTCCTCCA	0	RoundSpermatid	0	RoundSpermatid	15425	-6.5011005	11.711669	-4.651284	-0.22037594
AAACCTGAGCTTATCG	1	RoundSpermatid	3	RoundSpermatid	26535	0.3725478	9.330177	2.3070009	2.4308846
TCACGAATCACGAAGG	3	Elongating	8	Elongating	8100	-6.980313	6.960792	-3.5027623	4.3625784
CTTTGCGGTACTTCTT	11	Elongating	16	Elongating	10052	-6.716477	0.907416	6.1287055	14.720352
GAGGTGACATCGGTTA	11	Elongating	16	Elongating	8838	-6.523055	1.5242109	5.7878213	14.293935
GGACGTCTCGGACAAG	5	Elongating	4	Elongating	18603	-4.1191354	6.7529206	-0.9163805	6.2426467
CTCTACGGTCGTGGCT	4	RoundSpermatid	5	RoundSpermatid	23936	3.351803	1.2723367	9.418384	-1.106999
CCCAGTTAGAGTTGGC	1	RoundSpermatid	3	RoundSpermatid	32792	-0.50358474	8.313681	3.537096	0.527409
GACAGAGTCACCGTAA	3	Elongating	8	Elongating	10472	-6.693873	7.9455338	-3.8753316	4.4673204
ATTATCCGTGTGTGCC	2	RoundSpermatid	2	RoundSpermatid	21088	1.1536145	10.522364	1.2177311	1.8768295
ACATCAGCATGGTTGT	11	Elongating	16	Elongating	8812	-6.7122464	1.3432797	5.915357	14.723814
GAGGTGATCGGTGTCG	1	RoundSpermatid	1	RoundSpermatid	21369	1.7559737	6.838355	4.7887015	-1.1834563
GGCCGATGTATTCTCT	5	Elongating	4	Elongating	11015	-4.6163054	6.7021527	-1.016841	5.568345
CGGGTCATCTGCCAGG	7	Spermatocyte	11	RoundSpermatid	21409	5.425973	0.43951744	9.4731655	1.1460104
CTAACTTCAAAGTGCG	4	RoundSpermatid	5	RoundSpermatid	19671	2.4983997	4.34169	7.1916795	-2.2040071
CGGACGTGTACATGTC	11	Elongating	16	Elongating	9804	-6.9219723	0.10751725	6.4835734	15.372582
TGGTTAGTCTGAGGGA	7	Spermatocyte	10	Spermatocyte	17929	5.982412	-0.7914707	9.021928	2.4939907
CAAGGCCAGAGCCCAA	1	RoundSpermatid	3	RoundSpermatid	13937	-0.53793305	8.676124	3.205412	1.7230384
TCGGTAATCTGCCCTA	3	Elongating	8	Elongating	14704	-7.558241	7.560532	-4.534253	3.155994
TGAAAGAAGTGGAGTC	12	Elongating	17	Elongating	10692	-5.031598	2.8434963	4.8855286	12.033856
GGGCACTTCACCATAG	8	Spermatocyte	9	Spermatocyte	41860	-17.065084	-6.0252857	14.479331	6.720585
GACAGAGCAATTGCTG	11	Elongating	16	Elongating	11363	-6.1124797	1.8195649	5.2960844	13.441854
CCTAGCTCATTCCTCG	2	RoundSpermatid	2	RoundSpermatid	30573	1.1654947	10.823747	0.7309372	1.5917715
CGTAGCGCAAGCCATT	1	RoundSpermatid	1	RoundSpermatid	24795	1.8614546	7.170858	5.038533	-1.8434036
CGGACTGAGCTAGTTC	3	Elongating	8	Elongating	17293	-7.8509564	9.572565	-5.103932	2.784791
TCGCGTTAGACTAGGC	1	RoundSpermatid	1	RoundSpermatid	16554	0.6964576	7.4723597	4.428581	-0.8831157
AAGGTTCTCTTCGAGA	12	Elongating	17	Elongating	11465	-4.234195	2.1406567	4.227749	10.420848
AACCATGAGATCCGAG	12	Elongating	7	Elongating	9430	-2.4479623	2.5473063	3.5101442	8.584979
TGACTAGGTCATATGC	12	Elongating	17	Elongating	12757	-4.173233	1.6394153	4.021549	10.176502
GCTTGAATCGGAAACG	5	Elongating	7	Elongating	12784	-2.5614443	5.3847327	1.0945059	6.6250687
GCGCAGTCAAGTTAAG	5	Elongating	7	Elongating	18661	-1.8878912	3.9458175	2.8120592	6.9972196
CACCACTTCTACTATC	12	Elongating	7	Elongating	12327	-2.5887804	3.513407	2.5358977	6.4703717
GACAGAGGTGCGAAAC	4	RoundSpermatid	11	RoundSpermatid	33149	4.3347597	0.6701806	8.8764105	0.8553095
CGAGCACTCATAGCAC	12	Elongating	17	Elongating	13661	-3.4177191	2.1841838	4.002588	9.722524
GCGCAACCATGACATC	4	RoundSpermatid	11	RoundSpermatid	22974	3.659097	1.453543	9.347379	-0.70326704
CATTATCTCTGGTGTA	5	Elongating	7	Elongating	9955	-2.6862025	5.5119205	0.93160456	6.744885
AGGCCGTGTTATGTGC	1	RoundSpermatid	1	RoundSpermatid	11489	1.3118372	7.290185	5.37264	-1.4910808
AAACCTGGTTGAGTTC	1	RoundSpermatid	3	RoundSpermatid	21658	0.47366518	8.512161	3.3937051	1.0734495
CGTGTAAGTGGTTTCA	12	Elongating	7	Elongating	9422	-2.3649693	2.8877635	3.4750454	7.7164884
AGTGGGACATCTCGCT	12	Elongating	7	Elongating	20205	-4.4748254	4.4994545	2.0615206	4.881077
TTGTAGGTCGGAAATA	7	Spermatocyte	10	Spermatocyte	17436	5.571904	-1.070267	8.6502695	4.033311
ACCGTAAGTGTTCGAT	9	Spermatocyte	14	Spermatogonia	8904	-17.201302	-1.2370266	10.942526	2.9920297
GGAGCAACAGCCACCA	12	Elongating	17	Elongating	10231	-5.094129	1.7844756	4.6377707	11.768253
CCAGCGAGTCTCTTTA	12	Elongating	7	Elongating	9873	-2.389455	3.2526326	3.3933203	6.8442073
GTCGGGTTCAGTTTGG	4	RoundSpermatid	11	RoundSpermatid	16456	3.9515123	1.5991293	9.682797	-0.19452839
TACAGTGTCATGCAAC	0	RoundSpermatid	0	RoundSpermatid	11452	-5.2837977	12.247267	-4.5528526	-1.787415
CCCAATCGTATTACCG	7	Spermatocyte	13	Spermatocyte	20043	3.8049629	-3.3911076	11.261085	5.275866
ACACCGGAGTATCTCG	7	Spermatocyte	10	Spermatocyte	18448	5.458514	-1.1081603	8.278219	3.4886107
CTCTGGTTCACGCATA	5	Elongating	4	Elongating	13096	-4.195633	6.6409783	-0.5967953	5.891691
GTACGTAAGCAGACTG	8	Spermatocyte	13	Spermatocyte	8482	-15.767508	-6.094197	13.185883	6.252531
ACACTGAGTGCGGTAA	8	Spermatocyte	9	Spermatocyte	46951	-16.664722	-6.831711	14.0614	6.054178
GTTTCTATCCGCGGTA	12	Elongating	7	Elongating	12194	-2.1782036	3.3825383	2.8888779	7.199619
AGAGTGGTCCTAGTGA	1	RoundSpermatid	3	RoundSpermatid	17457	0.1665749	9.308007	1.9530406	1.3227365
TCAATCTAGTTAGCGG	2	RoundSpermatid	2	RoundSpermatid	20904	-0.69038785	11.649485	-0.46783075	0.038783204
ACTGCTCCACAGACAG	9	Spermatocyte	14	Spermatogonia	47069	-17.722158	-1.3156303	11.672147	1.8096731
AGCCTAAAGAGGTAGA	12	Elongating	7	Elongating	11994	-2.9876702	3.226932	3.0748105	6.928691
CTGAAACCACGACGAA	7	Spermatocyte	13	Spermatocyte	29971	3.6306536	-3.1858628	11.195681	5.4294453
GCGCGATGTTCCACTC	5	Elongating	7	Elongating	8864	-2.7431386	5.418461	1.0676647	5.996651
ATCACGATCTTCGAGA	3	Elongating	8	Elongating	10478	-6.225121	6.439923	-2.7608116	4.66362
TTCCCAGAGATATACG	12	Elongating	7	Elongating	12706	-3.664615	2.6378589	3.7717023	7.7524776
CACCACTCAAACTGTC	7	Spermatocyte	13	Spermatocyte	25505	3.3449802	-3.4680018	11.497681	5.58304
TCAGGTAGTGACCAAG	11	Elongating	17	Elongating	11964	-5.494122	1.7360134	4.7836604	12.101657
GCATACAAGGCAAAGA	8	Spermatocyte	15	Spermatocyte	9140	-17.079853	-5.4590054	13.121076	3.4175823
TCTGAGAAGCTAGTGG	12	Elongating	7	Elongating	10967	-2.4976063	2.286549	3.3543878	8.148787
ACGCAGCAGACAGGCT	5	Elongating	4	Elongating	10019	-4.6596675	6.1572313	-0.66282386	5.5092463
AAAGCAACAAAGTCAA	7	Spermatocyte	13	Spermatocyte	21212	3.5424724	-3.082777	11.15975	5.624037
CCTATTAGTATAAACG	6	Spermatocyte	12	Spermatocyte	62878	-16.448517	-3.993139	15.708952	0.4020575
TCGGTAACATAGAAAC	1	RoundSpermatid	3	RoundSpermatid	25842	-0.49363324	8.374883	2.9366353	1.1612825
AGTAGTCAGGAGTACC	4	RoundSpermatid	11	RoundSpermatid	19961	4.3372307	1.4704126	9.134294	0.75001216
CAGCAGCGTTCACCTC	7	Spermatocyte	10	Spermatocyte	20917	5.5447307	0.06359003	8.535072	2.1804593
GACACGCTCTCTTATG	9	Spermatocyte	14	Spermatogonia	12598	-16.864553	-0.94572645	11.379982	2.9351845
TGACTTTTCCCTTGCA	5	Elongating	7	Elongating	8127	-3.2815537	4.298965	2.0702105	6.3345747
AGCGGTCTCGTACGGC	11	Elongating	16	Elongating	12093	-6.712693	0.8523211	6.233904	14.898654
ACTTACTCACGACGAA	3	Elongating	8	Elongating	8310	-5.8852997	6.262827	-2.893313	4.23792
AGCTCTCGTATAATGG	8	Spermatocyte	9	Spermatocyte	35116	-16.910788	-6.104499	15.125638	6.7977247
CTCTGGTTCTGAAAGA	6	Spermatocyte	9	Spermatocyte	89772	-13.960453	-3.3635013	16.300634	4.226967
TAAACCGAGTATCGAA	9	Spermatocyte	14	Spermatogonia	10803	-17.360243	-1.0568993	10.901701	2.6227882
CGTCTACGTGGTAACG	6	Spermatocyte	9	Spermatocyte	94752	-14.007891	-4.3756175	16.655035	4.8164296
TTTACTGGTGTTGAGG	4	RoundSpermatid	11	RoundSpermatid	17055	4.41359	1.2242535	8.737872	0.14597672
CTCCTAGAGTAGGTGC	9	Spermatocyte	14	Spermatogonia	26416	-18.168093	-1.7304449	11.822936	1.3554449
CGATTGAGTCCAAGTT	9	Spermatocyte	14	Spermatogonia	20802	-17.49375	-1.2257956	11.700189	3.0412729
ACTTACTTCCTTGGTC	9	Spermatocyte	14	Spermatogonia	68895	-17.596846	-1.1260604	11.307716	1.7621742
AACTCTTGTTGGTGGA	2	RoundSpermatid	6	RoundSpermatid	19836	-1.0538939	11.798819	-0.538496	-0.8696555
CCAATCCTCTGTCTAT	9	Spermatocyte	14	Spermatogonia	15206	-17.09391	-0.710257	11.446014	3.080917
GCTGGGTGTTATTCTC	9	Spermatocyte	14	Spermatogonia	12194	-17.23341	-0.75211215	10.880179	2.7930715
CAAGGCCAGTACCGGA	9	Spermatocyte	14	Spermatogonia	35259	-17.805521	-1.456491	11.783636	1.3264917
AGCAGCCAGCTATGCT	1	RoundSpermatid	3	RoundSpermatid	25555	0.51901436	7.4433804	3.911352	0.51215535
TGCACCTGTTGGACCC	8	Spermatocyte	9	Spermatocyte	113327	-16.034262	-5.260615	15.5881	6.6406436
TTCTACATCTTGCATT	9	Spermatocyte	14	Spermatogonia	39500	-18.238735	-2.1896966	12.779709	1.1512595
GAACATCGTACCGTAT	6	Spermatocyte	9	Spermatocyte	69719	-13.650624	-3.693356	16.421213	4.4316893
ATCCGAACATGGATGG	9	Spermatocyte	12	Spermatocyte	66652	-17.92853	-3.1372619	14.633543	0.9859816
CTCACACTCAAAGTAG	4	RoundSpermatid	5	RoundSpermatid	20344	3.2275221	1.9934442	8.520283	-1.4828571
CATGCCTTCAAACCAC	8	Spermatocyte	15	Spermatocyte	9256	-17.389967	-5.661724	13.3267	3.6415284
CACACTCTCTGAGGGA	8	Spermatocyte	9	Spermatocyte	51335	-16.490934	-5.6249914	14.815196	6.9485292
CTACACCGTCCGAATT	9	Spermatocyte	14	Spermatogonia	18970	-17.713676	-0.96938974	11.078989	1.8956585
TCGCGAGCAGGACGTA	4	RoundSpermatid	5	RoundSpermatid	19121	2.4131033	2.262105	8.19306	-2.4133518
GCCAAATTCCACGAAT	10	Spermatocyte	15	Spermatocyte	20545	-18.497204	-5.126221	13.84486	3.2124054
GTGCATAAGTGTTTGC	9	Spermatocyte	14	Spermatogonia	8070	-16.955782	-2.1892653	11.865207	3.3536205
GTAACGTAGCACACAG	7	Spermatocyte	10	Spermatocyte	20530	4.921283	-1.4362382	8.371428	3.5269074
CAAGAAATCGCTAGCG	10	Spermatocyte	15	Spermatocyte	12004	-18.87326	-4.9621663	13.534825	2.3130813
TTAGTTCCAGACAGGT	4	RoundSpermatid	5	RoundSpermatid	24993	3.4905071	1.7067484	9.27421	-1.5831019
GTTAAGCGTGGTTTCA	9	Spermatocyte	14	Spermatogonia	13239	-17.049122	-1.0192397	11.036526	2.7733812
TGAAAGAAGAATCTCC	8	Spermatocyte	9	Spermatocyte	53573	-16.824995	-6.783144	14.412802	6.130922
CCACCTAAGACTAGGC	9	Spermatocyte	14	Spermatogonia	37332	-17.999231	-2.2913082	12.59006	1.0875543
ACGAGGATCTGGCGAC	7	Spermatocyte	10	Spermatocyte	19664	5.445313	-2.0991712	9.313941	3.3752122
GGCCGATGTCGTGGCT	9	Spermatocyte	14	Spermatogonia	29935	-17.967476	-1.9940243	12.043361	0.96689856
TGGACGCCACCCAGTG	9	Spermatocyte	14	Spermatogonia	20963	-17.971031	-1.5223817	12.119709	1.3769778
GTACTTTGTCCGTCAG	4	RoundSpermatid	1	RoundSpermatid	46521	2.4229562	4.377096	6.029417	-2.7743752
ATAACGCTCACTCCTG	9	Spermatocyte	14	Spermatogonia	39698	-17.946255	-1.4918816	11.6876955	1.2355599
CGGAGTCAGGGTGTTG	4	RoundSpermatid	5	RoundSpermatid	18278	2.6488395	3.691851	7.277148	-2.8244863
TGCCCTAAGTCCTCCT	9	Spermatocyte	14	Spermatogonia	13379	-18.00206	-1.2111706	11.449643	1.846535
TGCTGCTGTCACCCAG	7	Spermatocyte	10	Spermatocyte	27383	5.349903	-1.5035379	8.468787	3.1212242
GTATCTTTCAGTCAGT	11	Elongating	16	Elongating	9830	-7.1441097	-0.19763555	6.0983076	15.224229
TCTATTGCACGGACAA	1	RoundSpermatid	1	RoundSpermatid	37243	2.1844153	6.155592	5.6081543	-2.3304064
CGAGCCAAGAACTGTA	4	RoundSpermatid	5	RoundSpermatid	27422	2.447467	4.3567696	6.955812	-3.2231143
CACCACTGTTCAGTAC	6	Spermatocyte	12	Spermatocyte	94580	-15.118282	-2.8624165	15.327356	-0.4450508
AACTGGTCAGTCCTTC	1	RoundSpermatid	3	RoundSpermatid	21439	0.5366628	7.3874197	4.105666	0.080232225
GTGTTAGTCGTTTATC	4	RoundSpermatid	11	RoundSpermatid	12511	3.5616183	1.2153404	8.91219	0.008659466
AGGCCGTCACGGCGTT	1	RoundSpermatid	3	RoundSpermatid	19788	0.4591624	8.236452	3.2948222	0.33289692
TGAGGGAAGGCGCTCT	1	RoundSpermatid	1	RoundSpermatid	27840	1.9856164	5.934648	4.8474054	-1.549363
TCAGGATCAACGATGG	4	RoundSpermatid	5	RoundSpermatid	16934	3.968559	0.673403	8.759166	-0.8622378
GTCTTCGGTTGATTCG	9	Spermatocyte	14	Spermatogonia	10830	-17.067972	-0.96250695	11.285096	2.6796622
CGCTTCATCTCAACTT	10	Spermatocyte	15	Spermatocyte	12097	-18.99013	-4.642245	13.256566	1.9710308
CCCAATCCACATCCGG	7	Spermatocyte	13	Spermatocyte	25573	5.192391	-2.0270088	9.724431	5.3535943
CACCACTCAAACTGCT	2	RoundSpermatid	2	RoundSpermatid	28001	0.9837306	11.507525	0.5389694	1.6051413
ACGCCAGTCACGCGGT	9	Spermatocyte	14	Spermatogonia	9119	-17.09677	-0.9397799	11.174003	3.1747634
ATCATCTGTACCCAAT	9	Spermatocyte	14	Spermatogonia	17319	-17.430485	-1.190363	11.168178	2.054032
GAAGCAGAGGAGCGAG	8	Spermatocyte	14	Spermatogonia	14012	-17.521404	-6.2526565	12.330319	3.4096391
AGGCCACGTAGCAAAT	9	Spermatocyte	14	Spermatogonia	12291	-17.4549	-0.7810021	11.111161	2.7703044
TGGTTCCTCATGGTCA	7	Spermatocyte	13	Spermatocyte	8886	2.1323571	-2.77079	11.530408	4.19554
CGATGGCAGTGCCATT	6	Spermatocyte	9	Spermatocyte	81275	-13.712794	-3.8016775	16.553478	5.032961
GCATGTATCTCTAAGG	1	RoundSpermatid	1	RoundSpermatid	20264	2.2243168	6.487556	5.275009	-1.846109
TCTTCGGGTCCTCCAT	4	RoundSpermatid	5	RoundSpermatid	22311	3.070339	3.7050006	7.4318247	-2.492333
ACGCCGACACCCATTC	9	Spermatocyte	14	Spermatogonia	7525	-17.400158	-2.2127416	11.953543	3.0902448
CACATAGAGTACGCGA	9	Spermatocyte	14	Spermatogonia	12711	-17.310184	-0.79453444	11.00982	2.5981643
ACTATCTTCTCGCTTG	8	Spermatocyte	14	Spermatogonia	7886	-15.805299	-6.07976	12.112489	3.069269
GGGCATCGTCCAGTGC	4	RoundSpermatid	5	RoundSpermatid	22283	2.8205607	4.2541494	6.763349	-2.845461
CACTCCACAGTATAAG	7	Spermatocyte	13	Spermatocyte	20224	3.5165358	-3.0152702	11.063279	5.36231
GCACTCTTCGGCGGTT	3	Elongating	8	Elongating	20443	-7.2716117	8.1835	-4.5650477	4.065731
TGCGTGGGTCGATTGT	2	RoundSpermatid	2	RoundSpermatid	23517	-1.5037616	11.722428	-0.58275306	-0.051007975
CCAATCCCAACGCACC	7	Spermatocyte	10	Spermatocyte	24006	5.5500693	-2.1618743	9.096848	4.167531
GACGGCTCAATGCCAT	12	Elongating	7	Elongating	10112	-4.634816	3.2712567	2.8156633	5.191377
TGAGAGGCAAGTTAAG	7	Spermatocyte	13	Spermatocyte	17599	3.4418523	-3.2582664	10.77497	5.285367
CCGTACTTCTTAACCT	7	Spermatocyte	13	Spermatocyte	21104	4.4922667	-2.862567	10.728195	5.1518855
GGACAGATCCCAAGAT	1	RoundSpermatid	3	RoundSpermatid	19881	-0.28517365	9.509313	2.0146725	1.9024627
AGCTCTCGTACCATCA	12	Elongating	7	Elongating	8760	-3.8552196	4.1531696	1.9594924	5.669768
GAAGCAGAGTCAAGGC	12	Elongating	7	Elongating	13674	-2.2670522	3.276624	2.8369992	6.886109
TCAGGTACATCCGTGG	11	Elongating	16	Elongating	8757	-6.450507	1.9135097	5.525054	13.805521
GCTCCTATCTACCTGC	11	Elongating	16	Elongating	11330	-6.1813083	2.0487742	5.655955	14.454554
GGTGAAGTCTATGTGG	4	RoundSpermatid	5	RoundSpermatid	24678	2.342292	4.6776075	6.6518707	-2.3611288
TAAACCGGTGATAAGT	9	Spermatocyte	14	Spermatogonia	20814	-17.605331	-1.1840743	11.50476	1.6215644
GTGTTAGGTCCATCCT	9	Spermatocyte	14	Spermatogonia	15165	-17.372667	-1.0002629	10.931784	2.682543
GGCCGATCACACTGCG	9	Spermatocyte	14	Spermatogonia	12495	-17.435045	-2.1231833	11.9181385	3.2114556
TGACTAGTCACAATGC	6	Spermatocyte	12	Spermatocyte	79067	-16.90172	-3.926283	15.850354	0.2691011
TCACAAGGTCGTGGCT	9	Spermatocyte	12	Spermatocyte	50581	-18.054226	-2.5182898	13.51824	1.0733868
CGCTGGACATCTGGTA	9	Spermatocyte	14	Spermatogonia	10419	-17.175558	-0.99633116	11.0807295	2.754251
TCGAGGCCAAGCCGCT	9	Spermatocyte	14	Spermatogonia	11306	-17.544846	-0.8242797	10.871357	2.5126123
TACTCATAGATCTGCT	9	Spermatocyte	14	Spermatogonia	13965	-17.106586	-1.1525605	11.016334	2.9446778
CTCTAATTCAGGTTCA	9	Spermatocyte	14	Spermatogonia	14036	-17.968607	-0.94673926	11.157841	2.0659125
ATCCACCGTTATCACG	2	RoundSpermatid	2	RoundSpermatid	22141	0.3226074	11.652332	0.2518527	1.1254458
AAATGCCGTACCTACA	9	Spermatocyte	14	Spermatogonia	16660	-17.63222	-2.4634428	12.455086	2.3121228
AACTCTTGTGAGCGAT	7	Spermatocyte	13	Spermatocyte	17052	3.6764872	-3.113874	10.984469	5.8214736
CTCACACAGAGGTACC	6	Spermatocyte	9	Spermatocyte	96312	-13.702145	-3.6195927	16.746689	4.763576
CGGACACGTCATACTG	9	Spermatocyte	14	Spermatogonia	39707	-17.979956	-1.9699404	12.074787	1.1721638
GTGCGGTCATCTGGTA	6	Spermatocyte	9	Spermatocyte	96253	-13.967396	-4.3975515	16.353504	5.8641896
ACTTACTGTCTCTTTA	4	RoundSpermatid	11	RoundSpermatid	16794	4.2489047	1.637399	9.542485	0.116414554
ACATGGTAGACGCAAC	8	Spermatocyte	15	Spermatocyte	11473	-17.454117	-5.8023963	13.058937	3.6724858
TACTCGCTCCAGATCA	6	Spermatocyte	12	Spermatocyte	57837	-17.700352	-3.2730088	15.190939	1.095393
CGAGAAGCACTTAAGC	6	Spermatocyte	12	Spermatocyte	68332	-17.51892	-3.3171012	15.229356	1.201338
TGCACCTCATGGGAAC	8	Spermatocyte	9	Spermatocyte	36362	-16.718658	-7.1574335	14.359652	5.9020567
CTCGGGAGTCATGCAT	7	Spermatocyte	13	Spermatocyte	20108	3.6138065	-3.4637704	10.576909	5.863756
GAGTCCGAGCTGCAAG	8	Spermatocyte	9	Spermatocyte	47411	-16.782171	-6.537253	15.060867	6.583071
TGCCAAATCGCCAGCA	8	Spermatocyte	13	Spermatocyte	25490	-15.707004	-6.63462	12.726487	5.7278233
CAGATCACATAGACTC	8	Spermatocyte	15	Spermatocyte	15086	-17.485378	-5.540152	13.203249	3.8741097
TCATTTGAGTTACGGG	8	Spermatocyte	9	Spermatocyte	93825	-14.317936	-4.6339507	16.301975	5.7898755
GCAGCCACATCTACGA	7	Spermatocyte	13	Spermatocyte	19395	4.804604	-2.6839366	9.566606	5.5071726
CCTTCGACAAAGGCGT	6	Spermatocyte	9	Spermatocyte	94809	-14.527241	-3.314743	16.557465	4.2131753
GGAAAGCAGAATAGGG	10	Spermatocyte	15	Spermatocyte	17052	-19.217329	-5.09055	13.977047	2.4992702
TATCAGGAGCCAGAAC	8	Spermatocyte	9	Spermatocyte	107584	-16.80338	-7.121674	13.4485235	6.046029
TACTCGCCACGGACAA	8	Spermatocyte	13	Spermatocyte	24526	-15.591902	-6.7152395	12.573082	6.0347576
GTTCATTCACTGTTAG	8	Spermatocyte	9	Spermatocyte	36999	-17.325417	-6.8689218	14.208211	6.17759
CCAGCGATCCAGAGGA	9	Spermatocyte	14	Spermatogonia	11147	-17.576374	-1.011901	10.956044	2.627297
TCGCGAGCACGGTAAG	6	Spermatocyte	12	Spermatocyte	60268	-15.877499	-3.3500361	15.791056	-0.061738815
TGTTCCGGTCCAGTTA	9	Spermatocyte	12	Spermatocyte	48044	-18.11046	-2.5764887	13.003912	1.2174679
TGCGCAGAGTGTACCT	9	Spermatocyte	14	Spermatogonia	18116	-17.347296	-0.8344336	11.007339	2.3095684
ACGAGGAGTCCGTTAA	8	Spermatocyte	9	Spermatocyte	49833	-16.754805	-5.892564	13.888894	6.7432237
GTGCATATCGAACTGT	6	Spermatocyte	12	Spermatocyte	79358	-16.24921	-3.5463965	15.870964	0.06906314
TTCGGTCCAAGTCATC	7	Spermatocyte	13	Spermatocyte	17745	4.5953946	-2.8656065	10.851561	5.139002
AGTTGGTAGCCCAATT	8	Spermatocyte	15	Spermatocyte	9855	-17.746199	-5.6873083	13.401645	3.845971
TGCGTGGGTCAATGTC	7	Spermatocyte	10	Spermatocyte	15769	5.9869447	-1.2223359	8.54864	3.5117369
GCTCTGTTCACGACTA	9	Spermatocyte	14	Spermatogonia	13273	-17.755829	-1.0123181	11.03597	2.271852
AGGTCATAGTACGATA	7	Spermatocyte	13	Spermatocyte	18559	3.627993	-3.7197876	11.551329	5.6756225
CTTTGCGCACCAGCAC	7	Spermatocyte	13	Spermatocyte	18889	5.319256	-2.1741667	10.117627	4.959087
TTGGCAATCACTCCTG	7	Spermatocyte	10	Spermatocyte	21419	5.361542	-1.988585	9.169896	4.509208
CCGTGGATCACGCATA	9	Spermatocyte	14	Spermatogonia	16071	-17.77364	-1.1511556	11.394688	2.7216506
ATAAGAGTCGCATGGC	7	Spermatocyte	13	Spermatocyte	21995	3.3894775	-3.4440129	11.972894	6.039836
AACCGCGAGGACCACA	7	Spermatocyte	14	Spermatogonia	19916	3.4778361	-3.4311712	12.052882	4.1740885
TCAACGATCAGTTCGA	9	Spermatocyte	12	Spermatocyte	48321	-17.938236	-2.8946276	14.524435	1.0547295
CCTTCGATCACATACG	9	Spermatocyte	14	Spermatogonia	26980	-18.059923	-2.1043923	12.462603	1.4607811
GCGCGATGTAAGTGTA	6	Spermatocyte	12	Spermatocyte	51641	-17.43914	-3.2822294	14.865715	1.127665
CTACCCACAACGATCT	9	Spermatocyte	12	Spermatocyte	48461	-18.126823	-2.6118302	13.230271	1.0123962
TCTCTAAAGATCTGAA	6	Spermatocyte	12	Spermatocyte	62550	-17.75102	-3.3527718	15.739464	0.82357526
CGATCGGGTAGCGATG	6	Spermatocyte	12	Spermatocyte	71601	-14.938592	-3.5682313	14.996102	-0.3521243
GCATGCGCAGCTGTGC	6	Spermatocyte	12	Spermatocyte	90640	-14.8225975	-3.0940104	15.237069	-0.34308806
CTACACCTCGCCGTGA	8	Spermatocyte	9	Spermatocyte	43650	-17.096174	-7.070238	13.568997	6.152287
CAACTAGTCGCTGATA	8	Spermatocyte	9	Spermatocyte	16644	-16.335154	-5.8711653	13.577524	6.4842424
GTTCGGGTCGCGATCG	10	Spermatocyte	15	Spermatocyte	12502	-18.749481	-5.387	13.8710375	3.5461802
ACCTTTACAGACGCTC	9	Spermatocyte	14	Spermatogonia	14098	-17.402185	-1.1748908	10.951784	2.293777
CACACCTTCTTCGAGA	4	RoundSpermatid	1	RoundSpermatid	20876	2.489574	4.802638	5.709806	-2.80432
ACGCCAGAGCCAGGAT	7	Spermatocyte	10	Spermatocyte	18583	5.3755236	-2.1957183	9.601327	4.249477
GGACAAGAGATCCCGC	7	Spermatocyte	10	Spermatocyte	25918	5.830515	-1.6763248	9.182388	3.2445276
TAAGCGTCAACTGCGC	7	Spermatocyte	10	Spermatocyte	17031	6.3171873	-1.4767295	9.829798	3.4641695
GAGCAGAGTTGGTGGA	10	Spermatocyte	15	Spermatocyte	12976	-18.968002	-4.582369	13.551176	2.69133
GGGTCTGGTTACGACT	7	Spermatocyte	13	Spermatocyte	24227	4.9007196	-2.3540363	9.98763	5.237756
GGACAAGGTGCCTGTG	8	Spermatocyte	9	Spermatocyte	43245	-16.998133	-5.8163924	14.494556	6.5843105
CGTGTAACAAGTAGTA	2	RoundSpermatid	6	RoundSpermatid	14618	-1.6618493	11.507101	-0.26476198	-1.6522828
GGGCATCTCACTTATC	1	RoundSpermatid	5	RoundSpermatid	20242	2.5192752	5.969468	6.5587726	-2.1170514
CTGCTGTTCGCTTAGA	9	Spermatocyte	12	Spermatocyte	65136	-17.676739	-2.8930707	14.151824	1.0152152
CAGCATATCGTGGACC	8	Spermatocyte	15	Spermatocyte	9050	-17.730944	-5.8928037	12.625023	3.874549
CAACTAGAGTTGAGAT	9	Spermatocyte	14	Spermatogonia	9996	-17.231453	-1.9698963	11.831316	3.185151
ATTCTACCATGAAGTA	4	RoundSpermatid	11	RoundSpermatid	17433	5.169024	0.6989689	8.905758	1.4206612
CCGGTAGGTGAGCGAT	8	Spermatocyte	15	Spermatocyte	21371	-18.23177	-5.736985	13.181303	3.847553
CGCGTTTAGGGTTCCC	8	Spermatocyte	9	Spermatocyte	44946	-16.824095	-5.90344	14.527941	6.5204134
CGTGTCTGTATATCCG	8	Spermatocyte	9	Spermatocyte	31928	-16.703524	-6.664853	14.195006	5.9465585
GTACTTTTCTAACCGA	4	RoundSpermatid	11	RoundSpermatid	21985	3.813765	1.4877678	9.059911	-0.34396964
CTCGTCAGTGCATCTA	10	Spermatocyte	15	Spermatocyte	10950	-19.316488	-5.7445645	14.360149	3.414473
CACCTTGAGTGTTGAA	8	Spermatocyte	13	Spermatocyte	19890	-15.380326	-6.0665827	11.581668	6.071721
CGCTTCAGTTAAGAAC	8	Spermatocyte	15	Spermatocyte	11403	-18.036825	-5.6299114	13.218178	3.627503
TTCGGTCAGTGGTAAT	7	Spermatocyte	10	Spermatocyte	25847	4.92963	-0.061510097	8.466185	1.8163922
ACCAGTAAGATATGGT	9	Spermatocyte	14	Spermatogonia	9257	-17.124979	-0.7825696	10.853672	2.803876
TTCTACACATGCGCAC	7	Spermatocyte	13	Spermatocyte	24823	3.1509342	-3.3972015	11.812971	4.7443023
TGCTACCAGGCTCATT	10	Spermatocyte	15	Spermatocyte	14383	-19.136883	-4.8845525	13.556025	2.1021671
CAGCAGCTCACCTCGT	7	Spermatocyte	10	Spermatocyte	16694	4.7214026	-1.7406521	9.340235	4.293546
CTACATTTCCATGCTC	4	RoundSpermatid	5	RoundSpermatid	17834	2.2044334	3.3466306	7.7239575	-2.0849566
ATTATCCGTGCAACGA	8	Spermatocyte	9	Spermatocyte	48398	-17.101374	-7.1888757	13.4280205	5.7749453
AGGGAGTGTCGGCTCA	4	RoundSpermatid	11	RoundSpermatid	17823	4.269301	1.1572207	9.688538	0.69744337
TTCGGTCCAGACAGGT	4	RoundSpermatid	5	RoundSpermatid	27348	2.852796	2.852948	7.859327	-2.9690573
CTGTGCTAGTCTCCTC	8	Spermatocyte	9	Spermatocyte	96454	-15.082351	-5.0770917	15.812309	5.3724875
GACCAATGTTATCCGA	12	Elongating	7	Elongating	10610	-3.0274942	3.089915	3.0238123	7.3363996
CGGTTAATCTTACCGC	8	Spermatocyte	9	Spermatocyte	49817	-17.049974	-7.1781964	13.518268	5.8185706
AAAGTAGGTGTTCGAT	8	Spermatocyte	15	Spermatocyte	16481	-18.203373	-5.651428	13.279959	3.9548197
TACCTTACATAAGACA	10	Spermatocyte	15	Spermatocyte	18819	-19.118795	-5.105708	14.216794	2.7184525
GTGAAGGAGAGCTGCA	4	RoundSpermatid	5	RoundSpermatid	20968	2.3972714	3.6537497	7.9491963	-2.7692542
ATCCACCCATTTCAGG	10	Spermatocyte	15	Spermatocyte	17778	-18.99771	-5.124909	14.175946	2.9585724
CAGCTAAGTAAGTAGT	1	RoundSpermatid	3	RoundSpermatid	16155	0.3224897	8.595284	3.6789668	0.63900125
TGAGCATAGACGACGT	1	RoundSpermatid	1	RoundSpermatid	17541	2.5245278	7.06848	5.410424	-2.1539783
GTTAAGCGTTCGTGAT	8	Spermatocyte	13	Spermatocyte	16144	-16.16384	-5.894937	13.129727	6.2842937
CACACTCGTGGTCCGT	8	Spermatocyte	13	Spermatocyte	18112	-16.006407	-6.4467874	11.991583	6.1288786
GCGCCAAGTTAAAGTG	4	RoundSpermatid	5	RoundSpermatid	18656	2.7189865	4.6639366	6.0300426	-2.9205809
TGACAACTCTTCATGT	4	RoundSpermatid	5	RoundSpermatid	20793	3.4003308	2.4949393	8.588081	-1.9775487
TGATTTCAGGCAGGTT	7	Spermatocyte	10	Spermatocyte	32211	5.361946	-1.3705076	8.737921	4.257219
TCTCTAAAGACCACGA	8	Spermatocyte	15	Spermatocyte	11958	-17.601173	-6.022814	12.821921	3.8921664
CGGACTGCAGTAACGG	7	Spermatocyte	10	Spermatocyte	26832	5.492103	-0.038278434	8.724166	1.9686245
TCAGATGGTTGTCGCG	8	Spermatocyte	13	Spermatocyte	49959	-16.259226	-6.801417	13.086745	5.7658124
ACTTACTAGTCTTGCA	7	Spermatocyte	13	Spermatocyte	23360	2.8980792	-3.635084	11.824975	5.115812
GAGTCCGCAGACGCTC	8	Spermatocyte	13	Spermatocyte	24293	-15.668754	-6.938444	12.458941	5.8541555
CGGCTAGTCTGATACG	8	Spermatocyte	13	Spermatocyte	19863	-15.255578	-6.698625	12.918485	5.6832013
GCTCCTACATCTGGTA	7	Spermatocyte	13	Spermatocyte	10968	4.477093	-2.26193	10.368393	5.5765285
AAGTCTGTCTACTATC	10	Spermatocyte	15	Spermatocyte	14039	-19.33173	-5.4447875	14.418709	3.2071812
AGTGAGGTCCGCTGTT	10	Spermatocyte	15	Spermatocyte	16437	-19.149694	-5.201245	13.773922	3.127809
TAAGAGAAGGCCCTCA	7	Spermatocyte	10	Spermatocyte	17567	5.814557	-0.6421604	8.124827	2.3617492
CTCAGAATCATCGCTC	2	RoundSpermatid	2	RoundSpermatid	37142	0.7571881	10.77581	0.54242384	1.8767631
TATCAGGAGCCCAACC	7	Spermatocyte	10	Spermatocyte	19837	6.2705994	-0.030409833	8.375458	2.0788352
AGTGTCATCCCTAATT	7	Spermatocyte	11	RoundSpermatid	14150	6.24236	-0.071122766	9.152964	1.6120245
GAACCTAAGTAATCCC	8	Spermatocyte	13	Spermatocyte	19430	-15.601544	-7.0148997	12.336646	5.961283
AGTGGGATCATCTGTT	8	Spermatocyte	7	Elongating	12494	-17.808662	-5.9721727	2.935547	4.8182464
CAGCTAAGTATGAATG	7	Spermatocyte	13	Spermatocyte	20819	3.9785006	-3.317365	10.3501835	5.64503
AGTCTTTAGACATAAC	4	RoundSpermatid	5	RoundSpermatid	13180	3.733624	2.5936687	9.182539	-1.725374
TGAGGGAAGCTAACAA	7	Spermatocyte	10	Spermatocyte	19692	5.5693874	-1.575149	9.293864	3.612441
CACAAACCACACGCTG	4	RoundSpermatid	11	RoundSpermatid	18510	4.4259415	2.0256534	9.173143	-0.40538335
TTCCCAGTCTACGAGT	7	Spermatocyte	13	Spermatocyte	21062	2.9585812	-3.5846102	11.056711	5.449084
ATAACGCAGTCCAGGA	4	RoundSpermatid	11	RoundSpermatid	18596	4.993975	0.6211057	9.543976	0.5274553
GATTCAGGTTGTACAC	7	Spermatocyte	10	Spermatocyte	25499	5.8904457	-1.0977876	8.8931055	3.7613702
ACTGCTCCAGACACTT	7	Spermatocyte	10	Spermatocyte	20680	6.247165	-0.22418089	8.798618	1.6090685
GGTGTTACATGCCTTC	4	RoundSpermatid	5	RoundSpermatid	25296	2.792064	2.449111	9.191378	-1.899493
CGTTGGGTCACTTATC	8	Spermatocyte	13	Spermatocyte	26158	-15.5484915	-6.7422576	12.000944	5.917523
TAGTTGGCATCCCATC	4	RoundSpermatid	11	RoundSpermatid	23721	4.1801305	1.1872535	9.111263	-0.23790245
AAGTCTGAGTAGGTGC	4	RoundSpermatid	5	RoundSpermatid	24799	2.201495	4.2936835	6.2872458	-3.1134713
GTGCATATCCGTACAA	8	Spermatocyte	13	Spermatocyte	26379	-15.485466	-6.943017	12.509204	6.1859293
GATTCAGCACCATGTA	4	RoundSpermatid	5	RoundSpermatid	28957	2.492615	2.777732	8.765534	-2.15208
TTAGGACAGTTGAGAT	4	RoundSpermatid	5	RoundSpermatid	20960	2.8181036	4.7189784	6.5639496	-2.8573384
CGTCAGGAGTGACTCT	4	RoundSpermatid	11	RoundSpermatid	21282	3.5227406	1.0137742	8.999147	-0.71825856
CCTTCCCGTACTCAAC	4	RoundSpermatid	5	RoundSpermatid	24505	3.3114188	2.7965791	8.601622	-1.4388222
CGCTATCTCAGCTGGC	8	Spermatocyte	13	Spermatocyte	25013	-15.912601	-6.5364723	12.135834	5.4567223
TAGTGGTTCATTGCGA	10	Spermatocyte	15	Spermatocyte	17988	-18.972355	-5.6126056	14.399407	3.056559
ACGCCGAAGACCTTTG	10	Spermatocyte	15	Spermatocyte	10310	-18.757284	-3.795805	13.137719	1.8535452
TTCCCAGTCTGGGCCA	4	RoundSpermatid	5	RoundSpermatid	21730	2.8592093	3.6585095	6.965494	-2.335325
GTGCGGTCACACCGCA	4	RoundSpermatid	11	RoundSpermatid	23175	3.781204	0.77157414	9.260044	0.25652403
TGAGCATCAGCTGTAT	7	Spermatocyte	10	Spermatocyte	20026	6.195638	-1.1551266	8.763738	4.0085444
TCGTAGAGTGTTCGAT	4	RoundSpermatid	11	RoundSpermatid	20041	4.0944214	-0.2607332	8.524455	0.36009222
TCAACGACAGTCCTTC	7	Spermatocyte	10	Spermatocyte	20347	5.471162	-1.0927218	8.7301445	3.6832068
CATCGAACAGTGGGAT	7	Spermatocyte	10	Spermatocyte	21171	6.209005	-0.6796782	8.709812	2.682413
CTTAACTCAAAGAATC	1	RoundSpermatid	3	RoundSpermatid	23724	0.36947852	8.01335	3.2743444	0.983329
TTAGTTCAGTAGATGT	1	RoundSpermatid	1	RoundSpermatid	14978	1.8249265	5.965776	5.7842436	-2.1455452
TCGCGAGTCCATTCTA	7	Spermatocyte	13	Spermatocyte	19357	3.9257245	-3.114994	10.433942	5.473245
CTAAGACCAATAGCAA	7	Spermatocyte	10	Spermatocyte	17780	5.1821623	-0.8073892	8.522663	3.5663137
AGTGTCAGTTACGGAG	7	Spermatocyte	10	Spermatocyte	15271	4.4472065	-1.702991	9.028369	4.869089
ATGGGAGGTGCTCTTC	7	Spermatocyte	13	Spermatocyte	15399	2.7538886	-3.6550164	11.625679	5.9063845
TATGCCCTCGGCATCG	10	Spermatocyte	15	Spermatocyte	14804	-19.1981	-4.7225604	13.843298	2.3624344
TCATTTGGTGACCAAG	1	RoundSpermatid	1	RoundSpermatid	22756	2.006735	6.8392987	4.563136	-1.6745117
CCCTCCTGTTGCCTCT	7	Spermatocyte	13	Spermatocyte	24781	2.9292982	-3.4576664	11.892249	6.0929275
AAGTCTGGTAAATACG	8	Spermatocyte	13	Spermatocyte	22818	-15.57839	-6.5265427	12.362785	5.8630548
GACGCGTCAAGCGCTC	1	RoundSpermatid	3	RoundSpermatid	20776	0.81258655	8.9409895	2.8718708	1.0890814
CTACCCATCGGCGCAT	8	Spermatocyte	15	Spermatocyte	20029	-17.840273	-5.712797	12.862352	3.6610475
GCTGGGTAGTTTAGGA	4	RoundSpermatid	11	RoundSpermatid	8997	4.0170665	-0.35464627	8.717573	1.5214647
GCAGTTACACCTATCC	8	Spermatocyte	15	Spermatocyte	12782	-17.502724	-5.8471966	13.014686	4.0587215
TTTCCTCTCTTTAGGG	7	Spermatocyte	10	Spermatocyte	18320	6.2378583	-0.31982726	8.266556	2.7959816
TCCCGATCACGCCAGT	7	Spermatocyte	10	Spermatocyte	18282	6.1267405	-0.4972096	9.236392	3.1112704
AACACGTCAGACAGGT	8	Spermatocyte	13	Spermatocyte	33588	-15.3538265	-6.3073955	12.937925	5.4694653
CAACCTCAGATCGATA	4	RoundSpermatid	5	RoundSpermatid	19846	2.16876	4.507749	7.2934275	-3.343299
GCTCTGTTCAGCTCTC	4	RoundSpermatid	5	RoundSpermatid	31062	3.1960065	2.2782266	9.330468	-1.298013
CTAGCCTAGACAGAGA	10	Spermatocyte	15	Spermatocyte	10977	-18.78318	-5.0332603	13.679227	2.621032
CACATTTTCGCAAACT	10	Spermatocyte	15	Spermatocyte	16156	-19.069233	-4.7180285	13.643579	2.2215261
CTCTACGGTAACGTTC	2	RoundSpermatid	2	RoundSpermatid	14232	-0.18245082	10.750102	-0.31684738	0.74999255
ACGAGCCTCCTGCAGG	1	RoundSpermatid	1	RoundSpermatid	23857	2.183799	6.4087567	4.9361587	-2.408724
GGACATTTCTTGAGAC	8	Spermatocyte	9	Spermatocyte	10798	-15.930355	-5.8173695	13.489185	6.539305
CAGCCGACAGCTGTAT	8	Spermatocyte	13	Spermatocyte	23693	-15.305902	-6.89693	12.471704	5.6452007
ATCTGCCGTGATGCCC	2	RoundSpermatid	2	RoundSpermatid	25589	-0.46098343	11.698537	-0.20501433	0.26538688
ACAGCCGAGCTACCTA	1	RoundSpermatid	1	RoundSpermatid	29694	1.7304364	6.914466	4.6246967	-0.99100715
AGTGAGGCAGATGGGT	7	Spermatocyte	10	Spermatocyte	29885	5.1639714	-1.1264102	8.268515	3.1286054
TTGAACGTCCGCGCAA	7	Spermatocyte	13	Spermatocyte	14298	2.4677336	-3.223184	11.578168	4.999053
TGGTTAGGTAGCGTCC	7	Spermatocyte	10	Spermatocyte	13475	5.94877	-2.2729232	8.793347	4.646142
CATTCGCTCCGATATG	4	RoundSpermatid	11	RoundSpermatid	18115	4.960958	1.3503962	9.175108	0.12814417
CCTAGCTGTAGCGTCC	7	Spermatocyte	13	Spermatocyte	11557	3.4160225	-3.6282163	11.164647	5.592024
CATCGAACAGTGAGTG	4	RoundSpermatid	11	RoundSpermatid	25084	3.7193043	1.1137962	9.083628	-0.42682567
ACTGTCCGTGGACGAT	10	Spermatocyte	15	Spermatocyte	11645	-19.332254	-4.8071537	13.292351	2.7712414
GATCGATAGAAAGTGG	7	Spermatocyte	13	Spermatocyte	24811	4.9323573	-2.0715003	9.441798	5.21819
TTCTTAGTCTTACCGC	4	RoundSpermatid	11	RoundSpermatid	18593	4.685776	1.4339697	9.629956	0.19213031
CTGCCTATCTGCTGTC	1	RoundSpermatid	3	RoundSpermatid	25599	-0.20446455	8.490816	3.5751553	0.87079585
AGCTCTCGTACTCTCC	7	Spermatocyte	13	Spermatocyte	23913	2.9132655	-3.1813502	11.611058	5.9392724
AGTAGTCTCGGATGTT	4	RoundSpermatid	11	RoundSpermatid	22123	3.541744	0.57473207	9.289782	-0.71324086
CTCGGAGTCAACGCTA	7	Spermatocyte	13	Spermatocyte	17538	2.7629728	-3.6423302	11.651348	6.1535134
CGACTTCCAGCTATTG	4	RoundSpermatid	11	RoundSpermatid	24396	3.7847931	1.384135	9.193889	-0.4523327
GATGCTACACTGCCAG	4	RoundSpermatid	5	RoundSpermatid	23333	2.211395	4.265832	7.0439754	-2.6495235
TTCGGTCAGCCCTAAT	4	RoundSpermatid	5	RoundSpermatid	22906	2.8151116	1.979707	9.168103	-1.2718459
CAGAGAGCAGGACCCT	8	Spermatocyte	13	Spermatocyte	22419	-15.544822	-6.6557813	12.707896	5.581515
ACATACGAGAGCTATA	1	RoundSpermatid	1	RoundSpermatid	17579	1.3831074	6.2639246	4.808667	-1.1625928
TCGGGACAGAGACTAT	1	RoundSpermatid	3	RoundSpermatid	23594	-0.41202083	8.918246	2.752531	1.328156
AGCAGCCTCCTAAGTG	4	RoundSpermatid	11	RoundSpermatid	23998	4.948337	0.81921655	9.18128	0.92327815
TTAGGACTCGCCAAAT	1	RoundSpermatid	1	RoundSpermatid	23023	1.7520133	6.240013	4.430786	-1.6611896
GCGCAACAGCTTCGCG	1	RoundSpermatid	3	RoundSpermatid	26483	-0.13143878	7.9819355	3.2619026	0.53351134
CGAGAAGTCCAATGGT	0	RoundSpermatid	6	RoundSpermatid	8408	-3.5151982	11.215995	-1.6645842	-2.1975586
CCACTACAGCCGTCGT	7	Spermatocyte	13	Spermatocyte	17240	4.147036	-2.3846908	9.934909	5.6650057
GCACATATCGCACTCT	1	RoundSpermatid	1	RoundSpermatid	26554	2.115586	7.2983956	4.53997	-1.4363514
AAGGAGCGTCTTCGTC	4	RoundSpermatid	5	RoundSpermatid	17715	3.1727219	1.7356619	8.418684	-1.3863208
GGTGTTAGTAAGTTCC	7	Spermatocyte	13	Spermatocyte	18245	3.8562613	-2.7872074	10.3750925	5.797292
GTACTTTTCAAACCAC	4	RoundSpermatid	5	RoundSpermatid	19023	3.0119226	2.4700074	9.191106	-1.4166479
CATATTCAGATGGGTC	10	Spermatocyte	15	Spermatocyte	13969	-19.195227	-4.498784	13.200836	2.302838
GTCTCGTAGCTAAACA	4	RoundSpermatid	5	RoundSpermatid	16627	3.438662	2.0708525	8.469662	-1.9917816
CACCTTGCATGGTCAT	4	RoundSpermatid	5	RoundSpermatid	24485	3.1499014	2.510327	9.47566	-1.3503163
TACTTGTTCAGCACAT	12	Elongating	7	Elongating	9429	-4.1789145	3.5268228	2.8251739	5.2615557
CTAGCCTAGACAGGCT	8	Spermatocyte	13	Spermatocyte	8567	-15.460216	-7.060057	12.051145	5.0355086
TCATTTGTCTCCGGTT	4	RoundSpermatid	5	RoundSpermatid	12574	2.6905708	3.300934	7.7919116	-2.9392624
GCTGCAGAGGCTAGGT	4	RoundSpermatid	11	RoundSpermatid	9783	4.1767726	-0.22297582	8.458589	0.97012776
CTCACACCATTACGAC	1	RoundSpermatid	3	RoundSpermatid	22989	0.24959269	8.162452	3.954275	0.740686
TCAACGATCCAAGCCG	12	Elongating	7	Elongating	10358	-4.2866135	3.7940502	2.41368	5.095817
CTTCTCTGTAAGTGGC	4	RoundSpermatid	5	RoundSpermatid	13329	3.9526317	2.5693088	9.216872	-1.1206539
GTACGTACAGCTGCAC	8	Spermatocyte	15	Spermatocyte	25455	-17.933573	-5.8596387	12.983506	3.7090461
TGGGCGTAGAGCCCAA	7	Spermatocyte	10	Spermatocyte	17251	5.9865103	-0.062157743	9.150996	2.1534922
AGTGTCAGTGAGTGAC	4	RoundSpermatid	10	Spermatocyte	19070	4.490912	-0.29253495	8.309819	3.2805505
CACATTTAGGGTGTTG	1	RoundSpermatid	3	RoundSpermatid	10313	0.47232032	7.92799	4.187495	-0.26424983
TGACTAGTCATACGGT	7	Spermatocyte	10	Spermatocyte	18974	5.7193007	-1.1787908	8.773861	3.1472318
ATCTACTTCTTTAGGG	8	Spermatocyte	13	Spermatocyte	21319	-15.826782	-6.91785	13.09352	5.8899837
ACTTTCATCCAGTATG	1	RoundSpermatid	3	RoundSpermatid	21273	1.1550165	7.043877	3.3868806	2.530039
CATTATCCAGGAACGT	8	Spermatocyte	13	Spermatocyte	11600	-15.993899	-6.0168366	13.164264	6.181869
TTGCGTCGTCGACTGC	7	Spermatocyte	10	Spermatocyte	12635	5.422417	-1.687864	8.626366	4.199799
CGAGCACGTGCAACGA	4	RoundSpermatid	5	RoundSpermatid	18473	3.8293128	2.299565	9.144706	-1.602778
CGGGTCATCTTGCATT	2	RoundSpermatid	2	RoundSpermatid	11012	0.64313656	11.66157	0.5932506	2.000338
TCGTAGAGTGTTTGTG	7	Spermatocyte	10	Spermatocyte	20959	5.5429726	-0.989641	8.812155	2.94832
TCATTACCACCCTATC	10	Spermatocyte	15	Spermatocyte	19454	-18.904638	-5.259692	14.356003	3.1290843
GAACCTATCTTGTCAT	4	RoundSpermatid	11	RoundSpermatid	22970	4.670619	1.0233496	8.590489	0.3788177
GTTACAGCATTTCAGG	9	Spermatocyte	14	Spermatogonia	21793	2.7808907	-2.640584	11.641115	3.613045
CGTAGGCTCGAATCCA	10	Spermatocyte	15	Spermatocyte	13439	-18.921444	-5.55791	13.648596	3.047954
GTGTTAGAGTGTCCAT	7	Spermatocyte	13	Spermatocyte	16862	4.608854	-2.0782316	9.488075	4.9069996
CTAGCCTGTCGAATCT	3	Elongating	8	Elongating	8536	-7.357274	10.468501	-4.6175504	0.79726744
TACTTACGTTGTGGAG	4	RoundSpermatid	5	RoundSpermatid	19863	2.373575	2.8475432	8.229238	-2.3824308
ACACCCTCAACACCTA	1	RoundSpermatid	1	RoundSpermatid	19964	2.5210507	6.6089664	5.256764	-2.3296402
GCGAGAAGTTAAGAAC	4	RoundSpermatid	5	RoundSpermatid	19017	3.178704	1.6562915	8.955818	-2.0977533
GGCTGGTAGGGAGTAA	10	Spermatocyte	15	Spermatocyte	17182	-18.955847	-5.7714057	13.978347	3.3831
GGACAGAAGGATCGCA	2	RoundSpermatid	2	RoundSpermatid	15020	0.3117057	11.094386	-0.5030497	1.0912617
TAGGCATAGAATTCCC	7	Spermatocyte	10	Spermatocyte	14966	5.649961	-1.3322806	9.441486	3.680096
TCTGAGATCAGAGGTG	8	Spermatocyte	13	Spermatocyte	17867	-15.154843	-6.6507573	12.609605	5.4328203
GGCGACTGTACATCCA	4	RoundSpermatid	5	RoundSpermatid	26352	2.1052709	4.3751054	6.266537	-2.8576264
CTAACTTCACATCTTT	4	RoundSpermatid	11	RoundSpermatid	19775	5.4327636	1.0324417	9.21567	1.1413922
AGCGGTCAGCGTGAAC	4	RoundSpermatid	5	RoundSpermatid	22115	2.7149463	3.5784366	7.215223	-3.3259969
TCGTACCGTCACCTAA	8	Spermatocyte	9	Spermatocyte	26028	-16.273731	-5.991836	13.889941	5.4580355
GAACATCGTCAGAATA	4	RoundSpermatid	11	RoundSpermatid	23579	4.2148423	0.36851418	9.408706	0.40490648
GCGCAGTGTTGGACCC	4	RoundSpermatid	11	RoundSpermatid	22244	4.199864	0.31552023	8.9691515	0.6254873
ACGAGCCGTTAAGATG	7	Spermatocyte	13	Spermatocyte	16738	4.3734446	-1.9124585	9.455745	5.242218
CAAGAAAAGAACTCGG	7	Spermatocyte	10	Spermatocyte	23408	5.4894547	-1.5123019	9.104238	4.2439537
GACACGCCATCCCATC	4	RoundSpermatid	11	RoundSpermatid	19219	4.692824	1.5012237	9.569728	0.51065534
GTGGGTCGTAAATGTG	4	RoundSpermatid	11	RoundSpermatid	15138	3.8779035	1.532577	9.706972	0.61806124
TGAAAGAGTCCTCCAT	7	Spermatocyte	13	Spermatocyte	18033	2.7574556	-3.577737	12.20468	5.995988
ATGTGTGTCGTCGTTC	5	Elongating	7	Elongating	9072	-3.0083501	5.6547775	0.5098982	6.1365395
TGTCCCAGTGCAGGTA	1	RoundSpermatid	1	RoundSpermatid	25126	1.9021939	6.788079	4.287547	-1.3760694
CGTGTCTAGCACAGGT	10	Spermatocyte	15	Spermatocyte	10782	-19.152508	-5.2978106	13.978667	2.6540885
CTAATGGCATGCCTAA	7	Spermatocyte	13	Spermatocyte	18019	5.27854	-2.4252017	9.563294	4.7176967
AGTAGTCAGGTGCAAC	1	RoundSpermatid	1	RoundSpermatid	8899	1.2271873	7.8559227	5.582349	-1.7594893
TACGGGCCAGTACACT	7	Spermatocyte	14	Spermatogonia	18179	5.445911	-2.3378212	11.205467	3.5285635
TACAGTGCACACCGAC	7	Spermatocyte	10	Spermatocyte	17771	5.9709	-1.8432268	9.117152	4.098642
ATCCGAATCTTCCTTC	1	RoundSpermatid	3	RoundSpermatid	19527	0.92269945	8.7237425	2.6775134	1.8846192
CCACTACCACTCTGTC	4	RoundSpermatid	5	RoundSpermatid	9811	2.039441	3.0337086	8.148187	-1.4870061
CTGTTTAAGGCAGGTT	7	Spermatocyte	13	Spermatocyte	15335	3.982956	-3.287005	9.752799	5.6335874
TCTATTGGTAGAAAGG	7	Spermatocyte	13	Spermatocyte	15005	4.7462234	-2.9592226	9.603765	5.5438824
CACCACTAGCTATGCT	9	Spermatocyte	14	Spermatogonia	11929	-18.177614	-1.1626279	11.316972	1.7697864
TCAGGATAGGCTAGGT	4	RoundSpermatid	5	RoundSpermatid	24153	3.07962	1.5509666	8.542797	-1.0410848
CAAGGCCGTTGAGGTG	2	RoundSpermatid	2	RoundSpermatid	22773	0.4454212	11.422444	-0.6981754	0.80756176
CCTCTGACAGGTTTCA	3	Elongating	8	Elongating	9950	-6.1356664	6.1450777	-3.7107534	3.1911469
GATCGATGTACCGAGA	1	RoundSpermatid	1	RoundSpermatid	21091	2.5379581	6.8785696	4.894184	-2.0262551
GCAGCCACAATACGCT	5	Elongating	4	Elongating	11920	-4.39308	6.482633	-1.3310655	5.9825864
GGCTCGATCATGTCTT	7	Spermatocyte	10	Spermatocyte	18513	5.980823	-1.8608056	9.423422	3.7312474
CTAGCCTGTTTACTCT	8	Spermatocyte	9	Spermatocyte	18151	-16.927967	-7.2890706	13.389442	5.601244
GCTCCTATCTTAGAGC	4	RoundSpermatid	5	RoundSpermatid	21109	3.2021666	3.7219918	8.149255	-2.8644679
GAAACTCAGAGCAATT	1	RoundSpermatid	1	RoundSpermatid	20543	2.5212538	6.6001124	4.4545326	-1.2082167
CGTGAGCCAAGCGATG	4	RoundSpermatid	11	RoundSpermatid	9334	4.197365	-0.504079	8.915388	1.3458472
GCTCTGTTCAACGGGA	7	Spermatocyte	10	Spermatocyte	19793	5.191765	-2.4694977	9.360167	4.756348
CTGATAGGTAGCTGCC	4	RoundSpermatid	11	RoundSpermatid	16801	3.7480385	0.9868793	9.286256	-0.1500694
AGAATAGAGGGAAACA	3	Elongating	4	Elongating	14476	-5.993605	6.701871	-2.0698361	5.0502305
AGGGTGATCATCGCTC	9	Spermatocyte	14	Spermatogonia	14303	-17.202206	-1.6487556	11.967503	2.828276
AGTGAGGGTGGAAAGA	12	Elongating	7	Elongating	13251	-2.7468839	2.4252799	3.69475	8.603026
CGTGTCTCACCTGGTG	3	Elongating	4	Elongating	10083	-5.3558555	6.002942	-1.4195054	5.096073
GATCGTATCGCAGGCT	4	RoundSpermatid	11	RoundSpermatid	12446	3.6955326	0.3006981	8.445008	-0.64820325
CAGCTGGCAACAACCT	4	RoundSpermatid	1	RoundSpermatid	33273	1.7533383	4.487927	6.1446185	-2.1197884
TCACAAGTCCGCAGTG	8	Spermatocyte	13	Spermatocyte	13082	-15.380274	-6.9231515	13.32756	5.8190894
CGAGCCACAATGAATG	4	RoundSpermatid	5	RoundSpermatid	11783	3.9125597	2.2199616	9.468885	-1.3543648
AACTCAGTCGACGGAA	3	Elongating	4	Elongating	12611	-6.0721717	6.4143753	-1.631323	5.018858
CTCTACGCAGGGTTAG	1	RoundSpermatid	3	RoundSpermatid	19476	0.605733	8.834412	2.4049644	1.6933701
AGCTCCTCATCGGGTC	4	RoundSpermatid	5	RoundSpermatid	21372	2.4902682	5.284144	6.898508	-2.5752912
CGATTGAAGACGACGT	4	RoundSpermatid	5	RoundSpermatid	18900	2.2784848	4.9286838	6.3204856	-2.9343107
TCGTAGAAGTACGCGA	7	Spermatocyte	13	Spermatocyte	19468	3.1421676	-3.0366886	11.740884	5.4875712
CGGACGTAGACAAAGG	7	Spermatocyte	13	Spermatocyte	18910	3.614047	-2.734321	10.88406	5.919321
TTGTAGGGTCACAAGG	9	Spermatocyte	14	Spermatogonia	20910	-18.105696	-1.8382623	12.264219	1.2164087
TGTTCCGAGAAACCGC	7	Spermatocyte	10	Spermatocyte	12571	6.1583095	-1.348148	9.115076	2.7870295
GCTCCTAGTCTCAACA	4	RoundSpermatid	10	Spermatocyte	8186	4.376659	-0.943073	8.172721	3.787433
TGAGCATGTTTGGCGC	11	Elongating	16	Elongating	9964	-5.8338246	2.0944107	5.494367	13.621783
GACTACATCCTGTACC	4	RoundSpermatid	11	RoundSpermatid	10040	3.9934216	-0.124613	8.666107	1.0362555
CTGAAGTCATGCCTTC	7	Spermatocyte	10	Spermatocyte	21771	6.2831745	-0.37192646	9.260468	2.4754841
AACCGCGGTCATGCAT	7	Spermatocyte	13	Spermatocyte	10796	-14.805408	-6.14944	11.405486	4.9812717
CGTGAGCGTTCCCGAG	11	Elongating	16	Elongating	10273	-5.385593	1.6573582	5.111817	12.876805
GGGTTGCCAGCCTATA	5	Elongating	7	Elongating	14693	-2.4024212	5.5725236	0.98239344	6.074061
ATGAGGGCATCCTTGC	5	Elongating	7	Elongating	14714	-3.4681823	5.509306	0.26905563	5.5800533
ATGTGTGTCTCCAGGG	12	Elongating	17	Elongating	9665	-4.6484137	2.4081159	4.389641	11.513609
CATCAAGGTACCATCA	3	Elongating	4	Elongating	9775	-5.1559973	6.4134703	-1.5187387	5.88635
ACGTCAAAGGCCCTTG	8	Spermatocyte	9	Spermatocyte	8537	-16.388845	-4.857056	13.427485	6.394698
CTGAAACTCGATAGAA	4	RoundSpermatid	10	Spermatocyte	9615	5.1708803	0.2654164	8.519254	2.8476539
TACGGATCACCGCTAG	5	Elongating	7	Elongating	10434	-2.718393	4.3720927	2.2448735	6.1528153
AGGTCATAGTAGCGGT	3	Elongating	8	Elongating	10596	-6.801095	10.527501	-4.392674	1.1211253
CAGCGACGTTGGACCC	1	RoundSpermatid	3	RoundSpermatid	11010	-0.44855288	8.821257	2.800334	2.0880952
TGAGGGAGTGCTAGCC	12	Elongating	17	Elongating	8625	-4.171051	2.8511717	4.2935085	10.997709
ACTTTCAAGCAATCTC	5	Elongating	4	Elongating	7984	-4.5126834	6.289808	-1.0531203	5.4017625
GGTGTTAGTTACGGAG	12	Elongating	7	Elongating	9697	-4.018687	3.1960642	3.7214732	7.026036
CAGATCATCAAGCCTA	12	Elongating	17	Elongating	11560	-3.917349	1.8415555	3.9023936	10.064335
CGGAGTCTCCAAACAC	12	Elongating	7	Elongating	14235	-3.03442	2.2798219	3.8153353	8.548375
CTGTGCTTCAGAGACG	5	Elongating	7	Elongating	7800	-2.9666758	4.3098164	2.2913954	6.713872
GGCTCGAAGCAGCCTC	3	Elongating	8	Elongating	9135	-6.2962017	6.2642913	-2.6645389	4.983025
GAACATCCAAACTGCT	5	Elongating	7	Elongating	11487	-1.870112	4.1729236	1.8566179	6.0495877
GAGTCCGCATTCCTCG	4	RoundSpermatid	11	RoundSpermatid	8535	4.1354384	-0.3905187	8.370765	1.4199302
AACGTTGTCTGCCAGG	5	Elongating	7	Elongating	10556	-3.0487816	4.9599304	1.1529564	6.4133577
