cb	clu_pas	stage_pas	clu_gex	stage_gex	umi_pas	umap1_pas	umap2_pas	umap1_gex	umap2_gex
ATGGGAGAGAAGCCCA	0	RoundSpermatid	0	RoundSpermatid	60323	9.909039	3.61415	5.735134	3.9988143
CGATGGCAGTGCTGCC	0	RoundSpermatid	1	RoundSpermatid	42969	11.217921	2.9389956	1.087015	3.9019713
ATTGGTGTCGCATGAT	0	RoundSpermatid	0	RoundSpermatid	53063	9.527473	1.7533042	8.022666	4.939325
TTCTCCTAGTAGCCGA	0	RoundSpermatid	0	RoundSpermatid	26280	10.735548	1.6457956	7.9402514	4.982027
TAAGCGTCATGTTGAC	0	RoundSpermatid	0	RoundSpermatid	13798	10.380042	2.4059398	7.8096027	5.4450154
GGGCACTCAGCCTTTC	0	RoundSpermatid	1	RoundSpermatid	17915	11.29996	4.779096	5.401244	4.283988
GGCTGGTAGTATCTCG	0	RoundSpermatid	1	RoundSpermatid	20830	11.162342	3.5142198	4.167836	3.617431
CTCAGAACAGCCAATT	0	RoundSpermatid	0	RoundSpermatid	30028	10.113757	1.9201491	7.711517	4.480283
GCGCGATTCGGCATCG	0	RoundSpermatid	1	RoundSpermatid	29241	11.896705	4.404625	3.5199893	3.7778845
TTAGTTCCACAGGCCT	0	RoundSpermatid	0	RoundSpermatid	21340	10.406016	3.6642537	6.3947577	4.189018
AGGGATGGTTGATTCG	0	RoundSpermatid	1	RoundSpermatid	47000	10.381834	4.9665394	3.599568	3.11208
TCTCATATCTTAGCCC	1	RoundSpermatid	2	RoundSpermatid	24343	9.8028555	-0.47494626	10.536422	4.843907
TCACGAACATGCTGGC	2	RoundSpermatid	1	RoundSpermatid	53702	10.701786	5.784112	1.5899267	3.5364556
TGACAACTCAACACCA	0	RoundSpermatid	0	RoundSpermatid	26129	10.713585	2.6430175	6.6750617	4.6981926
CCATGTCTCGCGTAGC	0	RoundSpermatid	1	RoundSpermatid	21744	11.813644	4.8393836	2.8679557	3.2309608
CGATGTACATGCCTAA	3	RoundSpermatid	3	RoundSpermatid	54595	11.838591	9.154178	-0.4811354	-0.11004015
GGAAAGCCAAGCCGTC	3	RoundSpermatid	4	RoundSpermatid	36359	13.402376	9.12883	-0.4519949	-2.5288622
ACTTGTTTCTGGTGTA	0	RoundSpermatid	0	RoundSpermatid	53675	9.676585	4.740581	6.557912	4.558843
ACGGGTCAGCTGCGAA	3	RoundSpermatid	4	RoundSpermatid	23695	13.737655	9.561811	-0.42054325	-3.5982168
CCACGGACAATCAGAA	1	RoundSpermatid	2	RoundSpermatid	24183	10.858061	-0.424906	10.22772	5.1846395
CGTTCTGGTGTGGTTT	4	Elongating	5	Elongating	28012	20.723074	15.199361	-9.048124	-3.4580297
CTGATCCAGAGACTAT	3	RoundSpermatid	4	RoundSpermatid	20368	13.336186	9.806297	-0.4617725	-3.0758288
TAGTTGGAGGTCGGAT	0	RoundSpermatid	0	RoundSpermatid	22932	10.5111265	1.7625966	7.08911	5.5242686
CCTCAGTAGACAAGCC	0	RoundSpermatid	0	RoundSpermatid	11813	10.361221	1.9949446	7.620456	4.5138865
ATCGAGTTCAAGAAGT	5	RoundSpermatid	6	RoundSpermatid	30062	16.988228	14.128832	-6.457971	-7.3429675
GGGTTGCAGCAGATCG	2	RoundSpermatid	1	RoundSpermatid	27027	12.015262	5.4596534	2.0795527	2.7738411
CATCAAGGTTAGAACA	6	RoundSpermatid	6	RoundSpermatid	29707	15.373983	11.865073	-2.6573358	-6.895318
TTAACTCCAGTAAGAT	5	RoundSpermatid	7	RoundSpermatid	36317	17.740276	16.224586	-8.551243	-7.383294
TTGACTTCAGACAAGC	6	RoundSpermatid	6	RoundSpermatid	28408	16.098421	12.605833	-3.5101957	-7.066215
CTTGGCTGTATCACCA	6	RoundSpermatid	6	RoundSpermatid	24881	16.890913	13.734146	-5.977156	-7.36448
GTTACAGGTTACTGAC	3	RoundSpermatid	4	RoundSpermatid	47682	15.053316	9.580383	-1.5147593	-5.301133
AAACCTGCATACGCCG	6	RoundSpermatid	6	RoundSpermatid	66511	14.984727	11.394277	-2.2727227	-6.299443
GCAATCACAGGCTGAA	5	RoundSpermatid	7	RoundSpermatid	39047	17.458447	15.145899	-7.9833155	-7.1733203
ACTGAACTCCGTAGGC	5	RoundSpermatid	7	RoundSpermatid	25748	16.990982	14.808996	-7.365081	-7.398883
TGCCCTACACGCATCG	6	RoundSpermatid	6	RoundSpermatid	81852	15.291656	11.562669	-2.1924434	-6.402373
ACTTTCATCGAATGCT	6	RoundSpermatid	6	RoundSpermatid	24625	15.695933	11.680197	-2.8858535	-6.754331
CGCGTTTGTATCACCA	5	RoundSpermatid	7	RoundSpermatid	67250	19.608046	16.8537	-10.06792	-5.540997
CCTCTGAAGAATGTTG	6	RoundSpermatid	4	RoundSpermatid	27127	14.676651	10.21744	-1.0639334	-4.7315736
AGGGTGATCCTTCAAT	7	Elongating	8	Elongating	21550	20.657957	8.683036	-6.0593243	2.2205243
CCTACCAAGAGACGAA	5	RoundSpermatid	7	RoundSpermatid	19686	16.66914	14.528158	-7.6405745	-7.4924045
TGAAAGAAGCATCATC	6	RoundSpermatid	6	RoundSpermatid	64907	15.078293	11.074877	-2.044881	-6.432349
ACGGGTCTCTGACCTC	5	RoundSpermatid	7	RoundSpermatid	15787	18.708927	17.012405	-10.322739	-7.1477776
GGGATGATCCATTCTA	5	RoundSpermatid	7	RoundSpermatid	19416	19.3966	16.349968	-9.763043	-5.8567386
GTGGGTCGTCTAGAGG	5	RoundSpermatid	7	RoundSpermatid	32863	17.407515	15.803229	-8.780351	-7.130816
TGCGCAGGTTCATGGT	5	RoundSpermatid	7	RoundSpermatid	8722	19.01234	17.300783	-10.374715	-7.04664
TGCCAAACACAACGCC	5	RoundSpermatid	7	RoundSpermatid	17067	19.05912	17.447514	-10.454939	-7.0480485
TTAGGCATCAGCATGT	5	RoundSpermatid	7	RoundSpermatid	93068	18.749449	17.259804	-10.2184925	-7.0907674
CAAGTTGCAGAGCCAA	6	RoundSpermatid	6	RoundSpermatid	26867	16.256172	12.934867	-4.047626	-7.407109
TCGCGAGTCACCTTAT	6	RoundSpermatid	6	RoundSpermatid	28572	16.611666	12.888621	-4.9478693	-7.5202546
AGCGTATCATCTCGCT	5	RoundSpermatid	7	RoundSpermatid	35200	19.84066	16.641857	-10.181639	-5.1770387
GTGTTAGAGTGGTAGC	4	Elongating	5	Elongating	30507	20.918102	14.523861	-9.119648	-2.2733302
CAGCGACCAGATGGCA	4	Elongating	7	RoundSpermatid	8047	19.529596	15.411118	-9.724277	-5.071926
GGAAAGCGTATATGAG	5	RoundSpermatid	7	RoundSpermatid	62816	19.392303	17.153328	-10.324859	-5.833548
GTATCTTGTTAGAACA	5	RoundSpermatid	7	RoundSpermatid	30050	16.995766	14.472062	-6.9384303	-7.4056053
CGAGAAGCATAGTAAG	5	RoundSpermatid	7	RoundSpermatid	11659	18.268475	15.703784	-8.842004	-6.4151893
TGGTTCCGTTGCGCAC	4	Elongating	5	Elongating	17746	20.593128	15.597519	-8.984602	-3.3059394
CACAGTAAGCTACCGC	4	Elongating	5	Elongating	20349	20.054787	14.678857	-9.792719	-3.1430986
GACTGCGAGTCAAGCG	5	RoundSpermatid	7	RoundSpermatid	12665	18.782974	16.915344	-10.373754	-6.410592
GTACTCCCATTGCGGC	6	RoundSpermatid	6	RoundSpermatid	26038	16.907513	11.589222	-3.3492436	-7.4607935
CGACCTTAGAGGTTGC	5	RoundSpermatid	7	RoundSpermatid	31203	19.380096	16.672073	-10.391125	-6.44086
AACCATGGTGCACTTA	4	Elongating	5	Elongating	13513	20.313227	14.059453	-9.678551	-2.6293058
TCAGCAAAGCTAGTCT	4	Elongating	8	Elongating	19895	21.800776	11.828579	-7.3129725	-0.27928996
TCGCGTTCACCCATGG	0	RoundSpermatid	1	RoundSpermatid	61139	9.584813	3.7932324	5.284008	3.7604148
ACACTGACACATCCAA	5	RoundSpermatid	7	RoundSpermatid	124193	17.354153	15.694276	-8.504644	-7.3581476
CGTCAGGGTAAGTAGT	5	RoundSpermatid	7	RoundSpermatid	56780	17.125221	14.915049	-7.982634	-7.5676064
CTCGGAGGTTCACGGC	7	Elongating	8	Elongating	14447	20.446104	7.994547	-5.9017696	3.0705626
ACGGGCTAGCCCTAAT	5	RoundSpermatid	7	RoundSpermatid	31884	17.759497	15.905692	-8.565312	-7.1569858
TGTGTTTCAATGGAAT	5	RoundSpermatid	7	RoundSpermatid	28466	17.80442	16.286825	-9.323846	-7.0893083
GAATGAAAGCTTATCG	6	RoundSpermatid	6	RoundSpermatid	33985	15.3266115	11.043561	-2.1559594	-6.5169783
TGTGGTACATATGAGA	6	RoundSpermatid	6	RoundSpermatid	26038	16.701973	11.3736515	-3.8400004	-8.016528
TGGCTGGGTATGCTTG	6	RoundSpermatid	6	RoundSpermatid	21623	15.579646	11.585781	-2.1551375	-6.794833
CAGGTGCGTGCAGTAG	0	RoundSpermatid	0	RoundSpermatid	17465	11.517748	2.1761925	7.6824107	5.068295
CACAGTAAGTGTCCAT	5	RoundSpermatid	7	RoundSpermatid	53978	19.706123	16.784618	-10.378041	-5.508163
CAGCATATCGACCAGC	5	RoundSpermatid	7	RoundSpermatid	35702	18.500805	16.65953	-9.8666525	-6.700936
CAGCATACATCACCCT	5	RoundSpermatid	7	RoundSpermatid	55183	17.542606	15.277301	-8.123539	-7.1879973
AACTCAGCAGTAACGG	5	RoundSpermatid	7	RoundSpermatid	21493	18.17603	15.559035	-8.959517	-6.283631
TCTTCGGAGTTCGCAT	8	Spermatocyte	9	Spermatocyte	43318	24.197351	-2.9663563	9.892552	0.0299215
GGTATTGTCCTTTCTC	1	RoundSpermatid	2	RoundSpermatid	49572	9.46148	0.60148495	9.563817	4.9538245
TCACAAGAGTGTCTCA	9	Spermatocyte	10	Spermatocyte	25353	16.76769	-2.9717302	15.155571	2.2261586
ATTTCTGAGATCTGCT	0	RoundSpermatid	1	RoundSpermatid	28391	11.038761	3.456523	4.897394	4.0601406
CTACACCCATCCGTGG	0	RoundSpermatid	0	RoundSpermatid	53025	9.615831	2.8704534	7.077664	4.3084993
ATGGGAGAGTGTGAAT	0	RoundSpermatid	1	RoundSpermatid	31381	11.574958	4.4669156	3.7826996	3.190776
CAGAATCGTCCCTTGT	0	RoundSpermatid	1	RoundSpermatid	102870	10.084597	4.331207	4.77034	3.4539526
CCTATTATCACCACCT	2	RoundSpermatid	1	RoundSpermatid	24431	10.682331	5.3722014	4.1886144	3.221674
TTGAACGCATGCGCAC	1	RoundSpermatid	2	RoundSpermatid	30731	11.855247	-0.91871524	11.815132	5.776123
CATGCCTCACAGGCCT	0	RoundSpermatid	11	Elongating	33403	11.190426	3.241408	-4.078709	5.5918636
ATCACGACAAGCTGTT	0	RoundSpermatid	1	RoundSpermatid	31185	10.964944	3.790127	4.7929997	4.2860475
TGTGGTAGTGGCAAAC	9	Spermatocyte	10	Spermatocyte	17926	16.654058	-2.9056203	14.855162	3.1714425
AGGCCGTTCCCTGACT	1	RoundSpermatid	2	RoundSpermatid	60847	10.2724695	-0.9936261	10.963811	5.751306
CACACAACATGAACCT	1	RoundSpermatid	2	RoundSpermatid	29386	13.798798	-1.5170685	13.621897	4.224525
GCACTCTAGAGCTTCT	9	Spermatocyte	10	Spermatocyte	24895	16.661272	-3.18779	14.470785	2.379384
TTTCCTCAGCCCAACC	1	RoundSpermatid	2	RoundSpermatid	34687	13.026912	-1.1456919	13.52916	4.4544315
GACGCGTTCGAATCCA	10	Spermatocyte	9	Spermatocyte	32837	33.51478	-4.7283125	9.692485	1.7130139
TTCTCAAGTAGCAAAT	0	RoundSpermatid	0	RoundSpermatid	26590	10.029328	1.7778765	7.468269	4.4002113
GCACATACACATAACC	1	RoundSpermatid	2	RoundSpermatid	28012	11.743908	-0.8840425	11.665405	6.0044994
TTAACTCTCAAAGACA	9	Spermatocyte	10	Spermatocyte	18822	16.984816	-3.0316281	14.987663	2.2012808
TAGGCATAGGGTGTTG	0	RoundSpermatid	1	RoundSpermatid	25120	11.387584	3.9294596	3.9288056	4.140335
CCCAGTTTCTAGCACA	9	Spermatocyte	10	Spermatocyte	67475	16.666458	-2.7057312	15.654595	2.053851
TCGCGAGGTCTAGCCG	1	RoundSpermatid	2	RoundSpermatid	22342	12.076221	-0.89456546	11.852937	5.6453853
GTCGGGTGTTACCAGT	1	RoundSpermatid	0	RoundSpermatid	18105	10.094574	0.8268078	7.817247	5.2668743
GAACGGATCTTGAGGT	7	Elongating	8	Elongating	13175	20.99584	8.740398	-5.5530205	2.4741766
GCGCGATAGTTCGATC	1	RoundSpermatid	2	RoundSpermatid	30214	12.645515	-0.98851925	12.680653	5.3235674
CAGCATATCAATCACG	1	RoundSpermatid	0	RoundSpermatid	27684	9.874259	0.6224689	8.576262	4.8206134
CACAGTAGTCCCGACA	1	RoundSpermatid	2	RoundSpermatid	27997	11.494272	-0.81893194	11.050466	5.2294335
AAGACCTGTAGAAGGA	1	RoundSpermatid	2	RoundSpermatid	27593	10.500433	-0.15742992	9.2629595	5.838662
CGTCACTTCGCAGGCT	9	Spermatocyte	10	Spermatocyte	25393	17.392143	-3.0351317	14.844582	2.134742
CATCCACTCCGCTGTT	9	Spermatocyte	10	Spermatocyte	20409	17.215109	-3.0420046	15.335959	1.6845676
GCATGTAAGTGAATTG	1	RoundSpermatid	2	RoundSpermatid	14299	9.758651	-0.637857	10.0347	5.255845
GGGAATGCAAGCTGGA	1	RoundSpermatid	2	RoundSpermatid	10895	11.715313	-1.2208804	11.09821	4.611858
AACACGTAGGATTCGG	1	RoundSpermatid	2	RoundSpermatid	30005	11.707622	-0.66767144	11.925185	5.204611
GCATGATCACCAGCAC	1	RoundSpermatid	2	RoundSpermatid	141074	9.486949	-0.08368528	9.659208	5.0932055
ACCTTTATCGGCGCAT	1	RoundSpermatid	2	RoundSpermatid	26247	13.663322	-1.3404325	13.154112	4.665949
CTTACCGAGACCCACC	2	RoundSpermatid	3	RoundSpermatid	32332	10.446408	7.127462	0.4127149	1.489472
GAACGGAAGTGTTAGA	1	RoundSpermatid	2	RoundSpermatid	25243	11.6619835	-1.1823272	11.419653	5.4704313
TGCCCTATCTTCGAGA	9	Spermatocyte	10	Spermatocyte	18854	17.464434	-2.9696114	15.343924	1.1004357
AAAGATGTCAGGCGAA	1	RoundSpermatid	2	RoundSpermatid	117210	12.646061	-1.1679995	12.834157	4.855041
CAACCTCGTCTAAAGA	1	RoundSpermatid	2	RoundSpermatid	26329	10.180162	-0.5991583	10.361414	5.6353965
CTGAAACGTGAGGCTA	0	RoundSpermatid	0	RoundSpermatid	32726	10.759983	1.3788419	8.013617	4.850126
ACGAGGACAGCTTCGG	1	RoundSpermatid	2	RoundSpermatid	21481	12.605303	-1.2441595	12.091732	5.0745683
GTCACAACAAGCCGCT	3	RoundSpermatid	4	RoundSpermatid	31875	12.377217	9.074549	-0.47683278	-1.1668041
CTTGGCTTCTTATCTG	9	Spermatocyte	10	Spermatocyte	43496	16.094341	-2.4868338	14.908522	3.1297145
CTCACACGTACAGTGG	2	RoundSpermatid	1	RoundSpermatid	26478	11.759845	5.0622926	3.0346746	3.4950907
CTTAGGATCGCCATAA	0	RoundSpermatid	0	RoundSpermatid	28070	10.453616	2.0979824	7.417508	5.3222528
ACTGATGTCAAACCAC	0	RoundSpermatid	1	RoundSpermatid	27897	10.948407	4.5047536	3.070751	2.8967137
CGAACATTCCCTTGCA	9	Spermatocyte	10	Spermatocyte	24076	16.302607	-3.148845	15.108681	1.9640117
GTCTTCGGTGGGTCAA	9	Spermatocyte	2	RoundSpermatid	19753	15.440736	-2.492693	14.20308	3.9713638
CTCGTCATCATGCATG	10	Spermatocyte	9	Spermatocyte	43901	33.415874	-5.4887238	10.072893	1.5767285
CCTTTCTAGTTTAGGA	6	RoundSpermatid	6	RoundSpermatid	26161	14.810274	11.353043	-2.3162405	-6.282005
ACGGAGATCGCGCCAA	9	Spermatocyte	10	Spermatocyte	16554	17.32473	-3.2146049	14.97644	1.3676009
CCATGTCGTACAGTTC	10	Spermatocyte	9	Spermatocyte	27516	33.367607	-5.3682213	10.617871	1.3353626
CCTTACGCAGACGCTC	9	Spermatocyte	10	Spermatocyte	23742	15.995848	-2.6624439	15.08171	2.882019
GGAACTTAGTCTCAAC	1	RoundSpermatid	2	RoundSpermatid	24423	12.71494	-0.8754754	11.97242	4.633686
GCTTGAAGTACGAAAT	1	RoundSpermatid	2	RoundSpermatid	48006	11.21015	-1.1273932	11.262299	5.728095
CGGAGCTAGACAGAGA	1	RoundSpermatid	2	RoundSpermatid	15648	13.489511	-1.0868565	12.554557	5.08798
TTCTCAAAGCTTATCG	6	RoundSpermatid	6	RoundSpermatid	31321	15.740235	12.486347	-3.1522477	-7.127005
TACACGAGTTCCGGCA	1	RoundSpermatid	2	RoundSpermatid	24768	13.4024315	-1.3891642	12.295327	4.811166
GGCGTGTCAAGCTGTT	1	RoundSpermatid	2	RoundSpermatid	20732	13.732284	-1.0599327	13.732413	4.0538387
CAAGATCAGCCAGTAG	0	RoundSpermatid	0	RoundSpermatid	31667	10.989427	2.0162983	6.4588504	5.521036
GAACATCAGAAACCGC	0	RoundSpermatid	0	RoundSpermatid	26829	9.813646	3.3855548	5.917742	4.044177
GCGGGTTAGAGGGCTT	1	RoundSpermatid	2	RoundSpermatid	33784	11.429708	-0.8672364	11.490854	5.4401083
GTAGTCAAGTAAGTAC	0	RoundSpermatid	1	RoundSpermatid	29606	11.41257	4.4882684	3.5445838	3.1721509
GACGTTAAGGGAAACA	1	RoundSpermatid	2	RoundSpermatid	41231	10.813017	-1.0770785	11.000813	5.432895
TAGGCATAGTACACCT	6	RoundSpermatid	6	RoundSpermatid	18704	16.232304	13.217514	-4.2927346	-7.2714815
TGCGCAGTCATGTCTT	8	Spermatocyte	9	Spermatocyte	62767	24.53653	-3.2727177	9.741048	-0.2790023
GCATGATGTGTTGAGG	8	Spermatocyte	9	Spermatocyte	46832	22.929665	-3.5467677	11.206549	-0.41198993
CTTTGCGGTTGCGTTA	8	Spermatocyte	9	Spermatocyte	50809	23.307495	-3.1449146	10.366543	-0.6533261
ACTTACTAGCTCCCAG	10	Spermatocyte	9	Spermatocyte	36504	33.01792	-5.208681	9.741557	1.223402
CGCTGGAAGACAGACC	8	Spermatocyte	9	Spermatocyte	47120	25.091341	-3.4600928	10.159491	0.64991844
AACCATGGTCGACTAT	8	Spermatocyte	12	Spermatocyte	99436	22.779444	-5.135971	12.430582	-0.1385022
CGTTGGGAGACGCACA	8	Spermatocyte	9	Spermatocyte	12233	23.575953	-5.1983056	11.489539	0.49132046
AGCTCTCAGCAGGTCA	8	Spermatocyte	9	Spermatocyte	42587	23.837269	-3.1387484	10.4006195	-0.14342786
TCCCGATTCTCGCTTG	8	Spermatocyte	12	Spermatocyte	113188	23.309296	-5.843394	12.520881	-0.948113
ACACCCTAGAGCTGGT	11	Spermatocyte	12	Spermatocyte	49622	20.57585	-4.876683	13.580684	-1.1963137
GACACGCAGATATGCA	8	Spermatocyte	12	Spermatocyte	73821	22.926785	-5.277657	12.428275	-0.5798419
TCTATTGAGATGGCGT	8	Spermatocyte	12	Spermatocyte	69193	22.520569	-4.7724533	12.502861	0.26516262
GGGCACTCACTTAAGC	11	Spermatocyte	12	Spermatocyte	50725	19.699911	-5.139674	14.637892	-1.0198952
TTTGCGCCACCGATAT	8	Spermatocyte	9	Spermatocyte	58219	23.404806	-4.426911	11.365365	0.19727628
AGTTGGTAGACGACGT	2	RoundSpermatid	1	RoundSpermatid	57508	11.0149145	6.122039	2.0498466	2.409705
CGACCTTTCTTAGCCC	8	Spermatocyte	12	Spermatocyte	172375	23.674992	-5.5568905	12.626369	-1.2163835
CGGTTAATCAACACCA	8	Spermatocyte	9	Spermatocyte	81964	22.934265	-3.9769912	11.468482	-0.3676691
GACAGAGTCATCACCC	9	Spermatocyte	10	Spermatocyte	31589	17.813446	-3.5725076	15.4304	1.0611324
CCACCTAGTTACTGAC	8	Spermatocyte	12	Spermatocyte	204320	23.636496	-5.279101	12.264927	-0.5759756
CTTGGCTTCATCTGTT	2	RoundSpermatid	1	RoundSpermatid	21742	10.69417	6.60258	2.520044	2.380641
GGGCACTTCGAACTGT	11	Spermatocyte	12	Spermatocyte	63812	20.383434	-5.041599	13.711255	-1.1016079
GAGGTGAGTTCGCTAA	10	Spermatocyte	9	Spermatocyte	25918	33.987923	-4.817225	10.353688	2.1082332
ACTATCTGTTAGGGTG	11	Spermatocyte	12	Spermatocyte	50139	20.856438	-4.6057234	13.59245	-0.96497095
CCTATTAGTACGCACC	11	Spermatocyte	12	Spermatocyte	24334	21.930845	-4.0811615	12.471148	0.09915715
AGCTTGATCAGATAAG	11	Spermatocyte	12	Spermatocyte	36510	20.75939	-4.924379	13.758347	-1.025103
AAGTCTGAGCAGCGTA	11	Spermatocyte	12	Spermatocyte	13169	21.827082	-3.57725	12.089047	0.15854847
TGCGGGTAGGAGTACC	8	Spermatocyte	12	Spermatocyte	83384	22.502821	-4.7082715	12.50775	0.37572402
GTGTGCGTCCCAAGTA	8	Spermatocyte	12	Spermatocyte	105682	23.220558	-5.9464087	12.424975	-0.7435301
TAGAGCTTCCGATATG	0	RoundSpermatid	0	RoundSpermatid	23396	10.924596	1.9183629	7.2408314	5.5805817
GGCCGATTCCGCATCT	11	Spermatocyte	10	Spermatocyte	25181	19.51537	-4.176052	14.882164	-0.6106641
CCGTTCAGTCTAGCCG	8	Spermatocyte	9	Spermatocyte	48218	24.160511	-3.2761512	9.851291	-0.13191171
GCGCGATCAATTCCTT	8	Spermatocyte	9	Spermatocyte	59861	23.423084	-3.8471382	10.964916	-0.30609202
CCTACACTCCGCGCAA	8	Spermatocyte	12	Spermatocyte	116237	23.833403	-5.5711393	12.5394125	-1.1919035
TCGTACCTCTACGAGT	11	Spermatocyte	12	Spermatocyte	50080	20.929289	-4.548998	13.837666	-0.7418455
CTACACCAGGGCATGT	8	Spermatocyte	9	Spermatocyte	61902	23.910267	-5.129201	11.617988	0.55864733
CCACGGATCAACGGCC	8	Spermatocyte	12	Spermatocyte	85818	23.218897	-5.0110445	12.418068	-0.20901696
TTGAACGGTGATGCCC	8	Spermatocyte	9	Spermatocyte	192265	22.718065	-4.130768	11.71273	-0.07483227
TACACGATCGTCCAGG	8	Spermatocyte	9	Spermatocyte	49980	23.212097	-3.2213721	10.573453	-0.49078405
TCACAAGGTCAAGCGA	9	Spermatocyte	10	Spermatocyte	18498	16.10193	-3.2833884	15.629476	2.0834455
CCCAATCGTCGAATCT	11	Spermatocyte	12	Spermatocyte	51594	20.724026	-4.67093	13.813994	-1.0726037
GCTGGGTAGCGTTCCG	9	Spermatocyte	10	Spermatocyte	28835	16.89893	-3.327743	15.426929	2.229358
TTCTCAAGTGTAAGTA	11	Spermatocyte	12	Spermatocyte	49329	20.524876	-5.1671267	13.833739	-0.7570383
CATGACAAGGTGTTAA	0	RoundSpermatid	1	RoundSpermatid	18353	10.967492	4.945432	3.276908	2.882748
GTTCGGGAGGCTAGGT	8	Spermatocyte	9	Spermatocyte	69260	22.296122	-3.9086468	11.798255	-0.13434605
AAACCTGAGAGGGCTT	11	Spermatocyte	10	Spermatocyte	24514	19.705503	-3.6076448	15.340071	0.79277325
ACTGATGAGATGCGAC	8	Spermatocyte	12	Spermatocyte	91354	22.624125	-5.018235	12.445954	-0.36096728
TTAACTCGTCATATCG	8	Spermatocyte	12	Spermatocyte	106577	23.206636	-5.114177	12.262578	-0.2809898
CTCGGGATCAAGGCTT	2	RoundSpermatid	1	RoundSpermatid	17316	11.62953	5.029984	1.4487991	2.9264
TCAATCTGTACTTCTT	8	Spermatocyte	12	Spermatocyte	120940	23.771866	-5.5157213	12.586828	-1.2644577
TACTTACCATATACGC	9	Spermatocyte	10	Spermatocyte	76834	18.177664	-3.8219035	15.416292	-0.38042957
ACGCAGCAGTTGCAGG	1	RoundSpermatid	2	RoundSpermatid	19723	9.81647	0.4439645	9.339887	4.8827076
AACGTTGGTCGCTTCT	3	RoundSpermatid	3	RoundSpermatid	28903	11.899742	7.5028577	-0.10665191	1.7379724
TCTTCGGTCCAAATGC	5	RoundSpermatid	7	RoundSpermatid	145112	17.136871	15.321203	-7.8994584	-7.3822474
GTATCTTTCAGTTTGG	6	RoundSpermatid	4	RoundSpermatid	21222	14.295754	10.271775	-0.67388	-4.3234487
AACCGCGAGCTACCGC	1	RoundSpermatid	2	RoundSpermatid	26570	12.114091	-0.66753966	11.775205	5.8196435
TAAGAGACATCACGAT	6	RoundSpermatid	6	RoundSpermatid	53770	15.124028	11.135933	-2.0056884	-6.444572
GTATCTTGTGAAATCA	1	RoundSpermatid	2	RoundSpermatid	26951	10.008225	-0.5352212	10.190637	5.7369084
ATGAGGGGTAGCTCCG	2	RoundSpermatid	3	RoundSpermatid	26916	10.69271	6.9834914	0.57021123	1.9729458
CTTACCGAGACAAGCC	8	Spermatocyte	12	Spermatocyte	102840	23.105484	-5.460516	12.052406	0.04315922
CCGTGGAAGATTACCC	11	Spermatocyte	12	Spermatocyte	58246	20.871922	-4.2703457	13.619669	-0.17840478
GATCAGTGTCTACCTC	11	Spermatocyte	10	Spermatocyte	25825	19.205626	-3.6637516	14.756405	0.41957855
CCGTGGACACTCGACG	0	RoundSpermatid	1	RoundSpermatid	27084	11.568677	4.2110753	3.697524	3.701605
AGTTGGTAGCTGGAAC	8	Spermatocyte	9	Spermatocyte	133888	23.102442	-3.8564565	11.458761	-0.26422706
ATAAGAGAGAACTGTA	11	Spermatocyte	12	Spermatocyte	43183	19.457548	-4.1559777	14.595056	-0.7045606
TCGGGACTCGGCCGAT	0	RoundSpermatid	0	RoundSpermatid	51524	9.522478	1.9288509	7.1590967	5.050679
CACCACTCAAGCTGAG	2	RoundSpermatid	1	RoundSpermatid	32365	11.958239	5.4649777	2.6670868	3.1500144
GGGTCTGCATCACAAC	3	RoundSpermatid	4	RoundSpermatid	11719	14.998165	9.11038	-1.165623	-3.6137402
CCTACCATCGTCCAGG	1	RoundSpermatid	2	RoundSpermatid	27500	9.541852	0.6091226	9.09265	5.1211343
AACGTTGTCTCTGCTG	0	RoundSpermatid	0	RoundSpermatid	21162	10.493423	3.1418939	5.9268904	4.029279
CGATGGCCAACTGCGC	2	RoundSpermatid	1	RoundSpermatid	26404	11.777557	5.5272503	2.4933093	2.6394439
ACGCCAGGTCCGAATT	9	Spermatocyte	10	Spermatocyte	26460	17.187376	-3.1501472	14.644638	1.3130317
CAGCCGACATATGCTG	1	RoundSpermatid	2	RoundSpermatid	33628	12.1711035	-0.70043564	12.107761	4.9383492
AAGACCTAGCAGACTG	10	Spermatocyte	13	Spermatogonia	13820	35.881615	-4.9581733	12.320839	3.4476857
GCTGCAGTCGTACGGC	11	Spermatocyte	12	Spermatocyte	51985	20.443327	-5.2187333	13.87692	-1.119979
ACGATACGTCACCTAA	9	Spermatocyte	10	Spermatocyte	32445	16.561983	-3.1296344	15.246753	2.3339953
CGAGCACAGGGATACC	11	Spermatocyte	12	Spermatocyte	132519	19.674395	-5.471866	14.511423	-0.9972698
TATGCCCTCAACACAC	0	RoundSpermatid	1	RoundSpermatid	39017	12.438058	4.3747454	2.4477236	2.5586822
CGAGAAGCACTCGACG	6	RoundSpermatid	6	RoundSpermatid	33491	16.307919	11.138444	-2.7831287	-7.0415745
TACTTGTCACCCTATC	9	Spermatocyte	10	Spermatocyte	22120	17.466875	-3.5831566	15.674263	0.7593768
GTATTCTAGGACATTA	0	RoundSpermatid	1	RoundSpermatid	24296	10.434498	3.7529678	4.596648	3.5763454
TCGAGGCAGATGTGTA	10	Spermatocyte	13	Spermatogonia	10561	35.913944	-5.1787806	12.432147	3.2097502
ACACCCTAGCTAGGCA	2	RoundSpermatid	1	RoundSpermatid	78187	10.004941	5.9197664	4.06636	3.036098
TCTGGAATCGCGTAGC	0	RoundSpermatid	1	RoundSpermatid	19317	11.153278	3.786656	3.582745	3.9374058
GAGGTGAAGGCTCAGA	6	RoundSpermatid	6	RoundSpermatid	80774	16.512487	13.232893	-4.986351	-7.4112344
GCTGCTTGTCTTGATG	11	Spermatocyte	12	Spermatocyte	54240	19.626144	-5.1248803	14.331655	-0.5290134
GACTGCGCATGCTAGT	1	RoundSpermatid	2	RoundSpermatid	33466	12.183221	-1.633207	12.503834	4.8436303
TGACGGCTCCGCATCT	11	Spermatocyte	10	Spermatocyte	30819	19.610836	-4.063249	15.294984	-0.39047918
TATCTCACAGCGATCC	4	Elongating	5	Elongating	19717	20.346392	14.432418	-9.465737	-2.6359148
ACATCAGTCCGGGTGT	8	Spermatocyte	12	Spermatocyte	85023	23.297392	-5.9409614	12.449985	-0.90817034
TCAGCTCGTTCGGCAC	0	RoundSpermatid	0	RoundSpermatid	28623	11.569714	3.4729636	5.4856772	4.412577
CGTCCATAGACAGACC	3	RoundSpermatid	3	RoundSpermatid	25231	11.55699	8.012546	0.05779489	2.2969167
GCACATACAGCGTAAG	1	RoundSpermatid	2	RoundSpermatid	19871	10.952486	-0.9006179	11.160243	4.9119377
CTGAAACTCACTTATC	9	Spermatocyte	10	Spermatocyte	24235	16.204214	-2.5573683	15.217015	2.3375466
GGACAAGTCTGCAAGT	0	RoundSpermatid	0	RoundSpermatid	24354	10.375374	2.5127997	7.0713396	4.831999
GACACGCTCCATTCTA	3	RoundSpermatid	4	RoundSpermatid	23392	13.79572	9.539415	-0.3228634	-3.0464468
TACCTATCAGCTGGCT	0	RoundSpermatid	0	RoundSpermatid	26521	10.761866	1.4959943	6.6693535	5.396147
AGGTCCGTCCTTTCGG	1	RoundSpermatid	2	RoundSpermatid	18775	10.773208	-0.5500683	10.999528	4.490599
TCGAGGCTCACTGGGC	0	RoundSpermatid	0	RoundSpermatid	21212	10.345924	2.0757353	7.947581	5.3429937
CGGACTGTCACCTCGT	0	RoundSpermatid	0	RoundSpermatid	29322	9.862346	1.9289076	6.2557077	4.7295337
GGGTCTGCAGTCAGAG	0	RoundSpermatid	1	RoundSpermatid	23255	10.68021	4.3141418	5.182309	3.699198
GTTCATTAGACTCGGA	3	RoundSpermatid	4	RoundSpermatid	27070	13.30075	8.672119	-0.35384578	-1.758213
GAGCAGAGTTACGACT	2	RoundSpermatid	1	RoundSpermatid	52222	10.92916	6.4152484	1.7444715	2.4294837
AAGCCGCTCACCGTAA	0	RoundSpermatid	0	RoundSpermatid	28355	10.872517	2.4464507	6.280114	5.123006
AGATTGCAGCGAAGGG	2	RoundSpermatid	1	RoundSpermatid	21359	11.737165	5.0376062	1.5270574	2.8643885
TCTGAGATCCACGTTC	3	RoundSpermatid	4	RoundSpermatid	23693	15.405823	9.715852	-1.4347779	-4.773479
ACGAGGATCGTCGTTC	5	RoundSpermatid	7	RoundSpermatid	31497	18.62683	16.187994	-9.706043	-6.3738785
CACAGGCGTCCAGTAT	0	RoundSpermatid	1	RoundSpermatid	31449	10.570511	3.4695554	5.0344863	3.9905086
ACGATACCAATCGAAA	6	RoundSpermatid	6	RoundSpermatid	29339	16.93341	13.248423	-5.0932355	-7.577349
CTACATTTCCCAGGTG	2	RoundSpermatid	1	RoundSpermatid	14279	12.363117	5.799305	2.1567433	3.0916898
TGCTGCTAGCCACGTC	2	RoundSpermatid	1	RoundSpermatid	11863	10.32189	6.6285477	3.9737735	4.218002
ATCTGCCCACCATGTA	1	RoundSpermatid	2	RoundSpermatid	31892	9.795934	-0.38055947	10.103259	5.510291
TACGGGCGTCTTGATG	0	RoundSpermatid	0	RoundSpermatid	17845	9.5409355	1.4739455	8.845414	4.596118
AGTGAGGCAACGCACC	0	RoundSpermatid	0	RoundSpermatid	30159	11.1838	1.6033521	7.4817195	5.365088
AGCATACAGCTGAAAT	0	RoundSpermatid	1	RoundSpermatid	71912	12.323338	3.9580798	3.5994475	2.9374936
AAAGATGCAGACGCTC	1	RoundSpermatid	0	RoundSpermatid	20398	9.68042	1.1231343	8.434629	4.693969
GCATGCGCACCACCAG	3	RoundSpermatid	3	RoundSpermatid	19402	11.77882	8.385075	-0.83052003	1.1260931
CTGTGCTTCTCTAAGG	3	RoundSpermatid	4	RoundSpermatid	21856	14.209289	9.806232	-0.58759123	-4.037177
AGTCTTTCATAGAAAC	3	RoundSpermatid	3	RoundSpermatid	17039	12.311596	7.877874	-0.49995533	1.8514662
GTACGTAGTACCGTTA	0	RoundSpermatid	1	RoundSpermatid	30283	10.870547	3.7174313	4.9477663	4.4152393
AACTCCCCATCACGAT	0	RoundSpermatid	0	RoundSpermatid	20820	10.09537	2.9009554	6.676845	5.1200986
TATTACCCAGGGATTG	2	RoundSpermatid	1	RoundSpermatid	86292	10.412959	5.6811147	2.9525096	2.8492312
GCTGCGACATATGCTG	9	Spermatocyte	10	Spermatocyte	27093	16.044746	-2.9024086	15.374915	2.4843779
GGGATGAGTTAGAACA	0	RoundSpermatid	1	RoundSpermatid	46475	10.635611	4.2665815	4.287118	3.7688322
CCTTCGAGTTCACCTC	3	RoundSpermatid	3	RoundSpermatid	33089	11.43265	7.9405746	-0.20531178	1.0471476
TCTGAGACAGGGTTAG	6	RoundSpermatid	4	RoundSpermatid	23190	15.087295	10.3080635	-1.2457061	-4.864028
CCACGGAGTAGCTCCG	10	Spermatocyte	0	RoundSpermatid	24642	11.4449415	1.9858333	8.427466	4.255651
GTGCATATCTTTACAC	2	RoundSpermatid	3	RoundSpermatid	29840	11.570516	7.060201	0.98898387	1.954146
ACCTTTATCTGTCAAG	0	RoundSpermatid	0	RoundSpermatid	50616	9.200829	2.0209525	7.5225053	5.0205646
CACAGTACAAACTGTC	0	RoundSpermatid	0	RoundSpermatid	48495	9.480854	2.3621254	6.967496	4.931435
GTATCTTAGACGCACA	0	RoundSpermatid	0	RoundSpermatid	54837	9.234536	2.4123743	7.3847117	4.873567
CCTCTGACAAGTCTGT	1	RoundSpermatid	2	RoundSpermatid	42168	11.526003	-1.3540379	11.345257	5.6404467
TGACGGCTCCCTAACC	0	RoundSpermatid	0	RoundSpermatid	33179	10.37839	3.1342785	5.7500186	4.553397
TCATTACCAGCAGTTT	0	RoundSpermatid	0	RoundSpermatid	10231	12.00525	2.7715948	5.314622	5.099696
ATCATCTGTTACCGAT	2	RoundSpermatid	1	RoundSpermatid	30277	11.594352	5.762567	2.5598407	3.340174
TACCTTAAGATCTGCT	7	Elongating	8	Elongating	29226	21.571688	10.337376	-6.314603	0.7701355
GTTTCTAAGGTGTGGT	2	RoundSpermatid	1	RoundSpermatid	23906	12.402573	5.501119	2.771794	3.0523233
AGAGCTTTCTTGTTTG	1	RoundSpermatid	0	RoundSpermatid	41015	9.368404	0.42130384	8.647044	4.843316
GTCAAGTGTTTACTCT	0	RoundSpermatid	0	RoundSpermatid	22291	10.11628	2.4491358	6.5514655	5.1880713
GGGATGAGTCATACTG	0	RoundSpermatid	0	RoundSpermatid	24674	11.261765	1.7865244	7.245514	4.316864
GATGAAACATCACAAC	3	RoundSpermatid	3	RoundSpermatid	23402	10.979242	7.7611504	1.0182216	1.7176706
CATCGGGTCAGTTAGC	0	RoundSpermatid	1	RoundSpermatid	25527	10.032673	3.6324587	5.383331	4.424739
TACACGATCCGTACAA	2	RoundSpermatid	1	RoundSpermatid	21381	10.794786	6.0033693	1.9896008	2.5560338
TCAGATGTCACGACTA	2	RoundSpermatid	1	RoundSpermatid	26701	11.431065	6.2590876	1.396646	2.499292
TAGGCATGTTACGACT	0	RoundSpermatid	0	RoundSpermatid	19385	10.773334	2.1978161	6.445537	4.3605113
CAGCTAACATCAGTAC	0	RoundSpermatid	0	RoundSpermatid	9376	12.197454	2.4664474	6.8373103	5.776934
GAACGGACAGGCTGAA	0	RoundSpermatid	1	RoundSpermatid	25117	11.0722275	3.210876	4.829324	3.9790387
CGACCTTTCAACGAAA	2	RoundSpermatid	1	RoundSpermatid	26702	11.972864	6.210731	1.86973	2.8049562
AGTGTCAGTTCCTCCA	0	RoundSpermatid	0	RoundSpermatid	26018	10.312974	3.4435515	6.1597238	4.5769863
CATCGAATCACGGTTA	0	RoundSpermatid	0	RoundSpermatid	26518	10.379506	2.1374693	6.8618307	5.364017
GCAGCCAAGTAGGCCA	1	RoundSpermatid	2	RoundSpermatid	24309	9.897405	-0.44716334	9.650779	5.6550064
GGATTACCACGGTAAG	0	RoundSpermatid	1	RoundSpermatid	24999	11.567865	3.982264	1.5767596	3.8871937
AAGGTTCAGAGTGACC	0	RoundSpermatid	0	RoundSpermatid	31975	10.653412	2.3045988	6.042002	4.960596
GATCGTACAGATGAGC	2	RoundSpermatid	1	RoundSpermatid	26482	11.6807785	6.458124	1.3580173	2.2661057
AGCCTAAGTGCAACTT	0	RoundSpermatid	1	RoundSpermatid	63174	10.381854	3.7963283	5.002007	3.9177847
CGTTGGGGTCTTTCAT	0	RoundSpermatid	2	RoundSpermatid	17245	9.797197	1.1882188	9.404849	4.450932
GGACAGACATCACCCT	10	Spermatocyte	0	RoundSpermatid	14487	11.600394	1.453789	7.0264516	4.064223
GGGACCTCAGACACTT	0	RoundSpermatid	1	RoundSpermatid	19029	11.371737	4.8034697	4.4372387	3.5005424
GTTTCTATCGCAAGCC	2	RoundSpermatid	1	RoundSpermatid	30953	11.418534	6.937998	1.015927	2.0185595
CATCAGAAGTGTTTGC	12	Elongating	14	Elongating	10368	25.853983	2.0600643	-7.0003276	24.302246
CGTCAGGAGATGCGAC	0	RoundSpermatid	1	RoundSpermatid	20555	11.4164	4.286127	3.5516255	3.170148
AAACCTGTCTGCTTGC	2	RoundSpermatid	1	RoundSpermatid	55756	10.796496	5.9885755	1.9950224	2.449809
CAAGATCGTAGGGACT	6	RoundSpermatid	4	RoundSpermatid	83174	14.77618	11.012231	-1.3510237	-5.441654
ACTTACTTCATGCTCC	0	RoundSpermatid	0	RoundSpermatid	24020	10.14333	4.149369	5.5869317	4.249999
CAGCCGAAGGGTATCG	0	RoundSpermatid	1	RoundSpermatid	53390	10.268465	4.0132627	3.9022248	3.342752
CAGCATAAGGACACCA	3	RoundSpermatid	3	RoundSpermatid	31422	11.680044	8.469185	-0.3556886	0.7026395
TGAGGGAAGTGAACAT	3	RoundSpermatid	4	RoundSpermatid	27335	12.697228	9.286022	-0.53515166	-1.3028077
GTTCTCGAGTGAATTG	1	RoundSpermatid	2	RoundSpermatid	19679	11.83357	-0.99233043	11.248357	5.0818005
ATAACGCTCGTGGGAA	1	RoundSpermatid	2	RoundSpermatid	20764	12.736335	-0.9762669	12.629305	5.325593
ATCATCTTCGCTGATA	2	RoundSpermatid	3	RoundSpermatid	56766	11.109497	7.2316318	0.07243625	1.7992343
AGTGAGGCACCAGGTC	0	RoundSpermatid	1	RoundSpermatid	48211	10.428121	4.4717593	3.7220864	3.1530063
GTAACTGTCTTCCTTC	1	RoundSpermatid	2	RoundSpermatid	27091	9.469846	0.2772075	9.788019	5.5803013
GGTGAAGTCGCCATAA	0	RoundSpermatid	1	RoundSpermatid	24158	11.301218	4.458921	3.3869407	3.6215644
GGTATTGCAAGGTTTC	1	RoundSpermatid	2	RoundSpermatid	27654	9.766588	0.17284207	9.069886	4.9218783
TTTATGCCAACACGCC	0	RoundSpermatid	1	RoundSpermatid	28059	10.640254	4.0319138	4.706292	3.7719977
ACGATACGTCTAAACC	1	RoundSpermatid	2	RoundSpermatid	26241	10.167557	0.6195794	9.270848	4.932132
AAGCCGCCAAGAGGCT	1	RoundSpermatid	2	RoundSpermatid	44820	11.7209015	-1.3288327	11.809652	5.240062
TACGGATTCCACTGGG	2	RoundSpermatid	1	RoundSpermatid	161790	10.72841	6.56325	1.5980775	2.1915247
CCTACCAAGTCGTACT	0	RoundSpermatid	1	RoundSpermatid	27970	11.272402	3.6679623	5.3548684	3.9373085
ATCGAGTCAAGTAATG	3	RoundSpermatid	3	RoundSpermatid	28506	12.122204	7.4050508	-0.1428968	1.518209
TGACGGCGTGGTGTAG	3	RoundSpermatid	3	RoundSpermatid	20115	12.255272	8.453475	-0.4420727	0.10628297
GATTCAGCACCAGATT	6	RoundSpermatid	6	RoundSpermatid	27697	15.434501	11.567167	-2.2683647	-6.7055264
CGAGCACTCGCTGATA	0	RoundSpermatid	0	RoundSpermatid	20489	10.818586	2.368918	7.137965	5.1226
AGAATAGGTTCCCGAG	3	RoundSpermatid	1	RoundSpermatid	19013	11.8025	6.979943	1.2254001	2.1534853
GGTGAAGCACCGATAT	0	RoundSpermatid	1	RoundSpermatid	13096	12.069595	2.8228018	1.5155479	3.854029
AGTCTTTTCAACGAAA	1	RoundSpermatid	2	RoundSpermatid	47207	10.500646	0.543956	8.95994	5.645656
CATATTCAGAGACTAT	3	RoundSpermatid	1	RoundSpermatid	8816	13.573304	7.5750117	0.71105486	2.3243341
CGAACATGTAGTAGTA	2	RoundSpermatid	1	RoundSpermatid	75591	10.810336	6.3512444	1.8080219	2.427931
TTCGAAGCAATGTAAG	6	RoundSpermatid	6	RoundSpermatid	18725	16.280174	13.402111	-5.543727	-7.3077793
ATTACTCGTAACGCGA	0	RoundSpermatid	0	RoundSpermatid	24831	10.675591	2.5262213	6.794282	5.41063
TGGCTGGGTTCTGGTA	2	RoundSpermatid	1	RoundSpermatid	47107	10.55732	6.0488815	2.7608933	3.006193
CAACCAAGTAGGAGTC	0	RoundSpermatid	0	RoundSpermatid	19425	10.130763	2.2247844	7.804422	4.9548044
CTCTAATCAAGGTTTC	3	RoundSpermatid	3	RoundSpermatid	30033	11.259349	7.6505103	-0.35244265	1.5455966
CACTCCAGTCGCATCG	3	RoundSpermatid	3	RoundSpermatid	28904	11.783623	7.664037	0.18772931	1.234304
CTAAGACAGTGGACGT	3	RoundSpermatid	4	RoundSpermatid	30503	12.841327	8.7912245	-0.44885164	-1.3301438
ACAGCTAAGGTGCTAG	6	RoundSpermatid	6	RoundSpermatid	36158	16.588728	11.496217	-3.5067933	-7.2884665
CCCAATCAGGTGATAT	6	RoundSpermatid	6	RoundSpermatid	22788	16.289038	13.165005	-4.3992257	-7.3556433
GGCCGATGTCAACATC	0	RoundSpermatid	1	RoundSpermatid	33807	11.493671	3.252866	1.4753076	3.9196477
CTGAAACCACTTCGAA	0	RoundSpermatid	0	RoundSpermatid	50192	9.58191	3.7136014	6.256485	4.135719
CCTACCAGTCTAACGT	6	RoundSpermatid	6	RoundSpermatid	22437	15.850214	12.983148	-3.8364384	-7.115156
GAAGCAGTCGTTGCCT	1	RoundSpermatid	0	RoundSpermatid	30716	10.298018	0.8964648	8.199782	5.440694
AAATGCCCATAAAGGT	0	RoundSpermatid	1	RoundSpermatid	31708	10.330818	3.5139008	5.2223144	4.7484546
CTCATTAAGAGCTGCA	0	RoundSpermatid	1	RoundSpermatid	26957	10.798487	3.3599885	5.2195697	3.621339
AACACGTAGTCATGCT	6	RoundSpermatid	6	RoundSpermatid	51961	16.163624	12.9154625	-3.9337213	-7.159849
ACTGCTCTCCAGAAGG	3	RoundSpermatid	4	RoundSpermatid	21629	13.869087	10.224166	-0.76980746	-3.6359408
CGTCACTTCTTAGAGC	3	RoundSpermatid	3	RoundSpermatid	32209	11.657797	7.8056626	-0.38238788	0.89060426
CCTTTCTTCCCAAGTA	3	RoundSpermatid	4	RoundSpermatid	31606	14.297004	9.728409	-0.83605814	-4.1951084
CTAGCCTTCAAGAAGT	9	Spermatocyte	10	Spermatocyte	24410	16.416739	-3.2305534	15.345375	2.670803
GCATACATCCTTTCTC	2	RoundSpermatid	2	RoundSpermatid	14498	10.178507	6.63141	10.52683	3.7732792
CCGTGGACACATCCAA	2	RoundSpermatid	1	RoundSpermatid	28742	11.563288	5.0344977	4.0811524	3.4970722
TAGTTGGTCAACACGT	0	RoundSpermatid	0	RoundSpermatid	44513	9.827306	1.9787582	7.173033	4.733915
CATGCCTCATAGGATA	6	RoundSpermatid	6	RoundSpermatid	26818	15.711158	11.12904	-2.188589	-6.830327
CTAGCCTGTATGAATG	0	RoundSpermatid	1	RoundSpermatid	29332	10.629219	3.000708	5.735658	4.770286
CCCAGTTAGTACGTTC	3	RoundSpermatid	4	RoundSpermatid	31019	14.108714	9.693806	-0.771452	-3.4403696
CGGACGTCAAACGCGA	6	RoundSpermatid	6	RoundSpermatid	26955	16.036497	11.177332	-2.2206042	-6.435806
CCCAGTTAGGGTCGAT	9	Spermatocyte	2	RoundSpermatid	28549	16.006182	-2.8830082	14.432986	3.6458468
TGAGGGAGTCTAAAGA	2	RoundSpermatid	1	RoundSpermatid	23406	11.63906	6.3274612	1.6344522	2.134572
CGTTAGACACATGTGT	3	RoundSpermatid	3	RoundSpermatid	24971	11.913327	9.331246	-0.7739908	0.24579383
CTCGTCAGTACCGGCT	5	RoundSpermatid	7	RoundSpermatid	29743	19.131273	16.81295	-10.436557	-6.7332344
GATGAGGAGTTGTCGT	12	Elongating	11	Elongating	10287	22.288364	3.6710422	-3.7099545	7.09314
CCATGTCGTAGTAGTA	6	RoundSpermatid	4	RoundSpermatid	26695	14.207606	10.127465	-0.8249873	-4.1791677
TGTGTTTTCTCGATGA	5	RoundSpermatid	7	RoundSpermatid	25886	16.93749	14.670254	-7.462607	-7.215013
TTGACTTAGTAGGTGC	6	RoundSpermatid	6	RoundSpermatid	16460	16.219065	11.961888	-2.475675	-6.686585
TACTCATAGCTAAGAT	6	RoundSpermatid	4	RoundSpermatid	39446	14.781907	11.192418	-1.4536374	-5.375202
GAACCTACAGTAGAGC	6	RoundSpermatid	4	RoundSpermatid	18647	15.7955475	10.63359	-1.2850177	-5.0306606
AGGGTGAAGGTACTCT	7	Elongating	8	Elongating	15995	21.34182	9.762196	-6.1318603	1.4957415
GACGTGCCATGGATGG	3	RoundSpermatid	4	RoundSpermatid	17605	13.720741	10.047261	-0.51234245	-3.3553436
GCTCCTATCTTCTGGC	5	RoundSpermatid	7	RoundSpermatid	68591	16.819225	14.091116	-6.9530888	-7.2373857
GCACATAGTCTTCGTC	6	RoundSpermatid	4	RoundSpermatid	24067	14.281156	10.84328	-0.85882634	-4.694438
TCATTTGCATCACCCT	6	RoundSpermatid	6	RoundSpermatid	89213	16.787466	12.654135	-4.7940283	-7.6393695
ACTATCTAGTGGGCTA	6	RoundSpermatid	6	RoundSpermatid	29835	15.683497	11.198281	-2.3459423	-6.4990044
GTTTCTATCAACTCTT	6	RoundSpermatid	4	RoundSpermatid	39235	14.329213	10.694963	-0.8261084	-4.6724887
TAGCCGGTCACATAGC	6	RoundSpermatid	6	RoundSpermatid	25840	16.692217	13.005472	-4.2341294	-7.5101886
CCTACACCACGGATAG	3	RoundSpermatid	3	RoundSpermatid	26810	11.868748	7.55788	-0.30340242	1.4125893
GACTACAAGAGGTTGC	6	RoundSpermatid	4	RoundSpermatid	22667	14.021177	9.939398	-0.70206064	-4.0763736
GCGGGTTTCCATGCTC	6	RoundSpermatid	6	RoundSpermatid	25645	15.97688	12.66845	-3.9696963	-7.4792647
CCCAGTTGTGACGCCT	6	RoundSpermatid	6	RoundSpermatid	28088	16.76114	12.260442	-4.6717334	-7.502008
CACTCCATCTTACCGC	6	RoundSpermatid	6	RoundSpermatid	28081	15.606629	11.699917	-2.3753464	-6.8719487
GGGCATCGTTACCAGT	6	RoundSpermatid	4	RoundSpermatid	22066	14.912985	11.115342	-1.6486338	-5.8204746
GATGCTAGTAAGTGTA	3	RoundSpermatid	3	RoundSpermatid	19137	11.652782	8.425445	-0.58175606	-0.013999033
TTTGGTTAGGATATAC	1	RoundSpermatid	2	RoundSpermatid	13440	11.964224	-1.5663264	11.058179	4.835934
GTCTTCGTCACCGTAA	6	RoundSpermatid	6	RoundSpermatid	30686	16.44454	11.586392	-3.1974142	-6.9053392
AGGTCATCATTCGACA	6	RoundSpermatid	6	RoundSpermatid	28928	15.336113	10.732306	-1.8817818	-5.932425
GGACAAGAGTGTTGAA	5	RoundSpermatid	7	RoundSpermatid	36472	17.614317	15.516801	-8.393904	-7.4610934
TGCCAAAAGACTACAA	6	RoundSpermatid	6	RoundSpermatid	31402	16.653656	12.600591	-4.314921	-7.412087
TAGGCATGTGCAGTAG	1	RoundSpermatid	2	RoundSpermatid	53493	9.806362	-0.19696528	9.695367	5.232792
AACGTTGAGGTAAACT	3	RoundSpermatid	4	RoundSpermatid	29980	13.835942	9.131778	-0.7550595	-2.9567683
AAGTCTGGTGACTACT	5	RoundSpermatid	7	RoundSpermatid	150651	19.764479	16.811672	-10.449344	-5.5709753
TGCTACCGTGCAACTT	5	RoundSpermatid	7	RoundSpermatid	15127	17.826214	14.970182	-8.314574	-6.6534805
GCTGCGACAGGCTGAA	5	RoundSpermatid	7	RoundSpermatid	31866	18.935715	16.472116	-9.907437	-6.331085
TAGACCAGTTGATTGC	5	RoundSpermatid	7	RoundSpermatid	13593	19.799051	16.933792	-10.003239	-5.400802
TTAGTTCGTGTTAAGA	5	RoundSpermatid	7	RoundSpermatid	16956	17.856417	16.73424	-9.400661	-7.4602714
TCATTTGAGATACACA	6	RoundSpermatid	6	RoundSpermatid	31064	16.526182	11.14089	-2.4769483	-6.5366063
GATTCAGGTGATGATA	6	RoundSpermatid	6	RoundSpermatid	32614	16.910124	12.974784	-5.0481973	-7.6480246
ACGAGGACACGACGAA	5	RoundSpermatid	7	RoundSpermatid	86345	18.797739	16.704174	-10.038346	-6.4367895
GCATGTACACGAAGCA	5	RoundSpermatid	7	RoundSpermatid	67732	19.117645	16.989456	-10.228744	-6.495793
CCTTCCCTCAGCGATT	5	RoundSpermatid	7	RoundSpermatid	24323	17.724197	16.31832	-9.504836	-7.055886
TCTCTAAGTTAAGATG	3	RoundSpermatid	4	RoundSpermatid	24921	13.439885	8.972343	-0.24636824	-2.4715767
TTCGGTCCACAGAGGT	5	RoundSpermatid	7	RoundSpermatid	9679	18.554575	17.322958	-10.211245	-7.2715383
GGGAATGCACCTATCC	6	RoundSpermatid	6	RoundSpermatid	9176	15.858853	12.659765	-4.0899577	-6.958569
ATCGAGTGTAGGGACT	5	RoundSpermatid	7	RoundSpermatid	11236	17.280272	15.757989	-9.054552	-7.3853645
GCTGCAGCACATAACC	6	RoundSpermatid	6	RoundSpermatid	24548	15.448557	12.005184	-2.1082668	-6.804483
CTGAAACTCTACTATC	4	Elongating	5	Elongating	35293	21.093435	14.750078	-8.918043	-2.3965762
TCCCGATTCAGCTCGG	7	Elongating	8	Elongating	11853	21.109167	9.890983	-6.3241253	1.1942612
TGAGCATCAGACAAGC	5	RoundSpermatid	7	RoundSpermatid	32883	18.209452	16.598179	-9.538811	-6.3313036
CCACTACCAATACGCT	4	Elongating	8	Elongating	21433	21.768614	11.960011	-7.2090564	-0.5145547
TTGAACGCAATGGAAT	4	Elongating	5	Elongating	8791	20.04618	14.310819	-9.622842	-2.6798859
GCCTCTATCCCAGGTG	6	RoundSpermatid	6	RoundSpermatid	59693	16.618265	12.762538	-5.443094	-7.4638324
GGGTCTGGTATTCTCT	5	RoundSpermatid	7	RoundSpermatid	24639	18.354658	17.09827	-9.987181	-7.05999
CTCATTAGTAAGGGAA	6	RoundSpermatid	6	RoundSpermatid	29318	16.50195	12.7957535	-3.6432564	-7.1740336
GGTGAAGCACTTGGAT	5	RoundSpermatid	7	RoundSpermatid	32891	17.647764	14.894233	-7.654844	-7.0858793
CTGAAACCACTCGACG	4	Elongating	8	Elongating	26251	20.93586	13.400686	-8.5337105	-1.4932252
CTGATCCTCCAACCAA	8	Spermatocyte	9	Spermatocyte	125424	23.362532	-4.0294433	11.113541	-0.045136906
AGCTCTCGTAAACGCG	5	RoundSpermatid	7	RoundSpermatid	10491	18.43337	17.18948	-10.2508955	-7.3282223
TGCTACCTCCGCGGTA	4	Elongating	5	Elongating	32997	20.855726	14.813076	-8.998812	-2.549271
CCTCAGTTCGGAAACG	11	Spermatocyte	10	Spermatocyte	26404	19.587046	-3.8142693	15.300536	-0.49163422
AGGGTGATCCGAACGC	6	RoundSpermatid	6	RoundSpermatid	9673	16.815903	13.412653	-5.159471	-7.749315
GATGCTATCCTCAACC	4	Elongating	5	Elongating	22494	19.689436	15.168516	-9.970101	-3.6077762
TGCGTGGTCGGTTAAC	5	RoundSpermatid	7	RoundSpermatid	27798	17.249807	14.559873	-7.318279	-7.191734
CGTTGGGGTAGCGCTC	3	RoundSpermatid	4	RoundSpermatid	35154	13.569102	9.275111	-0.6070264	-3.014796
AGGTCCGAGAGGACGG	3	RoundSpermatid	4	RoundSpermatid	31482	14.648227	8.968255	-1.1903692	-5.0250263
CCTACACGTTTGCATG	6	RoundSpermatid	6	RoundSpermatid	22901	15.007171	11.673657	-2.238614	-6.4603305
AAACCTGTCGCGGATC	5	RoundSpermatid	7	RoundSpermatid	10844	18.850918	17.420547	-10.000568	-7.368295
TTCTCCTTCTACCTGC	6	RoundSpermatid	6	RoundSpermatid	53657	16.835146	13.574732	-5.909613	-7.43878
TCGGTAAAGTGGAGAA	5	RoundSpermatid	7	RoundSpermatid	44873	18.55688	16.592867	-9.76122	-6.248676
TCTTTCCAGAAGGACA	5	RoundSpermatid	7	RoundSpermatid	26478	17.048302	15.216878	-8.182389	-7.4822927
GACGTGCGTGCTCTTC	7	Elongating	8	Elongating	12940	20.455927	8.025544	-5.6893373	2.6878972
CCCAGTTAGGCTATCT	5	RoundSpermatid	7	RoundSpermatid	12173	17.880589	15.028798	-8.073601	-6.791713
TACTTGTTCACATACG	5	RoundSpermatid	7	RoundSpermatid	11554	18.048548	16.445597	-9.645202	-6.7263584
CATCCACTCAAGAAGT	5	RoundSpermatid	7	RoundSpermatid	33065	19.573467	16.911156	-10.301005	-5.8048415
TGGGCGTTCCGTTGTC	5	RoundSpermatid	7	RoundSpermatid	28189	17.071	14.783032	-7.7459893	-7.332096
TACTTACTCAGGCAAG	3	RoundSpermatid	4	RoundSpermatid	23036	14.596405	9.001785	-1.1949358	-4.828459
ACAGCTAAGTGTTTGC	3	RoundSpermatid	3	RoundSpermatid	25203	12.388436	7.565695	-0.049096074	1.6701905
CATCAAGTCGGCGCTA	5	RoundSpermatid	7	RoundSpermatid	32675	17.922522	15.771459	-9.15118	-7.061236
CCCATACCAAGTTGTC	6	RoundSpermatid	6	RoundSpermatid	59717	15.677764	11.969222	-3.0413074	-7.062915
GTGCTTCAGAGCAATT	4	Elongating	5	Elongating	27787	20.731457	15.461703	-9.378303	-2.936706
TACGGTAAGTAGCGGT	3	RoundSpermatid	4	RoundSpermatid	22569	13.929783	10.120156	-0.46535996	-3.5720387
CTCTACGTCGCTAGCG	4	Elongating	5	Elongating	21459	19.758326	15.02007	-10.038248	-3.2786007
ACTGAACCATCGGAAG	6	RoundSpermatid	6	RoundSpermatid	28985	15.469806	10.862661	-2.0108259	-6.273799
TCACGAAAGCAGCGTA	3	RoundSpermatid	4	RoundSpermatid	26760	14.564232	9.510001	-0.8730326	-4.0809755
GTACTCCTCGGCCGAT	4	Elongating	5	Elongating	23890	20.560677	15.434798	-9.435509	-3.646509
TCAGCAAAGGAGTACC	6	RoundSpermatid	4	RoundSpermatid	28308	15.028533	10.724812	-1.3989192	-5.2526603
TCGGGACCATATACCG	2	RoundSpermatid	1	RoundSpermatid	28662	11.929127	5.0726857	3.2061803	2.7117395
ATCCACCTCACTATTC	2	RoundSpermatid	1	RoundSpermatid	52992	9.944622	5.280162	4.4092073	3.442513
CACTCCAAGTGGAGAA	6	RoundSpermatid	4	RoundSpermatid	26808	14.366424	10.511074	-0.85084516	-4.5434465
TTGACTTAGATCGATA	5	RoundSpermatid	7	RoundSpermatid	16633	18.75618	16.904463	-10.028796	-7.034623
TTTGCGCTCTCGTATT	5	RoundSpermatid	7	RoundSpermatid	35480	17.647966	15.468354	-8.37721	-7.4185066
TCTGGAAGTGAAATCA	11	Spermatocyte	10	Spermatocyte	26905	18.845657	-3.8960416	14.54475	-0.09035431
ATAAGAGGTTACGCGC	0	RoundSpermatid	0	RoundSpermatid	27939	10.567456	4.232463	5.7835355	4.1558433
CTCGGAGAGCCACCTG	7	Elongating	8	Elongating	17128	21.714005	9.912176	-6.1699286	0.8397243
TCGCGTTGTTGTCTTT	5	RoundSpermatid	7	RoundSpermatid	10148	18.953875	17.27052	-10.413144	-6.9843183
ATAGACCTCGGATGTT	7	Elongating	8	Elongating	18498	21.987488	10.19201	-6.371572	0.89658487
CACATTTGTTACCGAT	4	Elongating	8	Elongating	18091	21.37614	11.773154	-7.347058	-0.55996025
GAACCTATCTGCTTGC	4	Elongating	8	Elongating	20125	21.59235	11.854634	-7.4252734	-0.31064466
ACATGGTGTGTGAAAT	3	RoundSpermatid	3	RoundSpermatid	25127	12.398103	8.801187	-0.14229274	0.0065025412
AAGCCGCCAAACGCGA	3	RoundSpermatid	4	RoundSpermatid	34454	13.779513	8.806157	-0.40651852	-2.650879
CAGCAGCGTAACGCGA	0	RoundSpermatid	1	RoundSpermatid	27197	11.529014	4.5051446	2.6209297	3.4207137
GACTGCGTCCCTGACT	5	RoundSpermatid	7	RoundSpermatid	31725	18.024895	16.260752	-9.391275	-6.951455
GTGCTTCCACAGGAGT	4	Elongating	8	Elongating	16831	21.573725	11.459086	-7.3928456	-0.07028483
GGGTTGCCACTGTGTA	4	Elongating	5	Elongating	12133	19.802883	15.478515	-9.746672	-3.7140093
GTTCGGGTCTCTGTCG	7	Elongating	11	Elongating	43397	20.540543	6.050265	-5.1114173	4.628793
ATCATCTCATGCTGGC	4	Elongating	8	Elongating	11179	21.072975	11.998331	-7.2902765	-0.3722186
TGCGCAGTCGCCATAA	7	Elongating	8	Elongating	11546	21.499802	10.308539	-6.735525	0.7176439
CACATAGGTACGCTGC	4	Elongating	5	Elongating	29133	20.457716	15.787469	-9.434217	-3.575672
CATCGGGTCTACCTGC	11	Spermatocyte	10	Spermatocyte	35055	19.465818	-3.8302453	15.407474	0.08997044
CGTCACTAGTACCGGA	3	RoundSpermatid	4	RoundSpermatid	19942	13.080271	9.677962	-0.18498206	-2.3408985
TTATGCTAGGACACCA	3	RoundSpermatid	4	RoundSpermatid	27158	13.714763	9.680591	-0.57229686	-3.38666
AAGACCTGTTGGAGGT	4	Elongating	5	Elongating	26095	20.535957	14.113512	-9.457887	-2.478367
CATTATCGTCCGCTGA	6	RoundSpermatid	6	RoundSpermatid	28880	16.372883	12.820413	-4.0421605	-7.2938027
ACATGGTGTCGCCATG	6	RoundSpermatid	4	RoundSpermatid	25852	15.072424	10.126007	-0.9963983	-4.6862044
CAGCTGGAGCAGACTG	0	RoundSpermatid	2	RoundSpermatid	24213	11.4340105	3.101453	10.866466	3.9788356
CTTTGCGAGAGGTACC	7	Elongating	8	Elongating	19170	20.849356	8.818529	-5.7396393	2.2924664
CGATTGAGTCAAACTC	4	Elongating	8	Elongating	17078	20.825153	13.135051	-8.6969185	-1.8136675
TCACAAGTCACCACCT	4	Elongating	8	Elongating	16293	20.982332	12.465652	-8.092679	-1.0084299
AAACGGGAGCACAGGT	4	Elongating	5	Elongating	17922	20.19449	14.485118	-9.551124	-2.6063457
CGTAGCGGTCCTCTTG	4	Elongating	8	Elongating	21300	21.571093	12.102791	-7.51732	-0.65259117
CGTCTACTCAACGAAA	4	Elongating	8	Elongating	18055	21.011871	12.7972355	-7.8443437	-1.172483
TCTGAGACATTCCTGC	7	Elongating	8	Elongating	14273	21.783058	10.411211	-6.7827854	0.33531612
GATTCAGAGTGGTCCC	7	Elongating	8	Elongating	8101	21.067186	10.641694	-6.837103	0.68667763
TCAACGACAGCCAGAA	6	RoundSpermatid	6	RoundSpermatid	25585	16.294523	11.37341	-3.1399295	-7.392661
CAGCATACATTCTCAT	6	RoundSpermatid	6	RoundSpermatid	36331	15.306326	11.124419	-2.1874056	-6.0475497
CACATTTCATTAGCCA	0	RoundSpermatid	0	RoundSpermatid	23540	9.837577	2.2311354	7.162006	5.44617
TTTGTCACATCGGTTA	6	RoundSpermatid	4	RoundSpermatid	27747	14.717275	10.262467	-0.9905616	-5.244378
AGAGTGGGTACCGAGA	10	Spermatocyte	13	Spermatogonia	25678	34.719193	-4.905018	10.946072	2.3191698
AGCGTATGTATGCTTG	4	Elongating	5	Elongating	20726	21.101826	14.497136	-8.588706	-2.1712086
AAAGTAGCACAGAGGT	4	Elongating	8	Elongating	14195	21.01546	12.966455	-8.181388	-1.3781948
GAATGAATCAACGGGA	5	RoundSpermatid	7	RoundSpermatid	21528	18.070656	15.27732	-8.306548	-6.610291
GAATAAGGTCGCCATG	5	RoundSpermatid	7	RoundSpermatid	10326	18.551926	15.6213255	-9.019657	-6.1935554
AGACGTTAGGTCGGAT	4	Elongating	8	Elongating	14336	21.002644	12.913115	-8.287627	-1.5075728
CTCTGGTTCGGCCGAT	4	Elongating	8	Elongating	22520	21.083677	13.698552	-8.345609	-1.5958269
AAGACCTCAGGACCCT	4	Elongating	5	Elongating	17890	20.948473	14.999756	-8.949148	-2.8646731
GTACGTACAAACAACA	4	Elongating	8	Elongating	21870	21.60846	11.736672	-7.064819	-0.11997247
GACAGAGTCGCTTGTC	7	Elongating	11	Elongating	61816	21.265581	6.4166765	-4.529073	4.347114
GGTATTGAGGAACTGC	10	Spermatocyte	13	Spermatogonia	12106	34.760155	-5.224946	11.795314	2.0756733
CGTAGGCAGTCGTTTG	7	Elongating	11	Elongating	14171	20.392548	7.575706	-5.527743	3.589003
TGCGCAGGTGCCTGCA	7	Elongating	8	Elongating	11990	21.032526	9.594761	-6.2083054	1.4936923
GGAATAAGTTGTCGCG	4	Elongating	8	Elongating	8921	21.09259	11.679324	-7.5405126	-0.8222787
CACCACTTCACAGGCC	0	RoundSpermatid	0	RoundSpermatid	18675	9.765378	1.6792164	8.494159	5.0140147
ATTCTACTCCGCATAA	4	Elongating	5	Elongating	39017	20.13942	15.175093	-9.37213	-3.3690512
ACTGAACCAGGCTGAA	5	RoundSpermatid	7	RoundSpermatid	33587	19.223654	16.64423	-10.236748	-5.931045
GCATGCGGTATAATGG	3	RoundSpermatid	4	RoundSpermatid	19756	13.734256	9.617889	-0.51464844	-2.313001
GACGTTATCTTTACAC	6	RoundSpermatid	6	RoundSpermatid	31670	15.720308	11.6738405	-2.4892075	-6.916988
TGCTACCTCTCCTATA	7	Elongating	8	Elongating	14996	21.588474	10.197202	-6.407011	0.6865919
AAGGAGCAGTGTACTC	6	RoundSpermatid	6	RoundSpermatid	17920	16.577621	13.261319	-5.17719	-7.398598
CTCGTCATCATGCTCC	6	RoundSpermatid	4	RoundSpermatid	23211	14.576995	11.115148	-0.9791	-5.2141466
TACTTGTAGGACACCA	3	RoundSpermatid	3	RoundSpermatid	47962	11.685605	8.911451	-0.5693844	0.070930205
GGCTGGTTCTACCTGC	3	RoundSpermatid	3	RoundSpermatid	29957	11.933951	8.518533	-0.41210553	0.8191828
CCTTACGAGACAGAGA	6	RoundSpermatid	6	RoundSpermatid	27274	16.388248	11.5280695	-3.242178	-7.596739
ACAGCTAAGGATATAC	3	RoundSpermatid	4	RoundSpermatid	30854	13.667733	9.151482	-0.4796244	-3.2273057
GGATGTTGTTCGAATC	5	RoundSpermatid	7	RoundSpermatid	37454	18.901613	16.542458	-10.19835	-6.3524637
CAACTAGGTTTACTCT	7	Elongating	8	Elongating	17042	20.775202	7.9348626	-5.963822	2.762574
CATCGGGTCAAAGACA	3	RoundSpermatid	3	RoundSpermatid	15512	11.421329	7.502531	0.22237517	2.1935608
TCACGAAGTCGAAAGC	4	Elongating	5	Elongating	22998	20.104458	14.862482	-9.820342	-2.8982208
CTAAGACCACCAGGCT	3	RoundSpermatid	4	RoundSpermatid	31148	12.798522	9.505421	-0.34032342	-1.7298585
CAGAGAGTCAAACGGG	3	RoundSpermatid	4	RoundSpermatid	13874	13.117881	9.205336	-0.3182754	-1.8302886
ACACTGATCAAAGTAG	3	RoundSpermatid	3	RoundSpermatid	26812	11.663969	9.056294	-0.41059092	0.15033104
GCGAGAACATGAACCT	7	Elongating	11	Elongating	38914	20.58389	5.730483	-5.0292253	4.9902906
ACGCAGCGTGGTACAG	4	Elongating	8	Elongating	15256	20.951233	12.856661	-8.19001	-1.3884597
AGTAGTCTCTTATCTG	4	Elongating	8	Elongating	17753	20.863287	12.820774	-8.386097	-1.2114426
GCGCGATAGTGCGATG	4	Elongating	8	Elongating	11025	20.762291	12.458117	-7.970441	-1.2224153
CCTAGCTCAGCCTTTC	5	RoundSpermatid	7	RoundSpermatid	26975	18.865211	16.074385	-9.605929	-5.9548755
CCGTACTAGGTGATAT	7	Elongating	8	Elongating	9884	21.294651	10.233698	-6.992333	0.25835037
GGTATTGAGAAGGACA	3	RoundSpermatid	4	RoundSpermatid	14736	13.79129	8.216425	-0.84147817	-2.244151
ATCCGAACACATCTTT	6	RoundSpermatid	6	RoundSpermatid	37930	16.225266	11.312731	-4.0586705	-6.929066
CATATGGAGATCGGGT	6	RoundSpermatid	6	RoundSpermatid	23542	16.436563	11.978417	-4.490197	-7.189991
ACGGCCATCGGAGCAA	7	Elongating	8	Elongating	26502	21.140934	9.537583	-6.2105365	1.3486396
CGCTTCAGTACAGTTC	6	RoundSpermatid	6	RoundSpermatid	14357	16.079687	10.992673	-1.9724884	-6.05659
GGCAATTGTCGGCACT	5	RoundSpermatid	7	RoundSpermatid	11616	18.66095	17.320333	-10.292493	-7.177143
CAGTAACAGGAGCGAG	4	Elongating	8	Elongating	15049	21.731712	11.452747	-7.1351037	-0.48342544
CATGGCGTCGTGGACC	5	RoundSpermatid	7	RoundSpermatid	29743	18.903763	16.437067	-9.958828	-6.336457
ACCAGTAGTACAGTGG	5	RoundSpermatid	7	RoundSpermatid	17870	19.541649	17.146498	-10.112386	-5.2789507
CCACCTACAAAGCGGT	3	RoundSpermatid	4	RoundSpermatid	28628	13.096284	9.227616	-0.19576095	-1.9251664
GGGATGAGTCCGAATT	3	RoundSpermatid	3	RoundSpermatid	28150	12.040391	7.5893936	0.2960055	1.6458136
TCTGAGAGTAAAGGAG	3	RoundSpermatid	4	RoundSpermatid	24792	13.55065	9.418895	-0.59785014	-3.3339028
AGGGATGTCTTGTCAT	3	RoundSpermatid	3	RoundSpermatid	48298	11.135718	7.711742	-0.21109058	1.4883513
CGACCTTAGCTAAACA	12	Elongating	14	Elongating	19861	24.091352	2.8859084	-7.585694	22.814924
GATTCAGAGTGTACCT	5	RoundSpermatid	7	RoundSpermatid	31393	17.865822	15.349093	-8.322098	-6.5446243
CGTCAGGTCAGGCGAA	5	RoundSpermatid	7	RoundSpermatid	19460	19.658842	17.076159	-10.289669	-5.4885163
CATTCGCTCTACTATC	3	RoundSpermatid	4	RoundSpermatid	34538	13.280793	9.46773	-0.5029006	-2.2553296
TTGCGTCGTATATGAG	5	RoundSpermatid	7	RoundSpermatid	18107	18.4751	16.030653	-9.752475	-6.635044
ATGGGAGGTTCGCGAC	5	RoundSpermatid	7	RoundSpermatid	28125	17.21793	15.444864	-8.103161	-7.02682
GAACCTATCGCGATCG	7	Elongating	8	Elongating	14028	20.817	9.129742	-5.652236	1.9196932
CCGGGATCATCCTTGC	6	RoundSpermatid	6	RoundSpermatid	36890	15.632851	11.399398	-2.0008774	-6.800255
ATTGGTGTCAGGTTCA	3	RoundSpermatid	4	RoundSpermatid	30469	13.468724	9.108995	-0.31363142	-2.339093
CCTTACGCATGCCTAA	7	Elongating	8	Elongating	13385	20.520454	8.591184	-5.6544294	2.007976
ATAACGCAGCGTGAAC	1	RoundSpermatid	2	RoundSpermatid	19327	10.101151	-0.33383155	9.654297	5.6226287
AAAGATGTCGGCCGAT	6	RoundSpermatid	6	RoundSpermatid	30675	15.793854	11.39763	-2.6229508	-6.2430882
GCGCCAAGTAGAGTGC	1	RoundSpermatid	2	RoundSpermatid	18982	10.017699	-0.851903	9.762247	5.6840377
CTAGAGTCATCATCCC	4	Elongating	8	Elongating	16620	21.872904	11.590572	-7.3126707	-0.4364017
CAGAATCCATGGTAGG	3	RoundSpermatid	3	RoundSpermatid	28487	11.660558	7.4712105	0.2523852	1.8663515
TGGTTAGTCGGACAAG	12	Elongating	14	Elongating	9279	25.62512	2.244274	-7.118858	24.315023
CGCGGTACACCGCTAG	6	RoundSpermatid	6	RoundSpermatid	19785	15.520308	12.671762	-3.1669781	-6.4707837
TAAGAGACATTCCTGC	3	RoundSpermatid	3	RoundSpermatid	19484	11.803424	8.70462	-0.54927206	0.8293291
ATAGACCCAGCGATCC	1	RoundSpermatid	2	RoundSpermatid	32286	10.723751	-1.1068336	10.953558	6.019401
TTCTCAAAGGCAGGTT	3	RoundSpermatid	4	RoundSpermatid	17165	13.536045	9.048191	-0.47896734	-1.6815667
CCGGTAGGTAACGTTC	6	RoundSpermatid	4	RoundSpermatid	30191	15.121175	10.504208	-1.2334532	-5.092942
TATTACCCACAAGCCC	8	Spermatocyte	9	Spermatocyte	52455	24.690456	-3.3704488	9.877362	0.37231538
AGGGTGACAAGGTTCT	5	RoundSpermatid	7	RoundSpermatid	9117	18.126518	15.386917	-8.196765	-6.647506
CGATGGCAGCGTTTAC	0	RoundSpermatid	1	RoundSpermatid	24439	11.845874	3.2156186	4.785897	3.3489766
CGTTCTGAGGTTCCTA	3	RoundSpermatid	3	RoundSpermatid	20993	11.9839945	8.60794	0.4244594	1.2656041
CAGCTGGGTGGAAAGA	2	RoundSpermatid	1	RoundSpermatid	27822	11.738484	5.869316	1.7154658	2.7556713
CACCAGGCAAGCTGAG	3	RoundSpermatid	4	RoundSpermatid	23083	13.565259	8.572949	-0.49295276	-2.1364808
TTCTACATCTCGCTTG	6	RoundSpermatid	4	RoundSpermatid	30829	14.903115	11.184318	-1.1489727	-5.065947
CACACTCTCACCAGGC	3	RoundSpermatid	3	RoundSpermatid	35699	11.645598	8.583825	-0.25242323	0.7121414
ACGAGGAAGAAGGTGA	6	RoundSpermatid	4	RoundSpermatid	23567	14.754691	9.940993	-1.4791386	-5.335749
TACTTGTTCAGCGACC	3	RoundSpermatid	4	RoundSpermatid	32755	13.964189	9.232395	-0.3544692	-3.4390714
TACTCATCAGTTCCCT	2	RoundSpermatid	1	RoundSpermatid	23173	12.161055	5.661426	2.5120056	2.5244272
CCCAGTTGTATCTGCA	3	RoundSpermatid	4	RoundSpermatid	29545	14.447883	9.826592	-0.9896173	-4.5789595
GTCTTCGCATGCATGT	6	RoundSpermatid	4	RoundSpermatid	25517	14.639919	10.132393	-0.9953746	-5.024789
AGTCTTTGTGCACCAC	3	RoundSpermatid	3	RoundSpermatid	17557	11.764855	8.01597	0.18454449	1.8128946
ACTGCTCGTAGCCTAT	6	RoundSpermatid	6	RoundSpermatid	36046	16.18563	11.666826	-3.3965335	-7.247182
CCACGGAAGTATGACA	3	RoundSpermatid	4	RoundSpermatid	32471	12.161355	9.327376	-0.40325928	-0.80266696
GCATGATGTAAATGTG	3	RoundSpermatid	3	RoundSpermatid	43442	12.246207	7.6081533	0.008729373	1.3086598
TACTTACCATTTGCTT	4	Elongating	8	Elongating	51497	21.106255	14.039416	-8.634445	-1.8927848
CAGCCGAGTTTCGCTC	4	Elongating	5	Elongating	11705	19.786093	15.388032	-9.885902	-4.356778
AGTCTTTTCGAACGGA	5	RoundSpermatid	7	RoundSpermatid	29842	17.072037	14.996279	-7.580694	-7.2042685
CCTCTGAAGACTACAA	3	RoundSpermatid	3	RoundSpermatid	28238	11.568362	8.8269205	-0.676668	-0.2146896
GCTGCTTGTGAAGGCT	6	RoundSpermatid	6	RoundSpermatid	30551	17.115116	13.54147	-6.2756596	-7.3458834
CGATGGCAGCTCCTCT	1	RoundSpermatid	2	RoundSpermatid	64751	11.533528	-1.2011906	12.008341	5.6547403
CAACCAAAGTGCGTGA	1	RoundSpermatid	2	RoundSpermatid	34568	9.731079	-0.115400694	8.94321	5.417732
ATCTGCCAGCAATCTC	8	Spermatocyte	9	Spermatocyte	70339	23.325945	-4.1955943	11.266167	0.13197334
GGCCGATCATCCTAGA	0	RoundSpermatid	0	RoundSpermatid	21565	11.945506	2.3076587	6.236093	5.1875296
CTGCTGTTCTCGGACG	8	Spermatocyte	9	Spermatocyte	25849	23.898134	-5.0422792	11.25928	0.4868977
TGGCTGGCATACGCTA	0	RoundSpermatid	0	RoundSpermatid	46275	9.593058	1.3875738	8.699993	4.9956975
GAGGTGACATTCTCAT	0	RoundSpermatid	0	RoundSpermatid	20828	10.443116	1.4056158	7.3074503	4.6508737
TCGCGAGCAAGCGATG	0	RoundSpermatid	1	RoundSpermatid	24458	12.274697	4.6917667	2.8974788	3.0551255
GCACTCTCATGCATGT	0	RoundSpermatid	0	RoundSpermatid	83757	9.597896	4.1917815	6.1978984	4.1528387
TGGCGCACAAGCGAGT	2	RoundSpermatid	1	RoundSpermatid	24002	11.456814	5.846121	2.1433654	2.1563354
TATTACCCAGTTCCCT	2	RoundSpermatid	1	RoundSpermatid	34321	11.144422	5.388052	2.4067402	3.4739103
TTCTTAGCACCAGTTA	5	RoundSpermatid	7	RoundSpermatid	22344	17.302143	15.483242	-8.36865	-7.545602
ACATACGAGTGAACGC	0	RoundSpermatid	1	RoundSpermatid	26472	10.8416	4.0627	3.8302057	3.6574755
CGCCAAGGTTCCTCCA	6	RoundSpermatid	6	RoundSpermatid	22753	16.534061	11.373993	-3.1823566	-7.471474
TGCCCTATCCCTGACT	6	RoundSpermatid	6	RoundSpermatid	33054	15.14161	11.419761	-1.8553431	-6.641395
GATCGTAAGACAAGCC	7	Elongating	11	Elongating	15303	20.298964	7.2671714	-5.6529903	3.660648
TGAGCATTCTTCGGTC	3	RoundSpermatid	4	RoundSpermatid	29493	14.834978	9.399932	-0.7455333	-4.339477
CCCATACAGAGTCGGT	7	Elongating	11	Elongating	8644	20.939941	6.1908164	-4.291052	4.8669434
CAACTAGGTGGAAAGA	0	RoundSpermatid	1	RoundSpermatid	15162	11.7918625	4.169026	5.155305	3.6948352
TCGTACCTCAGTTAGC	3	RoundSpermatid	3	RoundSpermatid	46657	11.5066805	8.678211	-0.66996074	1.1144111
GGAATAACAACAACCT	6	RoundSpermatid	6	RoundSpermatid	9535	16.524145	10.961216	-3.5967102	-7.8584414
CCTTCGACAGTAGAGC	3	RoundSpermatid	3	RoundSpermatid	22822	12.536484	8.315199	-0.9133807	0.93653464
TTAGGCAGTATATGGA	3	RoundSpermatid	4	RoundSpermatid	28871	13.14997	9.176157	-0.10746433	-2.381882
TATGCCCAGCGGCTTC	0	RoundSpermatid	1	RoundSpermatid	14657	12.195629	3.6443686	2.5820262	3.4560406
CATCAGAGTCCGAGTC	3	RoundSpermatid	3	RoundSpermatid	23741	11.139979	7.956477	0.35672745	1.6894176
CATTCGCTCGTCACGG	12	Elongating	11	Elongating	8514	23.37063	3.7013984	-3.9880457	7.3624773
GACGTTAAGATGCCTT	0	RoundSpermatid	1	RoundSpermatid	20025	10.475055	3.3649335	5.0473604	3.4234607
TGGGCGTCATCTACGA	3	RoundSpermatid	4	RoundSpermatid	10504	14.312972	8.513975	-0.9637887	-3.019049
GCGAGAAAGTTAACGA	0	RoundSpermatid	1	RoundSpermatid	15375	11.180023	4.7875586	3.9902987	4.137199
GGTGAAGGTAGCCTCG	0	RoundSpermatid	1	RoundSpermatid	27065	11.171963	3.9556859	4.1884856	3.8500385
GCTCTGTCAAGCGATG	3	RoundSpermatid	3	RoundSpermatid	20578	12.291878	8.386934	0.15130152	0.7152878
GCGGGTTTCCGGCACA	1	RoundSpermatid	2	RoundSpermatid	27438	10.645157	-0.48875788	10.4820795	5.5918756
TCCACACAGATCCGAG	3	RoundSpermatid	3	RoundSpermatid	27107	12.447753	8.038125	0.31860402	1.1457325
TCACAAGGTACCGTAT	4	Elongating	5	Elongating	33468	20.63217	15.235756	-9.345716	-2.8136744
ACGATGTCAGGTTTCA	3	RoundSpermatid	3	RoundSpermatid	28925	11.242098	7.5498323	-0.05186776	2.0718055
CACCACTTCATTCACT	2	RoundSpermatid	3	RoundSpermatid	22942	10.679921	7.4175124	0.33589727	1.8238733
TTCTCCTAGGACTGGT	5	RoundSpermatid	7	RoundSpermatid	36107	17.728645	15.820964	-9.004885	-7.096755
TGGGAAGGTCCTAGCG	1	RoundSpermatid	0	RoundSpermatid	17933	9.824349	0.78278893	8.560327	4.885662
CACCTTGTCTATCGCC	2	RoundSpermatid	1	RoundSpermatid	29414	11.073099	5.9307275	2.1569607	2.9402223
CAAGATCTCCAAATGC	2	RoundSpermatid	3	RoundSpermatid	58977	11.343542	7.083026	-0.14458483	2.0083168
ATTTCTGAGCTTATCG	3	RoundSpermatid	4	RoundSpermatid	19272	12.75514	9.478757	-0.35569146	-1.7874043
GACACGCAGTTTGCGT	7	Elongating	11	Elongating	27299	20.485119	6.79308	-5.1447363	4.383907
GACTACAGTATTCGTG	6	RoundSpermatid	6	RoundSpermatid	30804	15.525706	10.498277	-1.8247933	-5.8700953
GACGCGTAGCATCATC	1	RoundSpermatid	2	RoundSpermatid	18404	11.750295	-0.7963156	11.589012	5.446459
GTCTCGTCAAACCTAC	0	RoundSpermatid	1	RoundSpermatid	22712	10.790939	4.211591	4.5998516	3.165821
AGGGTGAAGTGTTGAA	12	Elongating	14	Elongating	13904	24.68692	2.6092649	-7.562534	23.08895
AGCCTAAAGACTCGGA	0	RoundSpermatid	1	RoundSpermatid	29593	12.050065	4.094205	3.1883557	3.433092
CACCAGGTCCGAACGC	0	RoundSpermatid	0	RoundSpermatid	20008	10.116536	3.3646634	6.227982	4.410641
ACTTACTTCCGTTGTC	3	RoundSpermatid	4	RoundSpermatid	27100	13.558862	9.755602	-0.41331565	-3.0310004
CATATTCTCAATCTCT	0	RoundSpermatid	1	RoundSpermatid	39480	10.727046	3.5281515	4.5162	3.7044747
GGCGACTTCTGAAAGA	0	RoundSpermatid	1	RoundSpermatid	23671	10.877341	3.8615928	4.894191	3.8672113
TAGACCAGTCAGATAA	6	RoundSpermatid	4	RoundSpermatid	23820	14.840789	10.783502	-1.1683719	-5.0193543
CTGATAGAGGGAACGG	7	Elongating	8	Elongating	19267	20.921513	8.91502	-5.7711453	2.064814
GATGCTATCGGCCGAT	2	RoundSpermatid	1	RoundSpermatid	27937	12.088912	5.424183	3.115585	3.634582
CTTCTCTTCCAAGTAC	6	RoundSpermatid	6	RoundSpermatid	22594	16.04232	13.435864	-4.2962284	-7.1817875
CTAATGGCACATCTTT	7	Elongating	8	Elongating	15694	20.929298	7.4448686	-6.2495193	2.9091852
TCGCGTTTCTTGCATT	2	RoundSpermatid	1	RoundSpermatid	22400	11.384262	5.520027	2.281389	2.8405163
CACAGGCGTTATCGGT	12	Elongating	11	Elongating	13200	23.197498	3.3624525	-3.787769	7.3619027
CTGTTTACACCAACCG	1	RoundSpermatid	2	RoundSpermatid	22872	10.76565	-0.39887738	11.117032	5.4206758
GGGAATGTCCCAAGAT	3	RoundSpermatid	4	RoundSpermatid	36253	14.105124	9.483566	-0.74259835	-3.3396237
CAACCAACATGAACCT	0	RoundSpermatid	0	RoundSpermatid	29405	10.048745	1.818754	7.435761	4.559839
TCTGAGAGTGCCTGTG	3	RoundSpermatid	4	RoundSpermatid	9505	14.216705	8.623174	-0.56054133	-2.2505004
CTAAGACGTATCACCA	3	RoundSpermatid	4	RoundSpermatid	32355	13.0918045	9.378472	-0.3506463	-2.5396328
TTATGCTCACACTGCG	3	RoundSpermatid	3	RoundSpermatid	29547	12.076794	8.484185	-0.6179562	0.6255152
ACGAGGATCTTGACGA	1	RoundSpermatid	2	RoundSpermatid	30099	9.978149	0.14050603	9.400685	5.5342693
CTCAGAAGTACAGCAG	2	RoundSpermatid	1	RoundSpermatid	28295	12.194908	5.588285	1.5858039	2.494659
TCTTTCCAGTGGACGT	2	RoundSpermatid	1	RoundSpermatid	19735	10.696725	5.938202	2.8595624	2.8808033
CGGGTCACACTTAAGC	10	Spermatocyte	13	Spermatogonia	20302	35.293972	-4.8167043	11.867966	2.5280027
TTATGCTTCAGCTTAG	12	Elongating	11	Elongating	9743	22.516644	3.7268016	-3.9036403	6.856273
CGAATGTAGCGTGAGT	2	RoundSpermatid	1	RoundSpermatid	28286	11.693889	5.96862	1.9109732	2.7750788
CAACCTCTCAACACCA	3	RoundSpermatid	3	RoundSpermatid	27723	11.445089	8.157616	-0.30866253	1.5999491
AAGTCTGTCAATAAGG	10	Spermatocyte	13	Spermatogonia	42355	35.54075	-5.398631	11.833548	2.6402056
CAGCCGACATCACGAT	4	Elongating	5	Elongating	9573	20.397026	15.410621	-9.100785	-3.4743898
GCATGATAGCTAACAA	8	Spermatocyte	9	Spermatocyte	57045	23.920343	-3.141928	10.470312	-0.41779324
AGGTCCGCATGATCCA	9	Spermatocyte	2	RoundSpermatid	27592	14.686377	-1.9812019	14.097574	3.798536
TGCTACCCATAGACTC	8	Spermatocyte	9	Spermatocyte	56536	23.881847	-3.1126614	10.337624	-0.1500078
AGTGTCATCCTACAGA	9	Spermatocyte	10	Spermatocyte	26744	17.697975	-3.5263014	15.144885	1.2116693
GTGTGCGCAAATTGCC	10	Spermatocyte	13	Spermatogonia	25749	34.885117	-4.7723136	11.623998	1.8382233
AGCTCCTTCATAACCG	10	Spermatocyte	9	Spermatocyte	19018	33.714447	-5.2565417	10.087898	2.0167782
ACATGGTAGGAGTAGA	11	Spermatocyte	12	Spermatocyte	46248	19.844765	-5.325963	14.194573	-0.77943856
ACCCACTTCTCAACTT	8	Spermatocyte	9	Spermatocyte	15213	23.925064	-5.203579	11.575029	0.7056177
ACACCGGAGGGCACTA	10	Spermatocyte	13	Spermatogonia	29921	34.604046	-4.8796163	10.86152	2.2094738
TCTGGAACAAGCTGGA	0	RoundSpermatid	0	RoundSpermatid	24942	9.966332	2.1211002	6.7166886	4.3933306
ACAGCTAAGGCCCTCA	4	Elongating	8	Elongating	38406	21.462143	12.496982	-7.5525455	-1.057741
GCAGCCAGTAATCACC	0	RoundSpermatid	1	RoundSpermatid	21610	11.622553	3.6979358	4.182539	4.100016
CACACAAAGACAATAC	10	Spermatocyte	9	Spermatocyte	28387	33.455994	-5.1133966	9.779477	1.5123384
GACTAACGTAGCCTCG	11	Spermatocyte	2	RoundSpermatid	8221	20.85776	-3.514087	13.605025	1.2722372
TATGCCCTCGGTCTAA	8	Spermatocyte	9	Spermatocyte	14648	23.998085	-5.1682715	11.67602	0.5446902
CACACCTGTTTGACAC	8	Spermatocyte	12	Spermatocyte	153916	23.295218	-4.9934545	12.103242	0.33394176
ACGATGTAGCCTTGAT	7	Elongating	11	Elongating	14643	20.506197	7.209086	-5.4353004	3.7169569
CCCATACAGTGAACGC	2	RoundSpermatid	1	RoundSpermatid	18318	10.838025	6.4626884	2.2132897	2.9012423
TCCCGATGTCAAGCGA	6	RoundSpermatid	6	RoundSpermatid	9145	16.876102	11.899024	-4.009936	-7.899597
CATCGAAAGCGTAGTG	12	Elongating	11	Elongating	8130	23.072495	3.8593228	-3.5974188	7.2700686
GACGTGCTCAGTGTTG	12	Elongating	14	Elongating	8753	25.840853	2.2831345	-7.0362887	24.423628
CGTAGCGAGGAATGGA	12	Elongating	11	Elongating	30609	22.124382	3.963093	-4.3492956	6.74679
ACTATCTTCCGAATGT	3	RoundSpermatid	4	RoundSpermatid	20359	13.556283	9.682714	-0.15356101	-2.8381507
GGCAATTCAGGGTATG	10	Spermatocyte	13	Spermatogonia	28501	34.54588	-5.0620294	10.813439	2.2716496
CGCCAAGAGGGCTTCC	10	Spermatocyte	13	Spermatogonia	26529	35.92055	-4.996085	12.643598	2.8293087
TCAATCTTCACAATGC	1	RoundSpermatid	0	RoundSpermatid	25567	9.769904	-0.15487279	8.78447	5.224992
CTCTAATCAGTAAGCG	10	Spermatocyte	9	Spermatocyte	30727	33.929955	-4.802676	10.278079	2.17556
ATCCACCAGACTAGAT	10	Spermatocyte	13	Spermatogonia	23852	35.7863	-5.0390315	12.605416	3.0575826
CAGGTGCTCGCACTCT	8	Spermatocyte	9	Spermatocyte	44735	25.018988	-3.5361748	10.055182	1.0865116
TACTTGTCATGAGCGA	2	RoundSpermatid	1	RoundSpermatid	15861	11.453177	5.3530965	4.363846	3.0874097
CGATCGGCATAGGATA	0	RoundSpermatid	1	RoundSpermatid	31543	11.930483	2.791019	5.224993	4.5925865
CGTTGGGAGCAGGCTA	1	RoundSpermatid	2	RoundSpermatid	42295	10.1508	0.81064695	9.376211	4.431152
TTTATGCGTGGAAAGA	10	Spermatocyte	13	Spermatogonia	10472	34.913357	-5.710064	11.799414	1.8550707
ACTGCTCAGCCCAATT	10	Spermatocyte	13	Spermatogonia	14457	35.871468	-4.72045	12.814918	3.0078554
GACCAATGTTGCCTCT	5	RoundSpermatid	7	RoundSpermatid	21439	17.838032	16.512014	-9.809562	-7.2274137
TATCAGGCATATGAGA	10	Spermatocyte	13	Spermatogonia	15664	35.59347	-5.0136523	12.294841	2.9995558
AAGGTTCGTTTGCATG	7	Elongating	11	Elongating	12809	20.35123	7.2901893	-5.507112	3.636666
ACTGCTCAGCACCGCT	6	RoundSpermatid	6	RoundSpermatid	7868	16.884535	11.533555	-3.8422275	-7.8161964
CTGATAGCAGGCTCAC	4	Elongating	5	Elongating	29718	20.706125	14.213877	-9.539463	-2.4412153
AGTGAGGAGATCCGAG	11	Spermatocyte	12	Spermatocyte	43375	20.254333	-5.204458	13.218421	-0.6224532
TACAGTGAGATCCCGC	7	Elongating	11	Elongating	15191	20.842394	6.544016	-5.2042203	4.531984
ATAAGAGCATGGTTGT	4	Elongating	8	Elongating	10083	20.870121	12.568176	-8.223391	-1.094255
GTCGGGTGTCGTTGTA	4	Elongating	5	Elongating	19108	20.373665	14.335453	-9.76698	-2.5600631
GTAGGCCGTGAAATCA	12	Elongating	14	Elongating	10486	25.775707	2.3284972	-7.135488	24.534185
GAGGTGAGTTGGTTTG	7	Elongating	11	Elongating	12574	20.358627	6.9700947	-5.226244	3.978612
CTACCCAAGGTCATCT	10	Spermatocyte	13	Spermatogonia	12550	35.227142	-4.4699497	11.611326	2.366028
GAATAAGCACGCGAAA	12	Elongating	14	Elongating	11307	25.108517	2.4306557	-7.30104	23.666681
ATTATCCGTACCTACA	5	RoundSpermatid	7	RoundSpermatid	20691	19.398405	17.165396	-10.436618	-6.316825
CAGAGAGAGAACAACT	7	Elongating	8	Elongating	15940	21.780174	10.377972	-6.3762617	0.51854163
TTATGCTTCTTGTACT	7	Elongating	8	Elongating	10386	20.579456	8.289536	-6.0936513	2.361159
GGGACCTTCTGATACG	12	Elongating	14	Elongating	11626	24.482733	2.9332547	-7.493351	22.69086
CCATTCGAGAGTACCG	12	Elongating	14	Elongating	14508	24.615847	2.6595876	-7.5503187	22.947182
CAACCAAGTTGGGACA	12	Elongating	14	Elongating	13007	26.065392	2.1319447	-7.222135	24.195797
TTTGTCATCTTTCCTC	12	Elongating	11	Elongating	14118	22.759768	3.6671154	-3.8732593	7.0342183
TATCAGGCACCCAGTG	2	RoundSpermatid	1	RoundSpermatid	28209	11.470639	6.9199853	0.9002918	2.295632
GCGACCATCCGCAGTG	12	Elongating	14	Elongating	10248	25.938404	2.1054025	-6.9809623	24.351059
GATGCTACAGGGAGAG	12	Elongating	14	Elongating	18228	24.488003	2.700305	-7.772667	23.002516
CACCTTGTCTTTACAC	3	RoundSpermatid	3	RoundSpermatid	28833	11.329989	8.63906	-0.57037354	0.72641075
CAGAGAGTCTTACCGC	1	RoundSpermatid	2	RoundSpermatid	21437	10.307319	-0.46953732	10.716423	5.521302
AAAGTAGTCTGCTTGC	7	Elongating	11	Elongating	8105	20.962328	6.668246	-4.5929	4.4230013
CTAGCCTTCTATCCCG	12	Elongating	14	Elongating	9813	23.867594	3.1110017	-7.5895953	22.709242
GCTCCTAGTAGCGCTC	12	Elongating	14	Elongating	13594	25.653442	2.1921256	-7.293989	24.099747
CGATGGCCAGCTGCAC	5	RoundSpermatid	7	RoundSpermatid	17134	19.927105	16.7823	-10.250208	-5.520313
AACTCAGAGTTAGGTA	12	Elongating	11	Elongating	7808	22.508667	4.342219	-4.125178	6.7122555
ATGGGAGGTGGGTCAA	7	Elongating	11	Elongating	13423	20.961283	5.7549963	-4.8507113	4.6255817
ATTACTCCATTAGGCT	12	Elongating	11	Elongating	11240	23.02815	3.8231626	-3.8168645	6.979378
CGTCTACCACTCAGGC	12	Elongating	11	Elongating	23386	22.380196	3.5932415	-3.9014897	6.7633867
TACCTATAGCTAACTC	2	RoundSpermatid	1	RoundSpermatid	39667	9.971632	5.7356396	4.366584	3.2754471
GAGTCCGTCAACTCTT	0	RoundSpermatid	0	RoundSpermatid	31747	10.221758	1.7413596	6.994725	4.506729
GCGAGAAAGTAAGTAC	7	Elongating	11	Elongating	14147	21.61912	5.247786	-4.3221803	5.156362
TTCTACAAGTGCTGCC	12	Elongating	14	Elongating	8166	24.23999	2.9423769	-7.7612476	22.838648
GTAGGCCGTCGCTTCT	10	Spermatocyte	13	Spermatogonia	43713	35.091785	-5.095717	11.970136	1.9537768
CGACTTCTCGGTGTTA	7	Elongating	11	Elongating	19670	20.220484	7.494893	-5.6039963	3.2146006
CTAGTGACAGTATCTG	5	RoundSpermatid	7	RoundSpermatid	28727	18.051134	16.732782	-9.46204	-6.9995837
GAACATCCACGAAATA	5	RoundSpermatid	7	RoundSpermatid	17770	18.570744	17.059113	-10.232586	-7.2220335
GTGCATAAGAGGGCTT	3	RoundSpermatid	4	RoundSpermatid	24656	13.147938	9.250211	-0.6120008	-2.3203104
GTGCGGTTCCTTGCCA	3	RoundSpermatid	3	RoundSpermatid	43201	11.070354	8.228237	-0.5524079	1.0458751
ACCGTAACACGGTAGA	3	RoundSpermatid	3	RoundSpermatid	26350	11.847607	8.4052515	-0.21027365	0.58067673
CCACTACAGCCACGTC	10	Spermatocyte	13	Spermatogonia	15665	36.035194	-4.742918	12.932588	2.95014
TAGACCATCGAACGGA	3	RoundSpermatid	3	RoundSpermatid	27540	12.010131	7.959696	0.04196191	1.1055562
ATCATCTGTAGCCTAT	0	RoundSpermatid	1	RoundSpermatid	23730	10.877854	4.0902786	4.8391976	3.856515
ACATGGTTCCGAAGAG	10	Spermatocyte	13	Spermatogonia	16101	34.22581	-4.7628574	10.545341	2.1639102
TTCTCAAGTGCGAAAC	7	Elongating	8	Elongating	17443	20.528038	8.408474	-5.8308153	2.2802756
CTACACCCAGCGTAAG	7	Elongating	11	Elongating	15743	21.157768	5.3247027	-4.7391677	4.984398
TCAGCAAGTATGCTTG	4	Elongating	8	Elongating	35209	21.483658	12.165041	-7.6157217	-0.7675509
TATGCCCCAGTAGAGC	1	RoundSpermatid	2	RoundSpermatid	21189	10.781043	-0.8952493	10.976924	4.9135723
CAAGGCCGTATAGGTA	12	Elongating	11	Elongating	31238	22.43297	3.5588834	-4.175953	7.076281
GTCAAGTCAGCTATTG	4	Elongating	5	Elongating	28696	21.027426	14.956511	-8.831374	-2.6350403
AGAATAGTCCATTCTA	12	Elongating	14	Elongating	14177	25.847221	2.204019	-7.27628	24.340227
AAACCTGTCGCGTAGC	7	Elongating	11	Elongating	9663	21.128057	5.187787	-4.6922965	5.5652227
TACTCATGTGACCAAG	3	RoundSpermatid	3	RoundSpermatid	12620	12.930115	7.683586	0.3752168	0.5032094
GCAGCCATCTTTAGGG	12	Elongating	14	Elongating	20794	25.879326	2.007366	-7.092982	24.522896
GTACGTAGTGCAACTT	4	Elongating	8	Elongating	10200	20.792694	12.122324	-8.578228	-1.1608055
CATCAGATCCATGAAC	6	RoundSpermatid	6	RoundSpermatid	23483	15.123092	11.065793	-2.4305632	-6.569108
CAGCATAGTAGCACGA	4	Elongating	8	Elongating	35975	21.837906	11.612382	-7.002653	-0.1904954
CTGTGCTCACGACTCG	12	Elongating	14	Elongating	9562	25.090754	2.509212	-7.422083	23.36596
TACGGTAGTACAGTGG	9	Spermatocyte	10	Spermatocyte	25459	16.479044	-2.9722123	15.522316	2.450377
TCAGCTCGTCGACTAT	7	Elongating	11	Elongating	11161	21.33914	5.0468187	-4.6661716	5.4208755
GAATGAATCTCCAGGG	5	RoundSpermatid	7	RoundSpermatid	8330	18.23095	15.522706	-8.526258	-6.4359794
CCACCTACAGTAGAGC	11	Spermatocyte	10	Spermatocyte	14255	19.521114	-3.3609831	15.074476	0.40624487
CTTCTCTAGCTAGCCC	6	RoundSpermatid	6	RoundSpermatid	21144	15.482943	12.3429165	-3.103161	-6.979824
AGCTCCTTCAACTCTT	7	Elongating	8	Elongating	15183	20.834446	8.159451	-5.6933646	2.366139
CAGCATAGTATCGCAT	2	RoundSpermatid	1	RoundSpermatid	40740	11.750718	5.885581	1.8555001	2.3535736
TTAGGCACATGTAGTC	7	Elongating	11	Elongating	14628	20.389122	6.642763	-4.8149786	4.412153
CCTCTGAAGAGTACCG	4	Elongating	8	Elongating	19946	21.247692	12.235335	-7.6899037	-0.5220828
GCATGCGTCACGGTTA	7	Elongating	8	Elongating	17473	21.734287	10.122483	-6.36918	0.82824403
CCAATCCGTCTTGATG	12	Elongating	11	Elongating	11125	22.17952	3.9359286	-4.268229	6.7099886
GGCCGATTCGGCTTGG	6	RoundSpermatid	6	RoundSpermatid	10453	16.283737	13.63911	-4.994348	-7.1544166
AATCCAGCAAGAAGAG	4	Elongating	8	Elongating	18302	21.296478	12.483105	-7.801755	-1.1876528
TTTGCGCAGATGCCTT	4	Elongating	8	Elongating	21457	21.702333	12.25496	-7.601169	-0.74928725
CAAGTTGCACATGGGA	4	Elongating	8	Elongating	8838	20.219038	15.836255	-9.51303	-4.77969
AATCCAGAGATGTGGC	7	Elongating	8	Elongating	9019	21.31765	10.031753	-6.2567496	0.83376104
CGGACGTGTGTGACCC	1	RoundSpermatid	2	RoundSpermatid	26069	12.925977	-0.9881317	11.927921	4.5233235
GACGGCTAGTCTTGCA	12	Elongating	14	Elongating	11632	25.905664	2.231613	-7.2156634	24.51596
TGTCCCAGTACGACCC	3	RoundSpermatid	4	RoundSpermatid	23477	14.060293	8.771512	-0.7133045	-3.5971074
TTCGAAGTCTAACGGT	12	Elongating	14	Elongating	8171	23.908108	3.2879539	-7.48522	22.711512
ATAACGCAGCGAGAAA	4	Elongating	8	Elongating	11171	21.502111	11.2114105	-6.9594417	0.2534488
CAGAATCGTAAACCTC	4	Elongating	8	Elongating	13161	20.9815	13.452947	-8.313423	-1.6669722
GCTGCAGGTCAAGCGA	4	Elongating	5	Elongating	34238	19.821947	14.9456215	-9.960614	-3.1166523
TGTCCCACATCGGAAG	3	RoundSpermatid	4	RoundSpermatid	17940	14.177375	9.691865	-0.8396035	-3.9689875
ATCTACTGTAATAGCA	7	Elongating	8	Elongating	14070	22.001451	10.39229	-6.6407313	0.34318906
ATCGAGTGTCGTCTTC	3	RoundSpermatid	3	RoundSpermatid	21418	12.774408	7.6341925	0.48536435	1.7624031
CCCTCCTGTCTGCAAT	8	Spermatocyte	9	Spermatocyte	48740	25.473461	-3.629049	10.011064	1.0168889
AGACGTTCAGATCCAT	12	Elongating	14	Elongating	11141	25.584692	2.1346133	-7.326382	24.212751
ATTTCTGAGTGCGTGA	3	RoundSpermatid	3	RoundSpermatid	16958	11.966224	8.933752	-0.79834366	0.6842897
CATCCACGTGTGGTTT	10	Spermatocyte	13	Spermatogonia	15702	35.688625	-4.935978	12.415833	2.6772633
ACGGGTCCAGGATTGG	0	RoundSpermatid	0	RoundSpermatid	26897	10.447846	2.0619953	6.7757473	4.6761923
CGACCTTTCAGGTTCA	7	Elongating	11	Elongating	14936	20.214136	6.520089	-5.36152	4.636317
ATTTCTGAGTGATCGG	12	Elongating	14	Elongating	8305	25.52514	2.2532666	-7.507975	23.432049
TATGCCCCACCTCGTT	7	Elongating	11	Elongating	14778	20.804798	7.0760064	-5.449949	3.5154202
ACGCAGCAGCCACGTC	12	Elongating	11	Elongating	26859	22.586779	3.377967	-3.9641612	6.962434
CAAGATCCAAGCCATT	7	Elongating	11	Elongating	15940	20.827278	5.8069086	-5.0210357	4.918457
ATGAGGGTCTGGGCCA	7	Elongating	8	Elongating	10985	21.404829	10.116479	-6.373348	1.1703317
ACAGCCGTCACAACGT	3	RoundSpermatid	3	RoundSpermatid	32891	11.854676	8.1076975	-0.51781946	1.3451664
TGGCCAGGTGCCTGCA	1	RoundSpermatid	2	RoundSpermatid	25743	9.837429	0.10274232	9.473353	4.8479266
GGGCATCCATGGAATA	8	Spermatocyte	9	Spermatocyte	41539	24.798212	-3.2776573	9.70757	0.21935283
CGTCCATGTAAATACG	4	Elongating	8	Elongating	15806	21.147573	12.385766	-7.9017754	-0.98183304
TCATTTGAGTTAGCGG	7	Elongating	8	Elongating	9843	20.75957	7.950004	-5.7441235	2.0864093
TAAGAGACAATGAAAC	7	Elongating	8	Elongating	9261	20.795778	9.864241	-5.9997077	1.9112072
GGCGTGTCAGTTTACG	0	RoundSpermatid	0	RoundSpermatid	27353	10.384264	2.1246953	7.6856437	4.7024097
ATCACGATCCTCTAGC	7	Elongating	8	Elongating	16924	20.684025	8.254108	-5.7647777	2.734655
TGTGTTTTCCGTTGTC	7	Elongating	11	Elongating	19074	20.950283	5.4323883	-4.889149	5.1588955
GGAGCAAGTGTCAATC	4	Elongating	8	Elongating	22303	21.894907	11.16075	-7.020744	-0.05028035
GTGCAGCTCGACCAGC	12	Elongating	14	Elongating	9902	23.873018	3.297916	-7.6918216	22.705847
CACAGGCTCTCGAGTA	12	Elongating	11	Elongating	19369	22.943182	3.328368	-4.290775	7.1653457
CCATTCGCACAACTGT	3	RoundSpermatid	3	RoundSpermatid	31541	11.2919655	8.359441	-0.22340934	1.6640624
CATGGCGAGAAACCTA	1	RoundSpermatid	2	RoundSpermatid	45492	9.481056	-0.01700977	10.076143	5.057094
TCACGAAAGGAATTAC	4	Elongating	5	Elongating	17758	19.78403	15.220532	-10.018473	-3.4646719
CCAATCCGTTGCTCCT	12	Elongating	14	Elongating	19610	23.595228	3.2867696	-7.6269517	22.362614
TTCTTAGTCACGCATA	7	Elongating	8	Elongating	15279	21.065958	9.287998	-5.6270313	1.6779778
ATTCTACGTCTAAACC	8	Spermatocyte	9	Spermatocyte	45276	25.255125	-3.4563031	9.644807	0.66042286
TTGGCAATCAAGATCC	4	Elongating	5	Elongating	15757	20.253605	14.420509	-9.927387	-2.8834004
CTCGAGGCAGTCGTGC	6	RoundSpermatid	6	RoundSpermatid	34728	16.146952	10.852847	-2.4671183	-6.4139767
GCTGGGTTCGGCTACG	1	RoundSpermatid	2	RoundSpermatid	47587	10.144491	-0.86061215	10.853034	5.2452216
GCTGCGAGTCCATGAT	7	Elongating	8	Elongating	11277	21.104109	7.559278	-6.0272384	2.8791327
CACACTCCAGTCTTCC	6	RoundSpermatid	6	RoundSpermatid	19426	15.024776	11.76761	-2.4336765	-6.069462
TCAGGATGTAGAGGAA	3	RoundSpermatid	4	RoundSpermatid	31504	14.749051	8.982962	-1.2922466	-4.7081237
AAAGCAACAAGCTGAG	7	Elongating	8	Elongating	22692	20.803677	8.454928	-6.017682	2.3977778
TATTACCAGAAACCTA	6	RoundSpermatid	6	RoundSpermatid	34885	16.887321	12.665009	-4.6134877	-7.756507
ATGGGAGAGTCTCCTC	2	RoundSpermatid	1	RoundSpermatid	19292	10.997858	4.871214	4.417207	3.213747
CGATTGACAGGCTGAA	12	Elongating	11	Elongating	8272	23.54874	3.5831332	-3.721228	6.9599357
CATATTCCAGTAAGAT	2	RoundSpermatid	3	RoundSpermatid	73394	10.466806	6.938333	-0.031028902	1.5198039
AGCGTATCAACTTGAC	4	Elongating	5	Elongating	31437	19.666744	14.85016	-9.83693	-3.7063096
TGGTTCCCACGGCCAT	12	Elongating	14	Elongating	8305	25.312231	2.3974795	-7.4000845	23.524122
TCAACGATCGGCTTGG	4	Elongating	8	Elongating	11202	20.725555	12.88349	-8.34322	-1.5034406
CTACGTCCAGCGTTCG	7	Elongating	11	Elongating	12976	20.12663	6.776836	-5.625876	3.6092262
CGAACATTCGCCATAA	10	Spermatocyte	13	Spermatogonia	39585	35.73272	-5.25259	12.112179	2.6468713
TGAGCCGGTACTTCTT	0	RoundSpermatid	0	RoundSpermatid	29833	10.011851	3.306971	6.029498	4.8065143
TTTCCTCGTGACCAAG	12	Elongating	11	Elongating	10757	22.62497	3.594723	-3.684277	7.136118
CGATCGGGTAAAGTCA	1	RoundSpermatid	2	RoundSpermatid	19017	14.016329	-1.5766398	13.920878	4.0129137
TGCGTGGAGAGGTTAT	0	RoundSpermatid	1	RoundSpermatid	26073	11.2271595	4.3935704	4.0105133	3.4110775
CAACCTCTCTGGCGAC	7	Elongating	8	Elongating	14776	21.195415	9.685016	-6.392262	1.2653028
TCTGGAAAGAATCTCC	7	Elongating	8	Elongating	8770	21.015614	8.283019	-5.676614	2.3580627
CGATCGGAGTGCTGCC	3	RoundSpermatid	4	RoundSpermatid	17748	13.594219	8.341448	-0.3621714	-2.075259
ACGGCCATCCAAACAC	7	Elongating	11	Elongating	10622	21.048334	5.2574754	-4.582764	4.7678237
CATGCCTGTGTTGGGA	1	RoundSpermatid	2	RoundSpermatid	26271	10.237093	0.26845345	9.527114	5.8742547
TAGACCACACAGAGGT	4	Elongating	5	Elongating	15559	20.092497	14.258052	-9.834781	-2.5296803
GACTAACCAGGATCGA	11	Spermatocyte	12	Spermatocyte	13720	21.238892	-3.8035164	13.569302	0.38609973
CAGCCGAAGATCGATA	4	Elongating	5	Elongating	17088	20.986387	14.040867	-9.024994	-2.0773356
CTGGTCTCATTGGGCC	7	Elongating	11	Elongating	15731	20.243143	7.6084666	-5.7560353	3.3522892
GTTCATTGTTCGGGCT	0	RoundSpermatid	1	RoundSpermatid	27598	11.7824	4.125193	4.028923	3.3790348
CTACGTCAGCTGCCCA	12	Elongating	14	Elongating	8571	25.280632	2.3609931	-7.120432	23.963192
GAACGGACACTTGGAT	4	Elongating	5	Elongating	24002	20.654789	14.2184925	-9.104455	-2.115327
TAGCCGGAGATAGTCA	8	Spermatocyte	9	Spermatocyte	58777	23.327408	-3.1880162	10.5793705	-0.6702842
GGACAGACAAGGACAC	12	Elongating	14	Elongating	10193	25.915241	2.1350877	-7.138503	24.469471
TGTGGTATCATGTGGT	7	Elongating	11	Elongating	13953	20.411432	6.217432	-5.2705555	4.1030517
GAATAAGCAATCGGTT	7	Elongating	8	Elongating	15787	20.640696	7.784642	-5.865541	2.3607175
CAGCTGGCAAGGACTG	5	RoundSpermatid	7	RoundSpermatid	28524	19.380312	16.217474	-9.765147	-4.9604774
ACACCGGCATGTCCTC	1	RoundSpermatid	2	RoundSpermatid	22506	13.501289	-1.3495159	12.940589	5.142249
TATCAGGCAGTATCTG	12	Elongating	14	Elongating	35659	25.22888	2.5514846	-7.2105045	24.182795
TTTGGTTGTCCAAGTT	10	Spermatocyte	13	Spermatogonia	18416	35.26683	-5.1449533	12.063833	2.11814
CTCTAATTCCCGGATG	4	Elongating	5	Elongating	14222	19.574654	15.331223	-10.048716	-3.9412549
ACGATGTTCCGCTGTT	12	Elongating	14	Elongating	9967	24.027716	3.0135188	-7.7023807	22.585115
CAAGTTGGTTGTGGCC	4	Elongating	8	Elongating	24077	21.870502	11.022394	-6.8219423	0.11779067
CCTATTAAGACTAAGT	3	RoundSpermatid	3	RoundSpermatid	27219	11.489114	8.270412	-0.36835176	1.2930046
GGATGTTAGGTCGGAT	6	RoundSpermatid	6	RoundSpermatid	25136	16.247036	11.194716	-2.8255024	-6.82659
GATCGCGTCGGTGTTA	3	RoundSpermatid	3	RoundSpermatid	9758	12.079009	7.880231	0.0988557	2.0987694
TTTGTCAGTCCAGTTA	7	Elongating	8	Elongating	8964	21.006784	7.895169	-5.5959306	2.5334995
AGAGCGATCTCTAAGG	7	Elongating	8	Elongating	18065	20.440638	7.7068887	-5.893154	2.756283
GGGTCTGTCAGCAACT	7	Elongating	11	Elongating	8813	21.212091	5.9456153	-4.9708633	4.970907
TGTCCCACACTATCTT	0	RoundSpermatid	0	RoundSpermatid	8451	11.986882	3.2503512	5.0781603	4.356835
TCCCGATAGTAGTGCG	3	RoundSpermatid	3	RoundSpermatid	32241	12.712648	8.229032	-0.66030216	0.6959018
TACGGATTCACCCGAG	8	Spermatocyte	12	Spermatocyte	96656	22.230978	-4.250592	12.48668	0.43559995
GTATTCTTCTAACTCT	8	Spermatocyte	9	Spermatocyte	45829	23.779606	-4.448928	10.872138	0.1076768
CAAGAAAAGGTAGCCA	3	RoundSpermatid	3	RoundSpermatid	29697	11.329788	8.242781	-0.07869825	0.8435879
GTTCGGGCAGTCACTA	8	Spermatocyte	9	Spermatocyte	48946	24.046743	-3.0490463	10.1907425	-0.3966251
CAGGTGCCATGTCTCC	12	Elongating	14	Elongating	17704	23.408188	3.1319988	-7.7127094	22.59264
TTAGGCACATGGGAAC	2	RoundSpermatid	1	RoundSpermatid	38725	11.070897	5.5610337	3.9902544	3.3223386
CTAGAGTGTATAATGG	8	Spermatocyte	9	Spermatocyte	46973	24.433916	-3.3309186	9.753148	0.22796467
AAAGATGCACAGCGTC	2	RoundSpermatid	1	RoundSpermatid	27046	11.674828	5.6001444	2.8944018	2.6272388
CCCAATCCACCAGGCT	8	Spermatocyte	9	Spermatocyte	67025	24.224916	-3.4009655	10.307639	0.29558754
CTACGTCCATTACCTT	1	RoundSpermatid	2	RoundSpermatid	19444	11.21979	-1.3917725	12.111958	5.008086
TCATTTGGTTCGAATC	5	RoundSpermatid	7	RoundSpermatid	32583	19.803787	16.947992	-10.364649	-5.148994
GTAACGTAGCTAACAA	0	RoundSpermatid	1	RoundSpermatid	23200	11.8262205	4.4959702	2.9552011	3.3807077
ACCAGTAAGAATGTTG	0	RoundSpermatid	0	RoundSpermatid	18428	10.526738	2.194122	6.9244356	4.8818073
AATCGGTTCTGTACGA	8	Spermatocyte	9	Spermatocyte	63287	22.702065	-3.9401524	11.429322	-0.21544431
ATGCGATTCTCTGCTG	1	RoundSpermatid	2	RoundSpermatid	21996	12.384133	-1.2522444	12.424953	5.5251455
AACTGGTCATCACGAT	3	RoundSpermatid	3	RoundSpermatid	25231	11.33256	8.078092	0.2333007	1.3225604
TGCTACCGTGACTCAT	9	Spermatocyte	10	Spermatocyte	20866	17.60391	-3.1035967	15.443962	0.1370937
TTTATGCAGTCATCCA	1	RoundSpermatid	2	RoundSpermatid	22756	9.99095	-0.47327226	10.087895	5.9934096
TACCTTATCTTTACGT	3	RoundSpermatid	4	RoundSpermatid	24986	12.584098	9.508425	-0.40929914	-1.4539496
CTGTTTACATGGTCAT	3	RoundSpermatid	4	RoundSpermatid	33264	13.820208	9.315776	-0.6298088	-2.8944144
GTAGTCATCCAGAAGG	3	RoundSpermatid	4	RoundSpermatid	18349	12.396875	9.282071	-0.50341547	-0.94586015
CTGCGGATCCCTTGTG	0	RoundSpermatid	1	RoundSpermatid	25866	11.423101	4.4638324	4.2145157	3.5193138
GATCTAGTCTGCAGTA	3	RoundSpermatid	4	RoundSpermatid	25606	12.924724	9.526721	-0.7042527	-1.9209275
CTAACTTTCTCACATT	2	RoundSpermatid	1	RoundSpermatid	24327	11.25756	4.704714	1.3367622	3.483532
TGACAACAGCGTGTCC	0	RoundSpermatid	1	RoundSpermatid	19283	10.755331	3.9063554	5.268137	3.6791468
ACCAGTATCCTCATTA	10	Spermatocyte	13	Spermatogonia	11708	35.2441	-5.449566	12.327689	2.1438856
AGCTCCTGTGCCTGGT	0	RoundSpermatid	0	RoundSpermatid	22641	9.802852	1.9707463	7.4769745	4.7617955
CGTTAGATCACCAGGC	0	RoundSpermatid	0	RoundSpermatid	21159	10.246544	2.5574245	6.065424	4.7293158
GAGGTGATCCTGTAGA	2	RoundSpermatid	1	RoundSpermatid	18253	11.042068	5.2225404	5.0617585	3.6060152
GACGTTACAGCTGTGC	4	Elongating	8	Elongating	10740	21.375175	11.510563	-7.720521	-0.36856523
CGGACACCATCTCCCA	10	Spermatocyte	2	RoundSpermatid	12802	35.35594	-4.945469	11.457133	3.6216276
ACATGGTGTTATCACG	10	Spermatocyte	13	Spermatogonia	30027	35.497894	-4.8992133	11.549881	2.4106517
TGAGCATTCTGTACGA	12	Elongating	11	Elongating	10842	22.24797	4.30066	-4.3653226	6.1925
GTACGTATCATGTCCC	4	Elongating	5	Elongating	33540	20.773474	14.551849	-9.285012	-2.3572798
CGAGAAGAGAGCTGCA	1	RoundSpermatid	2	RoundSpermatid	38261	11.27799	-0.64523464	10.292523	5.370537
TTGAACGTCACCGTAA	7	Elongating	11	Elongating	10652	20.89475	6.602565	-5.3897653	4.422869
CACCTTGCAGGTGCCT	3	RoundSpermatid	4	RoundSpermatid	17291	12.98164	9.705232	-0.59519655	-2.0973618
CCTAAAGGTTGGGACA	2	RoundSpermatid	3	RoundSpermatid	14999	10.549948	7.325329	0.0035192443	1.9052755
CTGCTGTAGTCATCCA	0	RoundSpermatid	1	RoundSpermatid	22111	11.259736	2.6487653	1.8171405	4.0736403
GTAGGCCTCGTCACGG	0	RoundSpermatid	1	RoundSpermatid	33152	11.628724	4.5444646	3.557414	3.4222121
GAACCTAAGCGATCCC	4	Elongating	5	Elongating	8465	20.553846	15.473162	-9.154884	-3.5837104
GGGATGACAAGGTTTC	12	Elongating	11	Elongating	8423	22.755198	4.1585484	-4.036433	7.075365
GAACATCGTACATGTC	7	Elongating	11	Elongating	11218	20.579418	6.3864136	-5.6068544	4.402138
TGATTTCAGGCACATG	7	Elongating	11	Elongating	11994	21.615953	4.712441	-4.510812	5.6741166
AAAGCAACAGCCTTGG	4	Elongating	5	Elongating	16927	20.657293	13.46373	-9.425487	-2.3242762
TGACTTTTCCGTTGTC	2	RoundSpermatid	1	RoundSpermatid	29057	11.856175	5.0392375	2.2955751	2.7523632
CACTCCAGTCCAAGTT	7	Elongating	8	Elongating	8447	20.931913	7.7817802	-5.586135	2.830068
GTTACAGGTACTTCTT	4	Elongating	5	Elongating	18044	20.246988	14.401379	-9.90758	-2.7409046
AGCTCCTGTACAGTGG	7	Elongating	11	Elongating	19428	20.556843	6.3859024	-5.2304163	4.7300715
TTCGAAGCATACTACG	12	Elongating	11	Elongating	8758	22.771824	3.8952022	-3.7408102	6.439168
GCTGCGATCCACGACG	7	Elongating	11	Elongating	15893	20.201277	6.820522	-5.4127054	4.0384793
CGGACGTCAGGAACGT	2	RoundSpermatid	1	RoundSpermatid	23712	11.500221	6.052603	1.2177092	2.1412487
GGCCGATCATGTCCTC	1	RoundSpermatid	2	RoundSpermatid	18300	10.82365	-1.1577755	11.419691	5.299583
TGAAAGAAGTCGTACT	7	Elongating	8	Elongating	14207	21.270905	9.393169	-6.154313	1.2095332
TACCTATCACAGGTTT	12	Elongating	14	Elongating	9967	26.06099	2.0932739	-7.164212	24.455326
GTTCGGGGTCGGCATC	3	RoundSpermatid	3	RoundSpermatid	28299	12.010126	7.410817	0.14587806	2.2559206
TGCCCTAAGACAGACC	4	Elongating	8	Elongating	11718	21.012737	12.042466	-7.7925577	-0.6477963
CCTACCACATCTCCCA	7	Elongating	11	Elongating	21080	20.612299	6.1335607	-4.8818855	4.7850957
CCTACCAGTGACCAAG	3	RoundSpermatid	3	RoundSpermatid	10727	13.292759	7.2644463	0.6380003	1.0556775
GTGCAGCCAAGGGTCA	12	Elongating	14	Elongating	19406	25.772732	2.1310878	-6.990064	24.145462
GCAGCCACACCCATGG	4	Elongating	5	Elongating	14272	20.164055	14.706182	-9.836133	-3.0842857
GTTAAGCCATTTCAGG	3	RoundSpermatid	3	RoundSpermatid	21397	11.382741	7.3619533	0.23686372	1.9928778
ATCATGGCAAGAGTCG	7	Elongating	8	Elongating	19464	21.0117	9.056273	-5.917903	2.0457397
CGTTAGACAAGAAAGG	3	RoundSpermatid	4	RoundSpermatid	27783	12.563458	8.99575	-0.37020522	-1.1269579
GGGCATCGTCTTGCGG	7	Elongating	11	Elongating	8289	21.19568	5.365877	-4.518788	5.0286565
CGCTGGATCACCCGAG	5	RoundSpermatid	7	RoundSpermatid	34152	18.0559	16.51429	-9.552546	-6.652963
TGAAAGAGTCCGTCAG	4	Elongating	5	Elongating	10740	19.856712	15.323457	-9.603164	-3.4236298
CTCGGGATCTAGCACA	9	Spermatocyte	10	Spermatocyte	9788	17.549477	-2.896732	14.550067	2.0143683
ACGGGCTCAAACTGCT	11	Spermatocyte	12	Spermatocyte	8638	20.939854	-3.6340022	13.584802	0.40447977
CCTACCAGTTTGCATG	12	Elongating	11	Elongating	13027	22.12601	4.03924	-4.1519985	6.623207
CCTCTGATCCCAAGAT	4	Elongating	8	Elongating	22206	21.56395	11.68425	-7.5901613	0.08186914
TCAGCTCCAGGTGGAT	7	Elongating	11	Elongating	8002	21.333725	5.4180064	-4.920609	5.38245
TGCCAAAAGAAGGTTT	4	Elongating	8	Elongating	13680	21.008162	12.347578	-8.069271	-0.67517096
TCGGGACCAGTCAGCC	12	Elongating	14	Elongating	10015	24.220486	3.0199099	-7.762908	22.91508
CCGTACTTCGCCCTTA	12	Elongating	14	Elongating	8948	23.791517	3.3723285	-7.600687	22.442308
GCGGGTTTCGGCCGAT	6	RoundSpermatid	6	RoundSpermatid	23132	16.413467	13.17305	-4.5013494	-7.371026
CCGTGGAAGTAATCCC	1	RoundSpermatid	2	RoundSpermatid	20490	9.597573	-0.37237564	9.92503	5.884745
TGAGGGATCGTCCGTT	11	Spermatocyte	10	Spermatocyte	17414	19.41898	-3.4447367	14.721137	0.5281608
CATCGAAGTTTGGCGC	4	Elongating	8	Elongating	16247	21.4154	11.8321	-7.2531276	-0.3729857
GTAACTGCATGTCCTC	10	Spermatocyte	13	Spermatogonia	13594	35.004417	-5.4909244	12.258178	2.047381
CTCACACCATTGAGCT	12	Elongating	11	Elongating	9141	22.549145	4.0321603	-4.246733	6.793585
ACTTTCACACTATCTT	12	Elongating	11	Elongating	8321	23.3768	3.7899652	-3.645474	6.301688
CCACGGAAGCCAGTAG	10	Spermatocyte	9	Spermatocyte	44942	33.369953	-4.4909678	9.609301	1.5717883
AAGGTTCTCAGGCCCA	12	Elongating	14	Elongating	9344	24.49476	2.8124323	-7.427638	23.103062
GCCTCTAAGCTAGCCC	4	Elongating	7	RoundSpermatid	9466	19.364609	15.390267	-9.851254	-4.808343
CTGATCCAGGGTTCCC	12	Elongating	14	Elongating	8891	25.075098	2.4930387	-7.66517	23.355991
CTCGTACCATCGACGC	7	Elongating	11	Elongating	22312	20.15546	7.2422013	-5.4858418	4.1478667
ATTTCTGCAGATCGGA	7	Elongating	8	Elongating	11345	21.692745	10.665059	-6.396958	0.44875565
AACCGCGTCCGCGTTT	7	Elongating	8	Elongating	7760	21.305235	10.238538	-6.5519423	0.9167961
ATTATCCTCACGCGGT	10	Spermatocyte	9	Spermatocyte	35477	33.091164	-4.9144382	9.895121	1.3178552
AACACGTAGATGAGAG	12	Elongating	11	Elongating	8781	22.76669	4.245217	-3.8754852	6.310544
CCACTACCACCAACCG	0	RoundSpermatid	0	RoundSpermatid	37842	10.291827	1.4216316	8.0561905	4.406024
CTCAGAAAGCTAGGCA	3	RoundSpermatid	4	RoundSpermatid	10451	13.591019	8.008297	-0.7602665	-1.8838046
CATCGGGTCTTTACAC	5	RoundSpermatid	7	RoundSpermatid	17783	17.090284	15.200394	-7.844921	-7.4186187
CCGGTAGGTTAAAGAC	7	Elongating	11	Elongating	7879	20.951561	6.935372	-5.094452	3.7407763
TCAGATGTCCAATGGT	12	Elongating	11	Elongating	9187	21.90233	4.4256606	-4.2356668	6.0603743
ACACCAATCGTCTGAA	4	Elongating	5	Elongating	14463	19.718035	14.9679985	-9.801851	-3.130172
GTCAAGTTCACATGCA	3	RoundSpermatid	3	RoundSpermatid	25579	12.052316	9.007203	-0.5563496	0.6616929
TAGCCGGGTGTTCTTT	7	Elongating	8	Elongating	18301	20.840485	8.824344	-5.8468394	2.1542606
TGGGCGTGTACCTACA	10	Spermatocyte	13	Spermatogonia	14998	35.14605	-4.7761836	11.774734	3.0774446
TAGAGCTCATGCCTAA	10	Spermatocyte	13	Spermatogonia	17270	34.61508	-5.0383058	11.162653	2.2951488
ATTACTCGTAATCACC	7	Elongating	11	Elongating	13872	20.741066	5.8184495	-4.9285398	4.891075
GTCTCGTGTCTAAAGA	7	Elongating	8	Elongating	11557	20.946882	8.256472	-6.2414646	2.4720085
TACGGTAAGCCCAACC	2	RoundSpermatid	1	RoundSpermatid	22456	12.021687	5.18586	3.301836	3.2144706
GTACTCCCAGACGCCT	11	Spermatocyte	12	Spermatocyte	8516	20.499317	-3.9361894	14.046102	0.47653535
GATCAGTGTTCGTGAT	4	Elongating	8	Elongating	15366	20.766958	12.155878	-7.987994	-0.3945326
CTTCTCTGTACGACCC	7	Elongating	8	Elongating	14920	21.826948	10.084427	-6.520327	0.87400925
AACGTTGAGCCGGTAA	11	Spermatocyte	12	Spermatocyte	11806	21.216576	-3.6578803	13.692394	0.4761
CCTTCCCAGACTACAA	7	Elongating	8	Elongating	14571	21.692097	10.438521	-6.4456263	0.50167227
TCTGAGATCACCCTCA	11	Spermatocyte	12	Spermatocyte	52372	19.817104	-5.363256	14.352124	-1.0474141
GGCCGATTCATATCGG	9	Spermatocyte	10	Spermatocyte	19757	18.425549	-3.2941914	14.335454	1.3980002
CAGAATCTCCTGCCAT	7	Elongating	8	Elongating	11999	20.790659	9.540517	-5.9085846	1.8747997
AGCAGCCTCGTTTAGG	0	RoundSpermatid	1	RoundSpermatid	24048	10.605353	3.7916272	5.316145	4.008792
AATCCAGAGCCAGAAC	7	Elongating	8	Elongating	19513	20.288311	7.862955	-5.7678094	2.9177213
TACTTGTAGCGTCAAG	10	Spermatocyte	13	Spermatogonia	35540	35.271095	-5.5002704	11.971083	2.3136647
GTAGTCACAGAGCCAA	0	RoundSpermatid	0	RoundSpermatid	40258	9.508275	2.3791673	6.622646	4.746883
CACACAAAGAAGATTC	0	RoundSpermatid	1	RoundSpermatid	27073	10.879075	4.9061575	4.2568574	2.9282498
CGTCAGGGTGGTACAG	4	Elongating	5	Elongating	11465	19.612473	15.115555	-9.950217	-3.6724145
GCGACCACAGATGGCA	0	RoundSpermatid	0	RoundSpermatid	25153	10.675299	1.6011413	7.27926	5.321172
CACACTCAGCGATTCT	0	RoundSpermatid	0	RoundSpermatid	22963	10.45188	3.1041794	6.3008366	4.3319783
ATAGACCTCGCAAGCC	2	RoundSpermatid	1	RoundSpermatid	26224	11.061985	7.155828	1.5119207	2.150683
AAGTCTGGTCATCGGC	11	Spermatocyte	12	Spermatocyte	50250	20.08302	-5.373537	13.849446	-1.1548142
ACTGTCCAGACACTAA	1	RoundSpermatid	2	RoundSpermatid	23689	12.138734	-0.56057507	12.656655	5.4260216
TATTACCTCGGAAATA	6	RoundSpermatid	6	RoundSpermatid	14185	16.793236	11.235224	-3.8696325	-7.848631
GACGTGCAGCGATGAC	7	Elongating	8	Elongating	13925	21.930601	10.596652	-6.5112176	0.4720897
CATATGGTCCTTTCTC	4	Elongating	8	Elongating	16636	21.903612	11.159133	-6.9371624	-0.09354019
CTCACACCAAGTTCTG	0	RoundSpermatid	2	RoundSpermatid	30626	10.968767	1.8438213	10.365791	4.093756
CAGCTGGGTACGCACC	7	Elongating	11	Elongating	15264	21.487806	4.860449	-4.454612	5.557457
GGGATGAGTATCAGTC	4	Elongating	5	Elongating	11333	19.622942	15.607969	-9.822677	-3.8368983
TGAGCCGTCACAACGT	3	RoundSpermatid	4	RoundSpermatid	32394	14.110779	9.188564	-0.8305241	-3.3861206
AGAGCTTTCGCAAGCC	0	RoundSpermatid	0	RoundSpermatid	30065	9.800986	2.235385	7.811136	4.903777
GGACAGACAAGAAGAG	10	Spermatocyte	13	Spermatogonia	18619	34.995052	-4.8326883	11.814519	2.8437686
GGTGCGTCAGTTCATG	7	Elongating	11	Elongating	15961	21.691732	4.7741385	-4.5496173	5.659506
CGTCTACGTCAGATAA	3	RoundSpermatid	1	RoundSpermatid	21794	11.631618	6.9993796	1.3354205	2.6146865
AAGGAGCGTCATATCG	7	Elongating	11	Elongating	7692	20.465748	5.7935543	-5.201484	4.6590853
CAGTAACGTCGCCATG	1	RoundSpermatid	2	RoundSpermatid	52169	10.10354	0.05430403	9.619338	5.490724
GAAATGATCGCTTGTC	12	Elongating	11	Elongating	8604	23.217993	3.5209193	-3.98982	7.1783442
GAGCAGAAGCCAGAAC	11	Spermatocyte	10	Spermatocyte	25884	19.659588	-3.615758	14.984711	-0.26643115
AGGTCATTCACATAGC	8	Spermatocyte	9	Spermatocyte	72529	23.00948	-4.1702037	11.4588375	-0.22380829
TTAGGACTCTCACATT	10	Spermatocyte	13	Spermatogonia	15983	36.12075	-5.1025486	13.014841	2.7999213
CTGAAACTCTGTCCGT	4	Elongating	5	Elongating	16625	20.33556	15.748854	-9.24902	-3.6055279
CACACAAGTCCGAAGA	2	RoundSpermatid	1	RoundSpermatid	25322	11.551027	5.918603	1.3831972	2.7516625
TACTTACGTAGCTTGT	10	Spermatocyte	9	Spermatocyte	46289	33.18744	-4.3716655	9.859341	1.3782336
GCAGCCACAGTGGGAT	7	Elongating	8	Elongating	10204	20.689236	9.134758	-6.286904	1.7606066
CTGCCTAAGAGTGAGA	0	RoundSpermatid	0	RoundSpermatid	24478	11.577233	1.7902951	7.6380544	5.557222
ACATGGTAGGAGTCTG	3	RoundSpermatid	4	RoundSpermatid	23998	14.4760475	9.422757	-0.7620727	-3.9803636
ATAGACCTCTGCGGCA	7	Elongating	11	Elongating	17081	20.125061	7.6569343	-5.6770988	3.304245
CGCGTTTGTTGTCGCG	3	RoundSpermatid	3	RoundSpermatid	22430	12.477008	8.075804	-0.7374008	1.2706908
ACACCAACATTGTGCA	1	RoundSpermatid	2	RoundSpermatid	22958	11.558027	-0.9984603	11.09066	5.659467
GTCACAAGTCCAGTTA	5	RoundSpermatid	7	RoundSpermatid	19769	18.558678	16.380598	-9.847814	-6.371645
CTACGTCCAGGATTGG	3	RoundSpermatid	4	RoundSpermatid	19062	14.027087	8.3455925	-0.9052357	-2.5594275
CGAGCACCAAGTTAAG	2	RoundSpermatid	1	RoundSpermatid	28519	11.375921	6.454789	1.6115274	2.173945
GTTCATTCACTGTCGG	8	Spermatocyte	12	Spermatocyte	88247	22.900352	-5.216262	12.515748	-0.024776174
CTGGTCTGTTCGTCTC	1	RoundSpermatid	2	RoundSpermatid	17350	13.150491	-1.0692072	13.416001	4.5674357
CATCGAATCCTCATTA	8	Spermatocyte	9	Spermatocyte	70793	23.081512	-3.8436782	11.318034	-0.42483917
TTTATGCGTCACCTAA	0	RoundSpermatid	0	RoundSpermatid	23545	9.557736	2.2463362	7.954509	4.6836867
CCCAGTTCAAGGGTCA	12	Elongating	11	Elongating	10391	22.828066	4.02098	-3.617186	6.7311964
CCGGTAGGTTACGGAG	8	Spermatocyte	9	Spermatocyte	80531	22.882448	-3.5230472	11.710055	-0.3643339
TACGGGCAGAGGTTAT	10	Spermatocyte	13	Spermatogonia	27450	36.009686	-5.2341933	12.610208	3.073656
TAGTTGGGTGTGGTTT	8	Spermatocyte	9	Spermatocyte	52818	23.35252	-3.9566877	10.882229	-0.1514027
TGGCGCAGTCCGTGAC	11	Spermatocyte	12	Spermatocyte	55073	20.036764	-5.2753916	14.348705	-1.1329468
CTACACCCACTATCTT	8	Spermatocyte	12	Spermatocyte	62649	23.300385	-5.6789994	12.193611	-0.6675375
GATGCTAGTCTTGCGG	9	Spermatocyte	10	Spermatocyte	43610	17.931095	-3.5749488	15.047663	0.8832968
ACACTGAAGGCTAGGT	10	Spermatocyte	13	Spermatogonia	19229	35.184093	-4.669149	11.555951	2.7321932
AAATGCCGTGGCAAAC	8	Spermatocyte	9	Spermatocyte	25144	23.88387	-4.6569858	11.134517	0.5816933
TGTATTCCAATGTTGC	8	Spermatocyte	12	Spermatocyte	84512	22.490417	-4.6232333	12.314678	0.37577483
CGATGGCGTCGAATCT	0	RoundSpermatid	0	RoundSpermatid	23464	10.59424	1.3113889	8.395467	5.259783
CTGAAACCAGAAGCAC	10	Spermatocyte	13	Spermatogonia	19370	36.180077	-4.8770223	12.878937	2.9626403
GGAAAGCGTAGCGCAA	10	Spermatocyte	13	Spermatogonia	20666	35.693146	-4.7478104	11.965535	2.5046396
GCAGCCACACAGGCCT	11	Spermatocyte	12	Spermatocyte	40914	22.03137	-3.7289348	12.55089	0.11046344
CCGTACTGTGCCTGGT	10	Spermatocyte	13	Spermatogonia	12967	36.1095	-4.9632874	12.990113	2.8156753
GATCAGTTCGACGGAA	11	Spermatocyte	12	Spermatocyte	24775	20.33963	-4.6808524	13.470467	-1.1586279
GACACGCAGATGTAAC	10	Spermatocyte	13	Spermatogonia	18820	35.6798	-4.5695496	12.134473	2.7896347
TTTATGCTCCGCATCT	10	Spermatocyte	9	Spermatocyte	25657	33.640587	-5.288248	9.8596945	1.6590458
GCTGCTTCATCGGGTC	11	Spermatocyte	12	Spermatocyte	9296	21.29022	-3.6470451	13.25926	0.41482744
GGGTTGCGTGATGTGG	10	Spermatocyte	9	Spermatocyte	32734	33.323807	-4.675289	9.684624	1.6562687
GTCACAAGTCTCGTTC	1	RoundSpermatid	2	RoundSpermatid	26791	11.747092	-1.0409553	12.26011	5.7955146
CTCTACGAGAGTCGGT	8	Spermatocyte	12	Spermatocyte	78165	23.586393	-5.980674	12.562063	-0.9779814
ACGAGGAGTAGGGACT	8	Spermatocyte	9	Spermatocyte	53592	24.81281	-3.1572943	9.6584	0.46291265
GTGGGTCTCTCTTGAT	10	Spermatocyte	13	Spermatogonia	31592	34.984215	-5.0923405	11.287001	2.5155203
CTCTGGTCATGGTTGT	1	RoundSpermatid	2	RoundSpermatid	20675	13.278169	-1.412733	12.420907	5.136559
GATCGATCATTCCTCG	11	Spermatocyte	12	Spermatocyte	54822	19.884413	-5.307988	13.079022	-0.76488876
TAAGCGTGTACCGAGA	0	RoundSpermatid	1	RoundSpermatid	26034	11.285994	4.5862365	4.608077	3.389778
GTAGTCAGTATAGGTA	10	Spermatocyte	13	Spermatogonia	37050	35.23761	-4.9641457	11.844393	1.9613817
AGCTCTCCAGTGACAG	10	Spermatocyte	13	Spermatogonia	19915	35.687412	-5.1752043	12.231104	2.817577
GGTGCGTGTGTAATGA	10	Spermatocyte	13	Spermatogonia	15994	35.143444	-5.3092375	11.526591	2.8027432
TTGAACGGTGTGACGA	8	Spermatocyte	9	Spermatocyte	40829	32.897057	-4.2758894	9.564036	0.82602113
TATGCCCGTTCGCTAA	10	Spermatocyte	13	Spermatogonia	11297	36.038464	-5.4086094	12.8977995	2.6215782
AACACGTTCCACGACG	10	Spermatocyte	13	Spermatogonia	14853	35.952084	-5.574688	13.09421	2.7350159
TACTCATCAACTTGAC	10	Spermatocyte	9	Spermatocyte	42792	33.481693	-4.9734755	9.693243	1.8200592
CGTTCTGAGGGATGGG	1	RoundSpermatid	2	RoundSpermatid	18086	12.13418	-0.98638815	12.260837	5.5036097
CTAATGGGTCTTGCGG	8	Spermatocyte	9	Spermatocyte	41941	24.969501	-3.239281	9.708329	0.3748533
TCACGAAGTTGATTCG	10	Spermatocyte	13	Spermatogonia	11236	35.65366	-5.283887	12.728068	2.9963436
CCCAATCGTACAAGTA	10	Spermatocyte	9	Spermatocyte	37143	34.039154	-4.947634	10.261368	2.071883
CTCTAATAGTCGTACT	8	Spermatocyte	9	Spermatocyte	48303	24.76312	-3.2152393	9.5640135	0.008832656
GAACCTAAGTCGATAA	10	Spermatocyte	9	Spermatocyte	37371	33.85764	-4.6944165	10.05757	1.9968343
CATGGCGCAAGACGTG	8	Spermatocyte	12	Spermatocyte	112011	23.576454	-5.9655347	12.696619	-1.1953899
GACACGCGTGAGGGTT	10	Spermatocyte	13	Spermatogonia	19725	35.663387	-5.2986684	12.564239	2.521355
TCATTTGTCACCGGGT	8	Spermatocyte	9	Spermatocyte	44094	24.344412	-3.3736212	9.646446	-0.14324737
CCACGGACACCAGATT	10	Spermatocyte	13	Spermatogonia	9300	35.37042	-5.60577	12.744965	2.3405511
GTTACAGCAGCCAGAA	10	Spermatocyte	9	Spermatocyte	42300	33.584957	-4.7036896	9.78783	2.0139015
CGATCGGCACTTAACG	8	Spermatocyte	9	Spermatocyte	44832	22.63051	-3.4220521	11.279785	-0.3543884
GGATTACTCAAGAAGT	8	Spermatocyte	12	Spermatocyte	58568	22.870773	-4.8338766	12.196384	0.41135755
TTGCCGTCACAGCCCA	10	Spermatocyte	2	RoundSpermatid	10209	35.08302	-4.276571	11.601857	4.0942397
CATGGCGAGCAAATCA	10	Spermatocyte	13	Spermatogonia	12781	34.42501	-5.600032	11.81299	1.6465065
CGTGTAAGTTAAGAAC	0	RoundSpermatid	0	RoundSpermatid	11316	10.565509	2.0212615	6.1451945	4.328833
CCTCTGATCGAACTGT	9	Spermatocyte	10	Spermatocyte	23727	16.049503	-3.0094643	14.625799	2.7904663
GGTGCGTAGGACGAAA	0	RoundSpermatid	1	RoundSpermatid	17546	10.974002	4.691427	3.6814694	3.5425458
ATCACGAAGTAACCCT	3	RoundSpermatid	3	RoundSpermatid	16101	11.855871	9.276817	-0.5134798	0.3726293
GAACCTAAGCGTGTCC	2	RoundSpermatid	1	RoundSpermatid	24142	12.073315	6.204277	1.6005259	2.6123307
GCTTCCACAATGTTGC	2	RoundSpermatid	1	RoundSpermatid	20722	10.314991	6.2603416	3.024409	2.7762458
CAAGTTGTCCCTGACT	10	Spermatocyte	13	Spermatogonia	20268	35.835323	-5.3755684	12.034922	2.7025335
TGTGGTATCTACCAGA	10	Spermatocyte	13	Spermatogonia	21938	35.085476	-5.193764	11.628215	2.435904
CGTGTAAAGACCTTTG	1	RoundSpermatid	2	RoundSpermatid	11945	10.5266905	-0.88432604	10.390205	5.406461
CATCAGATCCGAATGT	10	Spermatocyte	13	Spermatogonia	19695	35.778843	-4.6339107	12.609895	2.8014815
GGCTCGAGTCGATTGT	11	Spermatocyte	10	Spermatocyte	23156	20.036562	-3.7058983	14.955182	0.71777683
CTGTGCTTCCCTAACC	10	Spermatocyte	13	Spermatogonia	21977	36.182095	-5.0181594	12.914984	2.9092686
ACTTTCAGTGCACTTA	10	Spermatocyte	13	Spermatogonia	13668	35.63116	-5.394433	13.048088	2.975919
GCTGCGAAGCGATGAC	10	Spermatocyte	13	Spermatogonia	19728	35.543865	-5.194344	12.255459	3.4764318
TTGCGTCAGAGATGAG	10	Spermatocyte	13	Spermatogonia	18799	35.4426	-4.718978	12.160317	2.5260625
GCACATAGTGAAGGCT	10	Spermatocyte	13	Spermatogonia	28313	34.357845	-4.65759	11.223242	1.9947146
CAGATCAAGTCCCACG	12	Elongating	11	Elongating	8979	22.644222	3.757673	-3.5348651	7.1500916
GCGCGATCAGGACCCT	7	Elongating	11	Elongating	16274	20.26418	6.130107	-5.0402694	4.236253
CATGGCGAGACTCGGA	10	Spermatocyte	13	Spermatogonia	10709	35.317364	-4.8459334	12.525061	3.222501
ATAACGCGTCGGCTCA	7	Elongating	11	Elongating	8287	21.512201	4.930943	-4.336695	5.836106
CGTCTACTCCTGTAGA	9	Spermatocyte	10	Spermatocyte	23645	17.405727	-3.3752613	14.949004	1.7084295
CCTTCGAGTACATGTC	1	RoundSpermatid	2	RoundSpermatid	16978	9.63449	-0.058199093	9.84513	4.6503606
CCCAGTTGTTTGGGCC	8	Spermatocyte	9	Spermatocyte	41709	25.219418	-3.534096	10.28583	0.8393899
CTCAGAAGTCTCCCTA	6	RoundSpermatid	6	RoundSpermatid	16666	16.834991	12.003387	-4.2619357	-7.9259105
ATTACTCAGCGAGAAA	5	RoundSpermatid	7	RoundSpermatid	16585	20.05531	16.563284	-10.2017975	-5.249605
GGATTACAGGTGCACA	8	Spermatocyte	9	Spermatocyte	43812	24.94304	-3.34753	9.7345085	0.23777796
GCCTCTAAGGCTACGA	6	RoundSpermatid	6	RoundSpermatid	21704	16.357492	13.243585	-4.0323057	-7.313984
CAGTCCTAGAATTCCC	11	Spermatocyte	10	Spermatocyte	26539	19.405708	-3.982203	15.571062	-0.19686712
CGTAGGCCATCCGTGG	9	Spermatocyte	10	Spermatocyte	25588	17.397041	-3.3406475	14.681573	1.2137413
GTGCTTCAGCGATCCC	10	Spermatocyte	13	Spermatogonia	21625	35.350937	-5.0505066	11.547174	2.7393763
CACAGGCAGCTATGCT	10	Spermatocyte	13	Spermatogonia	21323	36.041775	-5.5365496	13.102615	3.0085804
CAAGAAACAGCGTAAG	10	Spermatocyte	13	Spermatogonia	9200	35.901028	-4.757562	12.948407	2.659055
CCTACACCAGCTGTAT	8	Spermatocyte	9	Spermatocyte	53843	24.059587	-3.8108335	10.164098	-0.052801862
TTTGTCATCTGTCCGT	10	Spermatocyte	9	Spermatocyte	25443	33.86971	-5.038198	9.963593	1.6730299
CCACGGACATCATCCC	8	Spermatocyte	12	Spermatocyte	85063	22.951048	-4.5189323	12.238046	0.29803908
CTCGAAAAGGGAAACA	8	Spermatocyte	12	Spermatocyte	101679	23.422754	-5.79366	12.7853775	-0.7752192
GTGCGGTGTCGCATCG	10	Spermatocyte	9	Spermatocyte	34497	33.422012	-4.5479784	9.785833	1.8096871
TGTCCCAAGTGGTAAT	10	Spermatocyte	9	Spermatocyte	32380	33.950317	-4.6840987	9.932173	2.154057
CGAGCACGTTCGCTAA	10	Spermatocyte	13	Spermatogonia	20438	35.110447	-4.8151135	11.254021	2.5072036
GCGCGATCACCATGTA	1	RoundSpermatid	2	RoundSpermatid	24549	13.351686	-1.5231469	12.734727	5.2512097
TTTCCTCGTTCAGCGC	1	RoundSpermatid	2	RoundSpermatid	22102	10.074925	0.68806005	9.512143	5.2795124
CAGAGAGGTAGATTAG	1	RoundSpermatid	2	RoundSpermatid	26726	10.52537	-0.27927807	9.271773	5.5916686
AAGGCAGAGTCGTACT	6	RoundSpermatid	6	RoundSpermatid	7998	17.305653	12.932201	-4.4086685	-7.8780913
TTTACTGTCTATCCCG	7	Elongating	11	Elongating	11603	21.051397	6.195744	-4.614463	4.9732943
AGAATAGAGATGTCGG	10	Spermatocyte	9	Spermatocyte	26138	34.163223	-4.8685455	10.134574	2.2072506
ACACCCTGTCTGCGGT	11	Spermatocyte	12	Spermatocyte	50094	20.682251	-4.712439	13.434051	-1.2090147
AGCAGCCCACGAGGTA	11	Spermatocyte	10	Spermatocyte	71288	19.082556	-4.3923225	15.090033	-0.66964966
CCTCTGAGTGCCTTGG	9	Spermatocyte	10	Spermatocyte	19391	17.623013	-3.0470808	14.908689	1.3736024
TGGACGCGTCAAAGCG	0	RoundSpermatid	1	RoundSpermatid	19990	11.616795	3.0421097	5.065607	4.8322473
GACTAACCATCCTTGC	11	Spermatocyte	10	Spermatocyte	45372	19.440807	-4.07506	15.197914	-0.55117726
CAGCAGCAGGAACTGC	11	Spermatocyte	10	Spermatocyte	57635	19.480968	-5.0380015	14.853463	-0.9290154
AGATTGCTCGGCGCAT	9	Spermatocyte	10	Spermatocyte	42513	17.34131	-3.65574	15.738402	1.4407808
ACGATGTGTTTGTGTG	2	RoundSpermatid	1	RoundSpermatid	25213	11.969888	6.138424	1.2832078	2.045771
AGAATAGTCGCTTGTC	8	Spermatocyte	9	Spermatocyte	66291	23.01408	-3.611437	10.861433	-0.4225912
GCCAAATCAGGTCCAC	8	Spermatocyte	12	Spermatocyte	88379	23.655432	-5.4209905	12.528979	-0.9860132
CGTTAGATCGCTTAGA	1	RoundSpermatid	2	RoundSpermatid	13092	10.459273	0.3470651	9.621125	4.328861
CGTTCTGGTGCTTCTC	10	Spermatocyte	13	Spermatogonia	17999	34.45494	-4.9227414	11.394707	2.292949
CGATTGATCCTTTACA	11	Spermatocyte	12	Spermatocyte	115975	20.66897	-4.918441	13.630592	-0.8502718
CCACGGAAGAAGGGTA	11	Spermatocyte	10	Spermatocyte	46985	19.28407	-4.3520555	15.046633	-0.8958482
TGCGCAGCATTGAGCT	11	Spermatocyte	10	Spermatocyte	24009	18.823694	-3.6905951	14.915182	0.14498599
AATCCAGTCATGCTCC	10	Spermatocyte	13	Spermatogonia	21031	35.60398	-4.8456435	12.256601	2.5470743
ACTGCTCAGGGTGTGT	11	Spermatocyte	10	Spermatocyte	29279	19.523077	-3.5193534	14.368178	0.8002529
AACTCCCGTAATTGGA	9	Spermatocyte	10	Spermatocyte	27217	15.885635	-2.6677294	14.40341	3.0135224
CTCTAATAGCGCCTTG	8	Spermatocyte	12	Spermatocyte	75753	23.116043	-5.0989866	12.142928	-0.26660347
TGCTGCTTCCTGCCAT	9	Spermatocyte	10	Spermatocyte	27335	17.079058	-3.5892112	15.426138	1.3037188
AGGCCACGTAGCGATG	11	Spermatocyte	10	Spermatocyte	22014	20.009966	-3.6885948	14.866449	0.13739888
TATCTCATCGCAGGCT	11	Spermatocyte	12	Spermatocyte	36161	20.318262	-5.0866857	13.548977	-0.8788913
CAAGATCCAAGTTGTC	10	Spermatocyte	2	RoundSpermatid	10830	12.169424	1.0355483	11.400162	4.159788
CTAGAGTAGATCCCAT	10	Spermatocyte	9	Spermatocyte	33963	34.021416	-4.8960767	10.628249	1.8827994
AGTGAGGAGCTAACTC	1	RoundSpermatid	2	RoundSpermatid	24708	10.975328	0.04680857	9.292369	5.6766186
GGGAGATAGGAACTGC	11	Spermatocyte	10	Spermatocyte	53715	19.33433	-4.283703	15.276492	-0.5329914
GCGACCACACATCCGG	9	Spermatocyte	10	Spermatocyte	36002	16.269674	-2.7505264	15.480504	2.5058398
CTGGTCTCATAGAAAC	11	Spermatocyte	12	Spermatocyte	39654	21.727333	-4.002796	13.106598	0.08720857
TGCGGGTCATTACCTT	11	Spermatocyte	12	Spermatocyte	31586	20.777401	-4.849465	13.664331	-0.71214896
CCTATTACATGAGCGA	11	Spermatocyte	12	Spermatocyte	14107	20.874634	-3.7082005	13.632337	0.044175632
TGGCTGGTCACAGTAC	11	Spermatocyte	12	Spermatocyte	12692	21.337421	-3.6272871	13.113635	0.267399
GCTCTGTGTTTAGCTG	0	RoundSpermatid	0	RoundSpermatid	19361	11.300324	1.626943	8.190851	5.1984034
CCTACACGTCCAGTTA	8	Spermatocyte	9	Spermatocyte	60379	23.229343	-3.9010186	11.266137	-0.2414804
GATGAAAGTCAATGTC	11	Spermatocyte	12	Spermatocyte	38341	20.863169	-4.352047	13.486293	-0.80559385
CGTCTACCATTCCTGC	9	Spermatocyte	10	Spermatocyte	28286	18.234356	-3.5847054	15.452664	0.17423514
GTCTTCGAGGGTATCG	10	Spermatocyte	9	Spermatocyte	30878	33.245945	-4.793325	9.648611	1.4518776
TTCTCAAAGACAGAGA	1	RoundSpermatid	2	RoundSpermatid	22486	13.653248	-1.3921868	14.064452	4.1283035
AGTAGTCCATTTGCCC	9	Spermatocyte	10	Spermatocyte	24053	18.367395	-3.56789	15.236059	0.26654193
GACGTTATCACCTTAT	9	Spermatocyte	10	Spermatocyte	20919	15.296257	-2.276442	14.586596	3.458797
CGAGCCACAGCTGGCT	8	Spermatocyte	9	Spermatocyte	59943	23.69191	-3.0578048	10.452239	-0.6334459
TCAGGTAGTTCCACAA	11	Spermatocyte	10	Spermatocyte	17004	20.072891	-3.6754441	15.44229	-0.7455203
GTTCTCGGTTCGAATC	10	Spermatocyte	9	Spermatocyte	34733	33.945423	-4.9443245	10.0266075	2.004324
CATCAAGGTCCAGTAT	0	RoundSpermatid	0	RoundSpermatid	10369	12.045966	2.7473733	5.1426663	5.093246
CGACCTTCAATTCCTT	8	Spermatocyte	9	Spermatocyte	9574	24.284452	-3.8912666	10.522443	0.40359753
CAGCAGCCACGACTCG	9	Spermatocyte	10	Spermatocyte	35007	17.72466	-3.6776776	15.522415	1.3450109
CACATTTAGGAGCGTT	8	Spermatocyte	9	Spermatocyte	85345	23.955572	-3.021011	10.256526	-0.5863512
ACATACGCATTATCTC	11	Spermatocyte	10	Spermatocyte	25553	19.481041	-4.2764463	15.11349	-0.44604498
TAAGCGTGTTAAAGTG	9	Spermatocyte	10	Spermatocyte	39844	18.045088	-3.7292998	15.323095	-0.4568644
GGGAATGCATGAAGTA	8	Spermatocyte	9	Spermatocyte	11265	23.977926	-4.4373856	11.249478	0.92854315
GCGCAGTAGCCGGTAA	9	Spermatocyte	10	Spermatocyte	18371	17.55718	-2.9358466	14.95916	1.3686699
CGAATGTCAAGTCATC	8	Spermatocyte	9	Spermatocyte	40302	24.828926	-3.7760727	10.077819	0.56286114
GCTCCTATCGGTCCGA	10	Spermatocyte	13	Spermatogonia	16341	35.086544	-5.557509	11.758629	2.4150724
CGTAGCGCACAAGACG	1	RoundSpermatid	0	RoundSpermatid	22470	10.471128	0.93919975	8.688341	4.6870704
GCACTCTAGTTAACGA	10	Spermatocyte	9	Spermatocyte	31410	33.48897	-5.3770943	10.337906	1.3622199
AGAGCTTAGCCACCTG	10	Spermatocyte	13	Spermatogonia	9198	36.018215	-5.3531394	13.040728	2.9136224
GACTACACACCGTTGG	9	Spermatocyte	10	Spermatocyte	16453	17.982622	-3.6782517	15.740085	1.047299
CAACCTCAGGCTACGA	0	RoundSpermatid	0	RoundSpermatid	18967	9.930251	2.6495616	7.201494	4.4508314
CTCGTCAAGCCCGAAA	10	Spermatocyte	13	Spermatogonia	14508	35.011078	-5.30367	11.851129	1.7946242
CACACCTTCATGCAAC	9	Spermatocyte	10	Spermatocyte	26246	15.501962	-2.4150085	15.314763	2.7541401
AACCATGTCTGCCAGG	8	Spermatocyte	9	Spermatocyte	53819	23.67363	-3.392403	10.365004	-0.43421182
ACATGGTCATGAGCGA	1	RoundSpermatid	2	RoundSpermatid	19476	12.320379	-1.0669007	11.94268	5.314168
AGGTCCGCACGAAATA	8	Spermatocyte	12	Spermatocyte	96572	22.46384	-4.440099	12.4743395	0.33397514
ATTACTCGTAAACCTC	9	Spermatocyte	10	Spermatocyte	27772	16.30728	-2.6850414	15.14846	2.4486387
GTGCATACACAGATTC	1	RoundSpermatid	2	RoundSpermatid	18044	12.691556	-1.4090495	11.784137	5.4020433
GGGATGAGTCACTTCC	8	Spermatocyte	9	Spermatocyte	20063	24.376856	-4.8363595	11.340705	0.9966526
CGATTGACAACCGCCA	10	Spermatocyte	13	Spermatogonia	26806	34.45554	-5.052248	11.025782	2.2581384
GGACATTTCATCGCTC	1	RoundSpermatid	2	RoundSpermatid	19515	12.779831	-1.07704	11.961252	5.34881
GCTGCAGTCACGCGGT	0	RoundSpermatid	0	RoundSpermatid	19519	9.748668	3.1719172	6.746727	4.470793
TATTACCGTTTGACAC	1	RoundSpermatid	2	RoundSpermatid	21825	11.184887	-1.1030865	11.087117	5.075398
CATGACAGTTCCGGCA	10	Spermatocyte	13	Spermatogonia	15469	35.405834	-5.7718377	12.353877	2.9079823
TTGCGTCAGAATAGGG	8	Spermatocyte	12	Spermatocyte	94932	23.275366	-5.829219	12.895266	-0.55166924
CTCGGAGCAAGCTGTT	0	RoundSpermatid	0	RoundSpermatid	21433	10.937437	1.2447398	8.368338	5.291643
TGCCAAATCTGCAGTA	9	Spermatocyte	10	Spermatocyte	22278	17.952948	-3.3332067	15.211002	0.44125423
CTTAACTTCCAGGGCT	8	Spermatocyte	9	Spermatocyte	56451	24.130753	-3.174496	10.198834	-0.28203407
GGCGTGTTCGTTGACA	8	Spermatocyte	9	Spermatocyte	41797	23.294174	-3.2694871	10.238823	-0.72261596
ATAACGCAGCTGTTCA	9	Spermatocyte	10	Spermatocyte	21196	16.639446	-2.8534615	15.216196	1.8336072
TGGTTCCTCATCATTC	3	RoundSpermatid	1	RoundSpermatid	8433	12.756908	7.411636	1.0962855	1.8058273
CTCGAAACAAGCGTAG	11	Spermatocyte	12	Spermatocyte	8551	20.874506	-3.6295836	14.13871	0.915493
CGGGTCACAGAAGCAC	7	Elongating	8	Elongating	11832	20.889479	10.673403	-7.259456	0.7422552
CATCGGGGTACCGGCT	0	RoundSpermatid	0	RoundSpermatid	22407	9.873649	1.8890753	7.6502423	5.29953
TAGTTGGCAAGCGTAG	1	RoundSpermatid	2	RoundSpermatid	33294	10.124626	-0.8444999	10.956205	3.5365875
CTGTGCTAGTGTACGG	1	RoundSpermatid	2	RoundSpermatid	23429	9.996891	-0.21555048	8.966336	5.8220005
TCGCGTTAGTGAATTG	11	Spermatocyte	10	Spermatocyte	19557	20.691898	-3.523329	15.60367	1.2966188
AGACGTTAGGCGTACA	4	Elongating	5	Elongating	15871	20.82277	15.415975	-8.968618	-3.2793055
TGACAACCAGACAGGT	11	Spermatocyte	10	Spermatocyte	33172	19.381159	-4.001394	15.119112	-0.1656898
ACTTACTTCGCACTCT	1	RoundSpermatid	2	RoundSpermatid	23738	10.237661	-0.9072462	11.546049	5.7596025
TGAGCCGGTCCTAGCG	1	RoundSpermatid	2	RoundSpermatid	21240	10.323728	-0.8939271	11.011702	5.93568
TTAGGACCATAAGACA	1	RoundSpermatid	2	RoundSpermatid	22640	10.616749	-0.31824583	9.666738	4.922033
GGGATGACAACTGGCC	0	RoundSpermatid	0	RoundSpermatid	16116	12.223905	2.9782648	5.607603	5.201608
GTTTCTAGTTCGTTGA	0	RoundSpermatid	0	RoundSpermatid	9571	12.145216	2.9735339	6.096494	5.5090265
CTGAAGTGTCAAAGAT	11	Spermatocyte	10	Spermatocyte	21100	19.763634	-3.9885948	14.9131565	-0.11187075
TAGTTGGTCAACTCTT	0	RoundSpermatid	0	RoundSpermatid	20238	9.62811	1.8500801	7.1169386	4.873337
GACCAATTCAGTCAGT	9	Spermatocyte	10	Spermatocyte	18580	16.437939	-3.0309072	14.838286	2.2668176
GACGCGTGTTCGAATC	9	Spermatocyte	10	Spermatocyte	22865	16.413263	-2.8714163	15.1111965	2.9895895
TCAGATGGTAGCGCAA	1	RoundSpermatid	2	RoundSpermatid	68227	12.408475	-1.3105222	12.311691	5.045921
AATCCAGAGCGAAGGG	8	Spermatocyte	9	Spermatocyte	57817	23.409681	-3.3356645	10.604376	-0.4548106
TCTTTCCGTGGTCCGT	1	RoundSpermatid	2	RoundSpermatid	22099	13.284677	-1.0582824	12.85351	4.7372994
CAGCATATCGGTCTAA	1	RoundSpermatid	2	RoundSpermatid	20180	13.112962	-0.79825896	12.665495	5.6895194
CCTCTGACACAGTCGC	8	Spermatocyte	12	Spermatocyte	101066	23.157804	-5.7024584	12.379297	-0.767941
TCCCGATGTTTGGGCC	0	RoundSpermatid	0	RoundSpermatid	12800	9.612227	2.6769142	6.4806256	4.4516983
GCACTCTTCGGACAAG	11	Spermatocyte	10	Spermatocyte	30328	19.732851	-3.87737	15.282558	-0.22399959
GTGGGTCCACATCTTT	1	RoundSpermatid	2	RoundSpermatid	27760	13.790802	-1.4564968	13.497546	4.454437
TACACGAAGCGTCTAT	11	Spermatocyte	10	Spermatocyte	21257	20.510288	-3.6280074	15.23811	0.038738314
CGATCGGAGACAAAGG	9	Spermatocyte	10	Spermatocyte	17900	17.618341	-3.263466	15.591031	2.0280263
AGAGCTTCAGTTCATG	1	RoundSpermatid	2	RoundSpermatid	20595	13.165761	-0.8649231	12.762205	4.9812856
TGTGTTTTCAGGTTCA	0	RoundSpermatid	0	RoundSpermatid	23287	9.609851	2.8826013	6.9942937	5.2234926
GACTGCGAGTCACGCC	0	RoundSpermatid	1	RoundSpermatid	18908	11.783833	3.354526	5.3482676	3.7812307
CAAGAAACAGTGACAG	0	RoundSpermatid	0	RoundSpermatid	26980	10.067075	1.904013	8.06687	5.373719
CAGTAACGTTCCACGG	0	RoundSpermatid	0	RoundSpermatid	30717	10.228613	2.9219854	6.5671487	4.4187894
GTTACAGAGCTGAAAT	8	Spermatocyte	9	Spermatocyte	24087	23.727287	-4.8318496	11.435179	0.690454
TAAGAGACATGTCTCC	2	RoundSpermatid	1	RoundSpermatid	21299	11.417402	4.8938723	3.9128125	3.0235882
ACGCAGCGTCGAATCT	3	RoundSpermatid	3	RoundSpermatid	7719	11.9392	8.551524	-0.78421503	0.75717676
AACGTTGAGTTAAGTG	9	Spermatocyte	10	Spermatocyte	14206	16.296959	-3.476319	14.699438	2.269476
TGGACGCCAGACGCAA	1	RoundSpermatid	2	RoundSpermatid	16187	11.68229	-0.19235292	9.296658	5.7602334
CGAGCACGTCGCATAT	9	Spermatocyte	10	Spermatocyte	23600	15.692859	-2.5954974	14.357733	2.7174542
CTAAGACCAATGCCAT	9	Spermatocyte	10	Spermatocyte	27902	15.959849	-2.789158	15.596215	2.654103
TACGGGCTCTTACCGC	11	Spermatocyte	12	Spermatocyte	35568	19.981823	-5.5373235	13.554735	-1.1670651
CTGTTTAGTAGCTTGT	1	RoundSpermatid	2	RoundSpermatid	26070	10.0779915	-0.7001156	10.707617	5.43711
CTGATCCAGTGAATTG	2	RoundSpermatid	1	RoundSpermatid	25688	11.966098	5.487935	2.784677	2.2548935
CAGCTGGGTGCTCTTC	1	RoundSpermatid	2	RoundSpermatid	23743	9.888172	-0.33845967	9.979408	4.990327
TATGCCCGTAAACCTC	11	Spermatocyte	12	Spermatocyte	16350	21.08329	-3.8612254	13.50845	-0.13854654
ACGGCCAGTCCATCCT	9	Spermatocyte	10	Spermatocyte	26019	17.523907	-3.507446	15.823028	1.2532259
GGGATGAAGTTCGCAT	11	Spermatocyte	12	Spermatocyte	8875	21.222166	-3.566665	13.740432	0.56287116
GGGCACTCATCTACGA	1	RoundSpermatid	0	RoundSpermatid	27119	10.39424	1.0725573	8.84131	4.796934
TACACGAGTCCCTTGT	9	Spermatocyte	10	Spermatocyte	26459	16.986002	-3.1414888	15.5078125	1.6916765
GTTTCTAAGCTCCTTC	9	Spermatocyte	10	Spermatocyte	14122	18.682356	-3.360995	15.169448	0.713006
GTACTCCGTTCTGTTT	1	RoundSpermatid	2	RoundSpermatid	22510	14.3087845	-1.7094221	14.461498	3.545752
CTGAAACGTAAGTGGC	1	RoundSpermatid	2	RoundSpermatid	30377	12.546949	-0.68801737	12.393567	5.186398
CACACTCCAAGCGTAG	1	RoundSpermatid	2	RoundSpermatid	41208	13.045114	-1.4000895	13.093959	4.484202
GATCTAGTCGCCTGAG	3	RoundSpermatid	1	RoundSpermatid	30776	11.906231	7.5042276	0.8351079	2.4778714
CTAGTGAGTTGGGACA	6	RoundSpermatid	6	RoundSpermatid	25513	14.969993	10.524799	-1.6955359	-5.6461368
GGCGTGTTCCAGATCA	0	RoundSpermatid	0	RoundSpermatid	18261	11.3638525	3.43995	6.6382766	4.1462193
CGATGTAAGGGAACGG	9	Spermatocyte	10	Spermatocyte	21598	17.388865	-3.2309	15.240239	1.7000129
GAATGAATCATCTGCC	1	RoundSpermatid	2	RoundSpermatid	22105	13.563119	-1.0945415	11.942851	4.1394944
ACATCAGAGGTAGCTG	0	RoundSpermatid	1	RoundSpermatid	24140	11.56271	3.8341053	4.214573	4.0579753
CAACCAAGTTTAGCTG	0	RoundSpermatid	0	RoundSpermatid	31831	10.497353	2.9846377	6.6682053	4.576626
CCTAGCTAGTCAAGCG	1	RoundSpermatid	2	RoundSpermatid	21121	10.362778	-0.41223592	10.208691	5.422622
GTAGGCCGTCCAAGTT	1	RoundSpermatid	2	RoundSpermatid	22178	9.780807	0.28294885	9.703506	5.4026346
AAAGTAGTCCACGAAT	1	RoundSpermatid	2	RoundSpermatid	21925	11.492457	-0.9912671	12.077102	5.002918
TGACGGCGTTGAGTTC	1	RoundSpermatid	2	RoundSpermatid	25629	10.777147	-0.8294337	10.600538	5.40842
CGCTGGAGTGACGCCT	3	RoundSpermatid	3	RoundSpermatid	28787	12.721613	8.109232	-0.22152835	0.28330585
TAAGCGTTCAGTTAGC	3	RoundSpermatid	3	RoundSpermatid	14941	13.341435	8.094295	0.17619821	-0.05690279
AGGCCACAGATGCCAG	2	RoundSpermatid	1	RoundSpermatid	21347	11.286558	5.1625814	2.1503603	3.223965
GACTACATCGCTTGTC	2	RoundSpermatid	1	RoundSpermatid	21920	11.217806	5.268184	3.0196083	3.0706875
CATCAGATCAGGTTCA	10	Spermatocyte	9	Spermatocyte	10496	34.604195	-4.454788	10.992178	1.9151149
ACGCCAGGTCGGGTCT	11	Spermatocyte	10	Spermatocyte	25047	19.298548	-3.8160896	15.363285	-0.36706695
TTTGCGCAGCGATTCT	1	RoundSpermatid	2	RoundSpermatid	31662	12.974638	-1.2823635	12.512318	5.6027703
GTGCTTCTCTCTGAGA	6	RoundSpermatid	6	RoundSpermatid	26364	15.863182	11.290685	-1.8449454	-6.6099944
GTAGGCCGTTGACGTT	11	Spermatocyte	10	Spermatocyte	18928	19.187983	-3.3589926	15.537129	0.29236236
CATCGGGTCAAGGTAA	0	RoundSpermatid	0	RoundSpermatid	30007	11.284309	2.36117	7.032378	5.091689
GTCCTCATCGCCTGTT	1	RoundSpermatid	2	RoundSpermatid	17828	13.100935	-1.455064	13.016973	5.027397
CCGTGGAGTACATCCA	9	Spermatocyte	10	Spermatocyte	19516	16.839882	-3.1459079	14.834778	1.7088026
GCGCAGTTCTTACCGC	0	RoundSpermatid	1	RoundSpermatid	45043	10.138145	4.428009	5.1411734	3.593057
CAACTAGCAAGAAAGG	11	Spermatocyte	12	Spermatocyte	13682	21.552597	-3.7948432	13.001981	0.12974153
ACACCGGCATATGCTG	1	RoundSpermatid	2	RoundSpermatid	22073	10.966474	-1.3230962	11.064372	5.77561
TGGTTCCAGGCTCAGA	11	Spermatocyte	10	Spermatocyte	22308	19.506142	-3.5010579	15.131331	0.16400687
CTGGTCTTCGACCAGC	2	RoundSpermatid	1	RoundSpermatid	21124	11.623311	5.469675	3.051912	3.767734
AGCGTCGCAATCCGAT	9	Spermatocyte	10	Spermatocyte	11993	16.935291	-3.3479636	15.44563	1.894992
GACAGAGCATATGCTG	9	Spermatocyte	10	Spermatocyte	17669	18.6188	-3.6578944	15.178106	0.70412767
GCAATCATCCCATTTA	1	RoundSpermatid	2	RoundSpermatid	22443	13.834578	-1.5553018	13.571479	4.394859
CGGGTCATCCTAGAAC	1	RoundSpermatid	2	RoundSpermatid	24808	10.356216	0.29627833	9.007662	5.4112477
ATAACGCAGCTAAACA	1	RoundSpermatid	2	RoundSpermatid	25762	10.186393	-0.80254054	10.242447	5.8360868
TTTGGTTTCTACTATC	0	RoundSpermatid	1	RoundSpermatid	17185	10.488795	3.996298	4.4183173	3.2714968
CCGTACTGTCGGGTCT	1	RoundSpermatid	2	RoundSpermatid	29759	12.219962	-0.9827185	12.198533	5.663392
GAGCAGAAGACTAGGC	9	Spermatocyte	10	Spermatocyte	20926	17.166403	-3.7283556	15.61933	1.5316645
GACAGAGAGTGTCCAT	1	RoundSpermatid	2	RoundSpermatid	21727	12.244748	-1.4573482	11.868969	4.713302
GCAGCCAAGTGGTAGC	1	RoundSpermatid	2	RoundSpermatid	22975	9.637162	1.0487597	8.944552	5.676325
GGAAAGCAGACAATAC	0	RoundSpermatid	0	RoundSpermatid	24118	9.407814	2.0790534	7.165547	4.803613
GACGTGCTCTCACATT	9	Spermatocyte	10	Spermatocyte	20394	16.762827	-3.3049977	14.830984	1.9589337
GCACATATCTCGGACG	11	Spermatocyte	10	Spermatocyte	22386	19.368994	-3.6210284	15.367668	0.35654655
GTCATTTAGAGGTACC	3	RoundSpermatid	3	RoundSpermatid	22231	11.58387	8.743175	-0.34304592	0.46458226
TGATTTCGTTATCACG	5	RoundSpermatid	7	RoundSpermatid	9194	18.911627	17.42484	-10.115481	-7.344597
GACGTGCGTACCTACA	0	RoundSpermatid	0	RoundSpermatid	10859	11.99096	2.2975397	8.05676	5.1497135
ACTATCTGTATGAAAC	10	Spermatocyte	9	Spermatocyte	10131	33.641033	-4.269819	11.271851	1.1865215
CTTGGCTTCACAACGT	1	RoundSpermatid	2	RoundSpermatid	24139	12.383515	0.09219428	11.383346	4.0142674
GCACATAAGCTGCGAA	0	RoundSpermatid	0	RoundSpermatid	16341	10.950704	3.6428754	5.5398517	4.3861165
ATCACGAGTGTGCCTG	2	RoundSpermatid	1	RoundSpermatid	17872	11.713742	5.270801	2.7669966	2.741447
GCTCCTAGTTGTTTGG	9	Spermatocyte	10	Spermatocyte	19989	17.042028	-2.6404834	15.156791	2.1713047
AACCATGAGTAGGCCA	11	Spermatocyte	10	Spermatocyte	23914	20.104918	-3.7659461	15.340911	0.21368185
GCAATCAGTAGCGCAA	2	RoundSpermatid	0	RoundSpermatid	14280	10.228165	6.2097287	5.767964	3.950386
CCTAGCTCATTACGAC	9	Spermatocyte	10	Spermatocyte	21637	17.169773	-3.749971	15.636411	1.7931625
AGCGGTCAGACAAGCC	8	Spermatocyte	9	Spermatocyte	10004	23.697496	-5.2465663	11.806417	0.6432396
ACTGCTCCACGCATCG	9	Spermatocyte	10	Spermatocyte	24517	16.779171	-2.8431463	15.563903	2.1760845
CAGCTGGTCGGCGCTA	9	Spermatocyte	10	Spermatocyte	24082	16.759064	-2.7783494	14.932584	2.0307498
CTGTGCTCAAGTAGTA	0	RoundSpermatid	0	RoundSpermatid	25672	11.745554	2.3351498	7.476946	4.905355
ACCAGTAAGCCAGGAT	8	Spermatocyte	9	Spermatocyte	15313	23.576426	-4.9256744	11.521902	0.7088888
CACTCCACAAAGAATC	1	RoundSpermatid	2	RoundSpermatid	39029	12.968382	-1.1098574	12.494885	4.606562
AATCGGTGTACCGGCT	2	RoundSpermatid	1	RoundSpermatid	23977	11.978197	5.531122	2.559451	3.4874158
TTAGGACAGCACAGGT	3	RoundSpermatid	3	RoundSpermatid	13870	13.324301	7.872568	0.45081082	0.4945318
GGCAATTGTCGAAAGC	0	RoundSpermatid	0	RoundSpermatid	19189	11.395977	3.65177	5.460952	4.5172057
CTCGAAAAGTTCGCGC	0	RoundSpermatid	0	RoundSpermatid	24784	10.03475	1.419305	7.543225	4.248077
CATTCGCAGGCTAGAC	9	Spermatocyte	2	RoundSpermatid	22651	15.43155	-2.3745768	13.733344	4.2729287
TTTGGTTGTGCAACTT	1	RoundSpermatid	2	RoundSpermatid	19924	12.563172	-0.018685581	11.389095	4.1066246
TGAAAGAGTACATGTC	1	RoundSpermatid	2	RoundSpermatid	23377	11.945913	-1.31928	11.575553	5.304324
ACGGGCTAGATATACG	1	RoundSpermatid	2	RoundSpermatid	49267	9.623252	0.7950805	9.884842	4.398904
GGGAATGCAGTCGTGC	2	RoundSpermatid	1	RoundSpermatid	12928	10.689168	6.763023	2.5089116	2.2818542
CCTACCAAGCTAGTTC	11	Spermatocyte	10	Spermatocyte	24065	19.614128	-3.7452912	15.131141	0.26015365
TAGAGCTGTTCTGAAC	11	Spermatocyte	10	Spermatocyte	21276	20.259064	-3.5440726	14.962777	0.57007027
TCGCGTTAGATCCCAT	0	RoundSpermatid	0	RoundSpermatid	26141	10.389489	2.3817182	5.8828206	4.540729
TGGCGCACATGCAACT	4	Elongating	8	Elongating	8766	20.887428	12.623816	-8.198735	-1.3749337
TACTTACAGAGTAATC	1	RoundSpermatid	2	RoundSpermatid	12289	13.943331	-1.2143317	13.786754	4.29988
CGATCGGAGTGGGTTG	5	RoundSpermatid	7	RoundSpermatid	10743	17.135023	14.434979	-6.8254786	-7.2251363
TCAGGATGTCTAAACC	0	RoundSpermatid	0	RoundSpermatid	9057	11.906379	2.0446794	7.823126	5.718841
ATTGGTGCAGAAGCAC	8	Spermatocyte	9	Spermatocyte	12980	22.459904	-3.671489	11.576335	-0.33682176
CTGGTCTGTGTAAGTA	0	RoundSpermatid	1	RoundSpermatid	26264	11.537665	4.209275	3.9207857	3.4576068
GAACCTAGTTAGTGGG	0	RoundSpermatid	0	RoundSpermatid	11827	11.898279	2.432954	5.9792566	5.5498886
ACGGAGAGTAGGCTGA	7	Elongating	8	Elongating	9304	20.997389	10.182563	-6.168484	1.7691616
GCAGCCACACTTAACG	11	Spermatocyte	10	Spermatocyte	10210	19.8978	-3.6593509	15.522455	0.21904601
ACGAGGAAGGTAGCTG	9	Spermatocyte	10	Spermatocyte	23497	17.531036	-3.3963547	15.54812	0.89801383
GACGCGTGTTATCACG	0	RoundSpermatid	0	RoundSpermatid	8349	12.364355	3.242858	4.594642	4.8961043
GACGTTAGTCAAGCGA	0	RoundSpermatid	1	RoundSpermatid	22526	10.943345	3.3654952	3.9944086	3.6096876
CTGTTTACAATGGTCT	3	RoundSpermatid	3	RoundSpermatid	20983	11.038843	8.169049	-0.6757311	0.81554914
TGAGCCGCAGTTAACC	9	Spermatocyte	10	Spermatocyte	13752	17.302042	-2.8170748	15.37406	1.4420428
TCAGGTAAGAAGGTGA	6	RoundSpermatid	4	RoundSpermatid	18832	13.994562	10.383071	-0.48047486	-3.5495765
GCATGATGTACTCAAC	2	RoundSpermatid	1	RoundSpermatid	23520	11.884342	5.968105	1.9047495	2.6651418
GGAAAGCGTCAATGTC	10	Spermatocyte	13	Spermatogonia	14072	35.402145	-5.167132	11.874104	2.0439487
GTACTCCCAGAAGCAC	10	Spermatocyte	2	RoundSpermatid	10816	34.69698	-4.6582294	11.639202	4.0369625
TATCAGGAGCAAATCA	1	RoundSpermatid	2	RoundSpermatid	20660	13.695427	-1.3811346	13.824648	4.158638
ATAACGCCAATCAGAA	0	RoundSpermatid	0	RoundSpermatid	25856	10.51907	2.4227762	6.8592057	5.0049996
TGCGTGGCAATGCCAT	0	RoundSpermatid	1	RoundSpermatid	22614	11.3322935	4.28235	3.8473666	3.2057602
TGCGTGGCAAAGGAAG	1	RoundSpermatid	2	RoundSpermatid	9103	11.912667	-0.44802704	10.928941	4.214181
TAAGAGATCAGGCCCA	0	RoundSpermatid	1	RoundSpermatid	28110	11.377295	3.413447	5.8045926	4.030766
AGCGTATTCAGGATCT	7	Elongating	8	Elongating	9922	20.911907	7.6634073	-5.9658475	2.5048344
TTGCCGTAGCTCCCAG	4	Elongating	5	Elongating	14392	20.38342	16.07928	-9.246546	-3.941806
ACCAGTAGTCGTTGTA	0	RoundSpermatid	0	RoundSpermatid	17197	9.652058	2.3910336	7.8346105	4.388081
CTACCCATCCAGAAGG	7	Elongating	11	Elongating	9210	21.018118	6.054594	-4.5026946	5.035317
AAGGAGCAGACAAGCC	1	RoundSpermatid	2	RoundSpermatid	13678	11.05925	-0.8969462	11.782383	5.0917444
CACCAGGGTCCAGTGC	1	RoundSpermatid	2	RoundSpermatid	16351	13.307925	-1.4058009	13.274742	4.6339192
CTTACCGCATAGAAAC	0	RoundSpermatid	0	RoundSpermatid	20191	10.324888	1.2945688	8.493012	5.118141
TAGTGGTTCGTTTAGG	3	RoundSpermatid	3	RoundSpermatid	25058	13.092644	8.190696	-0.34604856	0.30884427
ACTTTCAGTAGCACGA	1	RoundSpermatid	2	RoundSpermatid	23167	10.046484	0.6169303	9.175282	4.793505
TTAGTTCGTAGCGATG	0	RoundSpermatid	1	RoundSpermatid	18690	11.264877	5.0671616	2.6934075	3.5608008
TTCGGTCCACAGGCCT	0	RoundSpermatid	1	RoundSpermatid	24027	10.892237	4.278528	3.42714	2.9304907
TGCACCTCAATGGAGC	9	Spermatocyte	10	Spermatocyte	22053	16.449902	-2.798612	15.603377	2.4304528
CCGGGATTCATCGGAT	0	RoundSpermatid	0	RoundSpermatid	14754	10.125961	1.0209054	7.9723573	5.093913
ACCCACTCATATGAGA	10	Spermatocyte	13	Spermatogonia	12298	35.04118	-5.660088	11.960638	2.0828369
CTCTAATTCGTAGGAG	3	RoundSpermatid	1	RoundSpermatid	8505	13.146573	7.036735	1.126003	2.055231
CAGCCGACAAAGGTGC	0	RoundSpermatid	1	RoundSpermatid	25342	11.177838	4.4021797	2.7747023	3.3087444
GTAGTCAAGCTGCAAG	10	Spermatocyte	13	Spermatogonia	9604	35.54222	-4.573992	12.527388	3.1930344
TGATTTCGTCCAAGTT	5	RoundSpermatid	5	Elongating	8648	20.129635	16.478628	-9.639443	-4.593052
TTCGGTCGTTATGCGT	9	Spermatocyte	10	Spermatocyte	11229	17.117245	-2.7267365	14.489386	2.0155597
GTTCGGGTCAGCTCTC	10	Spermatocyte	2	RoundSpermatid	14252	11.848463	1.1970912	11.535371	4.092653
AACTCAGGTACATGTC	12	Elongating	11	Elongating	8474	22.572004	3.9204452	-3.9945786	6.9231205
GCCAAATGTTGCCTCT	1	RoundSpermatid	2	RoundSpermatid	10130	12.271489	-0.6201324	8.810558	5.9711695
ATCCGAATCTTTAGTC	11	Spermatocyte	12	Spermatocyte	9728	21.774872	-3.6696403	13.426061	0.62504345
ACGGGCTTCTTCCTTC	5	RoundSpermatid	7	RoundSpermatid	8582	18.001507	15.054679	-7.683511	-6.9146986
GACGCGTAGCACCGCT	3	RoundSpermatid	3	RoundSpermatid	9106	13.53314	7.8541493	0.4928736	0.35777646
CAACTAGGTCTCACCT	7	Elongating	11	Elongating	11435	21.290348	5.0905437	-4.6567793	5.365122
CCCAGTTTCGCGCCAA	12	Elongating	14	Elongating	9387	25.109274	2.4299736	-7.298016	23.640518
CGCTATCGTCGCGTGT	1	RoundSpermatid	2	RoundSpermatid	19969	10.202635	0.06724578	9.312484	5.5785484
AGCCTAACACTTAACG	1	RoundSpermatid	2	RoundSpermatid	11999	13.496314	-1.0045143	12.559406	4.7548823
GTCTCGTCAGCGTTCG	12	Elongating	11	Elongating	8379	22.874683	3.973518	-3.689557	6.9912014
CATCAGAGTTCGCTAA	3	RoundSpermatid	3	RoundSpermatid	9950	12.391357	8.956433	-0.519436	0.8404204
GCGAGAATCTTGTACT	7	Elongating	11	Elongating	9830	20.819874	6.311449	-5.2295275	4.6624794
GGAGCAACATGTTGAC	7	Elongating	11	Elongating	13156	20.55912	6.8796782	-5.6179423	3.9235198
GTGCTTCGTCATGCAT	4	Elongating	5	Elongating	7898	20.485285	13.39381	-9.389239	-2.2759109
ATCATCTGTGACCAAG	7	Elongating	8	Elongating	9142	20.851076	7.741587	-6.112947	2.7825043
ATCCGAAGTGCCTTGG	4	Elongating	5	Elongating	16141	20.363129	14.043599	-9.6930685	-2.7589123
CCCATACGTCGTCTTC	7	Elongating	8	Elongating	9701	20.950493	9.985443	-6.2395644	1.0858742
