symbol	m1_delta	m2_delta	m1_mono	m2_mono	m1_npas	m2_npas	m1_wdi_Spermatocyte	m2_wdi_Spermatocyte	m1_wdi_RoundSpermatid	m2_wdi_RoundSpermatid	m1_wdi_Elongating	m2_wdi_Elongating	mean_delta
Ell	-0.914248366013072	-0.9601199893160198	True	True	2	2	0.96	0.9853300733496332	0.5488721804511278	0.4323529411764706	0.0457516339869281	0.0252100840336134	-0.937184177664546
Cyth3	-0.922456067326578	-0.93011306712466	True	True	3	3	0.963949843260188	0.937956204379562	0.6325966850828729	0.5120967741935484	0.0414937759336099	0.0078431372549019	-0.9262845672256192
Plekha3	-0.8556876061120543	-0.9183982683982684	True	True	2	2	0.8771929824561403	0.935064935064935	0.675	0.4912280701754385	0.021505376344086	0.0166666666666666	-0.8870429372551614
Brpf3	-0.8008960573476702	-0.9427322712533484	True	True	2	2	0.9731182795698924	0.976878612716763	0.7216494845360825	0.6611111111111111	0.1722222222222222	0.0341463414634146	-0.8718141643005093
Tnfaip2	-0.9397590361445785	-0.7976190476190477	True	True	2	2	0.9397590361445785	0.7976190476190477	0.1294964028776978	0.1388888888888889	0.0	0.0	-0.868689041881813
Eif4h	-0.8872993706228689	-0.8447121192573392	True	True	2	2	0.9028801071667782	0.8486646884272997	0.2292682926829268	0.1179245283018868	0.0155807365439093	0.0039525691699604	-0.8660057449401041
Rnf44	-0.8270198675496688	-0.8435471554028255	True	True	2	2	0.88	0.8796296296296297	0.3857142857142857	0.3082437275985663	0.0529801324503311	0.0360824742268041	-0.8352835114762471
Srpr	-0.8005994005994006	-0.8682615629984051	True	True	2	2	0.8285714285714286	0.8787878787878788	0.7254901960784313	0.5416666666666666	0.0279720279720279	0.0105263157894736	-0.8344304817989028
Wipi1	-0.8055712153871664	-0.8469996729888817	True	True	2	2	0.9405405405405406	0.920863309352518	0.768976897689769	0.7126245847176079	0.1349693251533742	0.0738636363636363	-0.8262854441880241
Cacnb1	-0.8049846253439068	-0.8209737827715355	True	True	2	2	0.8648648648648649	0.8876404494382022	0.6102941176470589	0.5356125356125356	0.059880239520958	0.0666666666666666	-0.8129792040577212
Mapk6	-0.8068850225992199	-0.8088971124778485	True	True	2	2	0.8714011516314779	0.8254716981132075	0.5198135198135199	0.4342403628117914	0.064516129032258	0.0165745856353591	-0.8078910675385342
Spata17	-0.7798546144386665	-0.782920054200542	True	True	3	3	0.8922577152138603	0.8886111111111111	0.3905829596412556	0.4307414489058848	0.1124031007751938	0.1056910569105691	-0.7813873343196043
Wdr19	-0.7045496408178302	-0.8124699085219066	True	True	2	2	0.918032786885246	0.8870967741935484	0.8725490196078431	0.848605577689243	0.2134831460674157	0.0746268656716417	-0.7585097746698684
Rhbdd1	-0.7735905939101598	-0.741916558018253	True	True	3	2	0.7897196261682243	0.7461538461538462	0.1068075117370892	0.0410557184750733	0.0161290322580645	0.0042372881355932	-0.7577535759642064
Ccdc157	-0.6912955918550011	-0.8220128022759602	True	True	3	3	0.7463414634146341	0.8355263157894737	0.1295774647887324	0.1200814111261872	0.055045871559633	0.0135135135135135	-0.7566541970654806
Lrriq3	-0.7370955007877189	-0.7431050759228345	True	True	2	2	0.8116846284741918	0.7732342007434945	0.3673870333988212	0.3379782711384034	0.0745891276864728	0.0301291248206599	-0.7401002883552767
Hook1	-0.6992097200946944	-0.7794104505072806	True	True	2	2	0.7063953488372093	0.7828418230563002	0.1792349726775956	0.1550442477876106	0.0071856287425149	0.0034313725490196	-0.7393100853009875
Cystm1	-0.7061795309311117	-0.7432492111731583	True	True	2	2	0.7956104252400549	0.7931937172774869	0.4324607329842932	0.342643391521197	0.089430894308943	0.0499445061043285	-0.7247143710521351
Stk10	-0.649557098194776	-0.7631889763779528	True	True	2	2	0.8813451776649747	0.8631889763779528	0.6732954545454546	0.6308926780341023	0.2317880794701986	0.1	-0.7063730372863644
Tef	-0.7319587628865979	-0.6768574475648774	True	True	2	2	0.7319587628865979	0.711340206185567	0.0109890109890109	0.0439560439560439	0.0	0.0344827586206896	-0.7044081052257376
Rasa3	-0.7415819668428423	-0.6410328952444638	True	True	2	2	0.75177304964539	0.6440677966101694	0.215311004784689	0.1411359724612736	0.0101910828025477	0.0030349013657056	-0.6913074310436531
Sphkap	-0.596242846154849	-0.7862985685071575	True	True	2	2	0.941921858500528	0.952965235173824	0.5636792452830188	0.6002372479240806	0.345679012345679	0.1666666666666666	-0.6912707073310033
Tbc1d20	-0.6805795847750865	-0.6884401319041941	True	True	2	2	0.6875	0.6957104557640751	0.3514492753623188	0.2955102040816326	0.0069204152249134	0.007270323859881	-0.6845098583396403
Rabif	-0.6292857741638025	-0.6951672862453532	True	True	2	2	0.6324503311258278	0.6951672862453532	0.0335429769392033	0.0268041237113402	0.0031645569620253	0.0	-0.6622265302045778
Dnajc27	-0.5529142650259398	-0.7615384901215437	True	True	4	4	0.8066015806601581	0.837991089509923	0.6223723723723723	0.6745182012847966	0.2536873156342182	0.0764525993883792	-0.6572263775737417
Socs7	-0.7555674824674395	-0.5438433566433565	True	True	3	4	0.8094890510948906	0.8538666666666666	0.1631016042780748	0.4427083333333333	0.0539215686274509	0.31002331002331	-0.649705419555398
Pknox1	-0.610109922979137	-0.6855975882524555	True	True	2	2	0.6744186046511628	0.7032967032967034	0.3236363636363636	0.2386666666666666	0.0643086816720257	0.0176991150442477	-0.6478537556157963
Zfp367	-0.5520650573093424	-0.7063496111181946	True	True	2	2	0.6762886597938145	0.7450592885375494	0.4173228346456692	0.4624746450304259	0.124223602484472	0.0387096774193548	-0.6292073342137685
Mtmr12	-0.3612214029117035	-0.8888709677419355	True	True	3	3	0.8495934959349594	0.905	0.6143911439114391	0.3698347107438016	0.4883720930232558	0.0161290322580645	-0.6250461853268195
Pacs2	-0.6502740191085892	-0.596842744383728	True	True	2	2	0.7383966244725738	0.6296296296296297	0.1334310850439882	0.0770887166236003	0.0881226053639846	0.0327868852459016	-0.6235583817461585
Ubl3	-0.6033914010378058	-0.6417784401390959	True	True	2	2	0.6118421052631579	0.6636363636363637	0.0619946091644204	0.1115618661257606	0.0084507042253521	0.0218579234972677	-0.6225849205884508
Psme3	-0.6151290230237599	-0.6271186440677966	True	True	2	2	0.6262626262626263	0.6271186440677966	0.2189922480620155	0.1521739130434782	0.0111336032388663	0.0	-0.6211238335457783
Iqce	-0.7879330943847074	-0.4367486338797814	True	True	2	3	0.9814814814814816	0.4950819672131147	0.7192982456140351	0.2513966480446927	0.1935483870967742	0.0583333333333333	-0.6123408641322444
Med22	-0.600971547536433	-0.617917011919179	True	True	2	2	0.9949109414758268	0.9972273567467652	0.9202898550724636	0.907514450867052	0.3939393939393939	0.3793103448275862	-0.609444279727806
Atg12	-0.6320514626473213	-0.5636828644501279	False	False	2	2	0.8148471615720524	0.7695652173913043	0.0805300713557594	0.0727096461463887	0.1827956989247312	0.2058823529411764	-0.5978671635487246
Ak1	-0.6384373475676255	-0.535472007997715	True	True	2	2	0.6515837104072398	0.5424164524421594	0.3023379383634431	0.2385297845373891	0.0131463628396143	0.0069444444444444	-0.5869546777826702
Lpin1	-0.5416415727436978	-0.6100307891751742	True	True	3	3	0.6814720812182741	0.6955922865013774	0.5465277777777777	0.5588470776621297	0.1398305084745762	0.0855614973262032	-0.575836180959436
Nr6a1	-0.6201761201761201	-0.52683344470431	True	True	4	3	0.7255892255892256	0.6295731707317073	0.2485875706214689	0.2185011709601873	0.1054131054131054	0.1027397260273972	-0.5735047824402151
Larp1	-0.5527422098135489	-0.5940288860715439	True	True	2	2	0.6591251885369532	0.6546349466776046	0.5355191256830601	0.4629629629629629	0.1063829787234042	0.0606060606060606	-0.5733855479425465
Polk	-0.5307961022246737	-0.6142371880076798	True	True	2	2	0.5578231292517006	0.6306306306306306	0.0620842572062084	0.0338235294117647	0.027027027027027	0.0163934426229508	-0.5725166451161767
Coa5	-0.5082801941562767	-0.6307274247491639	True	True	2	2	0.5759493670886076	0.6394230769230769	0.2131147540983606	0.2508474576271186	0.0676691729323308	0.008695652173913	-0.5695038094527203
Pfkfb4	-0.7395713002182005	-0.3834999999999999	True	True	2	3	0.9659863945578232	0.946	0.7738095238095238	0.7106741573033708	0.2264150943396226	0.5625	-0.5615356501091002
Vhl	-0.5595266428665873	-0.562494200838986	True	True	2	2	0.5666666666666667	0.5678391959798995	0.0326747720364741	0.0326018808777429	0.0071400238000793	0.0053449951409135	-0.5610104218527867
Oxr1	-0.7453423120089787	-0.3765144454799627	True	True	2	3	0.8271604938271605	0.9080459770114944	0.2099737532808399	0.6219369894982497	0.0818181818181818	0.5315315315315315	-0.5609283787444708
Picalm	-0.5278708133971293	-0.5911581333837143	True	True	2	2	0.7210526315789474	0.6417910447761194	0.5354330708661418	0.4177777777777778	0.1931818181818181	0.050632911392405	-0.5595144733904218
Eipr1	-0.5101173020527858	-0.6078814338235294	True	True	2	2	0.6919354838709677	0.740234375	0.3721973094170404	0.4530516431924882	0.1818181818181818	0.1323529411764706	-0.5589993679381576
Ino80c	-0.5584250456807485	-0.5533698446406616	True	True	2	2	0.6652211621856028	0.6838046272493573	0.2109256449165402	0.1672240802675585	0.1067961165048543	0.1304347826086956	-0.555897445160705
Ankrd45	-0.5441028732167974	-0.561875	True	True	3	3	0.940928270042194	0.9525	0.6192982456140351	0.5865384615384616	0.3968253968253968	0.390625	-0.5529889366083987
Cfap58	-0.4230604982206405	-0.6688311688311689	False	False	2	2	0.9430604982206404	0.9545454545454546	0.95750452079566	0.9576719576719576	0.52	0.2857142857142857	-0.5459458335259046
Arel1	-0.5754095591960818	-0.5163252032520326	True	True	2	2	0.5806451612903226	0.5203252032520326	0.2159090909090909	0.2030848329048843	0.0052356020942408	0.004	-0.5458673812240572
Golph3	-0.5058170092475532	-0.5646795920936674	True	True	2	2	0.5445544554455446	0.5957446808510638	0.3239740820734341	0.3171641791044776	0.0387374461979913	0.0310650887573964	-0.5352483006706104
Akirin1	-0.5984629214371091	-0.4677386760587776	True	True	2	2	0.7345575959933222	0.7214700193423598	0.3752792256142963	0.4230581338544211	0.136094674556213	0.2537313432835821	-0.5331007987479434
Eif4b	-0.5208333333333333	-0.5434322033898304	True	True	2	2	0.6333333333333333	0.6875	0.1183800623052959	0.1471801925722145	0.1125	0.1440677966101695	-0.5321327683615819
Svip	-0.6149910031488979	-0.4489215941749845	True	True	2	2	0.7224471434997751	0.4885361552028218	0.4658085277554304	0.2367326974810467	0.1074561403508772	0.0396145610278372	-0.5319562986619413
Cant1	-0.4414550623505847	-0.6207703860765085	True	True	2	2	0.7652645861601085	0.7419825072886297	0.5614035087719298	0.6019830028328612	0.3238095238095238	0.1212121212121212	-0.5311127242135466
Tbc1d14	-0.3609371694520837	-0.6888410786001147	True	True	3	2	0.8379310344827586	0.6928571428571428	0.5190217391304348	0.0879446640316205	0.4769938650306748	0.0040160642570281	-0.5248891240260992
Cpeb4	-0.6351351351351351	-0.4098360655737705	True	True	2	2	0.6351351351351351	0.4098360655737705	0.0355648535564853	0.0119956379498364	0.0	0.0	-0.5224856003544528
Tbcel	-0.4898956975228162	-0.5469107551487414	True	True	3	3	0.5576923076923077	0.5688405797101449	0.0899280575539568	0.0949367088607595	0.0677966101694915	0.0219298245614035	-0.5184032263357788
Tbc1d1	-0.4619665426263032	-0.5743666169895678	True	True	2	2	0.5603271983640081	0.6727272727272727	0.1229946524064171	0.1524926686217008	0.0983606557377049	0.0983606557377049	-0.5181665798079356
Usp50	-0.5028977513974429	-0.4990001357101232	True	True	2	2	0.9881376037959668	0.9920749279538904	0.638423645320197	0.5949970220369267	0.4852398523985239	0.4930747922437673	-0.500948943553783
Sertad2	-0.4578671334598255	-0.5227673056496216	True	True	2	2	0.8191236779624433	0.7694633408919124	0.6741349971639251	0.570391061452514	0.3612565445026178	0.2466960352422907	-0.4903172195547235
Ppp4r2	-0.6534614783559931	-0.3185185185185185	True	True	2	2	0.7151898734177216	0.3185185185185185	0.0760869565217391	0.0483933410762679	0.0617283950617283	0.0	-0.4859899984372558
Ccdc28a	-0.5711709596875734	-0.3971328942270438	True	True	3	2	0.5957446808510638	0.4224137931034483	0.3455149501661129	0.2626832018038331	0.0245737211634904	0.0252808988764044	-0.4841519269573086
Arrdc3	-0.4474892465323087	-0.52046783625731	True	True	2	2	0.4970760233918128	0.52046783625731	0.1339092872570194	0.1583236321303841	0.0495867768595041	0.0	-0.4839785413948093
Cep104	-0.3815935371455726	-0.586021505376344	True	True	2	2	0.5934579439252337	0.6666666666666666	0.4346666666666666	0.422360248447205	0.211864406779661	0.0806451612903225	-0.4838075212609583
Tmx1	-0.3878365579759166	-0.551036773971818	True	True	2	2	0.6246786632390745	0.654485049833887	0.3220338983050847	0.3386973180076628	0.2368421052631578	0.1034482758620689	-0.4694366659738673
Daam1	-0.3764044943820224	-0.5569122235788903	True	True	3	3	0.3764044943820224	0.5679012345679012	0.1923076923076923	0.1611842105263158	0.0	0.0109890109890109	-0.4666583589804564
Dda1	-0.444695546815505	-0.4648607295260739	True	True	2	2	0.4528521536670547	0.4657836644591611	0.0367892976588628	0.0313868613138686	0.0081566068515497	0.0009229349330872	-0.4547781381707895
Atat1	-0.5104243316163846	-0.3945186084142395	True	True	3	4	0.6296296296296297	0.4466019417475728	0.4547413793103448	0.388659793814433	0.119205298013245	0.0520833333333333	-0.452471470015312
Cbl	-0.4209811906146985	-0.4704259303530161	True	True	4	4	0.4950552646887726	0.5023408239700374	0.2086720867208672	0.1695601851851852	0.074074074074074	0.0319148936170212	-0.4457035604838573
Lipe	-0.504171052631579	-0.3834927160604165	True	True	3	2	0.792	0.8134328358208955	0.38860103626943	0.4945945945945946	0.2878289473684211	0.429940119760479	-0.4438318843459977
Atf1	-0.3951957078405072	-0.4897605083088954	True	True	2	2	0.6127098321342925	0.6480938416422287	0.4019607843137255	0.3859007832898172	0.2175141242937853	0.1583333333333333	-0.4424781080747013
Ddx19b	-0.367864282439248	-0.513841192592738	True	True	4	4	0.415864282439248	0.5265638389031705	0.0831889081455806	0.0703784044348035	0.048	0.0127226463104325	-0.4408527375159929
Stk36	-0.4032104534440983	-0.4729088501434562	True	True	3	3	0.5467289719626168	0.6142131979695431	0.4422110552763819	0.4617952522255193	0.1435185185185185	0.1413043478260869	-0.4380596517937772
Erlin2	-0.4593352192362093	-0.4106904825379899	True	True	2	2	0.495049504950495	0.4752066115702479	0.1823529411764705	0.1715817694369973	0.0357142857142857	0.064516129032258	-0.4350128508870996
Pttg1ip	-0.4320559478668197	-0.4347887302388932	True	True	3	3	0.9273772204806688	0.9318901795142556	0.5380208333333333	0.5381642512077295	0.495321272613849	0.4971014492753623	-0.4334223390528565
Fam78a	-0.455242061010056	-0.4059601012908406	True	True	2	2	0.4566929133858268	0.4063492063492063	0.0536277602523659	0.0387650882079851	0.0014508523757707	0.0003891050583657	-0.4306010811504483
Prdm4	-0.58	-0.2809374533512464	True	True	2	3	0.75	0.8441558441558441	0.4083333333333333	0.7022955523672884	0.17	0.5632183908045977	-0.4304687266756232
4921536K21Rik	-0.4270476114256751	-0.4336267551540849	True	True	2	2	0.4282560706401766	0.4342105263157895	0.0212335692618806	0.0164186762442278	0.0012084592145015	0.0005837711617046	-0.43033718328988
Idi1	-0.4316330469051536	-0.4243768830457409	True	False	2	2	0.6939281288723668	0.6910435497124076	0.298235294117647	0.2640664961636829	0.2622950819672131	0.2666666666666666	-0.4280049649754472
Ak2	-0.3847164472164472	-0.4472458773318372	True	True	2	2	0.5528846153846154	0.5871060171919771	0.3602599814298978	0.3940959409594096	0.1681681681681681	0.1398601398601398	-0.4159811622741422
Selenot	-0.323990116266243	-0.49724549887076	False	True	2	2	0.6228406909788867	0.6836861768368617	0.2660869565217391	0.2674259681093394	0.2988505747126437	0.1864406779661017	-0.4106178075685015
Dnajc7	-0.3410642501873679	-0.4721584010460445	True	True	6	6	0.9718334809565988	0.9813953488372092	0.9578304048892284	0.9501250446588068	0.6307692307692309	0.5092369477911647	-0.4066113256167062
Elfn2	-0.3497052251224266	-0.4589689906591314	True	True	3	3	0.5021442495126706	0.5223492723492723	0.3834586466165413	0.3118279569892473	0.1524390243902439	0.0633802816901408	-0.404337107890779
Ap2b1	-0.360706140220965	-0.4474626839781785	True	True	2	2	0.390894819466248	0.466786355475763	0.115530303030303	0.1198019801980198	0.030188679245283	0.0193236714975845	-0.4040844120995718
Tmbim6	-0.4267254698165679	-0.3807457928084264	True	True	2	2	0.9318801089918256	0.9441260744985672	0.719626168224299	0.7957259585166562	0.5051546391752577	0.5633802816901409	-0.4037356313124972
Mief1	-0.3919342359767892	-0.4120359209257473	True	True	3	3	0.8882978723404256	0.8954918032786885	0.5688405797101449	0.6197916666666666	0.4963636363636363	0.4834558823529412	-0.4019850784512683
Sox6	-0.3333333333333333	-0.468503937007874	True	True	2	3	0.3333333333333333	0.468503937007874	0.0195729537366548	0.0193868349864743	0.0	0.0	-0.4009186351706036
Ppp1r15b	-0.4107142857142857	-0.3893617021276596	True	True	2	2	0.4523809523809524	0.4	0.064516129032258	0.0738786279683377	0.0416666666666666	0.0106382978723404	-0.4000379939209726
Otud6b	-0.2667374107659657	-0.5277382645803699	True	True	3	2	0.2808219178082192	0.5540540540540541	0.0706967213114754	0.1041009463722397	0.0140845070422535	0.0263157894736842	-0.3972378376731678
Dusp18	-0.4106594899139796	-0.3735617236895206	True	True	3	3	0.441747572815534	0.435630689206762	0.1802030456852792	0.1815610859728506	0.0310880829015544	0.0620689655172413	-0.3921106068017501
Ccdc158	-0.3611555200284218	-0.4221356702369361	True	True	3	3	0.7068345323741008	0.7067510548523207	0.575	0.603578154425612	0.345679012345679	0.2846153846153846	-0.3916455951326789
Cgrrf1	-0.4105091274493384	-0.3718914448600453	True	True	3	3	0.8497948417350527	0.8626748549982941	0.8304111245465539	0.821348673697667	0.4392857142857143	0.4907834101382488	-0.3912002861546918
Izumo2	-0.3281302876480541	-0.4522795621316011	True	False	4	4	0.5416666666666666	0.7254901960784313	0.2304302747537584	0.2709063595393089	0.2135363790186125	0.2732106339468302	-0.3902049248898276
Abhd2	-0.4286356658862202	-0.3471621674262787	True	True	2	2	0.4380165289256198	0.3488372093023256	0.0179514255543822	0.0194085027726432	0.0093808630393996	0.0016750418760469	-0.3878989166562494
Pcf11	-0.3290777019590579	-0.4453316299371872	False	True	2	2	0.5108958837772397	0.5313531353135313	0.1631736526946108	0.192168237853517	0.1818181818181818	0.086021505376344	-0.3872046659481225
Cep85l	-0.4571428571428571	-0.3125	True	True	2	2	0.4571428571428571	0.3125	0.0372549019607843	0.021639344262295	0.0	0.0	-0.3848214285714285
Cspp1	-0.4020497390813784	-0.3614086335605323	True	True	2	2	0.5481171548117155	0.4767932489451477	0.3189655172413793	0.3040935672514619	0.146067415730337	0.1153846153846153	-0.3817291863209553
Agbl5	-0.295386692829488	-0.4632820577085748	True	True	4	4	0.8392463419522951	0.8163894023413432	0.8045088566827697	0.7966042966042967	0.543859649122807	0.3531073446327683	-0.3793343752690314
Uqcc1	-0.3601895734597156	-0.3982300884955752	True	True	2	2	0.3601895734597156	0.3982300884955752	0.0734312416555407	0.0535346602608098	0.0	0.0	-0.3792098309776454
Pcnp	-0.3638032409373614	-0.3776587070471752	True	True	4	4	0.7590673575129534	0.8298039215686274	0.5185185185185185	0.635678391959799	0.3952641165755919	0.4521452145214521	-0.3707309739922683
4930519G04Rik	-0.3619047619047619	-0.3696900114810563	False	False	2	2	0.4542124542124542	0.4850746268656716	0.0798212005108556	0.0768532526475037	0.0923076923076923	0.1153846153846153	-0.365797386692909
Snap29	-0.3242068665797479	-0.3961959496442255	True	True	3	3	0.4011299435028249	0.4176245210727969	0.1141649048625792	0.1427745664739884	0.0769230769230769	0.0214285714285714	-0.3602014081119867
Sufu	-0.3552206584464649	-0.3557984790874525	True	True	2	2	0.3567567567567568	0.3583333333333333	0.03954802259887	0.0127516778523489	0.0015360983102918	0.0025348542458808	-0.3555095687669587
Jmjd6	-0.3482197933533811	-0.3596145411774086	True	True	3	3	0.966540404040404	0.9550970873786409	0.8962765957446809	0.883402489626556	0.6183206106870229	0.5954825462012321	-0.3539171672653949
Ptpn9	-0.3792663476874003	-0.3281779348946825	True	True	2	2	0.4701754385964912	0.3926940639269406	0.2801932367149758	0.2938689217758985	0.0909090909090909	0.064516129032258	-0.3537221412910414
Rnf185	-0.3740510697032436	-0.3315015479876161	True	False	2	2	0.5169082125603864	0.5197368421052632	0.1458885941644562	0.1781206171107994	0.1428571428571428	0.188235294117647	-0.3527763088454299
Rgs3	-0.3119931711481007	-0.3891938250428817	True	True	2	2	0.9483568075117372	0.9528301886792452	0.7272727272727273	0.7817679558011049	0.6363636363636364	0.5636363636363636	-0.3505934980954912
Pcyt1a	-0.3393933636190904	-0.3568464730290456	True	True	2	2	0.3465703971119133	0.3568464730290456	0.0383795309168443	0.0298969072164948	0.0071770334928229	0.0	-0.348119918324068
1700066M21Rik	-0.2963182037662965	-0.3994959677419355	True	True	2	2	0.3910550458715596	0.415625	0.1598414795244385	0.1675639300134589	0.0947368421052631	0.0161290322580645	-0.347907085754116
Pacsin2	-0.3712121212121212	-0.3214001986097318	True	False	3	3	0.4902597402597403	0.5289473684210526	0.1756965944272445	0.1878088962108731	0.119047619047619	0.2075471698113207	-0.3463061599109265
Slc35a5	-0.3137962719873982	-0.3631324448637811	True	True	2	2	0.6346153846153846	0.8057553956834532	0.3804347826086957	0.507085020242915	0.3208191126279863	0.4426229508196721	-0.3384643584255896
Rbl2	-0.4618931559185824	-0.2024082372661033	True	True	2	3	0.4680851063829787	0.2073170731707317	0.1377974543442169	0.067011751538892	0.0061919504643962	0.0049088359046283	-0.3321506965923428
Fam107b	-0.3058028169014084	-0.3519457523076155	True	True	2	2	0.312	0.3525291828793774	0.1081081081081081	0.1043937892302609	0.0061971830985915	0.0005834305717619	-0.3288742846045119
Ncoa4	-0.3441666666666667	-0.3108921729611384	True	True	4	4	0.6375	0.6442255062944717	0.3794813119755911	0.3892725598526703	0.2933333333333333	0.3333333333333333	-0.3275294198139025
Rnf216	-0.384476157326836	-0.2693685624720108	True	True	3	3	0.8609467455621301	0.7758620689655172	0.6215644820295984	0.6126681614349776	0.4764705882352941	0.5064935064935064	-0.3269223598994234
Ascc2	-0.2787534435261707	-0.372143037242484	True	True	2	2	0.3829201101928374	0.4192634560906516	0.2093023255813953	0.2209005947323704	0.1041666666666666	0.0471204188481675	-0.3254482403843274
Gorasp2	-0.3181833417127535	-0.3292867444435859	False	False	2	2	0.5233115468409586	0.4780962682531098	0.1536565324568611	0.1382434029145332	0.2051282051282051	0.1488095238095238	-0.3237350430781697
Yod1	-0.2831979458450047	-0.3612167300380228	True	True	3	3	0.2883333333333333	0.3612167300380228	0.038647342995169	0.015625	0.0051353874883286	0.0	-0.3222073379415137
Fgfr1op2	-0.4191485560684179	-0.2248667942085609	True	True	2	3	0.5469440832249675	0.2770569153641993	0.4312465064281721	0.2183052617835226	0.1277955271565495	0.0521901211556384	-0.3220076751384894
Dcun1d4	-0.330217294018199	-0.3103143960286817	True	True	2	3	0.3361344537815126	0.3265306122448979	0.0338747099767981	0.0368995633187772	0.0059171597633136	0.0162162162162162	-0.3202658450234403
Igsf11	-0.3956611570247934	-0.2424242424242424	True	True	2	2	0.4297520661157025	0.2424242424242424	0.0384	0.0421383647798742	0.034090909090909	0.0	-0.3190426997245179
Clec4g	-0.2309391889595159	-0.4070242656449553	True	False	2	2	0.5186104218362283	0.5551724137931034	0.4956521739130435	0.5708418891170431	0.2876712328767123	0.1481481481481481	-0.3189817273022356
Impad1	-0.2204365079365079	-0.4082145816412755	True	True	3	4	0.2222222222222222	0.4105691056910568	0.0100286532951289	0.0049122807017543	0.0017857142857142	0.0023545240497813	-0.3143255447888917
Ap2a2	-0.2929292929292929	-0.334508952794357	False	True	2	2	0.3333333333333333	0.3608247422680412	0.027431421446384	0.0303163444639718	0.0404040404040404	0.0263157894736842	-0.3137191228618249
Bzw1	-0.3457679444301518	-0.275926535890304	True	True	3	4	0.5414201183431953	0.5700757575757576	0.5096153846153846	0.4737732656514382	0.1956521739130435	0.2941492216854535	-0.3108472401602279
Itpk1	-0.2949933466400533	-0.3210772833723653	True	True	2	2	0.8922155688622755	0.8782201405152225	0.8439306358381503	0.8639240506329114	0.5972222222222222	0.5571428571428572	-0.3080353150062093
Pdpk1	-0.2564967105263158	-0.3582089552238806	True	True	2	2	0.2578125	0.3582089552238806	0.0408695652173913	0.0328006728343145	0.0013157894736842	0.0	-0.3073528328750982
Clk4	-0.2282571565211451	-0.38536866359447	True	True	2	2	0.959349593495935	0.9821428571428572	0.9169054441260746	0.9100671140939596	0.7310924369747899	0.5967741935483871	-0.3068129100578075
Zfand4	-0.3157199563194064	-0.2957456648738381	True	True	6	6	0.6942370129870129	0.6939327804452206	0.5957132298595713	0.5930894308943089	0.3785170566676065	0.3981871155713824	-0.3057328105966223
Polr1d	-0.2889938706122912	-0.322033026701474	True	True	2	2	0.8174974335576594	0.8259700345754898	0.7604635074368731	0.7637211072006088	0.5285035629453682	0.5039370078740157	-0.3055134486568826
Gabpb1	-0.5851974592653963	-0.0174022698612863	True	False	2	2	0.6274509803921569	0.9846153846153848	0.0985221674876847	0.9596774193548387	0.0422535211267605	0.9672131147540984	-0.3012998645633413
Zfp558	-0.3202835188129306	-0.2819418089816572	True	True	2	2	0.3423423423423423	0.3088235294117647	0.0912476722532588	0.0884861407249466	0.0220588235294117	0.0268817204301075	-0.3011126638972939
Sh2b3	-0.2784245818288998	-0.3055619796484736	True	True	2	2	0.5589123867069486	0.4930619796484736	0.5085324232081911	0.3518518518518518	0.2804878048780488	0.1875	-0.2919932807386867
Becn1	-0.2628803888419273	-0.3152784403523836	False	False	3	4	0.8503803888419273	0.8436472346786248	0.8811764705882353	0.8926722421346077	0.5875	0.5283687943262412	-0.2890794145971554
Stk39	-0.2977216748768473	-0.2745771357264521	False	False	2	2	0.4762931034482758	0.5022999080036799	0.1199324324324324	0.135239941832283	0.1785714285714285	0.2277227722772277	-0.2861494053016497
Pole3	-0.233230173238273	-0.3304192827012472	False	True	2	2	0.2515986227250369	0.343875968992248	0.0177887246852764	0.0287696733795904	0.0183684494867639	0.0134566862910008	-0.2818247279697601
Ptp4a1	-0.5438556860720278	-0.0174916706330318	True	False	3	3	0.9139344262295082	0.4947643979057591	0.8214739517153749	0.4989308624376336	0.3700787401574803	0.4772727272727273	-0.2806736783525299
Cabyr	-0.5409678291430116	-0.0190943807965084	False	False	2	2	0.7846715328467153	0.0319148936170212	0.866581956797967	0.0062011323806956	0.2437037037037037	0.0128205128205128	-0.28003110496976
Cep350	-0.3260125711310298	-0.2312138728323699	True	True	2	2	0.3353293413173652	0.2312138728323699	0.1019736842105263	0.0641562064156206	0.0093167701863354	0.0	-0.2786132219816999
Lrp2bp	-0.255798762192624	-0.2966006833981383	True	True	4	4	0.7366946778711484	0.8067632850241545	0.6080215706100438	0.6191588785046729	0.4808959156785243	0.5101626016260162	-0.2761997227953812
Tmem30a	-0.1620995115489693	-0.386684649858754	True	True	2	3	0.2684824902723735	0.3979206049149338	0.138755980861244	0.196870925684485	0.1063829787234042	0.0112359550561797	-0.2743920807038617
Stk11	-0.1393544982851112	-0.4087335417258691	True	True	3	3	0.808029197080292	0.7616747181964574	0.7386666666666667	0.5740971357409713	0.6686746987951807	0.3529411764705882	-0.2740440200054902
Lypla1	-0.2837259826197879	-0.239958928813418	True	True	4	4	0.4846846846846846	0.4831649831649832	0.2538812785388128	0.2804995196926032	0.2009587020648967	0.2432060543515651	-0.2618424557166029
Cyb5d2	-0.2843915343915344	-0.2341489081820573	False	False	2	2	0.3796296296296296	0.281767955801105	0.0462724935732647	0.0426229508196721	0.0952380952380952	0.0476190476190476	-0.2592702212867959
Ppp1r2	-0.0981839763845621	-0.4109582551652954	True	True	4	4	0.5675326353883935	0.4612550374208405	0.5428471493529206	0.1753379239989798	0.4693486590038314	0.0502967822555451	-0.2545711157749287
Kpna1	-0.2764734245762397	-0.2319870432229982	True	True	2	2	0.2807017543859649	0.2342342342342342	0.0574412532637075	0.0733882030178326	0.0042283298097251	0.0022471910112359	-0.254230233899619
Sun1	-0.2951536268609439	-0.2030620467365028	True	False	3	3	0.8146341463414634	0.771689497716895	0.5292134831460674	0.5282301845819761	0.5194805194805194	0.5686274509803921	-0.2491078367987234
Oxct1	-0.2572463768115942	-0.2402912621359223	True	True	2	2	0.2572463768115942	0.25	0.0124069478908188	0.0232700551132884	0.0	0.0097087378640776	-0.2487688194737582
Acr	-0.1023786147108869	-0.3938532841666556	True	True	3	2	0.9496692551049756	0.9570716749712532	0.9335539012958368	0.9280115181570948	0.8472906403940886	0.5632183908045977	-0.2481159494387713
Rnf141	-0.241083843472922	-0.2545647358250459	True	True	3	3	0.2513227513227513	0.2591836734693877	0.0622710622710622	0.0447427293064877	0.0102389078498293	0.0046189376443418	-0.2478242896489839
Atg7	-0.2589241933902128	-0.2338028169014084	True	True	2	2	0.279126213592233	0.2338028169014084	0.0931372549019607	0.0938337801608579	0.0202020202020202	0.0	-0.2463635051458106
Rnf19a	-0.2318374843774814	-0.2548947849954254	True	True	2	2	0.4486442070665571	0.5548947849954254	0.2970353477765108	0.3411662315056571	0.2168067226890756	0.3	-0.2433661346864534
Ppp2r5c	-0.222917070483458	-0.2637854976564654	False	True	2	3	0.9458086367485182	0.9560931899641576	0.9518072289156626	0.9026845637583892	0.7228915662650602	0.6923076923076923	-0.2433512840699617
Ypel5	-0.2242957033972615	-0.2590673575129533	True	True	2	2	0.2278481012658227	0.2590673575129533	0.0682926829268292	0.0650759219088937	0.0035523978685612	0.0	-0.2416815304551074
Otub2	-0.2429742958191234	-0.2333527198575449	True	True	2	2	0.2575	0.2470238095238095	0.0890742734122712	0.0913092692743051	0.0145257041808765	0.0136710896662645	-0.2381635078383341
Dnajb2	-0.2562330683151801	-0.2159390860981437	True	True	2	2	0.9915585752522132	0.9919291851080448	0.9626593806921676	0.9644215708212128	0.7353255069370331	0.775990099009901	-0.2360860772066619
Igf2bp3	-0.2585004286281807	-0.2070136651221864	True	True	2	2	0.2667844522968198	0.2266857962697274	0.102760736196319	0.0578098943857698	0.008284023668639	0.0196721311475409	-0.2327570468751835
Map7	-0.1929118773946361	-0.2721760797342192	False	True	4	3	0.8706896551724138	0.7936046511627907	0.6327345309381237	0.5326409495548962	0.6777777777777777	0.5214285714285715	-0.2325439785644276
Cab39	-0.207444141082075	-0.2511125113220178	True	True	2	2	0.2366412213740458	0.258575197889182	0.0571428571428571	0.0433705080545229	0.0291970802919708	0.0074626865671641	-0.2292783262020464
Msl1	-0.201182185040407	-0.2542761217730593	True	True	3	3	0.6544532130777903	0.64943741209564	0.497841726618705	0.5087894971072541	0.4532710280373832	0.3951612903225806	-0.2277291534067332
Mlf1	-0.3155219619116066	-0.1392588595409877	True	True	2	3	0.8949597628123677	0.9575251657255096	0.8521281555984813	0.9384908933217692	0.579437800900761	0.8182663061845218	-0.2273904107262971
Pias2	-0.2378444746815853	-0.2130246131083023	True	True	3	4	0.5566518141311266	0.6188968065452626	0.5431159420289855	0.6108478146392838	0.3188073394495412	0.4058721934369602	-0.2254345438949438
Nudt4	-0.1969930974978428	-0.2523439183681119	True	True	2	2	0.8790983606557377	0.8547829427583558	0.7776993648553282	0.7270875763747454	0.6821052631578948	0.6024390243902439	-0.2246685079329773
Kif27	-0.2431173628675988	-0.2022937894040432	True	True	6	7	0.8857908847184987	0.8860265417642467	0.658864426419467	0.7059163774582714	0.6426735218508998	0.6837327523602035	-0.222705576135821
Ghitm	-0.2359092248385592	-0.2088738035138219	True	True	2	2	0.2580935251798561	0.2236121970289288	0.0298507462686567	0.0202915681639085	0.0221843003412969	0.0147383935151068	-0.2223915141761905
Nek2	-0.1109752885672407	-0.3303790260688733	True	True	2	2	0.8219127885672407	0.8465080583269379	0.8002450980392157	0.7635829662261381	0.7109375	0.5161290322580645	-0.220677157318057
Paqr5	-0.3	-0.140625	True	True	2	2	0.3	0.140625	0.0051679586563307	0.0059880239520958	0.0	0.0	-0.2203125
Gna13	-0.2091173835125448	-0.2278928385390909	True	True	4	4	0.2681451612903225	0.2935862691960252	0.1330343796711509	0.1156862745098039	0.0590277777777777	0.0656934306569343	-0.2185051110258178
Trp53rka	-0.1945445445445445	-0.2366412213740458	True	True	2	2	0.2148148148148148	0.2366412213740458	0.0588235294117647	0.0512820512820512	0.0202702702702702	0.0	-0.2155928829592951
Wdr38	-0.2233766233766234	-0.2062665958576739	True	True	2	2	0.2476190476190476	0.2285714285714285	0.1517857142857142	0.1515544041450777	0.0242424242424242	0.0223048327137546	-0.2148216096171486
Eif4g3	-0.220629436738342	-0.2054641886170165	True	True	2	2	0.8950480413895048	0.8844765342960289	0.8100320170757738	0.7619346733668342	0.6744186046511628	0.6790123456790124	-0.2130468126776792
Btbd9	-0.2282608695652173	-0.1944444444444444	True	True	2	2	0.2282608695652173	0.2222222222222222	0.1371428571428571	0.1217712177121771	0.0	0.0277777777777777	-0.2113526570048309
Gm50253	-0.1018988230104465	-0.3143550557477892	False	False	2	3	0.5547290116896918	0.7657439446366782	0.5628227194492255	0.7694965449160909	0.4528301886792453	0.4513888888888889	-0.2081269393791179
Aktip	-0.1893468033906389	-0.2250411507908108	False	False	2	2	0.3316062176165803	0.3651685393258427	0.375	0.3788235294117647	0.1422594142259414	0.1401273885350318	-0.2071939770907248
Jazf1	-0.2297539678017198	-0.1837016284730966	True	True	2	2	0.2324159021406728	0.185595567867036	0.0246913580246913	0.034020618556701	0.0026619343389529	0.0018939393939393	-0.2067277981374082
Mcl1	-0.1822507701382971	-0.2309782608695652	True	True	2	2	0.210958904109589	0.2309782608695652	0.0609756097560975	0.0316831683168316	0.0287081339712918	0.0	-0.2066145155039311
Srsf1	-0.0127877237851662	-0.3988891468576429	True	True	2	3	0.0127877237851662	0.4928741092636579	0.0086455331412103	0.2187017001545595	0.0	0.093984962406015	-0.2058384353214045
Ttc39c	-0.1756427604871447	-0.2354346166430363	True	True	2	2	0.9756427604871448	0.9618497109826588	0.9428571428571428	0.9569486404833836	0.8	0.7264150943396226	-0.2055386885650905
Wipi2	-0.1639522316508116	-0.245008692726151	False	True	2	2	0.217049576783555	0.2677359654534238	0.0340218712029161	0.025	0.0530973451327433	0.0227272727272727	-0.2044804621884813
Marchf10	-0.2081527350055494	-0.1952548292696523	True	True	2	2	0.2776843622387701	0.2713946117274168	0.1677419354838709	0.1554792841382692	0.0695316272332206	0.0761397824577644	-0.2017037821376009
Gnas	-0.2138457748213845	-0.1876750700280112	False	False	2	2	0.951219512195122	0.9523809523809524	0.9855907780979828	0.9969278033794164	0.7373737373737373	0.7647058823529411	-0.2007604224246978
Oga	-0.2037656385482472	-0.195069558101473	False	True	2	2	0.2408026755852843	0.2163461538461538	0.0317220543806646	0.0234670704012112	0.037037037037037	0.0212765957446808	-0.1994175983248601
AW554918	-0.3051620097074642	-0.0750951374207188	False	False	5	6	0.6900826446280992	0.7441860465116279	0.3242424242424242	0.6117760617760617	0.3849206349206349	0.6690909090909091	-0.1901285735640915
Lrrc8b	-0.2302631578947368	-0.1491826224271897	True	True	2	2	0.2302631578947368	0.150375939849624	0.0193548387096774	0.0229182582123758	0.0	0.0011933174224343	-0.1897228901609632
Tmem262	-0.1652367090546958	-0.2115231259968102	True	True	2	2	0.221311475409836	0.2456140350877192	0.060081466395112	0.1078860898138006	0.0560747663551401	0.034090909090909	-0.188379917525753
Hdlbp	-0.1294161765286385	-0.2464966865727804	True	True	2	2	0.4661508704061896	0.3818350324374421	0.3387755102040816	0.2349102773246329	0.336734693877551	0.1353383458646616	-0.1879564315507095
Calm3	-0.1657871946184367	-0.2094683393070489	True	True	2	2	0.2264808362369338	0.2296296296296296	0.0826771653543307	0.0944741532976827	0.0606936416184971	0.0201612903225806	-0.1876277669627428
Dcaf12	-0.1848775854791051	-0.1863206271965396	True	True	2	2	0.2196601941747573	0.2233576642335766	0.1448863636363636	0.0953020134228188	0.0347826086956521	0.037037037037037	-0.1855991063378223
Cbx5	-0.1642305690492713	-0.2024584336031502	False	False	5	3	0.3034351145038167	0.3185298621745788	0.1309523809523809	0.1089887640449438	0.1392045454545454	0.1160714285714285	-0.1833445013262108
Itsn1	-0.1599870717517776	-0.2054656314427336	False	False	3	4	0.9457013574660632	0.8590604026845637	0.9674185463659148	0.9547650417215634	0.7857142857142857	0.6535947712418301	-0.1827263515972556
Hnrnpa2b1	-0.2161839415467444	-0.1466374593315587	False	False	2	2	0.3324630113141862	0.2480867346938775	0.4887640449438202	0.473469387755102	0.1162790697674418	0.1014492753623188	-0.1814107004391515
Frat1	-0.2697987376443968	-0.0923229054297015	True	False	2	2	0.3148148148148148	0.1481481481481481	0.2638190954773869	0.2665639445300462	0.045016077170418	0.0558252427184466	-0.1810608215370491
Sec63	-0.1830273266737355	-0.1774755299345463	True	True	2	2	0.1885521885521885	0.1994535519125683	0.0335570469798657	0.0301369863013698	0.005524861878453	0.0219780219780219	-0.1802514283041409
Pcmt1	-0.1773972684172675	-0.1830280368313345	True	True	4	4	0.8849418040737148	0.9032590205031784	0.8371406371406371	0.8444197785353735	0.7075445356564473	0.7202309836718439	-0.180212652624301
4930524B15Rik	-0.0889569549946908	-0.2684116718439681	False	True	2	2	0.8413379073756432	0.8163568773234201	0.6209523809523809	0.5845986984815619	0.7523809523809524	0.547945205479452	-0.1786843134193294
Pi4k2b	0.0107441860465116	-0.3673482237018148	False	True	2	3	0.966	0.8618233618233618	0.9814555633310008	0.5558035714285714	0.9767441860465116	0.494475138121547	-0.1783020188276516
Kif9	-0.174873522601319	-0.1813707501349163	True	True	2	2	0.2090032154340836	0.2070588235294117	0.1438721136767318	0.1585668676835757	0.0341296928327645	0.0256880733944954	-0.1781221363681177
Eif4e2	-0.2295223074958072	-0.1253029209233589	True	False	4	4	0.5907886017229953	0.5754245754245755	0.4213649851632047	0.4209205020920502	0.361266294227188	0.4501216545012165	-0.1774126142095831
Fam76a	-0.1728058864723886	-0.1747611984287654	True	True	2	2	0.1978842563783447	0.1927468099395567	0.1226692836113837	0.0966362045498736	0.0250783699059561	0.0179856115107913	-0.173783542450577
Ndrg3	-0.3663344589956895	0.0226666666666666	True	False	3	2	0.9332358674463938	0.9773333333333334	0.6395511921458625	0.9890985324947588	0.5669014084507042	1.0	-0.1718338961645114
Trp53rkb	-0.1321995214684161	-0.2104301075268817	False	True	2	2	0.7126948775055679	0.7733333333333333	0.5706638115631691	0.5935228023793787	0.5804953560371517	0.5629032258064516	-0.1713148144976489
Mtmr2	-0.1553147574819402	-0.1863955637707948	True	True	2	2	0.8921568627450981	0.9463955637707948	0.8675213675213675	0.7783251231527094	0.7368421052631579	0.76	-0.1708551606263675
Rcor3	-0.2140596229882396	-0.1249248063764193	True	True	3	5	0.3351776354105998	0.6518065268065268	0.2068741893644617	0.5904290429042904	0.1211180124223602	0.5268817204301075	-0.1694922146823294
Cd164	-0.1565355820783341	-0.1819490228396515	True	True	2	2	0.2336869173899068	0.2366935483870967	0.1213953488372093	0.1214411690602166	0.0771513353115727	0.0547445255474452	-0.1692423024589928
Ttll8	-0.1445406865838335	-0.1920836369314041	True	True	2	2	0.9994894920445844	0.9995836369314042	0.9497237569060774	0.940119760479042	0.8549488054607508	0.8075	-0.1683121617576188
Rnf4	-0.1430417700578991	-0.1935180165670184	True	True	2	2	0.1478494623655914	0.1945812807881773	0.0218223583460949	0.0118532756687489	0.0048076923076923	0.0010632642211589	-0.1682798933124587
C2cd3	-0.1091508491508491	-0.2271973466003317	False	True	6	5	0.5062937062937063	0.6716417910447762	0.3703349282296651	0.4703087885985748	0.3971428571428572	0.4444444444444444	-0.1681740978755904
Nosip	-0.2927249065950212	-0.0434520995401211	True	False	2	2	0.5818815331010453	0.571753986332574	0.3569230769230769	0.3692946058091286	0.2891566265060241	0.5283018867924528	-0.1680885030675712
Ica1l	-0.1885502622523636	-0.147602326736185	True	True	2	2	0.245982694684796	0.2184684684684684	0.0995951417004048	0.1067338524965643	0.0574324324324324	0.0708661417322834	-0.1680762944942743
Pmpca	-0.1613528591352859	-0.1746724890829694	True	True	3	3	0.1746861924686192	0.1746724890829694	0.0545529122231337	0.0458895171813832	0.0133333333333333	0.0	-0.1680126741091276
Ccdc169	-0.1527649057769539	-0.1828739793356763	False	False	3	3	0.4358974358974359	0.4436619718309859	0.47168458781362	0.4801785714285714	0.2831325301204819	0.2607879924953096	-0.1678194425563151
Ap4m1	-0.1530052226254758	-0.1795856999665886	False	True	2	2	0.1783216783216783	0.1917808219178082	0.0248175182481751	0.0188356164383561	0.0253164556962025	0.0121951219512195	-0.1662954612960322
Lrrc58	-0.1705948042788292	-0.1593901378710719	False	False	3	3	0.3674033149171271	0.3943298969072165	0.1690647482014388	0.114741641337386	0.1968085106382978	0.2349397590361445	-0.1649924710749505
Rundc3a	-0.12475194897236	-0.2036846460702767	True	True	2	2	0.1352941176470588	0.2116788321167883	0.0395738203957382	0.0401188707280832	0.0105421686746987	0.0079941860465116	-0.1642182975213183
Usp47	-0.1208356860530773	-0.204074844074844	False	False	2	2	0.3178053830227743	0.344074844074844	0.1238938053097345	0.0994575045207956	0.1969696969696969	0.14	-0.1624552650639607
Pik3ip1	-0.1508409889110603	-0.1726233894652179	True	True	3	3	0.958701250919794	0.9639619721423832	0.8619725470259278	0.8924955330553901	0.8078602620087336	0.7913385826771654	-0.1617321891881391
Smim13	-0.1639688249400479	-0.1579751131221719	False	False	2	2	0.3723021582733813	0.3272058823529412	0.15527950310559	0.1598002496878901	0.2083333333333333	0.1692307692307692	-0.1609719690311099
Limk2	-0.1475146198830409	-0.1743119266055046	True	True	2	2	0.1527777777777778	0.1743119266055046	0.0702247191011236	0.0862573099415204	0.0052631578947368	0.0	-0.1609132732442728
Dnajc18	-0.1473018638787686	-0.1734895353428985	True	True	4	3	0.4307909604519773	0.6267605633802817	0.300705467372134	0.4719745222929936	0.2834890965732087	0.4532710280373832	-0.1603956996108336
Slco3a1	-0.1654856462888591	-0.1493445692883895	True	True	4	4	0.6677078685110813	0.6910112359550562	0.5804833561331509	0.5546608101512933	0.5022222222222222	0.5416666666666666	-0.1574151077886243
Serf2	-0.1468211367567245	-0.1664500407049778	False	False	4	4	0.2506858710562414	0.2212248154797526	0.2806899036296496	0.2565352104202388	0.1038647342995169	0.0547747747747747	-0.1566355887308512
1700029H14Rik	-0.1087173939666081	-0.196810447231607	False	True	2	2	0.4970588235294118	0.5676470588235294	0.5653253849975162	0.5662636459678366	0.3883414295628036	0.3708366115919224	-0.1527639205991076
Ep400	-0.1135430489423151	-0.1903961920761584	False	True	4	4	0.1715140634350688	0.1903961920761584	0.0449358059914408	0.0524946434037343	0.0579710144927536	0.0	-0.1519696205092368
Tmem8	-0.1332097220981145	-0.1697481823872117	True	True	2	2	0.1412742382271468	0.1821705426356589	0.0817610062893081	0.0502645502645502	0.0080645161290322	0.0124223602484472	-0.1514789522426631
Sec14l1	-0.1487019961103424	-0.1504686624441765	False	False	2	2	0.1574585635359116	0.1550279329608938	0.1634429400386847	0.1813092161929371	0.0087565674255691	0.0045592705167173	-0.1495853292772594
Rgl1	-0.1436781609195402	-0.1547619047619047	True	True	2	3	0.1436781609195402	0.1675824175824175	0.0121951219512195	0.0167464114832535	0.0	0.0128205128205128	-0.1492200328407225
Ube2n	-0.2338348111083614	-0.0634110974941023	True	True	2	3	0.9658145065398336	0.4906015037593985	0.9102470399064464	0.4739065213958629	0.7319796954314721	0.4271904062652961	-0.1486229543012319
Asap1	-0.1484692046489799	-0.1476683937823834	True	True	2	2	0.1597051597051597	0.1476683937823834	0.0652173913043478	0.0427135678391959	0.0112359550561797	0.0	-0.1480687992156816
Lyrm9	-0.1290423861852433	-0.1665057915057915	False	True	4	3	0.1510204081632653	0.1665057915057915	0.0109965635738831	0.0114213197969543	0.0219780219780219	0.0	-0.1477740888455174
Ociad1	-0.1307381161419791	-0.1583631405602578	True	True	2	2	0.9616204690831556	0.9663101604278076	0.8462469733656174	0.8775750441436139	0.8308823529411765	0.8079470198675497	-0.1445506283511184
Poc1a	-0.0101960784313724	-0.2782051282051282	False	True	2	2	0.8235294117647058	0.2948717948717949	0.7677902621722846	0.0958549222797927	0.8133333333333334	0.0166666666666666	-0.1442006033182503
Zfp37	-0.0972222222222222	-0.1901408450704225	True	True	2	2	0.0972222222222222	0.1901408450704225	0.004235044997353	0.0059324219757544	0.0	0.0	-0.1436815336463223
Nsun4	-0.2201857282502443	-0.0670668953687821	True	True	2	3	0.2580645161290322	0.5943396226415094	0.1335740072202166	0.5379241516966068	0.0378787878787878	0.5272727272727272	-0.1436263118095133
Dcun1d3	-0.1286241733273826	-0.1529833397907787	True	True	2	3	0.1306122448979592	0.1535580524344569	0.0300751879699248	0.0198776758409785	0.0019880715705765	0.0005747126436781	-0.1408037565590807
Pgap2	-0.1695118858530986	-0.1105545084813014	True	True	3	2	0.9784172661870504	0.9705882352941176	0.9651360544217688	0.9640861931364724	0.8089053803339518	0.8600337268128162	-0.1400331971672
Mfn2	-0.1069482606063427	-0.1717633274751026	True	True	2	2	0.8959390862944162	0.905096660808436	0.8679867986798679	0.8334606569900688	0.7889908256880734	0.7333333333333333	-0.1393557940407226
Cdv3	-0.1688187470109995	-0.108843537414966	True	False	2	3	0.9411764705882352	0.7380952380952381	0.8807692307692307	0.7934782608695652	0.7723577235772358	0.6292517006802721	-0.1388311422129827
Ggn	-0.1235159147165801	-0.1532677848467322	True	True	2	2	0.4535407286123618	0.5662232504337767	0.4062806673209028	0.4833906071019473	0.3300248138957816	0.4129554655870445	-0.1383918497816562
Mtdh	-0.166296473038046	-0.1093324549846289	True	True	5	8	0.7662162162162162	0.6202020202020202	0.6269672282910572	0.5129074315514993	0.5999197431781701	0.5108695652173912	-0.1378144640113375
Agpat3	-0.1364170477642276	-0.1389301634472511	True	True	5	5	0.3974847560975609	0.400445765230312	0.3268621236133122	0.3129731589814177	0.2610677083333333	0.2615156017830609	-0.1376736056057393
Gsk3b	-0.1130952380952381	-0.1619047619047619	True	True	2	2	0.1130952380952381	0.1619047619047619	0.0017605633802816	0.0164424514200298	0.0	0.0	-0.1375
Efcab15	-0.1376387638763877	-0.1363950827523814	True	True	2	2	0.8118811881188119	0.8695652173913043	0.7252657399836467	0.743058433485288	0.6742424242424242	0.7331701346389229	-0.1370169233143846
Aco2	-0.229381443298969	-0.043051609066279	True	True	2	2	0.979381443298969	0.988997555012225	0.9670454545454544	0.9822590183323476	0.75	0.945945945945946	-0.136216526182624
Abcf1	-0.1111501492195635	-0.1522444031541738	True	True	3	3	0.2197087077781221	0.3307203389830508	0.2073105656350053	0.280250347705146	0.1085585585585585	0.178475935828877	-0.1316972761868687
Sgcb	-0.1450507878823985	-0.1179609387141895	True	True	3	3	0.1704745166959578	0.1231155778894472	0.0669957686882933	0.0669354838709677	0.0254237288135593	0.0051546391752577	-0.131505863298294
Gpatch2	-0.1862259490379615	-0.0745961355717452	True	True	4	6	0.4820592823712948	0.6512195121951219	0.3347857661583152	0.5866666666666666	0.2958333333333333	0.5766233766233766	-0.1304110423048534
Sar1a	-0.0826832114994778	-0.1747536403101647	True	True	2	2	0.1095890410958904	0.1930184804928131	0.0341463414634146	0.0250208507089241	0.0269058295964125	0.0182648401826484	-0.1287184259048213
Parp11	-0.1211009174311926	-0.1362637362637362	True	True	2	2	0.1211009174311926	0.1362637362637362	0.0364583333333333	0.0168498168498168	0.0	0.0	-0.1286823268474644
Wdfy1	-0.2021122685185185	-0.0549130763416477	True	True	3	3	0.5185185185185185	0.4863945578231292	0.4205020920502092	0.4650035893754486	0.31640625	0.4314814814814814	-0.1285126724300831
Habp4	-0.1370049703383036	-0.1195107192254495	True	True	4	5	0.5541125541125541	0.6770833333333334	0.4237066142763588	0.5758443908323281	0.4171075837742504	0.5575726141078838	-0.1282578447818766
Nup50	-0.1157022829542583	-0.1407005521011504	True	True	3	2	0.1356453028972783	0.1515308770108977	0.0228360156589821	0.0207209151737535	0.0199430199430199	0.0108303249097472	-0.1282014175277044
Zfp787	-0.1209739263803681	-0.1303940119559939	True	True	2	2	0.2147239263803681	0.2451481103166496	0.1618257261410788	0.2069716775599128	0.09375	0.1147540983606557	-0.125683969168181
Fam53c	-0.1442584749098581	-0.1052403467297085	True	True	3	3	0.6046511627906976	0.5904255319148937	0.5286144578313253	0.5509962049335864	0.4603926878808395	0.4851851851851851	-0.1247494108197833
Vamp4	-0.152497009569378	-0.0899018795954729	True	False	3	4	0.1946022727272727	0.1754874651810584	0.062225475841874	0.0504490227152667	0.0421052631578947	0.0855855855855855	-0.1211994445824254
Purb	-0.1727670256700947	-0.0688836572464268	True	True	4	4	0.2796852646638054	0.168057210965435	0.2145328719723183	0.1241481481481481	0.1069182389937106	0.0991735537190082	-0.1208253414582607
Spata21	-0.1153906943380627	-0.1224487139435593	True	True	2	2	0.1196581196581196	0.1237113402061855	0.0144508670520231	0.0080213903743315	0.0042674253200568	0.0012626262626262	-0.118919704140811
Scamp2	-0.1183980342667895	-0.1188959660297239	True	True	2	2	0.1314984709480122	0.1188959660297239	0.0250114731528223	0.0196010206448619	0.0131004366812227	0.0	-0.1186470001482567
Aqp7	-0.1840317826476996	-0.0523791348600508	True	True	2	2	0.1851851851851851	0.0533333333333333	0.0205066344993968	0.0151162790697674	0.0011534025374855	0.0009541984732824	-0.1182054587538752
Slain2	-0.0500964836244021	-0.1834868908563669	True	True	2	2	0.0505886096086541	0.1857467778620166	0.019302404334575	0.0688888888888888	0.0004921259842519	0.0022598870056497	-0.1167916872403845
Fto	-0.1599691110517093	-0.0728176970832137	False	False	4	5	0.8432385874246339	0.8249097472924187	0.6357103372028745	0.6828859060402684	0.6832694763729246	0.752092050209205	-0.1163934040674615
Lrrcc1	-0.0759344737080279	-0.1565123587073777	False	True	7	7	0.7598425196850395	0.7869471413160735	0.7749087115284299	0.7660649819494585	0.6839080459770115	0.6304347826086957	-0.1162234162077028
Trnt1	-0.1060539843083391	-0.1258379213754467	True	True	2	2	0.8896797153024911	0.9376026272577996	0.8561872909698997	0.9110350727117196	0.783625730994152	0.8117647058823529	-0.1159459528418929
Armt1	-0.1450176418893217	-0.0861844414475992	False	False	4	5	0.6333897349125776	0.6024182076813656	0.2997241033358415	0.275635407537248	0.4883720930232558	0.5162337662337663	-0.1156010416684605
Srpk2	-0.1225663353322928	-0.1048477564102564	False	False	5	5	0.5250759878419453	0.5095486111111112	0.3974036850921273	0.3852965403624382	0.4025096525096525	0.4047008547008547	-0.1137070458712746
Scamp1	-0.0793492695883134	-0.1479519619431189	True	True	2	2	0.0833333333333333	0.1572327044025157	0.0092896174863387	0.0105633802816901	0.0039840637450199	0.0092807424593967	-0.1136506157657162
Nras	-0.074791933418694	-0.1483213429256594	True	True	5	5	0.3670454545454545	0.4316546762589928	0.2996231155778894	0.2876892692560895	0.2922535211267605	0.2833333333333333	-0.1115566381721767
Rtf2	-0.091323394900268	-0.1292415410062469	False	True	2	2	0.1507293354943274	0.1494435612082671	0.0433497536945812	0.0275103163686382	0.0594059405940594	0.0202020202020202	-0.1102824679532574
Lrrc43	-0.1384912619653991	-0.0819311903566047	True	False	2	2	0.155440414507772	0.1160220994475138	0.0517928286852589	0.0258964143426294	0.0169491525423728	0.034090909090909	-0.1102112261610019
Bbip1	-0.1213692742416946	-0.0970901063616295	False	False	2	2	0.4279386173073881	0.3395143487858719	0.2084033613445378	0.1387241689128481	0.3065693430656934	0.2424242424242424	-0.109229690301662
Nmnat1	-0.1053719008264462	-0.1101117318435754	True	False	2	2	0.1053719008264462	0.1201117318435754	0.0050632911392405	0.0036057692307692	0.0	0.01	-0.1077418163350108
Sltm	-0.1422701539739438	-0.0726985204774498	True	True	4	5	0.8063121487246	0.9182867557715676	0.7421033073206986	0.8810395314787701	0.6640419947506562	0.8455882352941176	-0.1074843372256968
Ptar1	-0.0982035928143712	-0.1165135059871902	True	False	2	2	0.0982035928143712	0.1375661375661375	0.02803738317757	0.0111386138613861	0.0	0.0210526315789473	-0.1073585494007807
Plac8l1	-0.1822796232586994	-0.0291803278688524	True	False	2	2	0.6386554621848739	0.48	0.5163934426229508	0.5714520367936925	0.4563758389261745	0.4508196721311475	-0.1057299755637759
Rufy3	-0.0462614308768154	-0.158268245569833	True	True	3	4	0.9763313609467456	0.7981859410430839	0.9425403225806452	0.6604938271604938	0.93006993006993	0.639917695473251	-0.1022648382233242
Lrrc18	-0.1181926010943742	-0.0857210448697262	True	False	2	2	0.1672932330827067	0.1326259946949602	0.1569146005509641	0.157903260634852	0.0491006319883325	0.0469049498252339	-0.1019568229820502
Yap1	-0.0707964601769911	-0.1316996871741397	True	False	2	2	0.0707964601769911	0.145985401459854	0.0183727034120734	0.0136425648021828	0.0	0.0142857142857142	-0.1012480736755654
Vps36	-0.1623931623931624	-0.0365853658536585	True	True	2	2	0.1623931623931624	0.0365853658536585	0.0216216216216216	0.024234693877551	0.0	0.0	-0.0994892641234104
Fem1c	-0.0887207830159437	-0.1072539474074001	True	True	2	2	0.1146527117031398	0.1198589894242068	0.0570430733410943	0.0425475687103594	0.0259319286871961	0.0126050420168067	-0.0979873652116719
Kpna6	-0.0881351161517564	-0.1067612147371666	True	True	3	3	0.0997838616714697	0.1107692307692307	0.0162526120269329	0.0202502257190764	0.0116487455197132	0.0040080160320641	-0.0974481654444615
Plbd2	-0.1142384105960264	-0.0802476508998248	True	True	2	2	0.1142384105960264	0.0981047937569676	0.0675203725261932	0.066480055983205	0.0	0.0178571428571428	-0.0972430307479256
Enah	-0.0741622239146991	-0.1196236559139785	True	True	3	3	0.0865384615384615	0.125	0.0141562853907134	0.0178935117835321	0.0123762376237623	0.0053763440860215	-0.0968929399143388
Knop1	-0.0811248512443731	-0.1108990147783251	True	True	3	3	0.0831168831168831	0.1160714285714285	0.0151515151515151	0.0092504743833017	0.0019920318725099	0.0051724137931034	-0.0960119330113491
BC024978	-0.0451616426387068	-0.143953634085213	False	False	3	4	0.1369047619047619	0.1885964912280701	0.25	0.2761087267525035	0.091743119266055	0.0446428571428571	-0.0945576383619599
Pias1	-0.086469879724644	-0.1011505204047753	True	False	4	4	0.0939485122032764	0.1256983240223463	0.0144032921810699	0.0151032448377581	0.0074786324786324	0.024547803617571	-0.0938102000647096
Trip12	-0.0835380835380835	-0.1030931458699472	True	True	4	4	0.1138411138411138	0.1297598125366139	0.0593723494486853	0.0512820512820512	0.0303030303030303	0.0266666666666666	-0.0933156147040153
Marchf5	-0.0870726495726496	-0.0970402226157349	True	True	2	2	0.9375	0.9627118644067796	0.8691275167785235	0.93142144638404	0.8504273504273504	0.8656716417910447	-0.0920564360941922
Nubp1	-0.1057387057387057	-0.0768945644116029	True	False	2	2	0.1142857142857142	0.1051964512040557	0.0118343195266272	0.0143540669856459	0.0085470085470085	0.0283018867924528	-0.0913166350751543
Adam30	-0.0835588828102505	-0.0962835743445856	True	True	2	2	0.1052980132450331	0.1182615963226076	0.0239202657807308	0.0325503355704697	0.0217391304347826	0.0219780219780219	-0.089921228577418
Pold3	-0.1083070831429693	-0.0656038193241973	True	True	4	4	0.6648351648351648	0.6064084170253468	0.5841469084146909	0.5605063291139241	0.5565280816921955	0.5408045977011494	-0.0869554512335833
Ube2j1	-0.0682488109688877	-0.1000593824698826	True	True	2	2	0.0694214876033057	0.1015567086730911	0.022960229602296	0.0136712749615975	0.001172676634418	0.0014973262032085	-0.0841540967193851
Flywch1	-0.1310567311161576	-0.037037037037037	False	False	2	2	0.4235095613048369	0.3333333333333333	0.28270412642669	0.1974944731024318	0.2924528301886792	0.2962962962962963	-0.0840468840765973
Katnal1	-0.0938953554330315	-0.0726661913712273	False	False	3	4	0.1360640301318267	0.1147082334132693	0.0420984455958549	0.0222222222222222	0.0421686746987951	0.042042042042042	-0.0832807734021294
Stk35	-0.1283896468188193	-0.0379598662207357	True	True	3	3	0.1290909090909091	0.4188963210702341	0.0249469214437367	0.3927125506072874	0.0007012622720897	0.3809364548494983	-0.0831747565197775
Rnf138	-0.1406587618841832	-0.0247524752475247	True	True	2	2	0.146067415730337	0.0247524752475247	0.0067754850631352	0.0006612007405448	0.0054086538461538	0.0	-0.0827056185658539
Mlec	-0.0814462006157334	-0.0827759197324414	True	True	3	2	0.1699417758369723	0.0827759197324414	0.1592709984152139	0.0517387616624257	0.0884955752212389	0.0	-0.0821110601740874
Nupl2	-0.0976800976800976	-0.0655664585191792	False	False	2	2	0.1636141636141636	0.1842105263157894	0.0286774628879892	0.0326669046769011	0.0659340659340659	0.1186440677966101	-0.0816232780996384
Csnk1d	-0.0830659393550457	-0.078739033821021	True	False	2	2	0.0978260869565217	0.1084420041180507	0.0238393977415307	0.0244516361021215	0.014760147601476	0.0297029702970297	-0.0809024865880334
Mdm4	-0.0494051793306924	-0.1092376802783125	True	True	4	4	0.0804129312686769	0.1164319248826291	0.0361990950226244	0.0538977561878325	0.0310077519379844	0.0071942446043165	-0.0793214298045025
Dzip1	-0.0771156922248964	-0.080465894438465	False	True	3	3	0.1433408577878104	0.0924276169265033	0.0534090909090909	0.0386210471747019	0.0662251655629139	0.0119617224880382	-0.0787907933316807
Pudp	-0.0956516972195421	-0.0615887107227044	False	True	2	3	0.1019230769230769	0.0660225442834138	0.1034482758620689	0.0594530321046373	0.0062713797035347	0.0044338335607094	-0.0786202039711232
Gnb1	-0.0821184546112912	-0.0707098343213254	True	False	2	2	0.1260744985673352	0.2118863049095607	0.0683760683760683	0.0625	0.0439560439560439	0.1411764705882353	-0.0764141444663083
Mtfr1	-0.0800273492069292	-0.0726061076604555	True	True	5	5	0.7318941504178273	0.7416666666666667	0.6990677580718508	0.7044808405438814	0.6518668012108981	0.6690605590062112	-0.0763167284336923
Timp2	-0.0674055415617128	-0.0846153846153846	False	True	2	2	0.08	0.0846153846153846	0.0018867924528301	0.0341463414634146	0.0125944584382871	0.0	-0.0760104630885487
Erich2	-0.0589517719023305	-0.0923304971481933	True	True	2	2	0.9826158940397351	0.9866036249014972	0.9772245762711864	0.9709844559585492	0.9236641221374046	0.8942731277533039	-0.0756411345252619
Ube2d3	-0.0662463156374522	-0.0816309608628357	False	True	2	2	0.907744874715262	0.9374001916320664	0.8398470688190315	0.88835186080232	0.8414985590778098	0.8557692307692307	-0.0739386382501439
Zc2hc1c	-0.0912430904476131	-0.056492703438041	False	False	2	2	0.8001983143282102	0.8257234726688103	0.8248820754716981	0.8397825391749281	0.7089552238805971	0.7692307692307693	-0.073867896942827
Spaca1	-0.0365037359900373	-0.1105590062111801	False	False	2	2	0.2556818181818182	0.3714285714285714	0.2004040404040404	0.2370654810024252	0.2191780821917808	0.2608695652173913	-0.0735313711006087
Dnajb13	-0.0755939524838013	-0.0708868978054798	True	True	2	2	0.0755939524838013	0.0728476821192053	0.0032992411745298	0.0033506449991623	0.0	0.0019607843137254	-0.0732404251446405
Riok3	-0.049182361845207	-0.093649619855337	False	True	2	2	0.0739348370927318	0.0982367758186398	0.0180505415162454	0.0307881773399014	0.0247524752475247	0.0045871559633027	-0.071415990850272
Acte1	-0.0484469016308639	-0.094259885691291	True	True	5	5	0.2471590909090909	0.3132022471910112	0.2325918762088974	0.2238600628930817	0.198712189278227	0.2189423614997202	-0.0713533936610774
Eloc	-0.0786447180585296	-0.0624780566097671	True	True	2	2	0.0979166666666666	0.0655933214072748	0.0306983883346124	0.0159416989296287	0.019271948608137	0.0031152647975077	-0.0705613873341483
Hsp90ab1	-0.0425089741167579	-0.0973323375653473	False	True	2	2	0.5126582278481012	0.5827692307692308	0.4234042553191489	0.5673758865248227	0.4701492537313433	0.4854368932038835	-0.0699206558410526
Morn3	-0.1182644879257545	-0.0214908105733323	True	False	4	3	0.5918367346938775	0.2857142857142857	0.5193602693602694	0.341488989863684	0.473572246768123	0.2642234751409533	-0.0698776492495434
Zfp13	-0.0749911816578483	-0.0643011042283867	True	True	2	2	0.0864197530864197	0.0696202531645569	0.058252427184466	0.0616004605641911	0.0114285714285714	0.0053191489361702	-0.0696461429431175
Camsap1	-0.0235192814209495	-0.115540140331693	False	True	3	4	0.5812115891132572	0.2624327956989247	0.5266666666666666	0.1709489551216169	0.5576923076923077	0.1468926553672316	-0.0695297108763212
Cfap53	-0.0215044230732167	-0.1173907072556648	True	True	6	6	0.523391215526047	0.4326848249027237	0.5156643860280878	0.4170623874242672	0.5018867924528302	0.3152941176470588	-0.0694475651644408
Spata1	-0.0605203856255969	-0.0761873678701327	False	False	6	6	0.881614135625597	0.8897139379184419	0.904378489568028	0.9256091148115688	0.8210937500000001	0.8135265700483092	-0.0683538767478648
Tsc22d4	-0.0753738175160207	-0.0611781076066789	False	False	2	3	0.8275862068965517	0.8545454545454545	0.942422667013257	0.9408248864033556	0.7522123893805309	0.7933673469387755	-0.0682759625613498
Otud7b	-0.0565740251091916	-0.0788690476190476	True	True	3	3	0.0675029868578255	0.0788690476190476	0.0357142857142857	0.0636942675159235	0.0109289617486338	0.0	-0.0677215363641196
Dcaf10	-0.0418250950570342	-0.091254752851711	False	True	2	2	0.0418250950570342	0.091254752851711	0.0	0.0064102564102564	0.0	0.0	-0.0665399239543726
Dnaja4	-0.1007834757834757	-0.031055900621118	True	True	2	2	0.1018518518518518	0.031055900621118	0.0218642117376294	0.0159817351598173	0.001068376068376	0.0	-0.0659196882022968
Ensa	-0.0405212872946697	-0.0911429394575462	False	True	3	3	0.8431528662420382	0.8608058608058609	0.759090909090909	0.7941176470588235	0.8026315789473685	0.7696629213483146	-0.065832113376108
Mtch2	-0.0667417377053452	-0.0609933698423508	True	True	2	2	0.0800861914167714	0.0836311651179413	0.0220478325859491	0.023300295600765	0.0133444537114261	0.0226377952755905	-0.063867553773848
Mul1	-0.0463105358337961	-0.0805097352153647	False	True	3	3	0.0977508650519031	0.0893854748603352	0.0218863991662324	0.0173254620123203	0.051440329218107	0.0088757396449704	-0.0634101355245804
Gm14698	-0.0513030148185999	-0.0751351351351351	True	True	2	2	0.0618293306080735	0.0751351351351351	0.0201096892138939	0.0348468848996832	0.0105263157894736	0.0	-0.0632190749768675
Dctn4	-0.0711490873502124	-0.055021055094163	True	True	3	3	0.1841810022438294	0.2779126213592233	0.120253164556962	0.2280927835051546	0.113031914893617	0.2228915662650602	-0.0630850712221877
Zfp830	-0.0686339911671145	-0.0568484396634359	True	True	2	2	0.0725099601593625	0.0873362445414847	0.0260821309655937	0.0324561403508771	0.003875968992248	0.0304878048780487	-0.0627412154152752
Derl1	-0.0640985651902682	-0.060503651001685	False	False	3	3	0.1117176128093158	0.1064220183486238	0.0119363395225464	0.0190821256038647	0.0476190476190476	0.0459183673469387	-0.0623011080959766
Spata18	-0.0939863685479178	-0.0304292767082056	True	False	2	2	0.9056603773584906	0.8640776699029126	0.8829787234042553	0.8823529411764706	0.8116740088105727	0.833648393194707	-0.0622078226280617
Rexo1	0.0532592478263106	-0.1773362688098494	False	True	2	3	0.9247311827956988	0.6686046511627907	0.969811320754717	0.5173841059602649	0.9779904306220096	0.4912683823529412	-0.0620385104917694
Zfand3	-0.0595838245675805	-0.0639810426540284	True	True	2	2	0.0603644646924829	0.0639810426540284	0.0079268292682926	0.0067209775967413	0.0007806401249024	0.0	-0.0617824336108044
Clint1	-0.0528846153846153	-0.0687830687830687	True	True	2	2	0.0528846153846153	0.0687830687830687	0.003690036900369	0.0072127769191138	0.0	0.0	-0.060833842083842
Smc4	-0.04328248252565	-0.0769685886402753	True	True	14	13	0.5458465850897526	0.6424447791164658	0.5312026002166848	0.5896624472573839	0.5025641025641026	0.5654761904761905	-0.0601255355829626
Asb1	-0.0572149488883522	-0.0617393043192037	False	False	4	5	0.3549783549783549	0.2946672743846855	0.2811194653299916	0.2313137032842582	0.2977634060900027	0.2329279700654817	-0.0594771266037779
Nabp1	-0.0912609107161636	-0.0273291925465838	True	True	2	2	0.1729729729729729	0.1130434782608695	0.0973320158102766	0.0973584905660377	0.0817120622568093	0.0857142857142857	-0.0592950516313737
Gfer	-0.0469402191069695	-0.0684837862580707	True	True	2	2	0.0946930280957336	0.1066782307025151	0.0605892162312395	0.0578568983224923	0.047752808988764	0.0381944444444444	-0.0577120026825201
Dgkh	-0.0676902613925514	-0.0475121586232697	False	False	4	4	0.6325757575757576	0.6502057613168724	0.526813880126183	0.5045454545454545	0.5648854961832062	0.6026936026936026	-0.0576012100079105
Cux1	-0.0646825396825397	-0.0501579403313049	False	False	5	7	0.5785714285714286	0.7025016903313049	0.3303842264914055	0.5448384554767535	0.5138888888888888	0.65234375	-0.0574202400069223
Glt1d1	-0.0492448653646781	-0.0655862789656144	True	False	2	2	0.054862842892768	0.077562326869806	0.0056657223796034	0.0072254335260115	0.0056179775280898	0.0119760479041916	-0.0574155721651463
Csnk1a1	-0.0346047794117647	-0.0798992673992673	False	False	5	5	0.17578125	0.1810897435897435	0.105	0.0828272604588394	0.1411764705882353	0.1011904761904761	-0.057252023405516
Wdr60	-0.0819188330880052	-0.0323091391434948	True	True	3	4	0.1040794979079497	0.3935656836461126	0.0650806134486826	0.3810932657086502	0.0221606648199446	0.3612565445026178	-0.05711398611575
Arih2	-0.0474808629088379	-0.066716773216197	False	False	3	3	0.5908141962421712	0.6021150033046927	0.5202564102564102	0.5211066742726754	0.5433333333333333	0.5353982300884956	-0.0570988180625174
Nadk2	-0.0920646192082371	-0.02148033126294	False	True	2	3	0.1302325581395348	0.5178571428571429	0.0363086232980332	0.4965581977471839	0.0381679389312977	0.4963768115942029	-0.0567724752355885
Hbs1l	-0.0573876423973824	-0.0554404333442396	False	False	2	2	0.9943955164131304	0.9894026974951832	0.8051948051948052	0.7882855399633923	0.937007874015748	0.9339622641509434	-0.056414037870811
Glul	-0.0713945309367517	-0.0408565127374201	True	True	2	2	0.0716981132075471	0.0416666666666666	0.017208413001912	0.0319419237749546	0.0003035822707953	0.0008101539292465	-0.0561255218370859
Zpr1	-0.0365124521283217	-0.0754156769596199	True	True	2	2	0.0382131324004305	0.0754156769596199	0.0028818443804034	0.0053859964093357	0.0017006802721088	0.0	-0.0559640645439708
Brdt	-0.0628776241679467	-0.0487239727884131	True	False	2	3	0.2057347670250896	0.1504188880426504	0.1508801341156747	0.08206106870229	0.1428571428571428	0.1016949152542373	-0.0558007984781799
Cdkl3	-0.0367869341836349	-0.0740469539771216	False	False	7	8	0.6246183735775743	0.6670238095238096	0.572838177251525	0.5906642079762808	0.5878314393939393	0.5929768555466879	-0.0554169440803783
Cab39l	-0.0806629834254143	-0.0249188838416612	True	False	2	2	0.0806629834254143	0.0597014925373134	0.0108147080028839	0.014502307185234	0.0	0.0347826086956521	-0.0527909336335378
Gmcl1	-0.0933908272502247	-0.0108913261087174	True	False	2	2	0.9835007173601148	0.9738542890716804	0.9694444444444444	0.9622641509433962	0.8901098901098901	0.9629629629629628	-0.0521410766794711
Exosc4	-0.0372566470130159	-0.0667875629827722	False	False	2	2	0.0653465346534653	0.0866551126516464	0.0124653739612188	0.003813882532418	0.0280898876404494	0.0198675496688741	-0.052022104997894
Tent5c	-0.0473070972061316	-0.0565318838318133	True	True	2	2	0.0578642819568648	0.0665732305536089	0.0197793837961202	0.0303787733128244	0.0105571847507331	0.0100413467217956	-0.0519194905189725
Cep41	-0.0627338970852824	-0.0408084163898118	False	False	5	6	0.4716624685138539	0.5527131782945737	0.3827868852459016	0.4890410958904109	0.4089285714285714	0.5119047619047619	-0.0517711567375471
Sin3b	-0.0398650860407973	-0.0610384796819192	False	False	2	2	0.0647098065376917	0.083765752409192	0.003680981595092	0.0121951219512195	0.0248447204968944	0.0227272727272727	-0.0504517828613583
Clpb	-0.0573990774532472	-0.043491471461818	True	True	3	3	0.0586107091172214	0.044314381270903	0.009909647333139	0.0041632541632541	0.0012116316639741	0.0008229098090849	-0.0504452744575326
Mosmo	-0.0379746835443038	-0.0621572212065813	True	True	2	2	0.0379746835443038	0.0621572212065813	0.0069605568445475	0.0102489019033674	0.0	0.0	-0.0500659523754425
Dusp15	-0.0047751626035281	-0.0928357267875642	False	True	2	3	0.9954728370221329	0.5996595481275147	0.9966394623139704	0.5187941473259334	0.9906976744186048	0.5068238213399504	-0.0488054446955462
Cylc2	-0.0119251183099328	-0.0843594803344564	True	True	4	4	0.0280701754385964	0.099009900990099	0.0229752278269798	0.0336009837962963	0.0161450571286636	0.0146504206556425	-0.0481422993221946
Get4	-0.0453194650817236	-0.0504124656278643	True	True	2	2	0.0453194650817236	0.0504124656278643	0.013029315960912	0.0035026269702276	0.0	0.0	-0.0478659653547939
Brap	0.0141760218199068	-0.109333722882409	False	True	4	4	0.9656774580335732	0.9295868874393712	0.98252688172043	0.9126880313930672	0.97985347985348	0.8202531645569621	-0.0475788505312511
Rnf38	-0.0144515848833816	-0.0806379472693031	False	True	3	3	0.5093959731543625	0.5743879472693032	0.4928514694201747	0.5018115942028986	0.4949443882709808	0.49375	-0.0475447660763424
Klf9	-0.0222222222222222	-0.0724137931034482	False	True	2	2	0.074074074074074	0.0724137931034482	0.0792540792540792	0.0435010482180293	0.0518518518518518	0.0	-0.0473180076628352
Gramd1b	-0.099714878677968	0.005101201250617	False	False	3	2	0.8520084566596194	0.8932038834951457	0.3956043956043956	0.4769230769230769	0.7522935779816514	0.8983050847457628	-0.0473068387136754
Npm1	-0.0683245074381844	-0.0256647211413748	False	True	2	2	0.970623358012897	0.9631647211413747	0.9706744868035192	0.9621368322399252	0.9022988505747126	0.9375	-0.0469946142897796
4932438H23Rik	-0.0143727034120734	-0.0789473684210526	True	True	2	3	0.0183727034120734	0.0789473684210526	0.0114035087719298	0.0285779606767261	0.004	0.0	-0.046660035916563
Dpf3	-0.0585553370284283	-0.0337837837837837	True	True	2	2	0.0798319327731092	0.0337837837837837	0.0234493192133131	0.0186234817813765	0.0212765957446808	0.0	-0.046169560406106
Cdkl2	-0.0596188651123177	-0.0322722935383397	True	False	3	2	0.7526881720430108	0.5621230398069964	0.7206896551724138	0.490625	0.693069306930693	0.5298507462686567	-0.0459455793253287
Cds1	-0.0137842673794428	-0.0775686767478833	False	True	2	2	0.1172325432415118	0.136392206159648	0.0749542961608775	0.0738166170142337	0.1034482758620689	0.0588235294117647	-0.0456764720636631
Lrrc1	-0.0613266583229036	-0.0291606541606541	True	False	2	2	0.0613266583229036	0.0324074074074074	0.0485611510791366	0.0394385026737967	0.0	0.0032467532467532	-0.0452436562417788
Evi5l	-0.0200881459783397	-0.0666170911569684	True	True	2	2	0.0358361774744027	0.9959100204498976	0.025	0.9742857142857144	0.0157480314960629	0.9292929292929292	-0.0433526185676541
Ccdc63	-0.0506160068743193	-0.0360579793203907	True	True	4	4	0.9372937293729372	0.9361702127659576	0.888854648176682	0.9029448156396932	0.886677722498618	0.9001122334455667	-0.043336993097355
Crk	-0.0492063492063492	-0.0373001776198934	True	True	3	2	0.0492063492063492	0.0373001776198934	0.0152941176470588	0.0080275229357798	0.0	0.0	-0.0432532634131213
Mtf1	-0.0435869802986608	-0.0420466058763931	True	True	4	4	0.0497219496238141	0.0420466058763931	0.0227907660638141	0.0227612268213375	0.0061349693251533	0.0	-0.0428167930875269
Wdr31	-0.0450024872766234	-0.0403963414634146	True	True	2	2	0.047153024911032	0.0403963414634146	0.0061823802163833	0.0030469226081657	0.0021505376344086	0.0	-0.042699414370019
Crat	-0.0423254677862061	-0.042946117684973	True	True	2	2	0.988124925780786	0.98852434897749	0.9789264413518888	0.9813721035892776	0.94579945799458	0.9455782312925172	-0.0426357927355895
Hspa4l	-0.0254558068097903	-0.0588608499145612	True	True	4	5	0.0279441117764471	0.0593034583536288	0.003871592192289	0.005565238057514	0.0024883049666567	0.0004426084390675	-0.0421583283621758
Gapdhs	-0.0699136494470534	-0.0140419074898129	True	False	3	4	0.8658536585365854	0.8833819241982507	0.8024674620390455	0.8687293903037956	0.7959400090895319	0.8693400167084377	-0.0419777784684332
Samd8	-0.0514024128748715	-0.0320648684919398	True	False	4	4	0.3818745158791634	0.3736083824492469	0.3372768783727687	0.3359830418653947	0.3304721030042918	0.341543513957307	-0.0417336406834057
Rpgrip1	-0.0493492670182398	-0.0338111088953996	True	True	8	8	0.4129856306546035	0.433091684434968	0.3819748758399064	0.4072792600971455	0.3636363636363636	0.3992805755395683	-0.0415801879568197
Gm973	-0.011312525555404	-0.0705806636155605	False	True	2	2	0.8274044795783926	0.8600543478260869	0.8085867620751341	0.8457047539616347	0.8160919540229885	0.7894736842105263	-0.0409465945854823
Srprb	-0.0433702791461412	-0.0383867832847424	True	True	2	2	0.0458333333333333	0.0400874635568513	0.0114192495921696	0.0086473131562693	0.0024630541871921	0.0017006802721088	-0.0408785312154418
Dcaf5	-0.04989136937561	-0.0312013694366635	False	False	2	2	0.0773638968481375	0.0648148148148148	0.0019230769230769	0.0040485829959514	0.0274725274725274	0.0336134453781512	-0.0405463694061368
Sh3gl3	-0.033605750966774	-0.0473805085874051	True	True	2	2	0.9958699019101704	0.9956563706563708	0.9865771812080536	0.989841986455982	0.9622641509433962	0.9482758620689656	-0.0404931297770896
Peli2	-0.0464374248337137	-0.0334239627919925	True	True	4	4	0.3822398939695162	0.3724553018233315	0.3393188854489164	0.3415208269368539	0.3358024691358025	0.339031339031339	-0.0399306938128531
Mkrn1	-0.0545549362931836	-0.0251765851598065	True	True	4	4	0.7375778046863383	0.719086841570063	0.7134565154300087	0.7133973281269773	0.6830228683931546	0.6939102564102564	-0.0398657607264951
Lmbrd1	-0.0032679738562091	-0.0763358778625954	False	True	2	2	0.0588235294117647	0.0763358778625954	0.0044809559372666	0.0061728395061728	0.0555555555555555	0.0	-0.0398019258594022
Zfp654	-0.0435672514619882	-0.034225686208065	True	False	3	3	0.0657894736842105	0.0726872246696035	0.0313131313131313	0.0324909747292418	0.0222222222222222	0.0384615384615384	-0.0388964688350266
Cap2	-0.0396794834952199	-0.037978346089229	True	True	4	3	0.6619422572178477	0.5318181818181819	0.632610939112487	0.5007692307692307	0.6222627737226277	0.4938398357289528	-0.0388289147922245
Abhd5	-0.0351376711726241	-0.0417140873279254	True	True	3	3	0.527177472167649	0.541042345276873	0.5049205147615443	0.5049446668236403	0.4920398009950248	0.4993282579489476	-0.0384258792502747
Nt5c2	-0.0272173721663854	-0.0495076165563932	False	True	2	2	0.0504731861198738	0.0644329896907216	0.0163934426229508	0.0206794682422452	0.0232558139534883	0.0149253731343283	-0.0383624943613893
Ccer1	-0.0348992861348899	-0.0416854997883137	True	True	2	2	0.0405278039585296	0.0432835820895522	0.0073590096286107	0.005654281098546	0.0056285178236397	0.0015980823012385	-0.0382923929616018
Spata6	-0.0715147320545778	-0.0050472494653786	False	False	3	3	0.9807692307692308	0.9955824607329844	0.8989614885331025	0.98996851822208	0.9092544987146528	0.9905352112676056	-0.0382809907599782
2810408A11Rik	-0.0684576322244695	-0.0080724978349622	True	False	2	3	0.9605263157894736	0.4661016949152542	0.9096638655462184	0.4689772176442074	0.8920686835650041	0.458029197080292	-0.0382650650297158
Med9	-0.0341982171180167	-0.0419705426914905	False	True	3	3	0.050362010221465	0.050541971262919	0.0126676602086438	0.0103537532355478	0.0161637931034482	0.0085714285714285	-0.0380843799047536
Zfp91	-0.0182170493224379	-0.0577999712897073	False	True	3	3	0.2097064110245656	0.235219326128417	0.2184014869888476	0.2323420074349442	0.1914893617021276	0.1774193548387097	-0.0380085103060726
Clip1	-0.0572607836298104	-0.0185250116877044	False	False	4	5	0.7375886524822695	0.7644927536231884	0.7744075829383886	0.736311870346036	0.680327868852459	0.7459677419354839	-0.0378928976587574
Nsun7	-0.0014409685022498	-0.0737703574385076	False	True	3	3	0.3649025069637883	0.5041186161449753	0.3430571761960326	0.4828431372549019	0.3634615384615384	0.4303482587064676	-0.0376056629703787
Cul3	-0.0306569343065693	-0.0406976744186046	True	True	2	2	0.0306569343065693	0.0406976744186046	0.018970189701897	0.0141732283464566	0.0	0.0	-0.0356773043625869
Spata16	-0.0198712512527946	-0.0514161163087842	True	True	2	2	0.9757536041939712	0.973746213396163	0.9629934210526316	0.9396378269617708	0.9558823529411764	0.9223300970873788	-0.0356436837807894
Gosr1	-0.0270330302080066	-0.0440210249671484	False	True	3	3	0.0409219190968955	0.0440210249671484	0.0123456790123456	0.0122859270290394	0.0138888888888888	0.0	-0.0355270275875775
Deup1	-0.0363562209569319	-0.0333914999632078	True	True	2	2	0.0675453047775947	0.0712401055408971	0.0382165605095541	0.0462579096661575	0.0311890838206627	0.0378486055776892	-0.0348738604600699
2210408I21Rik	-0.015219298245614	-0.0533672439885656	True	True	3	3	0.5252192982456141	0.5862619808306709	0.5136239782016349	0.543693009118541	0.51	0.5328947368421053	-0.0342932711170898
Efcab6	-0.0261645208651445	-0.0422279281496608	True	True	2	2	0.9997444416049068	0.999302649930265	0.988547869903802	0.9886363636363636	0.9735799207397622	0.9570747217806042	-0.0341962245074026
Agbl4	-0.0052523588654326	-0.0630700676894127	False	True	3	3	0.4980059820538385	0.4907809110629067	0.4898843930635838	0.4776902887139108	0.4927536231884058	0.4277108433734939	-0.0341612132774227
Gpd2	-0.0182926829268292	-0.0495867768595041	True	True	2	2	0.0182926829268292	0.0495867768595041	0.0109326193663543	0.0052692591421646	0.0	0.0	-0.0339397298931667
Itgb1bp1	-0.0335818122953298	-0.0331153703347603	False	True	2	2	0.985829003306566	0.9926431949553336	0.9870667356440764	0.9886018237082068	0.952247191011236	0.9595278246205734	-0.033348591315045
Dtymk	0.0056891025641025	-0.0718329628410824	False	False	2	2	0.7359775641025641	0.7275706677591152	0.8614107883817428	0.8481270358306189	0.7416666666666667	0.6557377049180327	-0.0330719301384899
Gan	-0.1172161172161171	0.0516049382716048	False	False	4	4	0.4761904761904761	0.6088888888888889	0.4879227053140096	0.6506024096385542	0.358974358974359	0.6604938271604938	-0.0328055894722561
Spdya	-0.0963685787446215	0.0309772589765563	True	False	2	2	0.6428802066515983	0.6760934480941507	0.5885444035733053	0.5893611032929919	0.5465116279069767	0.7070707070707071	-0.0326956598840326
Cypt3	-0.0524295366650113	-0.0129032258064516	True	True	2	2	0.0529411764705882	0.0129032258064516	0.0117411225658648	0.0084745762711864	0.0005116398055768	0.0	-0.0326663812357314
Cops5	-0.0369984910947646	-0.0280788474810214	True	False	2	3	0.4883093525179856	0.8259359903381642	0.4787419918462434	0.8294588060256649	0.4513108614232209	0.7978571428571428	-0.032538669287893
Gatad1	-0.0161971830985915	-0.0475208235109224	False	True	3	3	0.6161971830985915	0.5772827282728272	0.5795724465558195	0.5611782477341389	0.6	0.5297619047619048	-0.0318590033047569
Cdk5rap2	-0.0367271423215479	-0.026967520420025	True	False	4	4	0.3661157024793388	0.363834422657952	0.3404722679846238	0.3367756741250717	0.3293885601577909	0.336866902237927	-0.0318473313707864
Higd1a	-0.0178604086943034	-0.0447338276963887	True	True	2	2	0.027592768791627	0.0584795321637426	0.0112834978843441	0.0144032921810699	0.0097323600973236	0.0137457044673539	-0.031297118195346
Rtn3	-0.0471814058341028	-0.0143563295788442	False	False	2	2	0.1081570155902004	0.1002938295788442	0.0437076111529766	0.0388127853881278	0.0609756097560975	0.0859375	-0.0307688677064735
Clip4	-0.0299562624254473	-0.0310322723253757	True	False	6	5	0.716	0.6725	0.6959233926128591	0.6308578745198463	0.6860437375745526	0.6414677276746242	-0.0304942673754115
Lrrc57	-0.0256410256410256	-0.0349344978165938	True	True	2	2	0.0256410256410256	0.0349344978165938	0.017725258493353	0.0079744816586921	0.0	0.0	-0.0302877617288097
1700088E04Rik	-0.0110613033689956	-0.0493277091657361	False	True	4	4	0.9140916063992988	0.9360591007514966	0.925552353506244	0.9352298704597408	0.903030303030303	0.8867313915857604	-0.0301945062673659
Rragc	-0.0532873806998939	-0.0065479974570884	True	True	2	2	0.9963768115942028	0.9834710743801652	0.959349593495935	0.9785714285714284	0.943089430894309	0.9769230769230768	-0.0299176890784911
Vps29	-0.0168828892005609	-0.0401324189047194	True	True	2	2	0.879382889200561	0.9356548069644208	0.8711048158640227	0.9226100151745068	0.8625	0.8955223880597015	-0.0285076540526401
Spesp1	-0.0067541046004036	-0.0502507849098664	False	True	2	2	0.0578489951113525	0.0666442275328172	0.022378908645003	0.0299588799686704	0.0510948905109489	0.0163934426229508	-0.028502444755135
Serp1	-0.0158378386736003	-0.040162364744998	True	False	2	2	0.0175953079178885	0.0508006626173384	0.0026102088167053	0.0054767239233258	0.0017574692442882	0.0106382978723404	-0.0280001017092992
Cep72	-0.0398057075420132	-0.0160095618439998	True	True	4	6	0.9734880810149628	0.781147176522899	0.9580029368575624	0.7733777038269551	0.9336823734729496	0.7651376146788992	-0.0279076346930065
Fam104a	-0.0237398520888322	-0.0317364640557331	True	True	2	2	0.0420429167880376	0.0608310723975439	0.0205519671168526	0.0312080536912751	0.0183030646992054	0.0290946083418107	-0.0277381580722826
Stam2	-0.0259197324414716	-0.028	False	False	3	3	0.5346153846153846	0.528	0.5419681620839363	0.5344215755855216	0.508695652173913	0.5	-0.0269598662207358
Ndufs6	-0.0109908775716156	-0.0407526306402711	False	True	2	2	0.8694383661560905	0.8820224719101124	0.8704939919893191	0.8739495798319328	0.8584474885844748	0.8412698412698413	-0.0258717541059433
H2aj	-0.015488867376573	-0.0359042553191489	False	True	2	2	0.015488867376573	0.0359042553191489	0.0295748613678373	0.0271084337349397	0.0	0.0	-0.025696561347861
Dynll2	-0.0349784228338751	-0.0162155426129181	True	True	2	2	0.038751345532831	0.0187919463087248	0.0097350376703631	0.0081582859974838	0.0037729226989558	0.0025764036958066	-0.0255969827233966
Tmem175	-0.0574492895107928	0.0063764291996482	True	False	3	2	0.8967350037965072	0.9102902374670184	0.8839137645107794	0.8937153419593346	0.8392857142857143	0.9166666666666666	-0.0255364301555723
Metap2	-0.0315441909859057	-0.0177570414865933	True	True	4	4	0.3373545885394226	0.3390421820488423	0.3217620787657328	0.3320222877745001	0.3058103975535168	0.321285140562249	-0.0246506162362495
Gid4	-0.0472631970391882	-0.0010416666666666	True	False	2	3	0.0606860158311345	0.0322916666666666	0.0167224080267558	0.0341246290801186	0.0134228187919463	0.03125	-0.0241524318529274
Sdf4	-0.0571078504617039	0.0098814229249012	True	False	2	2	0.98371335504886	0.9901185770750988	0.9743954480796586	0.9849749582637728	0.926605504587156	1.0	-0.0236132137684013
Hsbp1	-0.033677286680574	-0.0131079782834381	True	True	2	2	0.9013983506633202	0.9210556644001384	0.8793823314997681	0.9152496833378114	0.8677210639827462	0.9079476861167002	-0.023392632482006
Ndufa3	-0.0844579956671748	0.0378761061946902	True	False	2	2	0.8611570247933884	0.9221238938053096	0.8392857142857143	0.903896103896104	0.7766990291262136	0.96	-0.0232909447362422
Eif1a	-0.0318169546436285	-0.0144155102781201	False	False	3	3	0.0380669546436285	0.0454232622161046	0.0670391061452514	0.0708548479632817	0.00625	0.0310077519379844	-0.0231162324608743
Ewsr1	-0.0111839034520152	-0.0346581457413325	True	True	2	2	0.9668801059836608	0.947701624002202	0.9611273080660836	0.9419486041782216	0.9556962025316456	0.9130434782608696	-0.0229210245966738
Tes3-ps	-0.0277205394959449	-0.0179854717270396	True	True	2	2	0.028459273797841	0.0186697782963827	0.0020120724346076	0.0018777986422071	0.000738734301896	0.000684306569343	-0.0228530056114922
Pafah1b2	-0.0167019489331793	-0.0286502313501789	True	True	3	3	0.0175229669955767	0.0300822122571001	0.0029834553837808	0.0038491649269311	0.0008210180623973	0.0014319809069212	-0.0226760901416791
C530008M17Rik	-0.0280815166311349	-0.0165978672170623	False	False	4	4	0.4830364715860898	0.5394736842105263	0.3521885521885521	0.3805888767720828	0.4549549549549549	0.522875816993464	-0.0223396919240986
Knstrn	-0.0355563478690919	-0.0084480682225043	True	False	3	3	0.1088082901554404	0.0986394557823129	0.0937007874015748	0.1238155401137081	0.0732519422863485	0.0901913875598086	-0.0220022080457981
Rab5c	-0.0347645491895796	-0.0090172831259914	True	False	2	2	0.0628019323671497	0.0484261501210653	0.0392156862745098	0.0382462686567164	0.02803738317757	0.0394088669950738	-0.0218909161577855
Napa	-0.0209884901828029	-0.0226342572196576	True	True	2	2	0.0209884901828029	0.0246422893481717	0.0077554744525547	0.0061304561059342	0.0	0.002008032128514	-0.0218113737012303
Gpat4	-0.023504384571698	-0.0186492847703376	True	True	2	2	0.0246498599439775	0.0199742268041237	0.0121325244983667	0.0120426123205187	0.0011454753722794	0.001324942033786	-0.0210768346710178
Prss40	-0.0533738325662112	0.0114406125969454	True	False	2	2	0.1532311792138574	0.1216814159292035	0.1454932576295244	0.1619491221784306	0.0998573466476462	0.1331220285261489	-0.0209666099846328
Ran	-0.0187528802914263	-0.0225615313699759	True	True	2	2	0.0273365712785508	0.0322545846817691	0.0128235573497981	0.011937359628342	0.0085836909871244	0.0096930533117932	-0.0206572058307011
Psmf1	-0.0285420674327484	-0.0120475063743731	True	True	3	4	0.5274652547981469	0.6784471218206157	0.4998459642637092	0.6665717134311352	0.4989231873653984	0.6663996154462426	-0.0202947869035607
Rpsa	0.0002405002405001	-0.0400385788389855	False	False	3	2	0.8569023569023569	0.986784140969163	0.8603174603174604	0.9877600979192166	0.8571428571428571	0.9467455621301776	-0.0198990392992426
Inpp1	-0.0048386399965438	-0.0348837209302325	False	True	2	2	0.0253164556962025	0.0348837209302325	0.0267379679144385	0.033452807646356	0.0204778156996587	0.0	-0.0198611804633881
Trmt10a	-0.0154241645244215	-0.0232919254658385	True	True	2	2	0.0154241645244215	0.0232919254658385	0.0133037694013303	0.0081727962638645	0.0	0.0	-0.01935804499513
Ptp4a2	-0.0058657558657558	-0.0326227390180878	False	True	2	2	0.0415800415800415	0.0465116279069767	0.0267857142857142	0.0328638497652582	0.0357142857142857	0.0138888888888888	-0.0192442474419218
Cdc14a	-0.043855824431364	0.0054685642471383	False	False	2	3	0.0454545454545454	0.4915254237288136	0.0671140939597315	0.5268496420047732	0.0015987210231814	0.4969939879759519	-0.0191936300921128
Prkcd	-0.0158281514980215	-0.0221908526256352	True	True	2	2	1.0	0.9818181818181818	0.9848484848484848	0.9807692307692308	0.9841718485019784	0.9596273291925466	-0.0190095020618283
Fam136a	-0.0789165103189494	0.0415408151257207	True	False	3	3	0.7740384615384616	0.7037422037422038	0.7602230483271375	0.7142857142857143	0.6951219512195121	0.7452830188679245	-0.0186878475966143
Dph3	-0.0131694842704017	-0.0241758932845129	True	True	4	3	0.3441459152468326	0.0283209710047201	0.3370807569795765	0.0061236987140232	0.3309764309764309	0.0041450777202072	-0.0186726887774573
Rab11fip5	-0.0297493367982242	-0.0063334598218318	False	False	2	2	0.8027989821882952	0.838501291989664	0.8195266272189349	0.8170878459687124	0.7730496453900709	0.8321678321678322	-0.018041398310028
Rpl6	-0.0326067045246382	-0.0031675641431739	True	False	2	2	0.8805031446540881	0.8603104212860311	0.8728070175438597	0.880765456329735	0.8478964401294499	0.8571428571428571	-0.017887134333906
Agfg1	-0.0137019379604978	-0.0213017751479289	True	True	2	2	0.0201535508637236	0.0213017751479289	0.0103397341211226	0.0196610169491525	0.0064516129032258	0.0	-0.0175018565542134
Ado	0.0009152332498855	-0.0358069977426636	False	False	2	2	0.033567525370804	0.0483069977426636	0.0129032258064516	0.0067243035542747	0.0344827586206896	0.0125	-0.017445882246389
Herpud1	-0.0296585066476287	-0.0048043943328872	True	False	2	2	0.9980392156862744	0.9912087912087912	0.9739583333333334	0.9791006966434452	0.9683807090386458	0.986404396875904	-0.0172314504902579
Glrx2	-0.0371886480690466	0.0057969775954649	False	False	3	2	0.7882653061224489	0.8467432950191571	0.7960992907801419	0.8580426356589147	0.7510766580534023	0.8525402726146221	-0.0156958352367908
Odf2	-0.0161302988245756	-0.0151781760982461	True	True	2	2	0.0166803840877914	0.0158235158235158	0.0068554084462818	0.0068351088903554	0.0005500852632157	0.0006453397252696	-0.0156542374614109
Cebpg	0.0024528356333754	-0.0334221160911094	False	False	2	2	0.0191298981795742	0.0459221160911094	0.010752688172043	0.0091213134691395	0.0215827338129496	0.0125	-0.015484640228867
Cep57	0.0134257092032581	-0.0435300726009664	False	False	6	5	0.8320288362512873	0.8743736578382247	0.8474068663257853	0.892333049766057	0.8454545454545455	0.8308435852372583	-0.0150521816988541
Plaat1	-0.0203302929408801	-0.0096540617588067	False	False	3	3	0.3577089337175792	0.4140224206726202	0.3583650190114068	0.4146379203631112	0.337378640776699	0.4043683589138134	-0.0149921773498434
Cops2	-0.0157116451016635	-0.0142348754448398	True	True	2	2	0.0157116451016635	0.0142348754448398	0.0009132420091324	0.0067537145429986	0.0	0.0	-0.0149732602732517
Dpysl3	-0.0180496626556305	-0.0117661825144779	False	False	5	5	0.9545454545454546	0.9306930693069309	0.922103102189781	0.9099315068493152	0.936495791889824	0.9189268867924528	-0.0149079225850542
Mesd	-0.0299699240663893	0.0016413130504403	True	False	2	2	0.7598969313656594	0.9483586869495596	0.7464788732394366	0.9666048237476808	0.7299270072992701	0.95	-0.0141643055079744
Aptx	-0.007732309619102	-0.0204906472029758	True	True	3	3	0.9759862778730704	0.980593607305936	0.9688552188552187	0.965237636480411	0.9682539682539684	0.96010296010296	-0.0141114784110389
Mxd4	0.0066300420202416	-0.0345692608908468	False	True	2	2	0.0384150030248033	0.0484581497797356	0.0273668639053254	0.0155124653739612	0.045045045045045	0.0138888888888888	-0.0139696094353025
Washc3	-0.066066066066066	0.0385620915032679	False	False	2	2	0.9444444444444444	0.961437908496732	0.9457881567973312	0.9578021978021978	0.8783783783783784	1.0	-0.013751987281399
Wdr20rt	0.008224264874011	-0.0355969893944577	False	False	2	2	0.6872072072072072	0.7824324324324324	0.6855670103092784	0.7851977881752445	0.6954314720812182	0.7468354430379747	-0.0136863622602233
Psma6	-0.027439057014913	0.0007323317105926	False	False	2	3	0.9317851959361392	0.991891891891892	0.8994272237196765	0.990195223984661	0.9043461389212264	0.9926242236024844	-0.0133533626521601
Serinc3	-0.0127659574468085	-0.0137142857142857	False	False	2	2	0.0127659574468085	0.0137142857142857	0.0349761526232114	0.0270479134466769	0.0	0.0	-0.0132401215805471
Amz2	-0.0120017145306472	-0.0139952887374737	True	True	2	2	0.0120017145306472	0.0159657320872274	0.0096976611523103	0.0089529967669733	0.0	0.0019704433497536	-0.0129985016340604
Aqp11	-0.0125950027375116	-0.0133362989323843	True	True	3	3	0.0142836214474069	0.0141666666666666	0.0029406677045493	0.0019055616562237	0.0016886187098953	0.0008303677342823	-0.012965650834948
Pafah1b1	-0.0080393344137533	-0.0178132739424491	True	True	2	2	0.0102179836512261	0.0267618198037466	0.0054095826893353	0.0097130242825607	0.0021786492374727	0.0089485458612975	-0.0129263041781012
Cdc42se1	-0.0002535082610171	-0.0252808988764044	False	True	2	2	0.0395284327323162	0.0252808988764044	0.0096618357487922	0.007313829787234	0.039274924471299	0.0	-0.0127672035687108
Acp1	-0.0205846210160274	-0.0047212201759382	True	False	2	2	0.0240933929458519	0.0192139737991266	0.0036789297658862	0.0027581451473883	0.0035087719298245	0.0144927536231884	-0.0126529205959828
Ergic2	-0.0089917552938619	-0.0160547126766038	False	False	2	2	0.0103092783505154	0.0201643017176997	0.0	0.0004933399111988	0.0013175230566534	0.0041095890410958	-0.0125232339852329
5330417C22Rik	0.0109039548022599	-0.0355767205320333	False	True	5	4	0.7433333333333333	0.7085326953748006	0.7404534606205251	0.6741803278688525	0.7542372881355932	0.6729559748427673	-0.0123363828648866
Cirbp	-0.0215893431327514	-0.0025992760131732	True	False	2	2	0.0215893431327514	0.0161127895266868	0.0140845070422535	0.0055401662049861	0.0	0.0135135135135135	-0.0120943095729623
Ccdc91	-0.0169704333738355	-0.0071664634351661	False	False	3	3	0.9666666666666668	0.9758308157099698	0.9483695652173914	0.959387351778656	0.9496962332928311	0.9686643522748036	-0.0120684484045008
Lrrfip2	-0.0145008365867261	-0.0094854958875479	True	True	2	2	0.0145008365867261	0.0118495620814013	0.0068965517241379	0.0040458530006743	0.0	0.0023640661938534	-0.011993166237137
1700018B08Rik	-0.0335936236501064	0.0096736981672147	False	False	2	3	0.8653295128939829	0.9567531603459748	0.8305283757338552	0.967550923732828	0.8317358892438764	0.9664268585131894	-0.0119599627414458
Zpbp	-0.0240825597627629	0.0015068394857176	False	False	2	2	0.0532087733549959	0.13102328099621	0.0172413793103448	0.0355078447563996	0.029126213592233	0.1325301204819277	-0.0112878601385226
Rrp1	-0.0030547486125482	-0.019467901681882	False	True	3	3	0.9419300542360202	0.9622999157540016	0.9250751395448692	0.9428360581289736	0.938875305623472	0.9428320140721196	-0.0112613251472151
Crisp2	-0.0130267256130859	-0.0093735382340289	True	True	2	2	0.9940183943019156	0.9948941384709646	0.993664370000792	0.9940098919215974	0.9809916686888296	0.9855206002369356	-0.0112001319235574
Ube2w	0.052002510444804	-0.0743441625182235	False	True	2	4	0.9419551934826884	0.9479525449674704	0.9146853146853148	0.9335397316821464	0.9939577039274924	0.8736083824492469	-0.0111708260367097
1700030J22Rik	-0.008871989860583	-0.0130932896890343	True	True	2	2	0.008871989860583	0.0130932896890343	0.0040206777713957	0.0019225487503433	0.0	0.0	-0.0109826397748086
Hax1	-0.032564258933008	0.0106380814840428	True	False	3	2	0.9864649681528662	0.965665236051502	0.9744258872651356	0.9849108367626886	0.953900709219858	0.976303317535545	-0.0109630887244825
Ost4	0.0591033127573444	-0.0801063695074077	False	False	2	2	0.7714051618189267	0.8536912751677852	0.782851817334576	0.8669724770642202	0.8305084745762712	0.7735849056603774	-0.0105015283750316
Puf60	-0.0123442792556582	-0.0084315433338666	True	True	2	2	0.9853172522286312	0.9886295631358468	0.9823182711198428	0.9847448711204628	0.972972972972973	0.9801980198019802	-0.0103879112947624
Acbd6	-0.0151844992383425	-0.0052831887505031	False	False	2	2	0.7215623572407492	0.7428453778052295	0.7026777469990766	0.7055089084579153	0.7063778580024067	0.7375621890547264	-0.0102338439944228
Ccdc96	-0.0105830375628512	-0.0098576478631849	False	True	2	2	0.0209997042295178	0.0156547493124603	0.0072889248835796	0.0068360487638145	0.0104166666666666	0.0057971014492753	-0.0102203427130181
Rab3il1	-0.0405456942673771	0.0201667756126	False	False	2	2	0.0617283950617283	0.02803738317757	0.062085308056872	0.0683008091385054	0.0211827007943512	0.0482041587901701	-0.0101894593273885
Lrrc28	-0.018027961736571	-0.0021203185046877	True	False	3	4	0.5180279617365711	0.6649625085207908	0.5050983248361253	0.658795493934142	0.5	0.662842190016103	-0.0100741401206294
Ppp1r7	-0.0088495575221238	-0.01010101010101	True	True	2	2	0.0088495575221238	1.0	0.0016429353778751	0.9945740640260444	0.0	0.98989898989899	-0.0094752838115669
Set	-0.016043956043956	-0.0024630541871921	True	False	2	2	0.06	0.0714285714285714	0.0508474576271186	0.0359520639147802	0.0439560439560439	0.0689655172413793	-0.009253505115574
Apopt1	0.0028090464999965	-0.0212904476950355	False	True	3	3	0.97009735744089	0.9680989583333334	0.9736590038314176	0.9642026964202696	0.9729064039408868	0.946808510638298	-0.0092407005975194
Rasl2-9	-0.008407029452985	-0.009875377755327	True	True	2	2	0.0113097870727238	0.0118477643430982	0.0039394894421682	0.0022571325388226	0.0029027576197387	0.0019723865877712	-0.009141203604156
Tex261	-0.0082304526748971	-0.0099218280216476	False	False	2	2	0.0082304526748971	0.0099218280216476	0.0	0.0	0.0	0.0	-0.0090761403482723
Tmbim7	-0.0071634489385865	-0.0107578065498857	True	True	2	2	0.0071634489385865	0.0107578065498857	0.0018371096142069	0.0030785562632696	0.0	0.0	-0.0089606277442361
Serf1	-0.0129803794287605	-0.0048920814030903	True	False	2	2	0.9896419725287098	0.9891688109628388	0.9892685896948016	0.9912809899158924	0.9766615930999492	0.9842767295597484	-0.0089362304159254
Sqor	-0.0116261426661407	-0.0061953908825265	False	True	2	2	0.8691099476439791	0.9925925925925926	0.8692084116943067	0.9879422636859708	0.8574838049778384	0.986397201710066	-0.0089107667743336
Tulp2	-0.0152587427643946	-0.0022846441947565	True	False	2	2	0.0197802197802197	0.0056179775280898	0.0195407914020517	0.0162249194946742	0.0045214770158251	0.0033333333333333	-0.0087716934795755
Manf	-0.0053716121093301	-0.0120481927710843	False	True	2	2	0.0094532447623914	0.0120481927710843	0.0034722222222222	0.0038944180008654	0.0040816326530612	0.0	-0.0087099024402072
Txnl4a	-0.0070374174439574	-0.0103426230473514	False	True	2	2	0.010462074978204	0.0152931180968564	0.010670731707317	0.0106122448979591	0.0034246575342465	0.0049504950495049	-0.0086900202456544
Bbof1	-0.010684451837818	-0.006639940559363	False	False	2	3	0.9780047132757266	0.4890960809102402	0.9789118515394348	0.4892553191489361	0.9673202614379084	0.4824561403508772	-0.0086621961985905
Tmem246	0.0072491095746909	-0.0245367192862045	False	False	2	2	0.0702702702702702	0.0564516129032258	0.0745526838966202	0.057532621589561	0.0775193798449612	0.0319148936170212	-0.0086438048557567
Cep63	-0.0164962167045374	-0.0007218938667096	True	False	2	3	0.9806966940315064	0.9784425451092118	0.9684635130179684	0.9844094719811736	0.964200477326969	0.9777206512425022	-0.0086090552856235
Cypt1	-0.0110583513376888	-0.0060202733746841	True	False	2	2	0.0114068441064638	0.00625	0.010828506673382	0.008080808080808	0.000348492768775	0.0002297266253158	-0.0085393123561864
Eif4a2	-0.0095724147524735	-0.0073451102453637	False	False	2	2	0.9943052391799544	0.9946062567421792	0.979002624671916	0.972939729397294	0.9847328244274808	0.9872611464968152	-0.0084587624989186
Carhsp1	-0.0071751381911809	-0.0088757396449704	False	True	2	2	0.0082644628099173	0.0088757396449704	0.0097454256165473	0.0073120494335736	0.0010893246187363	0.0	-0.0080254389180756
Fbp1	-0.0148025763553205	-0.0002098880252463	True	False	2	2	0.9813152784338424	0.9904854147675478	0.9710080680911428	0.9861979528507248	0.966512702078522	0.9902755267423016	-0.0075062321902834
Ppia	-0.0126550450267749	-0.0018900421035858	True	False	2	2	0.9349523423240722	0.9964919314423172	0.9302516091281452	0.9965544142504226	0.9222972972972971	0.9946018893387314	-0.0072725435651804
Sypl	0.0012848114452392	-0.0156972408650261	False	True	2	2	0.9693034238488784	0.9879194630872484	0.9628792769528728	0.9830239568459463	0.9705882352941176	0.9722222222222222	-0.0072062147098934
Pgls	-0.0205092221331195	0.0064830327226064	False	False	2	2	0.6862068965517242	0.759789156626506	0.735	0.7693574958813838	0.6656976744186046	0.7662721893491125	-0.0070130947052565
Cfap52	-0.0175515193852602	0.0038819875776396	True	False	2	2	0.9818372336709744	0.9782608695652174	0.9697100822154912	0.9788825340959084	0.9642857142857144	0.9821428571428572	-0.0068347659038102
Chchd6	-9.436620467095924e-05	-0.013279434700958	False	True	2	2	0.935404339250493	0.9707865168539326	0.930631332813718	0.9686765857478464	0.935309973045822	0.9575070821529744	-0.0066869004528145
Cetn3	-0.0189887708101273	0.0057763035338902	False	False	2	2	0.9427175843694494	0.9808008776741636	0.944620253164557	0.9802473376846444	0.923728813559322	0.9865771812080536	-0.0066062336381185
Ppp2r3d	0.0161889834303627	-0.0290953008344312	False	False	2	3	0.0441558441558441	0.0543478260869565	0.0134566862910008	0.0196871628910463	0.0603448275862069	0.0252525252525252	-0.0064531587020342
Cfl2	-0.0052034058656575	-0.0075960488419072	False	False	2	2	0.0052034058656575	0.0088539104771273	0.0084185207456404	0.0172215843857634	0.0	0.0012578616352201	-0.0063997273537823
Rp9	-0.0078899082568807	-0.0047898976703679	False	False	2	2	0.0078899082568807	0.0047898976703679	0.012174875484228	0.0201518691588785	0.0	0.0	-0.0063399029636243
Kpna2	-0.0057913604048681	-0.00653360061918	False	True	4	2	0.993701550387597	0.998870765370138	0.9944557133198108	0.9986202959227366	0.9879101899827288	0.992337164750958	-0.0061624805120241
Exosc5	-0.0013203746135594	-0.0109036351650259	False	True	4	4	0.6606962859579747	0.3396023873931899	0.6572873853936136	0.3312295081967212	0.6593759113444152	0.3286987522281639	-0.0061120048892926
Etf1	-0.0116095643991808	-0.000285179574013	True	False	2	2	0.0128410914927768	0.0043668122270742	0.004225352112676	0.0051030051030051	0.001231527093596	0.0040816326530612	-0.0059473719865969
Ndufa7	-0.0161693616319008	0.0044361280808096	True	False	2	2	0.7962788506829958	0.9702474162229878	0.7906097018246551	0.9743549402139712	0.7801094890510949	0.9746835443037974	-0.0058666167755456
Chchd3	-0.0153994225216554	0.0036764705882353	False	False	3	3	1.0	0.9823529411764704	0.9604743083003952	0.9486434108527132	0.9846005774783444	0.986029411764706	-0.00586147596671
Ccdc60	-0.0041793313069908	-0.0074525745257452	True	True	2	2	0.0041793313069908	0.0074525745257452	0.0007798284377436	0.0002688533405027	0.0	0.0	-0.005815952916368
Psmd11	-0.0075041197578968	-0.0040270082054076	True	False	3	2	0.4988834301027244	0.0132013201320132	0.4936079545454545	0.0051229508196721	0.4913793103448275	0.0091743119266055	-0.0057655639816522
Cstf1	-0.0062794348508634	-0.0051505546751188	True	True	2	2	0.0062794348508634	0.0051505546751188	0.0017361111111111	0.0020728457210541	0.0	0.0	-0.0057149947629911
Ptpn1	0.017418628305725	-0.0285639471813863	False	False	2	2	0.0309684684684684	0.0390902629708599	0.0131313131313131	0.0075675675675675	0.0483870967741935	0.0105263157894736	-0.0055726594378306
Klhdc3	-0.0129284710463614	0.0018161045651117	True	False	2	2	0.9982764563943468	0.9944938585345192	0.9923492349234924	0.9955817378497792	0.9853479853479854	0.996309963099631	-0.0055561832406248
Capza1	-0.0059226932668329	-0.0050035739814152	True	True	2	2	0.0059226932668329	0.0050035739814152	0.004840271055179	0.0029958058717795	0.0	0.0	-0.0054631336241241
Desi2	-0.009000900090009	-0.0015681992426178	False	False	3	3	0.0544554455445544	0.0314685314685314	0.032051282051282	0.0494770716009654	0.0454545454545454	0.0299003322259136	-0.0052845496663134
Abhd4	0.0012153777266039	-0.0113314447592068	False	True	2	2	0.0246913580246913	0.0113314447592068	0.0021978021978021	0.0004056795131845	0.0259067357512953	0.0	-0.0050580335163014
Limd2	-0.0043308795169647	-0.0055810129941327	True	True	2	2	0.00548929249119	0.0058819458860978	0.0013379716350013	0.0014632718759145	0.0011584129742253	0.000300932891965	-0.0049559462555487
Asna1	-0.0179895310330092	0.0080977348055713	True	False	2	2	0.9098814229249012	0.9720347155255544	0.9086021505376344	0.9856054191363252	0.8918918918918919	0.9801324503311258	-0.0049458981137189
Ube2l3	-0.0064274388402295	-0.0032592845881836	False	False	2	2	0.9914772727272728	0.9925983037779492	0.9920830401125968	0.9936731420424166	0.9850498338870431	0.9893390191897654	-0.0048433617142066
Atp9b	-0.0133157020726981	0.0036626061477522	False	False	2	2	0.0414847161572052	0.0285954583683767	0.0055555555555555	0.0209424083769633	0.028169014084507	0.032258064516129	-0.0048265479624729
Pbx4	-0.0030239948758375	-0.0064735945485519	False	True	2	2	0.9945494186046512	0.0064735945485519	0.9890795631825272	0.0007645259938837	0.9915254237288136	0.0	-0.0047487947121947
Tmbim4	0.0128250060699469	-0.0222383890640296	False	False	2	2	0.9825238311393554	0.9862671660424468	0.988195615514334	0.9892904953145916	0.9953488372093025	0.9640287769784172	-0.0047066914970413
Stard9	-0.0110385191234517	0.0025741155134337	False	False	5	6	0.9841397849462366	0.9824726134585288	0.8946578631452581	0.8275933609958507	0.9731012658227848	0.9850467289719628	-0.0042322018050089
Ubxn10	-0.0041780337677796	-0.0041249780586273	False	False	2	2	0.0247965904688105	0.0226434965771458	0.0142696207285016	0.0172899075190993	0.0206185567010309	0.0185185185185185	-0.0041515059132034
Ppp2r2d	-0.0084943052935698	0.0002269889910339	False	False	2	2	0.9681717246484086	0.9644194756554308	0.972260748959778	0.9813519813519812	0.9596774193548387	0.9646464646464646	-0.0041336581512679
Tesmin	-0.0017807049640199	-0.0063315391297543	True	True	2	2	0.9906695938529088	0.9971572272031488	0.9903147699757868	0.9948453608247424	0.9888888888888888	0.9908256880733946	-0.0040561220468871
Ddx5	-0.0050280017352356	-0.0030243609367593	True	True	4	3	0.6674991575984619	0.500787224471435	0.6655215948794738	0.4986506508625251	0.6624711558632262	0.4977628635346756	-0.0040261813359974
Fem1b	-0.0022115022881715	-0.0058202400263468	True	True	2	2	0.0028353326063249	0.0065396644867785	0.0014278914802475	0.0014134275618374	0.0006238303181534	0.0007194244604316	-0.0040158711572591
Iqcf2	0.0100006978350269	-0.0177727435770792	False	False	2	2	0.165680473372781	0.1378091872791519	0.0669258069967889	0.0655330674892784	0.175681171207808	0.1200364437020727	-0.0038860228710261
Lrrc36	0.0058705490564426	-0.013096182168347	False	False	3	2	0.9686192468619248	0.9823269513991164	0.971824686940966	0.9823410696266398	0.9744897959183674	0.9692307692307692	-0.0036128165559521
Plcd4	-0.0502217427783771	0.0430650430650431	True	False	2	2	0.9514563106796116	0.945945945945946	0.9079754601226994	0.9626288659793816	0.9012345679012346	0.989010989010989	-0.0035783498566669
Crem	-0.0056381381543094	-0.0013837353123066	False	False	5	4	0.9737910043963476	0.9924551638837352	0.9615757810983891	0.9786526366715046	0.9681528662420382	0.9910714285714286	-0.003510936733308
Cfl1	-0.0057251908396946	-0.0012755102040816	True	False	2	2	0.0057251908396946	0.0012755102040816	0.0015678076822576	0.0029065320483402	0.0	0.0	-0.0035003505218881
Stk16	-0.017048188629958	0.0100974103112378	False	False	2	2	0.0234584450402144	0.0144927536231884	0.0053097345132743	0.0055452865064695	0.0064102564102564	0.0245901639344262	-0.0034753891593601
Btf3l4	0.0025704431574152	-0.0092108585858585	False	False	2	3	0.0289256198347107	0.0269886363636363	0.0197010869565217	0.0146012729314863	0.0314960629921259	0.0177777777777777	-0.0033202077142216
Cfap298	0.0137731342790203	-0.0202164070293914	False	False	2	2	0.8586758453128164	0.9628915662650602	0.8702635914332785	0.967139175257732	0.8724489795918368	0.9426751592356688	-0.0032216363751855
Psmc3	-0.0043956043956044	-0.0013998246243736	False	False	2	2	0.9782417582417584	0.9939231891103548	0.9799426934097422	0.9941951012317712	0.9738461538461538	0.9925233644859812	-0.002897714509989
1700019D03Rik	-0.0032102728731942	-0.0023696682464454	True	True	2	2	0.0032102728731942	0.0023696682464454	0.0025457288327361	0.0019529188219149	0.0	0.0	-0.0027899705598198
Dusp13	-0.0029441161772055	-0.002583730693295	True	True	2	2	0.9934782608695653	0.9957983193277312	0.991021036428938	0.9947279486312944	0.9905341446923596	0.993214588634436	-0.0027639234352503
Ppp1cc	-0.0022544147118505	-0.0030751055879205	False	True	2	2	0.992467937843523	0.9942528735632185	0.9928407789232532	0.9935167483999668	0.9902135231316724	0.9911777679752978	-0.0026647601498855
4930505A04Rik	-0.0048012342230912	-0.0004522840343735	False	False	2	4	0.9859154929577464	0.6368159203980099	0.9644827586206896	0.6354714335786891	0.9811142587346552	0.6363636363636364	-0.0026267591287323
Atp6ap1l	0.0077293452354517	-0.0125663637513406	False	True	2	3	0.9397344228804902	0.9868939921131988	0.9449952785646836	0.9821835231078364	0.947463768115942	0.9743276283618582	-0.0024185092579444
Ift22	-0.0009576337350366	-0.0037875365199843	False	False	3	3	0.4868614479970599	0.4918827746152224	0.4815025611838361	0.4875193798449612	0.4859038142620232	0.4880952380952381	-0.0023725851275105
Iscu	-0.0085587945273019	0.0039844872584381	False	False	3	3	0.9784836065573772	0.983669833729216	0.9902962206332993	0.9923850965460974	0.9699248120300752	0.9876543209876544	-0.0022871536344318
Trim69	0.0006567387672786	-0.0052110474205315	False	True	2	2	0.003972890862351	0.0052110474205315	0.0025244556642473	0.0014527845036319	0.0046296296296296	0.0	-0.0022771543266264
Ccdc192	-0.0071939554698176	0.0028343210512754	True	False	3	2	0.997789566755084	0.9971656789487244	0.9955209806694956	0.997710843373494	0.9905956112852664	1.0	-0.002179817209271
Calm1	0.0007320128840323	-0.0047074055141898	False	False	2	2	0.0074245939675174	0.0072262972018473	0.0028970239662891	0.0018340210912425	0.0081566068515497	0.0025188916876574	-0.0019876963150787
Rab11a	-0.0039245765420262	-4.84417891167474e-05	False	False	2	2	0.0172579098753595	0.0364120781527531	0.0054054054054054	0.0014114326040931	0.0133333333333333	0.0363636363636363	-0.0019865091655714
Zdhhc4	-0.0008854831229559	-0.002818397112999	False	False	2	2	0.965091299677766	0.9802120141342756	0.959954233409611	0.9717384160368058	0.96420581655481	0.9773936170212766	-0.0018519401179775
Nme8	0.0151966186813311	-0.0187046027624101	False	False	2	2	0.5643086816720257	0.5873320537428023	0.5670498084291188	0.5464256368118324	0.5795053003533569	0.5686274509803921	-0.0017539920405394
Gsto2	-0.0046757135167454	0.0011730722834735	False	False	2	2	0.9752508361204012	0.985709306378529	0.9774011299435028	0.9853135313531352	0.970575122603656	0.9868823786620026	-0.0017513206166359
Fxr1	-0.0014115120623635	-0.0018108285338455	False	False	4	4	0.962891874600128	0.9661584661584662	0.9569400781175574	0.961856297842728	0.9614803625377644	0.9643476376246208	-0.0016111702981045
Gmeb1	-0.0005151899695224	-0.002619681218405	False	False	2	2	0.9936658749010292	0.995893223819302	0.9563318777292577	0.91	0.9931506849315068	0.9932735426008968	-0.0015674355939637
Med28	0.0001555044371999	-0.0032548551589454	False	True	2	2	0.0035142203334423	0.0032548551589454	0.0016901408450704	0.0004425268281889	0.0036697247706422	0.0	-0.0015496753608727
Dcun1d1	0.0122237304339591	-0.0151938145399823	False	False	2	3	0.9858623939679548	0.5142857142857142	0.9881170018281537	0.4962314116928091	0.998086124401914	0.4990918997457319	-0.0014850420530115
Tcp1	-0.002849327072912	1.698764178192924e-05	False	False	2	2	0.9914856907092756	0.9930892572892804	0.9923790168931792	0.9955930083673288	0.9886363636363636	0.9931062449310624	-0.001416169715565
Dynll1	-0.0010804159641018	-0.0015860428231562	True	True	2	2	0.0011535688536409	0.0015860428231562	0.0001387154945207	2.876290735467541e-05	7.31528895391368e-05	0.0	-0.001333229393629
Arl4a	-0.0001437175256035	-0.0024742868232097	False	True	2	2	0.0008331349678647	0.0024742868232097	0.0004582426394776	0.0003854307188282	0.0006894174422612	0.0	-0.0013090021744066
Zfp330	-0.0120009477550053	0.0098837209302325	False	False	2	3	0.9956521739130436	0.9813953488372092	0.9833243679397524	0.9828264289459884	0.983651226158038	0.9912790697674418	-0.0010586134123863
Morn2	-0.0010682552796741	-0.0010443577288207	False	False	2	2	0.0032786885245901	0.0013904982618771	0.0018791946308724	0.00265731292517	0.002210433244916	0.0003461405330564	-0.0010563065042474
Eif2s2	0.0028313388492359	-0.0046393926613243	False	True	2	2	0.0038800705467372	0.0046393926613243	0.0028169014084507	0.0039229671897289	0.0067114093959731	0.0	-0.0009040269060441
Erh	0.0012562503179293	-0.0030496600536604	False	False	2	2	0.995996496934818	0.9949524940617576	0.9994015559545184	0.9998225691980128	0.9972527472527472	0.9919028340080972	-0.0008967048678655
Ccsap	-0.0042073911778298	0.0026697177726926	False	False	2	2	0.0088495575221238	0.0	0.0253303964757709	0.0172257479601087	0.004642166344294	0.0026697177726926	-0.0007688367025686
C2cd6	-0.0602322976906334	0.0587619312389954	True	False	2	2	0.183374548221419	0.1828282828282828	0.135378715244487	0.1318964628235537	0.1231422505307855	0.2415902140672783	-0.000735183225819
Ppm1g	0.0002041961239364	-0.0012596260555565	False	False	2	2	0.9974823278783772	0.9932489451476794	0.9969461410327596	0.9909215746109248	0.9976865240023136	0.9919893190921228	-0.00052771496581
Chaf1a	0.0063445150485197	-0.0071890726096333	False	True	2	2	0.0085808580858085	0.0071890726096333	0.0120817843866171	0.0054869684499314	0.0149253731343283	0.0	-0.0004222787805567
Zfp451	0.0001759592155071	-0.0008399757357514	False	False	7	6	0.7099811676082863	0.7028077753779698	0.5657657657657658	0.5925876460767947	0.7101571268237935	0.7019677996422183	-0.0003320082601221
Rbm4b	-0.0405768571905463	0.0401579625753019	True	False	3	5	0.2052752293577981	0.5533672172808132	0.179553264604811	0.590378747083109	0.1646983721672518	0.5935251798561151	-0.0002094473076222
Sh3rf2	0.0072273623946651	-0.0075331989426538	False	False	2	2	0.0033557046979865	0.0124481327800829	0.0193892389723703	0.0147325475974614	0.0105830670926517	0.0049149338374291	-0.0001529182739943
Glrx3	-0.0006122497232742	0.0004400889118015	False	False	2	2	0.9886268406560516	0.9985005890543	0.9888888888888888	0.998647681170949	0.9880145909327774	0.9989406779661016	-8.608040573632181e-05
Cetn1	-0.0007685826873699	0.0007484493129726	False	False	2	2	0.0130325288562434	0.01157878266312	0.0158766160127012	0.0150505623287023	0.0122639461688734	0.0123272319760926	-1.006668719868032e-05
Aste1	-0.0266588457152882	0.0276674219907203	False	False	2	2	0.9737742303306728	0.9349881796690308	0.976091476091476	0.9380321665089876	0.9471153846153846	0.9626556016597512	0.000504288137716
Prss39	0.0001914438899701	0.0009162309392023	False	False	2	2	0.9948580610605248	0.997829457364341	0.9936730702864374	0.9975550122249388	0.995049504950495	0.9987456883035434	0.0005538374145862
Fam177a2	0.0025485771926098	-0.0014360878011183	False	False	2	2	0.0066425992779783	0.006087250591816	0.0133152787181223	0.0084453431664089	0.0091911764705882	0.0046511627906976	0.0005562446957457
Fam177a	0.0025485771926098	-0.0014360878011183	False	False	2	2	0.0066425992779783	0.006087250591816	0.0133152787181223	0.0084453431664089	0.0091911764705882	0.0046511627906976	0.0005562446957457
Fam71f2	0.0025641025641025	-0.0013757053404499	False	True	2	2	0.9923076923076924	0.9976958525345622	0.9949022939677146	0.9968264043160902	0.9948717948717948	0.9963201471941122	0.0005941986118263
Emd	0.0027566565570987	-0.0013795171689908	False	False	2	2	0.9818555289284492	0.9956815114709852	0.8683651804670913	0.8969119504075307	0.984612185485548	0.9943019943019944	0.0006885696940539
Sccpdh	0.001927680568915	-0.0004952863769663	False	False	3	3	0.9913559015206372	0.9945781266136527	0.990275920748754	0.9946351237799754	0.9932835820895524	0.9940828402366864	0.0007161970959743
Tbpl1	0.0113208185399171	-0.0098720986048528	False	False	2	2	0.0052904771411459	0.0129024016351558	0.0006559527714004	0.0006466811400064	0.0166112956810631	0.003030303030303	0.0007243599675321
Psmc3ip	0.0068372958865319	-0.0051673392428057	False	False	2	2	0.991025951976716	0.988818565400844	0.9945086705202312	0.991415120465245	0.997863247863248	0.983651226158038	0.000834978321863
Ankef1	-0.0152912176106397	0.0175251214223539	False	False	6	7	0.7853932584269664	0.7906378600823046	0.8094533497739417	0.8276705276705277	0.7701020408163266	0.8081629815046586	0.001116951905857
Stx18	0.0198081275411083	-0.0174672489082969	False	True	2	2	0.0194075587334014	0.0174672489082969	0.0022522522522522	0.0161476355247981	0.0392156862745098	0.0	0.0011704393164057
Atl3	-0.0192996967190515	0.0218164791714121	True	False	3	3	0.9551971326164874	0.9477911646586346	0.9372241294752328	0.9674249116607774	0.935897435897436	0.9696076438300468	0.0012583912261803
Grtp1	-0.0068115480411251	0.0093925318689318	False	False	3	3	0.3554354012521343	0.3975842123171146	0.3697007481296758	0.4051777916406737	0.3486238532110092	0.4069767441860465	0.0012904919139033
Tcp11	0.0021462855195377	0.0012941529857262	False	False	3	7	0.9945729501199236	0.9946841633632538	0.995322371618338	0.9943921226956534	0.9967192356394612	0.99597831634898	0.0017202192526319
Xkr8	0.0120416505474324	-0.0085552750176467	False	False	2	2	0.0085062946580469	0.0174838464462181	0.0047846889952153	0.0072408536585365	0.0205479452054794	0.0089285714285714	0.0017431877648928
Ttc30a2	0.0057294635181645	-0.0022289766970618	False	True	2	2	0.0044746181144885	0.0022289766970618	0.0015446400988569	0.0016683350016683	0.010204081632653	0.0	0.0017502434105513
Tkfc	-0.0080213903743315	0.0119108235740458	False	False	2	4	0.0352941176470588	0.3429278861033735	0.0157116451016635	0.3376797057840187	0.0272727272727272	0.3548387096774194	0.0019447165998571
Cggbp1	0.0100910583669204	-0.0058945317257337	False	False	2	2	0.0262725779967159	0.0638655462184873	0.0	0.0140127388535031	0.0363636363636363	0.0579710144927536	0.0020982633205933
Tmem183a	0.0078045296878188	-0.0029947666602649	False	False	3	3	0.5291777188328912	0.5403963414634146	0.5228971962616823	0.5278044103547459	0.5369822485207101	0.5374015748031497	0.0024048815137769
Ranbp9	-0.0069324090121317	0.0117705570291777	False	False	2	2	0.0069324090121317	0.0112179487179487	0.0201511335012594	0.0289017341040462	0.0	0.0229885057471264	0.002419074008523
Nt5c1b	0.0014870363911172	0.0033604704572463	False	False	2	4	0.9480874316939892	0.9918032786885246	0.9550927432476408	0.9919867302121296	0.9495744680851064	0.9951637491457708	0.0024237534241817
Btg1	0.002603123808835	0.0024722590222773	False	False	2	2	0.0005698005698005	0.0007328691828508	0.0233856893542757	0.0107448699305218	0.0031729243786356	0.0032051282051282	0.0025376914155562
Rnf32	0.0065118554327808	-0.0008300432905481	False	False	2	3	0.9908839779005524	0.9925995906156512	0.9907041139240508	0.9915772585982152	0.9973958333333334	0.9917695473251028	0.0028409060711163
Tcp10c	0.0062788831729089	-0.0005409590170237	False	False	4	2	0.9717116747099293	0.9833594248275064	0.9703244741562042	0.9803087767689538	0.977990557882838	0.9828184658104824	0.0028689620779425
Usp2	0.0030536820581682	0.0027972027972027	False	False	2	2	0.9623841059602648	0.9732793522267208	0.9470064724919094	0.975661580065675	0.9654377880184332	0.9760765550239234	0.0029254424276854
Camk2n1	0.0022216925722262	0.003660075055437	False	False	2	2	0.0077120822622107	0.0124257158292814	0.0100418410041841	0.0122206703910614	0.009933774834437	0.0160857908847185	0.0029408838138316
Desi1	0.004420875503691	0.0016322755953895	False	False	5	5	0.7443690811364219	0.7454336086404066	0.7466408861506194	0.7462052436633017	0.7487899566401129	0.7470658842357962	0.0030265755495403
Mrpl35	-0.0040597322901297	0.0108821948216361	True	False	3	3	0.5026746907388833	0.5007457121551081	0.5010828370330266	0.5013080444735121	0.4986149584487535	0.5116279069767442	0.0034112312657531
Catsperz	0.0035369834918431	0.00362048326927	False	False	2	2	0.9952472110370322	0.9956190604569656	0.998113998323554	0.9986438294238786	0.9987841945288752	0.9992395437262356	0.0035787333805565
Pnkd	0.0040559322184902	0.0031961485202717	False	False	2	3	0.0076263107721639	0.0119553666312433	0.0038200339558573	0.0043541364296081	0.0116822429906542	0.0151515151515151	0.003626040369381
Marchf11	0.00547863646113	0.00193442642516	False	False	3	3	0.9912985274431058	0.9899486904579567	0.9976746511976796	0.9989615167789218	0.9967771639042358	0.9918831168831168	0.003706531443145
Rpl27a	-4.630646968761809e-06	0.0074366831775566	False	False	2	2	0.908029878618114	0.9554477282752536	0.9184845005740528	0.9589697514225816	0.9080252479711453	0.9628844114528102	0.0037160262652939
Ttc29	0.0036772124935536	0.0041401960411356	False	False	2	2	0.976905311778291	0.9810996563573884	0.9801876955161628	0.9784449576597384	0.9805825242718448	0.985239852398524	0.0039087042673446
H13	-0.0089784386766605	0.0178571428571429	False	False	2	2	0.9871205151793928	0.9821428571428572	0.991715976331361	0.9941972920696324	0.9781420765027322	1.0	0.0044393520902411
Sppl2c	-0.0288152964699161	0.0381053887601066	False	False	2	2	0.3398692810457516	0.2598425196850393	0.4617414248021108	0.4242655475009538	0.3110539845758355	0.297947908445146	0.0046450461450952
Actr10	0.0070251710168028	0.0025575447570332	False	False	4	3	0.9922129242212924	0.9974424552429668	0.9913445460804564	0.9966056103496862	0.9992380952380951	1.0	0.004791357886918
Tex35	0.008024105282591	0.0016037135360873	False	False	3	3	0.9671717171717172	0.9882352941176472	0.9735157159487776	0.9899483835914152	0.975195822454308	0.9898390076537344	0.0048139094093391
Sbds	-0.0035317283200073	0.0131848105181997	False	False	3	3	0.9545367534456356	0.95424189957952	0.9652509652509652	0.9737615449202351	0.951005025125628	0.96742671009772	0.0048265410990961
Ms4a19	0.0309967773031796	-0.0211907164480322	False	True	2	2	0.6549536359199609	0.0211907164480322	0.6558005752636625	0.0016680567139282	0.6859504132231405	0.0	0.0049030304275736
Ntmt1	-0.003615522332535	0.0137807070101857	False	False	2	2	0.9914204003813156	0.9862192929898144	0.9939879759519038	0.9925650557620818	0.9878048780487804	1.0	0.0050825923388253
Cct2	0.0135119823239476	-0.0027129943567431	False	False	2	2	0.960172228202368	0.935228331780056	0.957765667574932	0.9457443696987424	0.9736842105263158	0.9325153374233128	0.0053994939836022
Slc2a3	0.0017546355574524	0.0093027810419114	False	False	3	4	0.9944574856546688	0.9906972189580886	0.9988726042841036	0.9988283538371412	0.9962121212121212	1.0	0.0055287082996819
Mtfr1l	0.0042786673189478	0.0067811099302249	False	False	2	2	0.9892109160143856	0.9901229148375768	0.996480422349318	0.9930209371884346	0.9934895833333334	0.9969040247678018	0.0055298886245864
Calm2	0.0010722831005167	0.0106347932313418	False	False	2	2	0.9415178370596968	0.947493285586392	0.9487024743512372	0.95985401459854	0.9425901201602136	0.958128078817734	0.0058535381659293
Cct7	0.0083405556078851	0.003499079892794	False	False	2	2	0.9763309772388302	0.9695467422096318	0.9796430004011232	0.97367479425446	0.9846715328467154	0.973045822102426	0.0059198177503396
Lrrc27	-0.0020180347568468	0.0143891110989814	False	False	2	2	0.9269442262372348	0.934305346070052	0.928776978417266	0.933130699088146	0.924926191480388	0.9486944571690334	0.0061855381710673
Tomm70a	0.005877015541626	0.0067832378655411	False	False	2	2	0.0086157380815623	0.0093457943925233	0.0035460992907801	0.0015267175572519	0.0144927536231884	0.0161290322580645	0.0063301267035836
Rps12	0.0167557932263814	-0.0038508601453969	False	False	2	2	0.0303030303030303	0.0190023752969121	0.0153508771929824	0.0207336523125996	0.0470588235294117	0.0151515151515151	0.0064524665404922
Hspa5	0.0075385351620479	0.0062218227785205	False	False	2	2	0.9813913541368452	0.985006247396918	0.9839252336448598	0.97964824120603	0.988929889298893	0.9912280701754386	0.0068801789702842
Nupr1l	-0.0169610598153352	0.0308553870552086	True	False	2	2	0.0754716981132075	0.0222222222222222	0.0597621119814331	0.0667512287934041	0.0585106382978723	0.0530776092774308	0.0069471636199367
Srp54b	0.0146275934126076	-0.0006691843901145	False	False	2	3	0.9702970297029704	0.4906976744186046	0.9883417702101548	0.4962647178237921	0.984924623115578	0.49002849002849	0.0069792045112465
Srp54a	0.0094269202059301	0.0046927006096556	False	False	2	3	0.9754977029096478	0.4867358708189158	0.9897081413210446	0.4973551432291667	0.984924623115578	0.4914285714285714	0.0070598104077929
Ptdss2	0.0059613415358421	0.008505112306492	False	False	2	2	0.9843534284399448	0.9856639839034204	0.9564252012212046	0.9555494580875292	0.9903147699757868	0.9941690962099126	0.0072332269211671
Lztfl1	0.0189099599136602	-0.0043986839985415	False	False	4	3	0.3394233734196731	0.0131706138231029	0.3336685944179028	0.0033557046979865	0.3583333333333333	0.0087719298245614	0.0072556379575593
Ralgps2	-0.0021868396481399	0.017132179183335	False	False	5	6	0.4990540075679394	0.5852042694147956	0.4923218673218673	0.5865326020719074	0.4968671679197995	0.6023364485981307	0.0074726697675975
Gstt4	0.0067791934587599	0.0090304930053276	False	False	2	2	0.9396681749622926	0.9635036496350364	0.9418744625967326	0.9714272694130514	0.9464473684210526	0.9725341426403642	0.0079048432320438
Ppt1	0.0122498236642566	0.0040447612618281	False	False	3	3	0.985981308411215	0.9948453608247424	0.9638619201725998	0.9726879394267172	0.9982311320754716	0.9988901220865704	0.0081472924630424
Gm50388	0.0060679611650485	0.0108411214953271	False	False	2	2	0.9939320388349514	0.9891588785046728	0.9822590183323476	0.9854476431509016	1.0	1.0	0.0084545413301878
Tsc22d1	0.0048877717467495	0.0120984564038381	False	False	3	4	0.9879351947604276	0.987901543596162	0.966794380587484	0.9621538122034646	0.992822966507177	1.0	0.0084931140752938
Kctd19	0.0108588351431392	0.0065406976744185	False	False	2	2	0.9891411648568608	0.9934593023255814	0.9973787680209698	0.9946127946127946	1.0	1.0	0.0086997664087788
Adam5	0.0118195658167607	0.0062567360954457	False	False	2	2	0.3247863247863248	0.2928885630498534	0.3402777777777778	0.2871733966745843	0.3366058906030855	0.2991452991452991	0.0090381509561032
Bola3	0.0128393950701288	0.0055978504254366	False	False	3	3	0.0112985359643539	0.0102751654475792	0.004757785467128	0.0042349726775956	0.0241379310344827	0.0158730158730158	0.0092186227477827
Rabepk	0.0086413826212193	0.0106877496252044	False	False	3	3	0.9913586173787806	0.98859126984127	0.9986383442265796	0.998015873015873	1.0	0.9992790194664743	0.0096645661232119
Cib1	0.0151356957649092	0.0044826237204147	False	False	3	2	0.5008643042350908	0.9904153354632588	0.503960396039604	0.993191489361702	0.516	0.9948979591836736	0.009809159742662
Supt20	0.0005580639566936	0.0193771423489845	False	False	2	2	0.9365048731062434	0.9571853576510154	0.9343079200592154	0.9478856133377498	0.9370629370629372	0.9765625	0.0099676031528391
Btbd10	0.0054728483928234	0.0145849819748526	False	False	3	3	0.9571020019065776	0.9658071748878924	0.9533548618586294	0.9727305027535974	0.9625748502994012	0.9803921568627452	0.010028915183838
Ppm1b	1.546790409900911e-05	0.0201078745957823	False	False	2	3	0.9733178654292344	0.950189155107188	0.9937434827945776	0.9876160990712074	0.9733333333333334	0.9702970297029704	0.0100616712499406
Agtpbp1	0.0329224006116207	-0.0125513076517734	False	False	3	7	0.8264525993883792	0.8814238566713813	0.8683127572016461	0.8826644370122632	0.859375	0.8688725490196079	0.0101855464799236
Art3	0.0114688128772635	0.0095483870967741	False	False	2	2	0.9885311871227364	0.9904516129032258	1.0	0.999804916113929	1.0	1.0	0.0105085999870188
Dnajc2	0.0796630565583634	-0.0581976112920739	False	False	2	2	0.7870036101083032	0.7915309446254072	0.7452830188679245	0.7286652078774617	0.8666666666666667	0.7333333333333333	0.0107327226331447
Cdyl	-0.0137049447724411	0.0358215358215358	False	False	2	2	0.9629629629629628	0.9324324324324323	0.9479708636836628	0.9740804739570476	0.9492580181905218	0.9682539682539684	0.0110582955245473
A430005L14Rik	0.0109671848013815	0.0113907284768212	False	False	2	2	0.9723661485319516	0.9886092715231788	0.979490022172949	0.986872812135356	0.9833333333333332	1.0	0.0111789566391014
Katnal2	0.0045491803278687	0.0181398311833094	False	False	5	7	0.9354508196721312	0.915193502150024	0.9856305803571428	0.9843312814773364	0.94	0.9333333333333332	0.011344505755589
Arf4	-0.0018323633367881	0.0254757223135523	False	False	3	4	0.9788593903638152	0.9704090513489992	0.982860110803324	0.9882984433709072	0.977027027027027	0.9958847736625516	0.011821679488382
Sympk	0.0052209221691779	0.0188356164383561	False	False	2	2	0.9914841849148418	0.9811643835616438	0.9862433862433864	0.9803260258572232	0.9967051070840196	1.0	0.012028269303767
Cdc20	0.0106885408898831	0.0135883241066935	False	False	2	2	0.9893114591101168	0.9864116758933064	0.9974640743871512	0.9996265870052278	1.0	1.0	0.0121384324982883
Ash2l	0.002257156838757	0.0226235741444866	False	False	5	3	0.7354477611940299	0.9773764258555132	0.7399178491411501	0.9944859480611882	0.7377049180327869	1.0	0.0124403654916218
Retreg2	0.0183891136447222	0.0078077366032111	False	False	2	2	0.9816108863552776	0.974950884086444	0.9938195302843016	0.9980582524271844	1.0	0.9827586206896552	0.0130984251239666
Arpc1a	0.0052736575227924	0.0219465648854961	False	False	3	2	0.9842368319876972	0.9780534351145038	0.9867478510028652	0.9843265901221068	0.9895104895104896	1.0	0.0136101112041442
Ttll9	-0.005396445574416	0.0327769923929873	True	False	4	3	0.6511627906976745	0.94647201946472	0.650707469562356	0.9782269595736384	0.6457663451232584	0.9792490118577076	0.0136902734092856
Serbp1	-0.0008997269793994	0.0293890133234812	False	False	4	2	0.9224683544303798	0.6238367931281317	0.925022583559169	0.5511337343822305	0.9215686274509804	0.6532258064516129	0.0142446431720408
ccdc198	0.0070251386040859	0.0220946915351506	False	False	3	3	0.4823232323232323	0.4764705882352941	0.493103448275862	0.4973110670818002	0.4893483709273183	0.4985652797704447	0.0145599150696183
Mthfsd	-0.0061473237943825	0.0358032143665585	False	False	2	2	0.8728139904610492	0.912472647702407	0.8666666666666667	0.8699551569506726	0.8666666666666667	0.9482758620689656	0.0148279452860879
Cfap61	0.0398925079924014	-0.0101178278688525	False	False	2	2	0.9424083769633508	0.9609375	0.7192982456140351	0.7435064935064936	0.9823008849557522	0.9508196721311476	0.0148873400617744
Lyar	0.0274883474033753	0.0031180543744988	False	False	3	2	0.8056350782893199	0.7972658227848102	0.7975332763463182	0.770706833506659	0.8331234256926953	0.800383877159309	0.0153032008889371
Bnip3l	0.025988207032103	0.0047483380816714	False	False	2	3	0.0134854771784232	0.033713200379867	0.0131332082551594	0.0156398104265402	0.0394736842105263	0.0384615384615384	0.0153682725568872
Sap18	0.0087490680739594	0.022603609423439	False	False	3	3	0.0114263705225317	0.0096092757306226	0.0051048821236309	0.0062913548107169	0.0201754385964912	0.0322128851540616	0.0156763387486992
Cdca2	0.0174643874643875	0.0144558477539084	False	False	3	3	0.9276923076923076	0.9101027397260274	0.9161111111111112	0.8841792656587473	0.9451566951566952	0.9245585874799358	0.0159601176091479
Fam178b	0.0247062054697304	0.0080320923027249	False	False	3	2	0.9357904085257548	0.9330056435463316	0.9498014747589336	0.9415011037527594	0.9604966139954854	0.9410377358490566	0.0163691488862277
Fam166c	0.0274409820585458	0.0067005458309805	False	False	2	2	0.8266666666666667	0.9047619047619048	0.8418500559492726	0.9194202898550724	0.8541076487252125	0.9114624505928852	0.0170707639447632
Srpk1	0.0203900536323744	0.0167544448764624	False	False	3	3	0.3942857142857143	0.4042981867024849	0.3596783139212424	0.3490932642487047	0.4146757679180887	0.4210526315789473	0.0185722492544184
Egfl8	0.0660169525677363	-0.0278261205863015	False	False	2	2	0.0101419878296146	0.0751633986928104	0.025522041763341	0.0299823633156966	0.076158940397351	0.0473372781065088	0.0190954159907174
Ube2i	0.0019606368351265	0.0366441658630665	False	False	2	2	0.9729347606544132	0.9633558341369336	0.9845265112440684	0.986544415336985	0.9748953974895398	1.0	0.0193024013490965
Maats1	0.0265486725663717	0.0120689655172413	False	False	2	2	0.9734513274336284	0.9879310344827588	0.9723018147086916	0.984747378455672	1.0	1.0	0.0193088190418065
Armc12	0.0274674839516337	0.0113656641291794	False	False	2	3	0.968299711815562	0.4868995633187773	0.9862185686653772	0.4955901125681792	0.9957671957671956	0.4982652274479568	0.0194165740404066
Anapc11	0.0119777581195501	0.0271666909161453	False	False	2	2	0.0009756097560975	0.0038677918424753	0.1763270286760219	0.1517888155609586	0.0129533678756476	0.0310344827586206	0.0195722245178477
Cfap299	-0.0081728712023961	0.0485734043643069	False	False	3	3	0.8748395378690629	0.9223568281938326	0.8950381679389313	0.9359378518351724	0.8666666666666667	0.9709302325581396	0.0202002665809553
Nek4	0.014763779527559	0.025830258302583	False	False	2	2	0.985236220472441	0.974169741697417	0.9830188679245284	0.97487922705314	1.0	1.0	0.020297018915071
Syce2	0.0073315657017504	0.0332774751491962	False	False	2	2	0.9467084639498432	0.9383033419023136	0.9531914893617022	0.9755729794933656	0.9540400296515936	0.9715808170515098	0.0203045204254733
Tcfl5	0.0080903154165454	0.0328101644245142	False	False	3	3	0.9322766570605188	0.9338565022421524	0.9099378881987578	0.9581447963800904	0.9403669724770642	0.9666666666666668	0.0204502399205298
Mettl23	-0.0110187351686829	0.052788906009245	False	False	3	3	0.6556728232189973	0.6463636363636364	0.7418096723868954	0.7512886597938144	0.6446540880503144	0.6991525423728814	0.020885085420281
Arrdc5	0.0263171176627515	0.0156468625551609	False	False	2	2	0.9718875502008032	0.9802631578947368	0.9939433622524144	0.9944337987042612	0.9982046678635548	0.9959100204498976	0.0209819901089562
4430402I18Rik	0.0004542606516291	0.0423333333333333	False	False	4	3	0.9087719298245612	0.9166666666666666	0.9203286888174348	0.9502938295788442	0.9092261904761904	0.959	0.0213937969924812
Tmem41b	0.0233172019357676	0.0196706446706446	False	False	2	2	0.9766827980642324	0.9713203463203464	0.9963369963369964	0.9937849596022374	1.0	0.990990990990991	0.0214939233032061
Eif4a1	0.0173525946812413	0.0263418554234881	False	False	2	2	0.9771528998242532	0.9640427599611272	0.9716231555051078	0.966824644549763	0.9945054945054944	0.9903846153846154	0.0218472250523647
1700012B09Rik	0.0238951529788183	0.0201094989279097	False	False	2	2	0.0085372794536141	0.008816120906801	0.0111662531017369	0.0103729315880464	0.0324324324324324	0.0289256198347107	0.022002325953364
Prkar1a	0.0262787973447871	0.0191099536681906	False	False	2	2	0.0121827411167512	0.0143348623853211	0.0037262208276132	0.0035207917023503	0.0384615384615384	0.0334448160535117	0.0226943755064889
Dtnbp1	0.0202084539664157	0.0256286266924564	False	False	3	3	0.9707006369426752	0.9743713733075436	0.9854368932038836	0.9778449144008056	0.990909090909091	1.0	0.0229185403294361
1700129C05Rik	0.0323463074471828	0.0162053921563452	False	False	2	2	0.9414364640883978	0.9641532756489494	0.9198782961460448	0.93025	0.9737827715355806	0.9803586678052946	0.024275849801764
Swi5	0.0430323404204571	0.0058107077426304	False	False	2	2	0.9239346265465098	0.9642747623428396	0.945757458349477	0.9665131854332356	0.9669669669669668	0.97008547008547	0.0244215240815438
Fam71f1	0.0082047930283224	0.041203054386785	False	False	3	2	0.976	0.9347826086956522	0.9737198591167704	0.9549063670411984	0.9842047930283224	0.9759856630824372	0.0247039237075537
Rmdn2	0.0361025594131333	0.0140232489614329	False	False	2	2	0.9434571890145396	0.978319783197832	0.9519106912838128	0.934672347332116	0.9795597484276728	0.9923430321592648	0.0250629041872831
Srsf11	0.0225722858701582	0.0302984586759196	False	False	3	2	0.9069148936170212	0.945010183299389	0.9409090909090908	0.9256756756756755	0.9294871794871796	0.9753086419753086	0.0264353722730389
Taf6	0.0202578603771527	0.0334788937409025	False	False	2	2	0.9561200923787528	0.9665211062590976	0.9764957264957264	0.9785202863961814	0.9763779527559056	1.0	0.0268683770590276
Ccdc184	0.1088435374149659	-0.0549905838041431	False	False	2	2	0.0244897959183673	0.0888888888888888	0.0120087336244541	0.0122235157159487	0.1333333333333333	0.0338983050847457	0.0269264768054114
Eif5	0.019945896467311	0.0346914847816412	False	False	3	3	0.4759422614274258	0.4797166149068323	0.4789811186319914	0.4763665594855305	0.4958881578947368	0.5144080996884736	0.0273186906244761
Ydjc	0.050334318146478	0.0073824426255817	False	False	2	2	0.8762711864406779	0.0248756218905472	0.9267822736030829	0.0294117647058823	0.926605504587156	0.032258064516129	0.0288583803860299
Uck2	0.0290697674418605	0.0292056074766354	False	False	2	2	0.9709302325581396	0.9707943925233644	1.0	0.9984765386959172	1.0	1.0	0.0291376874592479
Ndufs4	0.0516843347550624	0.0072206768660175	False	False	3	3	0.9200898587933248	0.9677793231339824	0.9503012048192772	0.989619929734909	0.9717741935483872	0.975	0.0294525058105399
Slc38a9	-0.0143589526908071	0.0741730645045561	False	False	3	3	0.3935860058309038	0.7435064935064936	0.3127438231469441	0.7021648044692738	0.3792270531400966	0.8176795580110497	0.0299070559068745
4933424G06Rik	0.0194805194805194	0.0431761786600495	False	False	2	2	0.8714285714285714	0.8923076923076924	0.8322368421052632	0.8867286559594252	0.8909090909090909	0.935483870967742	0.0313283490702844
Pnmal2	-0.0906768041879595	0.1547619047619047	False	False	2	2	0.4225352112676056	0.4166666666666667	0.3185378590078329	0.4202161474888747	0.331858407079646	0.5714285714285714	0.0320425502869725
Immt	0.0195935375938701	0.045542396578666	False	False	2	2	0.0122535961640916	0.0616004605641911	0.0136645962732919	0.0538101604278074	0.0318471337579617	0.1071428571428571	0.032567967086268
Sil1	0.0449505019764229	0.0202233168628885	False	False	2	5	0.8781264211005002	0.9505670611439844	0.9157333333333332	0.9588364434687155	0.9230769230769232	0.9707903780068728	0.0325869094196557
Mapk1	-0.0132007500986972	0.0787858930060764	False	False	3	3	0.3051470588235294	0.3019480519480519	0.2416267942583732	0.2363344051446945	0.2919463087248322	0.3807339449541284	0.0327925714536896
Rbm7	0.0402785030461271	0.0257731958762886	False	False	2	2	0.9466666666666668	0.9742268041237112	0.9891165172855314	0.985459004905396	0.9869451697127938	1.0	0.0330258494612079
Fam71d	0.0092317357641051	0.0600621546426107	False	False	4	4	0.6472491909385112	0.6610169491525424	0.6579292267365662	0.714618397374828	0.6564809267026164	0.7210791037951532	0.0346469452033579
Adam32	0.0281930798803929	0.0417068012975941	False	False	2	2	0.971806920119607	0.9539641943734016	0.9892255892255892	0.9919571045576407	1.0	0.9956709956709956	0.0349499405889935
Myl6	0.0440648387421552	0.0306907023324933	False	False	2	2	0.7270194986072424	0.7788331071913162	0.7264770240700219	0.814526588845655	0.7710843373493976	0.8095238095238095	0.0373777705373243
Asb17	0.0513301585718559	0.0242868541791342	False	False	3	3	0.668918918918919	0.7777777777777778	0.6905034324942791	0.8033045977011494	0.7202490774907749	0.802064631956912	0.0378085063754951
Ccl27a	0.0487664439120749	0.028031695998599	False	False	4	2	0.1421426469970159	0.1797872340425532	0.1279993612009422	0.1657783351622511	0.1909090909090908	0.2078189300411522	0.038399069955337
Polb	0.0510137196229101	0.0271279716632621	False	False	2	3	0.9475327920049968	0.9703947368421052	0.980654761904762	0.9934648581997534	0.998546511627907	0.9975227085053676	0.0390708456430861
4933434E20Rik	0.0345025664454059	0.0511504205838694	False	False	3	3	0.9202218430034128	0.9302325581395348	0.89892578125	0.9028138528138528	0.9547244094488188	0.9813829787234044	0.0428264935146376
Prmt7	0.0246805823800326	0.0619951291263775	False	False	2	2	0.9281496062992126	0.9291553133514986	0.9741935483870968	0.983108108108108	0.9528301886792452	0.991150442477876	0.043337855753205
Psma8	0.0411823611201165	0.0461718468738749	False	False	4	4	0.8866526904262753	0.9153666146645866	0.9111111111111112	0.9684754521963824	0.9278350515463918	0.9615384615384616	0.0436771039969957
Cfap69	0.0248639305678141	0.0631988120195666	False	False	3	3	0.9670454545454544	0.8997641509433962	0.9855516637478108	0.9310689310689312	0.9919093851132686	0.9629629629629628	0.0440313712936903
Cdiptos	0.0658611873347242	0.0223264722195074	False	False	2	4	0.811965811965812	0.610376896720509	0.8509819021948402	0.6192081536652293	0.8778269993005362	0.6327033689400164	0.0440938297771158
Grk4	-0.1229401726816595	0.2133644133644133	False	False	4	5	0.5220012055455093	0.4957264957264957	0.336734693877551	0.4438877755511022	0.3990610328638497	0.7090909090909091	0.0452121203413768
Ttc16	0.0293390877549292	0.0615311998489568	False	False	4	4	0.6903190319031903	0.6697819314641744	0.7038774233896185	0.687719298245614	0.7196581196581195	0.7313131313131312	0.045435143801943
Ero1lb	0.0527022260093548	0.0412217812486662	False	False	4	4	0.612196094061379	0.6144859813084113	0.6316560820713237	0.6312141491395793	0.6648983200707338	0.6557077625570775	0.0469620036290105
1700037C18Rik	0.0091911287601546	0.0854529964699456	False	False	3	3	0.0601851851851851	0.0767195767195767	0.0815569972196478	0.1348496530454896	0.0693763139453398	0.1621725731895223	0.0473220626150501
Plk4	0.0678317535545023	0.0330551989730423	False	False	2	2	0.1196682464454976	0.1116816431322208	0.0981481481481481	0.1128848346636259	0.1875	0.1447368421052631	0.0504434762637723
Smap1	0.0464213262330417	0.0561771669993964	False	False	2	2	0.0037878787878787	0.011049723756906	0.0662983425414364	0.0722003929273084	0.0502092050209205	0.0672268907563025	0.051299246616219
Ccnk	0.026535752022102	0.077593245129978	False	False	2	2	0.0571295866233163	0.0525842696629213	0.0457933972310969	0.0732640787315472	0.0836653386454183	0.1301775147928994	0.05206449857604
Zbbx	0.1128476470108473	-0.0086163836163836	False	False	3	2	0.6912568306010929	0.922077922077922	0.7774509803921569	0.901618398637138	0.8041044776119403	0.9134615384615384	0.0521156316972318
Fam149b	0.0173414304993252	0.089040060468632	False	False	3	4	0.8736842105263158	0.8442932728647013	0.9242424242424242	0.9312581063553826	0.8910256410256411	0.9333333333333332	0.0531907454839786
Tex47	0.066308884913536	0.0423116147308781	False	False	2	2	0.0465116279069767	0.088	0.0460081190798376	0.0518537074148296	0.1128205128205128	0.1303116147308781	0.0543102498222071
Sh2d6	0.0614035087719297	0.0477272727272727	False	False	2	2	0.9385964912280702	0.9522727272727272	0.9947368421052633	0.9858490566037736	1.0	1.0	0.0545653907496012
Tctex1d1	0.0331717601936758	0.0767356860473789	False	False	4	4	0.9438202247191012	0.910144927536232	0.8591703056768559	0.9054636591478696	0.976991984912777	0.9868806135836108	0.0549537231205273
Ptpdc1	0.0718632443925576	0.0406383224899206	False	False	3	4	0.5824577432617634	0.7076609972379706	0.5266830870279147	0.6702311514365953	0.654320987654321	0.7482993197278912	0.0562507834412391
Ifitm7	0.0502842126146122	0.0658327211894714	False	False	2	2	0.9196556671449068	0.8961625282167043	0.9644633972992182	0.9677938808373592	0.969939879759519	0.9619952494061758	0.0580584669020418
Cdkn3	0.0361096998686745	0.0806692371003856	False	False	3	3	0.4128698919680601	0.5341167551175132	0.4052874743326489	0.5385159010600706	0.4489795918367347	0.6147859922178989	0.0583894684845301
Herc4	0.0525821596244131	0.0654205607476635	False	False	2	2	0.9333333333333332	0.9345794392523364	0.9722991689750692	0.9736564805057956	0.9859154929577464	1.0	0.0590013601860383
Tsga10	0.0446692216269123	0.0736641464892973	False	False	4	4	0.8575654152445961	0.8507544581618655	0.883962056033532	0.8972578965636931	0.9022346368715084	0.9244186046511628	0.0591666840581048
Atp5b	0.0719819565487953	0.0491024630268647	False	False	2	2	0.0014874312063067	0.0002967359050445	0.0104338275672707	0.0074944643161301	0.073469387755102	0.0493991989319092	0.06054220978783
Zcchc8	0.037053638129389	0.0852941176470588	False	False	2	3	0.9484536082474226	0.8897058823529411	0.9746568109820486	0.93853919239905	0.9855072463768116	0.975	0.0611738778882239
Fbxo34	0.0810207336523125	0.0437966825104277	False	False	3	3	0.7280701754385965	0.7786885245901639	0.7883369330453563	0.8073510773130546	0.8090909090909091	0.8224852071005917	0.0624087080813701
Azi2	0.0550082342535171	0.0699068913513867	False	False	3	3	0.928156748911466	0.911881188118812	0.9626108998732572	0.9716479621972828	0.9831649831649832	0.9817880794701986	0.0624575628024519
Rps13	-0.0436220061887219	0.1709575981154718	False	False	2	3	0.1778282255013242	0.298841059602649	0.1965669988925802	0.4418103448275862	0.1342062193126023	0.4697986577181208	0.0636677959633749
Ankrd42	-0.0237123734321987	0.1517056580439039	False	False	5	4	0.7828216851730895	0.7595846645367412	0.7861739902352419	0.7696420871065114	0.7591093117408907	0.9112903225806452	0.0639966423058525
Sclt1	0.0921690415296552	0.041520845878644	False	False	6	9	0.8577030812324932	0.7688073394495413	0.905108695652174	0.8004046871224934	0.9498721227621484	0.8103281853281853	0.0668449437041496
Tbata	0.0498280038266605	0.0841780613280985	False	False	4	5	0.9041095890410958	0.8860759493670886	0.8635858345243768	0.8915612689197595	0.9539375928677564	0.9702540106951872	0.0670030325773795
Adgb	0.0867218954868357	0.0489526810198961	False	False	4	4	0.146082337317397	0.065989847715736	0.5912052117263844	0.6125894134477825	0.2328042328042328	0.1149425287356321	0.0678372882533659
Hnrnph3	0.1269938203606316	0.0088582510458833	False	False	2	2	0.6302316131653799	0.6867939228671601	0.7880041365046536	0.8035914702581369	0.7572254335260116	0.6956521739130435	0.0679260357032575
Spef1l	0.0555560316385729	0.0803574680077786	False	False	2	2	0.9116570831155254	0.900225056264066	0.9222357229647632	0.9411111111111112	0.9672131147540984	0.9805825242718448	0.0679567498231757
Atxn3	0.0516166569694954	0.0872483221476509	False	False	2	2	0.9295154185022028	0.912751677852349	0.9256756756756755	0.9472727272727272	0.981132075471698	1.0	0.0694324895585732
Adam3	0.0626567643017756	0.0853334312332435	False	False	9	9	0.8552183933274803	0.7873064289066166	0.9014307419599898	0.8577245804540967	0.917875157629256	0.8726398601398602	0.0739950977675096
Brf2	0.0794491525423728	0.0694117647058824	False	False	2	2	0.9205508474576272	0.9305882352941176	0.9915397631133672	0.9781818181818182	1.0	1.0	0.0744304586241276
Ppp2r1b	0.0942919075144508	0.0555241327300151	False	False	5	4	0.6348747591522158	0.5817307692307692	0.7178770949720671	0.6610082304526749	0.7291666666666666	0.6372549019607843	0.0749080201222329
Dnah8	0.0624727747839954	0.0965735530102425	False	False	15	19	0.9164862506866578	0.8904240829235636	0.9254346657107008	0.9324209632930192	0.9789590254706532	0.986997635933806	0.079523163897119
Spint2	0.0615861763402747	0.0978898007033998	False	False	2	2	0.9384138236597253	0.9021101992966002	0.9979274611398964	0.9948353776630084	1.0	1.0	0.0797379885218372
Spata3	0.070464871450232	0.0925322369873558	False	False	3	3	0.3621052631578947	0.3258426966292135	0.4914812239221141	0.5037192003719201	0.4325701346081268	0.4183749336165693	0.0814985542187939
Dnajb6	0.0515288242509199	0.115760114146331	False	False	5	5	0.3561634834413877	0.3622151563328034	0.3082926515930113	0.3065121564846064	0.4076923076923077	0.4779752704791344	0.0836444691986255
Cep89	0.0749452013581467	0.0940118107400918	False	False	5	4	0.7851176917236142	0.7945163277880468	0.8342945874001775	0.8189920596337708	0.860062893081761	0.8885281385281386	0.0844785060491192
St6galnac2	0.0616712103622346	0.1091172278068043	False	False	4	3	0.8827956989247312	0.8713080168776371	0.9473760721035036	0.9682062298603652	0.944466909286966	0.9804252446844416	0.0853942190845195
Slbp	0.0506177421768002	0.1242246902802701	False	False	3	3	0.695594379035321	0.6844172850283718	0.9369517543859648	0.9514613778705636	0.7462121212121212	0.808641975308642	0.0874212162285352
Ulk4	0.1024149550706033	0.0727225672877845	False	False	3	5	0.787828947368421	0.843944099378882	0.8358778625954199	0.8480230642504119	0.8902439024390244	0.9166666666666666	0.0875687611791939
Fam126a	0.106692082055398	0.0702429745703222	False	False	4	5	0.6921584926572457	0.7240608228980322	0.4690058479532163	0.473508353221957	0.7988505747126438	0.7943037974683544	0.0884675283128601
Spaca7	0.1263957978223815	0.0537101677738993	False	False	3	3	0.797752808988764	0.8855421686746988	0.8740399385560675	0.9237710018668326	0.9241486068111456	0.9392523364485982	0.0900529827981404
Slc22a21	0.094639856829339	0.0923442290616047	False	False	2	2	0.090291650019976	0.0988322415266305	0.1118181818181818	0.0997481108312342	0.184931506849315	0.1911764705882352	0.0934920429454718
Csnk2a2	0.1367332393864295	0.0542087308871149	False	False	5	5	0.7414718888186986	0.7021203830369357	0.7552281368821293	0.7274739583333333	0.8782051282051282	0.7563291139240507	0.0954709851367722
Nectin3	0.0808469120014111	0.1184290870817108	False	False	5	4	0.0425297113752122	0.0600369896144543	0.0582797427652733	0.0919871794871794	0.1233766233766233	0.1784660766961652	0.0996379995415609
Styx	0.0596247401894988	0.1627063254680402	False	False	7	4	0.4814380617428683	0.3601694915254237	0.5540254237288136	0.4555173730431462	0.5410628019323672	0.522875816993464	0.1111655328287695
Fam220a	0.0849072356215213	0.1393697896125444	False	False	2	2	0.865	0.841726618705036	0.9531377343113284	0.949337671392052	0.9499072356215214	0.9810964083175804	0.1121385126170328
Aldoa	0.0908552382155946	0.1361867704280155	False	False	2	2	0.9039634146341464	0.8638132295719845	0.981132075471698	0.9787516600265604	0.9948186528497408	1.0	0.113521004321805
Osbpl9	0.0473087872824197	0.1802772049802928	False	False	3	3	0.8346007604562737	0.7933491686460807	0.9175824175824177	0.9388387824126267	0.8819095477386935	0.9736263736263736	0.1137929961313563
Ccdc30	0.1130418266045237	0.1232237914992681	False	False	4	4	0.4049594148604049	0.3887638341774526	0.37621412803532	0.3375158133890997	0.5180012414649287	0.5119876256767207	0.1181328090518959
Ccdc150	0.0648390342052314	0.1816216216216216	False	False	5	6	0.7887323943661971	0.6972972972972973	0.8035928143712575	0.8398286937901499	0.8535714285714285	0.8789189189189189	0.1232303279134265
Dnm2	0.1511141559097137	0.1057230922626323	False	False	2	2	0.1039878849066128	0.0908581043185642	0.1225184344866704	0.1236680658701969	0.2551020408163265	0.1965811965811965	0.128418624086173
Fgd2	0.1363636363636363	0.1557377049180327	False	False	2	2	0.8484848484848485	0.8442622950819673	0.9620253164556962	0.963773069036227	0.9848484848484848	1.0	0.1460506706408345
Rnf19b	0.1211428571428571	0.1763647645449148	False	False	2	2	0.0217142857142857	0.033373063170441	0.0386819484240687	0.04973474801061	0.1428571428571428	0.2097378277153558	0.1487538108438859
4930503L19Rik	0.1154125410899976	0.1856042262821924	False	False	3	2	0.0954879328436516	0.1194805194805194	0.0762645914396887	0.0824612808706571	0.2109004739336493	0.3050847457627119	0.150508383686095
Gm4181	0.1391120507399578	0.1713098729227762	False	False	3	2	0.6818181818181818	0.5303030303030303	0.6524193548387097	0.424399434762129	0.8209302325581396	0.7016129032258065	0.155210961831367
Mtor	0.1788235294117647	0.1603174603174604	False	False	2	2	0.807843137254902	0.7968253968253968	0.7245508982035929	0.6814814814814815	0.9866666666666668	0.9571428571428572	0.1695704948646125
Cep170	0.1439262023217247	0.216607294317218	False	False	5	4	0.5986111111111111	0.78	0.6726441631504922	0.9399860432658758	0.7425373134328358	0.996607294317218	0.1802667483194713
Tor1aip2	0.2384423393272448	0.1245421245421245	False	False	4	4	0.3817762399077278	0.4107142857142857	0.6259469696969696	0.5664767331433997	0.6202185792349726	0.5352564102564102	0.1814922319346846
Lyrm1	0.1921942306984279	0.1988543951690257	False	False	3	3	0.0148121387283236	0.0223845428840716	0.0396984924623115	0.0541237113402061	0.2070063694267516	0.2212389380530973	0.1955243129337268
Cklf	0.1727682318278708	0.2199493473602181	False	False	3	4	0.5953477102011147	0.6076368595363336	0.7968146718146718	0.8845334074691873	0.7681159420289855	0.8275862068965517	0.1963587895940444
Chmp3	0.1157866828270585	0.2941572758451739	False	False	3	3	0.5586319218241043	0.2635350318471338	0.635670731707317	0.340495867768595	0.6744186046511628	0.5576923076923077	0.2049719793361162
Lyrm7	0.1804629629629629	0.231669605316696	False	False	5	6	0.3033333333333333	0.2861386138613861	0.3986772486772487	0.3802380952380952	0.4837962962962963	0.5178082191780822	0.2060662841398295
Pex11g	0.140508568828674	0.273947667804323	False	False	2	2	0.0503311258278145	0.0593856655290102	0.0339961513790891	0.0503698485382176	0.1908396946564885	0.3333333333333333	0.2072281183164985
Ccdc50	0.2424242424242424	0.1844660194174757	False	False	2	2	0.7575757575757576	0.8155339805825242	0.919260700389105	0.9368131868131868	1.0	1.0	0.2134451309208591
Cyhr1	0.3074614352783367	0.1223922433599852	False	False	3	4	0.53420523138833	0.3327359617682198	0.6294642857142857	0.4769463340891912	0.8416666666666667	0.455128205128205	0.2149268393191609
Ndel1	0.2464481186948147	0.1870927318295738	False	False	2	2	0.7359307359307359	0.793859649122807	0.8876543209876543	0.8887218045112782	0.9823788546255506	0.9809523809523808	0.2167704252621943
Tor1aip1	0.2945821406893959	0.1715449015936534	False	False	3	4	0.7027334851936219	0.4944013781223083	0.9823272894193252	0.6560365258608671	0.9973156258830178	0.6659462797159618	0.2330635211415246
Baiap2	0.2420348468310755	0.2314809650756822	False	False	3	3	0.5147957542618206	0.5117622781675609	0.6537949400798935	0.6141443752290217	0.7568306010928961	0.7432432432432432	0.2367579059533789
Gm17359	0.1684033532414466	0.3255281690140845	False	False	2	2	0.0096788385393752	0.0125	0.1170706549767921	0.1069469835466179	0.1780821917808219	0.3380281690140845	0.2469657611277655
Strbp	0.2042005493026011	0.2995555555555556	False	False	6	6	0.2474123539232053	0.2204444444444444	0.2013698630136986	0.1526666666666666	0.4516129032258064	0.52	0.2518780524290783
Vwa3b	0.3246077912920853	0.1936434108527132	False	False	4	3	0.6344086021505376	0.7596899224806202	0.9225821272685504	0.9350582590815628	0.9590163934426228	0.9533333333333334	0.2591256010723992
Ccdc116	0.2879765395894428	0.2591397849462366	False	False	2	2	0.5483870967741935	0.5860215053763441	0.5836779707747449	0.5849533744270586	0.8363636363636363	0.8451612903225807	0.2735581622678397
Gskip	0.2321704504932842	0.328785095775387	False	False	2	2	0.5391061452513967	0.5631067961165048	0.3937823834196891	0.532608695652174	0.7712765957446809	0.8918918918918919	0.2804777731343356
Ttll5	0.2681242226995945	0.3232044117343158	False	False	5	4	0.6761827079934747	0.6094003241491086	0.7325581395348837	0.6661120354963949	0.9443069306930691	0.9326047358834244	0.2956643172169552
Enpp6	0.218144750254842	0.4413267374908767	False	False	2	2	0.2222222222222222	0.2535885167464115	0.4224598930481283	0.3518518518518518	0.4403669724770642	0.6949152542372882	0.3297357438728593
Borcs8	0.2513786764705882	0.4108978018840993	False	False	3	3	0.1309742647058823	0.1294247787610619	0.2474541751527494	0.2399061032863849	0.3823529411764705	0.5403225806451613	0.3311382391773437
Iqgap1	0.4627337471912253	0.2262144084213604	False	False	2	3	0.5207373271889401	0.7339449541284404	0.7706896551724138	0.7571428571428571	0.9834710743801652	0.9601593625498008	0.3444740778062928
Sh3glb1	0.3240471252867288	0.3686292923610362	False	False	4	4	0.5132203997490365	0.5215892300114924	0.5913398104833872	0.5874903949592746	0.8372675250357654	0.8902185223725286	0.3463382088238825
Prr3	0.3225514619116297	0.4591932457786116	False	False	2	2	0.4429657794676806	0.3782051282051282	0.5918367346938775	0.5766738660907127	0.7655172413793103	0.8373983739837398	0.3908723538451206
Rimklb	0.3921342711749966	0.4666608381418662	False	False	4	4	0.2436901653611836	0.1561461794019933	0.4770642201834862	0.4251893939393939	0.6358244365361803	0.6228070175438596	0.4293975546584314
Sys1	0.6297320908561445	0.3163289075238761	False	False	2	2	0.1029411764705882	0.0987654320987654	0.4	0.3368055555555556	0.7326732673267327	0.4150943396226415	0.4730304991900103
Larp1b	0.5704989001970215	0.437945977871943	False	False	4	3	0.0162357936805295	0.0198994553833263	0.0572483841181902	0.0538160469667318	0.5867346938775511	0.4578454332552693	0.5042224390344823
Tdrkh	0.5285783066235642	0.6974332999731491	False	False	3	5	0.2027649769585253	0.1546793760831889	0.5394456289978679	0.5263938315539739	0.7313432835820896	0.852112676056338	0.6130058032983566
Ankrd36	0.6467209008278264	0.7163541942415796	False	False	2	2	0.1461077844311377	0.12122969837587	0.2444794952681388	0.2751603010872595	0.7928286852589641	0.8375838926174497	0.681537547534703
Mycbp2	0.746917464979139	0.7017543859649122	False	False	2	2	0.2486772486772486	0.2982456140350877	0.8871951219512195	0.908148148148148	0.9955947136563876	1.0	0.7243359254720256
Thegl	0.7864184632448331	0.8212139474522238	False	False	2	2	0.1420047732696897	0.1330935251798561	0.5355618776671408	0.6010743567995477	0.9284232365145229	0.95430747263208	0.8038162053485285
