symbol	m1_delta	m2_delta	m1_mono	m2_mono	m1_npas	m2_npas	m1_wdi_Spermatocyte	m2_wdi_Spermatocyte	m1_wdi_RoundSpermatid	m2_wdi_RoundSpermatid	m1_wdi_Elongating	m2_wdi_Elongating	mean_delta
Boc	-0.9381386357359844	-0.9321839080459772	True	True	2	2	0.9803921568627452	0.9666666666666668	0.5073529411764706	0.583941605839416	0.0422535211267605	0.0344827586206896	-0.9351612718909807
Plekha3	-0.8556876061120543	-0.9183982683982684	True	True	2	2	0.8771929824561403	0.935064935064935	0.675	0.4912280701754385	0.021505376344086	0.0166666666666666	-0.8870429372551614
Cpq	-0.8226188863297657	-0.9448411721250924	True	True	2	2	0.9631147540983608	0.9770992366412212	0.3186813186813186	0.3909465020576131	0.140495867768595	0.032258064516129	-0.883730029227429
Pttg1ip	-0.8426167764403059	-0.8660457453535516	True	True	2	2	0.8644957983193278	0.8697033898305084	0.0931216931216931	0.0860346088228125	0.0218790218790218	0.0036576444769568	-0.8543312608969287
3110082I17Rik	-0.8353196099674972	-0.8509881422924901	False	False	2	2	0.8846153846153846	0.8727272727272727	0.91796875	0.8739837398373984	0.0492957746478873	0.0217391304347826	-0.8431538761299937
Ccdc157	-0.7270770334682999	-0.8614864864864865	True	True	2	2	0.7821229050279329	0.875	0.1232091690544412	0.1143250688705234	0.055045871559633	0.0135135135135135	-0.7942817599773933
Socs7	-0.7555674824674395	-0.7694078415269949	True	True	3	3	0.8094890510948906	0.7849117174959872	0.1631016042780748	0.2005494505494505	0.0539215686274509	0.0155038759689922	-0.7624876619972172
Wdr19	-0.7045496408178302	-0.8124699085219066	True	True	2	2	0.918032786885246	0.8870967741935484	0.8725490196078431	0.848605577689243	0.2134831460674157	0.0746268656716417	-0.7585097746698684
Sun1	-0.7974603174603174	-0.707403314917127	True	True	2	2	0.9085714285714286	0.8674033149171271	0.2170542635658914	0.1822600243013366	0.1111111111111111	0.16	-0.7524318161887222
Nt5c1b	-0.7185074604889787	-0.7388753176308068	True	True	2	2	0.7408513816280806	0.7571138211382114	0.0681060485791395	0.0467289719626168	0.0223439211391018	0.0182385035074045	-0.7286913890598927
Slc37a4	-0.6587398373983739	-0.7907269723254853	True	True	2	2	0.983739837398374	0.9962825278810408	0.9501385041551248	0.7875536480686696	0.325	0.2055555555555555	-0.7247334048619296
Cystm1	-0.7061795309311117	-0.7432492111731583	True	True	2	2	0.7956104252400549	0.7931937172774869	0.4324607329842932	0.342643391521197	0.089430894308943	0.0499445061043285	-0.7247143710521351
Tef	-0.7319587628865979	-0.6768574475648774	True	True	2	2	0.7319587628865979	0.711340206185567	0.0109890109890109	0.0439560439560439	0.0	0.0344827586206896	-0.7044081052257376
Sphkap	-0.596242846154849	-0.7862985685071575	True	True	2	2	0.941921858500528	0.952965235173824	0.5636792452830188	0.6002372479240806	0.345679012345679	0.1666666666666666	-0.6912707073310033
Ccdc113	-0.4553487710133279	-0.9087518309269722	True	True	3	2	0.9818037974683544	0.9799382716049384	0.94189852700491	0.9053295932678822	0.5264550264550265	0.0711864406779661	-0.6820503009701501
Rabif	-0.6292857741638025	-0.6951672862453532	True	True	2	2	0.6324503311258278	0.6951672862453532	0.0335429769392033	0.0268041237113402	0.0031645569620253	0.0	-0.6622265302045778
Cyth1	-0.7949866874472368	-0.5265857560161358	True	True	4	5	0.8907721280602636	0.8145604395604396	0.6918032786885245	0.694838056680162	0.0957854406130268	0.2879746835443038	-0.6607862217316862
Ppp3cc	-0.8365411469000186	-0.4817872918790349	True	True	3	4	0.9584923664122136	0.9891946992864424	0.6053105310531053	0.8915906788247213	0.1219512195121951	0.5074074074074074	-0.6591642193895267
Mob3b	-0.6550661358674714	-0.6576998801575074	True	True	3	3	0.7704507512520868	0.8017676767676768	0.5513196480938416	0.4740143369175627	0.1153846153846153	0.1440677966101695	-0.6563830080124894
Srsf2	-0.6344838308457712	-0.6597045338767193	True	True	2	2	0.9365671641791044	0.9827814569536424	0.8150851581508516	0.8340740740740741	0.3020833333333333	0.3230769230769231	-0.6470941823612453
Aopep	-0.4514035450720739	-0.8178597785977859	True	True	3	2	0.4748603351955307	0.84	0.12	0.276661514683153	0.0234567901234567	0.022140221402214	-0.6346316618349299
Mtmr12	-0.3612214029117035	-0.8888709677419355	True	True	3	3	0.8495934959349594	0.905	0.6143911439114391	0.3698347107438016	0.4883720930232558	0.0161290322580645	-0.6250461853268195
Ubl3	-0.6033914010378058	-0.6417784401390959	True	True	2	2	0.6118421052631579	0.6636363636363637	0.0619946091644204	0.1115618661257606	0.0084507042253521	0.0218579234972677	-0.6225849205884508
Psme3	-0.6151290230237599	-0.6271186440677966	True	True	2	2	0.6262626262626263	0.6271186440677966	0.2189922480620155	0.1521739130434782	0.0111336032388663	0.0	-0.6211238335457783
Mapk6	-0.8438791265348136	-0.394512085098339	True	True	2	3	0.9680170575692963	0.9027993779160186	0.8352059925093633	0.7051282051282052	0.1241379310344827	0.5082872928176796	-0.6191956058165763
Gm20532	-0.6684964780179743	-0.5633333333333332	True	True	2	2	0.9478260869565216	0.9833333333333332	0.6283185840707964	0.6551724137931034	0.2793296089385474	0.42	-0.6159149056756538
Nol4	-0.6301097393689986	-0.5952544373824592	True	True	4	3	0.65	0.6185567010309279	0.1451565700907228	0.0955882352941176	0.0198902606310013	0.0233022636484687	-0.6126820883757289
Zfhx3	-0.6633502742125362	-0.5569561157796452	True	True	4	4	0.7732793522267206	0.7857142857142857	0.1280602636534839	0.4487179487179487	0.1099290780141843	0.2287581699346405	-0.6101531949960908
Med22	-0.600971547536433	-0.617917011919179	True	True	2	2	0.9949109414758268	0.9972273567467652	0.9202898550724636	0.907514450867052	0.3939393939393939	0.3793103448275862	-0.609444279727806
Pcsk4	-0.6555255052212456	-0.5493272651390186	True	True	2	2	0.9727668845315904	0.9747003994673769	0.9356388088376562	0.9346983951300498	0.3172413793103448	0.4253731343283582	-0.6024263851801321
Atg12	-0.6320514626473213	-0.5636828644501279	False	False	2	2	0.8148471615720524	0.7695652173913043	0.0805300713557594	0.0727096461463887	0.1827956989247312	0.2058823529411764	-0.5978671635487246
Lpin1	-0.5416415727436978	-0.6100307891751742	True	True	3	3	0.6814720812182741	0.6955922865013774	0.5465277777777777	0.5588470776621297	0.1398305084745762	0.0855614973262032	-0.575836180959436
Glod4	-0.7725562825103113	-0.3759813335501911	True	True	2	3	0.8338192419825073	0.9163763066202092	0.6843853820598007	0.8601798855273917	0.061262959472196	0.5403949730700179	-0.5742688080302512
Eif4h	-0.8872993706228689	-0.2372251354201826	True	False	2	3	0.9028801071667782	0.7181556195965418	0.2292682926829268	0.3811821471652593	0.0155807365439093	0.4809304841763592	-0.5622622530215258
Vhl	-0.5595266428665873	-0.562494200838986	True	True	2	2	0.5666666666666667	0.5678391959798995	0.0326747720364741	0.0326018808777429	0.0071400238000793	0.0053449951409135	-0.5610104218527867
Exosc3	-0.4673738347798135	-0.6534896302554197	True	True	3	2	0.9687743950039032	0.9615065078925504	0.9412338930105428	0.9247943595769684	0.5014005602240896	0.3080168776371308	-0.5604317325176167
Eipr1	-0.5101173020527858	-0.6078814338235294	True	True	2	2	0.6919354838709677	0.740234375	0.3721973094170404	0.4530516431924882	0.1818181818181818	0.1323529411764706	-0.5589993679381576
Sec24b	-0.4314285714285714	-0.6461640211640212	True	True	2	2	0.9314285714285714	0.8869047619047619	0.8753799392097265	0.8267254038179148	0.5	0.2407407407407407	-0.5387962962962962
Cant1	-0.4414550623505847	-0.6207703860765085	True	True	2	2	0.7652645861601085	0.7419825072886297	0.5614035087719298	0.6019830028328612	0.3238095238095238	0.1212121212121212	-0.5311127242135466
Pofut2	-0.477795589174567	-0.5688187470109995	True	True	2	2	0.6080476900149031	0.6276422764227643	0.582901554404145	0.6015873015873016	0.1302521008403361	0.0588235294117647	-0.5233071680927832
Cpeb4	-0.6351351351351351	-0.4098360655737705	True	True	2	2	0.6351351351351351	0.4098360655737705	0.0355648535564853	0.0119956379498364	0.0	0.0	-0.5224856003544528
Svip	-0.4960759027266028	-0.5420255935878202	True	True	2	2	0.567090395480226	0.6284741917186614	0.3249158249158249	0.3747580332946186	0.0710144927536231	0.0864485981308411	-0.5190507481572115
Rbm28	-0.2897841492882815	-0.747429841622673	True	True	2	2	0.2972972972972973	0.7966101694915254	0.0636132315521628	0.7096774193548387	0.0075131480090157	0.0491803278688524	-0.5186069954554773
Tmem67	-0.4393799024149218	-0.5706959706959707	True	True	2	2	0.4552529182879377	0.6373626373626373	0.0484949832775919	0.0933660933660933	0.0158730158730158	0.0666666666666666	-0.5050379365554463
Rgs3	-0.6164406779661017	-0.3891938250428817	True	True	3	2	0.83	0.9528301886792452	0.5564853556485355	0.7817679558011049	0.2135593220338983	0.5636363636363636	-0.5028172515044917
Pcolce	-0.5040070269365903	-0.485272958104105	True	True	3	3	0.5406976744186046	0.5176470588235295	0.0503538377789874	0.0754511512134411	0.0366906474820143	0.0323741007194244	-0.4946399925203476
Lrp2bp	-0.412146872034455	-0.5757215619694398	True	True	2	2	0.4271844660194174	0.5967741935483871	0.0488721804511278	0.0505050505050505	0.0150375939849624	0.0210526315789473	-0.4939342170019474
Chtf8	-0.4304578313253012	-0.5472363457438084	False	True	3	3	0.6144578313253012	0.6791044776119403	0.1671597633136094	0.1931216931216931	0.184	0.1318681318681318	-0.4888470885345548
Gemin5	-0.431564465408805	-0.5399294270591513	True	True	3	3	0.4669811320754717	0.5764462809917356	0.115138592750533	0.145123384253819	0.0354166666666666	0.0365168539325842	-0.4857469462339782
Mapk3	-0.4840063597289031	-0.4866386035455869	True	True	2	2	0.9522144522144522	0.9561042524005487	0.7421875	0.8522039757994814	0.4682080924855491	0.4694656488549618	-0.485322481637245
Cep104	-0.3815935371455726	-0.586021505376344	True	True	2	2	0.5934579439252337	0.6666666666666666	0.4346666666666666	0.422360248447205	0.211864406779661	0.0806451612903225	-0.4838075212609583
Atat1	-0.5815850815850816	-0.3854619565217391	True	True	2	3	0.6794871794871795	0.4510869565217391	0.3980582524271844	0.436426116838488	0.0979020979020979	0.065625	-0.4835235190534104
Magi1	-0.4739106695628434	-0.4806830714088778	False	False	3	3	0.966403162055336	0.9657258064516128	0.2379862700228833	0.4423558897243108	0.4924924924924925	0.485042735042735	-0.4772968704858606
Pdpr	-0.3864342010986387	-0.5572292468389226	True	True	3	3	0.9433962264150944	0.8925233644859814	0.5972222222222222	0.5801886792452831	0.5569620253164557	0.3352941176470588	-0.4718317239687806
Tmx1	-0.3878365579759166	-0.551036773971818	True	True	2	2	0.6246786632390745	0.654485049833887	0.3220338983050847	0.3386973180076628	0.2368421052631578	0.1034482758620689	-0.4694366659738673
Coa5	-0.3051783659378596	-0.6307274247491639	True	True	3	2	0.7545454545454545	0.6394230769230769	0.5692307692307692	0.2508474576271186	0.4493670886075949	0.008695652173913	-0.4679528953435117
Daam1	-0.3764044943820224	-0.5569122235788903	True	True	3	3	0.3764044943820224	0.5679012345679012	0.1923076923076923	0.1611842105263158	0.0	0.0109890109890109	-0.4666583589804564
Dda1	-0.444695546815505	-0.4648607295260739	True	True	2	2	0.4528521536670547	0.4657836644591611	0.0367892976588628	0.0313868613138686	0.0081566068515497	0.0009229349330872	-0.4547781381707895
Atf1	-0.3951957078405072	-0.4897605083088954	True	True	2	2	0.6127098321342925	0.6480938416422287	0.4019607843137255	0.3859007832898172	0.2175141242937853	0.1583333333333333	-0.4424781080747013
4921536K21Rik	-0.4270476114256751	-0.4336267551540849	True	True	2	2	0.4282560706401766	0.4342105263157895	0.0212335692618806	0.0164186762442278	0.0012084592145015	0.0005837711617046	-0.43033718328988
Spag17	-0.4047050147492625	-0.4496530515691531	True	True	2	2	0.6913716814159292	0.6702412868632708	0.4642857142857143	0.406318082788671	0.2866666666666667	0.2205882352941176	-0.4271790331592078
Ensa	-0.4098291309533716	-0.4334623939368976	True	True	4	4	0.8155668358714044	0.8120218579234973	0.524621212121212	0.6153846153846154	0.4057377049180328	0.3785594639865997	-0.4216457624451346
Fhad1	-0.4055834242093784	-0.4322188955422488	True	True	3	3	0.4742857142857143	0.4461077844311377	0.3342318059299191	0.3355629877369008	0.0687022900763358	0.0138888888888888	-0.4189011598758136
Mief1	-0.4379136189481016	-0.3985446750902527	True	True	4	4	0.861111111111111	0.822503008423586	0.5737976782752902	0.6341991341991342	0.4231974921630094	0.4239583333333333	-0.4182291470191772
Fam193a	-0.4366444366444366	-0.3883538480927575	True	True	2	2	0.6461038961038961	0.5730129390018485	0.6165413533834586	0.4571428571428571	0.2094594594594594	0.1846590909090909	-0.4124991423685971
Selenot	-0.323990116266243	-0.49724549887076	False	True	2	2	0.6228406909788867	0.6836861768368617	0.2660869565217391	0.2674259681093394	0.2988505747126437	0.1864406779661017	-0.4106178075685015
Lrriq3	-0.3303163788211386	-0.4851600830493421	True	True	3	4	0.8309053069719042	0.8385794995964487	0.6312925170068027	0.5561029009304871	0.5005889281507656	0.3534194165471066	-0.4077382309352403
Lypla1	-0.4455051868317984	-0.3696969696969697	True	True	3	3	0.4539007092198581	0.3696969696969697	0.1390804597701149	0.1199575371549893	0.0083955223880597	0.0	-0.4076010782643841
Rspry1	-0.4689743589743589	-0.3423645320197044	True	True	3	3	0.86	0.8423645320197044	0.8093645484949833	0.8388235294117647	0.391025641025641	0.5	-0.4056694454970316
Ap2b1	-0.360706140220965	-0.4474626839781785	True	True	2	2	0.390894819466248	0.466786355475763	0.115530303030303	0.1198019801980198	0.030188679245283	0.0193236714975845	-0.4040844120995718
Ppp1r15b	-0.4107142857142857	-0.3893617021276596	True	True	2	2	0.4523809523809524	0.4	0.064516129032258	0.0738786279683377	0.0416666666666666	0.0106382978723404	-0.4000379939209726
Cdan1	-0.379718875502008	-0.4190168970814132	True	True	3	3	0.429718875502008	0.4247311827956989	0.0537848605577689	0.0479744136460554	0.05	0.0057142857142857	-0.3993678862917106
Cgrrf1	-0.4139252948885976	-0.3769114928710849	True	True	2	2	0.8532110091743119	0.8675656984785616	0.8326232501521607	0.8252992559042381	0.4392857142857143	0.4906542056074766	-0.3954183938798413
Ubald1	-0.3972700194879972	-0.3858481112866359	True	True	2	2	0.9935141509433962	0.9972470750172058	0.9775725593667546	0.9713656387665198	0.596244131455399	0.6113989637305699	-0.3915590653873165
Abhd2	-0.4286356658862202	-0.3471621674262787	True	True	2	2	0.4380165289256198	0.3488372093023256	0.0179514255543822	0.0194085027726432	0.0093808630393996	0.0016750418760469	-0.3878989166562494
Cep85l	-0.4571428571428571	-0.3125	True	True	2	2	0.4571428571428571	0.3125	0.0372549019607843	0.021639344262295	0.0	0.0	-0.3848214285714285
Ctnna3	-0.3535735023099643	-0.412121212121212	True	True	5	4	0.7622377622377622	0.6026936026936026	0.5713414634146341	0.3066507367582636	0.4086642599277978	0.1905723905723905	-0.3828473572155882
Gnal	-0.3600197587980867	-0.3935252564694189	True	True	2	2	0.365296803652968	0.3986013986013986	0.0637813211845102	0.057471264367816	0.0052770448548812	0.0050761421319796	-0.3767725076337528
Tmem8	-0.2715272090910111	-0.4799652511288674	False	True	3	3	0.6349292709466812	0.7559833506763788	0.7504091653027823	0.7044907778668805	0.3634020618556701	0.2760180995475113	-0.3757462301099392
Sertad2	-0.225023995103086	-0.5227673056496216	True	True	3	2	0.905652267354395	0.7694633408919124	0.8365929705215419	0.570391061452514	0.680628272251309	0.2466960352422907	-0.3738956503763538
Ddx10	-0.2307924984875983	-0.509090909090909	False	True	2	2	0.8448275862068966	0.8727272727272727	0.9353932584269664	0.7086330935251799	0.6140350877192983	0.3636363636363636	-0.3699417037892537
Dnajc18	-0.3785697565543071	-0.3588141025641025	True	True	2	2	0.4010416666666667	0.3692307692307692	0.0688524590163934	0.0913107511045655	0.0224719101123595	0.0104166666666666	-0.3686919295592048
Med10	-0.5433729277901094	-0.1921181937900112	True	True	3	2	0.9883966244725738	0.9989067055393586	0.8172727272727273	0.9658148586901336	0.4450236966824644	0.8067885117493473	-0.3677455607900603
Ide	-0.2451857916041296	-0.4861744154465322	False	True	4	5	0.7928048392231772	0.7881546134663342	0.4389127324749642	0.3347229693383539	0.5476190476190476	0.3019801980198019	-0.365680103525331
Tbcel	-0.3615384615384613	-0.3646071700991609	False	True	4	4	0.705128205128205	0.7125603864734299	0.2653721682847896	0.3553875236294896	0.3435897435897436	0.3479532163742689	-0.3630728158188111
Zfand4	-0.3736643026004728	-0.3473035050640411	True	True	4	4	0.6554609929078014	0.6589847868654918	0.5341782847486268	0.5364019646194635	0.2817966903073285	0.3116812818014506	-0.3604839038322569
Snap29	-0.3242068665797479	-0.3951219512195122	True	True	3	2	0.4011299435028249	0.3951219512195122	0.1141649048625792	0.0955497382198952	0.0769230769230769	0.0	-0.3596644088996301
Hook1	-0.3432828537775533	-0.375858751879316	True	True	3	3	0.8385714285714285	0.8727034120734908	0.5727176220806794	0.5702551555400209	0.4952885747938751	0.4968446601941748	-0.3595708028284347
Chpt1	-0.3410541752933058	-0.3778248587570621	True	True	4	4	0.8144841269841271	0.7111581920903954	0.7466666666666666	0.6635071090047393	0.4734299516908212	0.3333333333333333	-0.3594395170251839
Stk11	-0.3078442912392803	-0.4087335417258691	True	True	2	3	0.768370607028754	0.7616747181964574	0.624633431085044	0.5740971357409713	0.4605263157894737	0.3529411764705882	-0.3582889164825747
Ptpn9	-0.3792663476874003	-0.3281779348946825	True	True	2	2	0.4701754385964912	0.3926940639269406	0.2801932367149758	0.2938689217758985	0.0909090909090909	0.064516129032258	-0.3537221412910414
Rnf185	-0.3740510697032436	-0.3315015479876161	True	False	2	2	0.5169082125603864	0.5197368421052632	0.1458885941644562	0.1781206171107994	0.1428571428571428	0.188235294117647	-0.3527763088454299
Larp1	-0.3459849421874738	-0.3567094017094017	True	True	6	6	0.783199079401611	0.8011538461538461	0.5459165154264973	0.5152906692721057	0.4372141372141372	0.4444444444444444	-0.3513471719484378
Zmat5	-0.3665691082634604	-0.3338692810457516	True	True	2	2	0.9886621315192744	0.994	0.968181818181818	0.9669811320754716	0.622093023255814	0.6601307189542484	-0.350219194654606
Mageb3	-0.375886524822695	-0.322283929191253	True	True	2	2	0.375886524822695	0.3372093023255814	0.066079295154185	0.092814371257485	0.0	0.0149253731343283	-0.349085227006974
Cacnb1	-0.3639907319067739	-0.3334882177231995	True	True	3	3	0.7137931034482758	0.7304347826086957	0.611731843575419	0.5721868365180467	0.3498023715415019	0.3969465648854962	-0.3487394748149867
Rbbp6	-0.3101459339348697	-0.3852736367852647	True	True	6	7	0.3843422849340009	0.4246296296296296	0.1695818345323741	0.204034544985821	0.0741963509991311	0.0393559928443649	-0.3477097853600672
Pacsin2	-0.3712121212121212	-0.3214001986097318	True	False	3	3	0.4902597402597403	0.5289473684210526	0.1756965944272445	0.1878088962108731	0.119047619047619	0.2075471698113207	-0.3463061599109265
Dcaf1	-0.3722370766488414	-0.3186286190873346	True	True	4	5	0.807843137254902	0.7337662337662337	0.6886792452830188	0.6737588652482269	0.4356060606060605	0.4151376146788991	-0.345432847868088
Mtf1	-0.2951452610255293	-0.392799832123636	False	False	4	4	0.4270525694034259	0.5013269639065817	0.0674803591470258	0.0811881188118811	0.1319073083778966	0.1085271317829457	-0.3439725465745826
Mprip	-0.1991472868217054	-0.4744360902255639	True	True	3	3	0.5058139534883721	0.8428571428571429	0.4381818181818182	0.42875	0.3066666666666666	0.3684210526315789	-0.3367916885236347
Ift172	-0.3986491937435663	-0.2709301322847139	True	True	2	2	0.4431554524361949	0.2935064935064935	0.215962441314554	0.1468144044321329	0.0445062586926286	0.0225763612217795	-0.3347896630141401
Pias2	-0.2378444746815853	-0.4275466468187767	True	True	3	2	0.5566518141311266	0.6296743063932448	0.5431159420289855	0.6228119706380576	0.3188073394495412	0.202127659574468	-0.332695560750181
Erlin2	-0.2435761481360633	-0.4106904825379899	True	True	3	2	0.2870544090056285	0.4752066115702479	0.1603260869565217	0.1715817694369973	0.0434782608695652	0.064516129032258	-0.3271333153370266
Ascc2	-0.2787534435261707	-0.372143037242484	True	True	2	2	0.3829201101928374	0.4192634560906516	0.2093023255813953	0.2209005947323704	0.1041666666666666	0.0471204188481675	-0.3254482403843274
Kif27	-0.3705584401068921	-0.2723055283450128	True	True	5	6	0.8419023136246787	0.8768115942028986	0.5872667398463227	0.6931002759889605	0.4713438735177865	0.6045060658578857	-0.3214319842259525
Trappc6a	-0.2530393781062826	-0.3894639482044477	True	True	2	2	0.8169491525423729	0.8462540716612378	0.751188589540412	0.7932232841007819	0.5639097744360902	0.4567901234567901	-0.3212516631553651
Nkiras2	-0.4448699979235264	-0.1974413801355787	True	True	3	2	0.85148764498235	0.8894767783656673	0.7822494669509595	0.8049293657950105	0.4066176470588235	0.6920353982300885	-0.3211556890295526
Dcun1d4	-0.330217294018199	-0.3103143960286817	True	True	2	3	0.3361344537815126	0.3265306122448979	0.0338747099767981	0.0368995633187772	0.0059171597633136	0.0162162162162162	-0.3202658450234403
Clec4g	-0.2309391889595159	-0.4070242656449553	True	False	2	2	0.5186104218362283	0.5551724137931034	0.4956521739130435	0.5708418891170431	0.2876712328767123	0.1481481481481481	-0.3189817273022356
Impad1	-0.2204365079365079	-0.4082145816412755	True	True	3	4	0.2222222222222222	0.4105691056910568	0.0100286532951289	0.0049122807017543	0.0017857142857142	0.0023545240497813	-0.3143255447888917
Ap2a2	-0.2929292929292929	-0.334508952794357	False	True	2	2	0.3333333333333333	0.3608247422680412	0.027431421446384	0.0303163444639718	0.0404040404040404	0.0263157894736842	-0.3137191228618249
Tmbim6	-0.2458869623798886	-0.3807457928084264	True	True	3	2	0.9615732368896924	0.9441260744985672	0.8448979591836735	0.7957259585166562	0.7156862745098039	0.5633802816901409	-0.3133163775941575
Scamp4	-0.3490834386852086	-0.2768601732653226	True	True	2	3	0.4740834386852086	0.4217877094972067	0.176978417266187	0.1788432267884322	0.125	0.144927536231884	-0.3129718059752656
Gm20517	-0.2149270482603816	-0.3990406578346277	True	True	2	2	0.2272727272727272	0.4090909090909091	0.0188679245283018	0.074074074074074	0.0123456790123456	0.0100502512562814	-0.3069838530475046
Clk4	-0.2282571565211451	-0.38536866359447	True	True	2	2	0.959349593495935	0.9821428571428572	0.9169054441260746	0.9100671140939596	0.7310924369747899	0.5967741935483871	-0.3068129100578075
Fam53c	-0.2948263118994826	-0.3168273444347064	True	True	2	2	0.3	0.3214285714285714	0.1286173633440514	0.1426463354648303	0.0051736881005173	0.004601226993865	-0.3058268281670945
Polr1d	-0.2889938706122912	-0.322033026701474	True	True	2	2	0.8174974335576594	0.8259700345754898	0.7604635074368731	0.7637211072006088	0.5285035629453682	0.5039370078740157	-0.3055134486568826
Vmp1	-0.3237747980867247	-0.2794677857290444	True	True	2	2	0.4015525758645025	0.3313708999158957	0.2116689280868385	0.2145305003427005	0.0777777777777777	0.0519031141868512	-0.3016212919078845
Gabpb1	-0.5851974592653963	-0.0174022698612863	True	False	2	2	0.6274509803921569	0.9846153846153848	0.0985221674876847	0.9596774193548387	0.0422535211267605	0.9672131147540984	-0.3012998645633413
Zfp558	-0.3202835188129306	-0.2819418089816572	True	True	2	2	0.3423423423423423	0.3088235294117647	0.0912476722532588	0.0884861407249466	0.0220588235294117	0.0268817204301075	-0.3011126638972939
Eif4b	-0.3592954990215264	-0.2410995197880445	True	True	3	4	0.7831050228310502	0.8825136612021859	0.461439588688946	0.6439024390243903	0.4238095238095238	0.6414141414141413	-0.3001975094047855
Zfp933	-0.2078115682766844	-0.3876811594202898	False	False	2	2	0.8589743589743589	0.75	0.4484304932735426	0.3333333333333333	0.6511627906976745	0.3623188405797101	-0.2977463638484872
Rbl2	-0.4618931559185824	-0.1330394710478862	True	True	2	2	0.4680851063829787	0.1428571428571428	0.1377974543442169	0.1272114574557708	0.0061919504643962	0.0098176718092566	-0.2974663134832343
Csnk1g2	-0.4102944686267601	-0.1814200926462073	True	True	2	2	0.4323040380047506	0.1818181818181818	0.1083499005964214	0.0433646812957157	0.0220095693779904	0.0003980891719745	-0.2958572806364837
Efr3a	-0.3654810761513908	-0.2185233798195242	True	True	3	5	0.7674418604651163	0.7373913043478261	0.582089552238806	0.705281514698555	0.4019607843137255	0.5188679245283019	-0.2920022279854575
Sh2b3	-0.2784245818288998	-0.3055619796484736	True	True	2	2	0.5589123867069486	0.4930619796484736	0.5085324232081911	0.3518518518518518	0.2804878048780488	0.1875	-0.2919932807386867
Pknox1	-0.2729299363057325	-0.3035194152242073	True	True	3	3	0.8	0.8123689727463312	0.6453900709219859	0.612796833773087	0.5270700636942676	0.5088495575221239	-0.2882246757649699
Ppp2r5e	-0.2616136386422385	-0.3105046728971963	True	True	2	2	0.8715427166564229	0.8785046728971962	0.8110014104372355	0.8102084831056794	0.6099290780141844	0.568	-0.2860591557697174
Mlf1	-0.3155219619116066	-0.254711811006911	True	True	2	2	0.8949597628123677	0.929737753587333	0.8521281555984813	0.8939998599733949	0.579437800900761	0.675025942580422	-0.2851168864592588
Oxr1	-0.3805091998288404	-0.1882572227399813	False	False	3	5	0.902439024390244	0.9540229885057472	0.5021786492374728	0.6847103513770181	0.5219298245614035	0.7657657657657657	-0.2843832112844109
Pole3	-0.233230173238273	-0.3304192827012472	False	True	2	2	0.2515986227250369	0.343875968992248	0.0177887246852764	0.0287696733795904	0.0183684494867639	0.0134566862910008	-0.2818247279697601
Plb1	-0.3625730994152046	-0.1997378503730591	True	True	2	2	0.9736842105263158	0.9482758620689656	0.822429906542056	0.829004329004329	0.6111111111111112	0.7485380116959064	-0.2811554748941319
Gm44503	-0.190814153656328	-0.367551125925437	True	True	3	2	0.8143153526970954	0.6602972399150743	0.6888753056234719	0.4343090537780803	0.6235011990407674	0.2927461139896373	-0.2791826397908825
Mcl1	-0.2693293979497921	-0.2812720225510923	True	True	3	3	0.5456790123456791	0.571969696969697	0.4116719242902208	0.4141494435612082	0.2763496143958869	0.2906976744186046	-0.2753007102504422
Tmem30a	-0.1620995115489693	-0.386684649858754	True	True	2	3	0.2684824902723735	0.3979206049149338	0.138755980861244	0.196870925684485	0.1063829787234042	0.0112359550561797	-0.2743920807038617
Xk	-0.3745829858215179	-0.1718524920772112	False	False	2	2	0.9541284403669724	0.935897435897436	0.965174129353234	0.9487179487179488	0.5795454545454546	0.7640449438202247	-0.2732177389493646
Pcyt1a	-0.1856606162243925	-0.3568464730290456	True	True	3	2	0.6684587813620072	0.3568464730290456	0.5126315789473684	0.0298969072164948	0.4827981651376147	0.0	-0.2712535446267191
Eif3a	-0.2586861099519327	-0.2798003529015245	True	True	7	6	0.6796262808921036	0.5611729019211324	0.5560883464109271	0.4046931407942238	0.4209401709401709	0.2813725490196079	-0.2692432314267286
Csnk1g1	-0.4128370098039216	-0.1167898193760262	True	True	4	5	0.7265625	0.5632183908045977	0.5460992907801417	0.465547703180212	0.3137254901960784	0.4464285714285714	-0.2648134145899739
AU040320	0.010414422179128	-0.538469827586207	False	True	3	3	0.934640522875817	0.978125	0.972289156626506	0.8565022421524664	0.945054945054945	0.4396551724137931	-0.2640277027035395
Rab7	-0.3751708817498291	-0.148343634974651	False	False	2	2	0.3977272727272727	0.1735537190082644	0.4034334763948498	0.2570754716981132	0.0225563909774436	0.0252100840336134	-0.26175725836224
Hras	-0.3498939360690513	-0.1608697919382594	False	True	2	2	0.8208616780045351	0.9403973509933776	0.8625954198473282	0.8942115768463074	0.4709677419354838	0.7795275590551181	-0.2553818640036553
Ppp1r2	-0.0981839763845621	-0.4109582551652954	True	True	4	4	0.5675326353883935	0.4612550374208405	0.5428471493529206	0.1753379239989798	0.4693486590038314	0.0502967822555451	-0.2545711157749287
Fgfr1op2	-0.4191485560684179	-0.0800304488653199	True	True	2	2	0.5469440832249675	0.0841584158415841	0.4312465064281721	0.0537745604963805	0.1277955271565495	0.0041279669762641	-0.2495895024668689
Oxct1	-0.2572463768115942	-0.2402912621359223	True	True	2	2	0.2572463768115942	0.25	0.0124069478908188	0.0232700551132884	0.0	0.0097087378640776	-0.2487688194737582
Naa38	-0.2482718894009216	-0.2484656173019915	True	True	2	2	0.3185483870967742	0.3023255813953488	0.1556434219985621	0.1693514200932598	0.0702764976958525	0.0538599640933572	-0.2483687533514565
Ctdspl2	-0.0645645645645646	-0.4233511586452763	True	True	3	3	0.509009009009009	0.7272727272727273	0.4583333333333333	0.4841269841269841	0.4444444444444444	0.3039215686274509	-0.2439578616049204
Ppm1b	-0.2470685840707964	-0.2395444372374057	True	True	3	4	0.9408185840707964	0.9441707717569786	0.8762603116406966	0.869683257918552	0.69375	0.7046263345195729	-0.243306510654101
Efcab15	-0.2422256958013112	-0.2390687758171054	False	False	2	2	0.6074074074074074	0.6837606837606838	0.7976618705035972	0.824367816091954	0.3651817116060961	0.4446919079435783	-0.2406472358092083
Plcd4	-0.1518992000785199	-0.3260869565217391	True	True	2	2	0.298780487804878	0.6521739130434783	0.1904761904761904	0.412251655629139	0.1468812877263581	0.3260869565217391	-0.2389930783001295
Pdpk1	-0.1187616150273973	-0.3582089552238806	True	True	3	2	0.579136690647482	0.3582089552238806	0.4818840579710144	0.0328006728343145	0.4603750756200847	0.0	-0.2384852851256389
Fam131a	-0.2344405264608999	-0.2326425977355266	True	True	2	2	0.9478908188585607	0.967741935483871	0.8814814814814815	0.9105263157894736	0.7134502923976608	0.7350993377483444	-0.2335415620982133
Tm9sf2	-0.2692437717792687	-0.1959918478260869	True	True	4	3	0.8397565922920892	0.8913043478260869	0.7871853546910755	0.8717948717948718	0.5705128205128205	0.6953125	-0.2326178098026778
Mapkap1	-0.2219726936562656	-0.2383736403812886	True	True	4	4	0.5536265432098765	0.5723443223443224	0.3488869863013698	0.3590848313772099	0.3316538495536108	0.3339706819630337	-0.2301731670187771
Cab39	-0.207444141082075	-0.2511125113220178	True	True	2	2	0.2366412213740458	0.258575197889182	0.0571428571428571	0.0433705080545229	0.0291970802919708	0.0074626865671641	-0.2292783262020464
Pcmt1	-0.1725891840146782	-0.278473406077046	True	True	4	3	0.8862311801845556	0.8562886320881483	0.8415872519918762	0.7680342829934133	0.7136419961698773	0.5778152260111022	-0.2255312950458621
Cdv3	-0.1783638372484027	-0.2701895436579231	False	True	4	5	0.6790123456790124	0.3967391304347826	0.7448210922787194	0.3021122846025569	0.5006485084306096	0.1265495867768595	-0.2242766904531629
Spa17	-0.2595596663062238	-0.1883140470332006	True	True	3	3	0.849764923778316	0.9132572431957858	0.8187361419068736	0.8823748544819557	0.5902052574720922	0.7249431961625852	-0.2239368566697122
Ccdc28a	-0.2833655705996131	-0.1636264732547597	True	True	3	3	0.776595744680851	0.66	0.6510586319218241	0.6086956521739131	0.4932301740812379	0.4963735267452402	-0.2234960219271864
Otud3	-0.3093333333333333	-0.1324249560764083	True	True	2	2	0.3333333333333333	0.1369294605809128	0.1050847457627118	0.0216277746158224	0.024	0.0045045045045045	-0.2208791447048708
Gna13	-0.2091173835125448	-0.2278928385390909	True	True	4	4	0.2681451612903225	0.2935862691960252	0.1330343796711509	0.1156862745098039	0.0590277777777777	0.0656934306569343	-0.2185051110258178
Map7	-0.2289084366253497	-0.2040556128953918	True	True	4	4	0.8224043715846994	0.8047882136279926	0.6347305389221556	0.613896218117854	0.5934959349593496	0.6007326007326007	-0.2164820247603708
Nsun4	-0.2201857282502443	-0.2054545454545454	True	True	2	2	0.2580645161290322	0.26	0.1335740072202166	0.1691973969631236	0.0378787878787878	0.0545454545454545	-0.2128201368523949
Deup1	-0.2967630343464295	-0.1275172231054584	True	False	2	3	0.5774647887323944	0.4338235294117647	0.4593301435406698	0.4688057040998217	0.2807017543859649	0.3063063063063063	-0.2121401287259439
Iqce	-0.2755689920711882	-0.1460455952716015	True	True	4	6	0.871313672922252	0.6828877005347594	0.7300546448087432	0.5882109617373319	0.5957446808510638	0.5368421052631579	-0.2108072936713949
Dcaf12	-0.1944593787335722	-0.2260726643598616	True	True	4	5	0.6592741935483871	0.7110726643598616	0.5163170163170163	0.6255645889792232	0.4648148148148148	0.485	-0.2102660215467169
Slco3a1	-0.2706173965936739	-0.1495932022247812	True	True	3	4	0.5239507299270073	0.6998577524893315	0.3779310344827586	0.5591635916359164	0.2533333333333333	0.5502645502645502	-0.2101052994092276
Jazf1	-0.2297539678017198	-0.1837016284730966	True	True	2	2	0.2324159021406728	0.185595567867036	0.0246913580246913	0.034020618556701	0.0026619343389529	0.0018939393939393	-0.2067277981374082
Dnm1l	-0.1589176829268292	-0.2472647438449196	True	True	3	4	0.2682926829268293	0.4790528233151183	0.1710239651416122	0.3019778099372889	0.109375	0.2317880794701986	-0.2030912133858745
Msl1	-0.1503423984872545	-0.2542761217730593	True	True	4	3	0.7602078693392724	0.64943741209564	0.6502578527894982	0.5087894971072541	0.6098654708520179	0.3951612903225806	-0.2023092601301569
Oga	-0.2037656385482472	-0.195069558101473	False	True	2	2	0.2408026755852843	0.2163461538461538	0.0317220543806646	0.0234670704012112	0.037037037037037	0.0212765957446808	-0.1994175983248601
Stam2	-0.205482595945429	-0.181581352833638	True	True	2	2	0.2228739002932551	0.206581352833638	0.1030927835051546	0.0834532374100719	0.017391304347826	0.025	-0.1935319743895335
Prkag2	-0.1806925227044394	-0.1984532775117699	True	True	3	3	0.8924829157175399	0.8926978818283167	0.8145624103299857	0.8688556067588326	0.7117903930131004	0.6942446043165468	-0.1895729001081046
Rsph3a	-0.1185765199529486	-0.2603557504873294	True	True	3	3	0.1692094313453536	0.2939814814814814	0.0613879003558718	0.0734632683658171	0.050632911392405	0.033625730994152	-0.189466135220139
Calm3	-0.1657871946184367	-0.2094683393070489	True	True	2	2	0.2264808362369338	0.2296296296296296	0.0826771653543307	0.0944741532976827	0.0606936416184971	0.0201612903225806	-0.1876277669627428
Spata18	-0.2164685908319185	-0.1521651741804155	True	True	2	2	0.8421052631578947	0.898989898989899	0.70042194092827	0.8223684210526315	0.6256366723259762	0.7468247248094835	-0.184316882506167
Igsf11	-0.2359286646367985	-0.1312472357363998	True	True	3	3	0.7148760330578512	0.6165413533834586	0.50703125	0.5145962732919255	0.4789473684210526	0.4852941176470588	-0.1835879501865991
Fto	-0.2585117302052784	-0.1073302823402794	False	False	6	7	0.9443181818181816	0.9014869888475836	0.5960106382978724	0.6938661293933289	0.6858064516129033	0.7941567065073042	-0.1829210062727789
Dnajb2	-0.2243549566671557	-0.1406012961989132	True	False	3	2	0.7981023102310231	0.8498773142984608	0.7641843971631206	0.8587368001593944	0.5737473535638673	0.7092760180995475	-0.1824781264330345
Pold3	-0.2735849056603773	-0.0913457536488497	True	True	2	3	0.2735849056603773	0.4642585551330798	0.0715474209650582	0.3839499600745275	0.0	0.37291280148423	-0.1824653296546135
Rnf139	-0.1302397499781449	-0.2319918015839483	True	True	2	2	0.3094512195121951	0.407871198568873	0.2038946162657502	0.2348703170028818	0.1792114695340501	0.1758793969849246	-0.1811157757810466
Frat1	-0.2697987376443968	-0.0923229054297015	True	False	2	2	0.3148148148148148	0.1481481481481481	0.2638190954773869	0.2665639445300462	0.045016077170418	0.0558252427184466	-0.1810608215370491
Sec63	-0.1830273266737355	-0.1774755299345463	True	True	2	2	0.1885521885521885	0.1994535519125683	0.0335570469798657	0.0301369863013698	0.005524861878453	0.0219780219780219	-0.1802514283041409
Habp4	-0.2471824292212641	-0.1121957403651115	True	True	2	3	0.2524271844660194	0.5992647058823529	0.0264150943396226	0.4906749555950266	0.0052447552447552	0.4870689655172414	-0.1796890847931878
4930524B15Rik	-0.0889569549946908	-0.2684116718439681	False	True	2	2	0.8413379073756432	0.8163568773234201	0.6209523809523809	0.5845986984815619	0.7523809523809524	0.547945205479452	-0.1786843134193294
Vps36	-0.2184550743374273	-0.1359625970892088	True	True	3	2	0.5230769230769231	0.8876404494382022	0.320991847826087	0.8310700706137969	0.3046218487394957	0.7516778523489933	-0.1772088357133181
Golph3	-0.1957813152643059	-0.1567816091954022	True	True	3	4	0.2758620689655172	0.5199999999999999	0.1744680851063829	0.4382772217167121	0.0800807537012113	0.3632183908045976	-0.176281462229854
Srpk2	-0.2402792506185931	-0.1076713888186187	True	True	3	4	0.2463768115942029	0.4402985074626865	0.0386313465783664	0.3548034934497817	0.0060975609756097	0.3326271186440678	-0.1739753197186059
Sufu	-0.1703007518796992	-0.1730390447075238	True	False	3	3	0.6605263157894737	0.6680327868852459	0.4972972972972973	0.493782722513089	0.4902255639097744	0.4949937421777221	-0.1716698982936115
Slc39a8	-0.2243095620921215	-0.1187510688023714	False	True	3	3	0.8222477064220184	0.845166163141994	0.8432642487046632	0.8031914893617021	0.5979381443298969	0.7264150943396226	-0.1715303154472464
Trp53rkb	-0.1321995214684161	-0.2104301075268817	False	True	2	2	0.7126948775055679	0.7733333333333333	0.5706638115631691	0.5935228023793787	0.5804953560371517	0.5629032258064516	-0.1713148144976489
Mycbpap	-0.1677304964539007	-0.1745436105476673	True	True	2	2	0.9833333333333332	0.9676470588235294	0.950711938663746	0.9615579160343956	0.8156028368794326	0.7931034482758621	-0.171137053500784
Mtmr2	-0.1553147574819402	-0.1863955637707948	True	True	2	2	0.8921568627450981	0.9463955637707948	0.8675213675213675	0.7783251231527094	0.7368421052631579	0.76	-0.1708551606263675
Rnf4	-0.1430417700578991	-0.1935180165670184	True	True	2	2	0.1478494623655914	0.1945812807881773	0.0218223583460949	0.0118532756687489	0.0048076923076923	0.0010632642211589	-0.1682798933124587
Pmpca	-0.1613528591352859	-0.1746724890829694	True	True	3	3	0.1746861924686192	0.1746724890829694	0.0545529122231337	0.0458895171813832	0.0133333333333333	0.0	-0.1680126741091276
Samd4b	-0.1149582195747497	-0.2199151074151074	True	True	4	5	0.5267229254571026	0.5737612612612613	0.5	0.5093718338399189	0.4117647058823529	0.3538461538461538	-0.1674366634949285
Tnfaip2	-0.1619995049198588	-0.1726787551440328	False	False	3	3	0.2814685314685314	0.3106995884773662	0.0921361502347417	0.1192553810354857	0.1194690265486725	0.1380208333333333	-0.1673391300319459
Cbl	-0.1566308243727598	-0.1776700041718815	True	True	3	3	0.6888888888888889	0.6936274509803921	0.5943775100401606	0.5821428571428572	0.532258064516129	0.5159574468085106	-0.1671504142723207
Ap4m1	-0.1530052226254758	-0.1795856999665886	False	True	2	2	0.1783216783216783	0.1917808219178082	0.0248175182481751	0.0188356164383561	0.0253164556962025	0.0121951219512195	-0.1662954612960322
Gm45062	-0.1471672571214608	-0.1849630270610446	True	True	2	2	0.1502347417840375	0.1894273127753304	0.0184738955823293	0.0130612244897959	0.0030674846625766	0.0044642857142857	-0.1660651420912527
Gm28635	-0.1396220267188009	-0.1885114885114885	False	False	2	2	0.2525252525252525	0.2027972027972027	0.0179806362378976	0.0086206896551724	0.1129032258064516	0.0142857142857142	-0.1640667576151447
Usp2	-0.116455718089705	-0.2073648774773268	True	True	2	2	0.9967078189300412	0.9980625518959314	0.9898520084566595	0.9892283587935762	0.8802521008403361	0.7906976744186046	-0.1619102977835159
Pik3ip1	-0.1508409889110603	-0.1726233894652179	True	True	3	3	0.958701250919794	0.9639619721423832	0.8619725470259278	0.8924955330553901	0.8078602620087336	0.7913385826771654	-0.1617321891881391
Smim13	-0.1639688249400479	-0.1579751131221719	False	False	2	2	0.3723021582733813	0.3272058823529412	0.15527950310559	0.1598002496878901	0.2083333333333333	0.1692307692307692	-0.1609719690311099
Serf2	-0.1468211367567245	-0.1712706291303231	False	False	4	3	0.2506858710562414	0.2158250845758677	0.2806899036296496	0.2344200807847663	0.1038647342995169	0.0445544554455445	-0.1590458829435238
Ogfod2	-0.1245404080455626	-0.1895849337709803	True	True	2	2	0.2482517482517482	0.3247200689061154	0.2121212121212121	0.2108108108108108	0.1237113402061855	0.1351351351351351	-0.1570626709082714
Tank	-0.1271753681392235	-0.182845744680851	True	False	2	3	0.1827309236947791	0.214095744680851	0.1729106628242075	0.2246376811594203	0.0555555555555555	0.03125	-0.1550105564100373
Gm20498	0.0544243368192043	-0.3610367021627928	False	True	6	4	0.5360911270983214	0.9584149793163508	0.4603458556946929	0.6655200091732599	0.5905154639175257	0.5973782771535581	-0.1533061826717942
Srsf1	-0.0127877237851662	-0.2927846640830694	True	True	2	4	0.0127877237851662	0.6347760060744114	0.0086455331412103	0.4512372634643377	0.0	0.3419913419913419	-0.1527861939341178
Cep350	-0.3260125711310298	0.0205643406354272	True	False	2	3	0.3353293413173652	0.4712389380530973	0.1019736842105263	0.4804785894206549	0.0093167701863354	0.4918032786885246	-0.1527241152478013
Nras	-0.0991444114262267	-0.2021223138541574	True	True	4	4	0.1667772616677726	0.2486772486772486	0.0686894226717235	0.0525386313465783	0.0676328502415458	0.0465549348230912	-0.150633362640192
Ypel1	0.1219571805650601	-0.4231321839080459	False	True	2	3	0.349740932642487	0.9022988505747126	0.454225352112676	0.7316746923488496	0.4716981132075472	0.4791666666666667	-0.1505875016714929
Rcor3	-0.2140596229882396	-0.0771085155507265	True	True	3	3	0.3351776354105998	0.5703517587939698	0.2068741893644617	0.5282301845819761	0.1211180124223602	0.4932432432432432	-0.145584069269483
Gm20662	-0.1394259410258709	-0.1511121709191464	True	True	4	4	0.8001561280249804	0.8134974920200638	0.669329782512206	0.677829738019812	0.6607301869991095	0.6623853211009174	-0.1452690559725086
Gm973	-0.1414037100784089	-0.1415537248649127	False	False	2	2	0.9968253968253968	0.9906103286384976	0.7533333333333333	0.8099041533546326	0.8554216867469879	0.8490566037735849	-0.1414787174716608
Ankrd49	-0.129924287235301	-0.1521544086310926	True	True	2	2	0.5411392405063291	0.5872193436960277	0.4608610567514677	0.5292955892034233	0.411214953271028	0.435064935064935	-0.1410393479331968
Ghitm	-0.0730103201710029	-0.2088738035138219	True	True	4	2	0.7288280581693756	0.2236121970289288	0.6565409113179813	0.0202915681639085	0.6558177379983726	0.0147383935151068	-0.1409420618424124
Dcun1d3	-0.1286241733273826	-0.1529833397907787	True	True	2	3	0.1306122448979592	0.1535580524344569	0.0300751879699248	0.0198776758409785	0.0019880715705765	0.0005747126436781	-0.1408037565590807
4921524L21Rik	-0.0917568659923897	-0.1891067639180398	False	True	2	2	0.1492281303602058	0.2011549566891241	0.0518638573743922	0.0302782324058919	0.057471264367816	0.0120481927710843	-0.1404318149552147
Ywhae	-0.1679265959038967	-0.1114331476539398	True	False	5	4	0.707095533233597	0.7853461911322007	0.7021989094357516	0.787280701754386	0.5391689373297003	0.6739130434782609	-0.1396798717789182
Gid8	-0.1485622867257239	-0.1305314009661835	True	True	3	4	0.4919966301600674	0.6594202898550724	0.4910432033719705	0.6539351851851851	0.3434343434343434	0.5288888888888889	-0.1395468438459537
Gm42416	-0.2831113974799542	0.0068027210884353	True	False	4	2	0.9618055555555556	0.9931972789115646	0.8277153558052435	0.9164438502673796	0.6786941580756013	1.0	-0.1381543381957594
Eif4a2	-0.1846678355737385	-0.0901302459846764	True	True	3	3	0.989265536723164	0.9877136752136751	0.901913875598086	0.9314750290360048	0.8045977011494253	0.8975834292289988	-0.1373990407792075
Rnf167	-0.0314173675729547	-0.2432682682682682	False	False	2	2	0.5504047093451067	0.6506756756756756	0.4093023255813953	0.3271665043816942	0.5189873417721519	0.4074074074074074	-0.1373428179206115
Ell	-0.1415806407174187	-0.1322666899214225	False	True	3	3	0.966522092708051	0.9686176648517848	0.9753070624360286	0.9630374479889044	0.8249414519906323	0.8363509749303621	-0.1369236653194206
Dctn4	-0.067338770072446	-0.2055320648343904	True	False	4	3	0.2153884154625169	0.710077519379845	0.1590440873506386	0.497191011235955	0.1480496453900709	0.5045454545454545	-0.1364354174534182
Aco2	-0.229381443298969	-0.043051609066279	True	True	2	2	0.979381443298969	0.988997555012225	0.9670454545454544	0.9822590183323476	0.75	0.945945945945946	-0.136216526182624
Slc38a9	-0.2370354670057933	-0.0349722544844495	False	False	3	4	0.8560830860534124	0.8105820105820105	0.4217241379310344	0.5749832999331997	0.6190476190476191	0.775609756097561	-0.1360038607451214
AW554918	-0.1166137566137565	-0.1553846153846153	False	True	4	4	0.36	0.5487179487179487	0.0937746256895193	0.3971631205673758	0.2433862433862434	0.3933333333333333	-0.1359991859991859
Dgkh	-0.1492662473794549	-0.1218654434250764	False	False	2	2	0.9888888888888888	0.8833333333333333	0.75	0.7031700288184438	0.839622641509434	0.7614678899082569	-0.1355658454022656
Arih2	-0.1188711395101171	-0.1520223317693175	False	False	2	2	0.2055378061767838	0.2228187919463087	0.0474961280330407	0.0496983625395001	0.0866666666666666	0.0707964601769911	-0.1354467356397173
Vamp4	-0.170439717650018	-0.0999622746406163	True	False	2	2	0.19241773962804	0.1694067190850607	0.0550595238095238	0.0425702811244979	0.0219780219780219	0.0694444444444444	-0.1352009961453172
Sec14l1	-0.1704015115018667	-0.097027811009022	False	False	3	3	0.5692934782608695	0.5767085076708508	0.5712250712250713	0.5871147260273972	0.3988919667590028	0.4796806966618287	-0.1337146612554444
Ccdc136	-0.1470501597592964	-0.1200583854497113	True	True	4	4	0.8041053744832228	0.8624665775401069	0.7409746588693957	0.7915900131406045	0.6570552147239264	0.7424081920903955	-0.1335542726045039
Orc5	-0.1484305847901869	-0.1186502248703885	True	False	2	2	0.1578349735049205	0.1593006313744536	0.0225603357817418	0.0212703101920236	0.0094043887147335	0.040650406504065	-0.1335404048302877
1700013F07Rik	-0.1134020618556701	-0.1518987341772152	True	True	2	2	0.1134020618556701	0.1518987341772152	0.016	0.0100235849056603	0.0	0.0	-0.1326503980164426
Cep95	-0.1555451127819548	-0.1088524508335828	False	False	3	4	0.3660714285714285	0.4375561545372866	0.1934889434889435	0.2439716312056737	0.2105263157894736	0.3287037037037037	-0.1321987818077688
Tcte1	-0.1587116349632396	-0.1043762895789286	True	True	2	2	0.8660287081339713	0.8746465598491989	0.8658718330849479	0.8431372549019608	0.7073170731707317	0.7702702702702703	-0.1315439622710841
Armt1	-0.0869143539242016	-0.1760302908860167	False	False	4	4	0.670247687257535	0.7547339945897205	0.3871072238419177	0.3952149667206331	0.5833333333333334	0.5787037037037037	-0.1314723224051092
Use1	-0.1372131088087875	-0.1256070887480528	True	True	3	3	0.202697419859265	0.2021653543307086	0.1363636363636363	0.1425665101721439	0.0654843110504774	0.0765582655826558	-0.1314100987784202
Stk35	-0.1283896468188193	-0.1334841628959276	True	True	3	2	0.1290909090909091	0.1334841628959276	0.0249469214437367	0.0126141800782949	0.0007012622720897	0.0	-0.1309369048573734
Hbs1l	-0.1023173233993385	-0.1587819324065427	False	False	3	4	0.967448902346707	0.9573430834856794	0.7779569892473118	0.7548579970104634	0.8651315789473685	0.7985611510791367	-0.1305496279029406
Eif4e2	-0.2295223074958072	-0.0311678352322524	True	True	4	3	0.5907886017229953	0.522239263803681	0.4213649851632047	0.4941860465116279	0.361266294227188	0.4910714285714285	-0.1303450713640298
Cyb5d2	-0.2994981622844218	0.0402413091715976	True	False	5	5	0.6601851851851852	0.4792899408284023	0.543010752688172	0.4485981308411215	0.3606870229007634	0.51953125	-0.1296284265564121
Rab5c	-0.1177730419754657	-0.1400437636761488	True	True	2	2	0.1319910514541387	0.1400437636761488	0.0354330708661417	0.0364485981308411	0.0142180094786729	0.0	-0.1289084028258072
Sar1a	-0.0826832114994778	-0.1747536403101647	True	True	2	2	0.1095890410958904	0.1930184804928131	0.0341463414634146	0.0250208507089241	0.0269058295964125	0.0182648401826484	-0.1287184259048213
Parp11	-0.1211009174311926	-0.1362637362637362	True	True	2	2	0.1211009174311926	0.1362637362637362	0.0364583333333333	0.0168498168498168	0.0	0.0	-0.1286823268474644
Atxn3	0.0516166569694954	-0.3077710333145116	False	True	2	3	0.9295154185022028	0.4626623376623376	0.9256756756756755	0.3293357933579335	0.981132075471698	0.154891304347826	-0.128077188172508
Zfp787	-0.1209739263803681	-0.1303940119559939	True	True	2	2	0.2147239263803681	0.2451481103166496	0.1618257261410788	0.2069716775599128	0.09375	0.1147540983606557	-0.125683969168181
Pcf11	-0.0945599756156858	-0.150564522239903	True	True	3	3	0.4226142742582197	0.4276729559748428	0.3572621035058431	0.3384831460674157	0.3280542986425339	0.2771084337349397	-0.1225622489277944
Mthfd2	-0.1533077905491698	-0.090856159851793	True	False	2	2	0.9399744572158364	0.9272197962154294	0.9279538904899136	0.9335989375830012	0.7866666666666666	0.8363636363636363	-0.1220819752004814
Csl	-0.1034602076124567	-0.1391402474077543	False	True	2	2	0.1505190311418685	0.1540656205420827	0.0469552457813646	0.0430228208005985	0.0470588235294117	0.0149253731343283	-0.1213002275101055
Itpk1	-0.1100560398505603	-0.1307256235827664	False	False	3	3	0.8977272727272727	0.909297052154195	0.9011299435028248	0.910355486862442	0.7876712328767124	0.7785714285714286	-0.1203908317166633
Scamp2	-0.1183980342667895	-0.1188959660297239	True	True	2	2	0.1314984709480122	0.1188959660297239	0.0250114731528223	0.0196010206448619	0.0131004366812227	0.0	-0.1186470001482567
Ociad1	-0.0781170196785339	-0.1583631405602578	True	True	3	2	0.967402733964248	0.9663101604278076	0.8949530516431925	0.8775750441436139	0.8892857142857142	0.8079470198675497	-0.1182400801193958
Ppp2r1b	-0.1083101996955314	-0.1249335459861776	True	True	4	4	0.7365153279006597	0.7272727272727273	0.6985236985236984	0.6903553299492385	0.6282051282051282	0.6023391812865496	-0.1166218728408545
Rai14	-0.1256537120590647	-0.1070989926422067	True	False	5	5	0.7995923913043478	0.7956371986222732	0.6970419847328244	0.6784441805225653	0.6739386792452831	0.6885382059800664	-0.1163763523506357
Hs6st3	-0.1081199695273426	-0.1214736012608352	True	True	5	6	0.3656387665198238	0.512962962962963	0.345	0.4812006319115324	0.2575187969924812	0.3914893617021276	-0.1147967853940889
Tmem262	-0.0920011305822498	-0.1355363984674329	False	False	2	2	0.221311475409836	0.4027777777777778	0.0897435897435897	0.1585743801652892	0.1293103448275862	0.2672413793103448	-0.1137687645248414
Scamp1	-0.0793492695883134	-0.1479519619431189	True	True	2	2	0.0833333333333333	0.1572327044025157	0.0092896174863387	0.0105633802816901	0.0039840637450199	0.0092807424593967	-0.1136506157657162
Cx3cr1	-0.2030922228265091	-0.0227575699866692	False	False	3	2	0.7440758293838863	0.9719101123595506	0.5017381228273464	0.9817001180637543	0.5409836065573771	0.9491525423728814	-0.1129248964065892
Ttll8	-0.0708564648747468	-0.1539819508216282	True	True	3	3	0.9987677402906432	0.9995316890415236	0.9288781535158348	0.9035563592525618	0.9279112754158964	0.8455497382198953	-0.1124192078481875
Poc1b	-0.1612833711465119	-0.0625781738586617	False	True	2	2	0.9953445065176908	0.9984756097560976	0.9964497041420118	0.9977863862755948	0.834061135371179	0.935897435897436	-0.1119307725025868
Gm49380	-0.0580142075610353	-0.1654571843251088	False	True	2	2	0.4093655589123867	0.3962264150943396	0.2835443037974683	0.2923898531375167	0.3513513513513513	0.2307692307692307	-0.111735695943072
Ipo5	-0.1233945260290008	-0.092826848909447	True	True	2	2	0.9991460290350128	0.9977628635346756	0.9897540983606558	0.9888442659526996	0.875751503006012	0.9049360146252284	-0.1081106874692239
Ubl7	-0.1511103205141133	-0.0638827401640513	True	True	2	2	0.906709152062312	0.944215726636476	0.8554127533366288	0.9230041395623892	0.7555988315481986	0.8803329864724245	-0.1074965303390823
Agbl4	-0.1343966078183209	-0.0785019689785422	True	False	7	7	0.7685429492817356	0.7393715341959336	0.7533172496984318	0.7464635473340587	0.6341463414634146	0.6608695652173914	-0.1064492883984316
Plac8l1	-0.1822796232586994	-0.0291803278688524	True	False	2	2	0.6386554621848739	0.48	0.5163934426229508	0.5714520367936925	0.4563758389261745	0.4508196721311475	-0.1057299755637759
Keap1	-0.1018643007613939	-0.1081661006483483	True	True	3	3	0.9125151883353584	0.9182926829268292	0.8854625550660793	0.9090909090909092	0.8106508875739645	0.810126582278481	-0.1050152007048711
Sox5	-0.1111018270944741	-0.096788990825688	True	False	3	3	0.9947916666666666	0.95	0.9801651673794426	0.983734939759036	0.8836898395721925	0.8532110091743119	-0.103945408960081
Prpsap1	-0.1244113431613431	-0.0802090066795948	True	True	2	3	0.2054924242424242	0.5998168498168498	0.12	0.5388291517323776	0.081081081081081	0.5196078431372549	-0.102310174920469
Yap1	-0.0707964601769911	-0.1316996871741397	True	False	2	2	0.0707964601769911	0.145985401459854	0.0183727034120734	0.0136425648021828	0.0	0.0142857142857142	-0.1012480736755654
Purb	-0.1727670256700947	-0.0291718815185648	True	True	4	3	0.2796852646638054	0.1708385481852315	0.2145328719723183	0.1509009009009009	0.1069182389937106	0.1416666666666666	-0.1009694535943298
Mtfr1	-0.1039519017774138	-0.0971898026945227	True	True	4	4	0.6438865643886564	0.6573245875571457	0.6006683375104428	0.607719298245614	0.5399346626112426	0.560134784862623	-0.1005708522359682
Map2	-0.0408751668121983	-0.1583706753865407	False	True	3	2	0.2087912087912088	0.2753623188405797	0.2539159109645507	0.2327656123276561	0.1679160419790105	0.116991643454039	-0.0996229210993695
Cbx5	-0.0895889186773905	-0.105848992720501	False	True	7	5	0.4507000297885016	0.6096368715083799	0.3292011019283746	0.5128205128205128	0.3611111111111111	0.5037878787878788	-0.0977189556989457
Cep83	-0.0541424959095642	-0.1409774436090225	False	True	2	2	0.8072289156626506	0.8646616541353384	0.8079877112135176	0.7869090909090909	0.7530864197530864	0.7236842105263158	-0.0975599697592933
Kpna6	-0.0881351161517564	-0.1067612147371666	True	True	3	3	0.0997838616714697	0.1107692307692307	0.0162526120269329	0.0202502257190764	0.0116487455197132	0.0040080160320641	-0.0974481654444615
Rab42	-0.0782723383043243	-0.1163604549431321	False	True	2	2	0.1008287292817679	0.1163604549431321	0.0041724617524339	0.0016820857863751	0.0225563909774436	0.0	-0.0973163966237282
Plbd2	-0.1142384105960264	-0.0802476508998248	True	True	2	2	0.1142384105960264	0.0981047937569676	0.0675203725261932	0.066480055983205	0.0	0.0178571428571428	-0.0972430307479256
Enah	-0.0741622239146991	-0.1196236559139785	True	True	3	3	0.0865384615384615	0.125	0.0141562853907134	0.0178935117835321	0.0123762376237623	0.0053763440860215	-0.0968929399143388
Iqgap1	-0.0495801033591731	-0.1386035374990345	False	True	2	3	0.875968992248062	0.9049586776859504	0.9030303030303032	0.8223140495867769	0.8263888888888888	0.7663551401869159	-0.0940918204291038
Rassf1	-0.4891740176423416	0.3026122130708124	True	False	2	3	0.5581395348837209	0.0283737024221453	0.2484472049689441	0.2893481717011129	0.0689655172413793	0.3309859154929577	-0.0932809022857645
Marchf5	-0.0870726495726496	-0.0970402226157349	True	True	2	2	0.9375	0.9627118644067796	0.8691275167785235	0.93142144638404	0.8504273504273504	0.8656716417910447	-0.0920564360941922
Nubp1	-0.1057387057387057	-0.0768945644116029	True	False	2	2	0.1142857142857142	0.1051964512040557	0.0118343195266272	0.0143540669856459	0.0085470085470085	0.0283018867924528	-0.0913166350751543
Hdlbp	-0.0675778591567553	-0.1145973460368132	False	True	5	4	0.5167304015296367	0.659717051377513	0.4397637795275591	0.5729783037475344	0.4491525423728814	0.5451197053406998	-0.0910876025967842
Macrod2	-0.0651174117367121	-0.1167838024063179	True	True	7	6	0.264522173641474	0.2781873111782477	0.2353479853479853	0.201669449081803	0.1994047619047619	0.1614035087719298	-0.090950607071515
Clip4	-0.0872917405175469	-0.0915471583579937	True	False	3	3	0.3571428571428571	0.4031413612565445	0.2869479048697622	0.3001058341050403	0.2698511166253102	0.3115942028985507	-0.0894194494377703
Il4i1	-0.0338400562624746	-0.1445965522236708	False	False	2	2	0.9727713539723984	0.9599811676082862	0.9866785079928952	0.9765351972041936	0.9389312977099236	0.8153846153846154	-0.0892183042430727
Kif9	-0.088132863175308	-0.0878585394151645	True	True	3	3	0.6025641025641025	0.6007025761124122	0.5699115044247788	0.5766242937853108	0.5144312393887945	0.5128440366972477	-0.0879957012952362
Tax1bp1	-0.1396114710591065	-0.034971883765874	False	False	4	3	0.9564838990426456	0.9814550641940084	0.7841666666666667	0.8802846379238175	0.8168724279835392	0.9464831804281344	-0.0872916774124902
Exosc4	-0.0369257950530035	-0.1365147198480532	False	False	3	3	0.1369257950530035	0.2136752136752136	0.0521796565389696	0.0565969718817591	0.1	0.0771604938271604	-0.0867202574505283
Ipo13	-0.0914285714285714	-0.0819112627986348	True	True	2	2	0.0914285714285714	0.0819112627986348	0.0190839694656488	0.0220883534136546	0.0	0.0	-0.0866699171136031
Nup50	-0.0940435713985468	-0.0775602262535852	True	True	4	4	0.4237635352648521	0.7155900086132645	0.3482543821526873	0.6714664374238841	0.3297199638663053	0.6380297823596792	-0.085801898826066
Pheta2	-0.1357739599630921	-0.0342998791817689	False	False	4	4	0.9542263409154732	0.9819189268008164	0.647410358565737	0.6214116852414725	0.818452380952381	0.9476190476190476	-0.0850369195724305
Ier3ip1	-0.0194510268562401	-0.1504970247308499	False	False	2	2	0.0402843601895734	0.2292849035187287	0.0120300751879699	0.0424489795918367	0.0208333333333333	0.0787878787878787	-0.084974025793545
Dzip1	-0.092735773748432	-0.0766213389121338	True	True	4	5	0.4008438818565401	0.5141213389121339	0.3468660968660968	0.4958107442089699	0.308108108108108	0.4375	-0.0846785563302829
Dlgap4	-0.0993988836410476	-0.0691372467995244	False	False	2	2	0.7941176470588235	0.8287292817679558	0.6218905472636815	0.6894164193867458	0.6947187634177758	0.7595920349684313	-0.084268065220286
Camsap1	-0.0327927927927927	-0.1355998086353307	False	True	2	3	0.1927927927927928	0.2744886975242196	0.095049504950495	0.1880434782608695	0.16	0.1388888888888889	-0.0841963007140617
Flywch1	-0.1310567311161576	-0.037037037037037	False	False	2	2	0.4235095613048369	0.3333333333333333	0.28270412642669	0.1974944731024318	0.2924528301886792	0.2962962962962963	-0.0840468840765973
Ttll9	-0.0569744597249508	-0.1108433734939759	True	True	2	2	0.0569744597249508	0.1108433734939759	0.0036213140196585	0.0053741770791347	0.0	0.0	-0.0839089166094634
Rfx2	-0.0754238689795078	-0.0905525520021992	True	True	2	2	0.9671436142024378	0.9762668377164848	0.951764705882353	0.9508726567550096	0.89171974522293	0.8857142857142857	-0.0829882104908535
Ttc39c	-0.0421184320266888	-0.1223249319948965	False	False	3	4	0.9090909090909092	0.9419970631424376	0.9357798165137616	0.965288035450517	0.8669724770642202	0.819672131147541	-0.0822216820107927
N4bp2l2	0.0602789569436021	-0.2245651204281891	False	False	2	2	0.0103092783505154	0.5561440677966102	0.0249221183800623	0.7599486521181001	0.0705882352941176	0.331578947368421	-0.0821430817422934
Rnf141	-0.1293522923875432	-0.0344880677444187	True	False	2	3	0.1328125	0.5333333333333333	0.0181451612903225	0.4984939759036144	0.0034602076124567	0.4988452655889145	-0.081920180065981
Hgs	-0.0518593847737137	-0.111440323768694	False	False	3	2	0.7461871158661507	0.7456445993031359	0.5691600501462599	0.5714285714285714	0.694327731092437	0.6342042755344418	-0.0816498542712039
Ybx1	-0.0752413980688154	-0.0877492762065129	True	True	2	2	0.6915204678362573	0.5982938150796637	0.6367422489588154	0.5567230339845674	0.6162790697674418	0.5105445388731508	-0.0814953371376642
Timp2	-0.0894533602698695	-0.0726589316361556	True	True	3	3	0.1229757085020242	0.0957880434782608	0.0385620915032679	0.0402552027950782	0.0335223482321547	0.0231291118421052	-0.0810561459530125
Nelfe	-0.0981136515094253	-0.0611495246326706	False	False	3	4	0.4938608458390177	0.4514652014652014	0.3915254237288135	0.383166050360979	0.3957471943295924	0.3903156768325307	-0.0796315880710479
Lrrc36	-0.0551475453222177	-0.1037607517317874	True	True	2	2	0.9945414847161572	0.9910846953937592	0.9843317972350232	0.9903357070193286	0.9393939393939394	0.8873239436619719	-0.0794541485270026
Igf2bp3	-0.1128975750847854	-0.0429530201342281	True	False	3	4	0.617039586919105	0.7096196868008948	0.5357675111773472	0.6548109965635739	0.5041420118343195	0.6666666666666666	-0.0779252976095068
2210408I21Rik	-0.0606451612903226	-0.0942450465787109	True	True	4	4	0.4139784946236559	0.4977538185085354	0.3805874840357598	0.4180386542591267	0.3533333333333333	0.4035087719298245	-0.0774451039345167
Tmcc1	-0.107711039730142	-0.0464560188786735	False	False	4	3	0.1377952755905512	0.070323827936201	0.2088527551942186	0.1569512862616311	0.0300842358604091	0.0238678090575275	-0.0770835293044077
Zfand6	-0.0633697031210352	-0.0904489127893383	False	False	2	2	0.9257142857142856	0.9071428571428573	0.9450434782608697	0.9435517970401692	0.8623445825932504	0.8166939443535188	-0.0769093079551868
Cmss1	-0.1095003968603933	-0.0441524621212121	True	True	3	3	0.6138107416879796	0.4986979166666667	0.5113031914893617	0.487384861834201	0.5043103448275862	0.4545454545454545	-0.0768264294908027
Gm20431	-0.0837864005362329	-0.0694879832810867	False	False	2	2	0.8768898488120951	0.90282131661442	0.898989898989899	0.9296482412060302	0.7931034482758621	0.8333333333333334	-0.0766371919086598
Efcab8	-0.0778176412045854	-0.0754428111893806	False	True	2	2	0.1307977736549165	0.0998330550918197	0.0236903570236903	0.0261600152759213	0.0529801324503311	0.024390243902439	-0.076630226196983
Gnb1	-0.0821184546112912	-0.0707098343213254	True	False	2	2	0.1260744985673352	0.2118863049095607	0.0683760683760683	0.0625	0.0439560439560439	0.1411764705882353	-0.0764141444663083
Gm28051	-0.0524258076662628	-0.0999787640688044	True	True	4	3	0.6276946248705638	0.9411552346570398	0.6055297956379873	0.907465495608532	0.575268817204301	0.8411764705882353	-0.0762022858675336
Mfn2	-0.0500295159386068	-0.1017633674630261	True	True	3	3	0.4607438016528926	0.4684300341296928	0.4395424836601307	0.4237735849056603	0.4107142857142857	0.3666666666666666	-0.0758964417008165
H13	-0.1104789917725626	-0.0398358615775331	True	True	3	4	0.7050735863671572	0.7946251336081844	0.6568516421291053	0.7718233200753611	0.5945945945945946	0.7547892720306513	-0.0751574266750478
Spaca1	-0.0365037359900373	-0.1105590062111801	False	False	2	2	0.2556818181818182	0.3714285714285714	0.2004040404040404	0.2370654810024252	0.2191780821917808	0.2608695652173913	-0.0735313711006087
Dnajb13	-0.0755939524838013	-0.0708868978054798	True	True	2	2	0.0755939524838013	0.0728476821192053	0.0032992411745298	0.0033506449991623	0.0	0.0019607843137254	-0.0732404251446405
4933428G20Rik	-0.0355854262469048	-0.1101855546687948	False	True	2	2	0.5992217898832685	0.7262569832402235	0.7391304347826086	0.7152317880794702	0.5636363636363636	0.6160714285714286	-0.0728854904578498
Mrps7	-0.1939722939099997	0.0483278708424375	True	False	2	2	0.8018154311649016	0.7225054624908959	0.7529411764705882	0.8360655737704918	0.6078431372549019	0.7708333333333334	-0.0728222115337811
Kifap3	-0.2444915254237288	0.0990943921978403	True	False	3	4	0.6694915254237288	0.7243867243867245	0.4666334661354581	0.7231500339443313	0.425	0.8234811165845648	-0.0726985666129442
BC005537	-0.1012401679293538	-0.0401325478645065	True	True	3	3	0.921994884910486	0.9329896907216496	0.902948402948403	0.908751334044824	0.8207547169811321	0.8928571428571429	-0.0706863578969302
Hnrnpa2b1	-0.0664080021530456	-0.0733267362360561	False	False	4	3	0.7213375796178344	0.6161838790931989	0.7483333333333333	0.7248995983935743	0.6549295774647887	0.5428571428571428	-0.0698673691945508
Gmcl1	-0.11244062524843	-0.0265892758430071	True	False	3	2	0.9822322919150966	0.98955223880597	0.9642857142857144	0.9258698940998488	0.8697916666666666	0.9629629629629628	-0.0695149505457186
Metap2	-0.0196868008948545	-0.1181574791016603	True	True	2	3	0.0196868008948545	0.5103143418467584	0.004507405022537	0.482258064516129	0.0	0.392156862745098	-0.0689221399982574
Zc3h15	-0.0808298298468678	-0.0555743367384434	True	True	2	2	0.3698206555349412	0.5464834276475343	0.3410672853828306	0.502848265147592	0.2889908256880734	0.4909090909090909	-0.0682020832926556
4930404N11Rik	-0.0851783137497423	-0.0509225516897464	True	True	2	2	0.0888888888888888	0.0534351145038167	0.0388548057259713	0.040088638195004	0.0037105751391465	0.0025125628140703	-0.0680504327197443
Zfr	-0.0723381708456067	-0.0632820182428537	True	True	5	5	0.5320155902004454	0.5567885117493473	0.5016077170418006	0.5565836298932384	0.4596774193548387	0.4935064935064935	-0.0678100945442302
Aatf	0.0356193514088251	-0.1708037825059101	False	False	2	2	0.5959595959595959	0.6388888888888888	0.8143712574850299	0.7902813299232737	0.631578947368421	0.4680851063829787	-0.0675922155485425
Mapk1	-0.0132007500986972	-0.1204819277108433	False	True	3	2	0.3051470588235294	0.1204819277108433	0.2416267942583732	0.0400943396226415	0.2919463087248322	0.0	-0.0668413389047702
Nsun2	-0.104279480947711	-0.0290915578857514	True	False	2	3	0.976619906479626	0.965397290369828	0.9407169117647058	0.9795636910732196	0.8723404255319149	0.9363057324840764	-0.0666855194167312
Dcaf10	-0.0418250950570342	-0.091254752851711	False	True	2	2	0.0418250950570342	0.091254752851711	0.0	0.0064102564102564	0.0	0.0	-0.0665399239543726
Mlec	-0.0814462006157334	-0.0515360135091251	True	True	3	3	0.1699417758369723	0.5346820809248555	0.1592709984152139	0.5162364696086594	0.0884955752212389	0.4831460674157303	-0.0664911070624292
Kcnj9	-0.092959407793053	-0.0391414141414141	True	False	3	3	0.9482225656877898	0.9696969696969696	0.8821490467937608	0.9212916246215944	0.8552631578947368	0.9305555555555556	-0.0660504109672335
Camta1	-0.1101952231274189	-0.0213122605363984	False	False	9	10	0.6474089635854342	0.5872844827586207	0.3568329718004338	0.3404482390608324	0.5372137404580153	0.5659722222222222	-0.0657537418319086
Eif3l	-0.0644253498930621	-0.0660911073133361	False	True	2	2	0.7540805223068553	0.9393305439330544	0.7849686847599165	0.9025191675794084	0.6896551724137931	0.8732394366197183	-0.0652582286031991
Samd8	-0.0701772004612683	-0.0593513789581205	True	False	2	2	0.0745440126883425	0.0643513789581205	0.0068792995622263	0.004140127388535	0.0043668122270742	0.005	-0.0647642897096944
Rnf19a	-0.061677122519629	-0.0674531086597172	True	False	4	4	0.7313833028641072	0.7803596127247578	0.6815265113137453	0.7071741032370954	0.6697061803444782	0.7129065040650406	-0.0645651155896731
Rnf138	-0.0896702845653066	-0.038969395524859	True	True	3	3	0.5177664974619289	0.482798833819242	0.4291152533473352	0.4460622494694647	0.4280962128966223	0.4438294382943829	-0.0643198400450828
4930503B20Rik	-0.0755825407912883	-0.053030303030303	True	False	2	2	0.0765765765765765	0.053030303030303	0.0549727234578262	0.0717201166180758	0.0009940357852882	0.0	-0.0643064219107956
Mtch2	-0.0667417377053452	-0.0609933698423508	True	True	2	2	0.0800861914167714	0.0836311651179413	0.0220478325859491	0.023300295600765	0.0133444537114261	0.0226377952755905	-0.063867553773848
Pdzk1	-0.0756764655320612	-0.0513452494929433	True	False	3	3	0.4514285714285714	0.5567375886524822	0.4204885918414381	0.6023277612872988	0.3757521058965102	0.5053923391595389	-0.0635108575125023
Eif4g3	-0.019218129715803	-0.1074332171893147	False	True	3	4	0.986960065199674	0.89198606271777	0.9318706697459584	0.8109537299338999	0.967741935483871	0.7845528455284553	-0.0633256734525589
Zfp830	-0.0686339911671145	-0.0568484396634359	True	True	2	2	0.0725099601593625	0.0873362445414847	0.0260821309655937	0.0324561403508771	0.003875968992248	0.0304878048780487	-0.0627412154152752
Ammecr1l	-0.0345285250591406	-0.0908589440504334	False	True	2	4	0.0687751004016064	0.4464144996059889	0.0299785867237687	0.3892985441482321	0.0342465753424657	0.3555555555555555	-0.062693734554787
Ranbp9	-0.1068236977595712	-0.017574558734023	True	True	3	3	0.4849749582637729	0.4960691823899371	0.46875	0.492619926199262	0.3781512605042016	0.478494623655914	-0.0621991282467971
Ptma	-0.1029653866732518	-0.0213354648303001	True	False	3	3	0.7097069597069597	0.758177570093458	0.6453900709219859	0.6837782340862423	0.6067415730337079	0.7368421052631579	-0.0621504257517759
Ttll13	-0.0836738383145073	-0.040370474510706	False	False	4	4	0.6299568119356105	0.603750756200847	0.6368011847463902	0.6234710157773444	0.5462829736211031	0.5633802816901409	-0.0620221564126067
Cnppd1	-0.0530503388275942	-0.0704946653734238	False	False	3	3	0.7819660014781966	0.7904946653734238	0.8796477495107632	0.8740494296577946	0.7289156626506024	0.72	-0.061772502100509
Iqcd	-0.0125185459940653	-0.1109943121628449	False	True	2	2	0.7937685459940653	0.8278084714548803	0.7445848375451264	0.7363590005099439	0.78125	0.7168141592920354	-0.0617564290784551
Mul1	-0.0418016238434835	-0.0814574025279719	False	True	2	2	0.0913884007029877	0.0874097834803528	0.0203868269733403	0.0164566726664952	0.0495867768595041	0.0059523809523809	-0.0616295131857277
Ttc23	-0.0643399295201951	-0.0585107645564813	True	True	2	2	0.9857685009487666	0.985663082437276	0.9552572706935124	0.945273631840796	0.9214285714285714	0.9271523178807948	-0.0614253470383382
Ubtd2	-0.0344281186977816	-0.0848214285714286	False	False	3	3	0.5512820512820513	0.5848214285714286	0.4910071942446043	0.4923518164435946	0.5168539325842697	0.5	-0.0596247736346051
Erich2	-0.0550810654313839	-0.0621524332492982	True	True	3	4	0.964171974522293	0.9814957594448728	0.9625256673511292	0.9651866801210898	0.9090909090909092	0.9193433261955746	-0.058616749340341
Tsc22d4	-0.0439426076107298	-0.073052733430092	False	False	3	2	0.9085714285714286	0.8679245283018868	0.970832791996882	0.9412258606213266	0.8646288209606987	0.7948717948717948	-0.0584976705204109
Pde1a	-0.0581070287539936	-0.0580920341223116	False	False	2	2	0.6875	0.7758620689655172	0.5399449035812672	0.6576433121019108	0.6293929712460063	0.7177700348432056	-0.0580995314381526
Gfer	-0.0469402191069695	-0.0684837862580707	True	True	2	2	0.0946930280957336	0.1066782307025151	0.0605892162312395	0.0578568983224923	0.047752808988764	0.0381944444444444	-0.0577120026825201
Glt1d1	-0.0492448653646781	-0.0655862789656144	True	False	2	2	0.054862842892768	0.077562326869806	0.0056657223796034	0.0072254335260115	0.0056179775280898	0.0119760479041916	-0.0574155721651463
Phf7	-0.1141763721315659	-0.0006182549710793	True	False	2	2	0.6485300570425625	0.9924851680949242	0.5564282446240659	0.9882053817359984	0.5343536849109966	0.9918669131238448	-0.0573973135513226
Atp5pb	-0.0515243902439024	-0.0628532406882922	False	True	2	2	0.9890243902439024	0.994477172312224	0.9201773835920176	0.9680243623905596	0.9375	0.9316239316239316	-0.0571888154660973
Ube2j1	-0.0140154287101083	-0.1000593824698826	True	True	3	2	0.514308426073132	0.1015567086730911	0.5091836734693878	0.0136712749615975	0.5002929973630237	0.0014973262032085	-0.0570374055899954
Nadk2	-0.0920646192082371	-0.02148033126294	False	True	2	3	0.1302325581395348	0.5178571428571429	0.0363086232980332	0.4965581977471839	0.0381679389312977	0.4963768115942029	-0.0567724752355885
Glul	-0.0713945309367517	-0.0408565127374201	True	True	2	2	0.0716981132075471	0.0416666666666666	0.017208413001912	0.0319419237749546	0.0003035822707953	0.0008101539292465	-0.0561255218370859
Hsp90ab1	-0.0373280148646311	-0.0747574441996906	False	True	5	4	0.6246567819879187	0.7133867276887872	0.5607638888888888	0.7075208913649025	0.5873287671232876	0.6386292834890965	-0.0560427295321608
Zpr1	-0.0365124521283217	-0.0754156769596199	True	True	2	2	0.0382131324004305	0.0754156769596199	0.0028818443804034	0.0053859964093357	0.0017006802721088	0.0	-0.0559640645439708
Arpp19	-0.074753376113399	-0.0357174807657899	False	True	2	2	0.0849056603773584	0.0411522633744856	0.0077821011673151	0.0166028097062579	0.0101522842639593	0.0054347826086956	-0.0552354284395945
Ahi1	-0.0583769267855292	-0.0520369287959906	True	True	4	4	0.0890282677816978	0.1107433964576821	0.0581305523368095	0.0725694444444444	0.0306513409961685	0.0587064676616915	-0.0552069277907599
Nubp2	-0.0292704542173054	-0.079769390640025	True	True	2	2	0.9986582093193462	0.998688309558944	0.99457111834962	0.992505353319058	0.9693877551020408	0.918918918918919	-0.0545199224286652
Ncbp2	-0.0781062595221887	-0.0305997552019583	True	True	2	2	0.9542124542124544	0.9674418604651164	0.9362139917695472	0.9375	0.8761061946902655	0.936842105263158	-0.0543530073620735
Homez	-0.1042199488491048	-0.002710908696595	True	False	2	2	0.3297101449275362	0.3647798742138364	0.2496307237813884	0.3234624145785877	0.2254901960784313	0.3620689655172414	-0.0534654287728499
Gpatch2	-0.0766820441523423	-0.0287631027253669	True	False	5	7	0.5803052325581395	0.6798742138364781	0.507847533632287	0.6381095524382097	0.5036231884057971	0.6511111111111111	-0.0527225734388546
Fem1c	-0.0447453850806605	-0.0596636202642177	True	True	3	3	0.0609004739336492	0.0659661412726211	0.0527809307604994	0.0325235109717868	0.0161550888529886	0.0063025210084033	-0.0522045026724391
Dhx32	-0.0721568381221826	-0.030638812261724	False	False	2	3	0.0987791342952275	0.5501193317422435	0.1175830157866086	0.5832097850259451	0.0266222961730449	0.5194805194805194	-0.0513978251919533
Cdkn2c	-0.0689618240670221	-0.0319770617149098	False	False	2	2	0.9699519230769232	0.9819770617149098	0.8792079207920792	0.9270959902794652	0.900990099009901	0.95	-0.050469442890966
Sin3b	-0.0398650860407973	-0.0610384796819192	False	False	2	2	0.0647098065376917	0.083765752409192	0.003680981595092	0.0121951219512195	0.0248447204968944	0.0227272727272727	-0.0504517828613583
Csnk1a1	-0.0416737593682766	-0.0590160234709998	True	False	7	6	0.3047172376291462	0.3399684044233808	0.2747600349040139	0.2659029649595687	0.2630434782608695	0.2809523809523809	-0.0503448914196382
Dcp1b	-0.0405138339920948	-0.0600804083660839	False	False	2	2	0.6818181818181818	0.7622080679405521	0.7368421052631579	0.8009888751545118	0.6413043478260869	0.7021276595744681	-0.0502971211790894
Mosmo	-0.0379746835443038	-0.0621572212065813	True	True	2	2	0.0379746835443038	0.0621572212065813	0.0069605568445475	0.0102489019033674	0.0	0.0	-0.0500659523754425
Wdr53	0.0197633465933564	-0.1191578947368421	False	False	2	2	0.947449768160742	0.959157894736842	0.9646569646569648	0.9711465451784358	0.9672131147540984	0.84	-0.0496972740717428
Prkar1b	-0.044866689422384	-0.0542941176470588	False	False	2	2	0.1016042780748663	0.1102941176470588	0.2674897119341564	0.2222222222222222	0.0567375886524822	0.056	-0.0495804035347214
Iqcn	-0.1393965150871229	0.0414032869785082	True	False	2	2	0.7692307692307693	0.5714285714285714	0.6389684813753582	0.6558441558441559	0.6298342541436464	0.6128318584070797	-0.0489966140543073
Dusp15	-0.0047751626035281	-0.0928357267875642	False	True	2	3	0.9954728370221329	0.5996595481275147	0.9966394623139704	0.5187941473259334	0.9906976744186048	0.5068238213399504	-0.0488054446955462
Stk16	-0.0992264346178299	0.0022803283672849	True	False	2	3	0.8900427611484423	0.4347826086956521	0.8699690402476781	0.4256651017214397	0.7908163265306123	0.4370629370629371	-0.0484730531252725
Rabl2	-0.0840768225909558	-0.0128256313005289	False	False	2	2	0.9348230912476724	0.8604651162790697	0.941315945465323	0.9420035149384886	0.8507462686567164	0.8476394849785408	-0.0484512269457423
Gabarapl1	-0.09056117480883	-0.0056860494983821	True	False	2	2	0.920951650038373	0.9954337899543378	0.8761973180076629	0.9892332314855232	0.8303904752295429	0.9897477404559556	-0.0481236121536061
Tex26	-0.1524242424242424	0.0563840155945418	False	False	2	3	0.4090909090909091	0.275	0.4494304452882292	0.4211961301671064	0.2566666666666666	0.3313840155945419	-0.0480201134148502
Get4	-0.0453194650817236	-0.0504124656278643	True	True	2	2	0.0453194650817236	0.0504124656278643	0.013029315960912	0.0035026269702276	0.0	0.0	-0.0478659653547939
Fgfr2	-0.0909118111908817	-0.0031985943966384	False	False	15	16	0.5503120807326606	0.6017316017316018	0.733951717989164	0.6512504606960458	0.4594002695417788	0.5985330073349633	-0.0470552027937601
Cap2	-0.0560976029459845	-0.037978346089229	True	True	3	3	0.5459965928449745	0.5318181818181819	0.5033955857385399	0.5007692307692307	0.4898989898989899	0.4938398357289528	-0.0470379745176068
Atxn10	-0.0293209876543208	-0.0647363380259112	True	True	2	4	0.9543209876543208	0.6497036582873492	0.9398907103825136	0.6311590802440169	0.925	0.5849673202614379	-0.047028662840116
Spsb3	-0.034799370006365	-0.0590066642151181	False	False	3	3	0.1375830959164292	0.1619022174726155	0.1733038348082596	0.167797157622739	0.1027837259100642	0.1028955532574974	-0.0469030171107415
Nabp1	-0.0833333333333333	-0.0103728813559321	True	False	3	3	0.5833333333333334	0.5423728813559322	0.5385548011639185	0.542942494398805	0.5	0.532	-0.0468531073446327
Pcbp3	-0.0341429283160423	-0.0583244833437092	True	True	3	3	0.9525826446280992	0.963086388105614	0.9339320076972418	0.9480431848852902	0.9184397163120568	0.9047619047619048	-0.0462337058298757
Sgcb	-0.016328849924444	-0.0759235343824237	False	True	4	4	0.4756784434203789	0.3993558776167471	0.3835287045386233	0.3716627015596087	0.4593495934959349	0.3234323432343234	-0.0461261921534338
Hnrnpu	-0.0469778653708453	-0.045137890262998	False	True	5	4	0.6214728148657949	0.6189083820662767	0.5688356164383561	0.5953074433656957	0.5744949494949495	0.5737704918032787	-0.0460578778169217
Peli2	-0.0563943161634103	-0.0356225296442687	True	True	2	2	0.0563943161634103	0.0443181818181818	0.0154043645699614	0.0131950989632422	0.0	0.008695652173913	-0.0460084229038395
Lrrc28	-0.0648779575239014	-0.0270914449643368	True	True	2	3	0.067475360121304	0.5261806981519507	0.0239940937615356	0.4994556934465491	0.0025974025974025	0.4990892531876138	-0.0459847012441191
Asb1	-0.0572149488883522	-0.0330445375041162	False	False	4	4	0.3549783549783549	0.3420560747663551	0.2811194653299916	0.30125284738041	0.2977634060900027	0.3090115372622388	-0.0451297431962342
Otud7b	-0.0565740251091916	-0.0329566854990583	True	False	3	4	0.0675029868578255	0.3662900188323917	0.0357142857142857	0.3672199170124481	0.0109289617486338	0.3333333333333333	-0.044765355304125
Ubxn8	-0.0451461038961038	-0.0419047258693102	True	True	2	2	0.0669642857142857	0.0560747663551401	0.0431547619047619	0.0360294117647058	0.0218181818181818	0.0141700404858299	-0.043525414882707
Cux1	-0.0861313992020017	-0.0006906474820144	False	False	4	6	0.7492138364779873	0.864	0.4615112994350282	0.82874251497006	0.6630824372759856	0.8633093525179856	-0.043411023342008
Gm28372	-0.0498669124324072	-0.0367800692041522	False	False	2	2	0.7237163814180929	0.6678200692041523	0.7317763623496107	0.6721132897603486	0.6738494689856857	0.63104	-0.0433234908182797
Fam32a	-0.0418839482130621	-0.0443411565106743	False	True	2	2	0.6270691333982473	0.6920684292379471	0.499496475327291	0.6613372093023255	0.5851851851851851	0.6477272727272727	-0.0431125523618682
Ccdc150	-0.0692734169827837	-0.0167464114832536	False	False	2	2	0.912751677852349	0.8522727272727273	0.9324577861163228	0.9401381427475056	0.8434782608695652	0.8355263157894737	-0.0430099142330187
Zfp13	-0.0416666666666666	-0.0435096153846153	True	True	3	3	0.5333333333333333	0.528125	0.5223642172523961	0.5200225606316977	0.4916666666666666	0.4846153846153846	-0.042588141025641
Tdrd7	-0.0416469586604862	-0.0410569937583136	True	True	2	3	0.973465140478668	0.9807121661721068	0.9678714859437751	0.968110953634339	0.9318181818181818	0.9396551724137931	-0.0413519762093999
Srprb	-0.0433702791461412	-0.0383867832847424	True	True	2	2	0.0458333333333333	0.0400874635568513	0.0114192495921696	0.0086473131562693	0.0024630541871921	0.0017006802721088	-0.0408785312154418
Dcaf5	-0.04989136937561	-0.0312013694366635	False	False	2	2	0.0773638968481375	0.0648148148148148	0.0019230769230769	0.0040485829959514	0.0274725274725274	0.0336134453781512	-0.0405463694061368
Sh3gl3	-0.033605750966774	-0.0473805085874051	True	True	2	2	0.9958699019101704	0.9956563706563708	0.9865771812080536	0.989841986455982	0.9622641509433962	0.9482758620689656	-0.0404931297770896
Clpx	-0.0003013863773357	-0.0804311377245509	False	False	2	2	0.9918625678119348	0.9844311377245508	0.9922619047619048	0.9854771784232366	0.9915611814345991	0.904	-0.0403662620509433
Lyrm7	-0.0527522935779816	-0.0278662772689057	False	False	3	4	0.3211009174311927	0.3155006858710562	0.3498039215686274	0.3290217068093964	0.268348623853211	0.2876344086021505	-0.0403092854234437
Eloc	-0.0492054040088973	-0.0307607160578647	True	True	4	3	0.486795591599085	0.4842818428184282	0.4572722127900396	0.4715644820295983	0.4375901875901876	0.4535211267605634	-0.039983060033381
Mkrn1	-0.0545549362931836	-0.0251765851598065	True	True	4	4	0.7375778046863383	0.719086841570063	0.7134565154300087	0.7133973281269773	0.6830228683931546	0.6939102564102564	-0.0398657607264951
Med9	-0.0341982171180167	-0.0419705426914905	False	True	3	3	0.050362010221465	0.050541971262919	0.0126676602086438	0.0103537532355478	0.0161637931034482	0.0085714285714285	-0.0380843799047536
Dbf4	-0.0647811235287565	-0.0104510894387577	True	False	2	2	0.6191289496157131	0.9402756508422664	0.5791666666666667	0.9571183533447684	0.5543478260869565	0.9298245614035088	-0.0376161064837571
Abhd5	-0.0702907369844489	-0.0047788729875466	True	True	2	2	0.0733333333333333	0.9935530085959884	0.0309119010819165	0.9928074802205706	0.0030425963488843	0.988774135608442	-0.0375348049859978
Lypd9	-0.02357559994111	-0.0511756569847856	True	True	2	2	0.0268276324614352	0.0511756569847856	0.010689990281827	0.0067920585161964	0.0032520325203252	0.0	-0.0373756284629478
Npm1	-0.0483997778871515	-0.0256647211413748	True	True	3	2	0.9527713625866052	0.9631647211413747	0.9418360196215836	0.9621368322399252	0.9043715846994536	0.9375	-0.0370322495142632
Lrrcc1	-0.0532365396249244	-0.0207310795182081	True	False	4	5	0.7543859649122807	0.7063746438746439	0.7428288822947576	0.6637931034482759	0.7011494252873562	0.6856435643564357	-0.0369838095715663
Trip12	-0.0368838294764221	-0.0370675830469645	True	False	4	4	0.378875171467764	0.3837342497136311	0.3576214405360133	0.3450221684804514	0.3419913419913419	0.3466666666666666	-0.0369757062616933
Morn1	-0.0481449525452977	-0.025498986017718	False	False	2	4	0.9639344262295082	0.962536023054755	0.8986175115207373	0.8716577540106952	0.9157894736842104	0.937037037037037	-0.0368219692815078
Ccnyl1	-0.0369256760154058	-0.0342260622252865	True	True	2	2	0.9972144846796658	0.9847560975609756	0.9683908045977012	0.9843260188087776	0.96028880866426	0.950530035335689	-0.0355758691203462
Fbxo36	-0.0678166346603769	-0.0028540972383183	True	False	2	2	0.8059508408796895	0.98623359862336	0.744552786806308	0.993543822410896	0.7381342062193126	0.9833795013850416	-0.0353353659493476
Lrrc8b	-0.0666666666666666	-0.0032894736842105	False	False	3	3	0.5666666666666667	0.5032894736842105	0.4914463452566096	0.4944608567208272	0.5	0.5	-0.0349780701754385
Msto1	-0.0295404399441544	-0.0402197874510578	False	False	4	3	0.0626193203512791	0.065472312703583	0.073170731707317	0.0195643404598628	0.0330788804071246	0.0252525252525252	-0.0348801136976061
Actr10	-0.0252235637044101	-0.0436198064090214	False	True	2	2	0.7584450402144772	0.808720477549961	0.7292166703032947	0.7678024691358025	0.7332214765100671	0.7651006711409396	-0.0344216850567157
Nmnat1	-0.0255402750491159	-0.0424354728486569	False	True	3	3	0.5255402750491159	0.5375335120643432	0.5	0.4976162097735399	0.5	0.4950980392156863	-0.0339878739488864
Gpd2	-0.0182926829268292	-0.0495867768595041	True	True	2	2	0.0182926829268292	0.0495867768595041	0.0109326193663543	0.0052692591421646	0.0	0.0	-0.0339397298931667
Iqch	-0.0202059603682321	-0.0472427116262732	True	False	2	2	0.9817444219066938	0.9703196347031964	0.9659400544959128	0.9727891156462584	0.9615384615384616	0.9230769230769232	-0.0337243359972527
Ppp2r2b	-0.0628456510809452	-0.0039861416384159	False	False	2	3	0.7777777777777778	0.8529411764705882	0.5683962264150944	0.7187134502923976	0.7149321266968326	0.8489550348321723	-0.0334158963596805
Gosr1	-0.0270330302080066	-0.039787798408488	False	True	3	2	0.0409219190968955	0.039787798408488	0.0123456790123456	0.0075187969924812	0.0138888888888888	0.0	-0.0334104143082473
Supt20	-0.0162584630450954	-0.0504004325827215	True	True	2	3	0.9979434447300772	0.9856522311438726	0.9974318451205058	0.982217691697814	0.9816849816849816	0.935251798561151	-0.0333294478139085
Slc30a3	-0.0364438839848675	-0.0297429903697481	True	False	2	2	0.9672131147540984	0.9457735247208932	0.9411764705882352	0.9501661129568106	0.9307692307692308	0.916030534351145	-0.0330934371773078
Pcnx4	-0.0226851851851851	-0.0434782608695652	False	True	2	2	0.0393518518518518	0.0434782608695652	0.0100125156445556	0.0058517555266579	0.0166666666666666	0.0	-0.0330817230273752
Dtymk	0.0056891025641025	-0.0718329628410824	False	False	2	2	0.7359775641025641	0.7275706677591152	0.8614107883817428	0.8481270358306189	0.7416666666666667	0.6557377049180327	-0.0330719301384899
Pdap1	-0.04541605467462	-0.0201882261707164	True	True	3	5	0.9135667396061268	0.8348735408560312	0.9042553191489362	0.825031525851198	0.8681506849315068	0.8146853146853147	-0.0328021404226682
Set	-0.0432668164398044	-0.0206381733021077	False	False	3	3	0.3382978723404255	0.4017857142857143	0.3452115812917594	0.4039460020768432	0.2950310559006211	0.3811475409836065	-0.031952494870956
Rdx	-0.0267201745499882	-0.0367772108843537	True	True	6	5	0.3242811501597444	0.1770833333333333	0.3107769423558898	0.1640625	0.2975609756097561	0.1403061224489795	-0.031748692717171
Tes	-0.0703610456395972	0.0085362912949119	True	False	3	2	0.5480769230769231	0.953846153846154	0.4861538461538461	0.9418367346938776	0.4777158774373259	0.962382445141066	-0.0309123771723426
Rtn3	-0.0471814058341028	-0.0143563295788442	False	False	2	2	0.1081570155902004	0.1002938295788442	0.0437076111529766	0.0388127853881278	0.0609756097560975	0.0859375	-0.0307688677064735
Trappc5	-0.0396600566572237	-0.0210134128166915	False	False	2	2	0.0396600566572237	0.0573770491803278	0.0	0.0011160714285714	0.0	0.0363636363636363	-0.0303367347369576
Lrrc57	-0.0256410256410256	-0.0349344978165938	True	True	2	2	0.0256410256410256	0.0349344978165938	0.017725258493353	0.0079744816586921	0.0	0.0	-0.0302877617288097
Agbl5	-0.0053163211057947	-0.0539532214090974	False	False	4	3	0.3299916457811194	0.4202898550724637	0.3387799564270152	0.4755671902268761	0.3246753246753247	0.3663366336633663	-0.029634771257446
Ndufb7	-0.0448722275897276	-0.0141975308641976	True	False	3	2	0.8370337477797514	0.9555555555555556	0.8340425531914893	0.9306759098786828	0.7921615201900237	0.941358024691358	-0.0295348792269626
Necap2	-0.0600300687285223	0.0010128047457136	True	False	2	2	0.8229166666666666	0.8685524126455907	0.8088888888888889	0.8476394849785408	0.7628865979381443	0.8695652173913043	-0.0295086319914043
Srpk1	-0.0144969337210764	-0.0425866750444491	False	False	4	3	0.3743492331504151	0.2964057114721812	0.3038322062138586	0.2210103329506314	0.3598522994293386	0.253819036427732	-0.0285418043827627
Vps29	-0.0168828892005609	-0.0401324189047194	True	True	2	2	0.879382889200561	0.9356548069644208	0.8711048158640227	0.9226100151745068	0.8625	0.8955223880597015	-0.0285076540526401
Rpl14	-0.0421878792782587	-0.0147331070657204	False	False	2	2	0.1598349381017881	0.093304535637149	0.313572542901716	0.213536701620591	0.1176470588235294	0.0785714285714285	-0.0284604931719896
Nudcd3	-0.043541604463518	-0.0126822523881347	True	False	2	2	0.0714745653573728	0.0698717948717948	0.0580333154218162	0.0504038772213247	0.0279329608938547	0.0571895424836601	-0.0281119284258264
Ctnnbl1	-0.0118630107869706	-0.0443007078350012	False	False	2	2	0.9874727668845316	0.9854771784232366	0.9894117647058824	0.9892802450229708	0.975609756097561	0.9411764705882352	-0.0280818593109859
Ube2i	-0.0331000843309534	-0.0221485063604745	False	False	2	2	0.104813231741312	0.1016187050359712	0.0203243687127899	0.0275821596244131	0.0717131474103585	0.0794701986754966	-0.0276242953457139
Spata16	-0.0047837257458394	-0.050260629437509	False	True	3	3	0.9827249022164276	0.9842228935884524	0.9711147274206672	0.9613083366573594	0.9779411764705882	0.9339622641509434	-0.0275221775916742
Gm28434	-0.0550157311462846	0.0009956602240875	True	False	2	2	0.0839694656488549	0.1170568561872909	0.0332409972299169	0.1272898074213245	0.0289537345025703	0.1180525164113785	-0.0270100354610985
Tulp4	0.1148859026575291	-0.1685068720630321	False	True	2	4	0.4856230031948881	0.3845381526104417	0.5355029585798816	0.2371623627189076	0.6005089058524173	0.2160312805474095	-0.0268104847027514
Serf1	-0.0129803794287605	-0.0403340554949466	True	False	2	4	0.9896419725287098	0.3950637852246763	0.9892685896948016	0.4107175328217624	0.9766615930999492	0.3547297297297297	-0.0266572174618535
Park7	-0.0126257353952724	-0.0397260614651918	False	False	3	3	0.8283120099050764	0.925969447708578	0.6385231825987407	0.7874155133569359	0.8156862745098039	0.8862433862433863	-0.0261758984302321
Pdxdc1	-0.0313211834581882	-0.019808616250365	True	False	2	3	0.9683074848280512	0.967828418230563	0.964354527938343	0.9692849949647532	0.936986301369863	0.948019801980198	-0.0255648998542766
Arpc1a	-0.0308181479809619	-0.0195978248969015	True	False	3	2	0.9934031819945672	0.9912959381044488	0.988872936109117	0.994659300184162	0.9625850340136054	0.9716981132075472	-0.0252079864389317
Ubac2	0.0055029097798299	-0.0544089569109044	False	True	3	3	0.9865289627301302	0.9875299760191848	0.9779350541215652	0.9800945999211668	0.9920318725099602	0.9331210191082804	-0.0244530235655372
Crat	-0.0278160464797225	-0.0209357559911597	True	False	4	4	0.6593475780112541	0.650314287064606	0.6526954000263608	0.6552191595119747	0.6315315315315315	0.6293785310734463	-0.0243759012354411
Nub1	-0.0009325268864059	-0.0473194143406909	False	False	2	2	0.9766606822262118	0.9781704781704782	0.9743589743589745	0.9844086021505376	0.9757281553398058	0.9308510638297872	-0.0241259706135484
Dusp3	-0.0367201426024955	-0.0113032581453634	False	False	2	3	0.9818181818181818	0.49	0.942528735632184	0.4945848375451263	0.9450980392156862	0.4786967418546365	-0.0240117003739294
Hsp90aa1	-0.025731789017285	-0.0222616586788308	False	False	3	5	0.6664481632862909	0.4360437099608821	0.6142690801312586	0.3871060483620314	0.6407163742690059	0.4137820512820512	-0.0239967238480579
Mrpl1	0.0053897960719392	-0.0531866709802653	False	True	2	2	0.9224452554744526	0.9622775800711744	0.899002493765586	0.957252641690682	0.9278350515463918	0.9090909090909092	-0.023898437454163
Dnaja4	-0.0293030701200647	-0.0172086720867208	True	True	4	3	0.6831091180866965	0.5060975609756098	0.6637779452398895	0.5019336126329359	0.6538060479666318	0.4888888888888889	-0.0232558711033928
Ccdc13	-0.0153402331041597	-0.0305862887885917	True	True	2	2	0.9883132060771328	0.9940009229349333	0.9854280510018216	0.9845896147403684	0.972972972972973	0.9634146341463414	-0.0229632609463757
Neurl4	-0.0339444333132973	-0.011492432938817	False	False	2	2	0.9863253856942495	0.9850374064837906	0.9107438016528926	0.9199306759098786	0.9523809523809524	0.9735449735449736	-0.0227184331260572
Morn3	-0.0574113920407251	0.0123999318685061	True	False	4	4	0.5144356955380577	0.4105263157894737	0.4738269595877406	0.3811026936026935	0.4570243034973325	0.4229262476579798	-0.0225057300861094
Arhgap5	0.0217129625639567	-0.0666767332499245	False	True	2	3	0.1047238190452386	0.1243690409422322	0.0806164789567279	0.0880978065444084	0.1264367816091954	0.0576923076923076	-0.0224818853429838
Knstrn	-0.0355563478690919	-0.0084480682225043	True	False	3	3	0.1088082901554404	0.0986394557823129	0.0937007874015748	0.1238155401137081	0.0732519422863485	0.0901913875598086	-0.0220022080457981
Napa	-0.0209884901828029	-0.0226342572196576	True	True	2	2	0.0209884901828029	0.0246422893481717	0.0077554744525547	0.0061304561059342	0.0	0.002008032128514	-0.0218113737012303
Rpl6	0.0156467177633929	-0.0577362602317423	False	False	2	2	0.5011185682326622	0.5271739130434783	0.4669169404035664	0.5348629320619785	0.5167652859960552	0.4694376528117359	-0.0210447712341746
Gatad1	0.0054343666283964	-0.0475208235109224	False	True	4	3	0.7278989667049368	0.5772827282728272	0.7197149643705463	0.5611782477341389	0.7333333333333333	0.5297619047619048	-0.0210432284412629
Smarce1	-0.0081015743626628	-0.033811475409836	False	True	2	2	0.0184108527131782	0.033811475409836	0.0097276264591439	0.006	0.0103092783505154	0.0	-0.0209565248862494
Hsbp1	-0.0210915540362562	-0.0193039411002043	False	True	2	2	0.8535053471397046	0.9254284390921724	0.8098260604211168	0.9149336198296372	0.8324137931034483	0.906124497991968	-0.0201977475682303
Gpat4	-0.0241991824600519	-0.016081243431024	True	True	3	3	0.5097547380156076	0.5038192234245703	0.4943026435733819	0.4968167348794907	0.4855555555555556	0.4877379799935463	-0.020140212945538
Tmx4	0.011056511056511	-0.0511945392491467	False	True	3	2	0.4889434889434889	0.0511945392491467	0.4954773869346733	0.0063924402445803	0.5	0.0	-0.0200690140963178
Tmbim7	-0.0120051672964826	-0.0278500853066352	True	True	6	6	0.770900872817955	0.7739370418283744	0.7681703356189101	0.7694692343823392	0.7588957055214725	0.7460869565217392	-0.0199276263015589
Lin7a	-0.017684887459807	-0.0220813008212519	True	False	2	2	0.017684887459807	0.0233617105523658	0.0035366931918656	0.0008683068017366	0.0	0.0012804097311139	-0.0198830941405294
Inpp1	-0.0048386399965438	-0.0348837209302325	False	True	2	2	0.0253164556962025	0.0348837209302325	0.0267379679144385	0.033452807646356	0.0204778156996587	0.0	-0.0198611804633881
Stk33	-0.019720029470582	-0.0192775789131143	True	True	2	2	0.9930533628039154	0.9964204360559714	0.9889196675900276	0.9842195540308748	0.9733333333333334	0.9771428571428572	-0.0194988041918481
Tex36	-0.0255573475002371	-0.0125455564900476	False	True	2	2	0.9783132530120482	0.9942528735632185	0.993719593100398	0.9933370071639698	0.952755905511811	0.9817073170731708	-0.0190514519951424
Cdkn3	0.0182875250924791	-0.0563293264564062	False	False	4	5	0.3684438664932813	0.2386601535240753	0.3748660235798499	0.1704199119539451	0.3867313915857605	0.1823308270676691	-0.0190209006819635
Prkcd	-0.0158281514980215	-0.0221908526256352	True	True	2	2	1.0	0.9818181818181818	0.9848484848484848	0.9807692307692308	0.9841718485019784	0.9596273291925466	-0.0190095020618283
Ankrd60	-0.0179969814475478	-0.0198508740451917	True	True	4	4	0.6488638396850956	0.6532807457870204	0.6435809677202872	0.6490284334174992	0.6308668582375478	0.6334298717418287	-0.0189239277463697
Dynll2	-0.0349784228338751	-0.0027121323736413	True	True	2	3	0.038751345532831	0.4909443725743855	0.0097350376703631	0.4908311370132521	0.0037729226989558	0.4882322402007441	-0.0188452776037582
Thegl	-0.0265038509282691	-0.0106798245614035	False	False	3	3	0.4905561385099685	0.4906798245614035	0.4284833538840937	0.4474169741697417	0.4640522875816993	0.48	-0.0185918377448363
Rab11fip5	-0.0297493367982242	-0.0063334598218318	False	False	2	2	0.8027989821882952	0.838501291989664	0.8195266272189349	0.8170878459687124	0.7730496453900709	0.8321678321678322	-0.018041398310028
Sh3glb1	-0.0208953089244851	-0.0150291610587707	False	True	3	4	0.0241847826086956	0.348362494392104	0.0030755711775043	0.3345198368557656	0.0032894736842105	0.3333333333333333	-0.0179622349916279
Rab3ip	-0.0230762187821334	-0.0125208125208124	True	True	3	2	0.4980314960629921	0.972960372960373	0.4877968337730871	0.9713295526149968	0.4749552772808587	0.9604395604395604	-0.0177985156514729
1700003F12Rik	-0.032288296269088	-0.0032220269478617	False	False	2	3	0.0386343216531895	0.5	0.0990059642147117	0.5429437767142805	0.0063460253841015	0.4967779730521383	-0.0177551616084748
Agfg1	-0.0137019379604978	-0.0213017751479289	True	True	2	2	0.0201535508637236	0.0213017751479289	0.0103397341211226	0.0196610169491525	0.0064516129032258	0.0	-0.0175018565542134
Dph3	-0.0154621848739495	-0.0193562846776129	True	False	2	2	0.0154621848739495	0.0235013623978201	0.011409013120365	0.0036923076923076	0.0	0.0041450777202072	-0.0174092347757812
Pafah1b2	-0.0179052889780859	-0.0168165521050595	True	False	2	3	0.0195473251028806	0.5177702955480733	0.0032590983161325	0.4994150526452619	0.0016420361247947	0.5009537434430138	-0.0173609205415727
Knop1	0.0100432446898021	-0.0435160946662975	False	False	4	4	0.1913790309512234	0.0984776403425309	0.1955596417747812	0.0546101996693374	0.2014222756410256	0.0549615456762333	-0.0167364249882477
Rps8	0.0184832782393759	-0.051482030720785	False	True	3	2	0.5306620209059233	0.9826989619377162	0.5505505505505506	0.960193003618818	0.5491452991452992	0.9312169312169312	-0.0164993762407045
Caprin1	-0.0269141943506839	-0.00578231292517	True	False	2	3	0.9884526558891455	0.5057823129251701	0.9694117647058824	0.4997192588433464	0.9615384615384616	0.5	-0.016348253637927
Ran	-0.0095742611839308	-0.0225615313699759	True	True	3	2	0.510818484433131	0.0322545846817691	0.5036311035012103	0.011937359628342	0.5012442232492001	0.0096930533117932	-0.0160678962769534
1700074P13Rik	-0.0186362003523323	-0.0132679849332529	True	False	2	2	0.9606607867842644	0.963363495917016	0.9591482467307024	0.969613034623218	0.942024586431932	0.9500955109837632	-0.0159520926427926
Vit	-0.008312984928591	-0.0227474828605031	False	False	2	2	0.0445667613636363	0.0509164969450101	0.0517676767676767	0.0603378921962992	0.0362537764350453	0.028169014084507	-0.015530233894547
Cebpg	0.0024528356333754	-0.0334221160911094	False	False	2	2	0.0191298981795742	0.0459221160911094	0.010752688172043	0.0091213134691395	0.0215827338129496	0.0125	-0.015484640228867
Spaca9	-0.0322341057635175	0.0013554765810096	False	False	2	2	0.8611111111111112	0.9919354838709676	0.7753846153846153	0.9883050847457628	0.8288770053475936	0.9932909604519774	-0.0154393145912539
Paip2	-0.0253550951044415	-0.0054692710904438	True	True	4	2	0.9270907791279486	0.9917883211678832	0.9150761687970584	0.9912040210189628	0.901735684023507	0.9863190500774394	-0.0154121830974426
Rpn2	-0.0078455558583497	-0.0228587962962962	False	True	2	2	0.9724473257698542	0.9837962962962964	0.9754797441364604	0.9814710836608648	0.9646017699115044	0.9609375	-0.015352176077323
Zpbp	-0.0240825597627629	-0.0064264345599369	False	False	2	3	0.0532087733549959	0.5529380624669137	0.0172413793103448	0.5059171597633136	0.029126213592233	0.5465116279069767	-0.0152544971613499
Cops2	-0.0157116451016635	-0.0142348754448398	True	True	2	2	0.0157116451016635	0.0142348754448398	0.0009132420091324	0.0067537145429986	0.0	0.0	-0.0149732602732517
Trim27	-0.0342352267601235	0.0046265697290152	True	False	2	2	0.9527134876296888	0.9953734302709848	0.9488487522404522	0.999009448338921	0.9184782608695652	1.0	-0.0148043285155541
Dcun1d1	0.0070947118624071	-0.0366473203964534	False	True	2	2	0.9914691943127962	0.0381050463439752	0.983621474067334	0.0064036356124767	0.9985639061752034	0.0014577259475218	-0.0147763042670231
Abcf1	0.0072166205887136	-0.036707912732009	False	True	3	3	0.8459302325581395	0.8529729729729729	0.8115631691648822	0.8323293172690763	0.8531468531468531	0.8162650602409639	-0.0147456460716476
Mepce	-0.0401459854014598	0.010761275651091	True	False	2	2	0.0401459854014598	0.0435865504358655	0.0224719101123595	0.0276243093922651	0.0	0.0543478260869565	-0.0146923548751844
Gtf2f1	-0.0262102889584561	-0.0027329066341562	False	False	3	3	0.9350887936313532	0.8203799654576857	0.8847969782813976	0.7744122965641953	0.9088785046728972	0.8176470588235294	-0.0144715977963061
4930578I06Rik	-0.0188679245283018	-0.0093976300197498	False	True	3	2	0.5188679245283019	0.010204081632653	0.4997535326979954	0.0017850432168357	0.5	0.0008064516129032	-0.0141327772740258
Mxd4	0.0066300420202416	-0.0345692608908468	False	True	2	2	0.0384150030248033	0.0484581497797356	0.0273668639053254	0.0155124653739612	0.045045045045045	0.0138888888888888	-0.0139696094353025
Tent5c	-0.0130209259453454	-0.0145698000896415	True	False	3	3	0.0309711286089238	0.0346396081175647	0.023264540337711	0.0401049475262368	0.0179502026635784	0.0200698080279232	-0.0137953630174934
Washc3	-0.066066066066066	0.0385620915032679	False	False	2	2	0.9444444444444444	0.961437908496732	0.9457881567973312	0.9578021978021978	0.8783783783783784	1.0	-0.013751987281399
Wbp11	-0.0159417546873597	-0.0113018229932372	True	True	3	3	0.9565547815072832	0.984986033519553	0.94626458178208	0.980948348856901	0.9406130268199234	0.9736842105263158	-0.0136217888402984
Kif3b	0.0236459984310711	-0.0505357885975863	False	False	5	5	0.4417795334838224	0.4440543071161049	0.3916613007083065	0.3744186046511628	0.4654255319148936	0.3935185185185185	-0.0134448950832575
Psma6	-0.027439057014913	0.0007323317105926	False	False	2	3	0.9317851959361392	0.991891891891892	0.8994272237196765	0.990195223984661	0.9043461389212264	0.9926242236024844	-0.0133533626521601
Serinc3	-0.0127659574468085	-0.0137142857142857	False	False	2	2	0.0127659574468085	0.0137142857142857	0.0349761526232114	0.0270479134466769	0.0	0.0	-0.0132401215805471
Cfap300	-0.0105973025048169	-0.0158394931362196	False	True	2	2	0.0105973025048169	0.0158394931362196	0.0	0.0052137643378519	0.0	0.0	-0.0132183978205182
Hspa4l	0.00252851237909	-0.0287380799458184	False	True	7	7	0.4792672719077974	0.3550777453838677	0.4821455476872081	0.3309607156748346	0.4817957842868874	0.3263396654380493	-0.0131047837833641
Serp1	-0.0086823897837665	-0.0174566818386044	True	False	3	3	0.4418130888719124	0.4786217303822938	0.4360494450050454	0.4529042386185243	0.4331306990881459	0.4611650485436893	-0.0130695358111854
Hspa9	0.0066174599134639	-0.0325000402427442	False	False	2	2	0.993382540086536	0.9919594997022037	0.991553261379634	0.9946492271105828	1.0	0.9594594594594594	-0.0129412901646401
Acp1	-0.0205846210160274	-0.0047212201759382	True	False	2	2	0.0240933929458519	0.0192139737991266	0.0036789297658862	0.0027581451473883	0.0035087719298245	0.0144927536231884	-0.0126529205959828
Txndc9	-0.0127660404310763	-0.0119651093757136	False	False	4	4	0.9542865082673336	0.6415947390053433	0.9296162450524867	0.6250547525186159	0.9415204678362572	0.6296296296296297	-0.0123655749033949
Dpysl3	-0.0001346499102333	-0.0245253164556962	False	True	2	2	0.975	1.0	0.9824657534246576	0.98316737790422	0.9748653500897666	0.9754746835443038	-0.0123299831829647
Lrrc41	-0.0360703449129976	0.0115278660733205	False	False	2	2	0.9408322496749024	0.937190082644628	0.9591254752851712	0.9584295612009238	0.9047619047619048	0.9487179487179488	-0.0122712394198385
Dynll1	-0.0157054733595175	-0.0086350552029778	True	True	3	3	0.4586774129616172	0.4790946640815982	0.4538968397196458	0.4768880476229665	0.4429719396020997	0.4704596088786204	-0.0121702642812477
Clpb	-0.0260610446303552	0.0017884582990995	True	False	3	2	0.5248538011695907	0.9947643979057592	0.5016049022468632	0.9973997536608732	0.4987927565392354	0.9965528562048588	-0.0121362931656278
Sumf1	-0.0214122161024815	-0.0027608253414705	False	False	2	2	0.0353982300884955	0.0135135135135135	0.1115702479338843	0.1914285714285714	0.0139860139860139	0.010752688172043	-0.012086520721976
Tekt4	1.5831201398142092e-05	-0.0238095238095237	False	False	2	2	0.9763355201499532	0.9861751152073732	0.9839051777916408	0.9915557985541584	0.9763513513513512	0.9623655913978496	-0.0118968463040627
Pigf	-0.0149225054438324	-0.0087799542607139	False	True	2	2	0.9864864864864864	0.995505617977528	0.9886006289308176	0.9945085891298224	0.971563981042654	0.986725663716814	-0.0118512298522732
Abhd8	-0.0049515661470929	-0.0184063283812464	False	True	2	2	0.9655324790101636	0.971830985915493	0.9699491447064262	0.9620617477760336	0.9605809128630706	0.9534246575342464	-0.0116789472641696
Prkrip1	-0.0181184872965695	-0.0046290750406434	True	False	2	2	0.9604261796042618	0.9738598442714128	0.9576719576719576	0.9479768786127168	0.9423076923076924	0.9692307692307692	-0.0113737811686064
Katnal1	-0.0058418039490594	-0.0168765873632923	False	False	4	4	0.6354714335786891	0.3807909604519774	0.6579789666209419	0.3514195583596214	0.6296296296296297	0.363914373088685	-0.0113591956561759
Yipf3	-0.0263067210399217	0.0037696221906748	False	False	2	2	0.7662531017369727	0.7682083997873471	0.8449287510477788	0.8822975517890772	0.739946380697051	0.771978021978022	-0.0112685494246234
Gtf2f2	-0.0065972030799198	-0.0158509911141491	False	False	2	2	0.9447415329768272	0.9481818181818182	0.9297297297297298	0.9148700939745716	0.9381443298969072	0.9323308270676692	-0.0112240970970344
Crisp2	-0.0130267256130859	-0.0093735382340289	True	True	2	2	0.9940183943019156	0.9948941384709646	0.993664370000792	0.9940098919215974	0.9809916686888296	0.9855206002369356	-0.0112001319235574
Brap	0.0071883944834764	-0.0294009891921597	False	False	3	2	0.9749544626593808	0.9905660377358492	0.9855023600809172	0.9927659574468084	0.9821428571428572	0.9611650485436892	-0.0111062973543416
Aven	-0.0080757449178501	-0.0138962427715658	True	False	2	2	0.9629629629629628	0.986404833836858	0.9586056644880174	0.9714346621189512	0.9548872180451128	0.972508591065292	-0.0109859938447079
Bsg	-0.0123901091728302	-0.0091464228354118	True	True	2	2	0.9861296049711497	0.9913460413986668	0.9832349018860737	0.988407258064516	0.9737394957983192	0.9821996185632548	-0.010768266004121
Cadm1	-0.0067544459644322	-0.0142857142857142	False	False	2	2	0.0183823529411764	1.0	0.0060790273556231	0.9834926151172894	0.0116279069767441	0.9857142857142858	-0.0105200801250732
Lnpk	-0.015527950310559	-0.0054918398633831	False	False	2	2	0.9285714285714286	0.9792746113989638	0.9547325102880658	0.9794303797468354	0.9130434782608696	0.9737827715355806	-0.0105098950869711
Puf60	-0.0123442792556582	-0.0084315433338666	True	True	2	2	0.9853172522286312	0.9886295631358468	0.9823182711198428	0.9847448711204628	0.972972972972973	0.9801980198019802	-0.0103879112947624
Cul1	-0.0083594566353187	-0.0124107142857142	False	False	4	3	0.9393939393939394	0.923125	0.9304857621440537	0.9020083102493076	0.9310344827586208	0.9107142857142856	-0.0103850854605165
Ccdc96	-0.0105830375628512	-0.0098576478631849	False	True	2	2	0.0209997042295178	0.0156547493124603	0.0072889248835796	0.0068360487638145	0.0104166666666666	0.0057971014492753	-0.0102203427130181
Rab3il1	-0.0405456942673771	0.0201667756126	False	False	2	2	0.0617283950617283	0.02803738317757	0.062085308056872	0.0683008091385054	0.0211827007943512	0.0482041587901701	-0.0101894593273885
Dnajb1	-0.0089707012224731	-0.0112506921373201	True	True	2	3	0.9394095434260212	0.9886316445182723	0.9311492875216408	0.9844106735159818	0.930438842203548	0.9773809523809524	-0.0101106966798966
Stard6	-0.0103473798143945	-0.0096378948744575	True	True	2	2	0.010585305105853	0.0101954120645709	0.0029060381013884	0.0017552257858624	0.0002379252914584	0.0005575171901133	-0.009992637344426
Tmed10	-0.0015012789107962	-0.0183349851337958	False	True	2	2	0.0063321967851924	0.0183349851337958	0.0069790628115653	0.0072428778367938	0.0048309178743961	0.0	-0.009918132022296
Tln1	-0.0063926940639269	-0.0127591706539074	True	True	2	2	0.0063926940639269	0.0127591706539074	0.0013783597518952	0.0045330915684496	0.0	0.0	-0.0095759323589172
Tmem175	-0.0574492895107928	0.0383211678832116	True	False	3	3	0.8967350037965072	0.878345498783455	0.8839137645107794	0.8669250645994832	0.8392857142857143	0.9166666666666666	-0.0095640608137906
Ppp1r7	-0.0088495575221238	-0.01010101010101	True	True	2	2	0.0088495575221238	1.0	0.0016429353778751	0.9945740640260444	0.0	0.98989898989899	-0.0094752838115669
Rasl2-9	-0.008407029452985	-0.009875377755327	True	True	2	2	0.0113097870727238	0.0118477643430982	0.0039394894421682	0.0022571325388226	0.0029027576197387	0.0019723865877712	-0.009141203604156
Tsc22d1	-0.0046307750672142	-0.0135821491753694	False	False	3	4	0.9927260131624523	0.9966329966329966	0.9606598984771574	0.9727800089245872	0.988095238095238	0.9830508474576272	-0.0091064621212918
Tex261	-0.0082304526748971	-0.0099218280216476	False	False	2	2	0.0082304526748971	0.0099218280216476	0.0	0.0	0.0	0.0	-0.0090761403482723
Tuba3a	-0.0023268891524184	-0.0158082217657811	True	True	2	2	0.9585495283018868	0.9819564376852687	0.956872020399867	0.9793034935702852	0.9562226391494684	0.9661482159194876	-0.0090675554590997
Nasp	0.0009206152173837	-0.0180269267621551	False	False	2	3	0.0763989724114821	0.138994668697639	0.070514123145702	0.1450941526263627	0.0773195876288659	0.1209677419354838	-0.0085531557723856
Cep57	-0.0084965540187909	-0.0083900226757369	False	False	2	2	0.9914833215046132	0.9777777777777776	0.9940357852882704	0.9870882740447958	0.9829867674858224	0.9693877551020408	-0.0084432883472639
Armc3	-0.0327747560390336	0.0160692043416964	False	False	2	2	0.93703007518797	0.913508260447036	0.9774288518155054	0.9603289791969036	0.9042553191489362	0.9295774647887324	-0.0083527758486686
Raph1	-0.0048494631341529	-0.0117924528301886	True	False	2	2	0.0063375583722481	0.0117924528301886	0.0032223415682062	0.048780487804878	0.0014880952380952	0.0	-0.0083209579821708
Bag6	0.0036946250310846	-0.0200315457413249	False	False	2	2	0.9660023446658852	0.9700315457413248	0.981021897810219	0.9710144927536232	0.9696969696969696	0.95	-0.0081684603551201
Rrp1	-0.0010292633324878	-0.015137684466758	False	False	2	2	0.9464386926128848	0.9675186368477104	0.92894280762565	0.9495217240981906	0.9454094292803972	0.9523809523809524	-0.0080834738996229
Gclm	-0.0120892185343963	-0.0037932107202539	False	False	3	3	0.0584178898630676	0.0621022486211285	0.1740062353858145	0.1961667243967209	0.0463286713286713	0.0583090379008746	-0.0079412146273251
Naca	-0.0138714680796387	-0.0020016085571605	True	True	2	2	0.9989973262032086	0.998645903859174	0.9944734418176236	0.9967591940256446	0.9851258581235698	0.9966442953020134	-0.0079365383183996
Cib1	-0.0201406241792545	0.0044826237204147	False	False	2	2	0.9859525899912204	0.9904153354632588	0.9899193548387096	0.993191489361702	0.9658119658119658	0.9948979591836736	-0.0078290002294199
H3f3a	-0.0178636617436139	0.002269368301579	False	False	3	3	0.9940703238782164	0.994834878802668	0.9962996755879968	0.9973557491580148	0.9762066621346024	0.997104247104247	-0.0077971467210174
Shroom3	-0.008515592675628	-0.0068403696085154	False	False	2	2	0.9890981169474728	0.994645247657296	0.9797507788161994	0.9844890510948904	0.9805825242718448	0.9878048780487804	-0.0076779811420717
Pcca	-0.0161812297734628	0.0018831078253591	False	False	2	2	1.0	0.9906542056074766	0.5830388692579506	0.7902542372881356	0.9838187702265372	0.9925373134328358	-0.0071490609740518
Sucla2	-0.010373702715252	-0.0034436658373284	False	True	3	2	0.9947811871227364	0.9957710315662288	0.9963344051446944	0.994622959315885	0.9844074844074844	0.9923273657289002	-0.0069086842762902
Sdf4	-0.0300155925155924	0.0166015625	False	False	3	3	0.9759615384615384	0.9833984375	0.9843971631205674	0.9891846921797004	0.945945945945946	1.0	-0.0067070150077962
Cetn3	-0.0189887708101273	0.0057763035338902	False	False	2	2	0.9427175843694494	0.9808008776741636	0.944620253164557	0.9802473376846444	0.923728813559322	0.9865771812080536	-0.0066062336381185
Capza1	-0.0079365079365079	-0.0050035739814152	True	True	3	2	0.5	0.0050035739814152	0.4976030680728667	0.0029958058717795	0.492063492063492	0.0	-0.0064700409589616
Tmbim4	0.0097879350251267	-0.0222383890640296	False	False	3	2	0.980995475113122	0.9862671660424468	0.9880310182063384	0.9892904953145916	0.9907834101382488	0.9640287769784172	-0.0062252270194514
Ndst4	0.0167170412258892	-0.029103334511606	False	False	2	2	0.2001779359430605	0.2513255567338282	0.2327868852459016	0.2538175815105241	0.2168949771689497	0.2222222222222222	-0.0061931466428583
Etf1	-0.0116095643991808	-0.000285179574013	True	False	2	2	0.0128410914927768	0.0043668122270742	0.004225352112676	0.0051030051030051	0.001231527093596	0.0040816326530612	-0.0059473719865969
Ndufa7	-0.0161693616319008	0.0044361280808096	True	False	2	2	0.7962788506829958	0.9702474162229878	0.7906097018246551	0.9743549402139712	0.7801094890510949	0.9746835443037974	-0.0058666167755456
Odf2	-0.0064879530747345	-0.0051091248775843	True	True	4	4	0.6619240470354186	0.6659477049986756	0.6570131470136533	0.6629297632007659	0.655436093960684	0.6608385801210913	-0.0057985389761594
Ddx5	-0.0027973067057887	-0.0084129153174413	False	False	2	3	0.9205411374930976	0.9541096366289168	0.9388517580638466	0.9545776626676766	0.917743830787309	0.9456967213114754	-0.005605111011615
Ptpn1	0.017418628305725	-0.0285639471813863	False	False	2	2	0.0309684684684684	0.0390902629708599	0.0131313131313131	0.0075675675675675	0.0483870967741935	0.0105263157894736	-0.0055726594378306
Klhdc3	-0.0129284710463614	0.0018161045651117	True	False	2	2	0.9982764563943468	0.9944938585345192	0.9923492349234924	0.9955817378497792	0.9853479853479854	0.996309963099631	-0.0055561832406248
Capzb	-0.0073954984821008	-0.0033704088496065	False	False	2	2	0.9979943842759728	0.999609832227858	0.9878597122302158	0.9850776366202864	0.990598885793872	0.9962394233782512	-0.0053829536658537
Trp53tg5	-0.0173627344034076	0.0068730246325189	False	False	2	2	0.032258064516129	0.010752688172043	0.0052264808362369	0.0126676602086438	0.0148953301127214	0.0176257128045619	-0.0052448548854443
Ttll10	-0.0026771978662333	-0.0077663870767319	False	False	2	2	0.9849624060150376	0.9770114942528736	0.9965337954939342	0.995571302037201	0.9822852081488044	0.9692451071761417	-0.0052217924714826
Med25	0.0076043453401944	-0.0177970177970178	False	False	3	3	0.3742138364779874	0.335978835978836	0.4505703422053232	0.3116279069767442	0.3818181818181818	0.3181818181818182	-0.0050963362284116
Limd2	-0.0043308795169647	-0.0055810129941327	True	True	2	2	0.00548929249119	0.0058819458860978	0.0013379716350013	0.0014632718759145	0.0011584129742253	0.000300932891965	-0.0049559462555487
Aqp11	-0.0041244681883011	-0.0057779293144104	False	False	2	2	0.0058130868981964	0.0064898419864559	0.0010418475429762	0.0006475845097785	0.0016886187098953	0.0007119126720455	-0.0049511987513557
Mfap3l	-0.0214084937950551	0.0116727186721761	True	False	2	2	0.9935483870967742	0.9487179487179488	0.9748850371418464	0.9734031835583316	0.972139893301719	0.9603906673901248	-0.0048678875614395
1700030J22Rik	-0.0012663345545845	-0.0084354358488477	False	True	3	3	0.4892440073755378	0.4995964487489911	0.4934136243884079	0.4950244255473132	0.4879776728209532	0.4911610129001433	-0.0048508852017161
Ergic3	-0.0169344039602237	0.0075003745577337	True	False	2	2	0.9528949950932286	0.8896057347670251	0.9481037924151696	0.8856304985337243	0.9359605911330048	0.8971061093247589	-0.0047170147012449
Serbp1	-0.0425650874050857	0.0335306360703269	True	False	7	4	0.1975895972090073	0.3244543585706163	0.1802888560643361	0.3213507625272331	0.1550245098039215	0.3579849946409432	-0.0045172256673794
Capns1	-0.0064048267655132	-0.0025018050664733	False	True	2	2	0.9898073163920692	0.9946355317134744	0.9899936129444328	0.9930952637825008	0.983402489626556	0.992133726647001	-0.0044533159159932
Cab39l	-0.0174603174603175	0.0085710176885096	True	False	3	3	0.5174603174603175	0.5088202866593164	0.5046796256299496	0.5050869707909419	0.5	0.5173913043478261	-0.0044446498859039
Crbn	-0.0065088757396449	-0.0020992366412213	True	False	2	3	0.0065088757396449	0.5020992366412214	0.0012763241863433	0.498072880168185	0.0	0.5	-0.0043040561904331
Snrnp35	0.0148554382744378	-0.0233739837398373	False	True	2	2	0.0151445617255621	0.0233739837398373	0.0	0.0026007802340702	0.03	0.0	-0.0042592727326997
Arhgap29	-0.0242585881272012	0.0159404888416577	False	False	2	2	0.9877622377622378	0.9840595111583422	0.9200841219768664	0.9388429752066116	0.9635036496350364	1.0	-0.0041590496427717
Ubxn10	-0.0041780337677796	-0.0041249780586273	False	False	2	2	0.0247965904688105	0.0226434965771458	0.0142696207285016	0.0172899075190993	0.0206185567010309	0.0185185185185185	-0.0041515059132034
Naa30	0.0080536912751677	-0.0163068594441143	False	True	2	3	0.9919463087248322	0.5112563543936093	0.990063233965673	0.4984933275936289	1.0	0.494949494949495	-0.0041265840844732
Tesmin	-0.0017807049640199	-0.0063315391297543	True	True	2	2	0.9906695938529088	0.9971572272031488	0.9903147699757868	0.9948453608247424	0.9888888888888888	0.9908256880733946	-0.0040561220468871
Lamp1	-0.009255944540884	0.0013126804935679	True	False	2	2	0.9964763918252292	0.998687319506432	0.99438202247191	0.9963627546071776	0.987220447284345	1.0	-0.003971632023658
Smyd3	-0.0036805567298424	-0.0041039430221835	False	True	2	2	0.0048653908530651	0.005113024757804	0.0087767416346681	0.004770739464617	0.0011848341232227	0.0010090817356205	-0.0038922498760129
Iqcf2	0.0023219766942646	-0.0099471046947947	False	False	4	4	0.0699029126213592	0.0600808781051415	0.0268347338935574	0.0261976047904191	0.0722248893156238	0.0501337734103468	-0.003812564000265
Efhc1	0.0005748865355521	-0.0081745644031916	False	False	2	2	0.8294251134644478	0.8951310861423221	0.8108786610878661	0.8829300196206671	0.83	0.8869565217391304	-0.0037998389338197
Spata4	-0.0010300573932767	-0.0062759183503164	False	False	3	2	0.9042123659153912	0.9629789331033634	0.9082856912794912	0.9647390691114246	0.9031823085221145	0.9567030147530468	-0.0036529878717966
Stmn1	-0.0003004806344715	-0.0069321153189023	False	True	2	3	0.9917044920957896	0.4927275698643569	0.9921607055365016	0.4893156222928097	0.991404011461318	0.4857954545454545	-0.0036162979766869
Txnrd1	-0.0040479367509626	-0.0031227207729949	False	False	3	4	0.0092025759262203	0.0095895050175569	0.0035966837356742	0.0047028698914917	0.0051546391752577	0.006466784244562	-0.0035853287619788
Cfap97	-0.0150390815672149	0.0078875681993159	False	False	2	3	0.1026523746185744	0.5528060734191812	0.0573577809120827	0.5420566822672906	0.0876132930513595	0.5606936416184971	-0.0035757566839495
Ccnk	0.0058041958041958	-0.0126843544717941	False	True	3	4	0.5172727272727272	0.6721046443268666	0.4984771573604061	0.6700070323488044	0.5230769230769231	0.6594202898550724	-0.0034400793337991
Zfp330	-0.0120009477550053	0.0053635768096953	False	False	2	2	0.9956521739130436	0.9859154929577464	0.9833243679397524	0.9865257595772788	0.983651226158038	0.9912790697674418	-0.003318685472655
Cops7a	0.0037800629851323	-0.0103639774859287	False	False	2	2	0.9793185285641636	0.9823639774859289	0.9838376891334252	0.9836956521739132	0.9830985915492958	0.972	-0.0032919572503982
Calr	0.0001535050315537	-0.0066250883613554	False	True	2	2	0.9823639774859289	0.9977755308392317	0.980355472404116	0.9972278225806452	0.9825174825174824	0.991150442477876	-0.0032357916649008
Ptp4a2	-0.0058657558657558	-0.0003019323671498	False	False	2	3	0.0415800415800415	0.5072463768115942	0.0267857142857142	0.5164319248826291	0.0357142857142857	0.5069444444444444	-0.0030838441164528
Arl3	-0.0067365848707418	0.0005972814039474	True	False	2	2	0.9862087256332052	0.9946180296008372	0.9844004656577416	0.9935039109107782	0.9794721407624634	0.9952153110047848	-0.0030696517333971
Pdzd9	-0.0018248366013071	-0.0042643923240938	False	True	2	2	0.0040470588235294	0.0042643923240938	0.0015912707433507	0.0018108912171775	0.0022222222222222	0.0	-0.0030446144627005
Baz2b	0.0173015822366471	-0.0230954271568032	False	False	5	5	0.2988141202426916	0.311070110701107	0.3140881913303438	0.3322125813449024	0.3161157024793388	0.2879746835443038	-0.002896922460078
Morn2	-0.0029117704990366	-0.0025368875593509	False	False	3	3	0.4207149404216315	0.473067659294942	0.4136555087563733	0.4682783955520254	0.4178031699225949	0.470530771735591	-0.0027243290291938
Itgae	-0.0027986448666961	-0.0026265102433899	True	True	2	2	0.0027986448666961	0.0026265102433899	0.0017961383026493	0.0014882797966017	0.0	0.0	-0.002712577555043
Sppl2c	0.0041802136553646	-0.0094033511628594	False	False	2	2	0.0	0.0105263157894736	0.027027027027027	0.0233009708737864	0.0041802136553646	0.0011229646266142	-0.0026115687537474
Amz2	-0.0071150847269561	0.0023028833735019	False	False	4	4	0.6168080185042405	0.3230559683011391	0.6285414480587618	0.3322998648541219	0.6096929337772844	0.325358851674641	-0.002406100676727
Ift22	-0.0009576337350366	-0.0037875365199843	False	False	3	3	0.4868614479970599	0.4918827746152224	0.4815025611838361	0.4875193798449612	0.4859038142620232	0.4880952380952381	-0.0023725851275105
Tfam	-0.0006454050310108	-0.0040595894978273	False	False	2	2	0.8913043478260869	0.9491525423728814	0.9341692789968652	0.954428754813864	0.8906589427950761	0.945092952875054	-0.0023524972644191
Plaat5	-0.0025832194104667	-0.0020651236701569	False	False	3	3	0.4982630738897756	0.49991254919108	0.4947258677787317	0.4973664205039096	0.4956798544793088	0.497847425520923	-0.0023241715403118
Trim69	0.0006567387672786	-0.0052110474205315	False	True	2	2	0.003972890862351	0.0052110474205315	0.0025244556642473	0.0014527845036319	0.0046296296296296	0.0	-0.0022771543266264
Fem1b	-0.0022115022881715	-0.0023037943771177	True	True	2	3	0.0028353326063249	0.005531914893617	0.0014278914802475	0.0032426335824051	0.0006238303181534	0.0032281205164992	-0.0022576483326446
Ptpmt1	0.0046094778441699	-0.0089020683957392	False	True	2	2	0.9834001144819692	0.9913752913752912	0.9813167259786476	0.9900166389351082	0.988009592326139	0.982473222979552	-0.0021462952757846
Slc2a3	-0.0233021176842118	0.0190708586478979	False	False	4	3	0.9780640224461166	0.9655445259674869	0.9841620626151012	0.993006993006993	0.9547619047619048	0.9846153846153848	-0.0021156295181569
Gm50318	-0.0038458740102929	-0.0002626546609094	True	False	4	4	0.2955853590388377	0.3103871080749693	0.2939728564008761	0.3169501701020612	0.2917394850285448	0.3101244534140598	-0.0020542643356011
Srp14	-0.0018167038983938	-0.0022603034211657	True	True	2	2	0.9893943436499466	0.9940298507462688	0.9876346230554448	0.9939661174286376	0.9875776397515528	0.9917695473251028	-0.0020385036597798
Odf4	0.0002577984016498	-0.0043014632286926	False	False	2	2	0.99974220159835	0.9993898718730934	0.9878966306836768	0.9871926229508196	1.0	0.9950884086444008	-0.0020218324135213
Rnf32	-0.0010069444444444	-0.003012048192771	False	True	2	2	0.0036111111111111	0.003012048192771	0.0003991219317501	0.0015185260174124	0.0026041666666666	0.0	-0.0020094963186077
Rab11a	-0.0039245765420262	-4.84417891167474e-05	False	False	2	2	0.0172579098753595	0.0364120781527531	0.0054054054054054	0.0014114326040931	0.0133333333333333	0.0363636363636363	-0.0019865091655714
Hdgfl2	0.0246849421852669	-0.0285035073132458	False	True	3	2	0.9636871508379888	0.9765554553651938	0.9557761732851986	0.970137207425343	0.9883720930232558	0.948051948051948	-0.0019092825639894
Pafah1b1	0.003586228151915	-0.0072811150372987	False	True	4	3	0.6602006688963211	0.5083922261484098	0.6651329243353784	0.5026373626373626	0.6637868970482361	0.5011111111111111	-0.0018474434426918
Gmeb1	-0.0005151899695224	-0.002619681218405	False	False	2	2	0.9936658749010292	0.995893223819302	0.9563318777292577	0.91	0.9931506849315068	0.9932735426008968	-0.0015674355939637
Med28	0.0001555044371999	-0.0032548551589454	False	True	2	2	0.0035142203334423	0.0032548551589454	0.0016901408450704	0.0004425268281889	0.0036697247706422	0.0	-0.0015496753608727
Ropn1l	-0.0002796190951704	-0.0027596653212347	False	True	2	2	0.8961233847436432	0.9374841168996187	0.8863335707743971	0.9350854005693372	0.8958437656484727	0.934724451578384	-0.0015196422082026
Eef2	-0.0025317234386468	-0.0003760902802426	True	False	2	2	0.9964341624630372	0.9954141319606924	0.9957358408047232	0.995575221238938	0.9939024390243902	0.9950380416804498	-0.0014539068594447
Eif3c	-0.0366496598639455	0.0338461538461538	False	False	2	2	0.4158163265306122	0.8461538461538461	0.3309935205183585	0.831081081081081	0.3791666666666666	0.88	-0.0014017530088958
Vrk3	0.0095154845154845	-0.0122953674677812	False	False	2	2	0.9827922077922078	0.981992337164751	0.9810659186535764	0.9893577981651376	0.9923076923076924	0.9696969696969696	-0.0013899414761483
Ccdc91	-0.0047503218148686	0.0019966440844849	False	False	3	4	0.9904458598726116	0.977710233029382	0.9800805729632944	0.973709303909549	0.9856955380577428	0.979706877113867	-0.0013768388651918
Gkap1	0.0032715521845957	-0.0059723791214204	False	True	2	2	0.9402173913043478	0.9630539241857982	0.9390930646117368	0.9602505001304688	0.9434889434889436	0.9570815450643776	-0.0013504134684123
Tpi1	-0.0019248671157727	-0.0007485596079255	True	True	3	3	0.5011574074074074	0.5004232505643341	0.4995612110574813	0.499715326804828	0.4992325402916346	0.4996746909564086	-0.0013367133618491
Ccdc163	-0.0397612958226769	0.0374999999999999	True	False	3	2	0.5035294117647059	0.9625	0.5	0.9432387312186978	0.463768115942029	1.0	-0.0011306479113384
Lemd1	0.0109628577472876	-0.0131147540983606	False	True	2	2	0.9741379310344828	1.0	0.992399565689468	0.9922640536358948	0.9851007887817704	0.9868852459016394	-0.0010759481755364
Gm49356	0.0059090909090909	-0.0078970663810986	False	True	3	2	0.9781818181818182	0.9869180454020776	0.9749702026221692	0.985958485958486	0.9840909090909092	0.9790209790209792	-0.0009939877360038
Ccdc181	-0.0073667485194279	0.0054537783780854	True	False	2	2	0.9420289855072465	0.9666577754067752	0.9419294411489229	0.9637536476731684	0.9346622369878184	0.9721115537848606	-0.0009564850706712
G6pc3	-0.0003762362111601	-0.0014850233216529	False	False	2	2	0.0070518036343911	0.0094425830033505	0.0042625745950554	0.0058351568198395	0.0066755674232309	0.0079575596816976	-0.0009306297664065
Ubc	-0.0014953575287705	-0.0001554648458369	True	False	2	3	0.998208286674132	0.9988558352402744	0.998054979253112	0.9989357949915472	0.9967129291453616	0.9987003703944376	-0.0008254111873037
Ccsap	-0.0042073911778298	0.0026697177726926	False	False	2	2	0.0088495575221238	0.0	0.0253303964757709	0.0172257479601087	0.004642166344294	0.0026697177726926	-0.0007688367025686
Manf	-0.0028461070010445	0.0017883086795797	False	False	4	4	0.0135556116864528	0.0128637059724349	0.0049126637554585	0.0110516934046345	0.0107095046854083	0.0146520146520146	-0.0005288991607323
Cep63	-0.0022470877123214	0.0012553455877006	False	False	2	2	0.9780924983403408	0.9823653440674718	0.9723858615611192	0.9812316715542522	0.9758454106280192	0.9836206896551724	-0.0004958710623103
Ntmt1	-0.003615522332535	0.0030284675953967	False	False	2	2	0.9914204003813156	0.9969715324046032	0.9939879759519038	0.985239852398524	0.9878048780487804	1.0	-0.0002935273685691
Psmd11	0.0034490174681184	-0.0040270082054076	False	False	2	2	0.0054005400540054	0.0132013201320132	0.0014409221902017	0.0051229508196721	0.0088495575221238	0.0091743119266055	-0.0002889953686446
Hmg20a	0.0002107953052165	-0.0005926964450755	False	True	2	2	0.0011113730508874	0.0011605556160011	0.0014362657091561	0.0007298112010153	0.001322168356104	0.0005678591709256	-0.0001909505699294
Ttc1	0.0312429977420412	-0.0314449335949993	False	False	2	3	0.615343347639485	0.3670244484197972	0.5430861723446894	0.3289968652037617	0.6465863453815262	0.3355795148247978	-0.000100967926479
Chaf1a	0.0063445150485197	-0.0064516129032258	False	False	2	3	0.0085808580858085	0.0064516129032258	0.0120817843866171	0.0081855388813096	0.0149253731343283	0.0	-5.354892735301474e-05
Cetn1	-0.0007685826873699	0.0007484493129726	False	False	2	2	0.0130325288562434	0.01157878266312	0.0158766160127012	0.0150505623287023	0.0122639461688734	0.0123272319760926	-1.006668719868032e-05
Serpinb6a	-0.001500226137028	0.0015078638703354	False	False	2	2	0.9940652818991098	0.9962449451184286	0.9889148191365228	0.9972972972972972	0.9925650557620818	0.997752808988764	3.818866653682029e-06
Tcea2	-0.0309603946396456	0.0310252294210047	True	False	2	2	0.7623519804001634	0.8354007633587787	0.749819233550253	0.8535335042109118	0.7313915857605178	0.8664259927797834	3.241739067955107e-05
Cfap36	0.0109605116470105	-0.0105627390274993	False	False	3	4	0.5377574370709383	0.7360529351059308	0.4912877756602232	0.6548767416934619	0.5487179487179488	0.7254901960784315	0.0001988863097555
Cct5	0.0035142737674382	-0.0030985262041621	False	False	5	4	0.910900140646976	0.9109712230215828	0.9177130044843048	0.9024133462908972	0.9144144144144144	0.9078726968174206	0.000207873781638
Lyzl1	-0.0367818870356941	0.0372569265186715	True	False	2	2	0.9682539682539684	0.935897435897436	0.9485794787508804	0.9683309922104456	0.931472081218274	0.9731543624161074	0.0002375197414886
Ppm1d	-0.0033443173395486	0.003864739457833	False	False	2	3	0.9989775051124744	0.9948646125116714	0.9877408056042032	0.9951845906902088	0.9956331877729258	0.9987293519695044	0.0002602110591422
Chka	-0.0082977081106757	0.009447331128956	False	False	2	2	0.9904405652535327	0.990552668871044	0.9950920245398772	0.9864864864864864	0.9821428571428572	1.0	0.0005748115091401
Cnbd2	0.0188274153592072	-0.0175275801629033	False	True	3	2	0.961904761904762	0.9672131147540984	0.9729508196721312	0.95979492714517	0.9807321772639692	0.949685534591195	0.0006499175981519
Emd	0.0027566565570987	-0.0013795171689908	False	False	2	2	0.9818555289284492	0.9956815114709852	0.8683651804670913	0.8969119504075307	0.984612185485548	0.9943019943019944	0.0006885696940539
Ptdss2	-0.0070637432188065	0.008505112306492	False	False	3	2	0.9758137432188064	0.9856639839034204	0.9509185632026323	0.9555494580875292	0.96875	0.9941690962099126	0.0007206845438427
Tbpl1	0.0113208185399171	-0.0098720986048528	False	False	2	2	0.0052904771411459	0.0129024016351558	0.0006559527714004	0.0006466811400064	0.0166112956810631	0.003030303030303	0.0007243599675321
Calm1	0.0007320128840323	0.0009756029919812	False	False	2	3	0.0074245939675174	0.4773897816234034	0.0028970239662891	0.4775210739931314	0.0081566068515497	0.4783653846153846	0.0008538079380067
Fam71f2	0.0025641025641025	-0.0005495162069412	False	False	2	3	0.9923076923076924	0.9954128440366972	0.9949022939677146	0.9932262129804664	0.9948717948717948	0.994863327829756	0.0010072931785806
Bola3	-0.0035245092070192	0.0055978504254366	False	False	2	3	0.010566762728146	0.0102751654475792	0.0043365134431916	0.0042349726775956	0.0070422535211267	0.0158730158730158	0.0010366706092086
Nphp1	-0.0038254885581886	0.0061362470876588	False	False	4	4	0.8786906449767431	0.9281494671980556	0.8997660271408516	0.938602448240436	0.8748651564185544	0.9342857142857144	0.001155379264735
Stx18	0.0198081275411083	-0.0174672489082969	False	True	2	2	0.0194075587334014	0.0174672489082969	0.0022522522522522	0.0161476355247981	0.0392156862745098	0.0	0.0011704393164057
Enkd1	-7.750135627371257e-05	0.0025072633986524	True	False	2	2	0.994729907773386	0.9917784508870618	0.99469652327637	0.9906184850590688	0.9946524064171124	0.9942857142857144	0.0012148810211893
Fam57a	0.0012497284467493	0.0012151250580957	False	False	3	3	0.9986178299930892	0.9986897274633124	0.9993194809908356	0.9993051445042076	0.9998675584398384	0.999904852521408	0.0012324267524225
Atp9b	-0.0043937538273116	0.0069699981198463	False	False	3	3	0.5184782608695652	0.5091590341382182	0.4689119170984456	0.4868913857677903	0.5140845070422535	0.5161290322580645	0.0012881221462673
Atp5a1	-0.0287569118623375	0.03154305200341	False	False	2	2	0.9479488310542568	0.96845694799659	0.972644376899696	0.9992872416250892	0.9191919191919192	1.0	0.0013930700705362
Fam229b	0.0011944713042488	0.0016806722689075	False	False	2	2	0.9988055286957512	0.9983193277310924	0.9999496905971726	0.9999471291107116	1.0	1.0	0.0014375717865782
Epo	0.0256380170902731	-0.0227590337392693	False	False	2	2	0.0106656132727631	0.0227590337392693	0.0359984842743463	0.0306590783917752	0.0363036303630363	0.0	0.0014394916755019
Eif1b	0.0076570780765942	-0.0047400801615975	False	False	3	3	0.95538967908781	0.987968591691996	0.9757969303423848	0.9888455103179028	0.9630467571644042	0.9832285115303984	0.0014584989574983
Ppp1r36	0.0068511665448343	-0.003853895540517	False	True	2	2	0.9853515625	0.993529411764706	0.98906439854192	0.9929453262786596	0.9922027290448344	0.9896755162241888	0.0014986355021586
Mrpl54	0.0015123984707842	0.001488923032077	False	False	2	2	0.995675453047776	0.994240614334471	0.9977337110481588	0.9983460138934832	0.9971878515185602	0.995729537366548	0.0015006607514306
Hax1	-0.0076357466063349	0.0106380814840428	True	False	2	2	0.9855769230769232	0.965665236051502	0.9819532908704884	0.9849108367626886	0.9779411764705882	0.976303317535545	0.0015011674388539
Prss37	-0.0154738878143133	0.0185654556877017	False	False	2	2	0.9361702127659576	0.9565217391304348	0.8949416342412452	0.9789144865286996	0.920696324951644	0.9750871948181364	0.0015457839366941
Chchd3	0.0012082547967715	0.0022618742707533	False	False	3	2	0.9958677685950412	0.9969834087481146	0.9548133595284872	0.9733802109492716	0.9970760233918128	0.999245283018868	0.0017350645337624
Xkr8	0.0120416505474324	-0.0085552750176467	False	False	2	2	0.0085062946580469	0.0174838464462181	0.0047846889952153	0.0072408536585365	0.0205479452054794	0.0089285714285714	0.0017431877648928
Hspa5	0.0121864827313956	-0.0086690177241358	False	False	4	3	0.959743341830008	0.9496138996138996	0.9574708743354824	0.9194682487365414	0.9719298245614036	0.9409448818897638	0.0017587325036299
Fth1	0.0008186054321817	0.0030843798193435	False	False	2	2	0.995697074010327	0.9969156201806564	0.986717267552182	0.9962377727614748	0.9965156794425089	1.0	0.0019514926257626
Snx32	0.0029758511516842	0.0011694386694386	False	False	2	2	0.0018974431952943	0.0028846153846153	0.0017121265792891	0.0015403160996517	0.0048732943469785	0.004054054054054	0.0020726449105614
Nkapl	0.0068023231076883	-0.0025228221839507	False	False	2	2	0.0129345189975747	0.0164117110728396	0.0066959614982213	0.0056322918063564	0.0197368421052631	0.0138888888888888	0.0021397504618688
Dap3	0.0016091219096333	0.0026964560862865	False	False	2	2	0.9958333333333332	0.9973035439137136	0.990646921278254	0.99556162512803	0.9974424552429668	1.0	0.0021527889979599
Fam71e1	0.0040520984081041	0.000630230985089	False	False	2	2	0.0	0.0036496350364963	0.0076997112608277	0.0059731770539839	0.0040520984081041	0.0042798660215854	0.0023411646965966
Tctex1d1	0.0081713923690572	-0.0034884386446886	False	False	2	2	0.9597701149425288	0.9809523809523808	0.9826142949130716	0.9751902084022496	0.967941507311586	0.9774639423076924	0.0023414768621843
Zscan12	0.0020640250727557	0.0029159028414299	False	False	2	2	0.9912693082605776	0.99083409715857	0.9934086629001884	0.995	0.9933333333333332	0.99375	0.0024899639570928
Gm28551	0.002223901006392	0.0028415548922677	False	False	4	4	0.4748753356348293	0.5486498450641877	0.4693928128872366	0.5243765179787927	0.4770992366412214	0.5514913999564555	0.0025327279493299
Btg1	0.002603123808835	0.0024722590222773	False	False	2	2	0.0005698005698005	0.0007328691828508	0.0233856893542757	0.0107448699305218	0.0031729243786356	0.0032051282051282	0.0025376914155562
Pdia6	-0.000599320002305	0.0058040286787299	False	False	2	2	0.9956241956241956	0.99419597132127	0.9973333333333332	0.9901914992993928	0.9950248756218906	1.0	0.0026023543382124
Fam107b	0.0039224859341052	0.0012988961573044	False	False	4	4	0.6560738083034341	0.6567321919255971	0.6384358009201171	0.6490800040662803	0.6599962942375394	0.6580310880829016	0.0026106910457048
Zcchc8	-0.0409565695437054	0.0466793168880455	False	False	2	2	0.6764705882352942	0.8709677419354839	0.7835314091680815	0.836767895878525	0.6355140186915887	0.9176470588235294	0.00286137367217
Camk2n1	0.0022216925722262	0.003660075055437	False	False	2	2	0.0077120822622107	0.0124257158292814	0.0100418410041841	0.0122206703910614	0.009933774834437	0.0160857908847185	0.0029408838138316
Ccdc60	0.0045575389289783	0.0018169429934136	False	False	2	2	0.9954424610710216	0.9981830570065864	0.9971465629053178	0.9962491627595446	1.0	1.0	0.0031872409611959
Eif3b	0.0041792430926398	0.0025803523125202	False	False	2	2	0.9958207569073602	0.9954891457569778	0.996103436060928	0.9934187122020632	1.0	0.998069498069498	0.00337979770258
4931422A03Rik	-0.0064775229952066	0.013871635610766	False	False	2	2	0.0602409638554216	0.0289855072463768	0.0695187165775401	0.0553846153846153	0.053763440860215	0.0428571428571428	0.0036970563077797
Cst3	-0.0015698303861421	0.0091746962714704	False	False	2	2	0.9309815950920244	0.9765395894428152	0.9525691699604744	0.9697368421052632	0.9294117647058824	0.9857142857142858	0.0038024329426641
Atp5b	0.0040613517731135	0.0035442380930863	False	False	5	3	0.7308815350389322	0.9747755451047456	0.7342416855302107	0.9754800956070222	0.7349428868120457	0.978319783197832	0.0038027949330999
Pdcl2	0.0052184740185591	0.0024014725344062	False	False	2	2	0.9931374651511902	0.9956482593037216	0.9977294842685696	0.9979652852753094	0.9983559391697492	0.9980497318381276	0.0038099732764826
Gpx4	0.0058038105877035	0.001930064819945	False	False	2	2	0.9073051798693532	0.9661479779810151	0.913662239089184	0.968419658817558	0.9131089904570568	0.9680780428009602	0.0038669377038242
Swi5	0.0051297253152827	0.0026061649909113	False	False	3	3	0.976577591757888	0.9908292835867692	0.9487975174553918	0.9771863117870724	0.9817073170731708	0.9934354485776804	0.003867945153097
Ankef1	-0.0017797319932998	0.0102774274905422	False	False	3	2	0.9791666666666666	0.9692307692307692	0.9371614301191766	0.9840764331210192	0.9773869346733668	0.9795081967213116	0.0042488477486212
Btf3	0.0002801868610692	0.0083941219849472	False	False	2	2	0.9512867647058824	0.9811503141614306	0.9508035421449657	0.980966438781852	0.9515669515669516	0.989544436146378	0.0043371544230082
Lelp1	0.0064763576472197	0.0022407299302164	False	False	2	3	0.0020408163265306	0.0171149144254278	0.006578947368421	0.0229729729729729	0.0085171739737503	0.0193556443556443	0.0043585437887181
Rangap1	0.0039926220275816	0.0056660106304641	False	False	2	2	0.9890829694323144	0.9870801033591732	0.9891304347826086	0.990604447228312	0.993075591459896	0.9927461139896372	0.0048293163290228
Cggbp1	-0.0085279041413757	0.0185016362786348	False	False	3	3	0.4875195007800312	0.510483870967742	0.4784090909090909	0.4847746650426309	0.4789915966386555	0.5289855072463768	0.0049868660686295
Clgn	0.0031216036710541	0.0069324507514911	False	False	3	4	0.7202511773940345	0.8879221353782628	0.7123150739704118	0.8912812672527286	0.7233727810650887	0.894854586129754	0.0050270272112726
Ints10	0.0085901970692269	0.0014798443280642	False	False	2	2	0.9914098029307732	0.9831355402873204	1.0	0.9992087042532146	1.0	0.9846153846153848	0.0050350206986455
Phkg1	0.0089196987999628	0.001215618879169	False	False	2	2	0.0071445582281495	0.0050736892969316	0.0088837388953263	0.0066572523703853	0.0160642570281124	0.0062893081761006	0.0050676588395659
Rps28	0.0233547434938056	-0.0128420686456399	False	False	2	2	0.9339912280701754	0.9403988868274582	0.9395360959082616	0.8924606462303231	0.957345971563981	0.9275568181818182	0.0052563374240828
Gm49527	-0.0003070875199432	0.0111154197162075	False	False	3	2	0.8754189944134079	0.9014574362371648	0.8734701223902088	0.9100140603030776	0.8751119068934646	0.9125728559533722	0.0054041660981321
Snx1	-0.0022462732285072	0.0131719473122107	False	False	2	2	0.9661016949152542	0.9868280526877892	0.9710591133004928	0.994298384542287	0.963855421686747	1.0	0.0054628370418517
Mtfr1l	0.0042786673189478	0.0067811099302249	False	False	2	2	0.9892109160143856	0.9901229148375768	0.996480422349318	0.9930209371884346	0.9934895833333334	0.9969040247678018	0.0055298886245864
Htatip2	-0.0021025392204432	0.0132210370888461	False	False	2	2	0.965065502183406	0.9750830564784052	0.977319587628866	0.9804905239687848	0.9629629629629628	0.9883040935672516	0.0055592489342014
Katnal2	-0.0069544014492628	0.0181090883848463	False	False	3	3	0.9457299116533444	0.947408152994464	0.9845244794597636	0.9911831626848692	0.9387755102040816	0.9655172413793104	0.0055773434677917
C530008M17Rik	0.0127226463104325	-0.0015414939856464	False	False	5	5	0.3622773536895674	0.4053876478318002	0.2940891472868217	0.3044055201698514	0.375	0.4038461538461538	0.005590576162393
Uqcrh	0.0340771382622089	-0.0228908951412024	False	False	2	2	0.6903044871794872	0.6856127886323268	0.7228915662650602	0.7114147909967846	0.7243816254416962	0.6627218934911243	0.0055931215605032
Dnajc15	0.0066278519550204	0.0048573163327261	False	False	2	2	0.9929976162097736	0.995142683667274	0.9985142998638108	0.9980362346382872	0.999625468164794	1.0	0.0057425841438732
Dctn2	0.0035237332112332	0.0083017077798861	False	False	2	2	0.9953601953601954	0.991698292220114	0.999795333606222	0.9997032640949556	0.9988839285714286	1.0	0.0059127204955596
Immt	0.0153966964890968	-0.0033133349900008	False	True	3	2	0.5005268703898841	0.983705491852746	0.5040148239654108	0.9826449149600832	0.5159235668789809	0.9803921568627452	0.0060416807495479
Prss52	0.0036573430175655	0.0084635128556888	False	False	2	2	0.9629629629629628	0.9830508474576272	0.96875	0.9746524938675388	0.9666203059805284	0.991514360313316	0.0060604279366272
Acbd6	0.0122927238518112	-0.0001574053700258	False	False	3	3	0.8398707376866503	0.8667827155437231	0.8485964104924069	0.8520564763658687	0.8521634615384616	0.8666253101736973	0.0060676592408926
Iscu	0.0074515648286139	0.0048178259560373	False	False	2	2	0.992548435171386	0.9951821740439628	0.9979392065945388	1.0	1.0	1.0	0.0061346953923256
Tomm70a	0.005877015541626	0.0067832378655411	False	False	2	2	0.0086157380815623	0.0093457943925233	0.0035460992907801	0.0015267175572519	0.0144927536231884	0.0161290322580645	0.0063301267035836
Rps12	0.0167557932263814	-0.0038508601453969	False	False	2	2	0.0303030303030303	0.0190023752969121	0.0153508771929824	0.0207336523125996	0.0470588235294117	0.0151515151515151	0.0064524665404922
Cfap69	0.0058548524196148	0.0071065391939378	False	False	3	2	0.970183486238532	0.9477806788511748	0.9477928692699492	0.8470254957507082	0.9760383386581468	0.9548872180451128	0.0064806958067763
Mycbp	0.104814063556457	-0.0917549850454099	False	False	3	4	0.423921568627451	0.6477205447010065	0.6194909993792675	0.743102442277236	0.5287356321839081	0.5559655596555966	0.0065295392555235
Klhdc2	0.0079598863007401	0.0057009216407578	False	False	2	2	0.0055536272127733	0.008187967248131	0.005166744950681	0.0009496676163342	0.0135135135135135	0.0138888888888888	0.006830403970749
Spag16	0.0316118935837245	-0.0178413152251608	False	False	3	4	0.9683881064162756	0.9778413152251608	0.985203180212014	0.9859752861799712	1.0	0.96	0.0068852891792818
Zfand3	0.0041528759484087	0.0110452199677967	False	False	6	5	0.7869989165763813	0.735145739910314	0.7701306076093131	0.7262044080358885	0.7911517925247901	0.7461909598781107	0.0075990479581027
Uqcrb	-0.0038669368456601	0.0193263390392048	True	False	2	2	0.9641843971631204	0.9806736609607952	0.9606505771248688	0.9824034334763948	0.9603174603174603	1.0	0.0077297010967723
Catsperz	0.0136237835717148	0.0028125148377105	False	False	2	2	0.916200777831794	0.9605305936666884	0.9150816522574448	0.9607151485866152	0.9298245614035088	0.9633431085043987	0.0082181492047127
Pabpc1	0.0064034443008889	0.0103023804746176	False	False	3	4	0.9662281346464796	0.9774652036232416	0.9537731841993488	0.9692379685729766	0.9726315789473684	0.9877675840978594	0.0083529123877532
Rps5	0.0375723493817417	-0.0202922077922077	False	False	2	2	0.7034990791896869	0.8839285714285714	0.6896551724137931	0.8600823045267489	0.7410714285714286	0.8636363636363636	0.0086400707947669
Art3	0.0110708534621578	0.0062143966856551	False	False	2	2	0.988929146537842	0.9937856033143448	1.0	1.0	1.0	1.0	0.0086426250739065
Desi1	0.0105229195468342	0.0073620119816966	False	False	4	3	0.655739093604405	0.4927729772191673	0.659040045194794	0.4925561443350997	0.6662620131512392	0.500134989200864	0.0089424657642654
Wapl	0.0077440847161547	0.0101915391491823	False	False	4	4	0.2155263555354176	0.1911973497397065	0.2294326241134751	0.2042643229166666	0.2232704402515723	0.2013888888888888	0.0089678119326685
Bcap29	0.001413065386974	0.0167109963386974	False	False	2	3	0.9943134303395216	0.9293967880924404	0.9987839481151196	0.940603595890411	0.9957264957264956	0.9461077844311376	0.0090620308628357
Rpl4	-0.0086272068042424	0.026767119093624	False	False	4	2	0.7194605401375758	0.1303325787915723	0.7358356220120028	0.1611475877819012	0.7108333333333333	0.1570996978851963	0.0090699561446907
Lpcat3	0.0095057034220532	0.0089605734767025	False	False	2	2	0.9904942965779469	0.9910394265232976	0.9974457215836526	0.9957055214723928	1.0	1.0	0.0092331384493778
1700001O22Rik	0.0089308865666178	0.0096798170867847	False	False	2	3	0.9909035779260158	0.4911646586345382	0.987284659557014	0.496177831422249	0.9998344644926336	0.500844475721323	0.0093053518267013
Cfap299	-0.0053100376841384	0.0244802762889372	False	False	3	3	0.933881466255567	0.9578726648875332	0.9375832963127498	0.948755991782698	0.9285714285714286	0.9823529411764704	0.0095851193023994
Cenpv	0.010669105319311	0.0086558430364165	False	False	2	2	0.9893308946806888	0.9881492687846696	1.0	0.9995160314579552	1.0	0.9968051118210862	0.0096624741778638
Cdc42se1	0.0214034757513018	-0.0015879274499964	False	False	4	4	0.3283549783549783	0.3438956197576887	0.411754477482177	0.3879928315412186	0.3497584541062802	0.3423076923076923	0.0099077741506527
Mapre3	0.0132569395194903	0.0067426759287224	False	False	2	2	0.9840182648401826	0.9854651162790696	0.7830423940149626	0.9032258064516128	0.997275204359673	0.9922077922077922	0.0099998077241064
Aamdc	0.0084557721139431	0.0120859875675988	False	False	2	2	0.9115442278860568	0.9439579684763572	0.8129032258064516	0.8974591651542649	0.92	0.956043956043956	0.0102708798407709
Suclg1	-0.0091039637682494	0.0303632942538717	False	False	2	2	0.8884143085958356	0.9594326241134752	0.87871777924653	0.967824967824968	0.8793103448275862	0.9897959183673468	0.0106296652428111
Mrpl35	0.0118797384136863	0.0104353011329755	False	False	3	2	0.4694036840462067	0.0128205128205128	0.4782945736434108	0.0102141680395387	0.481283422459893	0.0232558139534883	0.0111575197733309
Meaf6	0.0025827299740237	0.0198321309655937	False	False	3	2	0.4867139061116032	0.9650735294117648	0.4874078624078624	0.9749235474006116	0.4892966360856269	0.9849056603773584	0.0112074304698087
Fam178b	0.0031949528720965	0.019280495587685	False	False	3	2	0.9751649560117304	0.9586606808829032	0.9808083745274788	0.9690428855438796	0.9783599088838268	0.9779411764705882	0.0112377242298908
Bbip1	-0.0398216025370855	0.0624405285533954	True	False	3	3	0.5101186322400558	0.5323462013044244	0.4870141038871689	0.5991142714570858	0.4702970297029702	0.5947867298578199	0.0113094630081549
Gtf2a1l	0.0116353321961348	0.0109996417351958	False	False	3	3	0.947326141840716	0.960728952772074	0.9571352502662408	0.9774496478438156	0.958961474036851	0.9717285945072698	0.0113174869656653
Taf11	0.0123752222070285	0.0110365508934936	False	False	2	2	0.9805825242718448	0.9537521815008726	0.9922680412371134	0.9524680073126144	0.9929577464788732	0.9647887323943662	0.0117058865502611
Optn	-0.0089331611479581	0.0324933687002652	False	False	2	2	0.9770182675309368	0.9675066312997348	0.953287197231834	0.9768602540834844	0.9680851063829788	1.0	0.0117801037761535
Cisd1	0.0066102250780424	0.0173809542893326	False	False	2	2	0.9783521809369952	0.970423923759448	0.9638297872340426	0.9800646551724138	0.9849624060150376	0.9878048780487804	0.0119955896836875
Zfp654	0.0098458707154359	0.0146034980472066	False	False	4	4	0.3383022774327122	0.3443708609271523	0.3513694054776218	0.3528708133971291	0.3481481481481481	0.358974358974359	0.0122246843813213
Zfp451	0.016000625132151	0.0084706129274373	False	False	4	4	0.6193129062209841	0.6434540389972145	0.5963414634146341	0.6260290768961289	0.6353135313531352	0.6519246519246519	0.0122356190297941
Ewsr1	0.0096278804154897	0.0151635740707051	False	False	4	4	0.946893858714945	0.9268654114365412	0.96068430559983	0.9476069615663524	0.9565217391304348	0.9420289855072465	0.0123957272430974
Bud31	0.0041998231653403	0.0208855472013367	False	False	2	2	0.9871794871794872	0.9791144527986632	0.9933135215453196	0.9931972789115646	0.9913793103448276	1.0	0.0125426851833385
Ctdnep1	-0.0001601669324899	0.0253417892798486	False	False	3	2	0.9729434603251638	0.9628538262344852	0.932100878694511	0.9512884978001256	0.9727832933926738	0.988195615514334	0.0125908111736793
Spint2	-0.0129015018835263	0.038091049742492	False	False	3	3	0.971500227998176	0.9532882606023356	0.9818181818181818	0.9856505102040816	0.9585987261146496	0.9913793103448276	0.0125947739294828
Thumpd3	0.0092446974874861	0.0159572192513369	False	False	2	3	0.97934845840605	0.968	0.975867269984917	0.9559110417479516	0.988593155893536	0.983957219251337	0.0126009583694115
Spata3	0.0307009167303284	-0.0050326286281342	False	False	3	2	0.5803571428571429	0.989010989010989	0.5935251798561151	0.9736008447729672	0.6110580595874714	0.9839783603828548	0.0128341440510971
Rps27a	0.0178970124393096	0.008125362739408	False	False	2	2	0.972250770811922	0.991874637260592	0.9801849405548216	0.9869773817683344	0.9901477832512317	1.0	0.0130111875893588
Cirbp	-0.0215893431327514	0.0476420564360262	True	False	2	3	0.0215893431327514	0.0100502512562814	0.0140845070422535	0.0082644628099173	0.0	0.0576923076923076	0.0130263566516373
Ddx4	0.011902105416689	0.0144900727586632	False	False	2	2	0.9629180384682032	0.9528301886792452	0.9631506218332566	0.9436317780580076	0.974820143884892	0.9673202614379084	0.0131960890876761
Pgp	0.0163536076200943	0.0104800979869569	False	False	3	3	0.965604969272451	0.9870214635370904	0.9473140162160416	0.9645540454803486	0.9819585768925452	0.9975015615240476	0.0134168528035256
1700113H08Rik	0.0059880239520958	0.0209138935787811	False	False	2	2	0.994011976047904	0.9767441860465116	0.9949304562589368	0.9960707269155208	1.0	0.9976580796252928	0.0134509587654385
Glrx3	0.0189313799848308	0.0088241547948118	False	False	3	2	0.970949263502455	0.9911758452051882	0.9866642958748222	0.9984888252604788	0.989880643487286	1.0	0.0138777673898213
Rpl26	0.0121346867540418	0.0161997507523528	False	False	2	2	0.5262498259295363	0.6852454378271325	0.5334489235659586	0.6945358788676761	0.5383845126835781	0.7014451885794853	0.0141672187531973
Adam2	0.0415358264344847	-0.0121531648322007	False	False	3	4	0.9584641735655152	0.9619248543299176	0.9873646209386282	0.9918146329177686	1.0	0.9497716894977168	0.0146913308011419
Mthfsd	-0.0061473237943825	0.0358032143665585	False	False	2	2	0.8728139904610492	0.912472647702407	0.8666666666666667	0.8699551569506726	0.8666666666666667	0.9482758620689656	0.0148279452860879
Tmem232	0.0062761644851889	0.0234604105571847	False	False	3	2	0.9817477876106194	0.9765395894428152	0.9507731958762886	0.9600431965442764	0.9880239520958084	1.0	0.0148682875211868
Fam98a	-0.0139225477956475	0.0437017994858611	False	False	2	2	0.9491077329808328	0.9562982005141388	0.964630225080386	0.9988235294117648	0.9351851851851852	1.0	0.0148896258451068
Desi2	-0.0023767082590612	0.032591782665377	False	False	4	4	0.3660130718954248	0.320675105485232	0.3154180238870792	0.3345579230957629	0.3636363636363636	0.3532668881506091	0.0151075372031579
Drap1	0.0182529335071708	0.0123674911660777	False	False	2	2	0.9817470664928292	0.9876325088339224	0.9665071770334928	0.9926547743966422	1.0	1.0	0.0153102123366242
Gsto2	0.0107779080806388	0.0199554376499695	False	False	3	3	0.9688320209973752	0.9721843003412968	0.9741322855271776	0.9877668308702792	0.979609929078014	0.9921397379912664	0.0153666728653041
Bnip3l	0.025988207032103	0.0047483380816714	False	False	2	3	0.0134854771784232	0.033713200379867	0.0131332082551594	0.0156398104265402	0.0394736842105263	0.0384615384615384	0.0153682725568872
Sod1	0.0081780065590103	0.0226920809981918	False	False	2	2	0.9276018099547512	0.9562841530054644	0.9184782608695652	0.9674237895995218	0.9357798165137616	0.9789762340036564	0.0154350437786011
Pfdn1	0.0042885375494071	0.0265985097903309	False	False	2	2	0.9843478260869564	0.9482758620689656	0.9835716458777	0.9552514792899408	0.9886363636363636	0.9748743718592964	0.015443523669869
Sap18	0.0087490680739594	0.022603609423439	False	False	3	3	0.0114263705225317	0.0096092757306226	0.0051048821236309	0.0062913548107169	0.0201754385964912	0.0322128851540616	0.0156763387486992
BC049762	0.020122621163002	0.0114887632996365	False	False	2	2	0.9622641509433962	0.9803921568627452	0.9845628415300548	0.988770911313116	0.9823867721063982	0.9918809201623816	0.0158056922313192
Stt3b	0.0122886719415253	0.0205695636815557	False	False	2	2	0.9781190019193858	0.9765444334324414	0.975609756097561	0.9849217088729944	0.9904076738609112	0.9971139971139972	0.0164291178115405
Cfap206	0.0157088122605363	0.0174591348925489	False	False	2	2	0.9555555555555556	0.9791395045632334	0.9519230769230768	0.9757425742574256	0.971264367816092	0.9965986394557824	0.0165839735765426
Ndufs5	0.0613899211881804	-0.0271262733949301	False	False	2	2	0.8196673475342865	0.8763326226012793	0.8276315789473684	0.8836565096952909	0.8810572687224669	0.8492063492063492	0.0171318238966251
Smco2	0.0289908137064444	0.00558215520984	False	False	2	2	0.96031399912778	0.9676798768757214	0.978709248170326	0.9828587226983688	0.9893048128342246	0.9732620320855616	0.0172864844581422
Catsper4	0.0	0.0346631785480705	False	False	2	2	1.0	0.9545454545454546	0.9646526921496096	0.9804679945851866	1.0	0.9892086330935252	0.0173315892740352
Cfap46	0.0444657498016397	-0.0095799557848194	False	True	2	2	0.0081658291457286	0.0095799557848194	0.0025510204081632	0.0046772684752104	0.0526315789473684	0.0	0.0174428970084101
Galntl6	-0.0143908043531452	0.0492943490080398	False	False	2	2	0.9165647173966236	0.9065880039331368	0.9239520958083832	0.8793375394321766	0.9021739130434784	0.9558823529411764	0.0174517723274473
Wdr60	0.038745350153647	-0.0038029466685257	False	False	2	4	0.1533842794759825	0.0633842671194114	0.1315068493150684	0.0475049030289823	0.1921296296296296	0.0595813204508856	0.0174712017425606
Higd1a	0.0255683462607084	0.0096460199192192	False	False	3	3	0.4376012965964344	0.4677002583979328	0.4278042959427208	0.4535418583256669	0.4631696428571428	0.4773462783171521	0.0176071830899638
Eif5	0.0132873408014464	0.0221596052500822	False	False	4	4	0.6029976464759073	0.6411966463414634	0.60442098317387	0.6388932723160275	0.6162849872773537	0.6633562515915457	0.0177234730257643
Rabgef1	0.0215975419797675	0.0142816436643733	False	False	2	2	0.0011297307475051	0.0019785189372526	0.0159112825458052	0.023030303030303	0.0227272727272727	0.016260162601626	0.0179395928220704
Akt1s1	-0.0117111650485436	0.0487364620938628	False	False	2	2	0.94375	0.9512635379061372	0.9213483146067416	0.9418181818181818	0.9320388349514565	1.0	0.0185126485226596
Herpud2	0.0110262234152385	0.0261387269094319	False	False	3	3	0.9344827586206896	0.9124087591240876	0.98125	0.9515096065873742	0.945508982035928	0.9385474860335196	0.0185824751623352
Pebp4	0.0209323723211144	0.0168399546652799	False	False	4	5	0.960354791022712	0.9702881917878092	0.9694307549460752	0.9787203656098258	0.9812871633438264	0.9871281464530892	0.0188861634931972
Ift57	0.0262558458313175	0.0116970119451303	False	False	2	2	0.9139150943396226	0.922882427307206	0.960087082728592	0.967688483844242	0.9401709401709402	0.9345794392523364	0.0189764288882239
Ppp4r2	0.3570148362043214	-0.3185185185185185	False	True	2	2	0.2710843373493976	0.3185185185185185	0.6669572798605057	0.0483933410762679	0.628099173553719	0.0	0.0192481588429014
Rplp2	0.052712800519818	-0.0141819832085318	False	False	2	2	0.4151234567901234	0.4743589743589743	0.4361313868613138	0.4237485448195576	0.4678362573099415	0.4601769911504424	0.019265408655643
Anapc11	0.0119777581195501	0.0271666909161453	False	False	2	2	0.0009756097560975	0.0038677918424753	0.1763270286760219	0.1517888155609586	0.0129533678756476	0.0310344827586206	0.0195722245178477
Ing4	0.0156239598871108	0.0235637164840986	False	False	2	2	0.9729800287168776	0.9634210991341228	0.9968680913780398	0.9962329135722744	0.9886039886039886	0.9869848156182212	0.0195938381856047
Ubap2l	0.100932195074085	-0.0609500018102168	False	False	4	4	0.6248062015503875	0.6226783968719452	0.5575757575757575	0.366822429906542	0.7257383966244725	0.5617283950617283	0.0199910966319341
Rnf41	0.0550847457627118	-0.0146929824561403	False	False	2	3	0.0	0.1041666666666666	0.0190597204574332	0.027378507871321	0.0550847457627118	0.0894736842105263	0.0201958816532857
Ube2w	0.0366147712414929	0.00496953838944	False	False	3	4	0.5082730093071355	0.6711057304277642	0.5310344827586206	0.672120830711139	0.5448877805486284	0.6760752688172043	0.0207921548154664
Ddx20	0.0376581823410986	0.0040760869565217	False	False	2	2	0.9480874316939892	0.9959239130434784	0.966579482708515	0.9951706910907576	0.9857456140350878	1.0	0.0208671346488101
Mettl23	-0.0110187351686829	0.052788906009245	False	False	3	3	0.6556728232189973	0.6463636363636364	0.7418096723868954	0.7512886597938144	0.6446540880503144	0.6991525423728814	0.020885085420281
Azi2	0.0094966252444332	0.032957820277705	False	False	3	3	0.7614457831325301	0.8272727272727273	0.779158215010142	0.8409206510681587	0.7709424083769634	0.8602305475504323	0.0212272227610691
Ak6	0.018488555620171	0.0240859023641018	False	False	2	2	0.0465602309697714	0.0477833141689025	0.0474800800078696	0.0499003854246187	0.0650487865899424	0.0718692165330043	0.0212872289921364
Pnpla8	0.0026162585146252	0.0403184713375796	False	False	2	2	0.5885167464114832	0.6496815286624203	0.645124716553288	0.7395437262357415	0.5911330049261084	0.69	0.0214673649261024
Eif4a1	0.0173525946812413	0.0263418554234881	False	False	2	2	0.9771528998242532	0.9640427599611272	0.9716231555051078	0.966824644549763	0.9945054945054944	0.9903846153846154	0.0218472250523647
Dcun1d5	-0.01056892132407	0.054606972164958	False	False	2	2	0.7591069330199764	0.8510534051935326	0.7937254901960784	0.8846066134549601	0.7485380116959064	0.9056603773584906	0.0220190254204439
H2ap	0.0371140721481962	0.0070631123262702	False	False	2	2	0.3529411764705882	0.3609022556390977	0.3563369194437155	0.3987963256255939	0.3900552486187845	0.3679653679653679	0.0220885922372332
Rpl23	0.0666418771637389	-0.021998534194494	False	False	2	2	0.8751763046544428	0.9912967798085291	0.8677551020408163	0.995973829894313	0.9418181818181818	0.9692982456140352	0.0223216714846224
Ndrg3	0.0220430107526882	0.0226666666666666	False	False	2	2	0.9779569892473118	0.9773333333333334	0.9522727272727272	0.9890985324947588	1.0	1.0	0.0223548387096774
Klhl10	0.0056827859587185	0.0393033955508337	False	False	2	2	0.9760765550239234	0.9484978540772532	0.9908310802868228	0.9894579293290818	0.981759340982642	0.9878012496280868	0.0224930907547761
Txnl4a	0.0234537266795331	0.0215657750968184	False	False	4	4	0.3464387464387464	0.0202946900194606	0.4192708333333333	0.08566642737497	0.3698924731182796	0.041860465116279	0.0225097508881757
Prkar1a	0.0262787973447871	0.0191099536681906	False	False	2	2	0.0121827411167512	0.0143348623853211	0.0037262208276132	0.0035207917023503	0.0384615384615384	0.0334448160535117	0.0226943755064889
Rgl1	-0.0295138369483919	0.0753768844221105	False	False	3	3	0.5209424083769634	0.4246231155778894	0.4414893617021276	0.4126984126984127	0.4914285714285714	0.5	0.0229315237368593
Atp5md	-0.0165809495902757	0.0631578947368421	False	False	3	2	0.188821752265861	0.2368421052631578	0.1587982832618025	0.2288770053475936	0.1722408026755852	0.3	0.0232884725732831
Dtnbp1	0.0195023451144363	0.0272174840085287	False	False	3	3	0.94952420355813	0.9578571428571429	0.9373848987108656	0.9552529182879378	0.9690265486725664	0.9850746268656716	0.0233599145614825
Usp44	-0.0146911302057506	0.0615050008877315	True	False	3	2	0.4819897084048027	0.8852459016393442	0.4684410646387832	0.9158496732026143	0.4672985781990521	0.9467509025270758	0.0234069353409904
Bbof1	0.0135980060748579	0.0337870893235489	False	False	3	3	0.845776993925142	0.8625092069727474	0.8357317819963258	0.857443706463632	0.859375	0.8962962962962963	0.0236925476992034
Eif2s2	0.0069253261358524	0.0416491279892675	False	False	3	4	0.4864957264957265	0.4131127767726372	0.4900206469373709	0.4661253280839895	0.4934210526315789	0.4547619047619047	0.02428722706256
Gnpat	0.0232087467276767	0.0260785156391983	False	False	2	2	0.9538904899135446	0.9497523000707714	0.9580838323353292	0.9579037800687286	0.9770992366412212	0.9758308157099698	0.0246436311834375
Rmdn2	0.0361025594131333	0.0140232489614329	False	False	2	2	0.9434571890145396	0.978319783197832	0.9519106912838128	0.934672347332116	0.9795597484276728	0.9923430321592648	0.0250629041872831
Ube2k	0.0270493988243052	0.0232422934247348	False	False	2	3	0.9710144927536232	0.9612903225806452	0.9433710859427048	0.9585205151242888	0.9980638915779284	0.98453261600538	0.02514584612452
Sgms1	0.0126857711725805	0.0383892234670893	False	False	3	3	0.9865853658536584	0.9612676056338028	0.9730473047304732	0.984984984984985	0.999271137026239	0.9996568291008924	0.0255374973198349
Pdia3	0.0464569454724895	0.0056533072662104	False	False	3	2	0.9192573402417962	0.9665689149560116	0.9315276932440656	0.975047258979206	0.9657142857142856	0.9722222222222222	0.02605512636935
Ccdc184	0.1088435374149659	-0.0549905838041431	False	False	2	2	0.0244897959183673	0.0888888888888888	0.0120087336244541	0.0122235157159487	0.1333333333333333	0.0338983050847457	0.0269264768054114
Zbbx	0.0712943071965628	-0.0172221093273724	False	True	2	2	0.6326530612244898	0.9342105263157896	0.6537162162162162	0.9172443674176776	0.7039473684210527	0.916988416988417	0.0270360989345951
Dnajc4	0.0473582474226804	0.0067555118835594	False	False	2	2	0.5463917525773195	0.8879813302217037	0.5513513513513514	0.8802395209580839	0.59375	0.8947368421052632	0.0270568796531199
Pdcd5	0.0496345082932747	0.0048751486325802	False	False	2	2	0.1300345224395857	0.0951248513674197	0.1580470162748643	0.1138377641445126	0.1796690307328605	0.1	0.0272548284629275
Sgf29	0.0238134295713036	0.0321198479577853	False	False	3	3	0.4756944444444444	0.4691358024691358	0.494476525232237	0.4943730817324088	0.499507874015748	0.5012556504269211	0.0279666387645444
Mroh5	0.0170020945269101	0.039647577092511	False	False	2	2	0.0007194244604316	0.0	0.031974921630094	0.0393374741200828	0.0177215189873417	0.039647577092511	0.0283248358097105
Ncaph2	0.0117971459434874	0.0488022795325027	False	False	2	2	0.949741315594974	0.9068627450980392	0.9650837988826816	0.9679230152365678	0.9615384615384616	0.955665024630542	0.030299712737995
Rpl30	0.0202570740791206	0.0412363485280151	False	False	2	3	0.1138211382113821	0.5637019230769231	0.1423149905123339	0.5778739184177998	0.1340782122905028	0.6049382716049383	0.0307467113035679
Pnmal2	-0.0906768041879595	0.1547619047619047	False	False	2	2	0.4225352112676056	0.4166666666666667	0.3185378590078329	0.4202161474888747	0.331858407079646	0.5714285714285714	0.0320425502869725
Rer1	0.0160247063134202	0.0495904558404558	False	False	2	2	0.0075973409306742	0.0081018518518518	0.0093632958801498	0.0167539267015706	0.0236220472440944	0.0576923076923076	0.032807581076938
Gm20661	-0.0096913375373381	0.0777516567699572	False	False	2	2	0.3053435114503817	0.3406156901688182	0.4024960998439937	0.4136163982430454	0.2956521739130435	0.4183673469387755	0.0340301596163095
4933424G06Rik	-0.0656201749871332	0.1339182636804432	False	False	2	2	0.9104477611940298	0.8169014084507042	0.661437908496732	0.7828358208955224	0.8448275862068966	0.9508196721311476	0.034149044346655
Rplp1	0.0423110683813092	0.0262411448270637	False	False	2	2	0.5226776618966772	0.6870525059665871	0.5270117113713638	0.6915713905876096	0.5649887302779865	0.7132936507936508	0.0342761066041865
Sqle	0.012698328656395	0.0583760683760683	False	False	2	2	0.8734402852049911	0.8877777777777778	0.9171830985915492	0.9255176122613604	0.8861386138613861	0.946153846153846	0.0355371985162317
Golph3l	0.0761047463175123	-0.0049153669894301	False	False	3	3	0.9238952536824876	0.9386503067484664	0.8164948453608247	0.7797164667393675	1.0	0.933734939759036	0.035594689664041
Slc22a16	0.0430561124476521	0.0282647399814324	False	False	2	2	0.9285201149425288	0.9219840162374732	0.934971098265896	0.9389432485322896	0.9715762273901808	0.9502487562189056	0.0356604262145422
Rpl17	0.0272904152667956	0.0440651737714848	False	False	2	2	0.0611814345991561	0.069813829787234	0.0874035989717223	0.0970149253731343	0.0884718498659517	0.1138790035587188	0.0356777945191402
Cep128	0.0554699537750384	0.0161290322580645	False	False	2	2	0.9445300462249616	0.9838709677419356	0.9947368421052633	0.9859084046300955	1.0	1.0	0.0357994930165515
Rpl32	0.0330916659240327	0.0388665419149217	False	False	2	3	0.7324771963514163	0.8414982649520311	0.7373209772535805	0.8694822888283379	0.7655688622754491	0.8803648068669528	0.0359791039194772
Pgam2	0.0258872524548092	0.0502009422201136	False	False	2	2	0.6336872156302971	0.6232886583081135	0.6307168955524758	0.6301452178267402	0.6595744680851063	0.6734896005282272	0.0380440973374614
Hadha	0.0303007584560983	0.0459707950243374	False	False	2	2	0.9426722145168748	0.9540292049756626	0.98932384341637	0.9974608548455354	0.972972972972973	1.0	0.0381357767402179
Gnaz	0.0441547898250044	0.0367833365369493	False	False	2	2	0.9232365145228216	0.895800933125972	0.9312567132116004	0.8699007717750827	0.967391304347826	0.9325842696629212	0.0404690631809768
Sntg1	0.0172131489477087	0.065483834628816	False	False	3	3	0.5026281208935611	0.5011828320378506	0.7034548944337812	0.7391061452513966	0.5198412698412699	0.5666666666666667	0.0413484917882623
Atp8b3	0.0435701563151755	0.0407582941829194	False	False	2	2	0.7109956879655037	0.7256027554535017	0.7502726281352236	0.7950575852337731	0.7545658442806793	0.7663610496364212	0.0421642252490475
Fam71d	0.0148321195018503	0.0704717710750193	False	False	3	3	0.6566265060240963	0.66	0.670749279538905	0.7201365187713311	0.6714586255259467	0.7304717710750194	0.0426519452884348
Slc22a21	0.0457827593156968	0.0408070313654045	False	False	3	3	0.542652614833963	0.546149490373726	0.5440391459074733	0.5350490196078431	0.5884353741496599	0.5869565217391305	0.0432948953405507
Atl3	0.0069337653778558	0.0810714447128301	False	False	2	3	0.9921875	0.9186046511627908	0.9417016806722688	0.9468345965225144	0.9991212653778558	0.9996760958756208	0.0440026050453429
Gm21992	-0.2034291010194625	0.2916086552964381	False	False	5	7	0.3765060240963855	0.134861932938856	0.5487421383647799	0.2348317366740358	0.173076923076923	0.4264705882352941	0.0440897771384878
Adam32	0.0177139494786392	0.0727333701912161	False	False	2	3	0.9494991652754592	0.8370139222275564	0.9689973614775724	0.8807760141093475	0.9672131147540984	0.9097472924187726	0.0452236598349277
Fam149b	0.0173414304993252	0.073396674584323	False	False	3	3	0.8736842105263158	0.8266033254156769	0.9242424242424242	0.896887159533074	0.8910256410256411	0.9	0.0453690525418241
Tsga10	0.0472442735466799	0.0458440692476764	False	False	3	3	0.8679856115107913	0.8937329700272479	0.913135593220339	0.9239130434782608	0.9152298850574712	0.9395770392749244	0.0465441713971782
Kansl1	-0.030143117356232	0.1236873042687927	False	False	4	7	0.6895238095238095	0.5491143317230274	0.3623188405797101	0.5289421157684631	0.6593806921675774	0.6728016359918201	0.0467720934562803
Sltm	-0.0362581325830842	0.1304755944931163	True	False	4	7	0.4439716312056737	0.4822695035460994	0.4245385450597176	0.5062791532113384	0.4077134986225895	0.6127450980392157	0.047108730955016
Golga4	-0.0124210325333511	0.1067945412918462	True	False	3	2	0.5390167772142022	0.1239746894773845	0.5351611552951026	0.0751204555409548	0.526595744680851	0.2307692307692307	0.0471867543792475
Cog4	0.0960502780737164	0.0028409090909091	False	False	3	3	0.8757807078417765	0.9646915584415584	0.984375	0.9741176470588236	0.971830985915493	0.9675324675324676	0.0494455935823128
Agtpbp1	0.0806506747517983	0.0186168283944707	False	False	4	4	0.8188202247191011	0.8420796890184645	0.8662790697674418	0.8809313292071912	0.8994708994708994	0.8606965174129353	0.0496337515731345
Eif5b	0.0579432184037723	0.042721545152382	False	False	4	3	0.2139014417904024	0.287467134092901	0.2248178849535292	0.2642501776830135	0.2718446601941747	0.330188679245283	0.0503323817780771
Ccdc63	0.0371283997469955	0.0648854961832061	False	False	3	3	0.956989247311828	0.9351145038167938	0.9876258389261744	0.985410094637224	0.9941176470588236	1.0	0.0510069479651008
Ankrd42	0.0986887508626639	0.0055572998430141	False	False	3	4	0.6155969634230504	0.7477760334903192	0.6226774654597428	0.7519635165948821	0.7142857142857143	0.7533333333333333	0.052123025352839
Pex13	0.0587861444933655	0.045621123607072	False	False	2	3	0.9321640817509784	0.4584772370486656	0.991198375084631	0.4973323848479459	0.990950226244344	0.5040983606557377	0.0522036340502187
Polr2l	-0.0116497299276755	0.1189153439153439	False	False	2	2	0.6555891238670695	0.6884920634920635	0.6231454005934718	0.7160161507402423	0.6439393939393939	0.8074074074074075	0.0536328069938342
Trim52	0.05	0.0590565707960305	False	False	2	2	0.95	0.9366515837104072	0.9799777530589544	0.9733044733044732	1.0	0.9957081545064378	0.0545282853980153
1700037C18Rik	0.0223872094971398	0.0914974882716818	False	False	2	2	0.0463847203274215	0.0698924731182795	0.0741905061301477	0.1302311055590256	0.0687719298245614	0.1613899613899614	0.0569423488844108
Hspa12a	0.112162301505465	0.0032412094216103	False	False	5	6	0.2724530831099195	0.2399406087602078	0.2468394437420986	0.1878666666666666	0.3846153846153846	0.2431818181818182	0.0577017554635377
Srsf11	0.0131318582478863	0.1025145067698258	False	False	4	2	0.8103975535168195	0.8974854932301741	0.8810572687224669	0.9739336492890996	0.8235294117647058	1.0	0.0578231825088561
Cox7a2	0.0595800117392282	0.0582358239604681	False	False	2	2	0.7488109917209794	0.856530082402077	0.7422257509593754	0.8642470772989007	0.8083910034602076	0.9147659063625452	0.0589079178498481
Rtf1	0.0551671732522796	0.0629282521272372	False	False	3	4	0.4376899696048632	0.423963133640553	0.5095785440613027	0.4939521800281293	0.4928571428571429	0.4868913857677902	0.0590477126897584
Cops5	0.0852586959060711	0.0342207638068086	False	False	2	2	0.9065108514190318	0.94987817612252	0.9194630872483222	0.95807353257364	0.9917695473251028	0.9840989399293286	0.0597397298564398
Nedd8	0.069002557544757	0.0533627131634412	False	False	2	2	0.7788235294117647	0.8289902280130294	0.7961165048543689	0.8285914998243765	0.8478260869565217	0.8823529411764706	0.0611826353540991
Slbp	0.0394939110146854	0.0843099104492504	False	False	5	5	0.8205807158509861	0.8042443064182194	0.966120218579235	0.9704510108864696	0.8600746268656716	0.8885542168674698	0.0619019107319679
Ephx4	0.0700592806216453	0.0538106178102528	False	False	2	2	0.9277777777777778	0.9381443298969072	0.9379666858127512	0.9471967696847337	0.9978370583994232	0.99195494770716	0.0619349492159491
Lims2	0.0912665562913906	0.0332401366884125	False	False	2	2	0.8774834437086093	0.8288288288288288	0.9901960784313726	0.984304932735426	0.96875	0.8620689655172413	0.0622533464899016
Ankrd36	-0.0845191113032574	0.2096039574095859	True	False	7	5	0.3958101594364108	0.5055123216601816	0.3339100346020761	0.6869108049311095	0.3112910481331534	0.7151162790697675	0.0625424230531642
Kpna7	0.0227686703096539	0.1023791863981286	False	False	2	2	0.0327868852459016	0.0387972841901066	0.0130631831511596	0.0121240024554941	0.0555555555555555	0.1411764705882353	0.0625739283538912
Tbata	0.0502078216512373	0.0752860153545085	False	False	2	2	0.9402985074626866	0.9041095890410958	0.8911495422177009	0.9033441208198488	0.990506329113924	0.9793956043956044	0.0627469185028729
Dnajc2	0.1258426966292134	0.000587974709033	False	False	5	4	0.6241573033707866	0.6696629213483146	0.6167168674698795	0.631578947368421	0.75	0.6702508960573477	0.0632153356691232
Ubl5	0.0134440954589485	0.1164908439490446	False	False	2	2	0.569377990430622	0.7038216560509554	0.6114570361145704	0.7219647822057461	0.5828220858895705	0.8203125	0.0649674697039965
Tnni3	0.0603335350925532	0.0720349527830275	False	False	3	4	0.0266570605187319	0.0098132320354542	0.0404141616566466	0.0242899850523168	0.0869905956112852	0.0818481848184818	0.0661842439377904
Dnajb6	0.0410241908134781	0.092159345583662	False	False	6	6	0.4830264420979143	0.4884261705950745	0.4452042515046741	0.4438950693586045	0.5240506329113924	0.5805855161787365	0.06659176819857
Cyhr1	0.0178704856787047	0.1223922433599852	False	False	2	4	0.8184931506849316	0.3327359617682198	0.6206896551724138	0.4769463340891912	0.8363636363636363	0.455128205128205	0.070131364519345
Tecpr2	0.0705039891744276	0.0706659646732117	False	False	3	2	0.0058750773036487	0.0026200873362445	0.0488527017024426	0.0622277535780958	0.0763790664780763	0.0732860520094562	0.0705849769238196
Fam227b	0.048838104461952	0.0941472500898663	False	False	3	3	0.8804548248309773	0.8213457076566125	0.9742857142857144	0.9696591853699086	0.9292929292929292	0.9154929577464788	0.0714926772759091
Ube4b	0.0914502164502164	0.0520697167755991	False	False	2	2	0.2121212121212121	0.2627450980392157	0.1338582677165354	0.1704918032786885	0.3035714285714285	0.3148148148148148	0.0717599666129077
Fyttd1	0.0682768427608494	0.0761455595072418	False	False	3	2	0.4783552815914822	0.8905211071594248	0.4841034336583298	0.9496799823438534	0.5466321243523317	0.9666666666666668	0.0722112011340456
Cox7c	0.0635063118760694	0.0829283538464247	False	False	2	2	0.0380979661987969	0.0610110400929692	0.0466450009558401	0.0796955451085739	0.1016042780748663	0.1439393939393939	0.073217332861247
Stpg4	0.050827829756008	0.0989487879940523	False	False	2	2	0.8694620253164557	0.8514644351464435	0.9545131485429992	0.9550160656908248	0.9202898550724636	0.950413223140496	0.0748883088750302
Rps24	0.030178681270217	0.1212760214582138	False	False	3	3	0.168212739641311	0.2175090252707581	0.1870120652945351	0.2753886010362694	0.1983914209115281	0.338785046728972	0.0757273513642154
Rrbp1	0.0942861032949078	0.0575548837049506	False	False	2	2	0.1774530271398747	0.2309066547565877	0.1819645732689211	0.2084623323013416	0.2717391304347826	0.2884615384615384	0.0759204934999292
Kcnmb4	0.0602576089129277	0.094827232351758	False	False	5	5	0.6673688502310411	0.6673678895994615	0.7485119047619048	0.7776769509981851	0.7276264591439688	0.7621951219512195	0.0775424206323429
Atp6v1f	0.0601114392553675	0.0955867264424264	False	False	2	2	0.0013691128148959	0.0022050716648291	0.0087879290333278	0.0175454142667257	0.0614805520702634	0.0977917981072555	0.0778490828488969
Fbxo34	0.0461697722567286	0.1140434192672998	False	False	3	3	0.9347826086956522	0.8768656716417911	0.9542372881355932	0.9347426470588236	0.9809523809523808	0.990909090909091	0.0801065957620142
Rcbtb2	0.1298611111111111	0.0306811458007031	False	False	4	4	0.8090277777777778	0.8545647558386411	0.7899090157154672	0.8501430615164521	0.9388888888888888	0.8852459016393442	0.0802711284559071
Ndufa6	0.0357427937915742	0.1331357617136211	False	False	2	2	0.0618181818181818	0.7848970251716247	0.0290697674418604	0.8301474604041508	0.0975609756097561	0.918032786885246	0.0844392777525977
Ubxn11	0.0334423984819218	0.1357112492600211	False	False	2	3	0.9539717891610988	0.8605414273995078	0.975100942126514	0.9476058292852186	0.9874141876430206	0.9962526766595288	0.0845768238709714
Fam220a	0.031080909322003	0.1393697896125444	False	False	3	2	0.927860696517413	0.841726618705036	0.9730004060089322	0.949337671392052	0.958941605839416	0.9810964083175804	0.0852253494672737
4930469K13Rik	-0.0597484276729559	0.2310277872958376	True	False	2	2	0.0597484276729559	0.0915528578654527	0.0168067226890756	0.5203094777562862	0.0	0.3225806451612903	0.0856396798114408
Topors	0.0245165745856353	0.1485571230420515	False	False	2	3	0.9754834254143646	0.5972055888223553	0.9962756052141528	0.6162131519274376	1.0	0.7457627118644068	0.0865368488138434
Galnt2l	0.0844723924928573	0.0894138408984278	False	False	51	48	0.4594708251727578	0.4335589711149301	0.4967714609556761	0.4819302943744782	0.5439432176656152	0.522972812013358	0.0869431166956425
Grk4	-0.0334202248860709	0.2098733817043676	False	False	5	4	0.4072066326530612	0.4992175273865414	0.3337236533957845	0.4485094850948509	0.3737864077669903	0.7090909090909091	0.0882265784091483
Hsp90b1	0.054126788103324	0.1233823150296469	False	False	6	6	0.7149789029535865	0.6099510183036865	0.7025341130604288	0.5497308934337999	0.7691056910569105	0.7333333333333334	0.0887545515664854
Adgb	0.1280286738351254	0.0529071369523284	False	False	2	2	0.0977777777777777	0.0523560209424083	0.6175213675213675	0.6337719298245614	0.2258064516129032	0.1052631578947368	0.0904679053937269
Edc3	0.1015235587322486	0.0863299663299663	False	False	3	3	0.5597667638483965	0.5336700336700336	0.6029411764705882	0.5579345088161209	0.6612903225806451	0.62	0.0939267625311074
Errfi1	0.1854288499025341	0.0065596542676338	False	False	3	3	0.2685185185185185	0.4838709677419355	0.4015151515151515	0.4319727891156462	0.4539473684210526	0.4904306220095694	0.095994252085084
Sclt1	0.1077741971141172	0.0843834242367249	False	False	2	3	0.8706624605678234	0.8899755501222494	0.9526662672258838	0.9430920012646222	0.9784366576819408	0.9743589743589745	0.0960788106754211
Usp16	0.1112113402061856	0.0841584158415841	False	False	3	2	0.8762886597938144	0.915841584158416	0.9435483870967742	0.9729119638826184	0.9875	1.0	0.0976848780238848
Sumo3	0.0945945945945946	0.101531862745098	False	False	2	2	0.0	0.0078431372549019	0.042079207920792	0.0310173697270471	0.0945945945945946	0.109375	0.0980632286698463
Csnk2a2	0.1306940672508889	0.0698150533676849	False	False	3	3	0.7593582887700535	0.7203947368421053	0.7664054848188051	0.7375867592098239	0.8900523560209425	0.7902097902097902	0.1002545603092869
Rhoa	0.0348094831442397	0.1692847503373819	False	False	2	2	0.0128095644748078	0.0061538461538461	0.0126582278481012	0.0463576158940397	0.0476190476190476	0.175438596491228	0.1020471167408108
Cox6c	0.0941496357778602	0.1114393679148059	False	False	2	2	0.2698671006238134	0.2885606320851941	0.3035522066738428	0.3313023610053313	0.3640167364016736	0.4	0.102794501846333
Rbm4b	0.0700262683394983	0.140620159069588	False	False	3	4	0.5038797284190106	0.5856374807987711	0.56765899864682	0.6986917658201622	0.573905996758509	0.7262576398683591	0.1053232137045431
Sec61a1	0.1109154929577465	0.1082677165354331	False	False	2	2	0.8890845070422535	0.8917322834645669	0.9704918032786886	0.9769392033542976	1.0	1.0	0.1095916047465898
Lrrc9	0.095694799658994	0.124713682941531	False	False	5	5	0.5905797101449275	0.5904761904761905	0.6972222222222222	0.7155172413793104	0.6862745098039216	0.7151898734177216	0.1102042413002625
Mtdh	0.1291254779820928	0.0916472772437587	False	False	6	10	0.1857947163274144	0.2040152301834545	0.5437913390740047	0.442589296644725	0.3149201943095073	0.2956625074272133	0.1103863776129258
Trmt10a	0.1005410727921947	0.1207231286239138	False	False	5	5	0.1785537547940121	0.2559288537549407	0.2418777943368107	0.3416608836456165	0.2790948275862069	0.3766519823788546	0.1106321007080543
Med29	0.1263157894736842	0.1038638780574264	False	False	2	3	0.0	0.0115207373271889	0.0133912414042707	0.0149089767733835	0.1263157894736842	0.1153846153846153	0.1150898337655553
Cdkn2aip	0.0784093985646505	0.1552431658260165	False	False	2	2	0.859358841778697	0.8125786163522013	0.9255172413793104	0.9256006628003314	0.9377682403433476	0.9678217821782178	0.1168262821953335
Clint1	0.1192522652214412	0.1188448936268402	False	False	3	4	0.3724489795918367	0.5349462365591398	0.4865831842576029	0.6532528504359489	0.491701244813278	0.65379113018598	0.1190485794241407
Nectin3	0.1255131222344337	0.1184290870817108	False	False	4	4	0.0307710307710307	0.0600369896144543	0.0640086791429346	0.0919871794871794	0.1562841530054644	0.1784660766961652	0.1219711046580722
Borcs8	0.1071858449687048	0.1414141414141414	False	False	5	5	0.1374378109452736	0.1363636363636363	0.1734022556390977	0.1410373066424022	0.2446236559139785	0.2777777777777778	0.1242999931914231
Ccdc30	0.128007039021064	0.1242149563857007	False	False	5	4	0.5682258376912648	0.6018354637823664	0.5409957889521922	0.5561817136285221	0.6962328767123288	0.7260504201680672	0.1261109977033824
Dnm2	0.1511141559097137	0.1057230922626323	False	False	2	2	0.1039878849066128	0.0908581043185642	0.1225184344866704	0.1236680658701969	0.2551020408163265	0.1965811965811965	0.128418624086173
Dnttip1	0.0872948937805141	0.1734754733860146	False	False	2	2	0.6380572188955422	0.4844192634560906	0.5732184808144087	0.5072833211944647	0.7253521126760564	0.6578947368421053	0.1303851835832644
Tm9sf4	0.1741390513320337	0.0900656044985941	False	False	3	3	0.7469135802469136	0.8917525773195877	0.966824644549763	0.9823091247672252	0.9210526315789472	0.9818181818181818	0.1321023279153139
Coil	0.0491884135951933	0.2150294032584594	False	False	2	3	0.9338624338624338	0.6762749445676275	0.935483870967742	0.7972350230414746	0.9830508474576272	0.8913043478260869	0.1321089084268263
Rnaseh2a	0.1045201541695272	0.163623960821866	False	False	2	2	0.8832004904966279	0.8294476327116213	0.989654153118534	0.9882154882154882	0.9877206446661552	0.9930715935334872	0.1340720574956966
Herc4	0.1255802974270202	0.1452991452991453	False	False	2	2	0.8603351955307262	0.8547008547008547	0.9023136246786632	0.88	0.9859154929577464	1.0	0.1354397213630828
Slc9b1	0.1486356797202228	0.1279091163646545	False	False	3	3	0.4275547964702533	0.4361934477379095	0.4821852731591449	0.4512035583464155	0.5761904761904761	0.5641025641025641	0.1382723980424386
1700017B05Rik	0.0945925778529499	0.1966966966966966	False	False	2	2	0.8922495274102079	0.8033033033033034	0.9638989169675092	0.9702517162471396	0.986842105263158	1.0	0.1456446372748233
Rnf19b	0.1211428571428571	0.1763647645449148	False	False	2	2	0.0217142857142857	0.033373063170441	0.0386819484240687	0.04973474801061	0.1428571428571428	0.2097378277153558	0.1487538108438859
Kank3	0.1569481390804868	0.1486484968318878	False	False	3	3	0.219626168224299	0.1354424122590212	0.3652321630804077	0.2658602150537634	0.3765743073047859	0.2840909090909091	0.1527983179561873
Trim39	0.0984879032258064	0.2085566273669167	False	False	2	2	0.853125	0.7636655948553055	0.8913043478260869	0.9005328596802842	0.9516129032258064	0.9722222222222222	0.1535222652963616
R3hdm1	0.1014623850444745	0.2088419606833205	False	False	2	4	0.8686868686868687	0.7790368271954674	0.9414893617021276	0.8786279683377308	0.9701492537313432	0.987878787878788	0.1551521728638975
Macrod1	0.0801043219076005	0.2448979591836734	False	False	2	3	0.1926229508196721	0.2551020408163265	0.1581632653061224	0.306282722513089	0.2727272727272727	0.5	0.162501140545637
Hnrnph3	0.1659506091376761	0.1634696387245455	False	False	4	4	0.7192345760475091	0.6862571372317385	0.8420560747663551	0.8442982456140351	0.8851851851851852	0.8497267759562841	0.1647101239311108
Entpd1	0.1935215065981848	0.1405996525746613	False	False	4	4	0.459539717891611	0.5314337403889642	0.4537100849988513	0.5910620646474133	0.6530612244897959	0.6720333929636255	0.1670605795864231
Sub1	0.1997319233389614	0.1372450571480828	False	False	4	2	0.6804333659172369	0.8065751675710182	0.868421052631579	0.8867280791538724	0.8801652892561983	0.9438202247191012	0.1684884902435221
Mtres1	0.2968704723268617	0.0401559028879719	False	False	2	2	0.4789915966386555	0.813858695652174	0.5123674911660777	0.7643312101910829	0.7758620689655172	0.8540145985401459	0.1685131876074168
Mtor	0.1788235294117647	0.1603174603174604	False	False	2	2	0.807843137254902	0.7968253968253968	0.7245508982035929	0.6814814814814815	0.9866666666666668	0.9571428571428572	0.1695704948646125
Smap1	0.1464475668810033	0.1936224489795918	False	False	4	5	0.5215686274509803	0.5625	0.6691176470588234	0.7552281368821293	0.6680161943319837	0.7561224489795918	0.1700350079302975
4933434E20Rik	0.1515962119745677	0.192152044337551	False	False	3	3	0.5900355871886122	0.5530534351145038	0.8984932593180016	0.8776216216216216	0.7416317991631799	0.7452054794520548	0.1718741281560594
Chmp3	0.1336580086580087	0.2102881638485353	False	False	3	4	0.5568181818181818	0.4948400412796697	0.6280120481927711	0.5389507154213037	0.6904761904761905	0.7051282051282051	0.171973086253272
Csnk1d	0.14355999423264	0.2074458722055975	False	False	4	4	0.5701966195239738	0.5690312738367659	0.5904688105385509	0.6064162754303599	0.7137566137566138	0.7764771460423634	0.1755029332191187
Gm20716	0.2073045058025715	0.1442265795206972	False	False	6	6	0.2434417628541448	0.3150326797385621	0.283084004602992	0.3147945205479452	0.4507462686567164	0.4592592592592593	0.1757655426616344
Spop	0.2160110601001669	0.1363000524567232	False	False	2	2	0.018363939899833	0.021594684385382	0.0184049079754601	0.0429447852760736	0.234375	0.1578947368421052	0.176155556278445
Styxl1	0.1703744320852263	0.1940108038457726	False	False	3	2	0.7783435166327224	0.797514619883041	0.9155629139072848	0.9209775967413442	0.9487179487179488	0.9915254237288136	0.1821926179654994
Ankrd53	0.1592712312665295	0.2253212755830557	False	False	2	2	0.7804878048780488	0.6909090909090909	0.7669322709163346	0.7743933918430562	0.9397590361445785	0.9162303664921466	0.1922962534247926
Fam126a	0.2732661744917627	0.1129907953401409	False	False	2	3	0.6944757609921083	0.3502444987775061	0.9307116104868914	0.4708454810495627	0.967741935483871	0.4632352941176471	0.1931284849159518
Emc3	0.1445614502799253	0.26690912909215	False	False	2	2	0.4670087976539589	0.5123116501286292	0.8469539375928677	0.8842105263157894	0.6115702479338843	0.7792207792207793	0.2057352896860377
Gskip	0.2321704504932842	0.181705439616832	False	False	2	3	0.5391061452513967	0.7642405063291139	0.3937823834196891	0.734375	0.7712765957446809	0.945945945945946	0.2069379450550581
Eva1c	0.2000338958429169	0.2168617148316216	False	False	3	3	0.5194174757281553	0.5189873417721519	0.6407407407407407	0.6735905044510386	0.7194513715710723	0.7358490566037735	0.2084478053372693
Nme8	0.2492637434554974	0.1694115652984548	False	False	2	2	0.609375	0.7866323907455013	0.6548672566371682	0.7935560859188544	0.8586387434554974	0.956043956043956	0.2093376543769761
Tmem116	0.170152625152625	0.2489242409700227	False	False	6	7	0.5473076923076924	0.4853752759381898	0.6178498985801217	0.5828059071729957	0.7174603174603175	0.7342995169082126	0.2095384330613239
Cep89	0.2201322086334413	0.20056447858473	False	False	3	3	0.6630794701986755	0.7108938547486033	0.7703232125367288	0.7851681957186545	0.8832116788321168	0.9114583333333334	0.2103483436090856
Txndc12	0.0163512702540508	0.4176251501050735	False	False	3	3	0.2436487297459492	0.2854998498949264	0.2470293933708567	0.2870045158053186	0.26	0.703125	0.2169882101795621
Baiap2	0.2420348468310755	0.2314809650756822	False	False	3	3	0.5147957542618206	0.5117622781675609	0.6537949400798935	0.6141443752290217	0.7568306010928961	0.7432432432432432	0.2367579059533789
Ciz1	0.2153040654242898	0.2599332787310973	False	False	2	2	0.4914628518689432	0.5011286681715575	0.4022222222222222	0.4306960142772159	0.706766917293233	0.7610619469026548	0.2376186720776935
Espl1	0.2450848064978499	0.2352444060309227	False	False	2	4	0.7396978021978022	0.4741573033707865	0.9026258205689278	0.6002751977984175	0.9847826086956522	0.7094017094017093	0.2401646062643863
Spesp1	0.2460373770251984	0.2756120053655265	False	False	3	3	0.0323410013531799	0.0368879946344735	0.0516024698618053	0.0486951588502269	0.2783783783783783	0.3125	0.2608246911953624
Adam1a	0.158700888152943	0.3663469980414668	False	False	2	2	0.8241758241758241	0.6268656716417911	0.8756756756756757	0.9113994439295644	0.9828767123287672	0.993212669683258	0.2625239430972049
Dus3l	0.0952620051836761	0.4350788350274607	False	False	2	2	0.8864229765013055	0.5518207282913166	0.9915874177029992	0.9900464499004644	0.9816849816849816	0.9868995633187772	0.2651704201055684
Psmc3	0.2438902221486631	0.2881896146346115	False	False	4	5	0.2721125730994151	0.4406463642013673	0.2463342181772216	0.4255948089401586	0.5160027952480783	0.7288359788359788	0.2660399183916373
Ccdc116	0.2879765395894428	0.2591397849462366	False	False	2	2	0.5483870967741935	0.5860215053763441	0.5836779707747449	0.5849533744270586	0.8363636363636363	0.8451612903225807	0.2735581622678397
Pcbp2	0.2687651331719128	0.2908037908037908	False	False	2	2	0.7142857142857143	0.5064935064935064	0.8478260869565217	0.624	0.9830508474576272	0.7972972972972973	0.2797844619878518
Lgals1	0.2463409606266748	0.3132754342431761	False	False	2	2	0.56998556998557	0.5576923076923077	0.8571428571428571	0.9146825396825397	0.8163265306122449	0.8709677419354839	0.2798081974349255
Reep2	0.2802135133902094	0.2801207574787302	False	False	2	2	0.0241343126967471	0.0139968895800933	0.2259887005649717	0.2049963262307127	0.3043478260869565	0.2941176470588235	0.2801671354344698
Larp1b	0.3301565362136294	0.2484276729559748	False	False	5	3	0.256908140403286	0.2515723270440251	0.2670345489443378	0.386986301369863	0.5870646766169154	0.5	0.2892921045848021
Cct4	0.3451569228761582	0.2603689180335518	False	False	3	3	0.4072164948453608	0.4498138495904691	0.4593373493975903	0.477599907865945	0.752373417721519	0.7101827676240209	0.302762920454855
Ica1l	0.3103316494446312	0.3314330759480874	False	False	4	4	0.4783845278725824	0.4591750841750842	0.7446369636963696	0.7353615839671617	0.7887161773172137	0.7906081601231716	0.3208823626963593
Fbxl13	0.6585221331474381	-0.0085891812865497	False	False	3	4	0.1046357615894039	0.6578947368421053	0.6582417582417582	0.6324237560192616	0.7631578947368421	0.6493055555555556	0.3249664759304442
Vwa3b	0.3275346083492981	0.3386497274561141	False	False	3	3	0.5849514563106796	0.5478260869565217	0.8172353961827646	0.8064428064428064	0.9124860646599776	0.8864758144126358	0.3330921679027061
Spata31d1a	0.28451033985931	0.3843149038461538	False	False	4	3	0.4004629629629629	0.0961538461538461	0.7139107611548556	0.3936651583710407	0.684973302822273	0.48046875	0.3344126218527319
Eif2ak2	0.2814412238325282	0.3901402080506557	False	False	3	2	0.4287037037037037	0.4825870646766169	0.5316742081447964	0.4630541871921182	0.7101449275362319	0.8727272727272727	0.335790715941592
Lipe	0.2175806451612904	0.4602923976608187	False	False	2	2	0.48	0.4844444444444444	0.6049382716049383	0.6944971537001897	0.6975806451612904	0.9447368421052632	0.3389365214110545
Letm2	0.3259252676686044	0.3621477844798729	False	False	2	2	0.3081909251620506	0.4147446457990115	0.4035796766743649	0.5403032721468476	0.6341161928306551	0.7768924302788844	0.3440365260742387
Anapc2	0.296569541198473	0.410509461426492	False	False	3	3	0.2084233261339093	0.1233333333333333	0.4879210220673635	0.4852748691099476	0.5049928673323824	0.5338427947598253	0.3535395013124825
Zfp652	0.3617021276595744	0.3478260869565217	False	False	2	2	0.6382978723404256	0.6521739130434783	0.995049504950495	0.987603305785124	1.0	1.0	0.3547641073080481
Atl1	0.3908803222094361	0.3614379084967321	False	False	3	4	0.4113924050632911	0.2830065359477123	0.4603174603174603	0.3205128205128205	0.8022727272727272	0.6444444444444445	0.3761591153530841
Mdc1	0.2616605958718595	0.5116235888294712	False	False	3	4	0.6879518072289157	0.4536541889483065	0.991944548520045	0.9862035496394896	0.9496124031007752	0.9652777777777778	0.3866420923506654
Rtf2	0.4461001417596544	0.3293157640058527	False	False	2	4	0.4443266171792153	0.5492468134414832	0.9315522345974904	0.943549321896372	0.8904267589388697	0.8785625774473359	0.3877079528827535
Cep170	0.3892032500103635	0.3966156478752733	False	False	2	2	0.5984848484848485	0.5970149253731343	0.8297546012269938	0.8976207642393655	0.987688098495212	0.9936305732484076	0.3929094489428184
Cdk1	0.4354324494949495	0.4429355393854569	False	False	3	3	0.0140625	0.0093545369504209	0.5949781659388647	0.5062370062370062	0.4494949494949495	0.4522900763358778	0.4391839944402032
Qrich1	0.4023624597699565	0.484471364999797	False	False	2	2	0.0412465627864344	0.0407811602527283	0.5981772990886496	0.545771144278607	0.4436090225563909	0.5252525252525253	0.4434169123848767
Nupl1	0.4282686198329978	0.4721412350743535	False	False	4	4	0.4568280809633615	0.481283422459893	0.6231117824773413	0.6502167814333079	0.8850967007963594	0.9534246575342464	0.4502049274536757
Gm28374	0.5451000931098697	0.3709200136805008	False	False	2	2	0.0069832402234636	0.0027063599458728	0.217032967032967	0.1744022503516174	0.5520833333333334	0.3736263736263736	0.4580100533951853
Ccdc38	0.5097310893573122	0.4124950594387522	False	False	2	2	0.0029709891646277	0.002827521206409	0.0387426900584795	0.0239792611795204	0.5127020785219399	0.4153225806451613	0.4611130743980322
Ckap2l	0.4727909979708541	0.458648336302788	False	False	3	3	0.3605423353624792	0.3966148215919488	0.6113251155624037	0.6446859903381642	0.8333333333333334	0.8552631578947368	0.4657196671368211
Sys1	0.6297320908561445	0.3163289075238761	False	False	2	2	0.1029411764705882	0.0987654320987654	0.4	0.3368055555555556	0.7326732673267327	0.4150943396226415	0.4730304991900103
Nxf1	0.5414097266369993	0.4848192081298194	False	False	2	2	0.3768595041322314	0.4076539101497504	0.1781818181818182	0.2259488084730803	0.9182692307692308	0.8924731182795699	0.5131144673834094
Slc22a14	0.453174318507891	0.6058971327224358	False	False	3	3	0.5350609756097561	0.3793969849246231	0.9951651893634166	0.9915285115685916	0.9882352941176472	0.9852941176470588	0.5295357256151634
Rexo1	0.7415041467349769	0.3238936428591601	False	False	2	3	0.2507288629737609	0.1742424242424242	0.7168758716875872	0.4222972972972973	0.9922330097087378	0.4981360671015843	0.5326988947970686
Senp2	0.5347253624152148	0.5667631674178373	False	False	3	3	0.0611650485436893	0.0881040892193308	0.1255020080321285	0.1271853146853147	0.5958904109589042	0.6548672566371682	0.5507442649165261
Pfn4	0.538593852721067	0.5674760555009487	False	False	2	2	0.0098522167487684	0.009020618556701	0.0237757274662881	0.0385971786833855	0.5484460694698354	0.5764966740576497	0.5530349541110078
Rcc1	0.5405760649165863	0.5672429512091959	False	False	4	4	0.3921475123191861	0.3960775121112674	0.6980440097799511	0.744745659457813	0.9327235772357724	0.9633204633204632	0.5539095080628911
Epor	0.6474358974358974	0.5135869565217392	False	False	2	2	0.3525641025641026	0.4553571428571428	0.9053117782909932	0.8737864077669902	1.0	0.968944099378882	0.5805114269788183
Ufsp2	0.5924180766759477	0.6355921548906212	False	False	3	3	0.3423645320197044	0.3231707317073171	0.6915887850467289	0.6759259259259259	0.9347826086956522	0.9587628865979382	0.6140051157832844
Spryd7	0.6765083955973328	0.6088628762541807	False	False	2	2	0.0086767895878524	0.0065217391304347	0.1655844155844155	0.1381322957198443	0.6851851851851852	0.6153846153846154	0.6426856359257567
Glrx5	0.6492970260805937	0.7175165658311726	False	False	2	2	0.0110803324099723	0.0128205128205128	0.3933333333333333	0.3623595505617977	0.660377358490566	0.7303370786516854	0.6834067959558832
Trim17	0.7061516226316791	0.669237031196918	False	False	2	2	0.2554179566563467	0.3126293995859213	0.92512077294686	0.9568733153638814	0.961569579288026	0.9818664307828394	0.6876943269142985
Tdrkh	0.6139963448065794	0.767737870195337	False	False	3	4	0.1173469387755102	0.0989287964713295	0.2577319587628865	0.1969696969696969	0.7313432835820896	0.8666666666666666	0.6908671075009583
Grip1	0.6751644231360256	0.7076703256826635	False	False	7	6	0.0922459893048128	0.0883561643835616	0.6299625468164795	0.6712391930835734	0.7674104124408385	0.7960264900662252	0.6914173744093446
AU022252	0.794714625042416	0.5976248346625045	False	False	2	4	0.1401425178147268	0.380764163372859	0.4755784061696658	0.726063829787234	0.9348571428571428	0.9783889980353636	0.6961697298524603
Snx17	0.6850480248917749	0.7450549450549451	False	False	2	2	0.2251082251082251	0.189010989010989	0.6369230769230769	0.6078431372549019	0.91015625	0.934065934065934	0.71505148497336
Gpc1	0.7194469223907226	0.744	False	False	2	2	0.2542372881355932	0.256	0.9585798816568049	0.9556851311953352	0.9736842105263158	1.0	0.7317234611953614
Mesp1	0.7711436586945851	0.7415188874503875	False	False	2	2	0.1684198555751407	0.2327190673185408	0.4733595064498037	0.5392886683209264	0.9395635142697258	0.9742379547689284	0.7563312730724863
Sharpin	0.784996534996535	0.7362229102167184	False	False	2	2	0.1474358974358974	0.1578947368421052	0.25	0.1519607843137254	0.9324324324324323	0.8941176470588236	0.7606097226066266
Twnk	0.7547785547785548	0.9054054054054054	False	False	2	2	0.2179487179487179	0.0945945945945946	0.918918918918919	0.8703703703703703	0.9727272727272728	1.0	0.8300919800919802
Noxred1	0.8502922198574372	0.9145124716553288	False	False	2	2	0.1313131313131313	0.0775510204081632	0.6967741935483871	0.7147239263803681	0.9816053511705686	0.992063492063492	0.882402345756383
Leng8	0.9277830277830278	0.8983188568226393	False	False	2	2	0.023076923076923	0.0534883720930232	0.6705882352941176	0.6956521739130435	0.9508599508599508	0.9518072289156626	0.9130509423028336
Aph1b	0.8876728110599078	0.9418414154652688	False	False	2	2	0.0230414746543778	0.0045871559633027	0.1891891891891892	0.1957446808510638	0.9107142857142856	0.9464285714285714	0.9147571132625882
Map3k11	0.9207920792079208	0.9103059947673756	False	False	2	2	0.0792079207920792	0.0762711864406779	0.3725490196078431	0.5826086956521739	1.0	0.9865771812080536	0.9155490369876482
Prpf6	0.8827048768225239	0.9576424553680606	False	False	2	2	0.0846153846153846	0.0068965517241379	0.1823204419889502	0.2140845070422535	0.9673202614379084	0.9645390070921984	0.9201736660952922
Afg3l2	0.9180235535074244	0.936199463434818	False	False	2	2	0.0174603174603174	0.0278293135435992	0.7230769230769231	0.7099737532808399	0.935483870967742	0.9640287769784172	0.9271115084711212
Setd2	0.9292929292929292	0.9692307692307692	False	False	2	2	0.0606060606060606	0.0307692307692307	0.7818181818181819	0.8909090909090909	0.98989898989899	1.0	0.9492618492618492
Krit1	0.9529411764705882	0.954954954954955	False	False	2	2	0.0470588235294117	0.045045045045045	0.9703264094955488	0.9438596491228072	1.0	1.0	0.9539480657127716
